{
"type": "FeatureCollection",
"name": "geo_0_町丁目境界05",
"crs": { "type": "name", "properties": { "name": "urn:ogc:def:crs:EPSG::4612" } },
"features": [
{ "type": "Feature", "properties": { "CITY_NAME": "御坊市", "S_NAME": "薗", "JINKO": 2926, "medical_area": "30_御坊医療圏", "町丁目名": "御坊市薗" }, "geometry": { "type": "Polygon", "coordinates": [ [ [ 135.152108682513273, 33.896932196324087 ], [ 135.15243799926651, 33.896035966929368 ], [ 135.155918664903595, 33.896844418344678 ], [ 135.156416708756126, 33.895414438535667 ], [ 135.156608608911768, 33.895458016152865 ], [ 135.156693553032966, 33.893549482475244 ], [ 135.156932910327697, 33.892775332792077 ], [ 135.157367035194227, 33.892742242007152 ], [ 135.157269417097012, 33.892428151741747 ], [ 135.15746976666162, 33.891799940473135 ], [ 135.157948193290366, 33.891744610806079 ], [ 135.158226579157457, 33.890280244702026 ], [ 135.156444006798267, 33.889885352187029 ], [ 135.155939802238493, 33.890012345724472 ], [ 135.155878999016437, 33.889314465511752 ], [ 135.15612722924223, 33.888754505737396 ], [ 135.156066342222914, 33.888478259357932 ], [ 135.155872897060704, 33.88845594279492 ], [ 135.156057734617718, 33.888124608167701 ], [ 135.155872801466558, 33.888069808838594 ], [ 135.156010167652454, 33.887773367104749 ], [ 135.155868248975025, 33.8875698187937 ], [ 135.155902501639588, 33.887143349282105 ], [ 135.156153317049672, 33.887162817540791 ], [ 135.156178420401773, 33.886885328449637 ], [ 135.156412886156261, 33.886806496575318 ], [ 135.156301739358781, 33.886289856731096 ], [ 135.156651862632401, 33.886146732506909 ], [ 135.157546031713878, 33.886229910177477 ], [ 135.158026145456489, 33.886439290401547 ], [ 135.157925389903511, 33.886611735456022 ], [ 135.15863103295851, 33.8869909990065 ], [ 135.15864787960291, 33.88679699101953 ], [ 135.159028865246739, 33.887263488915728 ], [ 135.159185802800124, 33.887313725320858 ], [ 135.15947789023167, 33.887025097037906 ], [ 135.159847257546716, 33.887401918773982 ], [ 135.161258932513192, 33.887692863063222 ], [ 135.161313251419045, 33.887501081114287 ], [ 135.162196186633963, 33.887552732680035 ], [ 135.164333136869402, 33.886903310545847 ], [ 135.163562628345119, 33.885956056456045 ], [ 135.161755928041572, 33.883006841656716 ], [ 135.159322537862494, 33.88405428431583 ], [ 135.157452771782431, 33.883764692266247 ], [ 135.157370623659062, 33.883908807827773 ], [ 135.155613713669709, 33.883428230825722 ], [ 135.155517566883987, 33.883647334094469 ], [ 135.155204784764436, 33.883583627588067 ], [ 135.155149825942118, 33.883323480198875 ], [ 135.153977991837991, 33.884573435554508 ], [ 135.152778534810977, 33.883367486420603 ], [ 135.152168197528169, 33.884635090577483 ], [ 135.152228923650654, 33.885843214746188 ], [ 135.151599409477086, 33.887194219431649 ], [ 135.151441125908292, 33.888470873079491 ], [ 135.150579741655719, 33.889214150955347 ], [ 135.150791993412611, 33.889272793308763 ], [ 135.150785663184422, 33.889580300609232 ], [ 135.150322084633615, 33.890613548905286 ], [ 135.149896645983091, 33.892426316226185 ], [ 135.149018602389447, 33.89493341160842 ], [ 135.149060825492114, 33.89532632114495 ], [ 135.148926867759172, 33.895274819657303 ], [ 135.148724349568141, 33.895748589737174 ], [ 135.148024927505588, 33.895523703757966 ], [ 135.147900733067729, 33.895815862205886 ], [ 135.148836492453, 33.896143109580308 ], [ 135.149473680130455, 33.896119903539315 ], [ 135.150380617120447, 33.896569500511312 ], [ 135.152108682513273, 33.896932196324087 ] ], [ [ 135.154118676577724, 33.888655214618808 ], [ 135.154115520850581, 33.888134385572648 ], [ 135.155330040080145, 33.888012978015084 ], [ 135.15552144541536, 33.888225741277637 ], [ 135.155409458881252, 33.888646606443942 ], [ 135.155041331413884, 33.888626612694225 ], [ 135.155085779357933, 33.888374895768855 ], [ 135.154942163903087, 33.888361372593309 ], [ 135.154746656370492, 33.88874672724004 ], [ 135.154118676577724, 33.888655214618808 ] ] ] } },
{ "type": "Feature", "properties": { "CITY_NAME": "御坊市", "S_NAME": "島", "JINKO": 2996, "medical_area": "30_御坊医療圏", "町丁目名": "御坊市島" }, "geometry": { "type": "Polygon", "coordinates": [ [ [ 135.160615430584812, 33.898125670988065 ], [ 135.162903188966652, 33.897952338987736 ], [ 135.16356364347925, 33.899010990945072 ], [ 135.164231426094716, 33.899092866154461 ], [ 135.16568728705775, 33.898820995977879 ], [ 135.166300212388393, 33.898828389952577 ], [ 135.166418014915706, 33.89897104758608 ], [ 135.166689875672034, 33.898845256003014 ], [ 135.168714127235631, 33.898799637775497 ], [ 135.169420140309114, 33.898658317115547 ], [ 135.169326072642889, 33.898393119886599 ], [ 135.169650955776632, 33.898417852003817 ], [ 135.170260715648055, 33.898079499383591 ], [ 135.173346154204211, 33.897462096772728 ], [ 135.172425137455463, 33.895749498665118 ], [ 135.170729371272046, 33.893422253215469 ], [ 135.164333136869402, 33.886903310545847 ], [ 135.162196186633963, 33.887552732680035 ], [ 135.161313251419045, 33.887501081114287 ], [ 135.161258932513192, 33.887692863063222 ], [ 135.159847257546716, 33.887401918773982 ], [ 135.15947789023167, 33.887025097037942 ], [ 135.159185802800124, 33.887313725320858 ], [ 135.159028865246739, 33.887263488915728 ], [ 135.159477379024395, 33.887872447824343 ], [ 135.159669541413621, 33.888518678821313 ], [ 135.159627868452958, 33.889300241865492 ], [ 135.159428722418397, 33.889817719524672 ], [ 135.15926115553259, 33.889791641363871 ], [ 135.159219147037959, 33.889967728061755 ], [ 135.159402124631782, 33.889998560340167 ], [ 135.159226028066485, 33.890326579160998 ], [ 135.159252098705025, 33.890683590165708 ], [ 135.159160033301333, 33.890770302925709 ], [ 135.158633635239738, 33.890446218500877 ], [ 135.158525119844768, 33.890223415306593 ], [ 135.158226595210664, 33.890280020294917 ], [ 135.157948193290366, 33.891744610806079 ], [ 135.15746976666162, 33.891799940473135 ], [ 135.157269417097012, 33.892428151741747 ], [ 135.157367035194227, 33.892742242007152 ], [ 135.156932910327697, 33.892775332792077 ], [ 135.156693553032966, 33.893549482475244 ], [ 135.156608608911768, 33.895458016152865 ], [ 135.156416708756126, 33.895414438535667 ], [ 135.156598328909467, 33.896177812409711 ], [ 135.156942419526615, 33.896713660634724 ], [ 135.157261088400645, 33.896776278217565 ], [ 135.15749583828952, 33.897213609207199 ], [ 135.15731865947069, 33.89818273722851 ], [ 135.158981033723819, 33.898799725100851 ], [ 135.158879294600638, 33.899234894639491 ], [ 135.158995514686922, 33.899296264048942 ], [ 135.160443515403017, 33.899613818256697 ], [ 135.160311679150794, 33.899170997219727 ], [ 135.160910829646667, 33.898971661367618 ], [ 135.160615430584812, 33.898125670988065 ] ] ] } },
{ "type": "Feature", "properties": { "CITY_NAME": "御坊市", "S_NAME": "御坊", "JINKO": 0, "medical_area": "30_御坊医療圏", "町丁目名": "御坊市御坊" }, "geometry": { "type": "Polygon", "coordinates": [ [ [ 135.154746656370492, 33.88874672724004 ], [ 135.154942163903087, 33.888361372593309 ], [ 135.155085779357933, 33.888374895768855 ], [ 135.155041331413884, 33.888626612694225 ], [ 135.155409458881252, 33.888646606443942 ], [ 135.15552144541536, 33.888225741277637 ], [ 135.155330040080145, 33.888012978015084 ], [ 135.154115520850581, 33.888134385572648 ], [ 135.154118676577724, 33.888655214618808 ], [ 135.154746656370492, 33.88874672724004 ] ] ] } },
{ "type": "Feature", "properties": { "CITY_NAME": "御坊市", "S_NAME": "御坊", "JINKO": 501, "medical_area": "30_御坊医療圏", "町丁目名": "御坊市御坊" }, "geometry": { "type": "Polygon", "coordinates": [ [ [ 135.159160033301333, 33.890770302925709 ], [ 135.159402124631782, 33.889998560340167 ], [ 135.159219147037959, 33.889967728061755 ], [ 135.15926115553259, 33.889791641363871 ], [ 135.159428722418397, 33.889817719524672 ], [ 135.159627868452958, 33.889300241865492 ], [ 135.159669541413621, 33.888518678821313 ], [ 135.159382175760413, 33.887736136803383 ], [ 135.15864787960291, 33.88679699101953 ], [ 135.15863103295851, 33.8869909990065 ], [ 135.157925389903511, 33.886611735456022 ], [ 135.158026145456489, 33.886439290401547 ], [ 135.157264458453881, 33.886169098275381 ], [ 135.156301739358781, 33.886289856731096 ], [ 135.156412886156261, 33.886806496575318 ], [ 135.156178420401773, 33.886885328449637 ], [ 135.156153317049672, 33.887162817540791 ], [ 135.155902501639588, 33.887143349282105 ], [ 135.155868248975025, 33.8875698187937 ], [ 135.156010167652454, 33.887773367104749 ], [ 135.155872801466558, 33.888069808838594 ], [ 135.156057734617718, 33.888124608167701 ], [ 135.155872897060704, 33.88845594279492 ], [ 135.156066342222914, 33.888478259357932 ], [ 135.15612722924223, 33.888754505737396 ], [ 135.155878999016437, 33.889314465511752 ], [ 135.155939802238493, 33.890012345724472 ], [ 135.156444006798267, 33.889885352187029 ], [ 135.157852572724551, 33.890248799153078 ], [ 135.158525119844768, 33.890223415306593 ], [ 135.159160033301333, 33.890770302925709 ] ] ] } },
{ "type": "Feature", "properties": { "CITY_NAME": "御坊市", "S_NAME": "名屋", "JINKO": 84, "medical_area": "30_御坊医療圏", "町丁目名": "御坊市名屋" }, "geometry": { "type": "Polygon", "coordinates": [ [ [ 135.161090648430303, 33.881874903522011 ], [ 135.155110126985875, 33.877313111567943 ], [ 135.1544231496446, 33.876867036369063 ], [ 135.154188838634724, 33.878013420725644 ], [ 135.154299540868266, 33.880058962652122 ], [ 135.153949066620271, 33.881494168750777 ], [ 135.153524228283118, 33.881962612774124 ], [ 135.153851733996731, 33.882228718161173 ], [ 135.154299323848761, 33.881662241048076 ], [ 135.155996107797563, 33.881672611007168 ], [ 135.155916373240188, 33.881346647096592 ], [ 135.156991798966459, 33.880938998576042 ], [ 135.157040403038422, 33.88078789224631 ], [ 135.157512902961884, 33.880882974262434 ], [ 135.157750307235318, 33.88076936380164 ], [ 135.158242024544052, 33.881567955078701 ], [ 135.156724701713927, 33.882531575670711 ], [ 135.156157449218114, 33.882331876892422 ], [ 135.155149825942118, 33.883323480198875 ], [ 135.155204784764436, 33.883583627588067 ], [ 135.155517566883987, 33.883647334094469 ], [ 135.155613713669709, 33.883428230825722 ], [ 135.157370623659062, 33.883908807827773 ], [ 135.157452771782431, 33.883764692266247 ], [ 135.156413151498015, 33.883591769062917 ], [ 135.156543927237379, 33.882751650033789 ], [ 135.158399201304348, 33.881722159062797 ], [ 135.159560908671864, 33.883954904780076 ], [ 135.161755928041572, 33.883006841656716 ], [ 135.161090648430303, 33.881874903522011 ] ] ] } },
{ "type": "Feature", "properties": { "CITY_NAME": "御坊市", "S_NAME": "名屋町一丁目", "JINKO": 135, "medical_area": "30_御坊医療圏", "町丁目名": "御坊市名屋町一丁目" }, "geometry": { "type": "Polygon", "coordinates": [ [ [ 135.158417377801385, 33.881746090313705 ], [ 135.156543927237379, 33.882751650033789 ], [ 135.156413151498015, 33.883591769062917 ], [ 135.159322537862494, 33.88405428431583 ], [ 135.159560908671864, 33.883954904780076 ], [ 135.158417377801385, 33.881746090313705 ] ] ] } },
{ "type": "Feature", "properties": { "CITY_NAME": "御坊市", "S_NAME": "名屋町二丁目", "JINKO": 13, "medical_area": "30_御坊医療圏", "町丁目名": "御坊市名屋町二丁目" }, "geometry": { "type": "Polygon", "coordinates": [ [ [ 135.156157449218171, 33.88233187689243 ], [ 135.156724701713927, 33.882531575670711 ], [ 135.158242024544052, 33.881567955078701 ], [ 135.15775030723529, 33.88076936380164 ], [ 135.157512902961884, 33.880882974262434 ], [ 135.157040403038422, 33.880787892246325 ], [ 135.156991798966459, 33.880938998576028 ], [ 135.155916373240188, 33.881346647096592 ], [ 135.156157449218171, 33.88233187689243 ] ] ] } },
{ "type": "Feature", "properties": { "CITY_NAME": "御坊市", "S_NAME": "名屋町三丁目", "JINKO": 92, "medical_area": "30_御坊医療圏", "町丁目名": "御坊市名屋町三丁目" }, "geometry": { "type": "Polygon", "coordinates": [ [ [ 135.153977991837962, 33.884573435554493 ], [ 135.156157449218171, 33.88233187689243 ], [ 135.155996107797563, 33.881672611007168 ], [ 135.154299323848704, 33.881662241048105 ], [ 135.153851733996788, 33.882228718161173 ], [ 135.153524228283146, 33.88196261277411 ], [ 135.152952480589164, 33.882332418761521 ], [ 135.152778534811034, 33.883367486420617 ], [ 135.153977991837962, 33.884573435554493 ] ] ] } },
{ "type": "Feature", "properties": { "CITY_NAME": "御坊市", "S_NAME": "湯川町富安", "JINKO": 1772, "medical_area": "30_御坊医療圏", "町丁目名": "御坊市湯川町富安" }, "geometry": { "type": "Polygon", "coordinates": [ [ [ 135.175965814113056, 33.950156432933746 ], [ 135.175950532015378, 33.949671449716874 ], [ 135.176337758828623, 33.949007150628347 ], [ 135.176165323974345, 33.948393908464567 ], [ 135.176894443496423, 33.947321816155913 ], [ 135.17632281454317, 33.946104522376793 ], [ 135.175796318453678, 33.945538779983778 ], [ 135.175640620652615, 33.944232692526676 ], [ 135.174866674798182, 33.942563513383384 ], [ 135.175532247814118, 33.940680551048011 ], [ 135.175505656820235, 33.940071800040052 ], [ 135.175360906570319, 33.939833317775545 ], [ 135.174048668298042, 33.939156919139826 ], [ 135.173029416951067, 33.938333991954721 ], [ 135.171814988720087, 33.938199884841161 ], [ 135.17129532611375, 33.937582178949896 ], [ 135.171212059565136, 33.936790189793776 ], [ 135.17068836587265, 33.936458854523607 ], [ 135.170609263040092, 33.935917654500962 ], [ 135.167993966954526, 33.934028526081555 ], [ 135.169076037096346, 33.93276389818535 ], [ 135.169184183723985, 33.931858255627205 ], [ 135.168735983479309, 33.929128928827957 ], [ 135.168236198837548, 33.92815874386357 ], [ 135.167902173998726, 33.927863187616481 ], [ 135.167227305157354, 33.927965827355841 ], [ 135.167208161979772, 33.925656918750114 ], [ 135.166882989893708, 33.925616822107195 ], [ 135.166349049855086, 33.926026389496926 ], [ 135.165987074588003, 33.925843336014623 ], [ 135.166080676292182, 33.924794178527208 ], [ 135.166333319999154, 33.92424634161015 ], [ 135.166158485491707, 33.923987357775381 ], [ 135.166556023257755, 33.918990017424264 ], [ 135.166002935916993, 33.918218931132955 ], [ 135.165967212638975, 33.91617616447305 ], [ 135.166259456397341, 33.915637049485831 ], [ 135.166668212057118, 33.913358089323417 ], [ 135.167529397398283, 33.912936085888084 ], [ 135.167702317608246, 33.91210229753073 ], [ 135.166823219875937, 33.910838203690986 ], [ 135.166658945976366, 33.910051296444244 ], [ 135.163404881877256, 33.909119592896971 ], [ 135.163001930197225, 33.909905746376076 ], [ 135.161762755739943, 33.910253016888127 ], [ 135.161756564089103, 33.910488938946976 ], [ 135.161961653431263, 33.910665019499866 ], [ 135.161816875852566, 33.910800962733816 ], [ 135.155165439074096, 33.908594208744859 ], [ 135.156102705932938, 33.909739038026551 ], [ 135.156716211673853, 33.909952720582154 ], [ 135.157319785001107, 33.909930790962669 ], [ 135.15706047513288, 33.911078124167766 ], [ 135.156302203470119, 33.911040389250701 ], [ 135.156531633457575, 33.911867199601048 ], [ 135.156348872198919, 33.912196296075223 ], [ 135.155174942091065, 33.912560999844942 ], [ 135.15519191101157, 33.912776652253839 ], [ 135.155804578835387, 33.913008787759779 ], [ 135.155296953797773, 33.914969505822071 ], [ 135.154827163422851, 33.915463425790122 ], [ 135.153647680583845, 33.915144276854193 ], [ 135.153676872276662, 33.915019945252546 ], [ 135.152491640374905, 33.914804991991787 ], [ 135.152103558727362, 33.914604110955061 ], [ 135.152185018078598, 33.914440131414857 ], [ 135.151506573721804, 33.914221330943768 ], [ 135.150211236497853, 33.914385392144752 ], [ 135.149370637128897, 33.91406783583939 ], [ 135.148854904594572, 33.913654751999609 ], [ 135.148753336273813, 33.913843947718753 ], [ 135.14286583340413, 33.912453288534259 ], [ 135.142244788632695, 33.91427891507324 ], [ 135.14135117329198, 33.91401926195838 ], [ 135.140951634246107, 33.914416840747599 ], [ 135.140807092059589, 33.91490480412795 ], [ 135.142965597101835, 33.915497976648929 ], [ 135.142873617444025, 33.915732032195706 ], [ 135.145277468759502, 33.916464645806229 ], [ 135.150028251610593, 33.917248512851074 ], [ 135.150120801926278, 33.917372697684037 ], [ 135.150509493262547, 33.917273950298288 ], [ 135.152075786830295, 33.917874158670074 ], [ 135.153169068944635, 33.919182506406344 ], [ 135.155242870259087, 33.918958812702044 ], [ 135.156357681262961, 33.919055766976783 ], [ 135.157880790609966, 33.919544032629538 ], [ 135.158935615806911, 33.922105991921505 ], [ 135.159651725273676, 33.922912736816542 ], [ 135.159619856327822, 33.923394116602672 ], [ 135.158815835789852, 33.923864707448779 ], [ 135.159040435186427, 33.924238970113329 ], [ 135.158481025572513, 33.924374193024697 ], [ 135.15865752884838, 33.924865838287374 ], [ 135.158843635835268, 33.924945387883682 ], [ 135.158953289580694, 33.925567814665847 ], [ 135.158635626757587, 33.92608899191417 ], [ 135.159043987208776, 33.926520743530368 ], [ 135.158978219919049, 33.927247345780231 ], [ 135.159267947592468, 33.927343569930883 ], [ 135.159106844230166, 33.927865816570751 ], [ 135.159142159959742, 33.92847815531676 ], [ 135.159435666048807, 33.929086335647277 ], [ 135.159677997628876, 33.929234216153795 ], [ 135.159968339721871, 33.930019451660513 ], [ 135.159835437447924, 33.930630637690598 ], [ 135.160005425352807, 33.931479289355579 ], [ 135.159724877397679, 33.933041487017434 ], [ 135.158932782832949, 33.933985843126898 ], [ 135.157554585083943, 33.934788269960627 ], [ 135.156894997926912, 33.935590674196646 ], [ 135.155945881143168, 33.936109485200362 ], [ 135.155872709701526, 33.938178405962667 ], [ 135.155641646598298, 33.938910065315646 ], [ 135.156479604258863, 33.940271989072428 ], [ 135.156494542985627, 33.941657996907502 ], [ 135.157040868745582, 33.942075478665053 ], [ 135.158264093848658, 33.943567224541042 ], [ 135.159466480525708, 33.944429959239748 ], [ 135.160019943906576, 33.94514810003534 ], [ 135.160496441051919, 33.946146211523725 ], [ 135.16031541432713, 33.946714251960742 ], [ 135.160220433790101, 33.948254071420187 ], [ 135.161531839741514, 33.950181863286495 ], [ 135.162896613950494, 33.950133952301776 ], [ 135.163789883558024, 33.950472483113209 ], [ 135.164712612744893, 33.949897497891762 ], [ 135.165241595443717, 33.950055622958025 ], [ 135.166411145308643, 33.94991027397721 ], [ 135.167106609287345, 33.950401132964267 ], [ 135.169511906340404, 33.951067501622603 ], [ 135.169821680846383, 33.951336965791363 ], [ 135.17098545366656, 33.951781084450324 ], [ 135.172444073518477, 33.952117713063338 ], [ 135.173793691070472, 33.952819720666213 ], [ 135.174536979317651, 33.952354049896449 ], [ 135.175449599462155, 33.951339121249923 ], [ 135.175965814113056, 33.950156432933746 ] ] ] } },
{ "type": "Feature", "properties": { "CITY_NAME": "御坊市", "S_NAME": "荊木", "JINKO": 136, "medical_area": "30_御坊医療圏", "町丁目名": "御坊市荊木" }, "geometry": { "type": "Polygon", "coordinates": [ [ [ 135.148554169723042, 33.918859504440107 ], [ 135.149422206099814, 33.918263690198792 ], [ 135.151037792989968, 33.91876747179672 ], [ 135.151451373600878, 33.918698476369279 ], [ 135.151216834341341, 33.918066592058068 ], [ 135.150588125154343, 33.917796851855876 ], [ 135.150294157627286, 33.917280212885522 ], [ 135.150120801926278, 33.917372697684037 ], [ 135.150028251610593, 33.917248512851074 ], [ 135.147590609960815, 33.916909346648779 ], [ 135.147299472789285, 33.917613953611564 ], [ 135.14844404198314, 33.917808389382024 ], [ 135.148196230776819, 33.918727708043704 ], [ 135.148554169723042, 33.918859504440107 ] ] ] } },
{ "type": "Feature", "properties": { "CITY_NAME": "御坊市", "S_NAME": "湯川町丸山", "JINKO": 588, "medical_area": "30_御坊医療圏", "町丁目名": "御坊市湯川町丸山" }, "geometry": { "type": "Polygon", "coordinates": [ [ [ 135.155074862792759, 33.915284665935403 ], [ 135.155083775309038, 33.915057498116838 ], [ 135.155296953797773, 33.914969505822071 ], [ 135.15536218644371, 33.914462386537274 ], [ 135.155504941404047, 33.914430541476364 ], [ 135.155804578835387, 33.913008787759779 ], [ 135.15519191101157, 33.912776652253839 ], [ 135.155174942091065, 33.912560999844942 ], [ 135.156348872198919, 33.912196296075223 ], [ 135.156531633457575, 33.911867199601048 ], [ 135.156302203470119, 33.911040389250701 ], [ 135.15706047513288, 33.911078124167766 ], [ 135.157319785001107, 33.909930790962669 ], [ 135.156716211673853, 33.909952720582154 ], [ 135.156102705932938, 33.909739038026551 ], [ 135.154863792803297, 33.908497048799603 ], [ 135.154652169743827, 33.90793167819276 ], [ 135.154747294114514, 33.907700029508909 ], [ 135.154385728005678, 33.907657256961485 ], [ 135.154928096586104, 33.906669087457026 ], [ 135.15380952342494, 33.906747478600735 ], [ 135.144393960360446, 33.904281808054961 ], [ 135.144500079900354, 33.904491742030146 ], [ 135.143657089058735, 33.906878917385711 ], [ 135.143620021576254, 33.90746934416245 ], [ 135.143441492524346, 33.907531215706562 ], [ 135.143776442805262, 33.907861918862096 ], [ 135.14425446370123, 33.909390196980027 ], [ 135.143928659233694, 33.909496689940674 ], [ 135.143650650558385, 33.910603436327342 ], [ 135.14286583340413, 33.912453288534259 ], [ 135.148753336273813, 33.913843947718753 ], [ 135.148854904594572, 33.913654751999573 ], [ 135.149370637128897, 33.91406783583939 ], [ 135.150211236497853, 33.914385392144752 ], [ 135.151506573721804, 33.914221330943768 ], [ 135.152185018078598, 33.914440131414857 ], [ 135.152103558727362, 33.914604110955061 ], [ 135.152491640374905, 33.914804991991787 ], [ 135.153676872276662, 33.915019945252546 ], [ 135.153647680583845, 33.915144276854193 ], [ 135.154827163422851, 33.915463425790122 ], [ 135.155074862792759, 33.915284665935403 ] ] ] } },
{ "type": "Feature", "properties": { "CITY_NAME": "御坊市", "S_NAME": "湯川町小松原", "JINKO": 1330, "medical_area": "30_御坊医療圏", "町丁目名": "御坊市湯川町小松原" }, "geometry": { "type": "Polygon", "coordinates": [ [ [ 135.163001930197225, 33.909905746376076 ], [ 135.163404881877256, 33.909119592896971 ], [ 135.163767502830297, 33.909220106018893 ], [ 135.163765704069334, 33.906354154405442 ], [ 135.163905211802387, 33.906081806853273 ], [ 135.164973710468956, 33.905887048196902 ], [ 135.165096343663549, 33.905108565253364 ], [ 135.16490441687273, 33.904769869667327 ], [ 135.164702851498163, 33.903564592141066 ], [ 135.164047454112534, 33.903309104268367 ], [ 135.16410395935722, 33.902546373622719 ], [ 135.164811761673377, 33.902607106193543 ], [ 135.164772854845609, 33.901587477593182 ], [ 135.163253076317943, 33.901123117560871 ], [ 135.163152173107733, 33.901396290564918 ], [ 135.162000084735439, 33.900908774739527 ], [ 135.16170695983206, 33.901671020324379 ], [ 135.160569642899844, 33.901522111901635 ], [ 135.160190099197308, 33.901929043003484 ], [ 135.160173246633548, 33.902831647967012 ], [ 135.159336690825967, 33.903040347405529 ], [ 135.159522052309342, 33.903822477168369 ], [ 135.15981513901616, 33.904283726922266 ], [ 135.159492133777462, 33.90443620215769 ], [ 135.159458402275675, 33.904792382401062 ], [ 135.159227930847464, 33.904820674053276 ], [ 135.159256699578435, 33.905970965257268 ], [ 135.15876028818937, 33.905715410791132 ], [ 135.158509915116042, 33.905937829755523 ], [ 135.15817307845245, 33.905880586366727 ], [ 135.153372318243925, 33.904551487445545 ], [ 135.149990505738032, 33.903795922037077 ], [ 135.149791208094229, 33.903559567835089 ], [ 135.147415933899453, 33.903113052645324 ], [ 135.147471982697027, 33.902938756280072 ], [ 135.146525446830395, 33.902710330519042 ], [ 135.146838175621269, 33.901681996188046 ], [ 135.145716070338551, 33.901449959360143 ], [ 135.144990863035218, 33.903383367124547 ], [ 135.146029203385353, 33.903639766846865 ], [ 135.145839762050457, 33.904229985003091 ], [ 135.145638645403778, 33.904160268176156 ], [ 135.145481684197165, 33.904610400529386 ], [ 135.15380952342494, 33.906747478600735 ], [ 135.154928096586104, 33.906669087457026 ], [ 135.154385728005678, 33.907657256961485 ], [ 135.154747294114514, 33.907700029508909 ], [ 135.154713388669791, 33.908225961009009 ], [ 135.155142987141346, 33.908703795494652 ], [ 135.155165439074096, 33.908594208744859 ], [ 135.161816875852566, 33.910800962733816 ], [ 135.161961653431263, 33.910665019499866 ], [ 135.161756564089103, 33.910488938946976 ], [ 135.161762755739943, 33.910253016888127 ], [ 135.163001930197225, 33.909905746376076 ] ] ] } },
{ "type": "Feature", "properties": { "CITY_NAME": "御坊市", "S_NAME": "湯川町財部", "JINKO": 2675, "medical_area": "30_御坊医療圏", "町丁目名": "御坊市湯川町財部" }, "geometry": { "type": "Polygon", "coordinates": [ [ [ 135.159347251897572, 33.905962990240447 ], [ 135.159227930847464, 33.904820674053276 ], [ 135.159458402275675, 33.904792382401062 ], [ 135.159492133777462, 33.90443620215769 ], [ 135.15981513901616, 33.904283726922266 ], [ 135.159522052309342, 33.903822477168369 ], [ 135.159336690825967, 33.903040347405529 ], [ 135.160173246633548, 33.902831647967012 ], [ 135.160190099197308, 33.901929043003484 ], [ 135.160569642899844, 33.901522111901635 ], [ 135.16170695983206, 33.901671020324379 ], [ 135.162000084735439, 33.900908774739527 ], [ 135.163152173107733, 33.901396290564918 ], [ 135.163253076317943, 33.901123117560871 ], [ 135.165503582079594, 33.901774443942593 ], [ 135.16782174647625, 33.902159653968617 ], [ 135.168543044866311, 33.901053454834191 ], [ 135.168760267689294, 33.90037689474881 ], [ 135.169112926436895, 33.899993703427597 ], [ 135.168953403442686, 33.8999020442483 ], [ 135.169025181677739, 33.89972108291947 ], [ 135.16841943457743, 33.899250979692425 ], [ 135.168322766670883, 33.899080009591586 ], [ 135.168474859448906, 33.899005388342445 ], [ 135.168306139870936, 33.898817025960746 ], [ 135.166689875672034, 33.898845256003014 ], [ 135.166418014915706, 33.89897104758608 ], [ 135.166300212388393, 33.898828389952577 ], [ 135.16568728705775, 33.898820995977879 ], [ 135.164231426094716, 33.899092866154461 ], [ 135.16356364347925, 33.899010990945072 ], [ 135.162903188966652, 33.897952338987736 ], [ 135.160615430584812, 33.898125670988065 ], [ 135.160910829646667, 33.898971661367618 ], [ 135.160311679150794, 33.899170997219727 ], [ 135.160443515403017, 33.899613818256697 ], [ 135.158995514686922, 33.899296264048942 ], [ 135.158879294600638, 33.899234894639491 ], [ 135.158981033723819, 33.898799725100851 ], [ 135.15731865947069, 33.89818273722851 ], [ 135.15749583828952, 33.897213609207199 ], [ 135.157261088400645, 33.896776278217565 ], [ 135.156942419526615, 33.896713660634724 ], [ 135.156598328909467, 33.896177812409753 ], [ 135.156416708756126, 33.895414438535674 ], [ 135.155918664903595, 33.896844418344678 ], [ 135.15243799926651, 33.896035966929368 ], [ 135.152108682513273, 33.896932196324087 ], [ 135.150380617120447, 33.896569500511312 ], [ 135.149473680130455, 33.896119903539315 ], [ 135.148836492453, 33.896143109580308 ], [ 135.147900733067729, 33.895815862205886 ], [ 135.14776740230397, 33.89609246270637 ], [ 135.147639003941578, 33.896067906513544 ], [ 135.147153773791842, 33.896974315092152 ], [ 135.146979356266968, 33.896922395020198 ], [ 135.146784329245548, 33.897541318391944 ], [ 135.146673201613112, 33.897487017805318 ], [ 135.146463390005152, 33.899082240154264 ], [ 135.145716070338551, 33.901449959360143 ], [ 135.146838175621269, 33.901681996188046 ], [ 135.146525446830395, 33.902710330519042 ], [ 135.147471982697027, 33.902938756280072 ], [ 135.147415933899453, 33.903113052645324 ], [ 135.149791208094229, 33.903559567835089 ], [ 135.149990505738032, 33.903795922037077 ], [ 135.153372318243925, 33.904551487445545 ], [ 135.15817307845245, 33.905880586366727 ], [ 135.158509915116042, 33.905937829755523 ], [ 135.15876028818937, 33.905715410791132 ], [ 135.159347251897572, 33.905962990240447 ] ] ] } },
{ "type": "Feature", "properties": { "CITY_NAME": "御坊市", "S_NAME": "藤田町吉田", "JINKO": 2769, "medical_area": "30_御坊医療圏", "町丁目名": "御坊市藤田町吉田" }, "geometry": { "type": "Polygon", "coordinates": [ [ [ 135.176308118862153, 33.938766347777772 ], [ 135.176856260120189, 33.937189981610622 ], [ 135.17670702757087, 33.93670592808494 ], [ 135.177562620274728, 33.935440701929053 ], [ 135.177773877207841, 33.934754094047307 ], [ 135.177438471670513, 33.934349944173832 ], [ 135.177489813806261, 33.933869349061801 ], [ 135.176854601662455, 33.933218215855042 ], [ 135.176967045035695, 33.932376411210313 ], [ 135.176396495431391, 33.932006185611712 ], [ 135.175291322381582, 33.931661112478508 ], [ 135.174627757851255, 33.931676103863488 ], [ 135.173001332239721, 33.930697674897225 ], [ 135.172088149816858, 33.929531736141413 ], [ 135.171509164264251, 33.929041267724692 ], [ 135.171391556611695, 33.928558552524535 ], [ 135.171461338860126, 33.927738013913064 ], [ 135.171338303398272, 33.927389087235824 ], [ 135.171616926217354, 33.927271924884174 ], [ 135.171701018094922, 33.926955384737518 ], [ 135.171832275153378, 33.926304728358197 ], [ 135.171678745456035, 33.925989969825238 ], [ 135.171989744318381, 33.925214723537806 ], [ 135.172174580965418, 33.923923875579298 ], [ 135.172271502586881, 33.923634328177059 ], [ 135.172757059234101, 33.923558562449763 ], [ 135.172866130141273, 33.92306933756668 ], [ 135.173140461054658, 33.922939886985617 ], [ 135.17297362981688, 33.922882839713651 ], [ 135.172797237628799, 33.92186412422982 ], [ 135.17192706980515, 33.921713594258904 ], [ 135.172407202218892, 33.92162103070973 ], [ 135.17262432192328, 33.921019551909552 ], [ 135.17244264965143, 33.920767294192487 ], [ 135.172401085059704, 33.920084059617061 ], [ 135.172133276897881, 33.919862635469322 ], [ 135.172304636336918, 33.919668678994249 ], [ 135.172051774106023, 33.919203361836821 ], [ 135.172476934322901, 33.918782333856015 ], [ 135.172881574218479, 33.917799219955235 ], [ 135.172783544501698, 33.914657923221483 ], [ 135.172931032750512, 33.914651589226786 ], [ 135.173209422377028, 33.914072073655021 ], [ 135.173057231332677, 33.913952998734345 ], [ 135.173155293422269, 33.913718962061907 ], [ 135.173500732805792, 33.91367690763834 ], [ 135.173369580544801, 33.913513740051215 ], [ 135.174331561575684, 33.911236352601911 ], [ 135.174039059199657, 33.90903717639852 ], [ 135.173930274073626, 33.908639885529311 ], [ 135.173542637817746, 33.908609530442291 ], [ 135.173457651455379, 33.907250651385034 ], [ 135.173135650415446, 33.906765713060388 ], [ 135.173227510146432, 33.906622075143403 ], [ 135.172924095418978, 33.905664063777095 ], [ 135.173330981302456, 33.905676659463786 ], [ 135.172612801145704, 33.904008531152805 ], [ 135.173381360013451, 33.903779844659553 ], [ 135.175051696898691, 33.90230144632627 ], [ 135.175843870541996, 33.902065717351704 ], [ 135.174118862283393, 33.899237087499102 ], [ 135.173346154204211, 33.897462096772728 ], [ 135.170260715648055, 33.898079499383591 ], [ 135.169650955776632, 33.898417852003817 ], [ 135.169326072642889, 33.898393119886599 ], [ 135.169420140309114, 33.898658317115547 ], [ 135.168306139870936, 33.898817025960746 ], [ 135.168474859448906, 33.899005388342445 ], [ 135.168322766670883, 33.899080009591586 ], [ 135.16841943457743, 33.899250979692425 ], [ 135.169025181677739, 33.89972108291947 ], [ 135.168953403442686, 33.8999020442483 ], [ 135.169112926436895, 33.899993703427597 ], [ 135.168760267689294, 33.90037689474881 ], [ 135.168543044866311, 33.901053454834191 ], [ 135.16782174647625, 33.902159653968617 ], [ 135.164772854845609, 33.901587477593182 ], [ 135.164811761673377, 33.902607106193543 ], [ 135.16410395935722, 33.902546373622719 ], [ 135.164047454112534, 33.903309104268367 ], [ 135.164702851498163, 33.903564592141066 ], [ 135.16490441687273, 33.904769869667327 ], [ 135.165096343663549, 33.905108565253364 ], [ 135.164973710468956, 33.905887048196902 ], [ 135.163905211802387, 33.906081806853273 ], [ 135.163765704069334, 33.906354154405442 ], [ 135.163767502830297, 33.909220106018893 ], [ 135.166658945976366, 33.910051296444244 ], [ 135.166823219875937, 33.910838203690986 ], [ 135.167693436874373, 33.911990102013007 ], [ 135.167529397398283, 33.912936085888084 ], [ 135.166668212057118, 33.913358089323417 ], [ 135.166259456397341, 33.915637049485831 ], [ 135.165967212638975, 33.91617616447305 ], [ 135.166002935916993, 33.918218931132955 ], [ 135.166556023257755, 33.918990017424264 ], [ 135.166158485491707, 33.923987357775381 ], [ 135.166333319999154, 33.92424634161015 ], [ 135.166080676292182, 33.924794178527208 ], [ 135.165987074588003, 33.925843336014623 ], [ 135.166349049855086, 33.926026389496926 ], [ 135.166882989893708, 33.925616822107195 ], [ 135.167208161979772, 33.925656918750114 ], [ 135.167227305157354, 33.927965827355841 ], [ 135.167902173998726, 33.927863187616481 ], [ 135.168236198837548, 33.92815874386357 ], [ 135.168735983479309, 33.929128928827957 ], [ 135.169184183723985, 33.931858255627205 ], [ 135.169076037096346, 33.93276389818535 ], [ 135.167993966954526, 33.934028526081555 ], [ 135.170609263040092, 33.935917654500962 ], [ 135.17068836587265, 33.936458854523607 ], [ 135.171212059565136, 33.936790189793776 ], [ 135.17129532611375, 33.937582178949896 ], [ 135.171814988720087, 33.938199884841161 ], [ 135.172917629460017, 33.938279850003184 ], [ 135.174048668298042, 33.939156919139826 ], [ 135.175360906570319, 33.939833317775545 ], [ 135.176397244637371, 33.939208863178678 ], [ 135.176308118862153, 33.938766347777772 ] ] ] } },
{ "type": "Feature", "properties": { "CITY_NAME": "御坊市", "S_NAME": "藤田町藤井", "JINKO": 848, "medical_area": "30_御坊医療圏", "町丁目名": "御坊市藤田町藤井" }, "geometry": { "type": "Polygon", "coordinates": [ [ [ 135.176529008326924, 33.913137520112706 ], [ 135.176679311974141, 33.912459232800842 ], [ 135.177883639003255, 33.912324721239422 ], [ 135.178081573124672, 33.911823265252352 ], [ 135.178624850606241, 33.911596986979134 ], [ 135.178737735368856, 33.911048331231669 ], [ 135.180188728790512, 33.911470205949335 ], [ 135.180454170189165, 33.911010610659524 ], [ 135.180625659218578, 33.911002736816648 ], [ 135.180942536039083, 33.910048873951119 ], [ 135.179792560797154, 33.90989245057856 ], [ 135.179447466183433, 33.909600230603388 ], [ 135.18011899529526, 33.909370996535834 ], [ 135.180014271343026, 33.908908231161028 ], [ 135.181321750753, 33.908466985117819 ], [ 135.181194406316365, 33.908222847345336 ], [ 135.182229330313902, 33.90806617498616 ], [ 135.18269976520719, 33.908202003542605 ], [ 135.182742821882897, 33.906937378684276 ], [ 135.181877614301726, 33.906918246987914 ], [ 135.178732876395628, 33.904753896526067 ], [ 135.176907711395756, 33.903713602190692 ], [ 135.175843870541996, 33.902065717351704 ], [ 135.175051696898691, 33.90230144632627 ], [ 135.173381360013451, 33.903779844659553 ], [ 135.172612801145704, 33.904008531152805 ], [ 135.173330981302456, 33.905676659463786 ], [ 135.172924095418978, 33.905664063777095 ], [ 135.173227510146432, 33.906622075143403 ], [ 135.173135650415446, 33.906765713060388 ], [ 135.173457651455379, 33.907250651385034 ], [ 135.173542637817746, 33.908609530442291 ], [ 135.173930274073626, 33.908639885529311 ], [ 135.174140803791346, 33.909525283702237 ], [ 135.174331561575684, 33.911236352601911 ], [ 135.173912406871693, 33.912161475640737 ], [ 135.174225379231018, 33.912244156281211 ], [ 135.174122302950138, 33.912692288295105 ], [ 135.174566557964795, 33.912775708277884 ], [ 135.174572546156298, 33.912917185699555 ], [ 135.1753786346749, 33.912799607835893 ], [ 135.176080097050914, 33.91320424801161 ], [ 135.176529008326924, 33.913137520112706 ] ] ] } },
{ "type": "Feature", "properties": { "CITY_NAME": "御坊市", "S_NAME": "野口", "JINKO": 1044, "medical_area": "30_御坊医療圏", "町丁目名": "御坊市野口" }, "geometry": { "type": "Polygon", "coordinates": [ [ [ 135.195779977605326, 33.895486729841465 ], [ 135.197434536496644, 33.893536119948756 ], [ 135.199139916505516, 33.892676885160888 ], [ 135.198328237563516, 33.890893750290054 ], [ 135.196478548596303, 33.892429500152481 ], [ 135.194204818095955, 33.893800851157799 ], [ 135.191152620065992, 33.895197045082085 ], [ 135.190303960926485, 33.895381221871268 ], [ 135.186385535910176, 33.894520406144878 ], [ 135.181166881904716, 33.893885265477095 ], [ 135.179300364907846, 33.893070000358605 ], [ 135.176596070468577, 33.89256523000688 ], [ 135.174932217783436, 33.892775411321807 ], [ 135.171113504950483, 33.893940158258296 ], [ 135.172823584538634, 33.896370754891372 ], [ 135.174118862283393, 33.899237087499102 ], [ 135.176907711395756, 33.903713602190692 ], [ 135.178732876395628, 33.904753896526067 ], [ 135.181877614301726, 33.906918246987914 ], [ 135.18350357530602, 33.906916226127713 ], [ 135.185108305637357, 33.906703294635903 ], [ 135.188079921806633, 33.905892615609737 ], [ 135.18943946883681, 33.905276372802199 ], [ 135.189927992783026, 33.904551267258057 ], [ 135.191093915012203, 33.903538155370853 ], [ 135.19433361113434, 33.900040346120356 ], [ 135.194777922598234, 33.898995567595726 ], [ 135.195128455144925, 33.897113659629831 ], [ 135.195779977605326, 33.895486729841465 ] ] ] } },
{ "type": "Feature", "properties": { "CITY_NAME": "御坊市", "S_NAME": "熊野", "JINKO": 383, "medical_area": "30_御坊医療圏", "町丁目名": "御坊市熊野" }, "geometry": { "type": "Polygon", "coordinates": [ [ [ 135.196482543962219, 33.882571033706192 ], [ 135.194092910684304, 33.882520764363314 ], [ 135.191818217100717, 33.880808304982963 ], [ 135.191441922702722, 33.880806116712122 ], [ 135.190568600517395, 33.881435448052287 ], [ 135.189957448154701, 33.881432698132315 ], [ 135.189434534243361, 33.881135672219855 ], [ 135.189078429077512, 33.880165369028575 ], [ 135.188052954901821, 33.879278419173545 ], [ 135.186897714782077, 33.877488010472959 ], [ 135.186518785736297, 33.877337306181772 ], [ 135.183459761220973, 33.877583180388761 ], [ 135.182494533204647, 33.877527191915142 ], [ 135.180681557470109, 33.875207034371016 ], [ 135.180204708976078, 33.875071861502946 ], [ 135.180024985403975, 33.875331004889262 ], [ 135.179453433531506, 33.877988211164926 ], [ 135.179018913691465, 33.878336098637618 ], [ 135.178857516908437, 33.880452104312589 ], [ 135.178496654064219, 33.881416106200781 ], [ 135.177786140903549, 33.881373048354831 ], [ 135.177468820094703, 33.882215480343326 ], [ 135.175703417575988, 33.882011103573532 ], [ 135.175349754005794, 33.887126036440243 ], [ 135.175836410686003, 33.889575862763273 ], [ 135.177306729097751, 33.890863284029649 ], [ 135.17983429353896, 33.891986286661549 ], [ 135.183259633727914, 33.894176118047618 ], [ 135.186385535910176, 33.894520406144878 ], [ 135.189797733996045, 33.895330978431289 ], [ 135.191152620065992, 33.895197045082085 ], [ 135.194204818095955, 33.893800851157799 ], [ 135.195557495021205, 33.892997553024735 ], [ 135.196478548596303, 33.892429500152481 ], [ 135.198328237563516, 33.890893750290054 ], [ 135.198232522797497, 33.89041640272653 ], [ 135.197908561201558, 33.889934047130559 ], [ 135.197761940098673, 33.888921038292068 ], [ 135.197820435500688, 33.888336783289368 ], [ 135.198351898703578, 33.888195281779424 ], [ 135.198156503559062, 33.886724953458724 ], [ 135.197801813923945, 33.886387218898712 ], [ 135.197983915125292, 33.885806306791871 ], [ 135.197870318975731, 33.884412729886144 ], [ 135.198119819703834, 33.883712934338448 ], [ 135.19804788366497, 33.882968501683997 ], [ 135.196482543962219, 33.882571033706192 ] ] ] } },
{ "type": "Feature", "properties": { "CITY_NAME": "御坊市", "S_NAME": "岩内", "JINKO": 492, "medical_area": "30_御坊医療圏", "町丁目名": "御坊市岩内" }, "geometry": { "type": "Polygon", "coordinates": [ [ [ 135.183259633727914, 33.894176118047618 ], [ 135.17983429353896, 33.891986286661549 ], [ 135.177306729097751, 33.890863284029649 ], [ 135.175836410686003, 33.889575862763273 ], [ 135.175349754005794, 33.887126036440243 ], [ 135.175703417575988, 33.882011103573532 ], [ 135.174575466072241, 33.882010173276562 ], [ 135.172699171615704, 33.882949059980838 ], [ 135.170874403652306, 33.883058795818826 ], [ 135.170274443057224, 33.882996999288487 ], [ 135.170326255779344, 33.882546125145126 ], [ 135.169751743957875, 33.881562893903592 ], [ 135.169792216221055, 33.882068485169079 ], [ 135.169407279469084, 33.882243113511322 ], [ 135.168940869464507, 33.882187704970463 ], [ 135.168820067523626, 33.882435957302313 ], [ 135.168462560248486, 33.882437350404366 ], [ 135.168395809615788, 33.882973632531105 ], [ 135.167099377380424, 33.882665238841049 ], [ 135.166210225434781, 33.883059311212008 ], [ 135.166036848292123, 33.882901627342356 ], [ 135.164218405871992, 33.882820281953649 ], [ 135.1620812779083, 33.883593539241247 ], [ 135.163933604127067, 33.88645614158029 ], [ 135.1660670085964, 33.8887900944503 ], [ 135.170475415916627, 33.893130341081346 ], [ 135.171113504950483, 33.893940158258296 ], [ 135.174932217783436, 33.892775411321807 ], [ 135.176596070468577, 33.89256523000688 ], [ 135.179300364907846, 33.893070000358605 ], [ 135.181166881904716, 33.893885265477095 ], [ 135.183259633727914, 33.894176118047618 ] ] ] } },
{ "type": "Feature", "properties": { "CITY_NAME": "御坊市", "S_NAME": "塩屋町北塩屋", "JINKO": 1184, "medical_area": "30_御坊医療圏", "町丁目名": "御坊市塩屋町北塩屋" }, "geometry": { "type": "Polygon", "coordinates": [ [ [ 135.164218405871992, 33.882820281953634 ], [ 135.166036848292123, 33.882901627342349 ], [ 135.166210225434781, 33.883059311212008 ], [ 135.167099377380424, 33.882665238841049 ], [ 135.168395809615788, 33.882973632531105 ], [ 135.168462560248486, 33.882437350404366 ], [ 135.168820067523626, 33.882435957302313 ], [ 135.168940869464507, 33.882187704970463 ], [ 135.169407279469084, 33.882243113511322 ], [ 135.169792216221055, 33.882068485169079 ], [ 135.169751743957875, 33.881562893903592 ], [ 135.170326255779344, 33.882546125145126 ], [ 135.170274443057224, 33.882996999288487 ], [ 135.170874403652306, 33.883058795818826 ], [ 135.172699171615704, 33.882949059980838 ], [ 135.174741396978277, 33.881977051583959 ], [ 135.177468820094703, 33.882215480343326 ], [ 135.1777447742692, 33.88140686419522 ], [ 135.178298228215169, 33.881500435386158 ], [ 135.178564635735, 33.881292588848233 ], [ 135.178857516908437, 33.880452104312589 ], [ 135.179018913691465, 33.878336098637618 ], [ 135.179453433531506, 33.877988211164926 ], [ 135.180024985403975, 33.875331004889262 ], [ 135.180339627746861, 33.875030355370519 ], [ 135.180681557470109, 33.875207034371016 ], [ 135.182494533204647, 33.877527191915142 ], [ 135.186763417719959, 33.877419221913144 ], [ 135.188052954901821, 33.879278419173545 ], [ 135.189078429077512, 33.880165369028575 ], [ 135.189434534243361, 33.881135672219855 ], [ 135.189957448154701, 33.881432698132315 ], [ 135.190568600517395, 33.881435448052287 ], [ 135.191441922702722, 33.880806116712122 ], [ 135.191934327726074, 33.880836255941411 ], [ 135.194092910684304, 33.882520764363314 ], [ 135.196482543962219, 33.882571033706192 ], [ 135.19804788366497, 33.882968501683997 ], [ 135.199057940788293, 33.883040861222057 ], [ 135.199637994929049, 33.882048638953449 ], [ 135.199393769136947, 33.881802773624564 ], [ 135.199208499170084, 33.879851425881121 ], [ 135.199737483242018, 33.879353485011933 ], [ 135.19983570267317, 33.879071666634658 ], [ 135.199802560030776, 33.8789125434404 ], [ 135.198297172268298, 33.878495769627207 ], [ 135.196836066744368, 33.8775346365953 ], [ 135.196427198053641, 33.876998330394912 ], [ 135.196207097731246, 33.876116277162843 ], [ 135.192089287864633, 33.873618503290167 ], [ 135.191082767653285, 33.87243614227998 ], [ 135.190594173197042, 33.871584152511879 ], [ 135.190198336320265, 33.870056001709052 ], [ 135.190334072654224, 33.869254029101207 ], [ 135.190811730713364, 33.868843690913472 ], [ 135.190853554079609, 33.8684552824825 ], [ 135.191385462508208, 33.867779601751067 ], [ 135.191016127972347, 33.86778844643478 ], [ 135.191170731732967, 33.867160721884161 ], [ 135.191453263209098, 33.866747690315208 ], [ 135.191349739718731, 33.866119679240846 ], [ 135.19114830141794, 33.866825565851315 ], [ 135.190952732602625, 33.866898383283917 ], [ 135.190455801845388, 33.866675629389249 ], [ 135.190839767905089, 33.867282662188913 ], [ 135.190765234505108, 33.867575903226751 ], [ 135.189897633132773, 33.867682761536848 ], [ 135.189099703805482, 33.868021111705644 ], [ 135.188147238162713, 33.869817091843039 ], [ 135.187903492493149, 33.869875920837174 ], [ 135.187446236526995, 33.869537332738311 ], [ 135.187183048397998, 33.869527002282425 ], [ 135.187259075982496, 33.869988034751536 ], [ 135.187103537445552, 33.870166625670947 ], [ 135.186845910236997, 33.869934027532388 ], [ 135.185922488094036, 33.869984982599469 ], [ 135.18556017133011, 33.869795781959702 ], [ 135.183930932493439, 33.869834869390104 ], [ 135.182702943486902, 33.869369015687703 ], [ 135.181884278500604, 33.869902580840368 ], [ 135.181712260287952, 33.870196576070086 ], [ 135.18129285711629, 33.87008827266132 ], [ 135.18090101262564, 33.87031374678692 ], [ 135.180465065901046, 33.870142641680665 ], [ 135.180234523600689, 33.870295085131929 ], [ 135.179476044847661, 33.869899384931877 ], [ 135.179280383039895, 33.870342969808213 ], [ 135.178081754927916, 33.870950609250819 ], [ 135.176965324743406, 33.870564197713819 ], [ 135.176338795423305, 33.870614107034015 ], [ 135.175630810352459, 33.870211255215786 ], [ 135.175158268818421, 33.869490321861875 ], [ 135.174499470352259, 33.869199364227597 ], [ 135.174037331107769, 33.868487229944215 ], [ 135.173540128778995, 33.868164385350276 ], [ 135.172904448693544, 33.86720990053157 ], [ 135.171801415931355, 33.866746757188949 ], [ 135.171168916020889, 33.866770405460869 ], [ 135.168214057504258, 33.867593957178464 ], [ 135.166113908168143, 33.867166169262944 ], [ 135.164893739906717, 33.868438066209123 ], [ 135.163286798753916, 33.869466709131764 ], [ 135.158551525077598, 33.868460064559322 ], [ 135.157998589176373, 33.869608798856589 ], [ 135.15819189972558, 33.869666328372297 ], [ 135.15806780270168, 33.869921734500743 ], [ 135.156628993720688, 33.869426024028947 ], [ 135.15701366093657, 33.868440549510005 ], [ 135.156535463945517, 33.869483144226272 ], [ 135.157279705339278, 33.869699545018271 ], [ 135.157276513067217, 33.870024946276544 ], [ 135.156378971054153, 33.872022486497777 ], [ 135.15586076609722, 33.872639497235362 ], [ 135.153720968150935, 33.874475929948268 ], [ 135.152284812304771, 33.875478107594901 ], [ 135.155110126985875, 33.877313111567943 ], [ 135.161090648430303, 33.881874903522011 ], [ 135.162081277908271, 33.883593539241218 ], [ 135.164218405871992, 33.882820281953634 ] ] ] } },
{ "type": "Feature", "properties": { "CITY_NAME": "御坊市", "S_NAME": "塩屋町南塩屋", "JINKO": 944, "medical_area": "30_御坊医療圏", "町丁目名": "御坊市塩屋町南塩屋" }, "geometry": { "type": "Polygon", "coordinates": [ [ [ 135.178241099838914, 33.870923778148736 ], [ 135.17891476555684, 33.869607549674626 ], [ 135.179703768237459, 33.868954202449785 ], [ 135.180725908976513, 33.868414819751621 ], [ 135.181384702289364, 33.868521899389272 ], [ 135.180924052194968, 33.868223838854149 ], [ 135.180323465951318, 33.86819378221459 ], [ 135.182228927709048, 33.867279890523491 ], [ 135.182664640941596, 33.866568529536799 ], [ 135.183157346059232, 33.866523193951465 ], [ 135.183741550779956, 33.866196424634019 ], [ 135.184078951051333, 33.866482388360595 ], [ 135.184944145040788, 33.866086048433097 ], [ 135.18523027094011, 33.866196276923681 ], [ 135.185547748480474, 33.866054399293205 ], [ 135.186155709990743, 33.866115332957627 ], [ 135.186102005488578, 33.864385557164226 ], [ 135.185674074197806, 33.862827151239287 ], [ 135.185471725910247, 33.862359506344887 ], [ 135.185162313555082, 33.862186433762631 ], [ 135.184844117574329, 33.862218561888461 ], [ 135.184432750346474, 33.861800953572825 ], [ 135.184583428638945, 33.860327520359348 ], [ 135.184331735993567, 33.859838276212756 ], [ 135.184342041166019, 33.859295118491715 ], [ 135.184048548694307, 33.858166856445102 ], [ 135.18348675462758, 33.858202161710743 ], [ 135.182525100929865, 33.857864727130028 ], [ 135.181890466198638, 33.857818114500596 ], [ 135.181447356447535, 33.858051144861342 ], [ 135.181275998421199, 33.858774258698766 ], [ 135.181103750697872, 33.858899341212023 ], [ 135.179630245395799, 33.858937304318843 ], [ 135.178892180256071, 33.859447156413196 ], [ 135.177842143356088, 33.859514401030843 ], [ 135.177199182420964, 33.859736782829991 ], [ 135.175553503451454, 33.85883333465879 ], [ 135.173942154536491, 33.858288346565921 ], [ 135.1727047353138, 33.858114522103428 ], [ 135.170491639409533, 33.858091782211197 ], [ 135.167938349720174, 33.857749743000092 ], [ 135.167152420542124, 33.857721623362728 ], [ 135.162962078712866, 33.858411898937604 ], [ 135.160891993845979, 33.858329806106475 ], [ 135.159650393719744, 33.858103568680185 ], [ 135.159322552088781, 33.858362803096369 ], [ 135.158681304815588, 33.858518892734722 ], [ 135.158212220578747, 33.85896649895885 ], [ 135.147663032274096, 33.856944829990134 ], [ 135.14675264061799, 33.857421746806466 ], [ 135.146034005656219, 33.860469691172717 ], [ 135.153484306748254, 33.861804800557749 ], [ 135.153451656620717, 33.861930801413465 ], [ 135.155376332477573, 33.862279410394798 ], [ 135.156011329041121, 33.859574427352818 ], [ 135.155205634380707, 33.858533057084813 ], [ 135.158141210918444, 33.859044483317227 ], [ 135.158226070944067, 33.859422750052524 ], [ 135.15876971867516, 33.859534648222791 ], [ 135.157966447129184, 33.861550602365824 ], [ 135.157395604594967, 33.862006527183809 ], [ 135.158037297273069, 33.86159250369144 ], [ 135.158716366608587, 33.859792510529722 ], [ 135.160079307088438, 33.860002116223022 ], [ 135.159752601098262, 33.861689843187335 ], [ 135.158899570995288, 33.861501035692498 ], [ 135.158767681595009, 33.861950095694731 ], [ 135.159488015394061, 33.862110107823497 ], [ 135.15892930549245, 33.863871623323803 ], [ 135.155066302988871, 33.863111556232489 ], [ 135.154555803697889, 33.86323301756368 ], [ 135.153455528796741, 33.865437366920844 ], [ 135.158949794646816, 33.867324500427252 ], [ 135.158551525077598, 33.868460064559322 ], [ 135.163286798753916, 33.869466709131764 ], [ 135.164893739906717, 33.868438066209123 ], [ 135.166113908168143, 33.867166169262944 ], [ 135.168214057504258, 33.867593957178464 ], [ 135.171168916020889, 33.866770405460869 ], [ 135.171801415931355, 33.866746757188949 ], [ 135.172904448693544, 33.86720990053157 ], [ 135.173424093448432, 33.86803428188059 ], [ 135.174037331107769, 33.868487229944215 ], [ 135.174499470352259, 33.869199364227597 ], [ 135.175158268818421, 33.869490321861875 ], [ 135.175390484539719, 33.869947616043468 ], [ 135.175843011673038, 33.870352283027856 ], [ 135.176338795423305, 33.870614107034015 ], [ 135.176965324743406, 33.870564197713819 ], [ 135.177941504277186, 33.87094093859406 ], [ 135.178241099838914, 33.870923778148736 ] ] ] } },
{ "type": "Feature", "properties": { "CITY_NAME": "御坊市", "S_NAME": "名田町野島", "JINKO": 1319, "medical_area": "30_御坊医療圏", "町丁目名": "御坊市名田町野島" }, "geometry": { "type": "Polygon", "coordinates": [ [ [ 135.17760659932614, 33.859662441497008 ], [ 135.177842143356088, 33.859514401030843 ], [ 135.178892180256071, 33.859447156413196 ], [ 135.179630245395799, 33.858937304318843 ], [ 135.181103750697872, 33.858899341212023 ], [ 135.181275998421199, 33.858774258698766 ], [ 135.181447356447535, 33.858051144861342 ], [ 135.181890466198638, 33.857818114500596 ], [ 135.182525100929865, 33.857864727130028 ], [ 135.18348675462758, 33.858202161710743 ], [ 135.184048548694307, 33.858166856445102 ], [ 135.185133451103667, 33.857768020359117 ], [ 135.185920356801034, 33.857943541862923 ], [ 135.186943744393233, 33.857914514085174 ], [ 135.188305353529216, 33.857090189735736 ], [ 135.189943960385932, 33.857034332731381 ], [ 135.19094200916939, 33.856646565461098 ], [ 135.191569247192831, 33.856680123850516 ], [ 135.191648937135938, 33.855729851947004 ], [ 135.192377923342832, 33.855402013009439 ], [ 135.192473109479124, 33.855146516985478 ], [ 135.191966885137617, 33.855119815580458 ], [ 135.191704631956782, 33.854915934499481 ], [ 135.192152943934332, 33.853927221802195 ], [ 135.192374983077002, 33.85079033278452 ], [ 135.191850414249757, 33.847912143375595 ], [ 135.190976460617975, 33.846534547971459 ], [ 135.189471974185636, 33.845341725928478 ], [ 135.188563105207948, 33.844021785994123 ], [ 135.186108419758597, 33.842822958267369 ], [ 135.1832755138864, 33.840819150088912 ], [ 135.182036988760331, 33.839331320491553 ], [ 135.181685773626157, 33.838628692594504 ], [ 135.181812462846835, 33.837787084858611 ], [ 135.181571459360157, 33.837123505770307 ], [ 135.180277030961776, 33.835638671734984 ], [ 135.180742325339963, 33.834792830867279 ], [ 135.180853173675075, 33.834223435159721 ], [ 135.180511723082333, 33.833119792690475 ], [ 135.179922714129418, 33.832707481290392 ], [ 135.178558754026767, 33.832255785699616 ], [ 135.178297831101645, 33.83199413237223 ], [ 135.175895985227555, 33.830812097400504 ], [ 135.17450020627868, 33.832229163658631 ], [ 135.17447252611899, 33.8341006735928 ], [ 135.1746006656943, 33.834820143432793 ], [ 135.174295955288756, 33.835945124705937 ], [ 135.174356355177167, 33.836519884307002 ], [ 135.17376481168796, 33.836688082471767 ], [ 135.17365535461235, 33.836835270643185 ], [ 135.173602897833177, 33.837576918154944 ], [ 135.173789440435769, 33.836716281107059 ], [ 135.174457840653361, 33.836525916283094 ], [ 135.174646574065406, 33.836904163984997 ], [ 135.174858879849154, 33.836840637161892 ], [ 135.175019347509703, 33.837350134135022 ], [ 135.17442444575363, 33.837419275049463 ], [ 135.174291027814604, 33.8372489091361 ], [ 135.174312503221046, 33.837376968872078 ], [ 135.174416469328179, 33.837458808709677 ], [ 135.175021067647236, 33.837390718179535 ], [ 135.175094867139364, 33.837581535124137 ], [ 135.174880339466171, 33.837647723548692 ], [ 135.175319367083716, 33.837610927451365 ], [ 135.175409563470907, 33.837781990582293 ], [ 135.175480832467372, 33.838236794962882 ], [ 135.174641744824896, 33.839992153167607 ], [ 135.173917951190731, 33.840313585726001 ], [ 135.17318306182321, 33.840331209259041 ], [ 135.173072466170538, 33.83992925197667 ], [ 135.173333997702485, 33.839698414333796 ], [ 135.172999182367818, 33.839904530582494 ], [ 135.173206266551858, 33.840621710998491 ], [ 135.170401905667802, 33.841123167267362 ], [ 135.169593747898773, 33.84234575885614 ], [ 135.168500507111474, 33.843218320110523 ], [ 135.167772491513887, 33.8434127584649 ], [ 135.167585053721552, 33.842911102089957 ], [ 135.167817099278636, 33.842711493796507 ], [ 135.167544128018704, 33.842900823521035 ], [ 135.167743180060967, 33.84343228370399 ], [ 135.165719516367801, 33.843753214250853 ], [ 135.164974180382671, 33.844061065402684 ], [ 135.164801692944962, 33.844359120910468 ], [ 135.164503311917628, 33.844260743624979 ], [ 135.163855462219601, 33.845098378023501 ], [ 135.162704721428781, 33.845321480245687 ], [ 135.163179167633189, 33.845422885644531 ], [ 135.163091826843271, 33.845515132025049 ], [ 135.163264218923729, 33.845678589555099 ], [ 135.162897500992784, 33.845723016166261 ], [ 135.163332042887077, 33.845813444529114 ], [ 135.163301301585108, 33.846083719017614 ], [ 135.163497782946479, 33.846322144790342 ], [ 135.163219125636004, 33.846425773766846 ], [ 135.163725509036283, 33.846577124024456 ], [ 135.163547599289274, 33.846650724188628 ], [ 135.164183695499702, 33.84679745621095 ], [ 135.165419991818084, 33.846780598891399 ], [ 135.165936881405599, 33.846963426630914 ], [ 135.166881597765951, 33.846929229882434 ], [ 135.167646428160054, 33.847399700927284 ], [ 135.167180213009658, 33.847222576328576 ], [ 135.167292274395322, 33.847811068721519 ], [ 135.166955739216775, 33.848642788253706 ], [ 135.166640176377513, 33.848982425217613 ], [ 135.165539176368497, 33.849529480981289 ], [ 135.164950845278582, 33.850025052745814 ], [ 135.164981834986463, 33.8502848968972 ], [ 135.165688691407524, 33.851267919754164 ], [ 135.165546469632375, 33.852229848826553 ], [ 135.165089523034311, 33.852208728161365 ], [ 135.165487942616892, 33.852353847157303 ], [ 135.1654931666815, 33.852598303474473 ], [ 135.163768268562194, 33.853729845585761 ], [ 135.163173061937385, 33.853930507269311 ], [ 135.162721253118491, 33.85494076703327 ], [ 135.161026873247721, 33.856370994035139 ], [ 135.160251988601374, 33.857590081791351 ], [ 135.159645661624467, 33.858034929237412 ], [ 135.160891993845979, 33.858329806106475 ], [ 135.162962078712866, 33.858411898937604 ], [ 135.167152420542124, 33.857721623362728 ], [ 135.170491639409533, 33.858091782211197 ], [ 135.1727047353138, 33.858114522103428 ], [ 135.173942154536491, 33.858288346565921 ], [ 135.175209802543321, 33.858691004677901 ], [ 135.176919559248404, 33.859682510108144 ], [ 135.17760659932614, 33.859662441497008 ] ] ] } },
{ "type": "Feature", "properties": { "CITY_NAME": "御坊市", "S_NAME": "名田町上野", "JINKO": 588, "medical_area": "30_御坊医療圏", "町丁目名": "御坊市名田町上野" }, "geometry": { "type": "Polygon", "coordinates": [ [ [ 135.192827386147258, 33.854676749139649 ], [ 135.195489890341975, 33.854050465952213 ], [ 135.196408286195577, 33.853570557465297 ], [ 135.197807612168475, 33.853943561200914 ], [ 135.198396157433848, 33.853688591091888 ], [ 135.199297125955468, 33.85388068847351 ], [ 135.20043137502995, 33.853690957063179 ], [ 135.200532957004128, 33.853026384198735 ], [ 135.200278612305368, 33.852197356043895 ], [ 135.200395382601215, 33.851687570165268 ], [ 135.200119623616217, 33.851073806341716 ], [ 135.200717940821704, 33.850554604193363 ], [ 135.201384984811028, 33.850515675848982 ], [ 135.201838129117306, 33.850673998308267 ], [ 135.202277150817451, 33.85046199923147 ], [ 135.202880166443379, 33.850435891709516 ], [ 135.203056943349452, 33.849643606488648 ], [ 135.203017581882307, 33.84799690431776 ], [ 135.203276032804723, 33.84678025622997 ], [ 135.203857210733901, 33.845809128748911 ], [ 135.203676783637519, 33.845000447738705 ], [ 135.203165659105593, 33.844506604579735 ], [ 135.202552636694293, 33.844614783600605 ], [ 135.202284695995445, 33.844160264787817 ], [ 135.201079751820515, 33.843232667603317 ], [ 135.198712528361369, 33.840738692095783 ], [ 135.198084039858429, 33.839864683133975 ], [ 135.198354530815266, 33.838448492523248 ], [ 135.198291473153574, 33.837380502318645 ], [ 135.19801417736997, 33.836476514274494 ], [ 135.196773540421418, 33.834361905494482 ], [ 135.196089486734252, 33.832089181264486 ], [ 135.194344557268863, 33.830607615209864 ], [ 135.193463121286328, 33.829439763870795 ], [ 135.193145400431348, 33.82825586563893 ], [ 135.193283356787759, 33.827558432986805 ], [ 135.192252365093111, 33.827123993714274 ], [ 135.189447525426431, 33.826758086771022 ], [ 135.188093558392325, 33.826771881211052 ], [ 135.186705123716678, 33.827092406868609 ], [ 135.184934820005196, 33.826393404072043 ], [ 135.184912513731149, 33.826787573109037 ], [ 135.184629022106606, 33.826831770796431 ], [ 135.184464313218257, 33.827228239811163 ], [ 135.18383483537778, 33.827311569683594 ], [ 135.183787757822557, 33.827149813263702 ], [ 135.183074538494111, 33.827279498400607 ], [ 135.182807957677568, 33.826006458392428 ], [ 135.183175518164461, 33.827799439900183 ], [ 135.181872931768112, 33.828106389748989 ], [ 135.181895849068241, 33.827862260129571 ], [ 135.181857679697998, 33.828121644417998 ], [ 135.179282735286193, 33.828749227277633 ], [ 135.175895985227555, 33.830812097400504 ], [ 135.178297831101645, 33.83199413237223 ], [ 135.178558754026767, 33.832255785699616 ], [ 135.179922714129418, 33.832707481290392 ], [ 135.180511723082333, 33.833119792690475 ], [ 135.180853173675075, 33.834223435159721 ], [ 135.180742325339963, 33.834792830867279 ], [ 135.180277030961776, 33.835638671734984 ], [ 135.181571459360157, 33.837123505770307 ], [ 135.181812462846835, 33.837787084858611 ], [ 135.18172440626148, 33.838746862842626 ], [ 135.182579581064545, 33.840121711689697 ], [ 135.1832755138864, 33.840819150088912 ], [ 135.186108419758597, 33.842822958267369 ], [ 135.188563105207948, 33.844021785994123 ], [ 135.189471974185636, 33.845341725928478 ], [ 135.191103093478119, 33.84668654002413 ], [ 135.191850414249757, 33.847912143375595 ], [ 135.192329447532614, 33.850101564352784 ], [ 135.192152943934332, 33.853927221802195 ], [ 135.191731352042524, 33.854992325355674 ], [ 135.19243658147002, 33.855143460192373 ], [ 135.192827386147258, 33.854676749139649 ] ] ] } },
{ "type": "Feature", "properties": { "CITY_NAME": "御坊市", "S_NAME": "名田町楠井", "JINKO": 540, "medical_area": "30_御坊医療圏", "町丁目名": "御坊市名田町楠井" }, "geometry": { "type": "Polygon", "coordinates": [ [ [ 135.207721615164814, 33.834516009919618 ], [ 135.205944391453215, 33.834236788715508 ], [ 135.205352956757821, 33.834291168123464 ], [ 135.204543778896806, 33.83381387774152 ], [ 135.203764333502846, 33.831895447924403 ], [ 135.20324262834032, 33.831804458552632 ], [ 135.202971216576799, 33.831591530805881 ], [ 135.20174901869089, 33.830085118921602 ], [ 135.202201867548183, 33.829008916968192 ], [ 135.20219216215321, 33.82828121757013 ], [ 135.2025748948071, 33.827120032213521 ], [ 135.202422709293444, 33.826748399156664 ], [ 135.203116951458242, 33.824339911239491 ], [ 135.203123866814082, 33.823730655498345 ], [ 135.202438619344235, 33.823260630650211 ], [ 135.202285519644732, 33.822851940309114 ], [ 135.20166368269733, 33.822652525114627 ], [ 135.201303321654052, 33.821534156255012 ], [ 135.200967723464856, 33.821030317946438 ], [ 135.200888829964697, 33.820393036499297 ], [ 135.201169755762919, 33.819977711584123 ], [ 135.201328155499709, 33.819135019551119 ], [ 135.201788251894129, 33.81850122485406 ], [ 135.201498330207272, 33.817978808223572 ], [ 135.201285041278965, 33.817791612294897 ], [ 135.201104262838783, 33.817910753993992 ], [ 135.200774093457625, 33.81763292114379 ], [ 135.200475327503398, 33.817046206108522 ], [ 135.200282472532649, 33.816876468741725 ], [ 135.200143866710192, 33.816970945485963 ], [ 135.199854094346762, 33.816569964106762 ], [ 135.199705308996357, 33.815837281800519 ], [ 135.199935309803635, 33.814782751573546 ], [ 135.199892430224423, 33.814086679088007 ], [ 135.199167206962755, 33.813217699390648 ], [ 135.196427749823755, 33.813706521873918 ], [ 135.195549892356098, 33.814479867161843 ], [ 135.195322919757331, 33.815989443089627 ], [ 135.194648340393655, 33.816626184963425 ], [ 135.193898551725766, 33.816877275047716 ], [ 135.193950519484957, 33.816744202270996 ], [ 135.193498276112308, 33.816133650065204 ], [ 135.193758135076052, 33.815834147810101 ], [ 135.193446668716007, 33.816111617837109 ], [ 135.193916984142191, 33.816747646513399 ], [ 135.193641510909799, 33.817020279983971 ], [ 135.191316241718738, 33.81786402739062 ], [ 135.1883918193586, 33.818129723683803 ], [ 135.187436076549488, 33.818560731127263 ], [ 135.186302130383581, 33.819335003809584 ], [ 135.185958579999351, 33.819681696590131 ], [ 135.184550081401909, 33.822626901212566 ], [ 135.184802703439885, 33.824243446206573 ], [ 135.183662451927063, 33.824303542666819 ], [ 135.182415111677386, 33.825400623454435 ], [ 135.183516575861461, 33.824529815175133 ], [ 135.184420069893775, 33.824490698739709 ], [ 135.184459666176309, 33.824755950049621 ], [ 135.184593562221693, 33.824742463852559 ], [ 135.184678405892356, 33.826305778265748 ], [ 135.184919361979212, 33.82628792576331 ], [ 135.186705123716678, 33.827092406868609 ], [ 135.188093558392325, 33.826771881211052 ], [ 135.189447525426431, 33.826758086771022 ], [ 135.192252365093111, 33.827123993714274 ], [ 135.193283356787759, 33.827558432986805 ], [ 135.193145400431348, 33.82825586563893 ], [ 135.193463121286328, 33.829439763870795 ], [ 135.194344557268863, 33.830607615209864 ], [ 135.196089486734252, 33.832089181264486 ], [ 135.196773540421418, 33.834361905494482 ], [ 135.19801417736997, 33.836476514274494 ], [ 135.198291473153574, 33.837380502318645 ], [ 135.198354530815266, 33.838448492523248 ], [ 135.198084039858429, 33.839864683133975 ], [ 135.198712528361369, 33.840738692095783 ], [ 135.201079751820515, 33.843232667603317 ], [ 135.202284695995445, 33.844160264787817 ], [ 135.20250220089298, 33.84306309267923 ], [ 135.202460077327572, 33.842016790078496 ], [ 135.203778544016643, 33.841414871604961 ], [ 135.204008549503754, 33.840870164915621 ], [ 135.204678718883997, 33.840676829795356 ], [ 135.204952699504446, 33.840387255130423 ], [ 135.206547073967045, 33.839875975216295 ], [ 135.206838045819637, 33.839244306826672 ], [ 135.2075676857269, 33.838531348314795 ], [ 135.208580176796119, 33.83796459876109 ], [ 135.208468046101075, 33.837674934863188 ], [ 135.208684979994814, 33.836601971239745 ], [ 135.208589580580878, 33.835898518330588 ], [ 135.20799543810989, 33.835421640926057 ], [ 135.207721615164814, 33.834516009919618 ] ] ] } },
{ "type": "Feature", "properties": { "CITY_NAME": "御坊市", "S_NAME": "明神川", "JINKO": 122, "medical_area": "30_御坊医療圏", "町丁目名": "御坊市明神川" }, "geometry": { "type": "Polygon", "coordinates": [ [ [ 135.201198841672408, 33.873414882848259 ], [ 135.201484712358479, 33.873411803867214 ], [ 135.201970378854753, 33.873954364672031 ], [ 135.202917775043147, 33.873424739737906 ], [ 135.20364722512133, 33.873358451322481 ], [ 135.204026870412719, 33.873515021368853 ], [ 135.20601937941899, 33.873281051880475 ], [ 135.206703508541864, 33.87343112269668 ], [ 135.20737552735747, 33.873182569737033 ], [ 135.208108823666123, 33.873330553426399 ], [ 135.208488249259233, 33.873190985536418 ], [ 135.209038974397004, 33.873257069038019 ], [ 135.209388517760601, 33.873070254154278 ], [ 135.20992073729397, 33.873266384956025 ], [ 135.209834069004216, 33.873590833103478 ], [ 135.210012460138387, 33.87412773161784 ], [ 135.210895503916959, 33.874155078633621 ], [ 135.212259388999684, 33.873536609451904 ], [ 135.212376595693229, 33.873186995523412 ], [ 135.212940791181325, 33.873046056124601 ], [ 135.213398575184357, 33.873487244913896 ], [ 135.214135192352416, 33.873274002232861 ], [ 135.214318179774438, 33.873145138558634 ], [ 135.214435123317372, 33.87251869764701 ], [ 135.215040092595757, 33.872332222543122 ], [ 135.214798927739452, 33.870613957059923 ], [ 135.214871407520633, 33.870102751876338 ], [ 135.215569658626691, 33.869815716893726 ], [ 135.215832331916772, 33.869346712289776 ], [ 135.216203215944745, 33.869233548875599 ], [ 135.216061679026183, 33.867838799285686 ], [ 135.216157822723517, 33.867111773405028 ], [ 135.215287496520403, 33.866614857012742 ], [ 135.214966172775405, 33.865233472433559 ], [ 135.21423476822838, 33.864598103619805 ], [ 135.213759154736039, 33.864457998823127 ], [ 135.213089448103659, 33.864665469896586 ], [ 135.212668544048711, 33.864544586991826 ], [ 135.212406672527806, 33.864695627740325 ], [ 135.211728284395548, 33.864680165775916 ], [ 135.211432029268678, 33.864363972795857 ], [ 135.210070134023795, 33.86416479279498 ], [ 135.207927934446104, 33.865161715425359 ], [ 135.207268332686226, 33.865141839768697 ], [ 135.206635130286998, 33.865582380304865 ], [ 135.206308192323661, 33.865408687249023 ], [ 135.205951195549716, 33.865454287863763 ], [ 135.20547758019211, 33.86625903403371 ], [ 135.204610829317659, 33.866396016034692 ], [ 135.204475297579421, 33.8667528322637 ], [ 135.203929104028646, 33.867314230456728 ], [ 135.20349417745615, 33.867257888493889 ], [ 135.202336779468368, 33.867476658977047 ], [ 135.201333348539436, 33.868090734671846 ], [ 135.200477530332989, 33.868048420291771 ], [ 135.200226885699436, 33.868287556509117 ], [ 135.199646091770575, 33.868262657598173 ], [ 135.199115450798018, 33.86815665331045 ], [ 135.198705926423742, 33.867811940205947 ], [ 135.198092397384812, 33.868291447587723 ], [ 135.196981932017394, 33.867487551157225 ], [ 135.196553138441573, 33.866919831539413 ], [ 135.195924900665347, 33.866967011226912 ], [ 135.195805794974262, 33.866854799181581 ], [ 135.195687874224461, 33.867040129088075 ], [ 135.194940841832789, 33.866932688533346 ], [ 135.194628147570967, 33.867664902669382 ], [ 135.194004174175461, 33.867688714483499 ], [ 135.19377643590164, 33.867473370341791 ], [ 135.192992776630007, 33.86757065680429 ], [ 135.192111248152486, 33.868207282477343 ], [ 135.191498499625197, 33.868258203226084 ], [ 135.190334072654224, 33.869254029101207 ], [ 135.190198336320265, 33.870056001709052 ], [ 135.190594173197042, 33.871584152511879 ], [ 135.191793768595431, 33.873282123460818 ], [ 135.192362773513395, 33.873810620447465 ], [ 135.196067464138309, 33.875994493905104 ], [ 135.196427198053641, 33.876998330394912 ], [ 135.196836066744368, 33.8775346365953 ], [ 135.19840335960464, 33.878546330363314 ], [ 135.199802560030776, 33.8789125434404 ], [ 135.199965929650006, 33.878417580023466 ], [ 135.199719120676804, 33.877951226901324 ], [ 135.199631592641396, 33.877275298038278 ], [ 135.199957832063205, 33.877110054938861 ], [ 135.200391278398513, 33.876295361297203 ], [ 135.200308113712794, 33.875921640759636 ], [ 135.200592651960363, 33.875281793576605 ], [ 135.200537603452517, 33.87421838289746 ], [ 135.200695659321894, 33.873830588605387 ], [ 135.201198841672408, 33.873414882848259 ] ] ] } },
{ "type": "Feature", "properties": { "CITY_NAME": "御坊市", "S_NAME": "塩屋町南塩屋", "JINKO": 0, "medical_area": "30_御坊医療圏", "町丁目名": "御坊市塩屋町南塩屋" }, "geometry": { "type": "Polygon", "coordinates": [ [ [ 135.156586607042613, 33.87164481022954 ], [ 135.157276513067217, 33.870024946276544 ], [ 135.157279705339249, 33.869699545018271 ], [ 135.156535463945517, 33.869483144226258 ], [ 135.15701366093657, 33.868440549509991 ], [ 135.156628993720688, 33.869426024028947 ], [ 135.158067802701709, 33.869921734500743 ], [ 135.15819189972558, 33.869666328372254 ], [ 135.157998589176401, 33.869608798856589 ], [ 135.158949794646816, 33.867324500427252 ], [ 135.153455528796741, 33.865437366920844 ], [ 135.154555803697889, 33.863233017563658 ], [ 135.155066302988871, 33.863111556232489 ], [ 135.15892930549245, 33.863871623323803 ], [ 135.159488015394061, 33.862110107823497 ], [ 135.158767681595009, 33.861950095694731 ], [ 135.158899570995288, 33.861501035692498 ], [ 135.159752601098262, 33.861689843187335 ], [ 135.160079307088438, 33.860002116223022 ], [ 135.158716366608644, 33.859792510529722 ], [ 135.158037297273097, 33.86159250369144 ], [ 135.157684927387152, 33.861931864999512 ], [ 135.157395604594967, 33.862006527183809 ], [ 135.157966447129184, 33.861550602365796 ], [ 135.158769718675188, 33.859534648222791 ], [ 135.158226070944067, 33.859422750052516 ], [ 135.158141210918444, 33.859044483317227 ], [ 135.155205634380707, 33.858533057084813 ], [ 135.156011329041092, 33.859574427352847 ], [ 135.155376332477573, 33.862279410394805 ], [ 135.153451656620717, 33.861930801413465 ], [ 135.153484306748197, 33.861804800557735 ], [ 135.146034005656219, 33.860469691172717 ], [ 135.14675264061799, 33.857421746806494 ], [ 135.147663032274096, 33.856944829990127 ], [ 135.158212220578747, 33.85896649895885 ], [ 135.158644324667023, 33.858544703377611 ], [ 135.146918296315818, 33.856247425738843 ], [ 135.1411028846818, 33.868700584111068 ], [ 135.152284812304828, 33.875478107594901 ], [ 135.153720968150907, 33.874475929948254 ], [ 135.15586076609722, 33.872639497235362 ], [ 135.156586607042613, 33.87164481022954 ] ] ] } },
{ "type": "Feature", "properties": { "CITY_NAME": "美浜町", "S_NAME": "大字和田", "JINKO": 2640, "medical_area": "30_御坊医療圏", "町丁目名": "美浜町大字和田" }, "geometry": { "type": "Polygon", "coordinates": [ [ [ 135.133568520726612, 33.915944778053209 ], [ 135.133841691791531, 33.915942188403839 ], [ 135.133647094944479, 33.91533408202671 ], [ 135.133703155096526, 33.914928057135008 ], [ 135.134417829850094, 33.914265617513003 ], [ 135.134257310420764, 33.913327967299068 ], [ 135.134359186407409, 33.91306961727097 ], [ 135.13518181713016, 33.911945446004083 ], [ 135.136355203697519, 33.911231415625309 ], [ 135.137799597597279, 33.911054022794886 ], [ 135.138435991364503, 33.910129552416507 ], [ 135.138736104470155, 33.909343462686131 ], [ 135.139086794117105, 33.908971751764064 ], [ 135.139979876853346, 33.908790058265922 ], [ 135.140337318346553, 33.908013660586533 ], [ 135.140115113729365, 33.906718468744373 ], [ 135.139479077523958, 33.905952751245458 ], [ 135.138757310937876, 33.905843043965973 ], [ 135.138616104469463, 33.90565413247311 ], [ 135.136431753314213, 33.904953648599857 ], [ 135.135965719275987, 33.904632997478913 ], [ 135.136051846878559, 33.904192102989505 ], [ 135.133862922215968, 33.904042780370013 ], [ 135.133971453598775, 33.902420683023657 ], [ 135.135530728326273, 33.902271165868697 ], [ 135.136605371991863, 33.902483521103676 ], [ 135.136638355990868, 33.901446782263442 ], [ 135.138932258450552, 33.902089560362654 ], [ 135.139653151657569, 33.902493967057595 ], [ 135.140973933082137, 33.899925037345362 ], [ 135.140788710734427, 33.899863734931955 ], [ 135.14049016972848, 33.900346544515429 ], [ 135.138961120688037, 33.899987784548308 ], [ 135.139132328550488, 33.898978773023202 ], [ 135.140030269007156, 33.899077587619352 ], [ 135.141188743668096, 33.89953673357266 ], [ 135.141985939208155, 33.89823130434285 ], [ 135.141492980369208, 33.898180120588037 ], [ 135.140843354344383, 33.898658233990091 ], [ 135.140374672193275, 33.898612003808978 ], [ 135.139096631969039, 33.898259644902751 ], [ 135.139114988697798, 33.898054942392655 ], [ 135.138082340909222, 33.897627086330047 ], [ 135.138003227257002, 33.896799604476435 ], [ 135.138262675843265, 33.896248063766734 ], [ 135.138093816541613, 33.895750959713844 ], [ 135.139029806597136, 33.894901028626052 ], [ 135.139010127865077, 33.894100030736816 ], [ 135.138329938366667, 33.893130447248424 ], [ 135.136249297803346, 33.887261226642686 ], [ 135.126525110127517, 33.890517860085794 ], [ 135.114471550832121, 33.893416725883384 ], [ 135.112869436834302, 33.893416643895037 ], [ 135.110748770908685, 33.893141912981022 ], [ 135.110626839421116, 33.892837032173404 ], [ 135.11013861558493, 33.892562337642644 ], [ 135.109146725462637, 33.892501236282634 ], [ 135.109192568162001, 33.892307867337529 ], [ 135.108780644365822, 33.891779020810326 ], [ 135.108313916687365, 33.891818761331599 ], [ 135.107801331166911, 33.89510893398122 ], [ 135.107638516913255, 33.895357662410774 ], [ 135.105140590124364, 33.897038781301461 ], [ 135.104894810859889, 33.898244405333912 ], [ 135.103343903001985, 33.899423946845545 ], [ 135.102823340305747, 33.899599638083068 ], [ 135.102850186529651, 33.900183179544612 ], [ 135.103387494153452, 33.901259813648885 ], [ 135.103791399271245, 33.901692400361839 ], [ 135.103852707828878, 33.902341555055834 ], [ 135.104072398507896, 33.902724204274428 ], [ 135.10460622591944, 33.902817384901439 ], [ 135.10578202866003, 33.902450192236465 ], [ 135.10716619223237, 33.902458930744842 ], [ 135.107985276061811, 33.902252128741324 ], [ 135.108301307963274, 33.902844094062203 ], [ 135.108303380878453, 33.904514432808767 ], [ 135.10986837607706, 33.903641873212038 ], [ 135.111182772090615, 33.903489195862846 ], [ 135.113568544491955, 33.903696239697844 ], [ 135.114015735421759, 33.904065859272421 ], [ 135.115642640882214, 33.904794144049482 ], [ 135.116002708712898, 33.90382370748415 ], [ 135.116693448768785, 33.90284761578463 ], [ 135.117104599677475, 33.902582900880816 ], [ 135.118740751744383, 33.90329189592488 ], [ 135.119393497786376, 33.903174981642643 ], [ 135.12081173645177, 33.903331027514163 ], [ 135.122402884300385, 33.902653343705374 ], [ 135.123461935114591, 33.902544514634116 ], [ 135.125078358042913, 33.902914368010983 ], [ 135.126349485278524, 33.902883793941442 ], [ 135.127442220172895, 33.90349164548357 ], [ 135.129679744048161, 33.903401940915408 ], [ 135.129702725917213, 33.903967710074113 ], [ 135.130787562590143, 33.903765881730166 ], [ 135.130982255788666, 33.904343285726853 ], [ 135.131440399367762, 33.904314534192011 ], [ 135.131505608999248, 33.904598712440553 ], [ 135.13131167663434, 33.904746672460192 ], [ 135.131797729561356, 33.90485687697327 ], [ 135.131639063509368, 33.905226256964909 ], [ 135.132903050406668, 33.906465397081959 ], [ 135.132902518684659, 33.906877306917785 ], [ 135.133331040472342, 33.9071062794564 ], [ 135.133410471204911, 33.907329839416896 ], [ 135.133290901304321, 33.90740014084512 ], [ 135.133469381775171, 33.907745125658082 ], [ 135.13338394235501, 33.908116148541829 ], [ 135.13291476636951, 33.908239778105667 ], [ 135.132821279905016, 33.908537490497885 ], [ 135.133494815528309, 33.909274905618688 ], [ 135.133320943033311, 33.909577265923943 ], [ 135.133479661820331, 33.910013961020837 ], [ 135.132485417535889, 33.91213486238815 ], [ 135.132857191413365, 33.912714774645586 ], [ 135.132552956536216, 33.913375724571139 ], [ 135.132833864054646, 33.913827084511375 ], [ 135.132824221949903, 33.914279360557011 ], [ 135.132448112915853, 33.914686938329325 ], [ 135.132359090689818, 33.915035113810411 ], [ 135.133393675547012, 33.915564460734231 ], [ 135.133568520726612, 33.915944778053209 ] ] ] } },
{ "type": "Feature", "properties": { "CITY_NAME": "美浜町", "S_NAME": "大字和田", "JINKO": 563, "medical_area": "30_御坊医療圏", "町丁目名": "美浜町大字和田" }, "geometry": { "type": "Polygon", "coordinates": [ [ [ 135.137847368306637, 33.916084517385052 ], [ 135.138938270400729, 33.915191399959475 ], [ 135.140083008008048, 33.914639562038133 ], [ 135.140807092059589, 33.91490480412795 ], [ 135.140951634246107, 33.914416840747599 ], [ 135.14135117329198, 33.91401926195838 ], [ 135.142244788632695, 33.91427891507324 ], [ 135.143650650558385, 33.910603436327342 ], [ 135.143928659233694, 33.909496689940674 ], [ 135.14425446370123, 33.909390196980027 ], [ 135.143776442805262, 33.907861918862096 ], [ 135.143441492524346, 33.907531215706562 ], [ 135.143620021576254, 33.90746934416245 ], [ 135.143657089058735, 33.906878917385711 ], [ 135.144500079900354, 33.904491742030146 ], [ 135.144393960360446, 33.904281808054961 ], [ 135.145481684197165, 33.904610400529386 ], [ 135.145638645403778, 33.904160268176156 ], [ 135.145839762050457, 33.904229985003091 ], [ 135.146029203385353, 33.903639766846865 ], [ 135.144990863035218, 33.903383367124547 ], [ 135.145716070338551, 33.901449959360143 ], [ 135.142057064674958, 33.9004190104624 ], [ 135.140973933082137, 33.899925037345362 ], [ 135.139653151657569, 33.902493967057595 ], [ 135.138932258450552, 33.902089560362654 ], [ 135.136638355990868, 33.901446782263442 ], [ 135.136605371991863, 33.902483521103676 ], [ 135.135530728326273, 33.902271165868697 ], [ 135.133971453598775, 33.902420683023657 ], [ 135.133862922215968, 33.904042780370013 ], [ 135.136051846878559, 33.904192102989505 ], [ 135.135965719275987, 33.904632997478913 ], [ 135.136431753314213, 33.904953648599857 ], [ 135.138616104469463, 33.90565413247311 ], [ 135.138757310937876, 33.905843043965973 ], [ 135.139479077523958, 33.905952751245458 ], [ 135.140198782784381, 33.907009815319917 ], [ 135.140337318346553, 33.908013660586533 ], [ 135.139979876853346, 33.908790058265922 ], [ 135.139086794117105, 33.908971751764064 ], [ 135.138856746347102, 33.909199909449022 ], [ 135.137799597597279, 33.911054022794886 ], [ 135.136355203697519, 33.911231415625309 ], [ 135.13518181713016, 33.911945446004083 ], [ 135.134257310420764, 33.913327967299068 ], [ 135.134417829850094, 33.914265617513003 ], [ 135.133703155096526, 33.914928057135008 ], [ 135.133647094944479, 33.91533408202671 ], [ 135.133841691791531, 33.915942188403839 ], [ 135.134557969552503, 33.915950456062603 ], [ 135.135313828153244, 33.91571162677949 ], [ 135.136879729084228, 33.91655614953001 ], [ 135.137847368306637, 33.916084517385052 ] ] ] } },
{ "type": "Feature", "properties": { "CITY_NAME": "美浜町", "S_NAME": "大字吉原", "JINKO": 968, "medical_area": "30_御坊医療圏", "町丁目名": "美浜町大字吉原" }, "geometry": { "type": "Polygon", "coordinates": [ [ [ 135.140843354344383, 33.898658233990091 ], [ 135.141754508899567, 33.898178980561404 ], [ 135.141807991973877, 33.897898872619074 ], [ 135.142467951101168, 33.897780335006793 ], [ 135.144032341923264, 33.896219881504386 ], [ 135.146153359045314, 33.893283979496537 ], [ 135.146327862178026, 33.892782132090076 ], [ 135.146221881145152, 33.891171793219584 ], [ 135.146692792015017, 33.890410676050429 ], [ 135.149665036510726, 33.889147037256166 ], [ 135.150467828082611, 33.888564716714477 ], [ 135.150622534555481, 33.887745765479934 ], [ 135.149658773686667, 33.886200642389767 ], [ 135.147882888786711, 33.886543932438052 ], [ 135.14687964624045, 33.887623400192204 ], [ 135.146491111434699, 33.888485669750743 ], [ 135.146206982249964, 33.888707691461377 ], [ 135.145493271817088, 33.887724252258188 ], [ 135.140233038550974, 33.889572311992083 ], [ 135.139815603975251, 33.888098552017496 ], [ 135.138719197658332, 33.886333092033865 ], [ 135.136249297803346, 33.887261226642686 ], [ 135.138329938366667, 33.893130447248424 ], [ 135.139010127865077, 33.894100030736816 ], [ 135.139029806597136, 33.894901028626052 ], [ 135.138093816541613, 33.895750959713844 ], [ 135.138262675843265, 33.896248063766734 ], [ 135.138003227257002, 33.896799604476435 ], [ 135.138082340909222, 33.897627086330047 ], [ 135.139114988697798, 33.898054942392655 ], [ 135.139096631969039, 33.898259644902751 ], [ 135.140009190522676, 33.898542683349625 ], [ 135.140843354344383, 33.898658233990091 ] ] ] } },
{ "type": "Feature", "properties": { "CITY_NAME": "美浜町", "S_NAME": "大字吉原", "JINKO": 884, "medical_area": "30_御坊医療圏", "町丁目名": "美浜町大字吉原" }, "geometry": { "type": "Polygon", "coordinates": [ [ [ 135.145444660852434, 33.88773758027677 ], [ 135.146206982249964, 33.888707691461377 ], [ 135.146491111434699, 33.888485669750743 ], [ 135.14687964624045, 33.887623400192204 ], [ 135.147882888786711, 33.886543932438052 ], [ 135.149658773686667, 33.886200642389767 ], [ 135.14908713730361, 33.88512873570378 ], [ 135.148591098714604, 33.885089525476722 ], [ 135.147520868537441, 33.884434952223195 ], [ 135.147114909113583, 33.884007833506544 ], [ 135.147507038144056, 33.883751340033193 ], [ 135.14597537893269, 33.882347931741648 ], [ 135.141325067473218, 33.885239199642413 ], [ 135.138719197658332, 33.886333092033865 ], [ 135.139815603975251, 33.888098552017496 ], [ 135.140233038550974, 33.889572311992083 ], [ 135.145444660852434, 33.88773758027677 ] ] ] } },
{ "type": "Feature", "properties": { "CITY_NAME": "美浜町", "S_NAME": "大字田井", "JINKO": 790, "medical_area": "30_御坊医療圏", "町丁目名": "美浜町大字田井" }, "geometry": { "type": "Polygon", "coordinates": [ [ [ 135.145716070338551, 33.901449959360143 ], [ 135.146463390005152, 33.899082240154264 ], [ 135.146673201613112, 33.897487017805318 ], [ 135.146784329245548, 33.897541318391944 ], [ 135.146979356266968, 33.896922395020198 ], [ 135.147153773791842, 33.896974315092152 ], [ 135.148024927505588, 33.895523703757966 ], [ 135.148724349568141, 33.895748589737174 ], [ 135.148926867759172, 33.895274819657303 ], [ 135.149060825492114, 33.89532632114495 ], [ 135.149018602389447, 33.89493341160842 ], [ 135.149896645983091, 33.892426316226185 ], [ 135.150322084633615, 33.890613548905286 ], [ 135.150785663184422, 33.889580300609232 ], [ 135.150791993412611, 33.889272793308763 ], [ 135.150579741655719, 33.889214150955347 ], [ 135.151418032150417, 33.888525347782775 ], [ 135.151599409477086, 33.887194219431663 ], [ 135.152228923650654, 33.885843214746188 ], [ 135.152168197528169, 33.884635090577483 ], [ 135.152778534810977, 33.883367486420603 ], [ 135.152904133601226, 33.88244802556747 ], [ 135.151356880375374, 33.882465267602726 ], [ 135.150012106909315, 33.883084430711186 ], [ 135.149509994591227, 33.882592979955859 ], [ 135.148791224417465, 33.882583929666694 ], [ 135.147187221351544, 33.881442328086003 ], [ 135.14597537893269, 33.882347931741648 ], [ 135.147507038144056, 33.883751340033193 ], [ 135.147114909113583, 33.884007833506544 ], [ 135.147520868537441, 33.884434952223195 ], [ 135.148591098714604, 33.885089525476722 ], [ 135.14908713730361, 33.88512873570378 ], [ 135.150622534555481, 33.887745765479949 ], [ 135.150467828082611, 33.888564716714512 ], [ 135.149665036510726, 33.889147037256166 ], [ 135.146692792015017, 33.890410676050429 ], [ 135.146221881145152, 33.891171793219584 ], [ 135.146256140589088, 33.8930640838499 ], [ 135.144254828943929, 33.895948972263973 ], [ 135.142467951101168, 33.897780335006793 ], [ 135.141807991973877, 33.897898872619074 ], [ 135.141759534869692, 33.898132527051018 ], [ 135.141985939208155, 33.89823130434285 ], [ 135.141188743668096, 33.89953673357266 ], [ 135.140030269007156, 33.899077587619352 ], [ 135.139132328550488, 33.898978773023202 ], [ 135.138927222914418, 33.89991443452363 ], [ 135.14049016972848, 33.900346544515429 ], [ 135.140788710734427, 33.899863734931955 ], [ 135.142057064674958, 33.9004190104624 ], [ 135.145716070338551, 33.901449959360143 ] ] ] } },
{ "type": "Feature", "properties": { "CITY_NAME": "美浜町", "S_NAME": "大字浜ノ瀬", "JINKO": 0, "medical_area": "30_御坊医療圏", "町丁目名": "美浜町大字浜ノ瀬" }, "geometry": { "type": "Polygon", "coordinates": [ [ [ 135.152904133601226, 33.88244802556747 ], [ 135.153914912798371, 33.881575077212403 ], [ 135.153986554109281, 33.881357638198068 ], [ 135.154299540868266, 33.880058962652122 ], [ 135.154188838634724, 33.878013420725644 ], [ 135.1544231496446, 33.876867036369063 ], [ 135.152284812304828, 33.875478107594901 ], [ 135.151867986605168, 33.875983235425835 ], [ 135.153119010040911, 33.877041217365239 ], [ 135.153485320977921, 33.87716319674734 ], [ 135.153607244293966, 33.877773601815989 ], [ 135.153530850121996, 33.878353341051614 ], [ 135.15339362336934, 33.878378882248853 ], [ 135.153462241796149, 33.878597425840631 ], [ 135.153241153337177, 33.878846520117335 ], [ 135.153485363005331, 33.879131494912407 ], [ 135.153210625114269, 33.879065368394286 ], [ 135.15342423293788, 33.87948227218164 ], [ 135.153325036680997, 33.879599219702072 ], [ 135.153576673958355, 33.879695897657889 ], [ 135.153836137201466, 33.880611384942299 ], [ 135.153485296591441, 33.88167933015135 ], [ 135.152755403131664, 33.882114541641265 ], [ 135.152681478791266, 33.88241761457099 ], [ 135.152904133601226, 33.88244802556747 ] ] ] } },
{ "type": "Feature", "properties": { "CITY_NAME": "美浜町", "S_NAME": "大字浜ノ瀬", "JINKO": 444, "medical_area": "30_御坊医療圏", "町丁目名": "美浜町大字浜ノ瀬" }, "geometry": { "type": "Polygon", "coordinates": [ [ [ 135.150012106909315, 33.883084430711186 ], [ 135.151356880375374, 33.882465267602726 ], [ 135.152681478791266, 33.88241761457099 ], [ 135.152755403131692, 33.882114541641258 ], [ 135.153485296591441, 33.881679330151385 ], [ 135.153836137201466, 33.880611384942299 ], [ 135.153576673958355, 33.879695897657889 ], [ 135.153325036680997, 33.879599219702094 ], [ 135.15342423293788, 33.87948227218164 ], [ 135.153210625114326, 33.879065368394286 ], [ 135.153485363005331, 33.879131494912407 ], [ 135.153241153337177, 33.878846520117335 ], [ 135.153462241796149, 33.878597425840624 ], [ 135.15339362336934, 33.878378882248853 ], [ 135.153530850121996, 33.878353341051614 ], [ 135.153515573426688, 33.877203976642896 ], [ 135.153119010040911, 33.877041217365239 ], [ 135.151867986605168, 33.875983235425856 ], [ 135.151608561077808, 33.876095135195612 ], [ 135.150937282190057, 33.875891878405085 ], [ 135.15116612489868, 33.877234442973332 ], [ 135.150937186885329, 33.878037964311574 ], [ 135.15025059805896, 33.878912564611447 ], [ 135.147187221351544, 33.881442328086003 ], [ 135.148791224417465, 33.882583929666694 ], [ 135.149509994591227, 33.882592979955859 ], [ 135.150012106909315, 33.883084430711186 ] ] ] } },
{ "type": "Feature", "properties": { "CITY_NAME": "美浜町", "S_NAME": "大字三尾", "JINKO": 0, "medical_area": "30_御坊医療圏", "町丁目名": "美浜町大字三尾" }, "geometry": { "type": "Polygon", "coordinates": [ [ [ 135.078279008676276, 33.886467132943181 ], [ 135.078116566121196, 33.8862420756763 ], [ 135.078316497279644, 33.885925474444896 ], [ 135.077766614604371, 33.885625543658904 ], [ 135.077229097458286, 33.886375487070708 ], [ 135.078279008676276, 33.886467132943181 ] ] ] } },
{ "type": "Feature", "properties": { "CITY_NAME": "美浜町", "S_NAME": "大字三尾", "JINKO": 578, "medical_area": "30_御坊医療圏", "町丁目名": "美浜町大字三尾" }, "geometry": { "type": "Polygon", "coordinates": [ [ [ 135.090657740859143, 33.900763798346901 ], [ 135.091003172481123, 33.899875330680267 ], [ 135.091937523116798, 33.900056732887734 ], [ 135.093564863217011, 33.90146301625132 ], [ 135.095075769084161, 33.90156297484917 ], [ 135.095577052781692, 33.901343923352009 ], [ 135.096394760421532, 33.901349902064212 ], [ 135.097135275248604, 33.901731863267884 ], [ 135.099055515736381, 33.901359180902446 ], [ 135.100333806353831, 33.901562331172165 ], [ 135.101634449106655, 33.901276807523523 ], [ 135.102264616009876, 33.901453672838301 ], [ 135.103387494153452, 33.901259813648885 ], [ 135.102850186529651, 33.900183179544612 ], [ 135.102823340305747, 33.899599638083068 ], [ 135.103343903001985, 33.899423946845545 ], [ 135.104894810859889, 33.898244405333912 ], [ 135.105140590124364, 33.897038781301461 ], [ 135.107638516913255, 33.895357662410774 ], [ 135.107801331166911, 33.89510893398122 ], [ 135.108313916687365, 33.891818761331599 ], [ 135.108063517320403, 33.891840197600722 ], [ 135.107376913338896, 33.891280767046865 ], [ 135.106156468881352, 33.891229684052867 ], [ 135.103120025178157, 33.889754874506046 ], [ 135.101990928369844, 33.889612706554331 ], [ 135.099717596822131, 33.888453137747121 ], [ 135.099061510391607, 33.888727846429475 ], [ 135.097841060178467, 33.888697250735255 ], [ 135.096269509551064, 33.888249497372875 ], [ 135.095552330011543, 33.888229321998772 ], [ 135.095170961638615, 33.888473339128474 ], [ 135.094331903042217, 33.888341259463779 ], [ 135.093126433739826, 33.888748137498453 ], [ 135.091875387369043, 33.888615836467018 ], [ 135.091936246870972, 33.888036033429117 ], [ 135.091631286607424, 33.887507075153408 ], [ 135.091158290207687, 33.887557976558362 ], [ 135.091020811852047, 33.887252965228612 ], [ 135.090410567816917, 33.887120848687744 ], [ 135.090273331394826, 33.886896980238873 ], [ 135.089586689293554, 33.887008850748003 ], [ 135.089418965648605, 33.886785038548567 ], [ 135.08883899792383, 33.886784992897688 ], [ 135.088457686171267, 33.887364687690585 ], [ 135.088015166372486, 33.887201958283676 ], [ 135.087877699006697, 33.887334350081503 ], [ 135.086413082438412, 33.887313819476013 ], [ 135.085634838931469, 33.886866433623595 ], [ 135.08491793803276, 33.887201900793471 ], [ 135.083651360186622, 33.886866406239555 ], [ 135.082934459420585, 33.887090293237442 ], [ 135.081820717875644, 33.887090343205543 ], [ 135.081637333986464, 33.887313954564057 ], [ 135.08213357603023, 33.887645144804331 ], [ 135.080678563366149, 33.888523867259515 ], [ 135.080764877942613, 33.888797401009555 ], [ 135.082484050748917, 33.887764382128125 ], [ 135.082705624573151, 33.887781826096237 ], [ 135.083239485987377, 33.888280102850828 ], [ 135.08320889765173, 33.888534572362445 ], [ 135.082125668258413, 33.889226108010405 ], [ 135.082659749716839, 33.889917664667074 ], [ 135.082598668849556, 33.890172189327018 ], [ 135.081912008873957, 33.890700996843286 ], [ 135.080111594655563, 33.89089427549721 ], [ 135.077517978045108, 33.88880922117886 ], [ 135.075992265713779, 33.887863294761146 ], [ 135.073230544111908, 33.887090385895029 ], [ 135.071933720137707, 33.88630713915628 ], [ 135.070835199424891, 33.884730698024221 ], [ 135.069172023496407, 33.882838667452333 ], [ 135.068683801916535, 33.882472667054323 ], [ 135.067127538290663, 33.882065650540277 ], [ 135.065830641630953, 33.881363892665313 ], [ 135.060887197293937, 33.879950120088488 ], [ 135.059453156179075, 33.879726213073297 ], [ 135.058705449401401, 33.879787420143522 ], [ 135.058263028934931, 33.879563430872146 ], [ 135.057713933336089, 33.879787308731835 ], [ 135.058093309082238, 33.879999970250672 ], [ 135.058071706227707, 33.880313954676403 ], [ 135.059688867816845, 33.881073642143768 ], [ 135.059989381712626, 33.881995414099308 ], [ 135.061502722047948, 33.881976334622117 ], [ 135.063038152967181, 33.883290775334594 ], [ 135.063377815136789, 33.88374048066747 ], [ 135.063405420527943, 33.88402779039685 ], [ 135.062964735500145, 33.884430170214607 ], [ 135.062825462007623, 33.884887096148276 ], [ 135.06453280668822, 33.886111247820736 ], [ 135.065288894043761, 33.887287319574057 ], [ 135.065630786235999, 33.888389103713841 ], [ 135.066550825786038, 33.88875935044242 ], [ 135.067741940751603, 33.888558013170822 ], [ 135.068103518552562, 33.888767393433014 ], [ 135.068388332167132, 33.889559957653624 ], [ 135.068972001561178, 33.889757766578981 ], [ 135.069303744140029, 33.889556705506202 ], [ 135.070719941601709, 33.88927800496807 ], [ 135.071320050366694, 33.889307164148917 ], [ 135.071664311902225, 33.890205400337116 ], [ 135.071705315069892, 33.890928372826302 ], [ 135.072032244286447, 33.891164811161147 ], [ 135.072372696559398, 33.892409137648542 ], [ 135.072881962972815, 33.89271822331596 ], [ 135.073145615625094, 33.893168027229471 ], [ 135.073155006653849, 33.893432652741723 ], [ 135.072645148855599, 33.894304196189701 ], [ 135.072192308973911, 33.89668235812357 ], [ 135.073414712966382, 33.896909173371363 ], [ 135.073882648794438, 33.897254714757381 ], [ 135.075069754564993, 33.897364467226815 ], [ 135.075559889191965, 33.897908513990338 ], [ 135.076858523891019, 33.898589890135568 ], [ 135.07717859089712, 33.899091385640531 ], [ 135.077571899961214, 33.899113198422597 ], [ 135.078200426259997, 33.899790684638347 ], [ 135.078711723837671, 33.89991662930796 ], [ 135.080007196751779, 33.899763430970154 ], [ 135.080735486651804, 33.900135254414664 ], [ 135.08360525478713, 33.900003857572791 ], [ 135.083858150521195, 33.900321281314319 ], [ 135.085995299452776, 33.901365028179193 ], [ 135.087449199538241, 33.902639235579414 ], [ 135.088694506704854, 33.902351888861688 ], [ 135.088722049364549, 33.902056827067334 ], [ 135.088956067129573, 33.901854994815444 ], [ 135.089854611692886, 33.901598606112977 ], [ 135.090333797645087, 33.900946943004989 ], [ 135.090657740859143, 33.900763798346901 ] ] ] } },
{ "type": "Feature", "properties": { "CITY_NAME": "日高町", "S_NAME": "大字原谷", "JINKO": 356, "medical_area": "30_御坊医療圏", "町丁目名": "日高町大字原谷" }, "geometry": { "type": "Polygon", "coordinates": [ [ [ 135.176854038335875, 33.9805981964587 ], [ 135.177626550641207, 33.979906468519395 ], [ 135.177787454604356, 33.979097531887376 ], [ 135.176662572801831, 33.976093077244485 ], [ 135.176091219723617, 33.975294585542827 ], [ 135.174048053576655, 33.974740930109803 ], [ 135.173410637868926, 33.973626004503309 ], [ 135.17334748925191, 33.972978828950474 ], [ 135.173962878850517, 33.97143883893591 ], [ 135.173869711214451, 33.968963896644766 ], [ 135.173973458446682, 33.968323329069946 ], [ 135.174577424744598, 33.967287154595006 ], [ 135.17457226562118, 33.96602642831288 ], [ 135.174943558059397, 33.964614668035416 ], [ 135.1759969391141, 33.964614529290763 ], [ 135.177695110339442, 33.964064198854352 ], [ 135.177893899148927, 33.962546603481243 ], [ 135.177840038481918, 33.961616042454949 ], [ 135.177583145312184, 33.960834156853842 ], [ 135.177502341848765, 33.957291706366277 ], [ 135.178149009759665, 33.956073355588906 ], [ 135.177571626214529, 33.955905663867028 ], [ 135.176241376471864, 33.954993196813618 ], [ 135.174780816168209, 33.954589532469001 ], [ 135.174346636930096, 33.953966484360436 ], [ 135.174255474984363, 33.953323757555673 ], [ 135.173881616957203, 33.952764666412612 ], [ 135.172444073518477, 33.952117713063338 ], [ 135.17098545366656, 33.951781084450324 ], [ 135.169821680846383, 33.951336965791363 ], [ 135.169511906340404, 33.951067501622603 ], [ 135.167476138781751, 33.95053901031141 ], [ 135.166411145308643, 33.94991027397721 ], [ 135.165241595443717, 33.950055622958025 ], [ 135.164712612744893, 33.949897497891762 ], [ 135.163789883558024, 33.950472483113209 ], [ 135.162896613950494, 33.950133952301776 ], [ 135.161591333837009, 33.95024298523154 ], [ 135.160967634246759, 33.949289665559533 ], [ 135.160063407471284, 33.948950753838233 ], [ 135.159552117164651, 33.948567608547854 ], [ 135.159540168120742, 33.947934294315814 ], [ 135.159312135655995, 33.947607600245234 ], [ 135.158885535484728, 33.947422117000656 ], [ 135.157873064070174, 33.947365055101749 ], [ 135.156785014624887, 33.947635847371501 ], [ 135.156891083218767, 33.946941213144555 ], [ 135.156534902841031, 33.946874960861869 ], [ 135.155631090492307, 33.947035853659493 ], [ 135.155148897409703, 33.947928234287687 ], [ 135.154674090764644, 33.948285761408947 ], [ 135.154098878616992, 33.948309146594745 ], [ 135.152901852473832, 33.94792338388271 ], [ 135.152346296962548, 33.948257807323444 ], [ 135.152153288055587, 33.948732357127327 ], [ 135.151359202973282, 33.948726612351685 ], [ 135.149669346281087, 33.949354262812228 ], [ 135.147315781046046, 33.949187273467764 ], [ 135.147415812978721, 33.948461190110464 ], [ 135.146990184597655, 33.947612006483318 ], [ 135.145822198676115, 33.949107464089295 ], [ 135.144138796368907, 33.950372232867409 ], [ 135.143391915194428, 33.951502906922912 ], [ 135.141378350052435, 33.952888736717348 ], [ 135.141007880664404, 33.954389850822515 ], [ 135.140958570649929, 33.955361968779151 ], [ 135.140061384884859, 33.956157422848804 ], [ 135.139387808550453, 33.957056711637712 ], [ 135.138594341798211, 33.957453641853597 ], [ 135.138611921077569, 33.958361144611111 ], [ 135.13884980026944, 33.958871933842886 ], [ 135.140197496701006, 33.959723649886328 ], [ 135.140635934359494, 33.961358611213974 ], [ 135.140644700636273, 33.962422417042781 ], [ 135.140855889819107, 33.963413673904995 ], [ 135.141050571683451, 33.963666069830865 ], [ 135.142445683929907, 33.964174203826872 ], [ 135.143175162650579, 33.964778276587232 ], [ 135.144322818959637, 33.966180059437107 ], [ 135.144898469871947, 33.967250047914781 ], [ 135.146904539783833, 33.968724104273662 ], [ 135.147598542989215, 33.96979039114477 ], [ 135.148668185735715, 33.970327341008833 ], [ 135.149442889260428, 33.971551825865085 ], [ 135.15051156403004, 33.972104110697131 ], [ 135.151013198845931, 33.972736859542046 ], [ 135.151287426164345, 33.973403537248572 ], [ 135.152789555399011, 33.974342392681933 ], [ 135.153891333312629, 33.975954674771039 ], [ 135.155172514531415, 33.975578327803177 ], [ 135.155463529306644, 33.975653721804711 ], [ 135.156209678643592, 33.975374555875852 ], [ 135.156776895072994, 33.975364639324582 ], [ 135.156909416056124, 33.974966167735204 ], [ 135.157805396440693, 33.975481706058773 ], [ 135.159202283760578, 33.975656364658811 ], [ 135.160713300513578, 33.976546994815799 ], [ 135.161144570900916, 33.977485196169987 ], [ 135.163446934386343, 33.978399620566002 ], [ 135.16390468162777, 33.978735463077619 ], [ 135.164668662006591, 33.979737303764885 ], [ 135.165778396333678, 33.980001627436891 ], [ 135.167230679588073, 33.981034171467549 ], [ 135.167963044723251, 33.981850252807085 ], [ 135.170505235829467, 33.982605554607318 ], [ 135.17118464356642, 33.982958641030656 ], [ 135.172119312842256, 33.983111570748136 ], [ 135.173138543196274, 33.98363189531527 ], [ 135.174426429232625, 33.983704635226076 ], [ 135.175471390042105, 33.984040854578033 ], [ 135.176484054504954, 33.982895305862627 ], [ 135.176854038335875, 33.9805981964587 ] ] ] } },
{ "type": "Feature", "properties": { "CITY_NAME": "日高町", "S_NAME": "大字萩原", "JINKO": 1009, "medical_area": "30_御坊医療圏", "町丁目名": "日高町大字萩原" }, "geometry": { "type": "Polygon", "coordinates": [ [ [ 135.145239480119443, 33.949662690962896 ], [ 135.146990184597655, 33.947612006483318 ], [ 135.147415812978721, 33.948461190110464 ], [ 135.147315781046046, 33.949187273467764 ], [ 135.149669346281087, 33.949354262812228 ], [ 135.151359202973282, 33.948726612351685 ], [ 135.152153288055587, 33.948732357127327 ], [ 135.152346296962548, 33.948257807323444 ], [ 135.152901852473832, 33.94792338388271 ], [ 135.154098878616992, 33.948309146594745 ], [ 135.154674090764644, 33.948285761408947 ], [ 135.155148897409703, 33.947928234287687 ], [ 135.155631090492307, 33.947035853659493 ], [ 135.156534902841031, 33.946874960861869 ], [ 135.156891083218767, 33.946941213144555 ], [ 135.156785014624887, 33.947635847371501 ], [ 135.157653291699916, 33.947376232207489 ], [ 135.159108911951336, 33.947491400837499 ], [ 135.159470567459891, 33.947783646552082 ], [ 135.159490050365775, 33.948441666395333 ], [ 135.159686685985321, 33.948721093310041 ], [ 135.160760508609343, 33.949140334999207 ], [ 135.160220433790101, 33.948254071420187 ], [ 135.16031541432713, 33.946714251960742 ], [ 135.160496441051919, 33.946146211523725 ], [ 135.160019943906576, 33.94514810003534 ], [ 135.159466480525708, 33.944429959239748 ], [ 135.158264093848658, 33.943567224541042 ], [ 135.157040868745582, 33.942075478665053 ], [ 135.156494542985627, 33.941657996907502 ], [ 135.156479604258863, 33.940271989072428 ], [ 135.155641646598298, 33.938910065315646 ], [ 135.155872709701526, 33.938178405962667 ], [ 135.156009786833636, 33.936717366964338 ], [ 135.155570690144117, 33.933411874167867 ], [ 135.156015769123371, 33.931599356252704 ], [ 135.156118659335988, 33.931353533402493 ], [ 135.156853774511035, 33.930756479811897 ], [ 135.156918363136697, 33.930116935742184 ], [ 135.155170049556745, 33.929568083692381 ], [ 135.154200928038733, 33.928735913800928 ], [ 135.15340817227252, 33.928306437549089 ], [ 135.153075450017042, 33.927704307906382 ], [ 135.151190488470235, 33.926712536064485 ], [ 135.148629090532523, 33.925993077717841 ], [ 135.146612813574592, 33.925789558664825 ], [ 135.146291108191974, 33.925512344047803 ], [ 135.143085057552923, 33.924866447752535 ], [ 135.143166065902307, 33.925647321138086 ], [ 135.142521033766684, 33.928079936349029 ], [ 135.142188697431749, 33.92870563377555 ], [ 135.140783998152699, 33.929961303832044 ], [ 135.140422717515662, 33.930547349899676 ], [ 135.140462387577372, 33.932803146612912 ], [ 135.138656502755538, 33.933952450807169 ], [ 135.139049735300716, 33.936692928660861 ], [ 135.138042016065128, 33.938993397925344 ], [ 135.137956224714799, 33.939557984106408 ], [ 135.138298117664306, 33.940662857139223 ], [ 135.139206767048876, 33.941985539346582 ], [ 135.139117899185862, 33.943311247579565 ], [ 135.139620302071137, 33.944173104154032 ], [ 135.14004425312703, 33.945577200241779 ], [ 135.139777972792757, 33.947528279577355 ], [ 135.139953555424484, 33.948004393747077 ], [ 135.140658199253039, 33.948904290645942 ], [ 135.140734571455738, 33.949910666546693 ], [ 135.141046430048334, 33.950865295470798 ], [ 135.141017611087392, 33.952163533225821 ], [ 135.141378350052435, 33.952888736717348 ], [ 135.143391915194428, 33.951502906922912 ], [ 135.144138796368907, 33.950372232867409 ], [ 135.145239480119443, 33.949662690962896 ] ] ] } },
{ "type": "Feature", "properties": { "CITY_NAME": "日高町", "S_NAME": "大字荊木", "JINKO": 1215, "medical_area": "30_御坊医療圏", "町丁目名": "日高町大字荊木" }, "geometry": { "type": "Polygon", "coordinates": [ [ [ 135.158635626757587, 33.92608899191417 ], [ 135.158953289580694, 33.925567814665847 ], [ 135.158843635835268, 33.924945387883682 ], [ 135.15865752884838, 33.924865838287374 ], [ 135.158481025572513, 33.924374193024697 ], [ 135.159040435186427, 33.924238970113329 ], [ 135.158815835789852, 33.923864707448779 ], [ 135.159619856327822, 33.923394116602672 ], [ 135.159651725273676, 33.922912736816542 ], [ 135.158935615806911, 33.922105991921505 ], [ 135.157880790609966, 33.919544032629538 ], [ 135.156357681262961, 33.919055766976783 ], [ 135.155242870259087, 33.918958812702066 ], [ 135.153169068944635, 33.919182506406344 ], [ 135.152075786830295, 33.917874158670102 ], [ 135.150509493262547, 33.917273950298309 ], [ 135.150294157627286, 33.917280212885522 ], [ 135.150504975073773, 33.917695976379264 ], [ 135.151216834341341, 33.918066592058075 ], [ 135.151451373600878, 33.918698476369293 ], [ 135.151037792990024, 33.918767471796748 ], [ 135.149422206099757, 33.918263690198792 ], [ 135.148554169723042, 33.918859504440107 ], [ 135.148196230776819, 33.918727708043704 ], [ 135.14844404198314, 33.917808389382024 ], [ 135.147299472789285, 33.917613953611564 ], [ 135.147590609960815, 33.916909346648779 ], [ 135.146387906001763, 33.916665902351539 ], [ 135.143343650716929, 33.924886911240122 ], [ 135.146291108191974, 33.925512344047803 ], [ 135.146612813574592, 33.925789558664825 ], [ 135.148629090532523, 33.925993077717841 ], [ 135.151190488470235, 33.926712536064485 ], [ 135.153075450017042, 33.927704307906382 ], [ 135.15340817227252, 33.928306437549089 ], [ 135.154200928038733, 33.928735913800914 ], [ 135.155170049556745, 33.929568083692381 ], [ 135.156808539466908, 33.930002499115865 ], [ 135.156934167502669, 33.930581079506403 ], [ 135.156118659335988, 33.931353533402493 ], [ 135.155570690144117, 33.933411874167867 ], [ 135.155945881143168, 33.936109485200362 ], [ 135.156894997926912, 33.935590674196646 ], [ 135.157554585083943, 33.934788269960627 ], [ 135.158932782832949, 33.933985843126898 ], [ 135.159724877397679, 33.933041487017434 ], [ 135.160005425352807, 33.931479289355579 ], [ 135.159835437447924, 33.930630637690598 ], [ 135.159968339721871, 33.930019451660513 ], [ 135.159677997628876, 33.929234216153795 ], [ 135.159435666048807, 33.929086335647277 ], [ 135.159142159959742, 33.92847815531676 ], [ 135.159106844230166, 33.927865816570751 ], [ 135.159267947592468, 33.927343569930883 ], [ 135.158978219919049, 33.927247345780231 ], [ 135.159043987208776, 33.926520743530368 ], [ 135.158635626757587, 33.92608899191417 ] ] ] } },
{ "type": "Feature", "properties": { "CITY_NAME": "日高町", "S_NAME": "大字池田", "JINKO": 180, "medical_area": "30_御坊医療圏", "町丁目名": "日高町大字池田" }, "geometry": { "type": "Polygon", "coordinates": [ [ [ 135.139387808550453, 33.957056711637712 ], [ 135.141056739452182, 33.955164583489079 ], [ 135.141007880664404, 33.954389850822515 ], [ 135.141378350052435, 33.952888736717348 ], [ 135.141017611087392, 33.952163533225821 ], [ 135.141046430048334, 33.950865295470798 ], [ 135.140734571455738, 33.949910666546693 ], [ 135.140658199253039, 33.948904290645942 ], [ 135.139953555424484, 33.948004393747077 ], [ 135.139777972792757, 33.947528279577355 ], [ 135.14004425312703, 33.945577200241779 ], [ 135.139620302071137, 33.944173104154032 ], [ 135.139117899185862, 33.943311247579565 ], [ 135.139206767048876, 33.941985539346582 ], [ 135.138298117664306, 33.940662857139223 ], [ 135.137973728529857, 33.939691514346244 ], [ 135.138042016065128, 33.938993397925344 ], [ 135.139049735300716, 33.936692928660861 ], [ 135.138587911872264, 33.933495542008913 ], [ 135.138298340797832, 33.932946646493384 ], [ 135.137795964746658, 33.93269491163467 ], [ 135.136796726498943, 33.932685517261319 ], [ 135.136351835347682, 33.932524337635876 ], [ 135.132931409603373, 33.932483393238208 ], [ 135.132219420445153, 33.93213802797473 ], [ 135.131335222259594, 33.931992892882469 ], [ 135.129804570838644, 33.93244062247124 ], [ 135.128411846427468, 33.933458570740974 ], [ 135.127832844273257, 33.933606610517622 ], [ 135.127378143290741, 33.93473458568122 ], [ 135.125507818184616, 33.935453695964746 ], [ 135.124045354032148, 33.936555323719411 ], [ 135.123499128350659, 33.936668636378833 ], [ 135.122981578370997, 33.936556053931191 ], [ 135.122056276635647, 33.937079853784056 ], [ 135.121486957427123, 33.937664536211223 ], [ 135.120590015760257, 33.937719169965916 ], [ 135.119826051441038, 33.938551526855271 ], [ 135.119551814395294, 33.939185768340096 ], [ 135.119843824439869, 33.940269905323653 ], [ 135.119606954036271, 33.941157563789481 ], [ 135.120758856375545, 33.943184495363674 ], [ 135.121800219462585, 33.944399056091051 ], [ 135.121918025883105, 33.944960859389333 ], [ 135.121718912527683, 33.945454908292767 ], [ 135.123225493699096, 33.94661842655205 ], [ 135.123435354235028, 33.947030857063822 ], [ 135.124806865431765, 33.948241720029571 ], [ 135.12554153323083, 33.948105777510136 ], [ 135.125869743354514, 33.948666538678893 ], [ 135.127640403347044, 33.949182151193355 ], [ 135.12790449402749, 33.949500989050918 ], [ 135.129782243440985, 33.950086210348751 ], [ 135.130594585328168, 33.95053456970102 ], [ 135.130813668055794, 33.951009170408867 ], [ 135.130751111061528, 33.951927090968503 ], [ 135.131199234281354, 33.952770846081201 ], [ 135.131728155416681, 33.953123795813077 ], [ 135.132542733277319, 33.953188409735667 ], [ 135.132828659559522, 33.952872607530658 ], [ 135.133580297840695, 33.953318681307472 ], [ 135.134971389165599, 33.954632115031423 ], [ 135.135860507137693, 33.95592047789598 ], [ 135.136036627222154, 33.956476344043914 ], [ 135.136892512860925, 33.957090371755044 ], [ 135.137660796476979, 33.956945162147669 ], [ 135.138136035651172, 33.957034144328865 ], [ 135.138594341798211, 33.957453641853597 ], [ 135.139387808550453, 33.957056711637712 ] ] ] } },
{ "type": "Feature", "properties": { "CITY_NAME": "日高町", "S_NAME": "大字高家", "JINKO": 1213, "medical_area": "30_御坊医療圏", "町丁目名": "日高町大字高家" }, "geometry": { "type": "Polygon", "coordinates": [ [ [ 135.140462387577372, 33.932803146612926 ], [ 135.140422717515662, 33.930547349899676 ], [ 135.140783998152699, 33.929961303832044 ], [ 135.142188697431749, 33.92870563377555 ], [ 135.142521033766684, 33.928079936349029 ], [ 135.143166065902307, 33.925647321138086 ], [ 135.143085057552923, 33.924866447752535 ], [ 135.143343650716929, 33.924886911240122 ], [ 135.146387906001763, 33.916665902351539 ], [ 135.142873617444025, 33.915732032195741 ], [ 135.142965597101835, 33.915497976648957 ], [ 135.140083008008048, 33.914639562038133 ], [ 135.138938270400729, 33.915191399959504 ], [ 135.137847368306637, 33.916084517385052 ], [ 135.136879729084228, 33.91655614953001 ], [ 135.135313828153244, 33.91571162677949 ], [ 135.134557969552503, 33.915950456062603 ], [ 135.133978965535562, 33.915943856515632 ], [ 135.13486670641197, 33.91737191692421 ], [ 135.135404603618724, 33.91765208463795 ], [ 135.137142923105415, 33.918099425161287 ], [ 135.134424087111114, 33.925240069093228 ], [ 135.133943644601516, 33.925767220808403 ], [ 135.13383365897576, 33.926584211376223 ], [ 135.133579406711164, 33.927019269411353 ], [ 135.132792620085581, 33.927364930487727 ], [ 135.13251517514081, 33.927727977686246 ], [ 135.132447130018306, 33.928164765730749 ], [ 135.13266979362885, 33.928606559958922 ], [ 135.132735654605341, 33.930090133672067 ], [ 135.131465577748628, 33.931962679125959 ], [ 135.133205445436801, 33.932517442061943 ], [ 135.136161834402628, 33.932511453927575 ], [ 135.136796726498943, 33.932685517261319 ], [ 135.137795964746658, 33.93269491163467 ], [ 135.138431839667447, 33.933116487489869 ], [ 135.138656502755538, 33.933952450807169 ], [ 135.140462387577372, 33.932803146612926 ] ] ] } },
{ "type": "Feature", "properties": { "CITY_NAME": "日高町", "S_NAME": "大字小中", "JINKO": 327, "medical_area": "30_御坊医療圏", "町丁目名": "日高町大字小中" }, "geometry": { "type": "Polygon", "coordinates": [ [ [ 135.134424087111114, 33.925240069093228 ], [ 135.137142923105415, 33.918099425161287 ], [ 135.135404603618724, 33.917652084637922 ], [ 135.13486670641197, 33.91737191692421 ], [ 135.133978965535562, 33.915943856515632 ], [ 135.133696897867054, 33.91594060820286 ], [ 135.133595820578932, 33.916470567380124 ], [ 135.13251990029363, 33.918773462966037 ], [ 135.131717342485842, 33.919231711506598 ], [ 135.131173384129852, 33.919883363471818 ], [ 135.129828389730676, 33.920024054264729 ], [ 135.128725010679233, 33.919637886458396 ], [ 135.128584348728282, 33.920370185293393 ], [ 135.127221240949808, 33.920097935625357 ], [ 135.127217814054205, 33.921583938195631 ], [ 135.126824396611283, 33.92298902346424 ], [ 135.126462258888552, 33.923486834098064 ], [ 135.126396540105475, 33.924215237195675 ], [ 135.125839574197499, 33.924851408992886 ], [ 135.124843908401971, 33.927234083681014 ], [ 135.124671524569578, 33.928344473887996 ], [ 135.124828208840626, 33.929915593498812 ], [ 135.124477512053147, 33.930373044949427 ], [ 135.125447414772481, 33.931681725271424 ], [ 135.127832844273257, 33.933606610517622 ], [ 135.128411846427468, 33.933458570740974 ], [ 135.129804570838644, 33.93244062247124 ], [ 135.131465577748628, 33.931962679125959 ], [ 135.132288523581792, 33.930653575143268 ], [ 135.132611599777903, 33.930450176487476 ], [ 135.13277541590557, 33.929534106430985 ], [ 135.132455119193366, 33.927884487031228 ], [ 135.132792620085581, 33.927364930487727 ], [ 135.133385892830574, 33.927146103246862 ], [ 135.133699888549131, 33.926853042292578 ], [ 135.133943644601516, 33.925767220808403 ], [ 135.134424087111114, 33.925240069093228 ] ] ] } },
{ "type": "Feature", "properties": { "CITY_NAME": "日高町", "S_NAME": "大字志賀", "JINKO": 87, "medical_area": "30_御坊医療圏", "町丁目名": "日高町大字志賀" }, "geometry": { "type": "Polygon", "coordinates": [ [ [ 135.106910817865526, 33.948449608553474 ], [ 135.107379533151914, 33.947462925912419 ], [ 135.107706615412013, 33.945483739898783 ], [ 135.108274542954234, 33.944584411670341 ], [ 135.107176928657026, 33.944074287650281 ], [ 135.105824918682373, 33.943777003495448 ], [ 135.104941829941623, 33.943768646076542 ], [ 135.103380248314295, 33.941620588174956 ], [ 135.102247584556295, 33.941776913193223 ], [ 135.101705638012902, 33.941701416234132 ], [ 135.098952768225502, 33.940292535501627 ], [ 135.097161506836301, 33.940650814405615 ], [ 135.095824724211496, 33.940201786677747 ], [ 135.094506218575134, 33.94251778111196 ], [ 135.094362922704789, 33.943385348664968 ], [ 135.093442205672574, 33.944952976642561 ], [ 135.092647797825833, 33.94551682360467 ], [ 135.090980905165225, 33.947301374744249 ], [ 135.089962323053641, 33.947888766942114 ], [ 135.089753310334999, 33.948533404428687 ], [ 135.088979242084491, 33.94911864675786 ], [ 135.090455511181489, 33.948809902426554 ], [ 135.092362555525085, 33.949267695760788 ], [ 135.093079712959991, 33.949074622718548 ], [ 135.093995252215194, 33.948576041921655 ], [ 135.094391891678868, 33.94790474080083 ], [ 135.094834360008434, 33.947670900993067 ], [ 135.095261510711708, 33.947670934621613 ], [ 135.095872049140269, 33.947904750456921 ], [ 135.09642113836972, 33.948708222782876 ], [ 135.097489066559035, 33.949033844420832 ], [ 135.097977408205253, 33.949725429682488 ], [ 135.100403349061736, 33.949552652654283 ], [ 135.101074643612975, 33.950233869033667 ], [ 135.101242669256607, 33.950854369613694 ], [ 135.101044108460712, 33.951597157470509 ], [ 135.101624046351532, 33.952125988473199 ], [ 135.101730723575997, 33.95266504097394 ], [ 135.101486573534601, 33.953346358661896 ], [ 135.102824604002308, 33.954192590898693 ], [ 135.103848006316753, 33.953087126289837 ], [ 135.104722594073479, 33.952478556135603 ], [ 135.104917196276489, 33.950939085743506 ], [ 135.106347695280277, 33.949540415598435 ], [ 135.106436231303491, 33.948831470347393 ], [ 135.106910817865526, 33.948449608553474 ] ] ] } },
{ "type": "Feature", "properties": { "CITY_NAME": "日高町", "S_NAME": "大字志賀", "JINKO": 6, "medical_area": "30_御坊医療圏", "町丁目名": "日高町大字志賀" }, "geometry": { "type": "Polygon", "coordinates": [ [ [ 135.08897924208452, 33.949118646757867 ], [ 135.089753310334999, 33.948533404428687 ], [ 135.089962323053641, 33.947888766942143 ], [ 135.090980905165253, 33.947301374744214 ], [ 135.092647797825833, 33.945516823604642 ], [ 135.093442205672574, 33.944952976642561 ], [ 135.094362922704789, 33.943385348664968 ], [ 135.094414122012694, 33.942715453579574 ], [ 135.095824724211496, 33.940201786677747 ], [ 135.094636885345921, 33.938767024634011 ], [ 135.093192077909578, 33.938364086918014 ], [ 135.092527145852131, 33.938349900898395 ], [ 135.091947797466531, 33.938609071192104 ], [ 135.09070217431335, 33.939672641647647 ], [ 135.088296426199946, 33.940801309345318 ], [ 135.085271653635658, 33.941256902790897 ], [ 135.084056358452727, 33.94083259240351 ], [ 135.083276913687541, 33.940864553160175 ], [ 135.08218706682473, 33.941180028062973 ], [ 135.081297050351964, 33.94110437202405 ], [ 135.081392432313265, 33.941516992511886 ], [ 135.082063766412887, 33.94177147760319 ], [ 135.083421725056297, 33.941618732579599 ], [ 135.083726963485077, 33.941944161495044 ], [ 135.08362030328496, 33.942229198215223 ], [ 135.084444075915826, 33.94239196827926 ], [ 135.085161252154904, 33.943174903694 ], [ 135.085923973284707, 33.943500477160313 ], [ 135.088578782063024, 33.942198734920197 ], [ 135.089463709453668, 33.942198647302376 ], [ 135.090501348160245, 33.943114081066881 ], [ 135.090852186291158, 33.943653249715169 ], [ 135.090898042827575, 33.944365132883355 ], [ 135.090013067514661, 33.944924493352254 ], [ 135.088227947688722, 33.945504384260218 ], [ 135.088151551575862, 33.945901078089079 ], [ 135.088349843253894, 33.946511250457547 ], [ 135.088670345803251, 33.946612933559102 ], [ 135.088746760648121, 33.946826496154607 ], [ 135.08842619434941, 33.947223357949348 ], [ 135.088868727029222, 33.947477519732104 ], [ 135.088899210654318, 33.947670880078057 ], [ 135.088182106147769, 33.948169057988871 ], [ 135.088990585878605, 33.94832181900005 ], [ 135.088395682473475, 33.948677633266719 ], [ 135.088746786131452, 33.948779542512909 ], [ 135.088578667735163, 33.949003131783542 ], [ 135.08897924208452, 33.949118646757867 ] ] ] } },
{ "type": "Feature", "properties": { "CITY_NAME": "日高町", "S_NAME": "大字志賀", "JINKO": 0, "medical_area": "30_御坊医療圏", "町丁目名": "日高町大字志賀" }, "geometry": { "type": "Polygon", "coordinates": [ [ [ 135.074251858885702, 33.95067121410694 ], [ 135.075060658338998, 33.949908412480653 ], [ 135.075564244740008, 33.949969243532024 ], [ 135.075808404728008, 33.949735397275198 ], [ 135.07612864153748, 33.949806543301996 ], [ 135.076205012661546, 33.949511568109308 ], [ 135.075884486636539, 33.949043868448101 ], [ 135.07593034363515, 33.948545246117007 ], [ 135.075594505908242, 33.948016433220808 ], [ 135.07571669336329, 33.947752089153632 ], [ 135.075182625456108, 33.947446760361188 ], [ 135.075106480091449, 33.947752019705163 ], [ 135.074465668151475, 33.947446872402232 ], [ 135.074251841348286, 33.9475485257042 ], [ 135.073763840608564, 33.947446813318066 ], [ 135.073366947489802, 33.947141802679376 ], [ 135.07303140951251, 33.947314523365058 ], [ 135.073077223267717, 33.947751990188927 ], [ 135.072878915845422, 33.948270876286614 ], [ 135.073366920372962, 33.948779427841487 ], [ 135.073489159635216, 33.949176053513547 ], [ 135.073565522777784, 33.949735462877754 ], [ 135.073397509639221, 33.950070881538565 ], [ 135.072878890722421, 33.949837079873866 ], [ 135.072390611453187, 33.950111766865895 ], [ 135.072009209828593, 33.950040453697362 ], [ 135.071719163177789, 33.950274238339361 ], [ 135.071810569199386, 33.950437123930797 ], [ 135.072878919613686, 33.950467759998311 ], [ 135.073031384840675, 33.950335642351057 ], [ 135.073077201475115, 33.950569551577495 ], [ 135.073275569827445, 33.950671202077771 ], [ 135.074251858885702, 33.95067121410694 ] ] ] } },
{ "type": "Feature", "properties": { "CITY_NAME": "日高町", "S_NAME": "大字志賀", "JINKO": 145, "medical_area": "30_御坊医療圏", "町丁目名": "日高町大字志賀" }, "geometry": { "type": "Polygon", "coordinates": [ [ [ 135.120578224310407, 33.945518362920012 ], [ 135.121224066136335, 33.945587196396069 ], [ 135.121544801175986, 33.945455784667374 ], [ 135.121918025883105, 33.944960859389333 ], [ 135.121899336975503, 33.944631922840237 ], [ 135.121470781039534, 33.943904074491712 ], [ 135.120758856375545, 33.943184495363674 ], [ 135.119658590132786, 33.941388120735958 ], [ 135.119609160628926, 33.940967398402286 ], [ 135.119843824439869, 33.940269905323653 ], [ 135.119551814395294, 33.939185768340096 ], [ 135.119826051441038, 33.938551526855271 ], [ 135.11970096475568, 33.938231696739365 ], [ 135.11890980005532, 33.937507045413646 ], [ 135.118167225622216, 33.937219307890324 ], [ 135.116086576563418, 33.937176161988468 ], [ 135.115633476199292, 33.936812432215198 ], [ 135.112686963965587, 33.935439552211172 ], [ 135.112072925691137, 33.935392184995294 ], [ 135.111386087555474, 33.934647678379321 ], [ 135.110175816896117, 33.934491634721965 ], [ 135.109878408978915, 33.933811335399334 ], [ 135.109400895213952, 33.93358996883638 ], [ 135.108477240503561, 33.933608954456595 ], [ 135.107651677691109, 33.933394086312781 ], [ 135.106821518676867, 33.933726189617822 ], [ 135.105977297803776, 33.932011160285711 ], [ 135.103439108659671, 33.930192992694714 ], [ 135.101754044368278, 33.929987346912064 ], [ 135.101673677624575, 33.930423470073741 ], [ 135.101081276298316, 33.931129589816393 ], [ 135.100727044277278, 33.932313870718033 ], [ 135.0972944418167, 33.933576446765535 ], [ 135.096753514887894, 33.93409949659322 ], [ 135.096024931620917, 33.935324266906491 ], [ 135.095255430968024, 33.93541174515331 ], [ 135.094944984015967, 33.935625286571266 ], [ 135.09462103021113, 33.938795928044897 ], [ 135.096100356259029, 33.940381727427614 ], [ 135.097161506836329, 33.9406508144056 ], [ 135.098952768225502, 33.940292535501627 ], [ 135.101705638012874, 33.941701416234118 ], [ 135.10224758455621, 33.941776913193223 ], [ 135.103380248314295, 33.941620588174956 ], [ 135.104941829941623, 33.943768646076542 ], [ 135.105824918682373, 33.943777003495448 ], [ 135.107176928657054, 33.944074287650295 ], [ 135.108274542954234, 33.944584411670341 ], [ 135.109075300656855, 33.944342808592936 ], [ 135.110391148315443, 33.945178500203234 ], [ 135.111064239588245, 33.945210250210202 ], [ 135.112099152750829, 33.945559031554275 ], [ 135.113742390901479, 33.945731282857849 ], [ 135.114556636087599, 33.945255604591999 ], [ 135.11555555785921, 33.94535911594852 ], [ 135.116857762016252, 33.945164015730235 ], [ 135.11794193412905, 33.945459004654481 ], [ 135.118858164751344, 33.945911555401992 ], [ 135.120578224310407, 33.945518362920012 ] ] ] } },
{ "type": "Feature", "properties": { "CITY_NAME": "日高町", "S_NAME": "大字志賀", "JINKO": 116, "medical_area": "30_御坊医療圏", "町丁目名": "日高町大字志賀" }, "geometry": { "type": "Polygon", "coordinates": [ [ [ 135.118167225622216, 33.937219307890324 ], [ 135.118293819785237, 33.936331580617328 ], [ 135.118509148466757, 33.935953042491825 ], [ 135.115866680419316, 33.933415285580487 ], [ 135.112809892261282, 33.931678017251755 ], [ 135.112301921263423, 33.931109475886359 ], [ 135.111396590595547, 33.930561182577662 ], [ 135.110445661957925, 33.930239075601534 ], [ 135.109253565831068, 33.929422027547446 ], [ 135.108867119187295, 33.928571329677659 ], [ 135.109051931126913, 33.927700095982196 ], [ 135.108963979500686, 33.927268111509981 ], [ 135.108470646805813, 33.9268653227128 ], [ 135.107230141252074, 33.926533070187894 ], [ 135.107012833048401, 33.92606084556899 ], [ 135.10709651109272, 33.925376808850785 ], [ 135.106968191339007, 33.924846764355046 ], [ 135.106144783059932, 33.924685149527761 ], [ 135.105060677075187, 33.92502047287072 ], [ 135.104923104758058, 33.924892409637764 ], [ 135.105206270816666, 33.924728229440994 ], [ 135.104681748874299, 33.923221318117172 ], [ 135.103193123234945, 33.922973015110138 ], [ 135.101832636989684, 33.922325826614738 ], [ 135.100437898288931, 33.922239330223071 ], [ 135.098994584186471, 33.922361520016189 ], [ 135.097830439030758, 33.923486074388713 ], [ 135.096950309733472, 33.923538530805622 ], [ 135.095665429937128, 33.923937799192089 ], [ 135.095258512460845, 33.924985874408186 ], [ 135.094017283440763, 33.926072906106683 ], [ 135.094090205137974, 33.92665623465939 ], [ 135.09327875149333, 33.927841358506193 ], [ 135.093334137392077, 33.929754543196815 ], [ 135.092114352594422, 33.93077071078892 ], [ 135.092796050464159, 33.932460005101483 ], [ 135.092423734485578, 33.932970468903044 ], [ 135.092580571667526, 33.933321551399416 ], [ 135.094244873486417, 33.934624036216114 ], [ 135.094944984015967, 33.935625286571266 ], [ 135.095255430968024, 33.93541174515331 ], [ 135.096024931620917, 33.935324266906491 ], [ 135.096753514887894, 33.93409949659322 ], [ 135.0972944418167, 33.933576446765535 ], [ 135.100727044277278, 33.932313870718033 ], [ 135.101081276298316, 33.931129589816393 ], [ 135.101673677624575, 33.930423470073741 ], [ 135.101754044368278, 33.929987346912064 ], [ 135.103439108659671, 33.930192992694714 ], [ 135.104588655425943, 33.930912730282678 ], [ 135.106094674715592, 33.932148656024609 ], [ 135.106821518676867, 33.933726189617822 ], [ 135.107651677691109, 33.933394086312781 ], [ 135.108477240503561, 33.933608954456595 ], [ 135.109400895213952, 33.93358996883638 ], [ 135.109878408978915, 33.933811335399334 ], [ 135.110175816896117, 33.934491634721965 ], [ 135.111386087555474, 33.934647678379321 ], [ 135.112072925691137, 33.935392184995294 ], [ 135.112686963965587, 33.935439552211172 ], [ 135.115633476199292, 33.936812432215198 ], [ 135.116086576563418, 33.937176161988468 ], [ 135.118167225622216, 33.937219307890324 ] ] ] } },
{ "type": "Feature", "properties": { "CITY_NAME": "日高町", "S_NAME": "大字志賀", "JINKO": 614, "medical_area": "30_御坊医療圏", "町丁目名": "日高町大字志賀" }, "geometry": { "type": "Polygon", "coordinates": [ [ [ 135.120590015760257, 33.937719169965916 ], [ 135.121486957427123, 33.937664536211223 ], [ 135.122056276635647, 33.937079853784056 ], [ 135.122981578370997, 33.936556053931191 ], [ 135.123499128350659, 33.936668636378833 ], [ 135.124045354032148, 33.936555323719411 ], [ 135.125507818184616, 33.935453695964746 ], [ 135.126533438643264, 33.934974694720424 ], [ 135.1272509402921, 33.934828208778626 ], [ 135.127600459879574, 33.934428780444954 ], [ 135.127832844273257, 33.933606610517622 ], [ 135.125447414772481, 33.931681725271424 ], [ 135.124360288807878, 33.930242610462713 ], [ 135.121618299878719, 33.929626943462019 ], [ 135.120719313741205, 33.929139343039488 ], [ 135.119538603297684, 33.928850752434535 ], [ 135.119114159369019, 33.928225784736284 ], [ 135.118801219890202, 33.92627234817521 ], [ 135.118387832814079, 33.92577367582355 ], [ 135.118090197898084, 33.925695341214293 ], [ 135.117472825520395, 33.925099980832833 ], [ 135.11731031343092, 33.924437569428015 ], [ 135.118264101694223, 33.924239408439703 ], [ 135.11845044156405, 33.92274848726759 ], [ 135.117302417755923, 33.922881305731465 ], [ 135.117346296268835, 33.92249281375291 ], [ 135.117129651916684, 33.922402940398399 ], [ 135.117412608197924, 33.921861901239623 ], [ 135.117103232061197, 33.921595839425279 ], [ 135.117202754170251, 33.920907124510279 ], [ 135.115676563001074, 33.917272956940742 ], [ 135.116321886397174, 33.916329778686489 ], [ 135.116264555608666, 33.915031501286904 ], [ 135.116531653644131, 33.914470200045102 ], [ 135.116036959291961, 33.912908740552822 ], [ 135.116126901685845, 33.911715480468125 ], [ 135.116517801199052, 33.91107589533469 ], [ 135.117231941248377, 33.910729382750532 ], [ 135.118113141205953, 33.909581644064026 ], [ 135.118898400971062, 33.907951990176294 ], [ 135.118690545363791, 33.906730965644982 ], [ 135.11805234718156, 33.90612037127211 ], [ 135.117394210869719, 33.905913094003658 ], [ 135.116370582952158, 33.905128574699127 ], [ 135.115620995078501, 33.90500910174746 ], [ 135.114924353935919, 33.904662493628209 ], [ 135.113568544491955, 33.903696239697844 ], [ 135.111182772090615, 33.903489195862846 ], [ 135.10986837607706, 33.903641873212038 ], [ 135.108303380878453, 33.904514432808767 ], [ 135.108260212456173, 33.904319575473224 ], [ 135.107470424186545, 33.905711337114994 ], [ 135.107430696480947, 33.907377860929763 ], [ 135.106874775531054, 33.908219223786951 ], [ 135.106538793658785, 33.908439233576672 ], [ 135.106423551942072, 33.90945409509218 ], [ 135.105873630258799, 33.910098554586334 ], [ 135.104833188170488, 33.910866103467313 ], [ 135.103693335131368, 33.911386957659232 ], [ 135.10094069532181, 33.911554599317114 ], [ 135.101009433643299, 33.91221791137901 ], [ 135.100812571569975, 33.913363054047139 ], [ 135.100209715512733, 33.914061345594696 ], [ 135.100095383109391, 33.914787846991622 ], [ 135.099518018382241, 33.916065595662907 ], [ 135.09899652914504, 33.916784618943666 ], [ 135.098901269403797, 33.917270644598929 ], [ 135.099408669298242, 33.918672097778675 ], [ 135.098807137104387, 33.920251981190795 ], [ 135.099137085838152, 33.921352073276886 ], [ 135.098994584186471, 33.922361520016189 ], [ 135.101631556016684, 33.922292527907665 ], [ 135.103586444045789, 33.923093637952668 ], [ 135.104568046046097, 33.92313794298412 ], [ 135.105206270816666, 33.924728229440994 ], [ 135.104923104758058, 33.924892409637764 ], [ 135.105060677075187, 33.92502047287072 ], [ 135.105997815024153, 33.924704372531764 ], [ 135.106870148148062, 33.924768435279319 ], [ 135.107032327151472, 33.924951895994951 ], [ 135.107012833048401, 33.92606084556899 ], [ 135.107230141252074, 33.926533070187894 ], [ 135.108470646805813, 33.9268653227128 ], [ 135.108963979500686, 33.927268111509981 ], [ 135.109051931126913, 33.927700095982196 ], [ 135.108867119187295, 33.928571329677659 ], [ 135.109253565831068, 33.929422027547446 ], [ 135.110445661957925, 33.930239075601534 ], [ 135.111396590595547, 33.930561182577662 ], [ 135.112301921263423, 33.931109475886359 ], [ 135.112809892261282, 33.931678017251755 ], [ 135.115866680419316, 33.933415285580487 ], [ 135.118509148466757, 33.935953042491825 ], [ 135.118293819785237, 33.936331580617328 ], [ 135.118167225622216, 33.937219307890324 ], [ 135.11890980005532, 33.937507045413646 ], [ 135.11970096475568, 33.938231696739365 ], [ 135.119826051441038, 33.938551526855271 ], [ 135.120590015760257, 33.937719169965916 ] ] ] } },
{ "type": "Feature", "properties": { "CITY_NAME": "日高町", "S_NAME": "大字志賀", "JINKO": 491, "medical_area": "30_御坊医療圏", "町丁目名": "日高町大字志賀" }, "geometry": { "type": "Polygon", "coordinates": [ [ [ 135.125940427554383, 33.922905986357819 ], [ 135.124728132151546, 33.920883775127884 ], [ 135.124119853331223, 33.920712524581091 ], [ 135.123532234093119, 33.920719057022318 ], [ 135.123374352563587, 33.920864722804538 ], [ 135.123023822344464, 33.920184500628736 ], [ 135.12228194410622, 33.920305022249593 ], [ 135.121868375177741, 33.919948777893183 ], [ 135.121673893354881, 33.919617470837018 ], [ 135.122276186520679, 33.919678805189072 ], [ 135.122304261206523, 33.919470231713134 ], [ 135.121748796774114, 33.91891208857303 ], [ 135.122109933528463, 33.918216207465008 ], [ 135.122010555772562, 33.917912905923252 ], [ 135.12260821280077, 33.917839957437288 ], [ 135.12308817695984, 33.917527391404093 ], [ 135.123213141305797, 33.91722934706759 ], [ 135.123653944578052, 33.917185005042498 ], [ 135.124650434895585, 33.916560264383641 ], [ 135.126272450472641, 33.916615011750736 ], [ 135.126566908331114, 33.915626054610492 ], [ 135.127774717920431, 33.915784348900807 ], [ 135.128979671556777, 33.912056909070799 ], [ 135.126556565136468, 33.910860384576345 ], [ 135.124392742559451, 33.910066435811459 ], [ 135.123294258830811, 33.910139212949844 ], [ 135.122658363670297, 33.910883293563124 ], [ 135.122370990911321, 33.910987327607273 ], [ 135.119704643126965, 33.910060559045696 ], [ 135.118703461936377, 33.909945790614366 ], [ 135.118113141205953, 33.909581644064026 ], [ 135.117231941248377, 33.910729382750532 ], [ 135.116517801199052, 33.91107589533469 ], [ 135.116126901685845, 33.911715480468125 ], [ 135.116036959291961, 33.912908740552822 ], [ 135.116531653644131, 33.914470200045102 ], [ 135.116264555608666, 33.915031501286904 ], [ 135.116321886397174, 33.916329778686489 ], [ 135.115676563001074, 33.917272956940742 ], [ 135.117202754170251, 33.920907124510279 ], [ 135.117103232061197, 33.921595839425279 ], [ 135.117412608197924, 33.921861901239623 ], [ 135.117129651916684, 33.922402940398399 ], [ 135.117346296268835, 33.92249281375291 ], [ 135.117302417755923, 33.922881305731465 ], [ 135.11845044156405, 33.92274848726759 ], [ 135.118264101694223, 33.924239408439703 ], [ 135.11731031343092, 33.924437569428015 ], [ 135.117472825520395, 33.925099980832833 ], [ 135.118090197898084, 33.925695341214293 ], [ 135.118387832814079, 33.92577367582355 ], [ 135.118801219890202, 33.92627234817521 ], [ 135.119033765522374, 33.92787557040748 ], [ 135.119348007566799, 33.928682745227498 ], [ 135.119757955043895, 33.928942189247266 ], [ 135.120719313741205, 33.929139343039488 ], [ 135.121618299878719, 33.929626943462019 ], [ 135.124221887252872, 33.93017541776873 ], [ 135.124477512053147, 33.930373044949427 ], [ 135.12477827165398, 33.930138941811606 ], [ 135.124671524569578, 33.928344473887996 ], [ 135.124843908401971, 33.927234083681014 ], [ 135.125839574197499, 33.924851408992886 ], [ 135.126213967610454, 33.924536680360085 ], [ 135.126495446339902, 33.923945042194816 ], [ 135.126509973470093, 33.923373066238987 ], [ 135.125940427554383, 33.922905986357819 ] ] ] } },
{ "type": "Feature", "properties": { "CITY_NAME": "日高町", "S_NAME": "大字志賀", "JINKO": 465, "medical_area": "30_御坊医療圏", "町丁目名": "日高町大字志賀" }, "geometry": { "type": "Polygon", "coordinates": [ [ [ 135.127217814054205, 33.921583938195631 ], [ 135.127221240949808, 33.920097935625357 ], [ 135.128584348728282, 33.920370185293393 ], [ 135.128725010679233, 33.919637886458396 ], [ 135.129828389730676, 33.920024054264729 ], [ 135.131173384129852, 33.919883363471818 ], [ 135.131717342485842, 33.919231711506598 ], [ 135.13251990029363, 33.918773462966037 ], [ 135.133417562869056, 33.916854180245814 ], [ 135.126566908331114, 33.915626054610492 ], [ 135.126272450472641, 33.916615011750736 ], [ 135.124650434895585, 33.916560264383641 ], [ 135.123653944578052, 33.917185005042498 ], [ 135.123213141305797, 33.91722934706759 ], [ 135.12308817695984, 33.917527391404093 ], [ 135.12260821280077, 33.917839957437288 ], [ 135.122010555772562, 33.917912905923252 ], [ 135.122109933528463, 33.918216207465008 ], [ 135.121748796774114, 33.91891208857303 ], [ 135.122304261206523, 33.919470231713134 ], [ 135.122276186520679, 33.919678805189072 ], [ 135.121673893354881, 33.919617470837018 ], [ 135.121868375177741, 33.919948777893183 ], [ 135.12228194410622, 33.920305022249593 ], [ 135.123023822344464, 33.920184500628736 ], [ 135.123374352563587, 33.920864722804538 ], [ 135.123532234093119, 33.920719057022318 ], [ 135.124119853331223, 33.920712524581091 ], [ 135.124728132151546, 33.920883775127884 ], [ 135.12584558849133, 33.922785291731763 ], [ 135.126509973470093, 33.923373066238987 ], [ 135.126824396611283, 33.92298902346424 ], [ 135.127217814054205, 33.921583938195631 ] ] ] } },
{ "type": "Feature", "properties": { "CITY_NAME": "日高町", "S_NAME": "大字小池", "JINKO": 306, "medical_area": "30_御坊医療圏", "町丁目名": "日高町大字小池" }, "geometry": { "type": "Polygon", "coordinates": [ [ [ 135.133417562869056, 33.916854180245814 ], [ 135.133696897867054, 33.91594060820286 ], [ 135.133568520726612, 33.915944778053209 ], [ 135.133393675547012, 33.915564460734231 ], [ 135.132359090689818, 33.915035113810411 ], [ 135.132448112915853, 33.914686938329325 ], [ 135.132824221949903, 33.914279360557011 ], [ 135.132833864054646, 33.913827084511375 ], [ 135.132552956536216, 33.913375724571139 ], [ 135.132857191413365, 33.912714774645586 ], [ 135.132485417535889, 33.91213486238815 ], [ 135.133479661820331, 33.910013961020837 ], [ 135.133320943033311, 33.909577265923943 ], [ 135.133494815528309, 33.909274905618688 ], [ 135.132821279905016, 33.908537490497885 ], [ 135.13291476636951, 33.908239778105667 ], [ 135.13338394235501, 33.908116148541829 ], [ 135.133469381775171, 33.907745125658082 ], [ 135.133290901304321, 33.90740014084512 ], [ 135.133410471204911, 33.907329839416896 ], [ 135.133331040472342, 33.9071062794564 ], [ 135.132902518684659, 33.906877306917785 ], [ 135.132903050406668, 33.906465397081959 ], [ 135.131639063509368, 33.905226256964909 ], [ 135.131797729561356, 33.90485687697327 ], [ 135.13131167663434, 33.904746672460192 ], [ 135.131505608999248, 33.904598712440553 ], [ 135.131440399367762, 33.904314534192011 ], [ 135.130982255788666, 33.904343285726853 ], [ 135.130787562590143, 33.903765881730166 ], [ 135.129702725917213, 33.903967710074113 ], [ 135.129679744048161, 33.903401940915408 ], [ 135.127442220172895, 33.90349164548357 ], [ 135.126349485278524, 33.902883793941442 ], [ 135.125078358042913, 33.902914368010983 ], [ 135.123461935114591, 33.902544514634116 ], [ 135.122402884300385, 33.902653343705374 ], [ 135.12081173645177, 33.903331027514163 ], [ 135.119393497786376, 33.903174981642643 ], [ 135.118740751744383, 33.90329189592488 ], [ 135.117104599677475, 33.902582900880816 ], [ 135.116693448768785, 33.90284761578463 ], [ 135.116002708712898, 33.90382370748415 ], [ 135.115642640882214, 33.904794144049482 ], [ 135.114015735421759, 33.904065859272421 ], [ 135.115548693037738, 33.904983649926123 ], [ 135.116370582952158, 33.905128574699127 ], [ 135.118609723950669, 33.906597121960971 ], [ 135.118817788317983, 33.907000237114147 ], [ 135.118907980528121, 33.907792449404802 ], [ 135.118113141205953, 33.909581644064026 ], [ 135.11842113107511, 33.909805859722873 ], [ 135.12006691548126, 33.910165555485115 ], [ 135.122370990911321, 33.910987327607273 ], [ 135.122658363670297, 33.910883293563124 ], [ 135.123294258830811, 33.910139212949844 ], [ 135.124392742559451, 33.910066435811459 ], [ 135.126556565136468, 33.910860384576345 ], [ 135.128979671556777, 33.912056909070799 ], [ 135.127774717920431, 33.915784348900807 ], [ 135.133417562869056, 33.916854180245814 ] ] ] } },
{ "type": "Feature", "properties": { "CITY_NAME": "日高町", "S_NAME": "大字方杭", "JINKO": 26, "medical_area": "30_御坊医療圏", "町丁目名": "日高町大字方杭" }, "geometry": { "type": "Polygon", "coordinates": [ [ [ 135.094636885345921, 33.938767024634011 ], [ 135.094893587714552, 33.935450790352412 ], [ 135.094244873486417, 33.934624036216114 ], [ 135.092642754174904, 33.933418506788435 ], [ 135.092454834472932, 33.93308987639692 ], [ 135.091562885337055, 33.933306879678753 ], [ 135.090011311330585, 33.934318047377168 ], [ 135.088217225826725, 33.933791603846686 ], [ 135.087730733285298, 33.933173096718022 ], [ 135.086703311538088, 33.932724423171301 ], [ 135.085370094019424, 33.932362225151572 ], [ 135.084503305378661, 33.932319451504071 ], [ 135.082348348760291, 33.932846784672307 ], [ 135.081021504516258, 33.933940223054314 ], [ 135.07994888854185, 33.933839107799535 ], [ 135.079364746799087, 33.933231107439568 ], [ 135.078391540104946, 33.93275881671785 ], [ 135.077233851199537, 33.932681132296807 ], [ 135.07628124921726, 33.931773119106488 ], [ 135.07513923959803, 33.931105697335795 ], [ 135.07365359118711, 33.929680184142399 ], [ 135.07226555856198, 33.929372650784003 ], [ 135.071477730780913, 33.929392503394617 ], [ 135.0704584054902, 33.929837873623548 ], [ 135.069326002607397, 33.930594978215858 ], [ 135.068262610893157, 33.931577986978098 ], [ 135.070132693066938, 33.931508281365211 ], [ 135.070285171110328, 33.932057424577799 ], [ 135.072680832708357, 33.931467453495657 ], [ 135.073397726921286, 33.931538910989232 ], [ 135.073916533065017, 33.932057416806437 ], [ 135.074984520456297, 33.932677946989756 ], [ 135.075060859229609, 33.932901802511374 ], [ 135.074877843301891, 33.93306454666191 ], [ 135.075228655058538, 33.933318917600559 ], [ 135.075503326050494, 33.93425468240028 ], [ 135.075274432779167, 33.934752923989542 ], [ 135.076571281239751, 33.935007338105208 ], [ 135.077288428002817, 33.934681936575856 ], [ 135.077776719159544, 33.93412251996633 ], [ 135.078417545067737, 33.934142807120395 ], [ 135.078966645886879, 33.934559666702796 ], [ 135.079164919136417, 33.935170141379579 ], [ 135.080034809059754, 33.935587138001331 ], [ 135.081743577269549, 33.935556626600587 ], [ 135.082659074734465, 33.935007413556974 ], [ 135.083650713188405, 33.934875321740577 ], [ 135.085084996650153, 33.935271961992093 ], [ 135.08537492475395, 33.935810978948247 ], [ 135.085206938967815, 33.936268699267849 ], [ 135.084932449839926, 33.936309348255165 ], [ 135.084734135847754, 33.93665513053292 ], [ 135.084932448292705, 33.937021459889365 ], [ 135.085725710183453, 33.937275556906108 ], [ 135.08584797301188, 33.937855587968031 ], [ 135.086641226660902, 33.938404665165351 ], [ 135.086458115738367, 33.939401530503176 ], [ 135.08580212330628, 33.93973701959996 ], [ 135.083467563433516, 33.940154143760942 ], [ 135.08238425327059, 33.940672947659387 ], [ 135.081819880914537, 33.940713543310864 ], [ 135.081297050351964, 33.941104372024043 ], [ 135.08218706682473, 33.941180028062973 ], [ 135.083276913687541, 33.940864553160168 ], [ 135.084056358452727, 33.94083259240351 ], [ 135.085271653635658, 33.941256902790897 ], [ 135.088296426199946, 33.940801309345318 ], [ 135.09070217431335, 33.939672641647647 ], [ 135.09194779746656, 33.938609071192104 ], [ 135.092527145852131, 33.938349900898395 ], [ 135.093192077909578, 33.938364086918 ], [ 135.094636885345921, 33.938767024634011 ] ] ] } },
{ "type": "Feature", "properties": { "CITY_NAME": "日高町", "S_NAME": "大字小浦", "JINKO": 101, "medical_area": "30_御坊医療圏", "町丁目名": "日高町大字小浦" }, "geometry": { "type": "Polygon", "coordinates": [ [ [ 135.092796050464159, 33.932460005101483 ], [ 135.092114352594422, 33.93077071078892 ], [ 135.092216944329323, 33.930745967416833 ], [ 135.089071826180117, 33.928298503324292 ], [ 135.087590923041034, 33.927448525490981 ], [ 135.087203385703305, 33.927015434148416 ], [ 135.086260285068903, 33.927311613369902 ], [ 135.085368459093871, 33.927363329148584 ], [ 135.084024314769636, 33.927051749826809 ], [ 135.083334174756089, 33.926709375370095 ], [ 135.082605752164881, 33.927023177425198 ], [ 135.081056020475017, 33.9266035369075 ], [ 135.078568657641171, 33.926529340047004 ], [ 135.077948346980463, 33.92616252472488 ], [ 135.07718983122075, 33.926240671733126 ], [ 135.077654666127501, 33.926717476796362 ], [ 135.077608851961969, 33.926931118446454 ], [ 135.076891976206639, 33.927551508877585 ], [ 135.075778165595267, 33.927846464966464 ], [ 135.074633833261942, 33.927907617819173 ], [ 135.074084374354356, 33.927795586715007 ], [ 135.074008302842515, 33.926788771526581 ], [ 135.073352280615694, 33.926819345280151 ], [ 135.073123367555269, 33.925374821755447 ], [ 135.072726477177781, 33.925313941536217 ], [ 135.07275705246775, 33.924510500598302 ], [ 135.072482334326452, 33.924184995484715 ], [ 135.071719662678049, 33.923930481060566 ], [ 135.070849988483729, 33.923889984361381 ], [ 135.070697207528923, 33.923930531526089 ], [ 135.070773643577439, 33.924276382779595 ], [ 135.070254802419527, 33.924795106299101 ], [ 135.069782050053078, 33.924764636848082 ], [ 135.068988513858869, 33.925313965229954 ], [ 135.068622380916395, 33.925354449243493 ], [ 135.068591838410697, 33.925700339438102 ], [ 135.068347651802611, 33.925995311540994 ], [ 135.067905219592035, 33.926066631566741 ], [ 135.066913348497508, 33.926910701625559 ], [ 135.066257330416789, 33.926514116235325 ], [ 135.06538766280292, 33.926300449865714 ], [ 135.065311530950908, 33.926463283867214 ], [ 135.064762145371191, 33.926331068459774 ], [ 135.065204611019453, 33.926605739948286 ], [ 135.064685771820848, 33.926717322208098 ], [ 135.065128271024093, 33.926849573274481 ], [ 135.065143541787393, 33.927053107184349 ], [ 135.064609645062518, 33.927104000928779 ], [ 135.065189351873499, 33.927144879779682 ], [ 135.065723465123511, 33.927826093889699 ], [ 135.066318369830412, 33.928070219381532 ], [ 135.066593068100786, 33.928365310310824 ], [ 135.067005004444667, 33.929179005178568 ], [ 135.068301770954264, 33.930013190677059 ], [ 135.06851539212721, 33.930603087121128 ], [ 135.068424006498077, 33.930948802750407 ], [ 135.068072895551211, 33.931314953729071 ], [ 135.068072916009157, 33.931569369877742 ], [ 135.068262610893157, 33.931577986978105 ], [ 135.06932600260734, 33.930594978215858 ], [ 135.070862526174864, 33.929623410644673 ], [ 135.071477730780913, 33.929392503394617 ], [ 135.07226555856198, 33.929372650783989 ], [ 135.07365359118711, 33.92968018414242 ], [ 135.075139239598059, 33.931105697335795 ], [ 135.07628124921726, 33.931773119106488 ], [ 135.077233851199537, 33.932681132296807 ], [ 135.078391540104946, 33.932758816717822 ], [ 135.079364746799087, 33.933231107439568 ], [ 135.07994888854185, 33.933839107799535 ], [ 135.081021504516201, 33.933940223054307 ], [ 135.082348348760291, 33.932846784672307 ], [ 135.084298491753771, 33.932349345726223 ], [ 135.085052333415604, 33.93230985963649 ], [ 135.087177198014558, 33.93291514992459 ], [ 135.087730733285326, 33.933173096718022 ], [ 135.088217225826725, 33.933791603846686 ], [ 135.090011311330557, 33.934318047377211 ], [ 135.091562885337027, 33.933306879678753 ], [ 135.092454834472932, 33.933089876396913 ], [ 135.092796050464159, 33.932460005101483 ] ] ] } },
{ "type": "Feature", "properties": { "CITY_NAME": "日高町", "S_NAME": "大字津久野", "JINKO": 7, "medical_area": "30_御坊医療圏", "町丁目名": "日高町大字津久野" }, "geometry": { "type": "Polygon", "coordinates": [ [ [ 135.083334174756061, 33.926709375370123 ], [ 135.082438685157626, 33.925272865070824 ], [ 135.082117527896457, 33.924088699073955 ], [ 135.081671813942876, 33.92337186514029 ], [ 135.080555240227227, 33.922773015394448 ], [ 135.078618636582803, 33.921353374943209 ], [ 135.077080515787372, 33.919936969154769 ], [ 135.076083214303338, 33.919668896351475 ], [ 135.07736510631878, 33.921072551430008 ], [ 135.077456446859031, 33.92162164879052 ], [ 135.076937597220166, 33.922028551830671 ], [ 135.076159605055835, 33.922059075331973 ], [ 135.076602072364778, 33.922374417347378 ], [ 135.076602058433622, 33.922516839121187 ], [ 135.075900140344885, 33.922567651880208 ], [ 135.075884858880329, 33.922699815948576 ], [ 135.076251220681996, 33.922903441670336 ], [ 135.075961297985913, 33.922984526429659 ], [ 135.075503551686836, 33.922730487667785 ], [ 135.075228800182231, 33.922791539704725 ], [ 135.076357905957337, 33.923360946202628 ], [ 135.077792221026698, 33.923238971569745 ], [ 135.079195685613342, 33.923432303039114 ], [ 135.079592619689294, 33.923889998959694 ], [ 135.079562060970318, 33.924642731873618 ], [ 135.079043239625804, 33.924896797244436 ], [ 135.079333176254266, 33.925090124157194 ], [ 135.079241482976755, 33.925547837810001 ], [ 135.078616017668026, 33.925802372888015 ], [ 135.077807482677485, 33.925354558291836 ], [ 135.076937550682459, 33.926097208436666 ], [ 135.07718983122075, 33.926240671733126 ], [ 135.077948346980463, 33.92616252472488 ], [ 135.078568657641171, 33.926529340047004 ], [ 135.081283376890156, 33.926637208158134 ], [ 135.082605752164881, 33.92702317742522 ], [ 135.083334174756061, 33.926709375370123 ] ] ] } },
{ "type": "Feature", "properties": { "CITY_NAME": "日高町", "S_NAME": "大字比井", "JINKO": 278, "medical_area": "30_御坊医療圏", "町丁目名": "日高町大字比井" }, "geometry": { "type": "Polygon", "coordinates": [ [ [ 135.093246465276053, 33.928033835803717 ], [ 135.094090205137974, 33.92665623465939 ], [ 135.094017283440763, 33.926072906106683 ], [ 135.095258512460845, 33.924985874408186 ], [ 135.095665429937128, 33.923937799192089 ], [ 135.095201045606245, 33.92383437645249 ], [ 135.09362394930011, 33.923988334042562 ], [ 135.092696242110293, 33.923721608378621 ], [ 135.091938547908882, 33.923119439735892 ], [ 135.090487588574831, 33.920878456898933 ], [ 135.089142896071479, 33.919902720192162 ], [ 135.085076444075128, 33.91931353837402 ], [ 135.085421436574705, 33.918669912228488 ], [ 135.085170245468959, 33.917910581655768 ], [ 135.084759131553426, 33.91739588837634 ], [ 135.083845373332281, 33.916979455029704 ], [ 135.082593915174385, 33.914567164666373 ], [ 135.081747495341119, 33.913806925208021 ], [ 135.080363086594048, 33.913497128449322 ], [ 135.078685671070048, 33.913929076584921 ], [ 135.079195887496184, 33.91408474188173 ], [ 135.081881197408393, 33.915885080285086 ], [ 135.082155822589186, 33.916393698357737 ], [ 135.08256778567295, 33.916637791845908 ], [ 135.082491657512293, 33.916780352278309 ], [ 135.082842493800939, 33.916973418084865 ], [ 135.082903603082855, 33.917421141175893 ], [ 135.082354108248097, 33.919495767379054 ], [ 135.082216947124834, 33.919333308893442 ], [ 135.081026738031085, 33.919862162935949 ], [ 135.080080729159334, 33.919190905718899 ], [ 135.080355383287554, 33.918641438015101 ], [ 135.079699375193258, 33.91803122258802 ], [ 135.079424664943502, 33.91808214240541 ], [ 135.078280302126814, 33.917726073079642 ], [ 135.076800483602938, 33.917115747338414 ], [ 135.075747745292944, 33.917024474887768 ], [ 135.075640841497574, 33.917309080935134 ], [ 135.07522886731752, 33.917553225879018 ], [ 135.076434366177949, 33.918499188406315 ], [ 135.076602080052396, 33.91897729418784 ], [ 135.076083214303338, 33.919668896351475 ], [ 135.077080515787372, 33.919936969154776 ], [ 135.078618636582803, 33.921353374943209 ], [ 135.080555240227227, 33.922773015394462 ], [ 135.081671813942876, 33.92337186514029 ], [ 135.082117527896429, 33.924088699073955 ], [ 135.082438685157626, 33.925272865070788 ], [ 135.083460024028284, 33.926793143326975 ], [ 135.085368459093871, 33.927363329148584 ], [ 135.086260285068903, 33.927311613369902 ], [ 135.087203385703305, 33.927015434148416 ], [ 135.087590923041034, 33.927448525490981 ], [ 135.089071826180117, 33.928298503324292 ], [ 135.092216944329323, 33.930745967416833 ], [ 135.093334137392077, 33.929754543196815 ], [ 135.093246465276053, 33.928033835803717 ] ] ] } },
{ "type": "Feature", "properties": { "CITY_NAME": "日高町", "S_NAME": "大字小坂", "JINKO": 88, "medical_area": "30_御坊医療圏", "町丁目名": "日高町大字小坂" }, "geometry": { "type": "Polygon", "coordinates": [ [ [ 135.097682003922074, 33.92352429468388 ], [ 135.098213631305384, 33.923227831840748 ], [ 135.098994584186471, 33.922361520016203 ], [ 135.09913708583818, 33.921352073276857 ], [ 135.098807137104387, 33.920251981190795 ], [ 135.099408669298242, 33.918672097778661 ], [ 135.098901269403768, 33.917270644598929 ], [ 135.098996529145069, 33.916784618943666 ], [ 135.099518018382241, 33.916065595662893 ], [ 135.100095383109391, 33.914787846991622 ], [ 135.100209715512733, 33.914061345594696 ], [ 135.100812571569975, 33.913363054047139 ], [ 135.101009433643299, 33.91221791137901 ], [ 135.10094069532181, 33.911554599317114 ], [ 135.099174321400454, 33.911517643200249 ], [ 135.097099231121604, 33.912020206712029 ], [ 135.094875074780902, 33.913187146275355 ], [ 135.093875733420845, 33.913321684788194 ], [ 135.092764707333743, 33.913767008252648 ], [ 135.090915189142407, 33.913296709293562 ], [ 135.088393518063839, 33.913464232056974 ], [ 135.087591278549922, 33.913700755392405 ], [ 135.086557098676764, 33.914391845657022 ], [ 135.085330750497803, 33.914468285839796 ], [ 135.083917135087546, 33.915569151975674 ], [ 135.08422717398085, 33.916291027353509 ], [ 135.083791289193329, 33.91690157397894 ], [ 135.084759131553426, 33.91739588837634 ], [ 135.085387874873931, 33.91833128892204 ], [ 135.085378487215593, 33.918838923290025 ], [ 135.085076444075128, 33.91931353837402 ], [ 135.086435867110055, 33.919583652087404 ], [ 135.088535075536441, 33.919743979893596 ], [ 135.089370856523686, 33.920005407234292 ], [ 135.090487588574831, 33.920878456898912 ], [ 135.091938547908882, 33.923119439735864 ], [ 135.092696242110293, 33.923721608378621 ], [ 135.093201769640473, 33.923920995535994 ], [ 135.09435059190298, 33.924004655466298 ], [ 135.095201045606245, 33.92383437645249 ], [ 135.095930041858367, 33.923907899841907 ], [ 135.096950309733415, 33.923538530805622 ], [ 135.097682003922074, 33.92352429468388 ] ] ] } },
{ "type": "Feature", "properties": { "CITY_NAME": "日高町", "S_NAME": "大字産湯", "JINKO": 127, "medical_area": "30_御坊医療圏", "町丁目名": "日高町大字産湯" }, "geometry": { "type": "Polygon", "coordinates": [ [ [ 135.085606812481387, 33.914392285184583 ], [ 135.086557098676764, 33.91439184565705 ], [ 135.087591278549894, 33.913700755392405 ], [ 135.089127019025568, 33.913367506691515 ], [ 135.090915189142379, 33.913296709293547 ], [ 135.092764707333743, 33.913767008252648 ], [ 135.093875733420901, 33.913321684788194 ], [ 135.094875074780902, 33.913187146275355 ], [ 135.096648167722662, 33.912205683607247 ], [ 135.098607416194398, 33.911625501799634 ], [ 135.099612772180137, 33.911470125328179 ], [ 135.103482582180362, 33.911432761743313 ], [ 135.104833188170488, 33.910866103467313 ], [ 135.106300540332938, 33.909649581821782 ], [ 135.106494041369871, 33.909264425746507 ], [ 135.106508113267608, 33.908497474046307 ], [ 135.106874775531054, 33.908219223786951 ], [ 135.107430696480947, 33.907377860929763 ], [ 135.107470424186545, 33.905711337114994 ], [ 135.108378036274814, 33.903882449937413 ], [ 135.108235200059767, 33.902686263000099 ], [ 135.107954365014649, 33.902251624485451 ], [ 135.10716619223237, 33.902458930744842 ], [ 135.10578202866003, 33.902450192236465 ], [ 135.10460622591944, 33.902817384901439 ], [ 135.104198083058037, 33.902790055577633 ], [ 135.103852707828878, 33.902341555055834 ], [ 135.103791399271245, 33.901692400361839 ], [ 135.103387494153452, 33.901259813648885 ], [ 135.102264616009876, 33.901453672838301 ], [ 135.101634449106655, 33.901276807523523 ], [ 135.100333806353831, 33.901562331172165 ], [ 135.099055515736381, 33.901359180902446 ], [ 135.097135275248604, 33.901731863267884 ], [ 135.096394760421532, 33.901349902064212 ], [ 135.095577052781692, 33.901343923352009 ], [ 135.095075769084161, 33.90156297484917 ], [ 135.093564863217011, 33.90146301625132 ], [ 135.091937523116798, 33.900056732887734 ], [ 135.091003172481123, 33.899875330680267 ], [ 135.090657740859143, 33.900763798346901 ], [ 135.090333797645087, 33.900946943004989 ], [ 135.089854611692886, 33.901598606112977 ], [ 135.088956067129573, 33.901854994815444 ], [ 135.088722049364549, 33.902056827067334 ], [ 135.088694506704854, 33.902351888861688 ], [ 135.087449199538241, 33.902639235579414 ], [ 135.086588480521556, 33.903419781445287 ], [ 135.085452211428731, 33.903024830406487 ], [ 135.084594398777284, 33.903190061546205 ], [ 135.082692235917108, 33.903188500693425 ], [ 135.080480416006566, 33.903854877259867 ], [ 135.079333466296305, 33.904401799520002 ], [ 135.080523352347996, 33.905673012676949 ], [ 135.081408348987111, 33.906364796551287 ], [ 135.082354306887282, 33.907534444343703 ], [ 135.083315577745878, 33.909802726245282 ], [ 135.08392580972469, 33.910392720044271 ], [ 135.083513944080892, 33.910331625213217 ], [ 135.083315591867262, 33.910860397679699 ], [ 135.083788621917961, 33.91141979045674 ], [ 135.083117232134356, 33.911531732503853 ], [ 135.082567815891309, 33.912497980653704 ], [ 135.080279108236169, 33.912528570435754 ], [ 135.078951716425479, 33.912945520198718 ], [ 135.078539792685291, 33.913250675202448 ], [ 135.078478950946419, 33.913810046199799 ], [ 135.078944437961837, 33.913914102361588 ], [ 135.080363086594048, 33.913497128449322 ], [ 135.081747495341119, 33.913806925208021 ], [ 135.082593915174385, 33.914567164666373 ], [ 135.083791289193329, 33.91690157397894 ], [ 135.08422717398085, 33.916291027353502 ], [ 135.083917135087546, 33.915569151975674 ], [ 135.085211461451451, 33.914539247905161 ], [ 135.085606812481387, 33.914392285184583 ] ] ] } },
{ "type": "Feature", "properties": { "CITY_NAME": "日高町", "S_NAME": "大字阿尾", "JINKO": 414, "medical_area": "30_御坊医療圏", "町丁目名": "日高町大字阿尾" }, "geometry": { "type": "Polygon", "coordinates": [ [ [ 135.062489051605183, 33.906303564881107 ], [ 135.066852812980585, 33.906171420535905 ], [ 135.068424374793835, 33.905418793512752 ], [ 135.069400719433105, 33.905225564989806 ], [ 135.070331440280739, 33.905500241014536 ], [ 135.070911131354819, 33.906059642553075 ], [ 135.071216383095475, 33.906110401676678 ], [ 135.071552123813632, 33.90602911215192 ], [ 135.071582423574739, 33.905805213784909 ], [ 135.072681212996201, 33.90586630133285 ], [ 135.073016745583317, 33.905530727597444 ], [ 135.075015480706156, 33.905174786802206 ], [ 135.076144597377407, 33.905408625911825 ], [ 135.076205684567839, 33.905266379515439 ], [ 135.074984917216057, 33.905032277892182 ], [ 135.073535589313025, 33.905296685743146 ], [ 135.073184554205085, 33.904838899717902 ], [ 135.073672871320298, 33.904310066636761 ], [ 135.073535625550363, 33.904198171875436 ], [ 135.073123731787149, 33.904534020430937 ], [ 135.072742031925458, 33.904584830277024 ], [ 135.072421866515498, 33.903710154267742 ], [ 135.072497948122248, 33.903384607837914 ], [ 135.073764471758921, 33.903109966938892 ], [ 135.076159919348072, 33.903028575321102 ], [ 135.076190409361089, 33.904025467773174 ], [ 135.076907598046148, 33.904025472440729 ], [ 135.077258385520196, 33.903557437874966 ], [ 135.078524705933233, 33.904228699354455 ], [ 135.078891069469222, 33.904645875275037 ], [ 135.080480416006566, 33.903854877259867 ], [ 135.082692235917108, 33.903188500693425 ], [ 135.084594398777284, 33.903190061546205 ], [ 135.085452211428731, 33.903024830406487 ], [ 135.086588480521556, 33.903419781445287 ], [ 135.087449199538241, 33.902639235579414 ], [ 135.085995299452776, 33.901365028179193 ], [ 135.083858150521195, 33.900321281314319 ], [ 135.08360525478713, 33.900003857572791 ], [ 135.080735486651804, 33.900135254414664 ], [ 135.080007196751779, 33.899763430970154 ], [ 135.078577729059646, 33.899895345267915 ], [ 135.077982157657345, 33.899656778319859 ], [ 135.077571899961214, 33.899113198422597 ], [ 135.07717859089712, 33.899091385640531 ], [ 135.076858523891019, 33.898589890135568 ], [ 135.075559889191965, 33.897908513990338 ], [ 135.075069754564993, 33.897364467226815 ], [ 135.073882648794438, 33.897254714757381 ], [ 135.073220458040339, 33.89686827310922 ], [ 135.069229708118854, 33.896761638867751 ], [ 135.068079146786971, 33.895722362779495 ], [ 135.06681741036337, 33.895534500492147 ], [ 135.065877209100023, 33.895900840463149 ], [ 135.065302918628191, 33.896669725703127 ], [ 135.062611626490735, 33.89852893218557 ], [ 135.061524460497679, 33.899377147104687 ], [ 135.061151689253109, 33.89988819612055 ], [ 135.05982932008942, 33.899980680579482 ], [ 135.059697155246027, 33.900556805028401 ], [ 135.059041109963573, 33.900862136324157 ], [ 135.057988108661277, 33.900892281441571 ], [ 135.057957560390236, 33.90119758931057 ], [ 135.058262786707729, 33.901502782567206 ], [ 135.058461110313488, 33.902112980984747 ], [ 135.058400278813366, 33.902753744058806 ], [ 135.059010525705986, 33.904777916402921 ], [ 135.059757941422703, 33.90541866110172 ], [ 135.062489051605183, 33.906303564881107 ] ] ] } },
{ "type": "Feature", "properties": { "CITY_NAME": "日高町", "S_NAME": "大字阿尾", "JINKO": 102, "medical_area": "30_御坊医療圏", "町丁目名": "日高町大字阿尾" }, "geometry": { "type": "Polygon", "coordinates": [ [ [ 135.06681741036337, 33.895534500492147 ], [ 135.068079146786971, 33.895722362779495 ], [ 135.069229708118854, 33.896761638867751 ], [ 135.07258915798667, 33.896828601826847 ], [ 135.072192308973911, 33.89668235812357 ], [ 135.072645148855599, 33.894304196189701 ], [ 135.073155006653849, 33.893432652741723 ], [ 135.073145615625094, 33.893168027229471 ], [ 135.072881962972815, 33.89271822331596 ], [ 135.072372696559398, 33.892409137648542 ], [ 135.072032244286447, 33.891164811161147 ], [ 135.071705315069892, 33.890928372826302 ], [ 135.071664311902225, 33.890205400337116 ], [ 135.071320050366694, 33.889307164148917 ], [ 135.070719941601709, 33.88927800496807 ], [ 135.069303744140029, 33.889556705506202 ], [ 135.068972001561178, 33.889757766578981 ], [ 135.068388332167132, 33.889559957653624 ], [ 135.068103518552562, 33.888767393433014 ], [ 135.067741940751603, 33.888558013170822 ], [ 135.066550825786038, 33.88875935044242 ], [ 135.065630786235999, 33.888389103713841 ], [ 135.065288894043761, 33.887287319574057 ], [ 135.06453280668822, 33.886111247820736 ], [ 135.062825462007623, 33.884887096148276 ], [ 135.062964735500145, 33.884430170214607 ], [ 135.063405420527943, 33.88402779039685 ], [ 135.063377815136789, 33.88374048066747 ], [ 135.063038152967181, 33.883290775334594 ], [ 135.061502722047948, 33.881976334622117 ], [ 135.059989381712626, 33.881995414099308 ], [ 135.059688867816845, 33.881073642143768 ], [ 135.058071706227707, 33.880313954676403 ], [ 135.057378057207643, 33.88083495554951 ], [ 135.057378031491226, 33.881536929297148 ], [ 135.057576391189485, 33.881669036772699 ], [ 135.058186527526516, 33.883225288434858 ], [ 135.058186536942458, 33.883916978938224 ], [ 135.057545751339944, 33.884089719608582 ], [ 135.057789946651894, 33.884232179951887 ], [ 135.057515203255491, 33.884364330689706 ], [ 135.05774410174962, 33.884700093910695 ], [ 135.05727133770975, 33.886805493019921 ], [ 135.056798269453623, 33.887731181126078 ], [ 135.056416667168293, 33.888087191783626 ], [ 135.056660776552604, 33.888392211319548 ], [ 135.058430642125529, 33.889450152423436 ], [ 135.059285267050797, 33.889805893978142 ], [ 135.060063225919606, 33.889836473928113 ], [ 135.061771981712639, 33.890528292557704 ], [ 135.062656908576969, 33.891423178638092 ], [ 135.064228450357206, 33.891697800871199 ], [ 135.064564239986169, 33.892003068838157 ], [ 135.064732045218221, 33.892501323971139 ], [ 135.064564284777163, 33.892867441151871 ], [ 135.063709902059685, 33.89314214817653 ], [ 135.063541828646777, 33.893365983519764 ], [ 135.063755664201182, 33.893701462157402 ], [ 135.063618245012009, 33.894057523685312 ], [ 135.063984298271748, 33.894128617373966 ], [ 135.063969272282321, 33.894352485026417 ], [ 135.06465564167064, 33.894413605614602 ], [ 135.064869482134014, 33.894586379360973 ], [ 135.064976165863271, 33.895369571741767 ], [ 135.064869508635468, 33.89611226888659 ], [ 135.064640583057383, 33.896447775136231 ], [ 135.063816514299674, 33.897007119031088 ], [ 135.062351899984094, 33.897637803208326 ], [ 135.060414018814612, 33.898868480580553 ], [ 135.059971526392047, 33.899366739597269 ], [ 135.05982932008942, 33.899980680579482 ], [ 135.061151689253109, 33.89988819612055 ], [ 135.061524460497679, 33.899377147104687 ], [ 135.062611626490735, 33.89852893218557 ], [ 135.065302918628191, 33.896669725703127 ], [ 135.065877209100023, 33.895900840463149 ], [ 135.06681741036337, 33.895534500492147 ] ] ] } },
{ "type": "Feature", "properties": { "CITY_NAME": "由良町", "S_NAME": "大字里", "JINKO": 506, "medical_area": "30_御坊医療圏", "町丁目名": "由良町大字里" }, "geometry": { "type": "Polygon", "coordinates": [ [ [ 135.124443619894095, 33.961160256846547 ], [ 135.123505894717113, 33.960798871757 ], [ 135.122761403041977, 33.959736592861645 ], [ 135.121868874482601, 33.959289022605617 ], [ 135.120071910251824, 33.959119289794629 ], [ 135.118933435785351, 33.959476032514175 ], [ 135.117279477912746, 33.959497037741023 ], [ 135.11731387671648, 33.960006404139357 ], [ 135.118110649845136, 33.960081270525649 ], [ 135.117809880805225, 33.961062336647515 ], [ 135.117992081664141, 33.961111669342678 ], [ 135.117683665345311, 33.96197227488851 ], [ 135.117525055409345, 33.963248583495258 ], [ 135.118884311543525, 33.964083677770944 ], [ 135.121022458158933, 33.964865141417057 ], [ 135.121782951214442, 33.965779757336506 ], [ 135.122096632319199, 33.966757260433937 ], [ 135.124665318299975, 33.965649945195139 ], [ 135.124497484545145, 33.964676298970524 ], [ 135.123862326921227, 33.96354817438791 ], [ 135.123900396084139, 33.963247537795468 ], [ 135.12487847870176, 33.962233427854173 ], [ 135.124889801946438, 33.961968806052141 ], [ 135.124443619894095, 33.961160256846547 ] ] ] } },
{ "type": "Feature", "properties": { "CITY_NAME": "由良町", "S_NAME": "大字里", "JINKO": 420, "medical_area": "30_御坊医療圏", "町丁目名": "由良町大字里" }, "geometry": { "type": "Polygon", "coordinates": [ [ [ 135.126327730325755, 33.97028241352254 ], [ 135.128193585835305, 33.969908792301297 ], [ 135.129150593230207, 33.969356992340657 ], [ 135.128119038569764, 33.968819023876264 ], [ 135.127774222234933, 33.967762983390436 ], [ 135.127730295276507, 33.967053933307653 ], [ 135.129028275820104, 33.96702775366834 ], [ 135.130972355884126, 33.966185945055216 ], [ 135.132881112616559, 33.965757041103736 ], [ 135.135345994126652, 33.965781120750329 ], [ 135.13747754466948, 33.965461766020226 ], [ 135.138574977313937, 33.965494801829799 ], [ 135.138900444975064, 33.965266888067681 ], [ 135.13902327759476, 33.964602255102868 ], [ 135.138839487114126, 33.964233851152819 ], [ 135.138927705782777, 33.96395990382959 ], [ 135.139532839059967, 33.964367455901197 ], [ 135.140254028233073, 33.964481951608754 ], [ 135.141010272028439, 33.96447285775843 ], [ 135.141278479060759, 33.964238622483045 ], [ 135.14206111114666, 33.964371285413804 ], [ 135.142445683929907, 33.964174203826872 ], [ 135.141050571683422, 33.963666069830886 ], [ 135.140855889819107, 33.963413673905038 ], [ 135.140644700636273, 33.962422417042831 ], [ 135.140635934359494, 33.961358611213974 ], [ 135.140197496701006, 33.959723649886328 ], [ 135.13884980026944, 33.958871933842914 ], [ 135.138611921077569, 33.958361144611132 ], [ 135.138594341798211, 33.957453641853618 ], [ 135.138136035651172, 33.957034144328865 ], [ 135.137660796476979, 33.956945162147669 ], [ 135.136892512860925, 33.957090371755051 ], [ 135.136036627222154, 33.956476344043914 ], [ 135.135860507137693, 33.95592047789598 ], [ 135.134971389165599, 33.954632115031423 ], [ 135.133580297840695, 33.953318681307472 ], [ 135.132828659559522, 33.952872607530658 ], [ 135.132542733277319, 33.953188409735667 ], [ 135.131728155416681, 33.953123795813077 ], [ 135.131199234281354, 33.952770846081201 ], [ 135.130751111061528, 33.951927090968503 ], [ 135.130813668055794, 33.951009170408867 ], [ 135.130594585328168, 33.95053456970102 ], [ 135.129782243440985, 33.950086210348751 ], [ 135.127855493684024, 33.94945739382468 ], [ 135.12488591528043, 33.953848730650485 ], [ 135.122948184856881, 33.954386781419586 ], [ 135.121953948982679, 33.95548135460087 ], [ 135.121863774266274, 33.956074078734702 ], [ 135.122058128792872, 33.956913104189397 ], [ 135.123830829363982, 33.958872742079343 ], [ 135.124186150661131, 33.959529771074259 ], [ 135.124192892856513, 33.959980094435359 ], [ 135.123255320634712, 33.960354033575342 ], [ 135.123343493909118, 33.960594012327775 ], [ 135.123760156330377, 33.960956627963675 ], [ 135.124443619894095, 33.961160256846547 ], [ 135.124889801946438, 33.961968806052141 ], [ 135.124753245279578, 33.962419619927587 ], [ 135.123869511766088, 33.96336621608382 ], [ 135.123966021608084, 33.963881796824786 ], [ 135.124497484545145, 33.964676298970524 ], [ 135.124665318299975, 33.965649945195139 ], [ 135.122096632319199, 33.966757260433937 ], [ 135.120167782441172, 33.96885577897234 ], [ 135.122366831316953, 33.969356898064326 ], [ 135.123949277107101, 33.969946446629791 ], [ 135.126327730325755, 33.97028241352254 ] ] ] } },
{ "type": "Feature", "properties": { "CITY_NAME": "由良町", "S_NAME": "大字里", "JINKO": 148, "medical_area": "30_御坊医療圏", "町丁目名": "由良町大字里" }, "geometry": { "type": "Polygon", "coordinates": [ [ [ 135.124186150661131, 33.959529771074259 ], [ 135.123830829363982, 33.958872742079343 ], [ 135.122135701540088, 33.957030863893706 ], [ 135.121896023683462, 33.956441006311344 ], [ 135.119556002251272, 33.956587189733092 ], [ 135.119182067291092, 33.957597693464628 ], [ 135.118084114408759, 33.95847046050104 ], [ 135.118392346137512, 33.958770612542047 ], [ 135.117695843462002, 33.958826493191218 ], [ 135.117716906204834, 33.959539469351981 ], [ 135.118933435785351, 33.959476032514175 ], [ 135.120071910251824, 33.959119289794629 ], [ 135.121702990008743, 33.959251355867053 ], [ 135.122761403041977, 33.959736592861645 ], [ 135.123255320634712, 33.960354033575342 ], [ 135.124192892856513, 33.959980094435359 ], [ 135.124186150661131, 33.959529771074259 ] ] ] } },
{ "type": "Feature", "properties": { "CITY_NAME": "由良町", "S_NAME": "大字阿戸", "JINKO": 387, "medical_area": "30_御坊医療圏", "町丁目名": "由良町大字阿戸" }, "geometry": { "type": "Polygon", "coordinates": [ [ [ 135.119331828000298, 33.957369558264354 ], [ 135.119556002251272, 33.956587189733092 ], [ 135.121896023683462, 33.956441006311344 ], [ 135.121995682237895, 33.955376276901738 ], [ 135.122699317314243, 33.954554485625124 ], [ 135.12488591528043, 33.953848730650485 ], [ 135.127855493684024, 33.94945739382468 ], [ 135.127775938746083, 33.949285104142717 ], [ 135.126790371873085, 33.948852399554085 ], [ 135.125869743354514, 33.948666538678907 ], [ 135.12554153323083, 33.948105777510172 ], [ 135.124806865431765, 33.948241720029571 ], [ 135.123435354235028, 33.947030857063822 ], [ 135.123225493699096, 33.946618426552092 ], [ 135.121718912527683, 33.945454908292767 ], [ 135.121734724315303, 33.945239901406921 ], [ 135.121224066136335, 33.945587196396069 ], [ 135.120367115415291, 33.945533625560621 ], [ 135.119000178217107, 33.94590904588911 ], [ 135.116857762016252, 33.945164015730235 ], [ 135.11555555785921, 33.94535911594852 ], [ 135.114556636087599, 33.945255604591999 ], [ 135.113632796012268, 33.94573725896452 ], [ 135.110391148315443, 33.945178500203269 ], [ 135.109075300656855, 33.944342808592936 ], [ 135.108191603251498, 33.944595365421229 ], [ 135.107706615412013, 33.945483739898783 ], [ 135.107379533151914, 33.947462925912426 ], [ 135.106910817865526, 33.948449608553503 ], [ 135.106436231303491, 33.948831470347415 ], [ 135.106421914489857, 33.949425998656885 ], [ 135.104917196276489, 33.950939085743506 ], [ 135.104813539782725, 33.952316928531566 ], [ 135.10459115218157, 33.952632986623492 ], [ 135.103406908104091, 33.953488089888729 ], [ 135.102824604002308, 33.9541925908987 ], [ 135.10552982822793, 33.95566561093483 ], [ 135.105529870414784, 33.956123308745738 ], [ 135.109130681033974, 33.956215002578446 ], [ 135.108886505721671, 33.956001365226605 ], [ 135.109069549780713, 33.955777570488856 ], [ 135.10989372477593, 33.956204730484572 ], [ 135.113463957103789, 33.956204784186859 ], [ 135.114406207965516, 33.956536967336099 ], [ 135.114226732110012, 33.957079314499843 ], [ 135.113982528294912, 33.957038820821751 ], [ 135.113784251665493, 33.957527076735587 ], [ 135.113982578617851, 33.957598233915661 ], [ 135.113616502919427, 33.958340689403414 ], [ 135.117543109412026, 33.959547947371668 ], [ 135.117716906204834, 33.959539469351981 ], [ 135.117695843462002, 33.958826493191218 ], [ 135.118392346137512, 33.958770612542047 ], [ 135.118084114408759, 33.95847046050104 ], [ 135.119331828000298, 33.957369558264354 ] ] ] } },
{ "type": "Feature", "properties": { "CITY_NAME": "由良町", "S_NAME": "大字網代", "JINKO": 269, "medical_area": "30_御坊医療圏", "町丁目名": "由良町大字網代" }, "geometry": { "type": "Polygon", "coordinates": [ [ [ 135.110073652799969, 33.964409531755749 ], [ 135.112483522229155, 33.964241784215659 ], [ 135.113181763214072, 33.963384236492473 ], [ 135.113673419661183, 33.962286843006503 ], [ 135.113271334933643, 33.961653545139406 ], [ 135.116037350080461, 33.96236268667834 ], [ 135.117525055409345, 33.963248583495258 ], [ 135.117683665345311, 33.96197227488851 ], [ 135.117992081664141, 33.961111669342678 ], [ 135.117809880805225, 33.961062336647515 ], [ 135.118110649845136, 33.960081270525649 ], [ 135.11731387671648, 33.960006404139357 ], [ 135.117288831256559, 33.959754341258034 ], [ 135.113817734112757, 33.958891544363823 ], [ 135.113555370762413, 33.959306930209372 ], [ 135.116835913834223, 33.96022246735486 ], [ 135.116506004373491, 33.960680483682587 ], [ 135.1148376003149, 33.960289152592232 ], [ 135.114735202408752, 33.960480429837361 ], [ 135.114116603201666, 33.960227206815695 ], [ 135.113247267346537, 33.960254068267297 ], [ 135.112044927233995, 33.959876614662839 ], [ 135.111266887945192, 33.96177858912236 ], [ 135.110717511768456, 33.96260268476221 ], [ 135.108093235615655, 33.961524505628105 ], [ 135.10798628049082, 33.96177857121976 ], [ 135.111404148291228, 33.963192679046934 ], [ 135.111068651593968, 33.963721495406332 ], [ 135.107650808109355, 33.962246659433148 ], [ 135.106628354932582, 33.963833372369912 ], [ 135.108198480079125, 33.963574126572176 ], [ 135.108982673115264, 33.964040875496885 ], [ 135.110073652799969, 33.964409531755749 ] ] ] } },
{ "type": "Feature", "properties": { "CITY_NAME": "由良町", "S_NAME": "大字江ノ駒", "JINKO": 248, "medical_area": "30_御坊医療圏", "町丁目名": "由良町大字江ノ駒" }, "geometry": { "type": "Polygon", "coordinates": [ [ [ 135.119912701101498, 33.964525612979102 ], [ 135.118107062073335, 33.963651981235884 ], [ 135.116113550337985, 33.962391970779734 ], [ 135.113271334933643, 33.961653545139406 ], [ 135.113673419661183, 33.962286843006503 ], [ 135.11360796090662, 33.962608973648507 ], [ 135.112483522229155, 33.964241784215659 ], [ 135.110073652799969, 33.964409531755749 ], [ 135.108982673115264, 33.964040875496885 ], [ 135.108198480079125, 33.963574126572176 ], [ 135.104477123302473, 33.963996105790159 ], [ 135.103012568040839, 33.963640035855498 ], [ 135.103088670035106, 33.963273898360001 ], [ 135.102264773412173, 33.963131394412315 ], [ 135.10185289076486, 33.964250161803726 ], [ 135.101898720230963, 33.964636909199612 ], [ 135.103220701100895, 33.964998717475119 ], [ 135.105858549425932, 33.966141627292281 ], [ 135.108792468061836, 33.96667016520577 ], [ 135.111967796163157, 33.967498585873258 ], [ 135.114542125401016, 33.968964848099532 ], [ 135.115128826568309, 33.970120134721128 ], [ 135.115913830064045, 33.971206681588399 ], [ 135.118045030152388, 33.973122038555026 ], [ 135.119435438153147, 33.97064936726504 ], [ 135.119510067001443, 33.970083025781157 ], [ 135.11990761757346, 33.969205543694464 ], [ 135.122096632319199, 33.966757260433937 ], [ 135.121782951214442, 33.965779757336506 ], [ 135.121197891812329, 33.965027832629467 ], [ 135.120602754638583, 33.964674224806402 ], [ 135.119912701101498, 33.964525612979102 ] ] ] } },
{ "type": "Feature", "properties": { "CITY_NAME": "由良町", "S_NAME": "大字門前", "JINKO": 406, "medical_area": "30_御坊医療圏", "町丁目名": "由良町大字門前" }, "geometry": { "type": "Polygon", "coordinates": [ [ [ 135.125749127147799, 33.983444106885791 ], [ 135.128350910314964, 33.983056377210204 ], [ 135.128778270053289, 33.981962433431626 ], [ 135.129952848034861, 33.980045299444299 ], [ 135.131251931830661, 33.979194298416168 ], [ 135.134083515564981, 33.974156489383894 ], [ 135.134580127324483, 33.973552818698572 ], [ 135.135655940464289, 33.972922501384112 ], [ 135.135970496976768, 33.971105201048552 ], [ 135.136285840704886, 33.970718462107889 ], [ 135.138792974241341, 33.970127152268844 ], [ 135.143359519181871, 33.969460376840367 ], [ 135.146534155231876, 33.968472194140332 ], [ 135.144898469871947, 33.967250047914781 ], [ 135.144322818959637, 33.966180059437107 ], [ 135.142678388634948, 33.964353043293485 ], [ 135.142445683929907, 33.964174203826872 ], [ 135.14206111114666, 33.964371285413804 ], [ 135.141278479060759, 33.964238622483045 ], [ 135.140879039862881, 33.9645016670421 ], [ 135.139920077052096, 33.964452572444621 ], [ 135.138927705782777, 33.96395990382959 ], [ 135.138839487114126, 33.964233851152791 ], [ 135.13902327759476, 33.964602255102868 ], [ 135.138900444975064, 33.965266888067681 ], [ 135.138574977313937, 33.965494801829777 ], [ 135.13747754466948, 33.965461766020226 ], [ 135.135345994126652, 33.965781120750322 ], [ 135.132881112616531, 33.965757041103736 ], [ 135.130972355884126, 33.966185945055216 ], [ 135.129028275820133, 33.96702775366834 ], [ 135.127730295276507, 33.967053933307653 ], [ 135.127774222234933, 33.967762983390436 ], [ 135.128119038569764, 33.968819023876264 ], [ 135.129150593230207, 33.969356992340657 ], [ 135.1275209486287, 33.9701294286875 ], [ 135.126327730325755, 33.97028241352254 ], [ 135.123949277107101, 33.969946446629791 ], [ 135.122366831316953, 33.969356898064326 ], [ 135.120167782441172, 33.968855778972348 ], [ 135.119510067001443, 33.970083025781157 ], [ 135.119435438153147, 33.97064936726504 ], [ 135.118857744976083, 33.9718537925853 ], [ 135.116963363575081, 33.9751948480951 ], [ 135.116268103101049, 33.976012420813788 ], [ 135.115681855308225, 33.976423790435526 ], [ 135.116752104480696, 33.976646719709521 ], [ 135.117654128666913, 33.977106369502756 ], [ 135.119216235300144, 33.978157048907939 ], [ 135.120194862762588, 33.979031390899166 ], [ 135.121098755159295, 33.980245536787486 ], [ 135.122283960589357, 33.983121711152492 ], [ 135.122990020282742, 33.983248302537206 ], [ 135.124421676078157, 33.983170282171386 ], [ 135.125749127147799, 33.983444106885791 ] ] ] } },
{ "type": "Feature", "properties": { "CITY_NAME": "由良町", "S_NAME": "大字中", "JINKO": 133, "medical_area": "30_御坊医療圏", "町丁目名": "由良町大字中" }, "geometry": { "type": "Polygon", "coordinates": [ [ [ 135.142474071823244, 33.976192623458871 ], [ 135.142222731579579, 33.975869981445605 ], [ 135.142968268577704, 33.974281311224253 ], [ 135.144084425173361, 33.973045016367195 ], [ 135.144988011019763, 33.972393267479795 ], [ 135.148717293697217, 33.970421644011367 ], [ 135.148371590155563, 33.970076081747543 ], [ 135.147598542989215, 33.969790391144755 ], [ 135.146904539783833, 33.968724104273662 ], [ 135.146534155231876, 33.968472194140311 ], [ 135.143359519181871, 33.969460376840367 ], [ 135.138792974241341, 33.970127152268844 ], [ 135.136285840704886, 33.970718462107889 ], [ 135.135970496976768, 33.971105201048552 ], [ 135.135655940464346, 33.972922501384112 ], [ 135.134580127324483, 33.973552818698572 ], [ 135.134083515564981, 33.974156489383873 ], [ 135.131466885465215, 33.978865471182729 ], [ 135.131039375823946, 33.979361423402324 ], [ 135.129952848034861, 33.980045299444285 ], [ 135.128778270053289, 33.981962433431612 ], [ 135.128350910314964, 33.983056377210204 ], [ 135.133051740262289, 33.985158306175876 ], [ 135.133867692841875, 33.985675390815274 ], [ 135.13656619121727, 33.981799555271941 ], [ 135.136724263188739, 33.981517656155226 ], [ 135.136750915524885, 33.980516962800991 ], [ 135.137086167433779, 33.980028099332749 ], [ 135.13865555760708, 33.979302623127339 ], [ 135.139554125388742, 33.979192690523583 ], [ 135.140118569926415, 33.978795718890957 ], [ 135.141101175527467, 33.976949263740245 ], [ 135.142149771048935, 33.97652043078805 ], [ 135.142474071823244, 33.976192623458871 ] ] ] } },
{ "type": "Feature", "properties": { "CITY_NAME": "由良町", "S_NAME": "大字畑", "JINKO": 317, "medical_area": "30_御坊医療圏", "町丁目名": "由良町大字畑" }, "geometry": { "type": "Polygon", "coordinates": [ [ [ 135.164236741600149, 33.996156025088581 ], [ 135.165377085510528, 33.995886257498093 ], [ 135.166283035324199, 33.995198338925483 ], [ 135.16729553028884, 33.99472610525811 ], [ 135.170001340475551, 33.995038250084704 ], [ 135.172764024633636, 33.994502406088507 ], [ 135.174120552754744, 33.994778189295587 ], [ 135.1748680754894, 33.994614587815107 ], [ 135.175250420994274, 33.994348655362771 ], [ 135.175542292101539, 33.993801504246399 ], [ 135.174738353455666, 33.992471235447702 ], [ 135.174643145784501, 33.991945435778213 ], [ 135.17486710389673, 33.990270029231233 ], [ 135.175869643549873, 33.987352578463501 ], [ 135.17608654794418, 33.985659216806681 ], [ 135.175560927438283, 33.984076390314435 ], [ 135.174690366157421, 33.98375232951846 ], [ 135.173006661932533, 33.983603540121308 ], [ 135.172119312842256, 33.983111570748136 ], [ 135.17118464356642, 33.982958641030656 ], [ 135.170505235829467, 33.982605554607318 ], [ 135.167963044723251, 33.981850252807085 ], [ 135.167230679588073, 33.981034171467549 ], [ 135.165778396333678, 33.980001627436891 ], [ 135.164668662006591, 33.979737303764885 ], [ 135.16390468162777, 33.978735463077619 ], [ 135.163446934386343, 33.978399620566002 ], [ 135.161144570900916, 33.977485196169987 ], [ 135.160713300513578, 33.976546994815799 ], [ 135.159202283760578, 33.975656364658811 ], [ 135.157805396440693, 33.975481706058773 ], [ 135.156909416056124, 33.974966167735218 ], [ 135.156776895072994, 33.975364639324596 ], [ 135.156209678643592, 33.975374555875867 ], [ 135.155463529306644, 33.975653721804747 ], [ 135.155172514531415, 33.975578327803177 ], [ 135.153891333312629, 33.975954674771039 ], [ 135.152789555399011, 33.974342392681933 ], [ 135.151287426164345, 33.973403537248572 ], [ 135.151013198845931, 33.972736859542046 ], [ 135.15051156403004, 33.972104110697131 ], [ 135.149442889260428, 33.971551825865085 ], [ 135.148717293697217, 33.970421644011367 ], [ 135.144988011019706, 33.972393267479788 ], [ 135.144084425173361, 33.973045016367188 ], [ 135.142968268577704, 33.974281311224239 ], [ 135.142222731579608, 33.975869981445612 ], [ 135.142474071823244, 33.976192623458871 ], [ 135.14233563829319, 33.976406913830715 ], [ 135.141101175527467, 33.976949263740245 ], [ 135.140118569926415, 33.978795718890957 ], [ 135.139554125388742, 33.979192690523597 ], [ 135.13865555760708, 33.979302623127339 ], [ 135.137086167433779, 33.98002809933277 ], [ 135.136750915524885, 33.980516962801026 ], [ 135.136724263188739, 33.981517656155226 ], [ 135.136566191217184, 33.981799555271948 ], [ 135.133867692841875, 33.985675390815274 ], [ 135.134766059766491, 33.986313069525416 ], [ 135.135554561215969, 33.986384252035656 ], [ 135.136567669172877, 33.986225837955388 ], [ 135.138060131757271, 33.986980087269593 ], [ 135.139808801526215, 33.987172345668554 ], [ 135.142589538657006, 33.988630862048524 ], [ 135.145147828771172, 33.990257370440837 ], [ 135.145825513239515, 33.990379977919396 ], [ 135.146928489523702, 33.990921513560998 ], [ 135.14811694868925, 33.990777323025398 ], [ 135.150194561837253, 33.991787064853384 ], [ 135.152455077667156, 33.992093683902461 ], [ 135.152869405195588, 33.992530408785179 ], [ 135.153277041266762, 33.992678166070348 ], [ 135.153697520716094, 33.992690354623065 ], [ 135.154381815258347, 33.992361482766341 ], [ 135.155084158457385, 33.992276573507141 ], [ 135.156187927058994, 33.992763796339631 ], [ 135.157329251695529, 33.992899098192602 ], [ 135.157911901774355, 33.993626294776412 ], [ 135.160637769541751, 33.994577588592627 ], [ 135.162467080833807, 33.994871653698176 ], [ 135.163536958825176, 33.995476078732423 ], [ 135.164236741600149, 33.996156025088581 ] ] ] } },
{ "type": "Feature", "properties": { "CITY_NAME": "由良町", "S_NAME": "大字大引", "JINKO": 0, "medical_area": "30_御坊医療圏", "町丁目名": "由良町大字大引" }, "geometry": { "type": "Polygon", "coordinates": [ [ [ 135.078513486119931, 33.969722706016789 ], [ 135.079086264053274, 33.969664868027756 ], [ 135.079120666768915, 33.969295197926698 ], [ 135.078908001644947, 33.96919767414493 ], [ 135.07845515869198, 33.969384039208862 ], [ 135.078293945422701, 33.969556948791698 ], [ 135.078513486119931, 33.969722706016789 ] ] ] } },
{ "type": "Feature", "properties": { "CITY_NAME": "由良町", "S_NAME": "大字大引", "JINKO": 0, "medical_area": "30_御坊医療圏", "町丁目名": "由良町大字大引" }, "geometry": { "type": "Polygon", "coordinates": [ [ [ 135.066996193588267, 33.979582049891576 ], [ 135.067098390460018, 33.979250932805471 ], [ 135.066899808201612, 33.979113993680585 ], [ 135.066672533646624, 33.979534918072268 ], [ 135.066996193588267, 33.979582049891576 ] ] ] } },
{ "type": "Feature", "properties": { "CITY_NAME": "由良町", "S_NAME": "大字大引", "JINKO": 342, "medical_area": "30_御坊医療圏", "町丁目名": "由良町大字大引" }, "geometry": { "type": "Polygon", "coordinates": [ [ [ 135.083421883173258, 33.97915104095344 ], [ 135.08575155257202, 33.978014346405445 ], [ 135.087788214062812, 33.974141131932946 ], [ 135.088775345904082, 33.973910363114868 ], [ 135.089122123866616, 33.97419128714585 ], [ 135.090557788666359, 33.97462816557104 ], [ 135.093865084399567, 33.97514923807794 ], [ 135.09384937902604, 33.974794691892647 ], [ 135.094425774667172, 33.973402054599731 ], [ 135.094865007722547, 33.97083100907728 ], [ 135.094469155368472, 33.96970338635991 ], [ 135.09373259089574, 33.968964170523023 ], [ 135.093524637840375, 33.968450572749717 ], [ 135.093541526594066, 33.967963984212609 ], [ 135.092381426279616, 33.967035836326723 ], [ 135.092042810784051, 33.966376880138171 ], [ 135.091918216874348, 33.964537585448589 ], [ 135.090201860097409, 33.964272911782814 ], [ 135.087621548392207, 33.962779340499438 ], [ 135.086115508040109, 33.962701977216902 ], [ 135.084517724507322, 33.96296820257264 ], [ 135.084398232409995, 33.963273709668769 ], [ 135.084398206191764, 33.963965388403395 ], [ 135.086046217170917, 33.967271051262614 ], [ 135.085664539554614, 33.968745961075037 ], [ 135.085191538826564, 33.96932551808424 ], [ 135.084886617901759, 33.969213656031968 ], [ 135.084581378531311, 33.96963076180392 ], [ 135.083955877368055, 33.969773320595024 ], [ 135.08279620308673, 33.969549435982543 ], [ 135.082704875317376, 33.969773303602594 ], [ 135.080309247907962, 33.969691758582265 ], [ 135.079729526982192, 33.969498519013598 ], [ 135.079393769411212, 33.969661250536575 ], [ 135.079058241937759, 33.970078113551502 ], [ 135.079058206362163, 33.970301956881613 ], [ 135.079454882948795, 33.970749510381523 ], [ 135.079332913254234, 33.971440975717968 ], [ 135.079088763827002, 33.971858238995978 ], [ 135.078539418396616, 33.972102342582758 ], [ 135.078402231929033, 33.972580274755707 ], [ 135.077792027878672, 33.973129465725371 ], [ 135.076617112942387, 33.973729640562567 ], [ 135.076251035006493, 33.97369900235622 ], [ 135.075594703975554, 33.975082491804457 ], [ 135.074145439746104, 33.976211520438852 ], [ 135.073626564425211, 33.976323129941527 ], [ 135.072070313146583, 33.97569256488103 ], [ 135.069781859632002, 33.97532649025667 ], [ 135.069507177750182, 33.975692506762975 ], [ 135.068484789211823, 33.975855222316554 ], [ 135.067539043564665, 33.976658763864094 ], [ 135.069095295309751, 33.977879493820048 ], [ 135.072100879723308, 33.977462403844342 ], [ 135.072543327533623, 33.977523495707018 ], [ 135.072955227613477, 33.977798196032452 ], [ 135.072818043077405, 33.978021850289515 ], [ 135.072879134218596, 33.978408434844269 ], [ 135.073229946547627, 33.978296549780879 ], [ 135.073977697999737, 33.978631954017878 ], [ 135.074969249935464, 33.978743935804644 ], [ 135.076052537626765, 33.978581198245287 ], [ 135.077852898525293, 33.979100142599322 ], [ 135.07901256022592, 33.978855963524026 ], [ 135.079531391976531, 33.978906895647064 ], [ 135.080385757521782, 33.978551105103499 ], [ 135.081682587360575, 33.978357792825122 ], [ 135.082765857982935, 33.978551115466857 ], [ 135.083421883173258, 33.97915104095344 ] ] ] } },
{ "type": "Feature", "properties": { "CITY_NAME": "由良町", "S_NAME": "大字大引", "JINKO": 0, "medical_area": "30_御坊医療圏", "町丁目名": "由良町大字大引" }, "geometry": { "type": "Polygon", "coordinates": [ [ [ 135.068076881731884, 33.978226211798081 ], [ 135.068527926845519, 33.978297526950804 ], [ 135.068526464527764, 33.97808973295578 ], [ 135.068220457471853, 33.977905834513948 ], [ 135.067940780134137, 33.977983307357299 ], [ 135.068076881731884, 33.978226211798081 ] ] ] } },
{ "type": "Feature", "properties": { "CITY_NAME": "由良町", "S_NAME": "大字大引", "JINKO": 0, "medical_area": "30_御坊医療圏", "町丁目名": "由良町大字大引" }, "geometry": { "type": "Polygon", "coordinates": [ [ [ 135.059408013062381, 33.977486176704353 ], [ 135.059032028013235, 33.977282930620866 ], [ 135.058999103912583, 33.977530286152685 ], [ 135.059364967959908, 33.977730624108183 ], [ 135.059408013062381, 33.977486176704353 ] ] ] } },
{ "type": "Feature", "properties": { "CITY_NAME": "由良町", "S_NAME": "大字大引", "JINKO": 0, "medical_area": "30_御坊医療圏", "町丁目名": "由良町大字大引" }, "geometry": { "type": "Polygon", "coordinates": [ [ [ 135.076022742836159, 33.97390563552058 ], [ 135.076184146308236, 33.973362806188625 ], [ 135.075844550537312, 33.973267706125625 ], [ 135.075539083509824, 33.973685064278541 ], [ 135.076022742836159, 33.97390563552058 ] ] ] } },
{ "type": "Feature", "properties": { "CITY_NAME": "由良町", "S_NAME": "大字神谷", "JINKO": 232, "medical_area": "30_御坊医療圏", "町丁目名": "由良町大字神谷" }, "geometry": { "type": "Polygon", "coordinates": [ [ [ 135.094493743067318, 33.964533989617792 ], [ 135.094468214108218, 33.963972849877223 ], [ 135.094126135238611, 33.963152856838406 ], [ 135.092594398554922, 33.961666241915438 ], [ 135.092697280744574, 33.961577545657811 ], [ 135.092469539859394, 33.961451339428969 ], [ 135.092650114916268, 33.961385754410813 ], [ 135.092333255939849, 33.961373421104831 ], [ 135.092473889814187, 33.961048479331929 ], [ 135.092308897394787, 33.960935694787302 ], [ 135.092434930049961, 33.960800118100266 ], [ 135.092168908196243, 33.96073688082965 ], [ 135.092149827909367, 33.960463309018529 ], [ 135.090305895063864, 33.957866984131762 ], [ 135.089692437372435, 33.95753690404711 ], [ 135.088945073138774, 33.958330407221844 ], [ 135.088548143956217, 33.95810658783855 ], [ 135.087922610920998, 33.958737291907113 ], [ 135.086625771644009, 33.95863542252922 ], [ 135.086442733639132, 33.958361058136347 ], [ 135.086717425058907, 33.957720297142544 ], [ 135.086579922216998, 33.957638841220252 ], [ 135.085923875271675, 33.957618343941888 ], [ 135.085908640859429, 33.957842215790642 ], [ 135.084367655547652, 33.957831908088785 ], [ 135.084444049923633, 33.957160520555924 ], [ 135.087159897608444, 33.957333641487175 ], [ 135.087541268466509, 33.957048945528484 ], [ 135.087602350877717, 33.956082597440712 ], [ 135.082765529550414, 33.95577735927143 ], [ 135.082735022973026, 33.956306244390902 ], [ 135.081987574147803, 33.956550301529511 ], [ 135.081636463191671, 33.956194239374142 ], [ 135.080477174328962, 33.955889200636094 ], [ 135.07911922320352, 33.956052048965809 ], [ 135.079088628926684, 33.956468939462255 ], [ 135.078096767677465, 33.957109669674423 ], [ 135.076708301625644, 33.957608098704164 ], [ 135.074999561195455, 33.958716613843315 ], [ 135.074023252974229, 33.959164292523248 ], [ 135.073260284899874, 33.958899917031118 ], [ 135.07310779775969, 33.959204882011612 ], [ 135.073504420217972, 33.959571170972659 ], [ 135.074023246567947, 33.959540699152107 ], [ 135.074679329900874, 33.959926966340177 ], [ 135.07496907431775, 33.959764322857616 ], [ 135.079012328795159, 33.960496715945006 ], [ 135.079668376736322, 33.960944235826425 ], [ 135.079561710593367, 33.96121884107913 ], [ 135.080477132468843, 33.961269770494667 ], [ 135.081575720580219, 33.960832530861204 ], [ 135.082094271944811, 33.960883447109431 ], [ 135.082353693238645, 33.961025687346869 ], [ 135.082460580932434, 33.961361474344436 ], [ 135.084001615401718, 33.961554807058704 ], [ 135.0845812505178, 33.962805686490981 ], [ 135.084517724507322, 33.96296820257264 ], [ 135.086474528309708, 33.96267688663179 ], [ 135.087621548392207, 33.962779340499438 ], [ 135.090418788666597, 33.964359176334916 ], [ 135.091769845971385, 33.964419005412267 ], [ 135.091992734500081, 33.964733242320754 ], [ 135.092042810784051, 33.966376880138171 ], [ 135.092381426279616, 33.967035836326723 ], [ 135.093541526594066, 33.967963984212609 ], [ 135.094493743067318, 33.964533989617792 ] ] ] } },
{ "type": "Feature", "properties": { "CITY_NAME": "由良町", "S_NAME": "大字神谷", "JINKO": 0, "medical_area": "30_御坊医療圏", "町丁目名": "由良町大字神谷" }, "geometry": { "type": "Polygon", "coordinates": [ [ [ 135.067310506562393, 33.960389918794093 ], [ 135.068667841243382, 33.960493873128549 ], [ 135.068908168205439, 33.96004913189384 ], [ 135.067781635108929, 33.959802254191416 ], [ 135.067213593970905, 33.96006743643013 ], [ 135.067310506562393, 33.960389918794093 ] ] ] } },
{ "type": "Feature", "properties": { "CITY_NAME": "由良町", "S_NAME": "大字神谷", "JINKO": 0, "medical_area": "30_御坊医療圏", "町丁目名": "由良町大字神谷" }, "geometry": { "type": "Polygon", "coordinates": [ [ [ 135.072608815143383, 33.959198309525384 ], [ 135.073280670634375, 33.958820337532714 ], [ 135.073369789241553, 33.958379800647506 ], [ 135.072553552262548, 33.958383660795839 ], [ 135.072009914046419, 33.959036164414051 ], [ 135.072608815143383, 33.959198309525384 ] ] ] } },
{ "type": "Feature", "properties": { "CITY_NAME": "由良町", "S_NAME": "大字神谷", "JINKO": 0, "medical_area": "30_御坊医療圏", "町丁目名": "由良町大字神谷" }, "geometry": { "type": "Polygon", "coordinates": [ [ [ 135.071565864803659, 33.958546672563607 ], [ 135.072195900547683, 33.958353920585644 ], [ 135.072244962889812, 33.957951963503568 ], [ 135.071750777773644, 33.958237164637026 ], [ 135.071565864803659, 33.958546672563607 ] ] ] } },
{ "type": "Feature", "properties": { "CITY_NAME": "由良町", "S_NAME": "大字吹井", "JINKO": 113, "medical_area": "30_御坊医療圏", "町丁目名": "由良町大字吹井" }, "geometry": { "type": "Polygon", "coordinates": [ [ [ 135.104529339975414, 33.968787707739985 ], [ 135.104511994547465, 33.968319179961227 ], [ 135.102545288416991, 33.967867319429828 ], [ 135.100563846242466, 33.967040600426678 ], [ 135.097456417920881, 33.967307792882728 ], [ 135.0946205210019, 33.968416787948776 ], [ 135.094106991256609, 33.968365118312057 ], [ 135.093541526594066, 33.967963984212609 ], [ 135.093524637840375, 33.968450572749717 ], [ 135.09373259089574, 33.968964170523023 ], [ 135.094469155368472, 33.96970338635991 ], [ 135.094865007722547, 33.97083100907728 ], [ 135.094336618878486, 33.973863596354889 ], [ 135.09384937902604, 33.974794691892647 ], [ 135.094201355418278, 33.976188237400272 ], [ 135.094698674314401, 33.976804256276793 ], [ 135.095698105225097, 33.977125313623539 ], [ 135.096135947419356, 33.977642281383837 ], [ 135.097378356683066, 33.977772819740572 ], [ 135.09836110744655, 33.978169670283641 ], [ 135.09911976885985, 33.978764070651891 ], [ 135.1004840304727, 33.979046636645187 ], [ 135.101705846195983, 33.979021326272694 ], [ 135.102876851020568, 33.978745021598748 ], [ 135.104089072589005, 33.978156129894785 ], [ 135.105607758405796, 33.977023155703641 ], [ 135.107277480294528, 33.976752968027171 ], [ 135.108339288414328, 33.975711309137075 ], [ 135.107555352947344, 33.973973612014305 ], [ 135.105692423031911, 33.971742214565772 ], [ 135.105572373568606, 33.969777731865143 ], [ 135.105158331047448, 33.969174607129432 ], [ 135.104529339975414, 33.968787707739985 ] ] ] } },
{ "type": "Feature", "properties": { "CITY_NAME": "由良町", "S_NAME": "大字吹井", "JINKO": 419, "medical_area": "30_御坊医療圏", "町丁目名": "由良町大字吹井" }, "geometry": { "type": "Polygon", "coordinates": [ [ [ 135.106575476502826, 33.97089508185001 ], [ 135.107229771085883, 33.969395732618842 ], [ 135.108595137146409, 33.969862048389274 ], [ 135.109660042944057, 33.968285631100642 ], [ 135.110190379363928, 33.96705202857558 ], [ 135.105858549425932, 33.966141627292281 ], [ 135.103220701100895, 33.964998717475119 ], [ 135.101987137091356, 33.964661783571032 ], [ 135.102432627968028, 33.965826945976424 ], [ 135.102737885389075, 33.965908057664514 ], [ 135.102676811495343, 33.966162451465927 ], [ 135.102295428740376, 33.966416907492885 ], [ 135.102676786892204, 33.966884704995188 ], [ 135.102508994304401, 33.966996604160613 ], [ 135.100464432751153, 33.966193090803145 ], [ 135.100381804680978, 33.96664835062063 ], [ 135.100563846242466, 33.967040600426678 ], [ 135.102545288416991, 33.967867319429828 ], [ 135.104511994547465, 33.968319179961227 ], [ 135.104529339975414, 33.968787707739985 ], [ 135.105158331047448, 33.969174607129432 ], [ 135.105572373568606, 33.969777731865143 ], [ 135.105692423031911, 33.971742214565772 ], [ 135.106033221790454, 33.971578601284314 ], [ 135.106389627616466, 33.970954730613016 ], [ 135.106575476502826, 33.97089508185001 ] ] ] } },
{ "type": "Feature", "properties": { "CITY_NAME": "由良町", "S_NAME": "大字吹井", "JINKO": 489, "medical_area": "30_御坊医療圏", "町丁目名": "由良町大字吹井" }, "geometry": { "type": "Polygon", "coordinates": [ [ [ 135.116651989442175, 33.975637916167322 ], [ 135.117719980727969, 33.973917758768422 ], [ 135.118045030152388, 33.973122038555026 ], [ 135.115913830064045, 33.971206681588399 ], [ 135.114422283555967, 33.968855092580064 ], [ 135.111655788491106, 33.967382373356713 ], [ 135.110190379363928, 33.967052028575601 ], [ 135.109660042944029, 33.968285631100628 ], [ 135.108595137146409, 33.969862048389274 ], [ 135.107229771085883, 33.969395732618842 ], [ 135.106757154386628, 33.970643111528567 ], [ 135.106033221790454, 33.971578601284314 ], [ 135.105692423031911, 33.971742214565772 ], [ 135.107555352947344, 33.973973612014305 ], [ 135.108339288414328, 33.975711309137075 ], [ 135.11009018790179, 33.975534501371783 ], [ 135.114121590370502, 33.976429769791672 ], [ 135.115681855308225, 33.976423790435526 ], [ 135.116651989442175, 33.975637916167322 ] ] ] } },
{ "type": "Feature", "properties": { "CITY_NAME": "由良町", "S_NAME": "大字吹井", "JINKO": 0, "medical_area": "30_御坊医療圏", "町丁目名": "由良町大字吹井" }, "geometry": { "type": "Polygon", "coordinates": [ [ [ 135.095547356250137, 33.957496446896322 ], [ 135.095435596986761, 33.957321651394359 ], [ 135.095235785868255, 33.957416822928998 ], [ 135.095547356250137, 33.957496446896322 ] ] ] } },
{ "type": "Feature", "properties": { "CITY_NAME": "由良町", "S_NAME": "大字吹井", "JINKO": 54, "medical_area": "30_御坊医療圏", "町丁目名": "由良町大字吹井" }, "geometry": { "type": "Polygon", "coordinates": [ [ [ 135.098958793881962, 33.967108185266298 ], [ 135.10012116110039, 33.967166266927379 ], [ 135.100563846242466, 33.967040600426678 ], [ 135.100381804680978, 33.96664835062063 ], [ 135.100464432751153, 33.966193090803145 ], [ 135.100021930648694, 33.965470847229618 ], [ 135.099640527349749, 33.963243404866056 ], [ 135.099609955989933, 33.961829386131996 ], [ 135.100632160290218, 33.960995559276981 ], [ 135.100052430948807, 33.960385015519613 ], [ 135.09515476505382, 33.957669233731536 ], [ 135.093842639999536, 33.957862454115592 ], [ 135.09071484747983, 33.95754726438993 ], [ 135.089951882782401, 33.957669124409492 ], [ 135.090527127953408, 33.95815148567479 ], [ 135.092149827909367, 33.960463309018529 ], [ 135.092168908196243, 33.96073688082965 ], [ 135.092434930049961, 33.960800118100266 ], [ 135.092308897394787, 33.960935694787302 ], [ 135.092473889814187, 33.961048479331929 ], [ 135.092333255939849, 33.961373421104831 ], [ 135.092650114916268, 33.961385754410813 ], [ 135.092469539859394, 33.961451339428969 ], [ 135.092697280744574, 33.961577545657811 ], [ 135.092594398554922, 33.961666241915438 ], [ 135.093690453236974, 33.96262448435607 ], [ 135.094299212019479, 33.963429673959972 ], [ 135.094493743067318, 33.964533989617792 ], [ 135.093541526594066, 33.967963984212609 ], [ 135.094106991256609, 33.968365118312057 ], [ 135.0946205210019, 33.968416787948776 ], [ 135.097098879644932, 33.967391246647665 ], [ 135.098958793881962, 33.967108185266298 ] ] ] } },
{ "type": "Feature", "properties": { "CITY_NAME": "由良町", "S_NAME": "大字衣奈", "JINKO": 0, "medical_area": "30_御坊医療圏", "町丁目名": "由良町大字衣奈" }, "geometry": { "type": "Polygon", "coordinates": [ [ [ 135.087530148797185, 34.002040218093754 ], [ 135.088446440076893, 34.001734996709928 ], [ 135.088705951958872, 34.001404613529736 ], [ 135.088027506750279, 34.001127139029961 ], [ 135.087580203204766, 34.001453309309134 ], [ 135.086989842844986, 34.001291010560159 ], [ 135.086682996590582, 34.001483409396286 ], [ 135.087061070621729, 34.001924601833913 ], [ 135.087530148797185, 34.002040218093754 ] ] ] } },
{ "type": "Feature", "properties": { "CITY_NAME": "由良町", "S_NAME": "大字衣奈", "JINKO": 0, "medical_area": "30_御坊医療圏", "町丁目名": "由良町大字衣奈" }, "geometry": { "type": "Polygon", "coordinates": [ [ [ 135.116106532351751, 33.997739004353186 ], [ 135.115815671355477, 33.997701984638283 ], [ 135.115805602237515, 33.997874616618418 ], [ 135.116068990948207, 33.997836779472394 ], [ 135.116106532351751, 33.997739004353186 ] ] ] } },
{ "type": "Feature", "properties": { "CITY_NAME": "由良町", "S_NAME": "大字衣奈", "JINKO": 0, "medical_area": "30_御坊医療圏", "町丁目名": "由良町大字衣奈" }, "geometry": { "type": "Polygon", "coordinates": [ [ [ 135.091113531146391, 34.00346490240107 ], [ 135.092075239254484, 34.003312272793963 ], [ 135.093065091642217, 34.00275258802823 ], [ 135.093232243835672, 34.002389252713236 ], [ 135.09302712457432, 34.002239966174358 ], [ 135.092776216530012, 34.002406029381994 ], [ 135.092889665890596, 34.002122593338797 ], [ 135.092714644115688, 34.001966485699519 ], [ 135.092847447812318, 34.001692208753873 ], [ 135.091632628903824, 34.001646324181763 ], [ 135.090664950704735, 34.002085297016414 ], [ 135.090354232995054, 34.002738881679747 ], [ 135.090283088716603, 34.00238970460893 ], [ 135.089649731649303, 34.002101867077641 ], [ 135.089423315771086, 34.002079340459808 ], [ 135.089119859494986, 34.002494202244932 ], [ 135.089115795414131, 34.002860853678484 ], [ 135.089548476536123, 34.003011973007581 ], [ 135.089467162448528, 34.003342129613252 ], [ 135.09113057413208, 34.003325571479465 ], [ 135.091113531146391, 34.00346490240107 ] ] ] } },
{ "type": "Feature", "properties": { "CITY_NAME": "由良町", "S_NAME": "大字衣奈", "JINKO": 0, "medical_area": "30_御坊医療圏", "町丁目名": "由良町大字衣奈" }, "geometry": { "type": "Polygon", "coordinates": [ [ [ 135.088196976004781, 34.002543843770816 ], [ 135.088728111426519, 34.002415087414612 ], [ 135.089004675338401, 34.002040032882029 ], [ 135.088917737610728, 34.001904436022201 ], [ 135.088494834283352, 34.00185255842473 ], [ 135.088149363892654, 34.002026784667095 ], [ 135.087982188388509, 34.002390111327081 ], [ 135.088196976004781, 34.002543843770816 ] ] ] } },
{ "type": "Feature", "properties": { "CITY_NAME": "由良町", "S_NAME": "大字衣奈", "JINKO": 0, "medical_area": "30_御坊医療圏", "町丁目名": "由良町大字衣奈" }, "geometry": { "type": "Polygon", "coordinates": [ [ [ 135.089186165090211, 34.002167738334599 ], [ 135.088950079537085, 34.002235435376875 ], [ 135.08856306700568, 34.002737297164842 ], [ 135.089032937062797, 34.002548214696311 ], [ 135.089186165090211, 34.002167738334599 ] ] ] } },
{ "type": "Feature", "properties": { "CITY_NAME": "由良町", "S_NAME": "大字衣奈", "JINKO": 520, "medical_area": "30_御坊医療圏", "町丁目名": "由良町大字衣奈" }, "geometry": { "type": "Polygon", "coordinates": [ [ [ 135.122649320534236, 33.998334815388546 ], [ 135.124449670006101, 33.99835507458819 ], [ 135.125746399098119, 33.997327766458035 ], [ 135.125400467048451, 33.997192965828454 ], [ 135.125569560539304, 33.996153928914943 ], [ 135.124807839862456, 33.99345582242033 ], [ 135.124395622495712, 33.992363133574813 ], [ 135.123843980737462, 33.991567533181644 ], [ 135.124566474156694, 33.98975418090798 ], [ 135.126171433932399, 33.986599793478071 ], [ 135.128350910314964, 33.983056377210204 ], [ 135.125749127147799, 33.98344410688582 ], [ 135.124421676078157, 33.983170282171386 ], [ 135.122990020282742, 33.983248302537206 ], [ 135.122283960589357, 33.983121711152506 ], [ 135.121098755159295, 33.980245536787486 ], [ 135.12065806584377, 33.979570997629843 ], [ 135.119216235300144, 33.978157048907939 ], [ 135.117654128666913, 33.977106369502756 ], [ 135.116399656808056, 33.976529521993399 ], [ 135.114121590370502, 33.976429769791672 ], [ 135.11009018790179, 33.975534501371783 ], [ 135.108339288414328, 33.975711309137075 ], [ 135.107277480294528, 33.976752968027171 ], [ 135.105607758405796, 33.977023155703641 ], [ 135.104089072589005, 33.978156129894785 ], [ 135.10221372584158, 33.978940507874285 ], [ 135.1004840304727, 33.979046636645187 ], [ 135.09911976885985, 33.978764070651891 ], [ 135.100291275220485, 33.981859722214999 ], [ 135.101258323401481, 33.983470338540585 ], [ 135.101604556940146, 33.984746917044838 ], [ 135.101573197681859, 33.985246645048456 ], [ 135.100387411563077, 33.987408258832438 ], [ 135.098827586621155, 33.989303118034407 ], [ 135.097878931864386, 33.989922766256399 ], [ 135.095923846843647, 33.990499795595284 ], [ 135.092927928923586, 33.992902968750215 ], [ 135.09353817089621, 33.993187660166797 ], [ 135.094117842901767, 33.992964143148875 ], [ 135.094804468656861, 33.993391388947231 ], [ 135.09597930232465, 33.992821755567512 ], [ 135.097230652455607, 33.992557375924257 ], [ 135.098939368797488, 33.99279119667348 ], [ 135.100800812944385, 33.992516577536662 ], [ 135.101990776943353, 33.992740368385434 ], [ 135.103180874536577, 33.992628453877266 ], [ 135.104447219180344, 33.99296434655961 ], [ 135.104889653132744, 33.992720194038576 ], [ 135.104782978116816, 33.992262435202399 ], [ 135.104966006366084, 33.991804809028849 ], [ 135.105942571888932, 33.991814719151698 ], [ 135.106339132867191, 33.990218014847898 ], [ 135.105759205198126, 33.99030959697135 ], [ 135.105606767296791, 33.989658654870851 ], [ 135.106689930016387, 33.988946529499657 ], [ 135.10955828781681, 33.988906026386253 ], [ 135.1095277275559, 33.989577332449045 ], [ 135.11154169817118, 33.989882337301573 ], [ 135.112533612898801, 33.990523254511096 ], [ 135.112899710483219, 33.990960471409316 ], [ 135.11259472386908, 33.992404727177629 ], [ 135.112228417180688, 33.992689746834856 ], [ 135.112045319672177, 33.993157384617533 ], [ 135.112121775578885, 33.994103452596093 ], [ 135.112320041253383, 33.99440873496669 ], [ 135.112014851203355, 33.994825626236654 ], [ 135.112045345264818, 33.995130826503754 ], [ 135.112808365249663, 33.995995471062756 ], [ 135.115020655376981, 33.997073647135764 ], [ 135.116714036522239, 33.997551635014801 ], [ 135.118056739226859, 33.998711146836023 ], [ 135.119170490071326, 33.999046623189528 ], [ 135.121764383733534, 33.99896538290902 ], [ 135.122237391904662, 33.998863661434576 ], [ 135.122649320534236, 33.998334815388546 ] ] ] } },
{ "type": "Feature", "properties": { "CITY_NAME": "由良町", "S_NAME": "大字衣奈", "JINKO": 0, "medical_area": "30_御坊医療圏", "町丁目名": "由良町大字衣奈" }, "geometry": { "type": "Polygon", "coordinates": [ [ [ 135.095659343227169, 34.005403512400143 ], [ 135.098954867560224, 34.005739271947547 ], [ 135.100053366917933, 34.00525102659379 ], [ 135.102113162710197, 34.004884999699904 ], [ 135.10250980507206, 34.004691661379916 ], [ 135.102616452484455, 34.004071221592859 ], [ 135.100923057499244, 34.003084658541425 ], [ 135.100205882061118, 34.002901369971127 ], [ 135.099641551681884, 34.002860765930336 ], [ 135.099809269390079, 34.003125274821947 ], [ 135.099580392624176, 34.003216860183564 ], [ 135.099321037837285, 34.003013381999658 ], [ 135.098207246185183, 34.002901423167302 ], [ 135.095750739155648, 34.003216830229952 ], [ 135.095506654885099, 34.003104873186459 ], [ 135.095033551644946, 34.003216761005568 ], [ 135.094286155643061, 34.002921765255486 ], [ 135.093095911423575, 34.002901291075403 ], [ 135.092149915231062, 34.003328602090384 ], [ 135.091402409059725, 34.005026984580276 ], [ 135.09208902796766, 34.006990089833828 ], [ 135.092851700081098, 34.007671593843561 ], [ 135.093431693087467, 34.007874916666893 ], [ 135.094331863961116, 34.007946069059003 ], [ 135.095262364804285, 34.007549485171509 ], [ 135.095552370261515, 34.006959564481427 ], [ 135.095277730904257, 34.006186588765878 ], [ 135.095338765813409, 34.005790081157549 ], [ 135.095659343227169, 34.005403512400143 ] ] ] } },
{ "type": "Feature", "properties": { "CITY_NAME": "由良町", "S_NAME": "大字小引", "JINKO": 96, "medical_area": "30_御坊医療圏", "町丁目名": "由良町大字小引" }, "geometry": { "type": "Polygon", "coordinates": [ [ [ 135.096694751592707, 33.98495864355921 ], [ 135.099153523633532, 33.985084850403673 ], [ 135.101604556940146, 33.984746917044838 ], [ 135.101258323401481, 33.983470338540585 ], [ 135.100291275220485, 33.981859722214999 ], [ 135.09911976885985, 33.978764070651891 ], [ 135.09836110744655, 33.978169670283677 ], [ 135.097378356683038, 33.977772819740593 ], [ 135.096135947419356, 33.977642281383837 ], [ 135.095698105225097, 33.977125313623553 ], [ 135.094698674314401, 33.976804256276793 ], [ 135.094201355418278, 33.976188237400272 ], [ 135.093865084399567, 33.97514923807794 ], [ 135.090557788666359, 33.97462816557104 ], [ 135.089122123866616, 33.97419128714585 ], [ 135.088775345904082, 33.973910363114904 ], [ 135.087788214062812, 33.974141131932946 ], [ 135.08575155257202, 33.978014346405445 ], [ 135.083421883173258, 33.979151040953461 ], [ 135.083467746730463, 33.979456367776422 ], [ 135.083116895476735, 33.979730987943377 ], [ 135.083299969146395, 33.979863221291019 ], [ 135.083605264174736, 33.979690110416058 ], [ 135.083803506409538, 33.979771601099962 ], [ 135.08375774641118, 33.97992396436554 ], [ 135.084001864710643, 33.980127650157272 ], [ 135.084490142393008, 33.97980206795031 ], [ 135.084627401192563, 33.979893809866752 ], [ 135.087511052509029, 33.979130831703365 ], [ 135.088319586083827, 33.979354745198769 ], [ 135.088457122401564, 33.980026029772816 ], [ 135.089311514881899, 33.980941251965582 ], [ 135.089006309707742, 33.982365178075405 ], [ 135.089174288730987, 33.982375576625515 ], [ 135.089387906812249, 33.981327804783263 ], [ 135.090272851011122, 33.981683986946983 ], [ 135.091127206161758, 33.982853614091447 ], [ 135.091081457804506, 33.983524811520788 ], [ 135.090806705898302, 33.983911448155851 ], [ 135.090028773768097, 33.984297746975571 ], [ 135.089891261939044, 33.984714978208352 ], [ 135.090104863528836, 33.984633583681884 ], [ 135.090227091786829, 33.984908341328918 ], [ 135.09005931714367, 33.985691615090346 ], [ 135.089647448729977, 33.985691528183352 ], [ 135.089723523054289, 33.986108506894212 ], [ 135.089448853159496, 33.986159302164999 ], [ 135.089647462010618, 33.986718621725018 ], [ 135.09160031570832, 33.987156083970596 ], [ 135.092347807618495, 33.98827489892706 ], [ 135.093927220438559, 33.98592441091413 ], [ 135.095128457176315, 33.985271428623605 ], [ 135.096694751592707, 33.98495864355921 ] ] ] } },
{ "type": "Feature", "properties": { "CITY_NAME": "由良町", "S_NAME": "大字小引", "JINKO": 0, "medical_area": "30_御坊医療圏", "町丁目名": "由良町大字小引" }, "geometry": { "type": "Polygon", "coordinates": [ [ [ 135.087582158528733, 33.992215705662467 ], [ 135.087940864592497, 33.991205793903603 ], [ 135.087686232917633, 33.990770026713463 ], [ 135.087767436519698, 33.990250537528937 ], [ 135.087552677143719, 33.990001859288363 ], [ 135.087638252362382, 33.989779074395365 ], [ 135.088324069467745, 33.988565351606525 ], [ 135.089601475224043, 33.987777765901107 ], [ 135.089761081341038, 33.987558203534704 ], [ 135.089689065944071, 33.987324389913105 ], [ 135.089145054297745, 33.987225981413623 ], [ 135.089018561807791, 33.987376903670743 ], [ 135.088376916966467, 33.987443009574761 ], [ 135.087809291192968, 33.987323008640637 ], [ 135.087667800263461, 33.987572144753429 ], [ 135.087766616750145, 33.987766010416998 ], [ 135.087431856766131, 33.987829314194386 ], [ 135.087680270736087, 33.988483101729187 ], [ 135.086846968984474, 33.989101114638672 ], [ 135.08548223132513, 33.98918437544139 ], [ 135.083903278851693, 33.989872041306377 ], [ 135.083385985410445, 33.98982846099743 ], [ 135.083158279953494, 33.989447401521353 ], [ 135.082934034457253, 33.989478552137726 ], [ 135.081815187716842, 33.989877735374208 ], [ 135.08173475582737, 33.989997718648617 ], [ 135.082258441454769, 33.990107703575426 ], [ 135.081635227169897, 33.990298153455456 ], [ 135.081724440832573, 33.990582248606628 ], [ 135.082087266014724, 33.990837395823235 ], [ 135.082726810741519, 33.990812446702456 ], [ 135.08318090086911, 33.9911210972815 ], [ 135.08459547685996, 33.991608623 ], [ 135.086163204322418, 33.991715790347584 ], [ 135.086895371567238, 33.992197367193739 ], [ 135.087582158528733, 33.992215705662467 ] ] ] } },
{ "type": "Feature", "properties": { "CITY_NAME": "由良町", "S_NAME": "大字戸津井", "JINKO": 87, "medical_area": "30_御坊医療圏", "町丁目名": "由良町大字戸津井" }, "geometry": { "type": "Polygon", "coordinates": [ [ [ 135.098166214368405, 33.989774279883136 ], [ 135.099385724359848, 33.988749634219822 ], [ 135.100387411563077, 33.987408258832438 ], [ 135.101573197681859, 33.985246645048456 ], [ 135.101604556940146, 33.984746917044838 ], [ 135.099153523633532, 33.985084850403673 ], [ 135.097192753011967, 33.984929050627599 ], [ 135.096114769695589, 33.985016792607084 ], [ 135.094679197280243, 33.985449428116119 ], [ 135.093927220438559, 33.98592441091413 ], [ 135.092347807618495, 33.98827489892706 ], [ 135.092378373038997, 33.988742954701301 ], [ 135.093782200497145, 33.988183620376716 ], [ 135.094148280407836, 33.988549621838608 ], [ 135.094056917226851, 33.989058196286621 ], [ 135.09248537971672, 33.989698986693199 ], [ 135.091356287274209, 33.989648110952459 ], [ 135.091005203804968, 33.989831043227376 ], [ 135.09111209696826, 33.990197391862672 ], [ 135.091646237507717, 33.990655220481621 ], [ 135.091966532197489, 33.991560423276489 ], [ 135.091905416881929, 33.991997797147533 ], [ 135.092592087310635, 33.992435055401735 ], [ 135.092927928923586, 33.992902968750215 ], [ 135.095923846843647, 33.990499795595284 ], [ 135.098166214368405, 33.989774279883136 ] ] ] } },
{ "type": "Feature", "properties": { "CITY_NAME": "由良町", "S_NAME": "大字三尾川", "JINKO": 178, "medical_area": "30_御坊医療圏", "町丁目名": "由良町大字三尾川" }, "geometry": { "type": "Polygon", "coordinates": [ [ [ 135.131772941828899, 33.999911302996132 ], [ 135.132352618606319, 33.999463619306987 ], [ 135.132703693560018, 33.99962639565657 ], [ 135.13389350614861, 33.999412748206375 ], [ 135.134259891409641, 33.999575486081305 ], [ 135.134353387527284, 33.99991323687199 ], [ 135.136458801372243, 33.998752322213328 ], [ 135.138388584049636, 33.997358277607908 ], [ 135.138538638322501, 33.996691051795132 ], [ 135.139035894803754, 33.995882002552541 ], [ 135.139844664699638, 33.995165843288611 ], [ 135.140297542198851, 33.993706070378479 ], [ 135.140924662547803, 33.99287085783407 ], [ 135.140854828738071, 33.991750314723284 ], [ 135.141138927351477, 33.991499574125719 ], [ 135.141951113552608, 33.991280122257805 ], [ 135.14382207905561, 33.98946112708817 ], [ 135.142589538657006, 33.988630862048524 ], [ 135.139808801526215, 33.987172345668554 ], [ 135.138060131757271, 33.986980087269593 ], [ 135.136567669172877, 33.986225837955388 ], [ 135.135554561215969, 33.986384252035656 ], [ 135.134766059766491, 33.986313069525416 ], [ 135.133051740262289, 33.985158306175897 ], [ 135.128350910314964, 33.983056377210204 ], [ 135.126171433932399, 33.986599793478071 ], [ 135.124566474156694, 33.98975418090798 ], [ 135.123843980737462, 33.991567533181644 ], [ 135.124556605842571, 33.992753497170213 ], [ 135.125414582675717, 33.995530757452954 ], [ 135.125587868644601, 33.99627074958174 ], [ 135.125400467048451, 33.997192965828454 ], [ 135.126417750760652, 33.997551572718905 ], [ 135.127516265102543, 33.998212693145916 ], [ 135.128294171696439, 33.999209478627655 ], [ 135.128370530610567, 33.999799408248663 ], [ 135.128263654681376, 33.999880778853935 ], [ 135.128340021696403, 34.000104593618062 ], [ 135.128736646231602, 34.000328275809295 ], [ 135.128675846027676, 34.000552107546788 ], [ 135.130308096021395, 34.000633495421404 ], [ 135.131772941828899, 33.999911302996132 ] ] ] } },
{ "type": "Feature", "properties": { "CITY_NAME": "由良町", "S_NAME": null, "JINKO": 0, "medical_area": "30_御坊医療圏", "町丁目名": "由良町" }, "geometry": { "type": "Polygon", "coordinates": [ [ [ 135.106628354932582, 33.963833372369905 ], [ 135.107650808109355, 33.962246659433148 ], [ 135.111068651593968, 33.963721495406332 ], [ 135.111404148291228, 33.963192679046934 ], [ 135.10798628049082, 33.961778571219746 ], [ 135.108093235615655, 33.961524505628105 ], [ 135.110717511768456, 33.96260268476221 ], [ 135.111266887945192, 33.961778589122346 ], [ 135.112044927233995, 33.959876614662832 ], [ 135.113247267346537, 33.96025406826729 ], [ 135.114116603201666, 33.960227206815688 ], [ 135.114735202408781, 33.960480429837347 ], [ 135.1148376003149, 33.960289152592232 ], [ 135.11650600437352, 33.960680483682587 ], [ 135.116835913834223, 33.96022246735486 ], [ 135.113555370762413, 33.959306930209372 ], [ 135.113817734112757, 33.958891544363802 ], [ 135.117048700869873, 33.959760653309687 ], [ 135.117288831256559, 33.959754341258034 ], [ 135.117279477912746, 33.959497037741023 ], [ 135.113616502919427, 33.958340689403414 ], [ 135.113982578617851, 33.957598233915675 ], [ 135.113784251665493, 33.957527076735587 ], [ 135.113982528294912, 33.957038820821751 ], [ 135.114226732110012, 33.957079314499843 ], [ 135.114406207965459, 33.956536967336092 ], [ 135.113463957103789, 33.956204784186859 ], [ 135.10989372477593, 33.956204730484572 ], [ 135.109069549780713, 33.955777570488827 ], [ 135.108886505721671, 33.956001365226591 ], [ 135.109130681033974, 33.956215002578446 ], [ 135.105529870414784, 33.95612330874571 ], [ 135.10552982822793, 33.955665610934801 ], [ 135.102824604002308, 33.954192590898693 ], [ 135.102171466067034, 33.961529275195154 ], [ 135.102264773412173, 33.963131394412287 ], [ 135.103088670035191, 33.963273898360001 ], [ 135.103012568040839, 33.963640035855498 ], [ 135.104477123302473, 33.963996105790159 ], [ 135.106628354932582, 33.963833372369905 ] ] ] } },
{ "type": "Feature", "properties": { "CITY_NAME": "印南町", "S_NAME": "大字津井", "JINKO": 260, "medical_area": "30_御坊医療圏", "町丁目名": "印南町大字津井" }, "geometry": { "type": "Polygon", "coordinates": [ [ [ 135.210452078204582, 33.818874001640005 ], [ 135.211350170377131, 33.817037758600776 ], [ 135.210142595342575, 33.815958515775826 ], [ 135.210204770865175, 33.815290868691584 ], [ 135.209908490099139, 33.814528793217541 ], [ 135.210825040453983, 33.812488956972103 ], [ 135.208809570032514, 33.811590226101643 ], [ 135.208650222076102, 33.811236166991151 ], [ 135.208088564584671, 33.810832478749376 ], [ 135.207874716513203, 33.810486804059288 ], [ 135.207846280266125, 33.809708977170068 ], [ 135.207591473815, 33.809001265738296 ], [ 135.206833904917772, 33.809355647120164 ], [ 135.206944700758413, 33.809410313854748 ], [ 135.20669604316069, 33.809837550484701 ], [ 135.206716676943188, 33.810252990117867 ], [ 135.206525249978057, 33.810449554120908 ], [ 135.206832863384165, 33.810921072726074 ], [ 135.206804117767746, 33.811383812171663 ], [ 135.206415682331425, 33.811932857287573 ], [ 135.205988942277514, 33.812215958985526 ], [ 135.204904326248283, 33.812544419953362 ], [ 135.203226071936911, 33.812696893949905 ], [ 135.202478390001289, 33.812544433362135 ], [ 135.202005338741998, 33.81269691034332 ], [ 135.200739050459163, 33.812432474296358 ], [ 135.200220172967391, 33.81250364336632 ], [ 135.199065994441213, 33.813022209381245 ], [ 135.199892430224423, 33.814086679088007 ], [ 135.199935309803635, 33.814782751573546 ], [ 135.199705308996357, 33.815837281800519 ], [ 135.199854094346762, 33.816569964106762 ], [ 135.200143866710192, 33.816970945485963 ], [ 135.200282472532649, 33.816876468741725 ], [ 135.200475327503398, 33.817046206108522 ], [ 135.200774093457625, 33.81763292114379 ], [ 135.201104262838783, 33.817910753993992 ], [ 135.201285041278965, 33.817791612294897 ], [ 135.201498330207272, 33.817978808223572 ], [ 135.201788251894129, 33.81850122485406 ], [ 135.201250561776618, 33.819320335172399 ], [ 135.201169755762919, 33.819977711584123 ], [ 135.200883610148054, 33.820409908175911 ], [ 135.200906139399706, 33.820846073141404 ], [ 135.201303321654052, 33.821534156255012 ], [ 135.20166368269733, 33.822652525114627 ], [ 135.202285519644732, 33.822851940309114 ], [ 135.202438619344235, 33.823260630650211 ], [ 135.203123866814082, 33.823730655498345 ], [ 135.203116951458242, 33.824339911239491 ], [ 135.202742138689189, 33.825322797339524 ], [ 135.204480333654686, 33.825622942672503 ], [ 135.209207515292576, 33.826063103575116 ], [ 135.213063339421723, 33.825413238201044 ], [ 135.213618976988698, 33.825141505879628 ], [ 135.211750836493422, 33.823668663138811 ], [ 135.211227826535577, 33.822648878256324 ], [ 135.211076002947891, 33.820553601744805 ], [ 135.210560713116166, 33.81984450331241 ], [ 135.210397682651944, 33.819337988666021 ], [ 135.210452078204582, 33.818874001640005 ] ] ] } },
{ "type": "Feature", "properties": { "CITY_NAME": "印南町", "S_NAME": "大字印南", "JINKO": 460, "medical_area": "30_御坊医療圏", "町丁目名": "印南町大字印南" }, "geometry": { "type": "Polygon", "coordinates": [ [ [ 135.21551001107062, 33.816154188071295 ], [ 135.216034149753597, 33.815886888472733 ], [ 135.21622191639895, 33.815554056906997 ], [ 135.216711584629991, 33.815706777691027 ], [ 135.217053842539201, 33.815385630957579 ], [ 135.217710168490072, 33.815558142093053 ], [ 135.218422655715415, 33.815253424460131 ], [ 135.218499746990318, 33.814646018499069 ], [ 135.218269567965564, 33.814086396836402 ], [ 135.217722702599275, 33.813525051519541 ], [ 135.217063748304781, 33.81417920418005 ], [ 135.216210179567327, 33.813724525589464 ], [ 135.215828833176886, 33.81402936186926 ], [ 135.213250478283584, 33.812046011279008 ], [ 135.212685707938817, 33.81250364966187 ], [ 135.212707988702192, 33.812383762981284 ], [ 135.212346499218341, 33.812390615852173 ], [ 135.212386928752494, 33.811718178242678 ], [ 135.212705753827578, 33.811541294243817 ], [ 135.212742000459116, 33.811333871891918 ], [ 135.212418958244541, 33.811114860339863 ], [ 135.212116612437711, 33.811279871833342 ], [ 135.211706995842803, 33.811069746340678 ], [ 135.211010075066469, 33.810406832682595 ], [ 135.211060650748493, 33.810017769001796 ], [ 135.210371669067484, 33.809291229104097 ], [ 135.209206198508326, 33.809104722117723 ], [ 135.208612238986774, 33.808801275594767 ], [ 135.207591473815, 33.809001265738296 ], [ 135.207846280266125, 33.809708977170068 ], [ 135.207874716513203, 33.810486804059288 ], [ 135.208088564584671, 33.810832478749376 ], [ 135.208650222076102, 33.811236166991151 ], [ 135.208809570032514, 33.811590226101643 ], [ 135.210825040453983, 33.812488956972103 ], [ 135.209908490099139, 33.814528793217541 ], [ 135.210204770865175, 33.815290868691584 ], [ 135.210121658933787, 33.815885970877289 ], [ 135.21022859548205, 33.816058807890592 ], [ 135.211350170377131, 33.817037758600776 ], [ 135.211766225682368, 33.816843749671598 ], [ 135.212374563361777, 33.816037720933316 ], [ 135.212364739850443, 33.816731486114918 ], [ 135.212562216796357, 33.816795436445751 ], [ 135.212668794430556, 33.817210440417142 ], [ 135.212941952552114, 33.817488163827846 ], [ 135.212909417945269, 33.817759993635448 ], [ 135.213907620182397, 33.816623968504317 ], [ 135.214341009736188, 33.816388360569078 ], [ 135.21551001107062, 33.816154188071295 ] ] ] } },
{ "type": "Feature", "properties": { "CITY_NAME": "印南町", "S_NAME": "大字印南", "JINKO": 148, "medical_area": "30_御坊医療圏", "町丁目名": "印南町大字印南" }, "geometry": { "type": "Polygon", "coordinates": [ [ [ 135.218838533719207, 33.814389929772481 ], [ 135.219584971986762, 33.814461426608638 ], [ 135.220085766327827, 33.814104643469811 ], [ 135.220021601858804, 33.813987167269346 ], [ 135.220242607447091, 33.813950807299562 ], [ 135.219947115320252, 33.812173294769025 ], [ 135.219651183212932, 33.811717088817716 ], [ 135.219141959715444, 33.811471135682787 ], [ 135.219023195202993, 33.811947966003018 ], [ 135.218496138549824, 33.812010987151645 ], [ 135.218419252141047, 33.81286507468112 ], [ 135.217722702599275, 33.813525051519541 ], [ 135.218269567965564, 33.814086396836402 ], [ 135.218499746990318, 33.814646018499069 ], [ 135.218823020464924, 33.814722307063811 ], [ 135.218838533719207, 33.814389929772481 ] ] ] } },
{ "type": "Feature", "properties": { "CITY_NAME": "印南町", "S_NAME": "大字印南", "JINKO": 677, "medical_area": "30_御坊医療圏", "町丁目名": "印南町大字印南" }, "geometry": { "type": "Polygon", "coordinates": [ [ [ 135.215577109005409, 33.823431868992841 ], [ 135.21578654611281, 33.823417280938031 ], [ 135.216255372639637, 33.823814441701295 ], [ 135.218605578395312, 33.824120412175354 ], [ 135.219333008612637, 33.823627573155569 ], [ 135.219686976874158, 33.822707613221652 ], [ 135.220089687873013, 33.822506306986767 ], [ 135.219298828470642, 33.821511764149442 ], [ 135.217946602603831, 33.820766821763151 ], [ 135.217745492576427, 33.819997752078628 ], [ 135.219310522022198, 33.817470004232156 ], [ 135.219447593172788, 33.816456256861017 ], [ 135.220704936401148, 33.816045788853273 ], [ 135.221087794304253, 33.815573299204672 ], [ 135.221042530276719, 33.815037530592136 ], [ 135.220242607447091, 33.813950807299562 ], [ 135.220021601858804, 33.813987167269346 ], [ 135.220085766327827, 33.814104643469811 ], [ 135.219584971986762, 33.814461426608638 ], [ 135.218838533719207, 33.814389929772481 ], [ 135.218823020464924, 33.814722307063811 ], [ 135.218499746990318, 33.814646018499069 ], [ 135.218422655715415, 33.815253424460131 ], [ 135.21787537031102, 33.815533830496435 ], [ 135.217053842539201, 33.815385630957579 ], [ 135.216711584629991, 33.815706777691027 ], [ 135.21622191639895, 33.815554056906997 ], [ 135.216034149753597, 33.815886888472733 ], [ 135.21551001107062, 33.816154188071295 ], [ 135.214341009736188, 33.816388360569078 ], [ 135.213907620182397, 33.816623968504317 ], [ 135.212959294808229, 33.817759748180563 ], [ 135.212591874977704, 33.816837466596908 ], [ 135.212364739850443, 33.816731486114918 ], [ 135.212374563361777, 33.816037720933316 ], [ 135.211766225682368, 33.816843749671619 ], [ 135.211350170377131, 33.817037758600797 ], [ 135.210452078204582, 33.818874001640005 ], [ 135.210397682651916, 33.819337988666035 ], [ 135.210560713116166, 33.819844503312417 ], [ 135.211076002947891, 33.820553601744805 ], [ 135.211227826535577, 33.822648878256324 ], [ 135.211750836493422, 33.823668663138811 ], [ 135.213618976988698, 33.825141505879628 ], [ 135.214290303187823, 33.824751745732229 ], [ 135.215001764416428, 33.824623991757626 ], [ 135.215577109005409, 33.823431868992841 ] ] ] } },
{ "type": "Feature", "properties": { "CITY_NAME": "印南町", "S_NAME": "大字印南", "JINKO": 465, "medical_area": "30_御坊医療圏", "町丁目名": "印南町大字印南" }, "geometry": { "type": "Polygon", "coordinates": [ [ [ 135.226623802768927, 33.820844636679901 ], [ 135.225283582023735, 33.81822219952376 ], [ 135.226020895872949, 33.81714740879525 ], [ 135.225513161622615, 33.815262772958448 ], [ 135.224790358339163, 33.814750641124796 ], [ 135.224749065213786, 33.814043587744038 ], [ 135.224430028947381, 33.813713190635553 ], [ 135.224378817948434, 33.812787146819531 ], [ 135.222938780956099, 33.812469411902789 ], [ 135.222691043129373, 33.812169185029724 ], [ 135.221596545933636, 33.812943183697101 ], [ 135.221687052431804, 33.813199028272678 ], [ 135.220839743212309, 33.813615197394256 ], [ 135.220826873442491, 33.813833761438666 ], [ 135.220242607447091, 33.813950807299562 ], [ 135.221042530276719, 33.815037530592136 ], [ 135.221087794304253, 33.815573299204672 ], [ 135.220704936401148, 33.816045788853273 ], [ 135.219381535000451, 33.816556286745914 ], [ 135.219310522022198, 33.817470004232156 ], [ 135.217745492576427, 33.819997752078628 ], [ 135.217843121482503, 33.820573723579592 ], [ 135.217946602603831, 33.820766821763151 ], [ 135.219298828470642, 33.821511764149442 ], [ 135.220177119093336, 33.82256236699989 ], [ 135.220503392378305, 33.822404530015874 ], [ 135.219953137959692, 33.820676258832904 ], [ 135.220106380506905, 33.820353203719328 ], [ 135.220452460680235, 33.820457529315995 ], [ 135.220438968539355, 33.820056639942592 ], [ 135.222882006978693, 33.82012939135884 ], [ 135.223882092181839, 33.820471971150624 ], [ 135.225150399339924, 33.820551514009018 ], [ 135.225914628859243, 33.820986279890903 ], [ 135.227256818270604, 33.822750487222592 ], [ 135.227891351250605, 33.822651618684006 ], [ 135.22725296041196, 33.821697806495834 ], [ 135.226649936048716, 33.821288291390537 ], [ 135.226623802768927, 33.820844636679901 ] ] ] } },
{ "type": "Feature", "properties": { "CITY_NAME": "印南町", "S_NAME": "大字印南", "JINKO": 281, "medical_area": "30_御坊医療圏", "町丁目名": "印南町大字印南" }, "geometry": { "type": "Polygon", "coordinates": [ [ [ 135.221447362589828, 33.811285638422426 ], [ 135.220315617745882, 33.811245252861767 ], [ 135.220128713321117, 33.810297081640542 ], [ 135.2202925196396, 33.808976242798124 ], [ 135.220102716409713, 33.808821204757926 ], [ 135.219468789033442, 33.808835235314447 ], [ 135.218305178282662, 33.809554817497876 ], [ 135.218378168136212, 33.810537347942834 ], [ 135.219141959715444, 33.811471135682801 ], [ 135.219784337013266, 33.81184782148857 ], [ 135.219947115320252, 33.812173294769025 ], [ 135.220242607447091, 33.813950807299562 ], [ 135.220826873442491, 33.813833761438666 ], [ 135.220839743212309, 33.813615197394249 ], [ 135.221687052431804, 33.813199028272678 ], [ 135.221596545933636, 33.812943183697101 ], [ 135.222414342822219, 33.812364954207766 ], [ 135.222046877285266, 33.811960708189346 ], [ 135.221431890680492, 33.811782000903236 ], [ 135.221447362589828, 33.811285638422426 ] ] ] } },
{ "type": "Feature", "properties": { "CITY_NAME": "印南町", "S_NAME": "大字印南", "JINKO": 191, "medical_area": "30_御坊医療圏", "町丁目名": "印南町大字印南" }, "geometry": { "type": "Polygon", "coordinates": [ [ [ 135.231798712446363, 33.820736382959105 ], [ 135.232678314656084, 33.819786552304436 ], [ 135.233098245088428, 33.819806351258023 ], [ 135.232760381517636, 33.819376398700378 ], [ 135.232400188787011, 33.81832939480703 ], [ 135.232248081564023, 33.814841538066041 ], [ 135.231341458532256, 33.813338198845528 ], [ 135.22977201393121, 33.811525567788415 ], [ 135.230125937847561, 33.805819651514582 ], [ 135.230706331204999, 33.802894275481023 ], [ 135.23066752629353, 33.801374545133001 ], [ 135.228161400566677, 33.801849535782587 ], [ 135.227815365514971, 33.801710153839508 ], [ 135.227719029680344, 33.801895928909552 ], [ 135.227029754853334, 33.802160959113273 ], [ 135.226457405502742, 33.803018678076413 ], [ 135.22538239510871, 33.803391158466631 ], [ 135.223426594301628, 33.803536343960459 ], [ 135.222049097463866, 33.804854743476589 ], [ 135.221249365733513, 33.80501129912841 ], [ 135.220697732629731, 33.804914139465772 ], [ 135.220652336186305, 33.805192936037933 ], [ 135.221008077053426, 33.805667547552851 ], [ 135.221157060638717, 33.80619171274958 ], [ 135.220972703747918, 33.807185021086404 ], [ 135.221052440816294, 33.808059400717127 ], [ 135.221242240827166, 33.8081682287565 ], [ 135.220912827541298, 33.808101488554833 ], [ 135.219588393686593, 33.808562403371731 ], [ 135.219632471960068, 33.808252746957606 ], [ 135.218860158993067, 33.808118681598785 ], [ 135.218964678022445, 33.807964374832018 ], [ 135.218723659518275, 33.807818591294946 ], [ 135.218052802186321, 33.808432245371634 ], [ 135.21730921345673, 33.80853517031661 ], [ 135.21764974503472, 33.808511404599564 ], [ 135.217782566519105, 33.808650025053772 ], [ 135.217100045154808, 33.808848005681327 ], [ 135.217361717067945, 33.808996036363922 ], [ 135.217071718586709, 33.809131979690306 ], [ 135.217287605179706, 33.809202236515247 ], [ 135.217063942311484, 33.809420309133429 ], [ 135.217554666534483, 33.809333113814667 ], [ 135.217295236414003, 33.809503625603647 ], [ 135.217042240565576, 33.809458913349495 ], [ 135.217044967925261, 33.809677997419243 ], [ 135.217269714970797, 33.80970210278867 ], [ 135.217341624413308, 33.809959662464983 ], [ 135.217950919310255, 33.80963076389164 ], [ 135.217680616061443, 33.809892496738009 ], [ 135.218069708502838, 33.809920459282878 ], [ 135.218020327621048, 33.810218669075624 ], [ 135.21819933941336, 33.810483809419047 ], [ 135.217621825837227, 33.810713731087809 ], [ 135.217812793743803, 33.810805807852148 ], [ 135.217500349376451, 33.810959640890353 ], [ 135.217945654635457, 33.811014445072715 ], [ 135.218399739462512, 33.810679772370705 ], [ 135.218657950121241, 33.811440604225893 ], [ 135.219163746125616, 33.811460284817876 ], [ 135.218378168136212, 33.810537347942834 ], [ 135.218230920480408, 33.80975876339015 ], [ 135.218900475313518, 33.80910368265895 ], [ 135.219468789033442, 33.808835235314447 ], [ 135.220102716409713, 33.808821204757926 ], [ 135.2202925196396, 33.808976242798124 ], [ 135.220128713321117, 33.810297081640542 ], [ 135.220315617745882, 33.811245252861767 ], [ 135.221447362589828, 33.811285638422426 ], [ 135.221431890680492, 33.811782000903236 ], [ 135.222046877285266, 33.811960708189346 ], [ 135.222414342822219, 33.812364954207766 ], [ 135.222691043129373, 33.812169185029724 ], [ 135.222938780956099, 33.812469411902789 ], [ 135.224378817948434, 33.812787146819531 ], [ 135.224430028947381, 33.813713190635553 ], [ 135.224749065213786, 33.814043587744038 ], [ 135.224790358339163, 33.814750641124796 ], [ 135.225513161622615, 33.815262772958448 ], [ 135.226010433476631, 33.816988008763744 ], [ 135.225960069209208, 33.817276355080701 ], [ 135.225283582023735, 33.81822219952376 ], [ 135.226623802768927, 33.820844636679901 ], [ 135.226649936048716, 33.821288291390537 ], [ 135.22725296041196, 33.821697806495834 ], [ 135.227891351250605, 33.822651618684006 ], [ 135.231798712446363, 33.820736382959105 ] ] ] } },
{ "type": "Feature", "properties": { "CITY_NAME": "印南町", "S_NAME": "大字山口", "JINKO": 565, "medical_area": "30_御坊医療圏", "町丁目名": "印南町大字山口" }, "geometry": { "type": "Polygon", "coordinates": [ [ [ 135.223779293876731, 33.841643431571363 ], [ 135.224983147703853, 33.840874053038341 ], [ 135.225478362854545, 33.840026393262661 ], [ 135.225420016877138, 33.839119889823749 ], [ 135.224464498424396, 33.838330877476537 ], [ 135.224323219265528, 33.837701385649439 ], [ 135.227834931851277, 33.835423275450061 ], [ 135.228350062595979, 33.835349860174524 ], [ 135.229982963051327, 33.835866241296209 ], [ 135.230944794769812, 33.834585028305582 ], [ 135.233095626201816, 33.837503490109683 ], [ 135.233502457475709, 33.836920238717852 ], [ 135.234996877995172, 33.836784691847917 ], [ 135.236071377619851, 33.83718582623483 ], [ 135.236570122852015, 33.837540413781653 ], [ 135.237587374094744, 33.837099139540072 ], [ 135.239510462621439, 33.837337704208771 ], [ 135.240975530454875, 33.837856441823078 ], [ 135.241416773753315, 33.837843099681756 ], [ 135.242071568477201, 33.837543113903969 ], [ 135.24037639340483, 33.83620403721369 ], [ 135.239178078954893, 33.835076364889233 ], [ 135.238647410056188, 33.834352768749035 ], [ 135.237878158633976, 33.832427261533468 ], [ 135.236459300335611, 33.825468467346724 ], [ 135.236001508977637, 33.823971740649014 ], [ 135.23534991004783, 33.822405201535297 ], [ 135.234588922785917, 33.821230893995875 ], [ 135.233098245088428, 33.819806351258023 ], [ 135.232678314656084, 33.819786552304436 ], [ 135.232274084315691, 33.820379817054004 ], [ 135.231798712446363, 33.820736382959105 ], [ 135.227478600979452, 33.822789069132014 ], [ 135.227047258648327, 33.822582371790894 ], [ 135.225650539399567, 33.820735968349851 ], [ 135.225150399339924, 33.820551514009018 ], [ 135.22321440998013, 33.820346187046759 ], [ 135.222882006978693, 33.82012939135884 ], [ 135.220438968539355, 33.820056639942592 ], [ 135.220452460680235, 33.820457529315995 ], [ 135.220106380506905, 33.820353203719328 ], [ 135.219953137959692, 33.820676258832904 ], [ 135.220503392378305, 33.822404530015874 ], [ 135.219799469001913, 33.822559978321557 ], [ 135.219333008612637, 33.823627573155569 ], [ 135.218605578395312, 33.824120412175354 ], [ 135.216255372639637, 33.82381444170128 ], [ 135.21567255703664, 33.823395424190466 ], [ 135.215284344864187, 33.824234286124259 ], [ 135.214829756279329, 33.824707564556419 ], [ 135.214290303187823, 33.824751745732229 ], [ 135.213063339421723, 33.825413238201044 ], [ 135.209207515292576, 33.826063103575116 ], [ 135.204480333654686, 33.825622942672503 ], [ 135.202742138689189, 33.825322797339524 ], [ 135.202422709293444, 33.826748399156664 ], [ 135.202563904617193, 33.82721294108137 ], [ 135.20219216215321, 33.82828121757013 ], [ 135.202201867548183, 33.829008916968192 ], [ 135.20174901869089, 33.830085118921602 ], [ 135.202971216576799, 33.831591530805881 ], [ 135.20324262834032, 33.831804458552632 ], [ 135.203764333502846, 33.831895447924403 ], [ 135.204543778896806, 33.83381387774152 ], [ 135.205352956757821, 33.834291168123464 ], [ 135.205944391453215, 33.834236788715508 ], [ 135.207721615164814, 33.834516009919618 ], [ 135.20799543810989, 33.835421640926057 ], [ 135.208632454851198, 33.836045588190977 ], [ 135.208684979994814, 33.836601971239745 ], [ 135.208468046101075, 33.837674934863188 ], [ 135.208580176796119, 33.83796459876109 ], [ 135.208368990906308, 33.838073695391373 ], [ 135.209726588039445, 33.839007272557673 ], [ 135.214474189977295, 33.840075221440657 ], [ 135.219087605667113, 33.84083684381828 ], [ 135.220307608357075, 33.841621520485617 ], [ 135.223779293876731, 33.841643431571363 ] ] ] } },
{ "type": "Feature", "properties": { "CITY_NAME": "印南町", "S_NAME": "大字印南原", "JINKO": 0, "medical_area": "30_御坊医療圏", "町丁目名": "印南町大字印南原" }, "geometry": { "type": "Polygon", "coordinates": [ [ [ 135.250983948288962, 33.855838492670948 ], [ 135.249633600952137, 33.856747973851462 ], [ 135.248647466027649, 33.857742913232372 ], [ 135.247984292720503, 33.858984514841396 ], [ 135.247133358279768, 33.862744983439597 ], [ 135.246743603668193, 33.866611671820188 ], [ 135.254096298801585, 33.867376115452899 ], [ 135.252374004355204, 33.864028335094019 ], [ 135.251680051291004, 33.862097216991231 ], [ 135.250907916699106, 33.858955073400764 ], [ 135.250983948288962, 33.855838492670948 ] ] ] } },
{ "type": "Feature", "properties": { "CITY_NAME": "印南町", "S_NAME": "大字印南原", "JINKO": 0, "medical_area": "30_御坊医療圏", "町丁目名": "印南町大字印南原" }, "geometry": { "type": "Polygon", "coordinates": [ [ [ 135.250983948288962, 33.855838492670948 ], [ 135.250046153670212, 33.844273404318223 ], [ 135.247695900440164, 33.841717412474253 ], [ 135.246093897511059, 33.84038803372745 ], [ 135.242071568477201, 33.837543113903969 ], [ 135.241416773753315, 33.837843099681756 ], [ 135.240975530454875, 33.837856441823078 ], [ 135.239510462621439, 33.837337704208771 ], [ 135.237587374094744, 33.837099139540072 ], [ 135.236570122852015, 33.837540413781653 ], [ 135.236071377619851, 33.83718582623483 ], [ 135.234996877995172, 33.836784691847917 ], [ 135.233746191590399, 33.836849339651479 ], [ 135.233301482188637, 33.837070999249967 ], [ 135.232423721903672, 33.840393553349898 ], [ 135.231787269750754, 33.842165101918098 ], [ 135.232347513609511, 33.842970057464903 ], [ 135.233418408671184, 33.843490932920631 ], [ 135.236311357456657, 33.844325279197619 ], [ 135.241466095623991, 33.845291524497149 ], [ 135.243976213945189, 33.848418064833567 ], [ 135.245667000065964, 33.84961121340411 ], [ 135.248566052511563, 33.852065635658882 ], [ 135.249693882086092, 33.854880874710766 ], [ 135.250064509394576, 33.855336748419724 ], [ 135.250983948288962, 33.855838492670948 ] ] ] } },
{ "type": "Feature", "properties": { "CITY_NAME": "印南町", "S_NAME": "大字印南原", "JINKO": 0, "medical_area": "30_御坊医療圏", "町丁目名": "印南町大字印南原" }, "geometry": { "type": "Polygon", "coordinates": [ [ [ 135.211149262400966, 33.85086647873166 ], [ 135.211419843325302, 33.850368794710242 ], [ 135.211285040424514, 33.848148387104686 ], [ 135.210856818902954, 33.847711176260631 ], [ 135.210437199424746, 33.84754197050502 ], [ 135.20948458185444, 33.847480359907721 ], [ 135.209398836426601, 33.847165368784992 ], [ 135.209090741696201, 33.846922914042132 ], [ 135.208228728014831, 33.846658448031704 ], [ 135.207921489405834, 33.846323578941771 ], [ 135.20803441858385, 33.842486457726743 ], [ 135.207817531980055, 33.841967189848702 ], [ 135.20791485388142, 33.841024480146828 ], [ 135.207806240961389, 33.840783441361104 ], [ 135.206604998566604, 33.839819150153851 ], [ 135.204008549503754, 33.840870164915621 ], [ 135.203778544016643, 33.841414871604961 ], [ 135.202460077327572, 33.842016790078496 ], [ 135.20250220089298, 33.84306309267923 ], [ 135.202284695995445, 33.844160264787817 ], [ 135.202552636694293, 33.844614783600605 ], [ 135.203165659105593, 33.844506604579735 ], [ 135.203676783637519, 33.845000447738705 ], [ 135.203857210733901, 33.845809128748911 ], [ 135.203276032804723, 33.84678025622997 ], [ 135.202998094944803, 33.848095675132647 ], [ 135.203117025443333, 33.848553031462735 ], [ 135.203056943349452, 33.849643606488648 ], [ 135.202846365355782, 33.850484980149517 ], [ 135.202277150817451, 33.85046199923147 ], [ 135.201838129117306, 33.850673998308267 ], [ 135.201384984811028, 33.850515675848982 ], [ 135.200717940821704, 33.850554604193363 ], [ 135.200119623616217, 33.851073806341716 ], [ 135.200395382601215, 33.851687570165268 ], [ 135.200278612305368, 33.852197356043895 ], [ 135.20050691955143, 33.852839410186334 ], [ 135.200482127895327, 33.853607885059667 ], [ 135.202120096459737, 33.853786001136676 ], [ 135.203955462631654, 33.854519311348525 ], [ 135.205307121637503, 33.854583536022844 ], [ 135.20699669819075, 33.854058082442762 ], [ 135.208252338355067, 33.853941472121171 ], [ 135.209115310161621, 33.853412651605154 ], [ 135.211020071593055, 33.853288766006905 ], [ 135.211469196212079, 33.853069896439358 ], [ 135.211531952889572, 33.852818266388738 ], [ 135.211121801704877, 33.851439539160374 ], [ 135.211149262400966, 33.85086647873166 ] ] ] } },
{ "type": "Feature", "properties": { "CITY_NAME": "印南町", "S_NAME": "大字印南原", "JINKO": 328, "medical_area": "30_御坊医療圏", "町丁目名": "印南町大字印南原" }, "geometry": { "type": "Polygon", "coordinates": [ [ [ 135.235961229634398, 33.852388109291716 ], [ 135.234906469130976, 33.851453474143227 ], [ 135.233110868375718, 33.848545161286133 ], [ 135.231524588268741, 33.84675049721519 ], [ 135.23176129757212, 33.845683128347844 ], [ 135.23172003732887, 33.844896627687525 ], [ 135.231025473397779, 33.844186630369094 ], [ 135.229738231120763, 33.843533365436748 ], [ 135.229498910570669, 33.843269833716207 ], [ 135.229919749684285, 33.842833903330536 ], [ 135.230990553256163, 33.842684350298818 ], [ 135.231364820251599, 33.842310534865163 ], [ 135.231787269750754, 33.842165101918098 ], [ 135.232423721903672, 33.840393553349898 ], [ 135.233095626201816, 33.837503490109683 ], [ 135.230944794769812, 33.834585028305582 ], [ 135.229982963051327, 33.835866241296209 ], [ 135.228350062595979, 33.835349860174524 ], [ 135.227834931851277, 33.835423275450061 ], [ 135.224323219265528, 33.837701385649439 ], [ 135.224464498424396, 33.838330877476537 ], [ 135.225420016877138, 33.839119889823749 ], [ 135.225478362854545, 33.840026393262661 ], [ 135.224983147703853, 33.840874053038341 ], [ 135.223779293876731, 33.841643431571363 ], [ 135.220307608357075, 33.841621520485617 ], [ 135.219087605667113, 33.84083684381828 ], [ 135.214474189977295, 33.840075221440657 ], [ 135.209726588039445, 33.839007272557673 ], [ 135.208368990906308, 33.838073695391373 ], [ 135.2075676857269, 33.838531348314795 ], [ 135.206789179070512, 33.839316687061512 ], [ 135.206604998566604, 33.839819150153851 ], [ 135.207806240961389, 33.840783441361104 ], [ 135.20791485388142, 33.841024480146828 ], [ 135.207797207244994, 33.841763628296611 ], [ 135.20803441858385, 33.842486457726743 ], [ 135.207921489405834, 33.846323578941771 ], [ 135.208228728014831, 33.846658448031704 ], [ 135.209090741696201, 33.846922914042132 ], [ 135.209398836426601, 33.847165368784992 ], [ 135.20948458185444, 33.847480359907721 ], [ 135.210437199424746, 33.84754197050502 ], [ 135.210856818902954, 33.847711176260631 ], [ 135.211285040424514, 33.848148387104686 ], [ 135.211419843325302, 33.850368794710242 ], [ 135.211149262400966, 33.85086647873166 ], [ 135.211214361308606, 33.851868683975169 ], [ 135.216604640515612, 33.851835292447042 ], [ 135.22190818585895, 33.851581347761659 ], [ 135.221899743852049, 33.853315791423249 ], [ 135.2215217673035, 33.855504639509576 ], [ 135.230802042812684, 33.854552482402553 ], [ 135.231190234526338, 33.854317522601811 ], [ 135.231327544255379, 33.853653995707162 ], [ 135.233902854499746, 33.853346141102094 ], [ 135.235961229634398, 33.852388109291716 ] ] ] } },
{ "type": "Feature", "properties": { "CITY_NAME": "印南町", "S_NAME": "大字印南原", "JINKO": 168, "medical_area": "30_御坊医療圏", "町丁目名": "印南町大字印南原" }, "geometry": { "type": "Polygon", "coordinates": [ [ [ 135.228206973645484, 33.86648895579718 ], [ 135.228983666520179, 33.86520829735602 ], [ 135.229152760708985, 33.861687262790092 ], [ 135.229593055885942, 33.860176272925919 ], [ 135.230334326507773, 33.859786298320422 ], [ 135.230809531008191, 33.860236409931858 ], [ 135.231965033058145, 33.859883099211388 ], [ 135.232154787308076, 33.859492356836817 ], [ 135.232044947128543, 33.85888786898488 ], [ 135.23218664846047, 33.858196052933167 ], [ 135.232596851485141, 33.857096513868441 ], [ 135.233249532297151, 33.85650634783071 ], [ 135.233298347272807, 33.855861992394054 ], [ 135.233471261200464, 33.85556849118602 ], [ 135.235705173826346, 33.855006293405111 ], [ 135.239324123017752, 33.854524289838423 ], [ 135.237710120246618, 33.853726831928803 ], [ 135.235961229634398, 33.852388109291716 ], [ 135.233902854499746, 33.853346141102094 ], [ 135.231327544255379, 33.853653995707162 ], [ 135.231190234526338, 33.854317522601811 ], [ 135.230802042812684, 33.854552482402553 ], [ 135.2215217673035, 33.855504639509576 ], [ 135.22065243834993, 33.858804033267724 ], [ 135.220022273834758, 33.860148545663414 ], [ 135.21908788686693, 33.861241210502925 ], [ 135.214873868404055, 33.865105812731954 ], [ 135.215249568447206, 33.865415458856958 ], [ 135.217508145852293, 33.866354389378436 ], [ 135.218781686320796, 33.86633062163078 ], [ 135.219437721731651, 33.867347830454158 ], [ 135.223669099573868, 33.869031814211645 ], [ 135.224163707616725, 33.869494890222839 ], [ 135.224415724243642, 33.870032092098612 ], [ 135.226095373770704, 33.868898699880511 ], [ 135.228206973645484, 33.86648895579718 ] ] ] } },
{ "type": "Feature", "properties": { "CITY_NAME": "印南町", "S_NAME": "大字印南原", "JINKO": 106, "medical_area": "30_御坊医療圏", "町丁目名": "印南町大字印南原" }, "geometry": { "type": "Polygon", "coordinates": [ [ [ 135.221111402050667, 33.87790506529376 ], [ 135.223437830638574, 33.877716298229252 ], [ 135.224148252194027, 33.877423654169057 ], [ 135.225320717016217, 33.877642331732368 ], [ 135.228305965686758, 33.877488591385905 ], [ 135.230594029524951, 33.87787633652043 ], [ 135.23103496965706, 33.876818276285462 ], [ 135.232261936780674, 33.875251324422173 ], [ 135.233247708557286, 33.872840415265692 ], [ 135.232887837530683, 33.869691679989835 ], [ 135.232029971832731, 33.868005113560592 ], [ 135.23063578441176, 33.867241329142757 ], [ 135.228745347241443, 33.866546276498582 ], [ 135.228206973645484, 33.866488955797188 ], [ 135.226095373770704, 33.868898699880511 ], [ 135.224415724243642, 33.870032092098612 ], [ 135.224248805939993, 33.870944774487526 ], [ 135.223751869692904, 33.871578135729358 ], [ 135.223169961276795, 33.872837864471101 ], [ 135.222296620643561, 33.873723979707883 ], [ 135.222019255573599, 33.874381255843169 ], [ 135.221027066078818, 33.875660217784613 ], [ 135.219826745968334, 33.878037965937153 ], [ 135.220395847827234, 33.878130597989433 ], [ 135.221111402050667, 33.87790506529376 ] ] ] } },
{ "type": "Feature", "properties": { "CITY_NAME": "印南町", "S_NAME": "大字印南原", "JINKO": 129, "medical_area": "30_御坊医療圏", "町丁目名": "印南町大字印南原" }, "geometry": { "type": "Polygon", "coordinates": [ [ [ 135.232070332060061, 33.877599264138595 ], [ 135.234894936863441, 33.877465494457198 ], [ 135.235667761159164, 33.877908543639037 ], [ 135.236402368500393, 33.877940271687635 ], [ 135.241907120154593, 33.875713488255457 ], [ 135.242987570473161, 33.874783557505914 ], [ 135.243829700315189, 33.874465257323408 ], [ 135.245312139038077, 33.873029340096203 ], [ 135.247295734743034, 33.87263908872346 ], [ 135.248493779202647, 33.872926576562229 ], [ 135.249080258663298, 33.873688337601166 ], [ 135.249956728880306, 33.873360058078966 ], [ 135.252020657796294, 33.874060033894338 ], [ 135.254673679216069, 33.87364806174142 ], [ 135.25564753078234, 33.873675760962485 ], [ 135.255756440939933, 33.873036411756175 ], [ 135.257120417015813, 33.872948249702773 ], [ 135.256561671585445, 33.87118083036011 ], [ 135.254096298801585, 33.867376115452899 ], [ 135.246973365832275, 33.866698021546746 ], [ 135.239288367132559, 33.86375282843489 ], [ 135.239002784299828, 33.863764453263066 ], [ 135.236235887584741, 33.865262244027335 ], [ 135.234176143440834, 33.86738660744934 ], [ 135.232029971832731, 33.868005113560599 ], [ 135.232887837530654, 33.869691679989835 ], [ 135.233247708557286, 33.872840415265713 ], [ 135.232261936780674, 33.875251324422173 ], [ 135.23103496965706, 33.876818276285462 ], [ 135.230594029524923, 33.87787633652043 ], [ 135.231493421634354, 33.878130867346613 ], [ 135.232070332060061, 33.877599264138595 ] ] ] } },
{ "type": "Feature", "properties": { "CITY_NAME": "印南町", "S_NAME": "大字印南原", "JINKO": 185, "medical_area": "30_御坊医療圏", "町丁目名": "印南町大字印南原" }, "geometry": { "type": "Polygon", "coordinates": [ [ [ 135.239002784299828, 33.863764453263066 ], [ 135.239288367132559, 33.86375282843489 ], [ 135.246743603668193, 33.866611671820188 ], [ 135.247133358279768, 33.862744983439597 ], [ 135.247984292720503, 33.858984514841396 ], [ 135.248647466027649, 33.857742913232372 ], [ 135.249633600952137, 33.856747973851462 ], [ 135.250983948288962, 33.855838492670948 ], [ 135.249046021364393, 33.856404046113013 ], [ 135.245808850443666, 33.856172591189178 ], [ 135.242610579407113, 33.855638963321837 ], [ 135.24064545180758, 33.855082547938494 ], [ 135.239324123017752, 33.854524289838423 ], [ 135.235705173826346, 33.855006293405111 ], [ 135.233642281636634, 33.855449102411569 ], [ 135.233343864429713, 33.855709704708751 ], [ 135.233179273596988, 33.856649606916285 ], [ 135.232596851485141, 33.857096513868441 ], [ 135.232455084044886, 33.857437544052026 ], [ 135.232055376050283, 33.858779175862892 ], [ 135.232154787308076, 33.859492356836817 ], [ 135.231965033058145, 33.859883099211388 ], [ 135.230809531008191, 33.860236409931858 ], [ 135.230334326507773, 33.859786298320422 ], [ 135.229593055885942, 33.860176272925919 ], [ 135.229152760708985, 33.861687262790092 ], [ 135.228983666520179, 33.86520829735602 ], [ 135.228206973645484, 33.86648895579718 ], [ 135.228745347241443, 33.866546276498582 ], [ 135.23063578441176, 33.867241329142757 ], [ 135.232029971832731, 33.868005113560599 ], [ 135.233628411713681, 33.867619602086258 ], [ 135.234511150213052, 33.86709889973892 ], [ 135.236235887584741, 33.865262244027335 ], [ 135.239002784299828, 33.863764453263066 ] ] ] } },
{ "type": "Feature", "properties": { "CITY_NAME": "印南町", "S_NAME": "大字印南原", "JINKO": 73, "medical_area": "30_御坊医療圏", "町丁目名": "印南町大字印南原" }, "geometry": { "type": "Polygon", "coordinates": [ [ [ 135.250983948288962, 33.855838492670948 ], [ 135.250064509394576, 33.855336748419724 ], [ 135.249693882086092, 33.854880874710766 ], [ 135.248566052511563, 33.852065635658882 ], [ 135.245667000065964, 33.849611213404103 ], [ 135.243976213945189, 33.848418064833609 ], [ 135.241466095623991, 33.845291524497149 ], [ 135.236311357456657, 33.844325279197619 ], [ 135.233418408671184, 33.843490932920631 ], [ 135.232347513609511, 33.842970057464917 ], [ 135.231787269750754, 33.842165101918098 ], [ 135.231364820251599, 33.842310534865163 ], [ 135.230990553256163, 33.842684350298804 ], [ 135.2302288891172, 33.842719890023183 ], [ 135.229548911620213, 33.843078549634001 ], [ 135.22960600530638, 33.843451956082859 ], [ 135.231025473397779, 33.84418663036908 ], [ 135.231720037328841, 33.844896627687525 ], [ 135.23176129757212, 33.845683128347844 ], [ 135.231524588268741, 33.84675049721519 ], [ 135.233110868375718, 33.848545161286133 ], [ 135.234906469130976, 33.851453474143227 ], [ 135.238454144140917, 33.854196037013487 ], [ 135.24064545180758, 33.855082547938494 ], [ 135.24261057940717, 33.855638963321844 ], [ 135.245808850443666, 33.856172591189178 ], [ 135.249046021364393, 33.856404046113013 ], [ 135.250983948288962, 33.855838492670948 ] ] ] } },
{ "type": "Feature", "properties": { "CITY_NAME": "印南町", "S_NAME": "大字立石", "JINKO": 36, "medical_area": "30_御坊医療圏", "町丁目名": "印南町大字立石" }, "geometry": { "type": "Polygon", "coordinates": [ [ [ 135.199637994929049, 33.882048638953449 ], [ 135.20004514583735, 33.882002399719404 ], [ 135.200949133316357, 33.882264377422793 ], [ 135.202782566840625, 33.88223046953555 ], [ 135.204020240427923, 33.88156184364081 ], [ 135.206134386356268, 33.881444609005854 ], [ 135.207320352662492, 33.881873323742909 ], [ 135.207624085743163, 33.881758631786859 ], [ 135.208005043672017, 33.881264210036036 ], [ 135.20802686224215, 33.880335552027475 ], [ 135.208809138945782, 33.880435105329838 ], [ 135.209525255220314, 33.88011638953725 ], [ 135.209966848539153, 33.880226426988486 ], [ 135.210421929928714, 33.880109455406803 ], [ 135.210982079212584, 33.88029448875934 ], [ 135.211557994863909, 33.880206600912373 ], [ 135.212163472466244, 33.879565536551894 ], [ 135.212319771296791, 33.879024017864019 ], [ 135.212744415702218, 33.878725534052158 ], [ 135.213666588147049, 33.878616178310871 ], [ 135.214781708731408, 33.8787210496928 ], [ 135.215407936800403, 33.878300854157658 ], [ 135.216192192321387, 33.878182853096611 ], [ 135.216848303120912, 33.87820744767393 ], [ 135.217813945550574, 33.878525897933791 ], [ 135.218643160909977, 33.878042168101118 ], [ 135.219826745968334, 33.878037965937153 ], [ 135.221027066078818, 33.875660217784613 ], [ 135.222019255573599, 33.874381255843169 ], [ 135.222296620643561, 33.873723979707883 ], [ 135.223169961276795, 33.872837864471101 ], [ 135.223751869692904, 33.871578135729358 ], [ 135.224248805939993, 33.870944774487526 ], [ 135.224415724243642, 33.870032092098612 ], [ 135.224312828381329, 33.869710103319612 ], [ 135.223669099573868, 33.869031814211645 ], [ 135.219437721731651, 33.867347830454158 ], [ 135.218781686320852, 33.86633062163078 ], [ 135.217508145852349, 33.866354389378436 ], [ 135.214991119300521, 33.865284770030797 ], [ 135.215287496520403, 33.866614857012742 ], [ 135.216157822723488, 33.867111773405028 ], [ 135.216061679026183, 33.867838799285686 ], [ 135.216203215944745, 33.869233548875599 ], [ 135.215832331916801, 33.869346712289754 ], [ 135.215569658626691, 33.869815716893726 ], [ 135.214871407520633, 33.870102751876374 ], [ 135.214798927739452, 33.870613957059923 ], [ 135.215040092595757, 33.872332222543122 ], [ 135.214435123317372, 33.87251869764701 ], [ 135.214285986635787, 33.873202692660307 ], [ 135.213398575184357, 33.87348724491391 ], [ 135.212940791181325, 33.873046056124586 ], [ 135.212376595693229, 33.87318699552344 ], [ 135.212259388999684, 33.873536609451904 ], [ 135.210895503916959, 33.874155078633621 ], [ 135.21001246013833, 33.874127731617854 ], [ 135.209834069004216, 33.873590833103478 ], [ 135.209920737293942, 33.873266384956025 ], [ 135.20938851776063, 33.873070254154278 ], [ 135.209038974397032, 33.873257069038019 ], [ 135.208488249259233, 33.873190985536418 ], [ 135.208108823666123, 33.873330553426378 ], [ 135.207375527357442, 33.873182569737054 ], [ 135.206703508541864, 33.87343112269668 ], [ 135.206019379418962, 33.873281051880475 ], [ 135.204026870412747, 33.873515021368853 ], [ 135.20364722512133, 33.873358451322495 ], [ 135.202917775043176, 33.873424739737906 ], [ 135.201970378854753, 33.873954364672031 ], [ 135.201484712358479, 33.873411803867214 ], [ 135.201198841672408, 33.873414882848266 ], [ 135.200695659321923, 33.873830588605387 ], [ 135.200537603452517, 33.87421838289746 ], [ 135.200592651960363, 33.875281793576605 ], [ 135.200308113712794, 33.875921640759636 ], [ 135.200391278398513, 33.876295361297203 ], [ 135.199957832063205, 33.877110054938861 ], [ 135.199631592641367, 33.877275298038278 ], [ 135.199973445186657, 33.878535541947315 ], [ 135.199841038476535, 33.879224269864253 ], [ 135.199208499170084, 33.879851425881121 ], [ 135.199393769136947, 33.881802773624564 ], [ 135.199637994929049, 33.882048638953449 ] ] ] } },
{ "type": "Feature", "properties": { "CITY_NAME": "印南町", "S_NAME": "大字明神川", "JINKO": 87, "medical_area": "30_御坊医療圏", "町丁目名": "印南町大字明神川" }, "geometry": { "type": "Polygon", "coordinates": [ [ [ 135.214873868404055, 33.865105812731954 ], [ 135.21908788686693, 33.861241210502925 ], [ 135.220022273834758, 33.860148545663414 ], [ 135.218514602683882, 33.859792300179173 ], [ 135.218257459317925, 33.859037248081059 ], [ 135.217641989013401, 33.859496979343668 ], [ 135.216985858904479, 33.859739073311978 ], [ 135.214906337596034, 33.859467763996101 ], [ 135.214201284026956, 33.85957471027411 ], [ 135.213014785592748, 33.860217587866359 ], [ 135.211381023099165, 33.860318590060743 ], [ 135.210058242540811, 33.860839554040425 ], [ 135.209959062124398, 33.861047561616751 ], [ 135.207617962917112, 33.86182062259747 ], [ 135.206101603371195, 33.862042615558281 ], [ 135.204764940505356, 33.863265140112532 ], [ 135.204595906903506, 33.86382108365936 ], [ 135.203531328407877, 33.86472541499591 ], [ 135.200878627110853, 33.864723328853493 ], [ 135.199956666730117, 33.865304533056552 ], [ 135.198922356734386, 33.865409534976251 ], [ 135.198125928645482, 33.865692596628293 ], [ 135.197345840561013, 33.865373644404023 ], [ 135.196885621320888, 33.865902180732817 ], [ 135.196110524333847, 33.865699752606929 ], [ 135.195217349392067, 33.865790139580341 ], [ 135.195112846880789, 33.865931181019498 ], [ 135.19520900454981, 33.866221595952652 ], [ 135.194834328983092, 33.86651287872197 ], [ 135.195007719292335, 33.866932421842961 ], [ 135.195687874224461, 33.867040129088075 ], [ 135.195805794974262, 33.866854799181581 ], [ 135.195924900665347, 33.866967011226912 ], [ 135.196553138441573, 33.866919831539413 ], [ 135.196981932017422, 33.867487551157247 ], [ 135.198092397384812, 33.868291447587723 ], [ 135.198705926423713, 33.867811940205954 ], [ 135.199115450798075, 33.86815665331045 ], [ 135.200127932658233, 33.868304666021487 ], [ 135.200477530332989, 33.868048420291764 ], [ 135.200988088863653, 33.868162177795206 ], [ 135.201488801099487, 33.868036094258841 ], [ 135.202336779468368, 33.867476658977047 ], [ 135.20349417745615, 33.86725788849386 ], [ 135.203859410813124, 33.867344915266479 ], [ 135.204475297579421, 33.8667528322637 ], [ 135.204610829317659, 33.866396016034692 ], [ 135.20547758019211, 33.86625903403371 ], [ 135.205951195549716, 33.865454287863763 ], [ 135.206308192323661, 33.86540868724903 ], [ 135.206635130286998, 33.865582380304865 ], [ 135.207268332686226, 33.865141839768697 ], [ 135.207927934446104, 33.865161715425359 ], [ 135.210070134023823, 33.864164792794988 ], [ 135.211432029268678, 33.864363972795857 ], [ 135.211728284395576, 33.864680165775923 ], [ 135.212406672527806, 33.864695627740325 ], [ 135.212668544048711, 33.864544586991826 ], [ 135.213089448103659, 33.864665469896586 ], [ 135.21387794236432, 33.864468758698159 ], [ 135.214873868404055, 33.865105812731954 ] ] ] } },
{ "type": "Feature", "properties": { "CITY_NAME": "印南町", "S_NAME": "大字南谷", "JINKO": 0, "medical_area": "30_御坊医療圏", "町丁目名": "印南町大字南谷" }, "geometry": { "type": "Polygon", "coordinates": [ [ [ 135.190004960487499, 33.861794892335439 ], [ 135.221521767303528, 33.855504639509576 ], [ 135.221899743852049, 33.853315791423249 ], [ 135.22190818585895, 33.851581347761659 ], [ 135.216604640515612, 33.851835292447042 ], [ 135.211214361308606, 33.851868683975155 ], [ 135.211531952889544, 33.852818266388738 ], [ 135.211310795889801, 33.853210043632124 ], [ 135.20911531016165, 33.853412651605154 ], [ 135.208252338355067, 33.853941472121171 ], [ 135.20699669819075, 33.854058082442762 ], [ 135.205307121637503, 33.854583536022844 ], [ 135.203955462631654, 33.854519311348525 ], [ 135.202120096459737, 33.853786001136662 ], [ 135.200482127895327, 33.853607885059652 ], [ 135.199473130837987, 33.853874082821171 ], [ 135.198396157433848, 33.853688591091903 ], [ 135.197807612168475, 33.853943561200914 ], [ 135.196408286195577, 33.853570557465297 ], [ 135.194909486716881, 33.854228272939174 ], [ 135.193494842684117, 33.854399779191908 ], [ 135.192675608263102, 33.854764509749842 ], [ 135.192377923342832, 33.855402013009439 ], [ 135.191648937135938, 33.855729851946997 ], [ 135.191569247192831, 33.856680123850516 ], [ 135.19094200916939, 33.856646565461098 ], [ 135.189498849786787, 33.857079587174148 ], [ 135.190004960487499, 33.861794892335439 ] ] ] } },
{ "type": "Feature", "properties": { "CITY_NAME": "印南町", "S_NAME": "大字南谷", "JINKO": 144, "medical_area": "30_御坊医療圏", "町丁目名": "印南町大字南谷" }, "geometry": { "type": "Polygon", "coordinates": [ [ [ 135.192118811783843, 33.868202119046202 ], [ 135.193156192800956, 33.867522842178509 ], [ 135.19377643590164, 33.867473370341791 ], [ 135.194004174175461, 33.867688714483499 ], [ 135.194690011181422, 33.867623043678329 ], [ 135.195007719292335, 33.866932421842961 ], [ 135.194834328983092, 33.86651287872197 ], [ 135.19520900454981, 33.866221595952652 ], [ 135.195112846880789, 33.865931181019498 ], [ 135.195217349392067, 33.865790139580341 ], [ 135.196110524333847, 33.865699752606929 ], [ 135.196885621320888, 33.865902180732817 ], [ 135.197345840561013, 33.865373644404023 ], [ 135.198125928645482, 33.865692596628293 ], [ 135.198922356734386, 33.865409534976251 ], [ 135.199956666730117, 33.865304533056552 ], [ 135.200878627110853, 33.864723328853493 ], [ 135.203531328407877, 33.86472541499591 ], [ 135.204595906903506, 33.86382108365936 ], [ 135.204764940505356, 33.863265140112532 ], [ 135.206101603371195, 33.862042615558281 ], [ 135.207617962917112, 33.86182062259747 ], [ 135.209959062124398, 33.861047561616751 ], [ 135.210058242540811, 33.860839554040425 ], [ 135.211381023099165, 33.860318590060743 ], [ 135.213014785592748, 33.860217587866359 ], [ 135.213866395657476, 33.859688943605278 ], [ 135.214772812145071, 33.85947198572768 ], [ 135.216985858904479, 33.859739073311978 ], [ 135.217641989013401, 33.859496979343668 ], [ 135.21818806162085, 33.859036808229966 ], [ 135.218353662842475, 33.859153800917312 ], [ 135.218514602683882, 33.859792300179173 ], [ 135.220022273834758, 33.860148545663414 ], [ 135.22065243834993, 33.858804033267724 ], [ 135.221521767303528, 33.855504639509576 ], [ 135.190004960487499, 33.861794892335439 ], [ 135.190486859664901, 33.866641459221071 ], [ 135.191031420409871, 33.866890306597909 ], [ 135.191276177247715, 33.866678061261673 ], [ 135.191349739718703, 33.866119679240803 ], [ 135.191480939232207, 33.866345805682549 ], [ 135.191426375252888, 33.866877262763587 ], [ 135.191170731732967, 33.867160721884161 ], [ 135.191016127972347, 33.86778844643478 ], [ 135.191385462508208, 33.867779601751081 ], [ 135.190853554079609, 33.8684552824825 ], [ 135.190811730713392, 33.868843690913472 ], [ 135.191498499625197, 33.868258203226084 ], [ 135.192118811783843, 33.868202119046202 ] ] ] } },
{ "type": "Feature", "properties": { "CITY_NAME": "印南町", "S_NAME": "大字南谷", "JINKO": 150, "medical_area": "30_御坊医療圏", "町丁目名": "印南町大字南谷" }, "geometry": { "type": "Polygon", "coordinates": [ [ [ 135.179335091077348, 33.869981140756593 ], [ 135.179568305687241, 33.86990281695045 ], [ 135.180234523600689, 33.870295085131929 ], [ 135.180465065901046, 33.870142641680665 ], [ 135.18090101262564, 33.87031374678692 ], [ 135.18129285711629, 33.87008827266132 ], [ 135.181712260287952, 33.870196576070086 ], [ 135.181884278500604, 33.869902580840368 ], [ 135.182702943486902, 33.869369015687703 ], [ 135.183930932493439, 33.869834869390104 ], [ 135.18556017133011, 33.869795781959702 ], [ 135.185922488094036, 33.869984982599469 ], [ 135.186845910236997, 33.869934027532388 ], [ 135.187103537445552, 33.870166625670947 ], [ 135.187259075982496, 33.869988034751536 ], [ 135.187183048397998, 33.869527002282425 ], [ 135.187446236526995, 33.869537332738311 ], [ 135.187903492493149, 33.869875920837174 ], [ 135.18821588323874, 33.869781901651784 ], [ 135.189099703805482, 33.868021111705644 ], [ 135.189897633132773, 33.867682761536848 ], [ 135.190765234505108, 33.867575903226751 ], [ 135.190839767905089, 33.867282662188913 ], [ 135.190455801845388, 33.866675629389249 ], [ 135.189498849786787, 33.857079587174148 ], [ 135.188305353529216, 33.857090189735736 ], [ 135.186943744393233, 33.857914514085174 ], [ 135.185920356801034, 33.857943541862923 ], [ 135.185133451103667, 33.857768020359117 ], [ 135.184008922701111, 33.858196460396385 ], [ 135.184342041166019, 33.859295118491715 ], [ 135.184331735993567, 33.859838276212756 ], [ 135.184583428638945, 33.860327520359348 ], [ 135.184432750346474, 33.861800953572825 ], [ 135.184844117574329, 33.862218561888461 ], [ 135.185162313555082, 33.862186433762631 ], [ 135.185471725910247, 33.862359506344887 ], [ 135.185674074197806, 33.862827151239287 ], [ 135.186102005488578, 33.864385557164226 ], [ 135.186155709990743, 33.866115332957627 ], [ 135.185547748480474, 33.866054399293205 ], [ 135.18523027094011, 33.866196276923681 ], [ 135.184944145040788, 33.866086048433097 ], [ 135.184078951051333, 33.866482388360595 ], [ 135.183741550779956, 33.866196424634019 ], [ 135.183157346059232, 33.866523193951465 ], [ 135.182664640941596, 33.866568529536799 ], [ 135.182228927709048, 33.867279890523491 ], [ 135.180323465951318, 33.86819378221459 ], [ 135.180924052194968, 33.868223838854149 ], [ 135.181384702289364, 33.868521899389272 ], [ 135.180725908976513, 33.868414819751621 ], [ 135.179703768237459, 33.868954202449785 ], [ 135.17891476555684, 33.869607549674626 ], [ 135.178365954834533, 33.870697659025836 ], [ 135.179280383039895, 33.870342969808213 ], [ 135.179335091077348, 33.869981140756593 ] ] ] } },
{ "type": "Feature", "properties": { "CITY_NAME": "印南町", "S_NAME": "大字島田", "JINKO": 97, "medical_area": "30_御坊医療圏", "町丁目名": "印南町大字島田" }, "geometry": { "type": "Polygon", "coordinates": [ [ [ 135.259572812484265, 33.799158661565535 ], [ 135.259407984109487, 33.798635444476986 ], [ 135.259679119448606, 33.797148709566777 ], [ 135.259341858436215, 33.795437995131223 ], [ 135.25977426642325, 33.794001963163723 ], [ 135.260108247944629, 33.79345412983735 ], [ 135.261543146381825, 33.792456738346885 ], [ 135.262370687237706, 33.79111449506842 ], [ 135.262423018081222, 33.790638365417301 ], [ 135.262208763944187, 33.789798166917265 ], [ 135.263040200980754, 33.788666832635485 ], [ 135.264477635856281, 33.788347172061407 ], [ 135.264685228169554, 33.787637407683185 ], [ 135.264420240183767, 33.786591934481926 ], [ 135.264483397001015, 33.786179824618713 ], [ 135.265926197002955, 33.782905291742381 ], [ 135.265264025365582, 33.78283499561585 ], [ 135.264272128731221, 33.782387434830454 ], [ 135.262807617728299, 33.782244998583188 ], [ 135.261037788220108, 33.782275544027797 ], [ 135.25935939066747, 33.782611189851231 ], [ 135.25795563105072, 33.782682354281746 ], [ 135.252813944080287, 33.782346617792065 ], [ 135.250260708878585, 33.781862436311528 ], [ 135.249053164776399, 33.783639445876588 ], [ 135.24881256284246, 33.784572279233821 ], [ 135.248784508698776, 33.78565348147842 ], [ 135.249751267727618, 33.789997219288992 ], [ 135.249580972805575, 33.79180235259799 ], [ 135.249282336117858, 33.792816392832144 ], [ 135.248854206172382, 33.793567614347388 ], [ 135.25229107623403, 33.796062827531124 ], [ 135.253468872129531, 33.798237766810857 ], [ 135.254409706300777, 33.799091670780513 ], [ 135.255333419777884, 33.799323492257201 ], [ 135.259572812484265, 33.799158661565535 ] ] ] } },
{ "type": "Feature", "properties": { "CITY_NAME": "印南町", "S_NAME": "大字島田", "JINKO": 10, "medical_area": "30_御坊医療圏", "町丁目名": "印南町大字島田" }, "geometry": { "type": "Polygon", "coordinates": [ [ [ 135.248854206172382, 33.793567614347388 ], [ 135.249282336117858, 33.792816392832144 ], [ 135.249580972805575, 33.79180235259799 ], [ 135.249751267727618, 33.789997219288992 ], [ 135.248784508698776, 33.78565348147842 ], [ 135.24881256284246, 33.784572279233821 ], [ 135.249053164776399, 33.783639445876588 ], [ 135.250260708878585, 33.781862436311528 ], [ 135.247880208770141, 33.781315999894638 ], [ 135.247066494495044, 33.789916351712826 ], [ 135.247773990822992, 33.791088808155806 ], [ 135.248454774561026, 33.793852992573242 ], [ 135.248854206172382, 33.793567614347388 ] ] ] } },
{ "type": "Feature", "properties": { "CITY_NAME": "印南町", "S_NAME": "大字島田", "JINKO": 228, "medical_area": "30_御坊医療圏", "町丁目名": "印南町大字島田" }, "geometry": { "type": "Polygon", "coordinates": [ [ [ 135.245302007650025, 33.794871435324673 ], [ 135.245700305726558, 33.794708202861926 ], [ 135.247046143161384, 33.794890832808917 ], [ 135.248454774561083, 33.793852992573242 ], [ 135.247773990822992, 33.791088808155806 ], [ 135.247066494495044, 33.789916351712826 ], [ 135.247880208770141, 33.781315999894638 ], [ 135.246863740172074, 33.781075099285431 ], [ 135.245734619168218, 33.780200397912886 ], [ 135.244559726907426, 33.780047542675035 ], [ 135.242027127754426, 33.780658067430316 ], [ 135.237297277630546, 33.780545943142648 ], [ 135.234901850840345, 33.781461317339804 ], [ 135.234352488235118, 33.782112137510914 ], [ 135.232948696929782, 33.784817815054133 ], [ 135.233116719831514, 33.785275297586423 ], [ 135.233605019368412, 33.785651652827902 ], [ 135.234062456024219, 33.786729799728022 ], [ 135.234062413725013, 33.787645351710523 ], [ 135.233650488491037, 33.78832688596038 ], [ 135.233497966182512, 33.789018483534015 ], [ 135.23365050615439, 33.789557577017973 ], [ 135.234062345422984, 33.790015305340496 ], [ 135.234855918188288, 33.790503577517327 ], [ 135.235740867304685, 33.790696853157591 ], [ 135.236869888297633, 33.791184937938382 ], [ 135.237083129665677, 33.791931208911663 ], [ 135.237618583624538, 33.792008762025148 ], [ 135.239583442725092, 33.793470789526168 ], [ 135.240072009596219, 33.79336560920899 ], [ 135.240443599673313, 33.794842727729211 ], [ 135.242774559572638, 33.794847203760469 ], [ 135.244702595920046, 33.795329980245455 ], [ 135.245079831008866, 33.795192681559648 ], [ 135.245302007650025, 33.794871435324673 ] ] ] } },
{ "type": "Feature", "properties": { "CITY_NAME": "印南町", "S_NAME": "大字島田", "JINKO": 105, "medical_area": "30_御坊医療圏", "町丁目名": "印南町大字島田" }, "geometry": { "type": "Polygon", "coordinates": [ [ [ 135.250352188994157, 33.805461925835885 ], [ 135.2508679936943, 33.804647969237493 ], [ 135.250898355167095, 33.804320192064679 ], [ 135.253237572460762, 33.802769780706427 ], [ 135.253810680976329, 33.801774147570001 ], [ 135.254206168727563, 33.800438208334931 ], [ 135.255333419777884, 33.799323492257201 ], [ 135.254769658448595, 33.799244581219078 ], [ 135.253960792155596, 33.798787341722154 ], [ 135.253468872129531, 33.798237766810857 ], [ 135.25229107623403, 33.796062827531124 ], [ 135.248854206172382, 33.793567614347388 ], [ 135.247329000339647, 33.794787888439032 ], [ 135.246722279950887, 33.794897589401039 ], [ 135.245700305726587, 33.794708202861898 ], [ 135.245302007650025, 33.794871435324673 ], [ 135.244922171815546, 33.795305122080102 ], [ 135.242774559572638, 33.794847203760469 ], [ 135.240873993010581, 33.794800720264334 ], [ 135.241459553419901, 33.800390228286041 ], [ 135.243096716823032, 33.800516093505465 ], [ 135.244844552229011, 33.801385035643662 ], [ 135.246279548411565, 33.802534216878257 ], [ 135.248388288943516, 33.80319483216342 ], [ 135.248543769118953, 33.803352010711443 ], [ 135.248505932986689, 33.803626349946562 ], [ 135.247874925661733, 33.80471177089305 ], [ 135.247979490566934, 33.805664314710853 ], [ 135.250352188994157, 33.805461925835885 ] ] ] } },
{ "type": "Feature", "properties": { "CITY_NAME": "印南町", "S_NAME": "大字島田", "JINKO": 131, "medical_area": "30_御坊医療圏", "町丁目名": "印南町大字島田" }, "geometry": { "type": "Polygon", "coordinates": [ [ [ 135.241459553419901, 33.800390228286041 ], [ 135.240873993010581, 33.794800720264327 ], [ 135.240443599673313, 33.794842727729211 ], [ 135.240072009596219, 33.79336560920899 ], [ 135.239583442725092, 33.793470789526168 ], [ 135.237569211608161, 33.791982253826731 ], [ 135.237165555863584, 33.791902557078721 ], [ 135.236839785207565, 33.792011410872256 ], [ 135.2373336528631, 33.792012071369363 ], [ 135.237609039849104, 33.793572424207511 ], [ 135.237214870108517, 33.795467867291642 ], [ 135.236089576852152, 33.797698865918832 ], [ 135.236598284434791, 33.799053728526772 ], [ 135.236845139697579, 33.798893952779217 ], [ 135.236723928507246, 33.798738379511605 ], [ 135.236787004239375, 33.798428559243369 ], [ 135.237331091188622, 33.797936323165992 ], [ 135.239218223672225, 33.796962127893323 ], [ 135.239489008871999, 33.797281757397009 ], [ 135.239772275661267, 33.797144036552581 ], [ 135.240225650314926, 33.797844453159072 ], [ 135.240030777646894, 33.797908618787808 ], [ 135.240397387068555, 33.798508195662052 ], [ 135.240466646141954, 33.799072833714106 ], [ 135.24011852764761, 33.799531073363035 ], [ 135.240786396370993, 33.800403130046206 ], [ 135.241459553419901, 33.800390228286041 ] ] ] } },
{ "type": "Feature", "properties": { "CITY_NAME": "印南町", "S_NAME": "大字島田", "JINKO": 104, "medical_area": "30_御坊医療圏", "町丁目名": "印南町大字島田" }, "geometry": { "type": "Polygon", "coordinates": [ [ [ 135.240225650314926, 33.797844453159072 ], [ 135.239772275661267, 33.797144036552581 ], [ 135.239489008871999, 33.797281757397009 ], [ 135.239218223672225, 33.796962127893323 ], [ 135.237331091188622, 33.797936323165992 ], [ 135.236787004239375, 33.798428559243369 ], [ 135.236723928507246, 33.798738379511605 ], [ 135.236845139697579, 33.798893952779217 ], [ 135.236598284434791, 33.799053728526772 ], [ 135.23858622400212, 33.800266996298902 ], [ 135.23932856841094, 33.800444716985005 ], [ 135.240786396370993, 33.800403130046206 ], [ 135.24011852764761, 33.799531073363035 ], [ 135.240466646141954, 33.799072833714106 ], [ 135.240397387068555, 33.798508195662052 ], [ 135.240030777646894, 33.797908618787808 ], [ 135.240225650314926, 33.797844453159072 ] ] ] } },
{ "type": "Feature", "properties": { "CITY_NAME": "印南町", "S_NAME": "大字島田", "JINKO": 61, "medical_area": "30_御坊医療圏", "町丁目名": "印南町大字島田" }, "geometry": { "type": "Polygon", "coordinates": [ [ [ 135.253391304368193, 33.81041904002246 ], [ 135.262304972268026, 33.807828918703542 ], [ 135.264885483942436, 33.807468610975896 ], [ 135.264042995739572, 33.80616273802535 ], [ 135.263035025163873, 33.804024983476189 ], [ 135.263312837728762, 33.802412766353349 ], [ 135.263037697992644, 33.802057946032932 ], [ 135.262069691688197, 33.801555567286151 ], [ 135.261396311042262, 33.800799255776724 ], [ 135.260641962884421, 33.8003846440619 ], [ 135.259572812484265, 33.799158661565535 ], [ 135.255333419777884, 33.799323492257201 ], [ 135.254206168727563, 33.800438208334931 ], [ 135.253810680976329, 33.801774147570001 ], [ 135.253237572460762, 33.802769780706427 ], [ 135.250898355167095, 33.804320192064679 ], [ 135.2508679936943, 33.804647969237493 ], [ 135.250352188994157, 33.805461925835885 ], [ 135.251503233220348, 33.806096229784508 ], [ 135.252350441791378, 33.807420247748368 ], [ 135.253461793736818, 33.809453335389378 ], [ 135.253539399976773, 33.809981245717545 ], [ 135.253391304368193, 33.81041904002246 ] ] ] } },
{ "type": "Feature", "properties": { "CITY_NAME": "印南町", "S_NAME": "大字島田", "JINKO": 21, "medical_area": "30_御坊医療圏", "町丁目名": "印南町大字島田" }, "geometry": { "type": "Polygon", "coordinates": [ [ [ 135.252094933320905, 33.814198868978352 ], [ 135.253509540315235, 33.813991168957344 ], [ 135.258765740644435, 33.814067035882452 ], [ 135.260297963019013, 33.813554682833164 ], [ 135.26113908534515, 33.812576523429883 ], [ 135.263186927613134, 33.80898838673123 ], [ 135.264885483942436, 33.807468610975896 ], [ 135.262304972268026, 33.807828918703542 ], [ 135.253391304368193, 33.81041904002246 ], [ 135.252307183056615, 33.81150244862107 ], [ 135.250763870875005, 33.812345704583073 ], [ 135.250581364873625, 33.812817390952773 ], [ 135.25076808449478, 33.81328441241449 ], [ 135.252264697075702, 33.813920390470621 ], [ 135.252094933320905, 33.814198868978352 ] ] ] } },
{ "type": "Feature", "properties": { "CITY_NAME": "印南町", "S_NAME": "大字西ノ地", "JINKO": 128, "medical_area": "30_御坊医療圏", "町丁目名": "印南町大字西ノ地" }, "geometry": { "type": "Polygon", "coordinates": [ [ [ 135.233059796658779, 33.801941417011754 ], [ 135.233531170165065, 33.80211509351286 ], [ 135.234354048788504, 33.801815214548292 ], [ 135.234390719564686, 33.801543973681213 ], [ 135.233649137733693, 33.800182018166232 ], [ 135.232770326154338, 33.800719062368714 ], [ 135.231884027399843, 33.800846244688756 ], [ 135.231892476773339, 33.800967732071385 ], [ 135.230667961957948, 33.801382436910856 ], [ 135.230706331204999, 33.802894275481023 ], [ 135.230125937847561, 33.805819651514582 ], [ 135.229778542796879, 33.810797688466202 ], [ 135.22980150543097, 33.811671420669846 ], [ 135.231939474043799, 33.814181285728921 ], [ 135.232344095584097, 33.815277876969247 ], [ 135.232330129880552, 33.816131942311024 ], [ 135.234215783441982, 33.814961547708258 ], [ 135.238055733330356, 33.808790184740516 ], [ 135.237314418837485, 33.8077757887419 ], [ 135.23674287209181, 33.805595404544732 ], [ 135.236328841079569, 33.805138226691369 ], [ 135.235430931322128, 33.804915990563657 ], [ 135.235786442067962, 33.804438363562895 ], [ 135.23423119141944, 33.804051718133515 ], [ 135.231488761116566, 33.803072156615869 ], [ 135.232077598846843, 33.802356234718339 ], [ 135.233059796658779, 33.801941417011754 ] ] ] } },
{ "type": "Feature", "properties": { "CITY_NAME": "印南町", "S_NAME": "大字西ノ地", "JINKO": 114, "medical_area": "30_御坊医療圏", "町丁目名": "印南町大字西ノ地" }, "geometry": { "type": "Polygon", "coordinates": [ [ [ 135.234529226953242, 33.802249357517631 ], [ 135.235662825412646, 33.801610757226356 ], [ 135.235689173298198, 33.801086014279058 ], [ 135.235471510535035, 33.800428743473375 ], [ 135.235678210237069, 33.800325917589788 ], [ 135.234778274590866, 33.799369699608647 ], [ 135.233649137733693, 33.800182018166232 ], [ 135.234390719564686, 33.801543973681213 ], [ 135.234354048788504, 33.801815214548292 ], [ 135.234745013274846, 33.801808769106984 ], [ 135.234529226953242, 33.802249357517631 ] ] ] } },
{ "type": "Feature", "properties": { "CITY_NAME": "印南町", "S_NAME": "大字西ノ地", "JINKO": 98, "medical_area": "30_御坊医療圏", "町丁目名": "印南町大字西ノ地" }, "geometry": { "type": "Polygon", "coordinates": [ [ [ 135.235899662351414, 33.80167745092222 ], [ 135.238364722872063, 33.801326851316688 ], [ 135.23932856841094, 33.800444716985005 ], [ 135.238188020829909, 33.800091399123566 ], [ 135.236699089056401, 33.799170011870757 ], [ 135.236089576852152, 33.797698865918832 ], [ 135.234778274590866, 33.799369699608647 ], [ 135.23562191337146, 33.800166801226503 ], [ 135.235640976867387, 33.800414157157441 ], [ 135.235471510535035, 33.800428743473375 ], [ 135.235689173298198, 33.801086014279058 ], [ 135.235579132057438, 33.801420336713036 ], [ 135.235899662351414, 33.80167745092222 ] ] ] } },
{ "type": "Feature", "properties": { "CITY_NAME": "印南町", "S_NAME": "大字西ノ地", "JINKO": 97, "medical_area": "30_御坊医療圏", "町丁目名": "印南町大字西ノ地" }, "geometry": { "type": "Polygon", "coordinates": [ [ [ 135.242071568477201, 33.837543113903969 ], [ 135.242543067439584, 33.837161274619369 ], [ 135.242855231112856, 33.836287346684408 ], [ 135.242785420914828, 33.835866671277607 ], [ 135.242370621986254, 33.835294823067258 ], [ 135.242481739148417, 33.834410214261361 ], [ 135.243645174312178, 33.833004047776107 ], [ 135.244243318905205, 33.8318763038817 ], [ 135.244570093180954, 33.83067180331458 ], [ 135.2447185660576, 33.829202479813596 ], [ 135.244509795821557, 33.825408149063925 ], [ 135.243991786540903, 33.824523068104234 ], [ 135.244046226668672, 33.823467789527953 ], [ 135.244445741127237, 33.822548601814383 ], [ 135.244628805030686, 33.821424375180989 ], [ 135.243954253879878, 33.818528404527278 ], [ 135.244183857601968, 33.817122001212468 ], [ 135.244690646652771, 33.815583882357899 ], [ 135.246983670668357, 33.809150166708982 ], [ 135.249289723810932, 33.808629431218655 ], [ 135.252350441791378, 33.807420247748368 ], [ 135.251503233220348, 33.806096229784508 ], [ 135.250768525368301, 33.805624628628244 ], [ 135.250047677783556, 33.805422322526795 ], [ 135.247979490566934, 33.805664314710853 ], [ 135.247874925661733, 33.80471177089305 ], [ 135.248543769118953, 33.803352010711443 ], [ 135.246279548411565, 33.802534216878257 ], [ 135.244101830113124, 33.800960246903237 ], [ 135.243323032774214, 33.80205627959743 ], [ 135.242493659388629, 33.80254129528992 ], [ 135.241552201695612, 33.802799649254531 ], [ 135.240634534501964, 33.803554311619585 ], [ 135.240512155863172, 33.803825452229937 ], [ 135.240492295823742, 33.804440120471284 ], [ 135.24148856378676, 33.806110020011467 ], [ 135.241935261272374, 33.807860917644994 ], [ 135.242301912097446, 33.80839484310814 ], [ 135.241783798180734, 33.808922625867289 ], [ 135.242166646701122, 33.811093506675107 ], [ 135.241631034380305, 33.812874447373922 ], [ 135.241833898610139, 33.813887350979407 ], [ 135.241088774342245, 33.815757876540296 ], [ 135.240730255827543, 33.816143793321089 ], [ 135.240140657494607, 33.816446011871236 ], [ 135.239263989414212, 33.817573983747778 ], [ 135.238380108909922, 33.819521682246688 ], [ 135.237794818227599, 33.82036193650643 ], [ 135.23534991004783, 33.822405201535297 ], [ 135.236459300335611, 33.825468467346724 ], [ 135.237878158633976, 33.832427261533468 ], [ 135.238327609093716, 33.833646535103568 ], [ 135.239178078954893, 33.835076364889233 ], [ 135.242071568477201, 33.837543113903969 ] ] ] } },
{ "type": "Feature", "properties": { "CITY_NAME": "印南町", "S_NAME": "大字西ノ地", "JINKO": 39, "medical_area": "30_御坊医療圏", "町丁目名": "印南町大字西ノ地" }, "geometry": { "type": "Polygon", "coordinates": [ [ [ 135.247695900440164, 33.841717412474225 ], [ 135.246980290610878, 33.835821948995708 ], [ 135.246514162543775, 33.825446612663448 ], [ 135.248465212620715, 33.821382146050802 ], [ 135.249290883772204, 33.81920423255044 ], [ 135.250211214281819, 33.81500568677744 ], [ 135.251316260973795, 33.814938704272109 ], [ 135.251442756609634, 33.814667713818032 ], [ 135.251785712208857, 33.81470571404536 ], [ 135.252264697075702, 33.813920390470621 ], [ 135.25076808449478, 33.81328441241449 ], [ 135.250581364873625, 33.812817390952773 ], [ 135.250906069581362, 33.812228368760628 ], [ 135.252739140456555, 33.811182594244585 ], [ 135.253391304368193, 33.81041904002246 ], [ 135.253539399976773, 33.809981245717545 ], [ 135.253461793736818, 33.809453335389378 ], [ 135.252350441791378, 33.807420247748368 ], [ 135.249289723810932, 33.808629431218655 ], [ 135.246983670668357, 33.809150166708982 ], [ 135.244183857601968, 33.817122001212468 ], [ 135.243954253879878, 33.818528404527278 ], [ 135.244628805030686, 33.821424375180989 ], [ 135.244445741127237, 33.822548601814383 ], [ 135.244046226668672, 33.823467789527953 ], [ 135.243991786540903, 33.824523068104234 ], [ 135.244509795821557, 33.825408149063925 ], [ 135.2447185660576, 33.829202479813596 ], [ 135.244570093180954, 33.83067180331458 ], [ 135.244243318905205, 33.8318763038817 ], [ 135.243645174312178, 33.833004047776107 ], [ 135.242481739148417, 33.834410214261361 ], [ 135.242370621986254, 33.835294823067258 ], [ 135.242785420914828, 33.835866671277607 ], [ 135.242855231112856, 33.836287346684408 ], [ 135.242543067439584, 33.837161274619369 ], [ 135.242071568477201, 33.837543113903969 ], [ 135.246093897511059, 33.840388033727471 ], [ 135.247695900440164, 33.841717412474225 ] ] ] } },
{ "type": "Feature", "properties": { "CITY_NAME": "印南町", "S_NAME": "大字西ノ地", "JINKO": 458, "medical_area": "30_御坊医療圏", "町丁目名": "印南町大字西ノ地" }, "geometry": { "type": "Polygon", "coordinates": [ [ [ 135.242493659388629, 33.80254129528992 ], [ 135.243323032774214, 33.80205627959743 ], [ 135.244101830113152, 33.800960246903237 ], [ 135.242791768974598, 33.800451671279795 ], [ 135.23932856841094, 33.800444716985005 ], [ 135.238364722872063, 33.801326851316688 ], [ 135.236528514656129, 33.801638099190406 ], [ 135.235662825412646, 33.801610757226356 ], [ 135.234529226953242, 33.802249357517631 ], [ 135.234745013274846, 33.801808769106984 ], [ 135.234109410944399, 33.801847644699492 ], [ 135.233531170165065, 33.80211509351286 ], [ 135.233256997195696, 33.801939546127059 ], [ 135.232771927704107, 33.801967799313076 ], [ 135.232077598846843, 33.802356234718339 ], [ 135.231488761116566, 33.803072156615869 ], [ 135.23423119141944, 33.804051718133515 ], [ 135.235786442067962, 33.804438363562895 ], [ 135.235430931322128, 33.804915990563657 ], [ 135.236328841079569, 33.805138226691376 ], [ 135.23674287209181, 33.805595404544732 ], [ 135.237314418837485, 33.8077757887419 ], [ 135.238055733330356, 33.808790184740531 ], [ 135.234215783441982, 33.814961547708293 ], [ 135.232325716690497, 33.816134732427223 ], [ 135.232280200075593, 33.817506615834418 ], [ 135.232760381517636, 33.819376398700378 ], [ 135.234588922785917, 33.821230893995875 ], [ 135.23534991004783, 33.822405201535297 ], [ 135.23779481822757, 33.82036193650643 ], [ 135.238380108909922, 33.819521682246702 ], [ 135.239263989414212, 33.817573983747778 ], [ 135.240140657494607, 33.816446011871236 ], [ 135.240730255827486, 33.816143793321089 ], [ 135.241088774342273, 33.81575787654031 ], [ 135.241833898610111, 33.813887350979428 ], [ 135.241631034380305, 33.812874447373922 ], [ 135.242166646701122, 33.811093506675107 ], [ 135.241783798180734, 33.808922625867289 ], [ 135.242301912097474, 33.80839484310814 ], [ 135.241935261272374, 33.807860917644994 ], [ 135.24148856378676, 33.806110020011467 ], [ 135.240451570547009, 33.804150506015127 ], [ 135.240634534501964, 33.803554311619585 ], [ 135.241377670120158, 33.802919306420065 ], [ 135.242493659388629, 33.80254129528992 ] ] ] } },
{ "type": "Feature", "properties": { "CITY_NAME": "印南町", "S_NAME": "大字宮ノ前", "JINKO": 137, "medical_area": "30_御坊医療圏", "町丁目名": "印南町大字宮ノ前" }, "geometry": { "type": "Polygon", "coordinates": [ [ [ 135.253834909333051, 33.814974924979722 ], [ 135.25258396308206, 33.814226902977197 ], [ 135.252094933320905, 33.814198868978352 ], [ 135.251785712208857, 33.81470571404536 ], [ 135.251442756609663, 33.814667713818032 ], [ 135.251316260973795, 33.814938704272109 ], [ 135.250211214281819, 33.815005686777454 ], [ 135.249290883772204, 33.81920423255044 ], [ 135.248465212620715, 33.821382146050802 ], [ 135.246514162543775, 33.825446612663448 ], [ 135.246828675935944, 33.832985928775436 ], [ 135.256638255164887, 33.830313490261027 ], [ 135.257141820391155, 33.829920924922313 ], [ 135.257184105648179, 33.829247488027029 ], [ 135.256977601086845, 33.828424771785116 ], [ 135.256043170279753, 33.826801146482154 ], [ 135.256760828741307, 33.826682476993852 ], [ 135.257091106738443, 33.826445389330026 ], [ 135.256773361442072, 33.824951139781149 ], [ 135.255755330756813, 33.824574922476479 ], [ 135.254640817409637, 33.823812527086076 ], [ 135.252949665717949, 33.822204176578488 ], [ 135.252335204110068, 33.821281220473693 ], [ 135.252306884026922, 33.820937584769695 ], [ 135.252963275678667, 33.81940680906672 ], [ 135.254991266473269, 33.817163565176209 ], [ 135.255235444227253, 33.816643499142089 ], [ 135.255054854156043, 33.816108194694543 ], [ 135.253834909333051, 33.814974924979722 ] ] ] } },
{ "type": "Feature", "properties": { "CITY_NAME": "印南町", "S_NAME": "大字古屋", "JINKO": 57, "medical_area": "30_御坊医療圏", "町丁目名": "印南町大字古屋" }, "geometry": { "type": "Polygon", "coordinates": [ [ [ 135.256277807250171, 33.827199839470239 ], [ 135.262625369114943, 33.825048592359451 ], [ 135.266670027996014, 33.822711221746118 ], [ 135.273394370102523, 33.819159081092117 ], [ 135.276016595766436, 33.817348569793886 ], [ 135.274835833960196, 33.817518446084073 ], [ 135.273771403253932, 33.816733146529565 ], [ 135.273461241077882, 33.816407870095929 ], [ 135.273181819616212, 33.815300907420223 ], [ 135.272408591907606, 33.81445208144784 ], [ 135.272046797772646, 33.814505876718549 ], [ 135.270604950232325, 33.815405318941934 ], [ 135.270391776042175, 33.815287553856216 ], [ 135.270397447994668, 33.814618983624953 ], [ 135.269381166396784, 33.812556019285324 ], [ 135.269178061071727, 33.812396469728938 ], [ 135.268136159765817, 33.812557373317709 ], [ 135.26745890879161, 33.811912358845724 ], [ 135.266837400107903, 33.811717916311501 ], [ 135.266638507802782, 33.811401453841661 ], [ 135.267065186217934, 33.809970155942409 ], [ 135.266977725168744, 33.80956912623008 ], [ 135.266359489663984, 33.808666098842075 ], [ 135.265960547162933, 33.808507352811802 ], [ 135.264885483942436, 33.807468610975896 ], [ 135.263186927613134, 33.80898838673123 ], [ 135.26113908534515, 33.812576523429883 ], [ 135.260297963019013, 33.813554682833164 ], [ 135.258765740644435, 33.814067035882452 ], [ 135.253509540315235, 33.813991168957344 ], [ 135.252583963082003, 33.814226902977204 ], [ 135.253303014168893, 33.814557808684384 ], [ 135.254445841370654, 33.815425764473623 ], [ 135.255054854156015, 33.816108194694543 ], [ 135.25523544422731, 33.816643499142089 ], [ 135.254991266473269, 33.817163565176223 ], [ 135.252963275678667, 33.81940680906672 ], [ 135.252306884026865, 33.820937584769709 ], [ 135.252335204110068, 33.821281220473693 ], [ 135.252949665717949, 33.822204176578488 ], [ 135.254640817409637, 33.823812527086076 ], [ 135.255755330756813, 33.824574922476472 ], [ 135.256773361442072, 33.824951139781149 ], [ 135.257134076197161, 33.826297864775682 ], [ 135.256760828741307, 33.826682476993881 ], [ 135.256043170279753, 33.826801146482154 ], [ 135.256277807250171, 33.827199839470239 ] ] ] } },
{ "type": "Feature", "properties": { "CITY_NAME": "印南町", "S_NAME": "大字羽六", "JINKO": 183, "medical_area": "30_御坊医療圏", "町丁目名": "印南町大字羽六" }, "geometry": { "type": "Polygon", "coordinates": [ [ [ 135.266940303171481, 33.849496196510742 ], [ 135.270644049163224, 33.848876538092391 ], [ 135.271711622713184, 33.848887619672077 ], [ 135.271976712908895, 33.84435685153862 ], [ 135.272262418158903, 33.843763321406456 ], [ 135.275417311358439, 33.84296716500468 ], [ 135.285775489671494, 33.842207984923718 ], [ 135.28934972332496, 33.842300304414373 ], [ 135.296751762527009, 33.842020469489682 ], [ 135.307874360149754, 33.841937447141277 ], [ 135.308812619076207, 33.840401903101409 ], [ 135.309006162128867, 33.83954277663878 ], [ 135.309162180654113, 33.83676058027887 ], [ 135.309016112040212, 33.835759255306371 ], [ 135.307675345792376, 33.834760398267107 ], [ 135.307081224201681, 33.833884614117672 ], [ 135.306289749215694, 33.833630818034294 ], [ 135.304964288440544, 33.833543206474161 ], [ 135.303909972732413, 33.832443915517608 ], [ 135.303297890517513, 33.832356499810494 ], [ 135.301904021706122, 33.832485277744404 ], [ 135.301245441103305, 33.832012005737084 ], [ 135.299924895824375, 33.829958264449793 ], [ 135.30032286785314, 33.829406306119452 ], [ 135.300535732452857, 33.828413335004122 ], [ 135.300874877026672, 33.827714389177245 ], [ 135.301362173696418, 33.827021494657217 ], [ 135.301337526469013, 33.826610977567107 ], [ 135.300584582679761, 33.826051229109254 ], [ 135.299207039967456, 33.82460687875475 ], [ 135.299276440715943, 33.823856815974203 ], [ 135.299798158225769, 33.822967034262554 ], [ 135.299497766606464, 33.821860000558296 ], [ 135.297912298201965, 33.822282215264792 ], [ 135.29720860833703, 33.822189173788949 ], [ 135.297000816152547, 33.820675664013812 ], [ 135.296540023652909, 33.819502912791911 ], [ 135.295186305988437, 33.819138485544585 ], [ 135.29445368236884, 33.819042303384151 ], [ 135.29398913179574, 33.819182773986498 ], [ 135.293105454170302, 33.818859613975881 ], [ 135.292168247307586, 33.818853251347164 ], [ 135.289723533212594, 33.81774458919417 ], [ 135.288642903735763, 33.817704407796263 ], [ 135.287675543208309, 33.817142786657122 ], [ 135.285979484313714, 33.817974286992062 ], [ 135.285162279995376, 33.81788840743355 ], [ 135.284223017514591, 33.818121749060431 ], [ 135.283482772873271, 33.817836129909381 ], [ 135.282687531144177, 33.818033533091224 ], [ 135.280925058874914, 33.817801972959792 ], [ 135.280171271916515, 33.818026649065999 ], [ 135.279274577571613, 33.817892802455731 ], [ 135.278309889813698, 33.818118350341145 ], [ 135.27767547928454, 33.817793586897558 ], [ 135.276889601284211, 33.817698969984697 ], [ 135.276016595766436, 33.817348569793886 ], [ 135.273394370102523, 33.819159081092117 ], [ 135.266670027996014, 33.822711221746118 ], [ 135.262625369114943, 33.825048592359451 ], [ 135.256277807250171, 33.827199839470232 ], [ 135.256977601086845, 33.828424771785116 ], [ 135.257184105648179, 33.829247488027029 ], [ 135.257141820391155, 33.829920924922313 ], [ 135.256938931690513, 33.830182729483106 ], [ 135.246828675935944, 33.832985928775436 ], [ 135.246980290610878, 33.835821948995701 ], [ 135.247695900440164, 33.841717412474253 ], [ 135.250046153670212, 33.844273404318223 ], [ 135.250134894148687, 33.845191197052173 ], [ 135.253024426250391, 33.846716924404362 ], [ 135.257533340347408, 33.848613677967101 ], [ 135.258399050154765, 33.848812582931416 ], [ 135.259655451221334, 33.848758269200616 ], [ 135.262256661876876, 33.848142118650046 ], [ 135.264471617082705, 33.848128546059229 ], [ 135.266174863609109, 33.848614410390226 ], [ 135.266892252560496, 33.849091732897364 ], [ 135.266940303171481, 33.849496196510742 ] ] ] } },
{ "type": "Feature", "properties": { "CITY_NAME": "印南町", "S_NAME": "大字樮川", "JINKO": 209, "medical_area": "30_御坊医療圏", "町丁目名": "印南町大字樮川" }, "geometry": { "type": "Polygon", "coordinates": [ [ [ 135.310929269176967, 33.856698104033136 ], [ 135.31137911851323, 33.856660460686562 ], [ 135.312111994458206, 33.85686881289525 ], [ 135.312418472751688, 33.856689632386463 ], [ 135.313045045981568, 33.856639583125258 ], [ 135.313005750580913, 33.855527564356258 ], [ 135.313930277713382, 33.854347359685541 ], [ 135.314099836462674, 33.853469227718797 ], [ 135.312512847192835, 33.852161096860279 ], [ 135.312223940923502, 33.851569914631554 ], [ 135.312453987391223, 33.850472625822945 ], [ 135.312346998980644, 33.848426197416231 ], [ 135.31095950364039, 33.847764799431154 ], [ 135.310198498073703, 33.846773845869357 ], [ 135.309765479297823, 33.846493054447556 ], [ 135.308487722798077, 33.846174149142541 ], [ 135.30830771730885, 33.846003665496148 ], [ 135.308081303562943, 33.844392438344762 ], [ 135.307420789803331, 33.843541351846312 ], [ 135.307408404093536, 33.843014394470075 ], [ 135.307874360149754, 33.841937447141277 ], [ 135.296751762527009, 33.842020469489682 ], [ 135.28934972332496, 33.842300304414373 ], [ 135.285775489671494, 33.842207984923718 ], [ 135.275417311358439, 33.84296716500468 ], [ 135.272262418158903, 33.843763321406456 ], [ 135.271976712908895, 33.84435685153862 ], [ 135.271711622713184, 33.848887619672077 ], [ 135.27382087683651, 33.849206863661003 ], [ 135.283868972229811, 33.85152320185292 ], [ 135.284542305440596, 33.851892395702251 ], [ 135.286279428333756, 33.853562541452725 ], [ 135.287580264976611, 33.856274481149129 ], [ 135.288117609703335, 33.858279590483825 ], [ 135.288490682231725, 33.861814100042785 ], [ 135.293346281740554, 33.860546167409602 ], [ 135.29921978468343, 33.859277771356318 ], [ 135.309915512049798, 33.85769450262427 ], [ 135.309804635503042, 33.857291258305558 ], [ 135.309914355309786, 33.857127749796433 ], [ 135.310929269176967, 33.856698104033136 ] ] ] } },
{ "type": "Feature", "properties": { "CITY_NAME": "印南町", "S_NAME": "大字古井", "JINKO": 322, "medical_area": "30_御坊医療圏", "町丁目名": "印南町大字古井" }, "geometry": { "type": "Polygon", "coordinates": [ [ [ 135.287580264976611, 33.856274481149129 ], [ 135.286279428333756, 33.853562541452725 ], [ 135.284542305440596, 33.851892395702251 ], [ 135.283868972229811, 33.85152320185292 ], [ 135.27382087683651, 33.849206863661003 ], [ 135.271711622713184, 33.848887619672077 ], [ 135.270644049163224, 33.848876538092391 ], [ 135.266940303171481, 33.849496196510742 ], [ 135.266892252560496, 33.849091732897364 ], [ 135.265699009523672, 33.848413933414832 ], [ 135.264471617082705, 33.848128546059229 ], [ 135.263252011933503, 33.848107903088959 ], [ 135.262256661876876, 33.848142118650046 ], [ 135.259655451221334, 33.848758269200616 ], [ 135.258399050154765, 33.848812582931416 ], [ 135.257533340347408, 33.848613677967101 ], [ 135.253024426250391, 33.846716924404362 ], [ 135.250134894148687, 33.845191197052173 ], [ 135.250983948288962, 33.855838492670948 ], [ 135.252032639610889, 33.856119272355741 ], [ 135.253330420130396, 33.85587297862704 ], [ 135.254970847174206, 33.855894431553907 ], [ 135.256912075053123, 33.855037756915486 ], [ 135.258398530966787, 33.854848472984855 ], [ 135.259304054977235, 33.855108749216008 ], [ 135.260289319784334, 33.85647495008962 ], [ 135.261062087761957, 33.856779919623236 ], [ 135.262531518691446, 33.856557797554629 ], [ 135.263187297306274, 33.855972562370042 ], [ 135.265543492507845, 33.85647753672508 ], [ 135.266410047999784, 33.857152550103756 ], [ 135.271715612593027, 33.862537810365559 ], [ 135.278205568271233, 33.868021796191037 ], [ 135.280255160001843, 33.865874950612664 ], [ 135.281943812507421, 33.863642997155004 ], [ 135.288490682231725, 33.861814100042785 ], [ 135.288117609703335, 33.858279590483825 ], [ 135.287580264976611, 33.856274481149129 ] ] ] } },
{ "type": "Feature", "properties": { "CITY_NAME": "印南町", "S_NAME": "大字美里", "JINKO": 156, "medical_area": "30_御坊医療圏", "町丁目名": "印南町大字美里" }, "geometry": { "type": "Polygon", "coordinates": [ [ [ 135.273724206309112, 33.874625568686412 ], [ 135.278205568271233, 33.868021796191037 ], [ 135.271715612593027, 33.862537810365559 ], [ 135.265984184514423, 33.856757258280531 ], [ 135.265088254529616, 33.85629000139339 ], [ 135.263187297306274, 33.855972562370042 ], [ 135.262531518691446, 33.856557797554629 ], [ 135.261062087761957, 33.856779919623236 ], [ 135.260289319784334, 33.85647495008962 ], [ 135.259304054977235, 33.855108749216008 ], [ 135.258398530966787, 33.854848472984855 ], [ 135.256912075053123, 33.855037756915486 ], [ 135.254970847174206, 33.855894431553907 ], [ 135.253330420130396, 33.85587297862704 ], [ 135.252032639610889, 33.856119272355741 ], [ 135.250983948288962, 33.855838492670948 ], [ 135.250907916699106, 33.858955073400764 ], [ 135.25214324493723, 33.863397640743457 ], [ 135.254096298801585, 33.867376115452899 ], [ 135.256561671585445, 33.87118083036011 ], [ 135.257120417015813, 33.872948249702773 ], [ 135.258057662086628, 33.872784680646319 ], [ 135.262259275571068, 33.873142995988395 ], [ 135.262744614611961, 33.873011355389949 ], [ 135.26429524691315, 33.872068552544569 ], [ 135.265226205578358, 33.872131991804459 ], [ 135.266618285139941, 33.873435756364017 ], [ 135.267484400070686, 33.873876903128142 ], [ 135.267604748296179, 33.874321374184753 ], [ 135.268388892662131, 33.874959675887524 ], [ 135.268777041165635, 33.876108275204508 ], [ 135.269246128321015, 33.876409421778114 ], [ 135.271111312650334, 33.876932930845577 ], [ 135.27231114493236, 33.878254639819936 ], [ 135.273724206309112, 33.874625568686412 ] ] ] } },
{ "type": "Feature", "properties": { "CITY_NAME": "印南町", "S_NAME": "大字松原", "JINKO": 32, "medical_area": "30_御坊医療圏", "町丁目名": "印南町大字松原" }, "geometry": { "type": "Polygon", "coordinates": [ [ [ 135.292432401152297, 33.889000824542784 ], [ 135.286314378974566, 33.878980180781625 ], [ 135.283481358885069, 33.872643668436837 ], [ 135.284893394062266, 33.871233370652696 ], [ 135.283703772190677, 33.870581972608981 ], [ 135.28202296064859, 33.868640231909382 ], [ 135.281261798442358, 33.86812808478318 ], [ 135.278988074786895, 33.867105168990705 ], [ 135.278205568271233, 33.868021796191037 ], [ 135.273724206309083, 33.874625568686412 ], [ 135.27231114493236, 33.878254639819936 ], [ 135.272725588698194, 33.879858827643965 ], [ 135.273479490841595, 33.880529040561413 ], [ 135.273871422229718, 33.881451680919312 ], [ 135.274547208482801, 33.881843623539091 ], [ 135.275327166941054, 33.88536246355315 ], [ 135.275182288015884, 33.88605880141801 ], [ 135.275449664715296, 33.887752581065769 ], [ 135.27594348191073, 33.887944818336386 ], [ 135.27757818975843, 33.887846061252141 ], [ 135.280507038058857, 33.888154079506428 ], [ 135.281632337096624, 33.888058779374283 ], [ 135.282880391236262, 33.888636589221221 ], [ 135.283509365778713, 33.889730351430707 ], [ 135.283989762149588, 33.890168590036865 ], [ 135.285630353756886, 33.890809086428881 ], [ 135.288076642432372, 33.892115630224438 ], [ 135.288926018978202, 33.892324797746767 ], [ 135.290430705822388, 33.892080443188149 ], [ 135.292047569492041, 33.892074936502823 ], [ 135.293006874117879, 33.891715707203936 ], [ 135.293841533139215, 33.891625112133632 ], [ 135.292432401152297, 33.889000824542784 ] ] ] } },
{ "type": "Feature", "properties": { "CITY_NAME": "印南町", "S_NAME": "大字丹生", "JINKO": 91, "medical_area": "30_御坊医療圏", "町丁目名": "印南町大字丹生" }, "geometry": { "type": "Polygon", "coordinates": [ [ [ 135.284893394062266, 33.871233370652696 ], [ 135.288517154539733, 33.86778547833989 ], [ 135.289830047053613, 33.865680714767038 ], [ 135.290388921221449, 33.864554229306933 ], [ 135.290802663026653, 33.863173047237233 ], [ 135.291156905940682, 33.861125877910261 ], [ 135.281943812507421, 33.863642997154983 ], [ 135.280255160001843, 33.86587495061265 ], [ 135.278988074786895, 33.867105168990705 ], [ 135.281261798442358, 33.86812808478318 ], [ 135.28202296064859, 33.868640231909382 ], [ 135.283703772190677, 33.870581972608981 ], [ 135.284893394062266, 33.871233370652696 ] ] ] } },
{ "type": "Feature", "properties": { "CITY_NAME": "印南町", "S_NAME": "大字崎ノ原", "JINKO": 46, "medical_area": "30_御坊医療圏", "町丁目名": "印南町大字崎ノ原" }, "geometry": { "type": "Polygon", "coordinates": [ [ [ 135.298816224120316, 33.876923310416792 ], [ 135.291792462465651, 33.874066965035816 ], [ 135.291260272808017, 33.873425743053694 ], [ 135.291231864796544, 33.872927159462471 ], [ 135.291703222765108, 33.871296964356439 ], [ 135.292868152323052, 33.86864979585183 ], [ 135.295815897606786, 33.860049583935869 ], [ 135.291156905940682, 33.861125877910261 ], [ 135.291026522823159, 33.862208335054348 ], [ 135.290388921221449, 33.864554229306933 ], [ 135.288517154539733, 33.86778547833989 ], [ 135.283481358885069, 33.872643668436837 ], [ 135.286314378974566, 33.878980180781625 ], [ 135.292432401152297, 33.889000824542784 ], [ 135.298816224120316, 33.876923310416792 ] ] ] } },
{ "type": "Feature", "properties": { "CITY_NAME": "印南町", "S_NAME": "大字皆瀬川", "JINKO": 47, "medical_area": "30_御坊医療圏", "町丁目名": "印南町大字皆瀬川" }, "geometry": { "type": "Polygon", "coordinates": [ [ [ 135.309404897610932, 33.861033944830965 ], [ 135.309460936500273, 33.859752704777208 ], [ 135.310239869005301, 33.859031259667098 ], [ 135.309915512049798, 33.85769450262427 ], [ 135.29921978468343, 33.859277771356318 ], [ 135.295815897606786, 33.860049583935869 ], [ 135.292868152323052, 33.86864979585183 ], [ 135.291703222765108, 33.871296964356439 ], [ 135.291231864796544, 33.872927159462471 ], [ 135.291260272808017, 33.873425743053694 ], [ 135.29150047479456, 33.873770577417787 ], [ 135.291792462465651, 33.874066965035816 ], [ 135.298816224120316, 33.876923310416792 ], [ 135.298820353062069, 33.87280549916435 ], [ 135.299244783224964, 33.871301368251913 ], [ 135.29991935161047, 33.87042118941892 ], [ 135.303412909335663, 33.866830529759362 ], [ 135.309404897610932, 33.861033944830965 ] ] ] } },
{ "type": "Feature", "properties": { "CITY_NAME": "印南町", "S_NAME": "大字小原", "JINKO": 25, "medical_area": "30_御坊医療圏", "町丁目名": "印南町大字小原" }, "geometry": { "type": "Polygon", "coordinates": [ [ [ 135.312090833501713, 33.882474761758637 ], [ 135.311935858459293, 33.87808430886632 ], [ 135.312537839638821, 33.876641822281165 ], [ 135.313723119311931, 33.874533961399756 ], [ 135.316639008684689, 33.872160249918402 ], [ 135.319850203892003, 33.870688027301007 ], [ 135.321430978554304, 33.870272388005141 ], [ 135.321802973344688, 33.869584834838108 ], [ 135.321889978918421, 33.868992502275468 ], [ 135.32173215574494, 33.868677199255345 ], [ 135.320787332740736, 33.868271779538766 ], [ 135.320246041198544, 33.867495248928542 ], [ 135.318012433850811, 33.866184620346608 ], [ 135.317442843887278, 33.86498894894644 ], [ 135.316780160789136, 33.864124807713914 ], [ 135.315927126046148, 33.863595178441258 ], [ 135.315595488231509, 33.862923328427676 ], [ 135.314648274624915, 33.862463606264363 ], [ 135.31343828011461, 33.862541695843042 ], [ 135.31264229051223, 33.861930791320333 ], [ 135.312006911664241, 33.861730869960049 ], [ 135.311321431689436, 33.861155090743559 ], [ 135.310583471685959, 33.861081663260663 ], [ 135.309904825033129, 33.86138794310898 ], [ 135.309404897610932, 33.861033944830965 ], [ 135.303412909335663, 33.866830529759362 ], [ 135.29991935161047, 33.87042118941892 ], [ 135.299244783224964, 33.871301368251913 ], [ 135.298820353062069, 33.87280549916435 ], [ 135.298816224120316, 33.876923310416792 ], [ 135.304568087863885, 33.876890359174233 ], [ 135.305310201194089, 33.877369298575417 ], [ 135.306359334533056, 33.87871790752083 ], [ 135.307002602742159, 33.879278269109967 ], [ 135.312090833501713, 33.882474761758637 ] ] ] } },
{ "type": "Feature", "properties": { "CITY_NAME": "印南町", "S_NAME": "大字西神ノ川", "JINKO": 29, "medical_area": "30_御坊医療圏", "町丁目名": "印南町大字西神ノ川" }, "geometry": { "type": "Polygon", "coordinates": [ [ [ 135.322036865448155, 33.904541029527792 ], [ 135.320894493119511, 33.901592524940803 ], [ 135.317126461742987, 33.89357108130541 ], [ 135.31465051446267, 33.888907326031656 ], [ 135.312090833501713, 33.882474761758637 ], [ 135.307002602742159, 33.879278269109967 ], [ 135.306359334533056, 33.87871790752083 ], [ 135.305310201194089, 33.877369298575417 ], [ 135.304568087863885, 33.876890359174233 ], [ 135.298816224120316, 33.876923310416792 ], [ 135.292432401152297, 33.889000824542784 ], [ 135.293841533139215, 33.891625112133632 ], [ 135.295847494240718, 33.892745972819213 ], [ 135.296488034435782, 33.892534649172156 ], [ 135.296810393320186, 33.892173307437744 ], [ 135.297554652416665, 33.891857900683021 ], [ 135.299010923034189, 33.891978469429837 ], [ 135.299200390209307, 33.893282649986517 ], [ 135.299663707718651, 33.894103913161047 ], [ 135.300569181035058, 33.894836397826651 ], [ 135.301363261228005, 33.896217111871032 ], [ 135.302785811907512, 33.896765845670444 ], [ 135.305483893627553, 33.898334928153609 ], [ 135.306572574209554, 33.898587729043392 ], [ 135.310146705644286, 33.900382940921702 ], [ 135.310853669605649, 33.900464089759616 ], [ 135.310980919141343, 33.900617508563855 ], [ 135.310955391888399, 33.901172131173453 ], [ 135.31051376208876, 33.902304269375769 ], [ 135.314853580914644, 33.904754350219456 ], [ 135.315758111389215, 33.904890669818855 ], [ 135.316656311490476, 33.904518238778081 ], [ 135.318073344669045, 33.904618637982239 ], [ 135.319827042091418, 33.904327267206419 ], [ 135.320326856792491, 33.904399474719831 ], [ 135.321158608155599, 33.904921217192125 ], [ 135.322036865448155, 33.904541029527792 ] ] ] } },
{ "type": "Feature", "properties": { "CITY_NAME": "印南町", "S_NAME": "大字田ノ垣内", "JINKO": 20, "medical_area": "30_御坊医療圏", "町丁目名": "印南町大字田ノ垣内" }, "geometry": { "type": "Polygon", "coordinates": [ [ [ 135.31465051446267, 33.888907326031656 ], [ 135.317723725518505, 33.882636986460767 ], [ 135.31937378742208, 33.87987192580308 ], [ 135.323256735765227, 33.875090849975045 ], [ 135.323078638762667, 33.874699642725702 ], [ 135.321753714095536, 33.874025887500444 ], [ 135.321553582032635, 33.873725846573315 ], [ 135.321430378871469, 33.872864967497662 ], [ 135.321181980438212, 33.872491262823033 ], [ 135.320972662476663, 33.871564684102999 ], [ 135.321430978554304, 33.870272388005141 ], [ 135.319850203892003, 33.870688027301007 ], [ 135.316205091435762, 33.872419743846059 ], [ 135.313723119311931, 33.874533961399756 ], [ 135.312537839638821, 33.876641822281165 ], [ 135.311935858459293, 33.87808430886632 ], [ 135.312090833501713, 33.882474761758637 ], [ 135.31465051446267, 33.888907326031656 ] ] ] } },
{ "type": "Feature", "properties": { "CITY_NAME": "印南町", "S_NAME": "大字高串", "JINKO": 0, "medical_area": "30_御坊医療圏", "町丁目名": "印南町大字高串" }, "geometry": { "type": "Polygon", "coordinates": [ [ [ 135.317126461742987, 33.89357108130541 ], [ 135.319705214094284, 33.892717499851415 ], [ 135.322345542243056, 33.89152046210242 ], [ 135.32451617985592, 33.890124140286851 ], [ 135.32546596943908, 33.889179677163185 ], [ 135.328146612685202, 33.885313819456933 ], [ 135.332167877677307, 33.878193522998373 ], [ 135.331636534004531, 33.878310962330964 ], [ 135.330780214644392, 33.878158692496278 ], [ 135.329844203239333, 33.877570391237391 ], [ 135.329234295125275, 33.877437337181824 ], [ 135.327085669022864, 33.877376498488985 ], [ 135.324751162881938, 33.875840460929147 ], [ 135.323997162533715, 33.875697153814336 ], [ 135.323256735765227, 33.875090849975045 ], [ 135.31937378742208, 33.87987192580308 ], [ 135.317723725518505, 33.882636986460767 ], [ 135.31465051446267, 33.888907326031656 ], [ 135.317126461742987, 33.89357108130541 ] ] ] } },
{ "type": "Feature", "properties": { "CITY_NAME": "印南町", "S_NAME": "大字上洞", "JINKO": 104, "medical_area": "30_御坊医療圏", "町丁目名": "印南町大字上洞" }, "geometry": { "type": "Polygon", "coordinates": [ [ [ 135.328847688485524, 33.90672251805448 ], [ 135.336855399705769, 33.900333030214171 ], [ 135.343598649777988, 33.894331885962771 ], [ 135.350240595041413, 33.889191021990626 ], [ 135.35507880618789, 33.886046874894404 ], [ 135.353739481875465, 33.884588415811145 ], [ 135.352296422511984, 33.883761091643414 ], [ 135.351632063606701, 33.882228794519946 ], [ 135.351617756638802, 33.881780584858078 ], [ 135.351147269811378, 33.881155289971574 ], [ 135.350887817761162, 33.88033668993404 ], [ 135.350381315869981, 33.880181313677049 ], [ 135.349351199358694, 33.879405422027332 ], [ 135.348622643850376, 33.879344946572118 ], [ 135.348046279599032, 33.879066203897629 ], [ 135.347771228305163, 33.87874960335818 ], [ 135.346864769399019, 33.878796516079781 ], [ 135.346087606914722, 33.878526428275741 ], [ 135.344439983045476, 33.879002750605906 ], [ 135.342694131104651, 33.878811325475652 ], [ 135.341102702343477, 33.878884141308319 ], [ 135.340408987913463, 33.878515989206292 ], [ 135.340110797548647, 33.878526654577669 ], [ 135.3393469146379, 33.878832790056805 ], [ 135.338542276852053, 33.879451452688393 ], [ 135.33524808170236, 33.879869519672617 ], [ 135.334198271450276, 33.878987328361404 ], [ 135.332975005115401, 33.878394965993415 ], [ 135.332167877677307, 33.878193522998373 ], [ 135.328146612685202, 33.885313819456933 ], [ 135.32546596943908, 33.889179677163185 ], [ 135.32451617985592, 33.890124140286851 ], [ 135.322345542243056, 33.891520462102456 ], [ 135.319705214094284, 33.8927174998514 ], [ 135.317126461742987, 33.89357108130541 ], [ 135.320894493119511, 33.901592524940803 ], [ 135.322036865448155, 33.904541029527792 ], [ 135.325320768296478, 33.9041042643887 ], [ 135.327032825161865, 33.906160829175263 ], [ 135.328183277821694, 33.90634417435281 ], [ 135.328847688485524, 33.90672251805448 ] ] ] } },
{ "type": "Feature", "properties": { "CITY_NAME": "印南町", "S_NAME": "大字川又", "JINKO": 0, "medical_area": "30_御坊医療圏", "町丁目名": "印南町大字川又" }, "geometry": { "type": "Polygon", "coordinates": [ [ [ 135.37989432712348, 33.919140144128605 ], [ 135.380607542258787, 33.917872593030594 ], [ 135.381416116210943, 33.917501496084817 ], [ 135.38233613543332, 33.916794677563992 ], [ 135.383239781331298, 33.916617609128146 ], [ 135.384845427507059, 33.916729736378656 ], [ 135.387557060205381, 33.917278662805238 ], [ 135.390846305903949, 33.916894522699543 ], [ 135.392707700163356, 33.916782656904637 ], [ 135.393197506047699, 33.916893958150126 ], [ 135.395891266414253, 33.915230970499714 ], [ 135.395983183182921, 33.91490754056683 ], [ 135.395626776693632, 33.913832450962602 ], [ 135.395447947658369, 33.911458343221014 ], [ 135.395101978924515, 33.910446686668109 ], [ 135.395192206700983, 33.908823346968283 ], [ 135.394806032599291, 33.908123963535779 ], [ 135.395530195370497, 33.90749565636564 ], [ 135.396403092039264, 33.907339172374847 ], [ 135.397145122404481, 33.906876194777041 ], [ 135.397885192871115, 33.906685106226938 ], [ 135.398044572444746, 33.906418774473714 ], [ 135.397762237651563, 33.906016454950276 ], [ 135.397546227179618, 33.905059814090556 ], [ 135.396697996029957, 33.904025285221131 ], [ 135.396096541642436, 33.903818498409457 ], [ 135.395156174640505, 33.903143602163226 ], [ 135.394924928570646, 33.902429063295955 ], [ 135.391984003279219, 33.902007092390349 ], [ 135.392319881998674, 33.901361124152302 ], [ 135.392652372263541, 33.899825350968946 ], [ 135.393339071588883, 33.898003354712138 ], [ 135.393121872444596, 33.895895735055461 ], [ 135.39329844139985, 33.895484671101045 ], [ 135.394494809258134, 33.895052250265245 ], [ 135.39567310661576, 33.89506180646854 ], [ 135.3964225751767, 33.894727066956705 ], [ 135.397618426729167, 33.89500253699314 ], [ 135.398126984141783, 33.894866391363685 ], [ 135.399715398892624, 33.894887931003623 ], [ 135.401603259291932, 33.894483753351814 ], [ 135.40285603999547, 33.892172347944069 ], [ 135.402936383640281, 33.890735621601749 ], [ 135.402220093444981, 33.890183992339665 ], [ 135.402000286982371, 33.889285241480295 ], [ 135.400900949930303, 33.888272337880082 ], [ 135.400932155134626, 33.887879152670543 ], [ 135.40078136287579, 33.88775641815414 ], [ 135.400164409852721, 33.887813436831543 ], [ 135.399388978817939, 33.888345854477585 ], [ 135.398618341978391, 33.88711813695199 ], [ 135.397467614796227, 33.886692843057936 ], [ 135.396806978134777, 33.885964115118981 ], [ 135.395436370011453, 33.885613553577109 ], [ 135.393323594698529, 33.884300402916857 ], [ 135.390985327842884, 33.884929339194109 ], [ 135.389550022162751, 33.884644603622952 ], [ 135.387500318192679, 33.884584044469769 ], [ 135.38659721460067, 33.886043269072893 ], [ 135.38622582317106, 33.886142436462549 ], [ 135.384987953551871, 33.885896099078842 ], [ 135.38356253930786, 33.886417721549812 ], [ 135.382360880699423, 33.88593318260628 ], [ 135.381459724176011, 33.885373918930092 ], [ 135.380009181765928, 33.885038147054026 ], [ 135.378848672689287, 33.884995284273273 ], [ 135.377279449003424, 33.885265778004175 ], [ 135.374258775981644, 33.885280143743763 ], [ 135.375089104604513, 33.888866594936289 ], [ 135.37575147465833, 33.893872028667211 ], [ 135.376931824951271, 33.900837355556661 ], [ 135.376977391732936, 33.906056958281546 ], [ 135.377376241379352, 33.914362563502117 ], [ 135.377325911358099, 33.915685568426028 ], [ 135.376943757890558, 33.916903352508648 ], [ 135.379462698751126, 33.919030763813495 ], [ 135.37989432712348, 33.919140144128605 ] ] ] } },
{ "type": "Feature", "properties": { "CITY_NAME": "印南町", "S_NAME": "大字川又", "JINKO": 118, "medical_area": "30_御坊医療圏", "町丁目名": "印南町大字川又" }, "geometry": { "type": "Polygon", "coordinates": [ [ [ 135.377325911358099, 33.915685568426028 ], [ 135.376931824951271, 33.900837355556661 ], [ 135.37575147465833, 33.893872028667211 ], [ 135.375089104604513, 33.888866594936289 ], [ 135.374258775981644, 33.885280143743756 ], [ 135.372646430927659, 33.885953970022889 ], [ 135.372114987500652, 33.885900985901756 ], [ 135.370693465894277, 33.886133686707275 ], [ 135.368699739216538, 33.88573853150141 ], [ 135.366553883937343, 33.886117104006409 ], [ 135.365620218999595, 33.886526786427446 ], [ 135.364306587698849, 33.886419610420141 ], [ 135.363671805660914, 33.886521445902261 ], [ 135.361839708927334, 33.886831958464377 ], [ 135.361198161329014, 33.887342157381674 ], [ 135.360383217663383, 33.88739303705384 ], [ 135.35902272329497, 33.887888515256186 ], [ 135.357698122321949, 33.88804999155532 ], [ 135.356126790115695, 33.887949966505339 ], [ 135.355687403190728, 33.88721736334643 ], [ 135.355222320393665, 33.886808787114965 ], [ 135.35507880618789, 33.886046874894404 ], [ 135.350240595041413, 33.889191021990626 ], [ 135.343598649777988, 33.894331885962771 ], [ 135.336855399705769, 33.900333030214171 ], [ 135.328847688485524, 33.90672251805448 ], [ 135.329514786102493, 33.908688550695643 ], [ 135.330102882250202, 33.909648010000673 ], [ 135.332184163877031, 33.909885803740075 ], [ 135.332860635059291, 33.910110210360941 ], [ 135.334049653256358, 33.911659779292975 ], [ 135.334842879007198, 33.911788303601249 ], [ 135.335405459120153, 33.912324971690929 ], [ 135.336488621775345, 33.912453917316618 ], [ 135.337314738807805, 33.912365933901924 ], [ 135.3393116995924, 33.91292336758886 ], [ 135.341348193564585, 33.912787441635537 ], [ 135.342570268787568, 33.912288200335986 ], [ 135.344598537244252, 33.912683564145929 ], [ 135.345707305324055, 33.913074172175314 ], [ 135.347331316611815, 33.912637445580465 ], [ 135.348841707990317, 33.912883615992051 ], [ 135.350024110297227, 33.912794170587112 ], [ 135.351792670436993, 33.913210994468336 ], [ 135.354637749343681, 33.914542209913513 ], [ 135.35840910512843, 33.914435577903816 ], [ 135.363960105311037, 33.915096132895982 ], [ 135.364532312842471, 33.9152060075929 ], [ 135.365735803207627, 33.915829103410168 ], [ 135.368075232813737, 33.916499002091022 ], [ 135.368811140106317, 33.91654165020509 ], [ 135.369912015202573, 33.91627622850514 ], [ 135.370981639772936, 33.916377058757824 ], [ 135.373394242710617, 33.915540695695512 ], [ 135.374647430184666, 33.915523389651383 ], [ 135.376943757890558, 33.916903352508648 ], [ 135.377325911358099, 33.915685568426028 ] ] ] } },
{ "type": "Feature", "properties": { "CITY_NAME": "日高川町", "S_NAME": "大字中津川", "JINKO": 200, "medical_area": "30_御坊医療圏", "町丁目名": "日高川町大字中津川" }, "geometry": { "type": "Polygon", "coordinates": [ [ [ 135.192455960821491, 33.955735323204529 ], [ 135.194218308398433, 33.955943666319861 ], [ 135.195418229257683, 33.955585371215577 ], [ 135.19665566441688, 33.954993735660246 ], [ 135.197530598419775, 33.953685624176387 ], [ 135.200955274755728, 33.954168963156945 ], [ 135.202980052129192, 33.953877358680899 ], [ 135.20469237678131, 33.953835733225802 ], [ 135.206592235763509, 33.954252292235779 ], [ 135.207192187039823, 33.953869025635242 ], [ 135.207379692862872, 33.953144163031382 ], [ 135.207319454046029, 33.952099211283986 ], [ 135.208271228891277, 33.950765355607359 ], [ 135.20864246933516, 33.949782622785172 ], [ 135.209560918895022, 33.946062449447268 ], [ 135.210168787307282, 33.944581693052285 ], [ 135.210448024712491, 33.942709609257896 ], [ 135.21045304580457, 33.942109389088877 ], [ 135.210199486448602, 33.941469900859339 ], [ 135.20918497822089, 33.939788438839713 ], [ 135.212147782307881, 33.937011381599142 ], [ 135.212311422285438, 33.936612070387291 ], [ 135.212306320167301, 33.93633057420007 ], [ 135.209617530086064, 33.930010031005402 ], [ 135.207110859867839, 33.929078961316719 ], [ 135.206104431979242, 33.928802147073533 ], [ 135.204293340065959, 33.928643536637857 ], [ 135.202806687074855, 33.927989719304712 ], [ 135.202000121663673, 33.927894200464806 ], [ 135.200800542631981, 33.927936859454363 ], [ 135.199886445166584, 33.92832691705442 ], [ 135.199294337457246, 33.928312506462859 ], [ 135.19820149592249, 33.927964350835417 ], [ 135.195103397164843, 33.928835167797928 ], [ 135.194199239223138, 33.928792347260099 ], [ 135.194018745719688, 33.93087510274956 ], [ 135.194244201805873, 33.932346588703716 ], [ 135.194256028617275, 33.935210615914201 ], [ 135.194035120279551, 33.936270929608035 ], [ 135.192707040590506, 33.938708335119443 ], [ 135.19245102264523, 33.941222771506141 ], [ 135.18912222856278, 33.946320180004484 ], [ 135.187451713818547, 33.94677151110897 ], [ 135.186973365168996, 33.947232948729656 ], [ 135.186492064932338, 33.948369282405423 ], [ 135.186611920381665, 33.948902287408863 ], [ 135.187308693704665, 33.949899890915738 ], [ 135.188656645422043, 33.950869520138006 ], [ 135.188984765278661, 33.951555893524151 ], [ 135.18942767313473, 33.953528197221537 ], [ 135.190338393302852, 33.955308940179293 ], [ 135.190468189147879, 33.955929365465195 ], [ 135.192455960821491, 33.955735323204529 ] ] ] } },
{ "type": "Feature", "properties": { "CITY_NAME": "日高川町", "S_NAME": "大字千津川", "JINKO": 348, "medical_area": "30_御坊医療圏", "町丁目名": "日高川町大字千津川" }, "geometry": { "type": "Polygon", "coordinates": [ [ [ 135.185369061247599, 33.957484971809002 ], [ 135.185906453675159, 33.957035045303193 ], [ 135.186268930817022, 33.956943476151253 ], [ 135.187131357114708, 33.957460126048531 ], [ 135.188568793397621, 33.956385141127043 ], [ 135.190468189147879, 33.955929365465195 ], [ 135.190338393302852, 33.955308940179293 ], [ 135.18942767313473, 33.953528197221537 ], [ 135.188984765278661, 33.951555893524151 ], [ 135.188656645422043, 33.950869520138006 ], [ 135.187308693704665, 33.949899890915738 ], [ 135.186611920381665, 33.948902287408863 ], [ 135.186492064932338, 33.948369282405423 ], [ 135.186973365168996, 33.947232948729656 ], [ 135.187451713818547, 33.94677151110897 ], [ 135.18912222856278, 33.946320180004484 ], [ 135.19245102264523, 33.941222771506141 ], [ 135.192707040590506, 33.938708335119443 ], [ 135.194035120279551, 33.936270929608035 ], [ 135.194256028617275, 33.935210615914201 ], [ 135.194244201805873, 33.932346588703716 ], [ 135.194018745719688, 33.93087510274956 ], [ 135.194199239223138, 33.928792347260099 ], [ 135.193638431598572, 33.928530880166477 ], [ 135.192259715946534, 33.927262167788648 ], [ 135.191285554874383, 33.927762492468062 ], [ 135.190769028909614, 33.927806292304993 ], [ 135.190175785649473, 33.927768724943164 ], [ 135.189237638827848, 33.927292039328016 ], [ 135.188762290811951, 33.926806561650096 ], [ 135.188150143905887, 33.925412114487685 ], [ 135.188341975515726, 33.924419241227397 ], [ 135.185714534326735, 33.922730008436879 ], [ 135.185406293365901, 33.923051131163064 ], [ 135.183724221350815, 33.923350611768321 ], [ 135.182387434475459, 33.922962365914316 ], [ 135.181259497879381, 33.922099484010431 ], [ 135.179492252763481, 33.922108562898408 ], [ 135.178707576097878, 33.924788375041629 ], [ 135.177965644612868, 33.924416446455609 ], [ 135.175666936039988, 33.922451945863479 ], [ 135.175214782794683, 33.922437787283755 ], [ 135.174078830912862, 33.923256673398612 ], [ 135.17283864022528, 33.923177484518895 ], [ 135.172757059234101, 33.923558562449763 ], [ 135.172271502586881, 33.923634328177059 ], [ 135.171989744318381, 33.925214723537806 ], [ 135.171678745456035, 33.925989969825238 ], [ 135.171832275153378, 33.926304728358197 ], [ 135.171701018094922, 33.926955384737518 ], [ 135.171616926217354, 33.927271924884174 ], [ 135.171338303398272, 33.927389087235824 ], [ 135.171509164264251, 33.929041267724692 ], [ 135.172088149816858, 33.929531736141413 ], [ 135.172766982998468, 33.930499160685343 ], [ 135.173290669500631, 33.930889655378643 ], [ 135.174627757851255, 33.931676103863488 ], [ 135.175291322381582, 33.931661112478508 ], [ 135.176907443537715, 33.932291207454817 ], [ 135.176997602749054, 33.932485368967477 ], [ 135.176854601662455, 33.933218215855042 ], [ 135.177489813806261, 33.933869349061801 ], [ 135.177438471670513, 33.934349944173832 ], [ 135.177773877207841, 33.934754094047307 ], [ 135.177562620274728, 33.935440701929053 ], [ 135.17670702757087, 33.93670592808494 ], [ 135.176856260120189, 33.937189981610622 ], [ 135.176308118862153, 33.938766347777772 ], [ 135.176397244637371, 33.939208863178678 ], [ 135.175360906570319, 33.939833317775545 ], [ 135.175532247814118, 33.940680551048011 ], [ 135.174853562600845, 33.942442133512273 ], [ 135.174997500890015, 33.943045754907459 ], [ 135.175640620652615, 33.944232692526676 ], [ 135.175796318453678, 33.945538779983778 ], [ 135.17632281454317, 33.946104522376793 ], [ 135.176894443496423, 33.947321816155913 ], [ 135.176165323974345, 33.948393908464567 ], [ 135.176337758828623, 33.949007150628347 ], [ 135.176039947193885, 33.949425943810944 ], [ 135.175916641069193, 33.950383048831661 ], [ 135.175449599462155, 33.951339121249923 ], [ 135.174536979317651, 33.952354049896449 ], [ 135.173881616957203, 33.952764666412612 ], [ 135.174255474984363, 33.953323757555673 ], [ 135.174346636930096, 33.953966484360436 ], [ 135.174780816168209, 33.954589532469001 ], [ 135.176241376471864, 33.954993196813618 ], [ 135.177571626214529, 33.955905663867028 ], [ 135.178149009759665, 33.956073355588906 ], [ 135.178782183685058, 33.955976709288684 ], [ 135.180219530991337, 33.956435109952544 ], [ 135.181894354051991, 33.956501745076345 ], [ 135.182769280704917, 33.956935107395388 ], [ 135.183194200650462, 33.957368299539496 ], [ 135.184819064798518, 33.957659963594189 ], [ 135.185369061247599, 33.957484971809002 ] ] ] } },
{ "type": "Feature", "properties": { "CITY_NAME": "日高川町", "S_NAME": "大字鐘巻", "JINKO": 176, "medical_area": "30_御坊医療圏", "町丁目名": "日高川町大字鐘巻" }, "geometry": { "type": "Polygon", "coordinates": [ [ [ 135.178707576097878, 33.924788375041629 ], [ 135.179492252763481, 33.922108562898408 ], [ 135.179700792352946, 33.919079060965494 ], [ 135.179512467751977, 33.917992938093285 ], [ 135.178542371047143, 33.916388114458037 ], [ 135.177885028501322, 33.914735220366794 ], [ 135.177788404575267, 33.912327043787485 ], [ 135.176679311974141, 33.912459232800842 ], [ 135.176552668509942, 33.913110630700722 ], [ 135.176080097050914, 33.91320424801161 ], [ 135.1753786346749, 33.912799607835893 ], [ 135.174572546156298, 33.912917185699555 ], [ 135.174566557964795, 33.912775708277884 ], [ 135.174122302950138, 33.912692288295105 ], [ 135.174225379231018, 33.912244156281211 ], [ 135.173912406871693, 33.912161475640737 ], [ 135.173369580544801, 33.913513740051215 ], [ 135.173500732805792, 33.91367690763834 ], [ 135.173155293422269, 33.913718962061907 ], [ 135.173057231332677, 33.913952998734345 ], [ 135.173209422377028, 33.914072073655021 ], [ 135.172931032750512, 33.914651589226786 ], [ 135.172783544501698, 33.914657923221483 ], [ 135.172881574218479, 33.917799219955235 ], [ 135.172476934322901, 33.918782333856015 ], [ 135.172051774106023, 33.919203361836821 ], [ 135.172304636336918, 33.919668678994249 ], [ 135.172133276897881, 33.919862635469322 ], [ 135.172401085059704, 33.920084059617061 ], [ 135.17244264965143, 33.920767294192487 ], [ 135.17262432192328, 33.921019551909552 ], [ 135.172407202218892, 33.92162103070973 ], [ 135.17192706980515, 33.921713594258904 ], [ 135.172797237628799, 33.92186412422982 ], [ 135.17297362981688, 33.922882839713651 ], [ 135.173140461054658, 33.922939886985617 ], [ 135.17283864022528, 33.923177484518895 ], [ 135.174078830912862, 33.923256673398612 ], [ 135.175214782794683, 33.922437787283755 ], [ 135.175666936039988, 33.922451945863479 ], [ 135.178491576332362, 33.924738755253358 ], [ 135.178707576097878, 33.924788375041629 ] ] ] } },
{ "type": "Feature", "properties": { "CITY_NAME": "日高川町", "S_NAME": "大字土生", "JINKO": 511, "medical_area": "30_御坊医療圏", "町丁目名": "日高川町大字土生" }, "geometry": { "type": "Polygon", "coordinates": [ [ [ 135.19810734265829, 33.927993884682742 ], [ 135.19772414891321, 33.926288256168519 ], [ 135.197726298317946, 33.924876457262229 ], [ 135.198404604357734, 33.923594996015254 ], [ 135.199537053979981, 33.922419316145714 ], [ 135.199013480492766, 33.922344916004619 ], [ 135.198008876418527, 33.92253490001994 ], [ 135.197261523754293, 33.922221949767568 ], [ 135.196968897637646, 33.921756151265797 ], [ 135.196729681582752, 33.9208027211304 ], [ 135.196698908811953, 33.919749782870319 ], [ 135.195529026571108, 33.918870690281842 ], [ 135.194883690044975, 33.918673753038135 ], [ 135.193284454902738, 33.918353636695933 ], [ 135.192963350120891, 33.919535012724275 ], [ 135.192430212923199, 33.920011330804435 ], [ 135.191683651287264, 33.920182236413936 ], [ 135.190972414032473, 33.918829823388918 ], [ 135.19052685309137, 33.91694664856881 ], [ 135.190059954716361, 33.9159202683202 ], [ 135.188601225584449, 33.914937502120999 ], [ 135.188166277789747, 33.914332680391354 ], [ 135.187450774709816, 33.913949853205814 ], [ 135.187027970551469, 33.911922845327375 ], [ 135.186188424643802, 33.911082477038811 ], [ 135.184442943367259, 33.910844538666822 ], [ 135.1834049518271, 33.909572743804652 ], [ 135.182098168774218, 33.909240617109013 ], [ 135.180654151333187, 33.909285106001697 ], [ 135.180038183762946, 33.909013764451323 ], [ 135.18011899529526, 33.909370996535834 ], [ 135.179447466183433, 33.909600230603388 ], [ 135.179792560797154, 33.90989245057856 ], [ 135.180942536039083, 33.910048873951119 ], [ 135.180625659218578, 33.911002736816648 ], [ 135.180454170189165, 33.911010610659524 ], [ 135.180188728790512, 33.911470205949335 ], [ 135.178737735368856, 33.911048331231669 ], [ 135.178624850606241, 33.911596986979134 ], [ 135.178081573124672, 33.911823265252352 ], [ 135.177788404575267, 33.912327043787485 ], [ 135.177885028501322, 33.914735220366794 ], [ 135.178542371047143, 33.916388114458037 ], [ 135.179281600967101, 33.917538631350496 ], [ 135.179630048575433, 33.918419582847349 ], [ 135.179711063916329, 33.919700945257333 ], [ 135.179492252763481, 33.922108562898408 ], [ 135.181259497879381, 33.922099484010431 ], [ 135.182387434475459, 33.922962365914316 ], [ 135.183724221350815, 33.923350611768321 ], [ 135.185406293365901, 33.923051131163064 ], [ 135.185714534326735, 33.922730008436879 ], [ 135.188341975515726, 33.924419241227397 ], [ 135.188150143905887, 33.925412114487685 ], [ 135.188427851431499, 33.926200155494698 ], [ 135.188919437494633, 33.927013693229128 ], [ 135.190175785649473, 33.927768724943164 ], [ 135.191285554874383, 33.927762492468062 ], [ 135.192259715946534, 33.927262167788648 ], [ 135.193638431598572, 33.928530880166477 ], [ 135.194006947628907, 33.928771366997083 ], [ 135.194594626339693, 33.928862411295505 ], [ 135.19810734265829, 33.927993884682742 ] ] ] } },
{ "type": "Feature", "properties": { "CITY_NAME": "日高川町", "S_NAME": "大字小熊", "JINKO": 1483, "medical_area": "30_御坊医療圏", "町丁目名": "日高川町大字小熊" }, "geometry": { "type": "Polygon", "coordinates": [ [ [ 135.198008876418527, 33.92253490001994 ], [ 135.199537053979981, 33.922419316145714 ], [ 135.200890314239132, 33.92166217707225 ], [ 135.202348699154669, 33.92133606612024 ], [ 135.205535641914707, 33.919314978324351 ], [ 135.207624180642568, 33.916591802831867 ], [ 135.208289271799543, 33.914960811487731 ], [ 135.20821285933178, 33.914086620327033 ], [ 135.207766748329135, 33.913578720541217 ], [ 135.205901750218231, 33.91292602388954 ], [ 135.204523297238211, 33.912028641870577 ], [ 135.202998607325554, 33.908960412548922 ], [ 135.203498147291157, 33.907738600364524 ], [ 135.202714829624597, 33.905834125569463 ], [ 135.201946426979504, 33.905036591194516 ], [ 135.200406378778837, 33.90462849206898 ], [ 135.200164658807779, 33.903472597087223 ], [ 135.199496522274899, 33.902824881322239 ], [ 135.19903776037421, 33.902679474549188 ], [ 135.198295990949532, 33.902889904974472 ], [ 135.197798420077703, 33.902811719940772 ], [ 135.197403488473554, 33.902552332705312 ], [ 135.196368492427268, 33.902493739364246 ], [ 135.195668150618189, 33.90227559952487 ], [ 135.195247534787683, 33.901990396757768 ], [ 135.194083336785866, 33.900327219344348 ], [ 135.191093915012203, 33.903538155370853 ], [ 135.189927992783026, 33.904551267258057 ], [ 135.18943946883681, 33.905276372802199 ], [ 135.188079921806633, 33.905892615609737 ], [ 135.185108305637357, 33.906703294635903 ], [ 135.182742821882897, 33.906937378684276 ], [ 135.18269976520719, 33.908202003542605 ], [ 135.182229330313902, 33.90806617498616 ], [ 135.181194406316365, 33.908222847345336 ], [ 135.181321750753, 33.908466985117819 ], [ 135.180014271343026, 33.908908231161028 ], [ 135.180209481761807, 33.909140284445712 ], [ 135.180654151333187, 33.909285106001697 ], [ 135.181701186349358, 33.909197547361906 ], [ 135.1834049518271, 33.909572743804652 ], [ 135.184442943367259, 33.910844538666822 ], [ 135.185832753798451, 33.910958550448008 ], [ 135.186619310490926, 33.911399616340837 ], [ 135.187027970551469, 33.911922845327375 ], [ 135.187450774709816, 33.913949853205814 ], [ 135.188166277789747, 33.914332680391354 ], [ 135.188601225584449, 33.914937502120999 ], [ 135.190059954716361, 33.9159202683202 ], [ 135.19052685309137, 33.91694664856881 ], [ 135.190972414032473, 33.918829823388918 ], [ 135.191683651287264, 33.920182236413936 ], [ 135.192430212923199, 33.920011330804435 ], [ 135.192963350120891, 33.919535012724275 ], [ 135.193284454902738, 33.918353636695933 ], [ 135.195529026571108, 33.918870690281842 ], [ 135.196698908811953, 33.919749782870319 ], [ 135.196729681582752, 33.9208027211304 ], [ 135.196968897637646, 33.921756151265797 ], [ 135.197261523754293, 33.922221949767568 ], [ 135.198008876418527, 33.92253490001994 ] ] ] } },
{ "type": "Feature", "properties": { "CITY_NAME": "日高川町", "S_NAME": "大字入野", "JINKO": 157, "medical_area": "30_御坊医療圏", "町丁目名": "日高川町大字入野" }, "geometry": { "type": "Polygon", "coordinates": [ [ [ 135.21756235061693, 33.916295887844115 ], [ 135.218230654819791, 33.91430098852279 ], [ 135.218125617108996, 33.913367739241977 ], [ 135.217821570491992, 33.912913043284256 ], [ 135.216167202149961, 33.911696519698388 ], [ 135.215111582974345, 33.911080526038084 ], [ 135.213203623674076, 33.91046852699322 ], [ 135.212647451195011, 33.910122935734378 ], [ 135.212110103701917, 33.909052385106257 ], [ 135.21151714447879, 33.905705237597786 ], [ 135.21094089121641, 33.904533989234132 ], [ 135.205825188600869, 33.901717720390295 ], [ 135.205137412572981, 33.902430760333765 ], [ 135.204509131195636, 33.902784244002675 ], [ 135.202910854519956, 33.902836881967758 ], [ 135.202718928265654, 33.903010324474984 ], [ 135.202367793935906, 33.90399938507057 ], [ 135.20078066965678, 33.90478405176912 ], [ 135.201946426979504, 33.905036591194516 ], [ 135.202714829624597, 33.905834125569463 ], [ 135.203498147291157, 33.907738600364524 ], [ 135.202998607325554, 33.908960412548922 ], [ 135.204523297238211, 33.912028641870577 ], [ 135.205901750218231, 33.91292602388954 ], [ 135.207766748329135, 33.913578720541217 ], [ 135.20821285933178, 33.914086620327033 ], [ 135.208197642745148, 33.91536861707521 ], [ 135.207140390230933, 33.917325462908408 ], [ 135.208181306698208, 33.917421327005776 ], [ 135.208848857424016, 33.917208244007938 ], [ 135.209900250945822, 33.916277330131528 ], [ 135.210848485002941, 33.915877120790753 ], [ 135.211758247303578, 33.915212802322046 ], [ 135.214153198444961, 33.917178763590734 ], [ 135.2148748792265, 33.918092698989661 ], [ 135.214956465137192, 33.918584867828606 ], [ 135.215623941326157, 33.918647294364916 ], [ 135.216127392781658, 33.918445523693137 ], [ 135.21645242850505, 33.917686167079196 ], [ 135.21756235061693, 33.916295887844115 ] ] ] } },
{ "type": "Feature", "properties": { "CITY_NAME": "日高川町", "S_NAME": "大字若野", "JINKO": 112, "medical_area": "30_御坊医療圏", "町丁目名": "日高川町大字若野" }, "geometry": { "type": "Polygon", "coordinates": [ [ [ 135.202910854519956, 33.902836881967758 ], [ 135.204509131195636, 33.902784244002675 ], [ 135.205137412572981, 33.902430760333765 ], [ 135.205825188600869, 33.901717720390295 ], [ 135.204509007758332, 33.901047256510111 ], [ 135.203915672368026, 33.900320171029144 ], [ 135.203537111089815, 33.899014631707139 ], [ 135.203389620351402, 33.897586191956272 ], [ 135.202741957280438, 33.89458981602894 ], [ 135.202046861957598, 33.892866630508486 ], [ 135.201571762739235, 33.892512067501706 ], [ 135.200762484806376, 33.892344671145338 ], [ 135.199067090235587, 33.892497780946307 ], [ 135.199139916505516, 33.892676885160888 ], [ 135.197434536496644, 33.893536119948756 ], [ 135.195779977605326, 33.895486729841465 ], [ 135.195128455144925, 33.897113659629831 ], [ 135.194659349797888, 33.899380507070603 ], [ 135.194083336785866, 33.900327219344348 ], [ 135.195247534787683, 33.901990396757768 ], [ 135.195668150618189, 33.90227559952487 ], [ 135.196368492427268, 33.902493739364246 ], [ 135.197403488473554, 33.902552332705312 ], [ 135.197798420077703, 33.902811719940772 ], [ 135.198295990949532, 33.902889904974472 ], [ 135.19903776037421, 33.902679474549188 ], [ 135.199496522274899, 33.902824881322239 ], [ 135.200164658807779, 33.903472597087223 ], [ 135.200306320632961, 33.904478797791349 ], [ 135.200622116647509, 33.904765414162355 ], [ 135.202367793935906, 33.90399938507057 ], [ 135.202718928265654, 33.903010324474984 ], [ 135.202910854519956, 33.902836881967758 ] ] ] } },
{ "type": "Feature", "properties": { "CITY_NAME": "日高川町", "S_NAME": "大字玄子", "JINKO": 143, "medical_area": "30_御坊医療圏", "町丁目名": "日高川町大字玄子" }, "geometry": { "type": "Polygon", "coordinates": [ [ [ 135.211008165096331, 33.928061372129392 ], [ 135.211090090399068, 33.927046068438152 ], [ 135.210828618837439, 33.925453105337581 ], [ 135.211246915918878, 33.923895623362618 ], [ 135.210222879206441, 33.923443773693648 ], [ 135.210154140090594, 33.922338896659618 ], [ 135.210350369480949, 33.922086865652787 ], [ 135.2113616141732, 33.921649587740944 ], [ 135.211505131620072, 33.921496955184395 ], [ 135.211501381969782, 33.920939922230822 ], [ 135.21240192496353, 33.920971878261106 ], [ 135.212536023860281, 33.919719250002018 ], [ 135.213033711642311, 33.91885816605015 ], [ 135.214274460071323, 33.918540657579527 ], [ 135.214956465137192, 33.918584867828606 ], [ 135.2148748792265, 33.918092698989661 ], [ 135.214153198444961, 33.917178763590734 ], [ 135.211758247303578, 33.915212802322046 ], [ 135.210848485002941, 33.915877120790753 ], [ 135.209900250945822, 33.916277330131528 ], [ 135.208848857424016, 33.917208244007938 ], [ 135.208181306698208, 33.917421327005776 ], [ 135.207140390230933, 33.917325462908408 ], [ 135.206235040232087, 33.918264901026141 ], [ 135.205535641914707, 33.919314978324351 ], [ 135.202871171872204, 33.921056011609387 ], [ 135.202348699154669, 33.92133606612024 ], [ 135.200890314239132, 33.92166217707225 ], [ 135.19982782755531, 33.92217087517416 ], [ 135.198404604357734, 33.923594996015254 ], [ 135.197726298317946, 33.924876457262229 ], [ 135.19772414891321, 33.926288256168519 ], [ 135.197993270962854, 33.927687029502785 ], [ 135.19810734265829, 33.927993884682742 ], [ 135.198951045030356, 33.928238007883579 ], [ 135.199886445166584, 33.92832691705442 ], [ 135.200800542631981, 33.927936859454363 ], [ 135.201439749505994, 33.927874792969398 ], [ 135.202806687074855, 33.927989719304712 ], [ 135.204293340065959, 33.928643536637857 ], [ 135.206104431979242, 33.928802147073533 ], [ 135.209617530086064, 33.930010031005402 ], [ 135.211008165096331, 33.928061372129392 ] ] ] } },
{ "type": "Feature", "properties": { "CITY_NAME": "日高川町", "S_NAME": "大字早藤", "JINKO": 114, "medical_area": "30_御坊医療圏", "町丁目名": "日高川町大字早藤" }, "geometry": { "type": "Polygon", "coordinates": [ [ [ 135.218475094245406, 33.928832441750536 ], [ 135.218872188152972, 33.928744940306885 ], [ 135.21952637669591, 33.929032094993687 ], [ 135.220803098394271, 33.929920480215891 ], [ 135.222027367228662, 33.93044633710646 ], [ 135.223541992965266, 33.930730862769458 ], [ 135.224969362807911, 33.930639256511483 ], [ 135.226710881125371, 33.930334631822156 ], [ 135.227815973755185, 33.929753412135177 ], [ 135.229868088950212, 33.929655233039512 ], [ 135.231729236982602, 33.929216751177819 ], [ 135.235756590853413, 33.927007647726199 ], [ 135.234519088175858, 33.925866232825442 ], [ 135.233274927087535, 33.925304311461375 ], [ 135.232400742079506, 33.925096160050145 ], [ 135.231265187939869, 33.925089092039777 ], [ 135.228484257194339, 33.925842174117456 ], [ 135.226860440497376, 33.926007679805423 ], [ 135.218343017751295, 33.924857597090977 ], [ 135.213286395851839, 33.924569903182835 ], [ 135.212882337111068, 33.924405181291384 ], [ 135.212542123452408, 33.923912915476031 ], [ 135.21240192496353, 33.920971878261106 ], [ 135.211501381969782, 33.920939922230822 ], [ 135.211505131620072, 33.921496955184395 ], [ 135.2113616141732, 33.921649587740944 ], [ 135.210350369480949, 33.922086865652787 ], [ 135.210154140090594, 33.922338896659618 ], [ 135.210222879206441, 33.923443773693648 ], [ 135.211246915918878, 33.923895623362618 ], [ 135.210828618837439, 33.925453105337581 ], [ 135.211118426504783, 33.927648900615438 ], [ 135.211008165096331, 33.928061372129392 ], [ 135.209617530086064, 33.930010031005402 ], [ 135.212113635860362, 33.935890807741167 ], [ 135.213246493767571, 33.933831863277597 ], [ 135.213753181188366, 33.933343167882946 ], [ 135.21512944719845, 33.932912834583192 ], [ 135.218403812796339, 33.932784585745459 ], [ 135.217883281495176, 33.931645714172433 ], [ 135.217682991497071, 33.930481965218618 ], [ 135.2180501345143, 33.929436485657504 ], [ 135.218475094245406, 33.928832441750536 ] ] ] } },
{ "type": "Feature", "properties": { "CITY_NAME": "日高川町", "S_NAME": "大字蛇尾", "JINKO": 132, "medical_area": "30_御坊医療圏", "町丁目名": "日高川町大字蛇尾" }, "geometry": { "type": "Polygon", "coordinates": [ [ [ 135.22425653685022, 33.94794619473516 ], [ 135.223621759312039, 33.947540431096478 ], [ 135.222753232368262, 33.945574574330635 ], [ 135.221699811710437, 33.944375314978501 ], [ 135.221548375263723, 33.9439644272653 ], [ 135.222296242388069, 33.941578146195383 ], [ 135.222902385955678, 33.940344277103364 ], [ 135.223553885376049, 33.93942849437844 ], [ 135.225301407954078, 33.938217710011749 ], [ 135.225745615753596, 33.935032297880461 ], [ 135.22562834379184, 33.93342139403503 ], [ 135.225766769627882, 33.932382062954424 ], [ 135.22541367420888, 33.930582457673324 ], [ 135.223541992965266, 33.930730862769458 ], [ 135.222027367228662, 33.93044633710646 ], [ 135.220803098394271, 33.929920480215898 ], [ 135.21952637669591, 33.929032094993687 ], [ 135.21864812110212, 33.928724080931296 ], [ 135.2180501345143, 33.929436485657504 ], [ 135.217682991497071, 33.93048196521864 ], [ 135.217883281495176, 33.931645714172404 ], [ 135.218403812796339, 33.932784585745445 ], [ 135.21512944719845, 33.932912834583192 ], [ 135.213753181188366, 33.933343167882946 ], [ 135.213246493767571, 33.933831863277597 ], [ 135.212113635860362, 33.935890807741181 ], [ 135.212306320167244, 33.93633057420007 ], [ 135.212147782307852, 33.937011381599142 ], [ 135.209267972092277, 33.939586256992619 ], [ 135.209184978220861, 33.939788438839713 ], [ 135.210352127018808, 33.941835452885165 ], [ 135.210448024712491, 33.942709609257882 ], [ 135.210168787307282, 33.944581693052285 ], [ 135.209560918895022, 33.946062449447275 ], [ 135.208642469335189, 33.949782622785179 ], [ 135.208271228891277, 33.950765355607359 ], [ 135.207319454046029, 33.952099211283986 ], [ 135.207379692862872, 33.953144163031382 ], [ 135.209067054293456, 33.952352596870227 ], [ 135.210016896528515, 33.952427572445593 ], [ 135.210666890257585, 33.952269308170088 ], [ 135.212316705080752, 33.952569203725709 ], [ 135.213679085072414, 33.952277696345945 ], [ 135.214741461534828, 33.952727647140755 ], [ 135.215691362612148, 33.952344318912786 ], [ 135.21747874043399, 33.952669251068109 ], [ 135.218291180891669, 33.953010946567531 ], [ 135.219216052399759, 33.952627572398612 ], [ 135.220053511207396, 33.952561024779961 ], [ 135.221928352582893, 33.952927580837972 ], [ 135.222603274752743, 33.952544296488334 ], [ 135.223640622722741, 33.951077867015343 ], [ 135.223715671557272, 33.950686290410594 ], [ 135.223228225478437, 33.950128040989 ], [ 135.223403168954917, 33.948719850886121 ], [ 135.223640705036956, 33.948136583046292 ], [ 135.22425653685022, 33.94794619473516 ] ] ] } },
{ "type": "Feature", "properties": { "CITY_NAME": "日高川町", "S_NAME": "大字平川", "JINKO": 151, "medical_area": "30_御坊医療圏", "町丁目名": "日高川町大字平川" }, "geometry": { "type": "Polygon", "coordinates": [ [ [ 135.254130997744767, 33.963814900017503 ], [ 135.254354420504683, 33.963028059035381 ], [ 135.255075511117127, 33.962170132396871 ], [ 135.256414807030836, 33.957271293810301 ], [ 135.257019341406703, 33.95666777266252 ], [ 135.257971762160395, 33.955157984710105 ], [ 135.259066034114795, 33.9545131653867 ], [ 135.259750465771901, 33.953315614651252 ], [ 135.260184361342851, 33.953126345903613 ], [ 135.261298935787352, 33.951809220922833 ], [ 135.261329263655284, 33.951477782890763 ], [ 135.260798322343163, 33.950366342122337 ], [ 135.260905450535546, 33.949881669516643 ], [ 135.260624663728493, 33.947452432590119 ], [ 135.260806648139379, 33.946980463751729 ], [ 135.261268963248398, 33.946500591525307 ], [ 135.261201883534738, 33.94549716028596 ], [ 135.262750396141257, 33.944410259859353 ], [ 135.263419566313644, 33.943412626298574 ], [ 135.26335528292816, 33.94320262077062 ], [ 135.261815498488147, 33.942662476058125 ], [ 135.258495793864085, 33.942295198614588 ], [ 135.257919309707631, 33.942042667734441 ], [ 135.256570084766793, 33.942348276683312 ], [ 135.25539827473159, 33.942990925797865 ], [ 135.254131652362361, 33.943435906365352 ], [ 135.252217653788733, 33.943441651257118 ], [ 135.24971403664594, 33.943972200485298 ], [ 135.248151611784095, 33.94408426404366 ], [ 135.246472538876276, 33.943854396598013 ], [ 135.245210983906475, 33.943377008027376 ], [ 135.242702710326284, 33.942860825386958 ], [ 135.241870979497378, 33.942540442593355 ], [ 135.240120374686001, 33.941282953040158 ], [ 135.239047956781832, 33.940202901532722 ], [ 135.239015409809213, 33.939727963937507 ], [ 135.239438635306158, 33.938641917447576 ], [ 135.239367253979822, 33.936952286216666 ], [ 135.239043165496241, 33.936190707467382 ], [ 135.237633501431446, 33.934718069386705 ], [ 135.236865328936432, 33.933466747301829 ], [ 135.236713670315112, 33.931784077091734 ], [ 135.236830459210751, 33.930777421165686 ], [ 135.236334549237625, 33.929464666845234 ], [ 135.236210205661848, 33.928464127495225 ], [ 135.235756590853413, 33.927007647726199 ], [ 135.231729236982602, 33.929216751177819 ], [ 135.229868088950212, 33.929655233039512 ], [ 135.227815973755185, 33.929753412135177 ], [ 135.226710881125371, 33.930334631822156 ], [ 135.22541367420888, 33.930582457673324 ], [ 135.225766769627882, 33.932382062954424 ], [ 135.22562834379184, 33.93342139403503 ], [ 135.225745615753596, 33.935032297880461 ], [ 135.225301407954134, 33.938217710011749 ], [ 135.223553885376049, 33.93942849437844 ], [ 135.222902385955678, 33.940344277103378 ], [ 135.222296242388069, 33.941578146195383 ], [ 135.221548375263723, 33.943964427265286 ], [ 135.22169981171038, 33.944375314978501 ], [ 135.222753232368291, 33.945574574330657 ], [ 135.223621759312039, 33.947540431096478 ], [ 135.22425653685022, 33.94794619473516 ], [ 135.225603010515869, 33.947645016609314 ], [ 135.227065354753023, 33.946986732665586 ], [ 135.228227777739534, 33.947553277534709 ], [ 135.229202669844511, 33.947536693081879 ], [ 135.231189963309674, 33.948061593761679 ], [ 135.233114835210415, 33.947611653005438 ], [ 135.233252367133844, 33.947770004213957 ], [ 135.233027343201485, 33.948586658264105 ], [ 135.233114781868977, 33.949894790752481 ], [ 135.232727387248133, 33.950569701073938 ], [ 135.232839825321406, 33.951227998333792 ], [ 135.233677246217781, 33.952477823769065 ], [ 135.234489688393438, 33.952836181926131 ], [ 135.235889516523912, 33.954244312056701 ], [ 135.235952061237498, 33.954586038423976 ], [ 135.235427052966912, 33.955327588847268 ], [ 135.235264530688823, 33.956869018474777 ], [ 135.235589494690856, 33.95738564844693 ], [ 135.235614529514748, 33.958018893672985 ], [ 135.235889469241641, 33.958543945982129 ], [ 135.236639469578307, 33.958860484691208 ], [ 135.23735188846976, 33.959743805453016 ], [ 135.238539279801756, 33.960268710372013 ], [ 135.23913918868729, 33.960060394250334 ], [ 135.240714099997405, 33.960002052460418 ], [ 135.24217647153742, 33.96063539344307 ], [ 135.244051386121953, 33.960252022413741 ], [ 135.246188666272076, 33.961485338581468 ], [ 135.247388574001548, 33.961768635400922 ], [ 135.248475998374602, 33.962385272910367 ], [ 135.249563391175599, 33.963576810479736 ], [ 135.252975586673585, 33.963551923191829 ], [ 135.254130997744767, 33.963814900017503 ] ] ] } },
{ "type": "Feature", "properties": { "CITY_NAME": "日高川町", "S_NAME": "大字三百瀬", "JINKO": 280, "medical_area": "30_御坊医療圏", "町丁目名": "日高川町大字三百瀬" }, "geometry": { "type": "Polygon", "coordinates": [ [ [ 135.251662385152542, 33.943509285883614 ], [ 135.254521234336323, 33.943352750192112 ], [ 135.256570084766793, 33.942348276683312 ], [ 135.257919309707631, 33.942042667734441 ], [ 135.258573228195644, 33.941492677592258 ], [ 135.258346674881125, 33.940708898332545 ], [ 135.258637228762183, 33.939986828591174 ], [ 135.259329546609848, 33.93952863188462 ], [ 135.259794052545971, 33.939789499481762 ], [ 135.260541813914699, 33.939496586086499 ], [ 135.261021164533958, 33.938713650668745 ], [ 135.262570760126209, 33.937871026556763 ], [ 135.257924445123535, 33.935267341359136 ], [ 135.257178828138393, 33.934712467625779 ], [ 135.257300986102365, 33.933966572643072 ], [ 135.258766602738717, 33.931844942749841 ], [ 135.258963250461932, 33.931326580311534 ], [ 135.258794753399258, 33.930876887362537 ], [ 135.257107911792048, 33.929052730296021 ], [ 135.255336787405128, 33.929875760231418 ], [ 135.25401109899542, 33.930052027518371 ], [ 135.252740739440867, 33.929755421355637 ], [ 135.249531219346323, 33.928399931210201 ], [ 135.247050546764569, 33.927772469361734 ], [ 135.246034056111398, 33.927806702153894 ], [ 135.245312505056575, 33.927385595738436 ], [ 135.244367426426606, 33.9271314614003 ], [ 135.239867663223549, 33.926583196011336 ], [ 135.235756590853413, 33.927007647726199 ], [ 135.236210205661848, 33.928464127495225 ], [ 135.236334549237625, 33.929464666845234 ], [ 135.236830459210751, 33.930777421165686 ], [ 135.236713670315112, 33.931784077091734 ], [ 135.236865328936432, 33.933466747301829 ], [ 135.237633501431446, 33.934718069386705 ], [ 135.239043165496241, 33.936190707467382 ], [ 135.239367253979822, 33.936952286216666 ], [ 135.239438635306158, 33.938641917447576 ], [ 135.239006535307709, 33.939899490669248 ], [ 135.23928725549041, 33.940511758761104 ], [ 135.240718476550427, 33.941748977346705 ], [ 135.242103475302258, 33.942664571928226 ], [ 135.245210983906475, 33.943377008027376 ], [ 135.246745708988527, 33.943919177301403 ], [ 135.248151611784095, 33.94408426404366 ], [ 135.249418338144437, 33.94401759433736 ], [ 135.251662385152542, 33.943509285883614 ] ] ] } },
{ "type": "Feature", "properties": { "CITY_NAME": "日高川町", "S_NAME": "大字伊藤川", "JINKO": 38, "medical_area": "30_御坊医療圏", "町丁目名": "日高川町大字伊藤川" }, "geometry": { "type": "Polygon", "coordinates": [ [ [ 135.257107911792048, 33.929052730296021 ], [ 135.259383522068248, 33.927393369000789 ], [ 135.260093407540751, 33.926249072757258 ], [ 135.260377785255855, 33.924649599190118 ], [ 135.26130128328208, 33.924205875744704 ], [ 135.262154668214635, 33.92323894301191 ], [ 135.262539022980235, 33.922092690835356 ], [ 135.262548944930046, 33.921627161284746 ], [ 135.262399191114753, 33.920796378083892 ], [ 135.261979028558244, 33.920008777189608 ], [ 135.260194217057546, 33.919291061669504 ], [ 135.257886393081947, 33.917922327147991 ], [ 135.255516588587653, 33.917746794673 ], [ 135.252866152979948, 33.916702595364107 ], [ 135.249458949445199, 33.916777631306182 ], [ 135.24789426288163, 33.917165530422174 ], [ 135.246644031903656, 33.916987320135682 ], [ 135.244826247917501, 33.915866136934291 ], [ 135.24338405499347, 33.914332919544599 ], [ 135.24338681916214, 33.915111961257125 ], [ 135.242619100000439, 33.916681641801929 ], [ 135.24261148823291, 33.918597180166252 ], [ 135.242236749072134, 33.919298680001567 ], [ 135.240870084289639, 33.920571526650136 ], [ 135.240036759410941, 33.921874693675903 ], [ 135.239209849987532, 33.922252497375489 ], [ 135.23886285065646, 33.923068694541954 ], [ 135.23686758320261, 33.924237188424378 ], [ 135.235935877909327, 33.924593897260586 ], [ 135.235784478922994, 33.924876117271083 ], [ 135.235756590853413, 33.927007647726199 ], [ 135.239867663223549, 33.926583196011336 ], [ 135.244367426426606, 33.9271314614003 ], [ 135.245312505056546, 33.927385595738436 ], [ 135.246034056111398, 33.927806702153909 ], [ 135.247050546764598, 33.927772469361734 ], [ 135.249531219346323, 33.928399931210201 ], [ 135.252740739440867, 33.929755421355615 ], [ 135.25401109899542, 33.930052027518371 ], [ 135.255336787405128, 33.929875760231418 ], [ 135.257107911792048, 33.929052730296021 ] ] ] } },
{ "type": "Feature", "properties": { "CITY_NAME": "日高川町", "S_NAME": "大字藤野川", "JINKO": 17, "medical_area": "30_御坊医療圏", "町丁目名": "日高川町大字藤野川" }, "geometry": { "type": "Polygon", "coordinates": [ [ [ 135.277190965451894, 33.937041579451986 ], [ 135.276973404230972, 33.936064895396363 ], [ 135.278062255315916, 33.932509710586579 ], [ 135.277924472546403, 33.932113613565939 ], [ 135.277324355128798, 33.931418973959794 ], [ 135.277702312607801, 33.930550307224166 ], [ 135.277602167922339, 33.929870146984236 ], [ 135.277378502363234, 33.929648370010177 ], [ 135.276556065809046, 33.929516061720285 ], [ 135.276191377602231, 33.929283454804725 ], [ 135.275410899616986, 33.928127095496933 ], [ 135.275583461683908, 33.926966607085511 ], [ 135.276292600174656, 33.925894069936881 ], [ 135.276395998191333, 33.924786987647217 ], [ 135.276251643184963, 33.924470866787722 ], [ 135.275510621819194, 33.923989383190325 ], [ 135.274055262719827, 33.923819113995997 ], [ 135.273263715203711, 33.923518765378269 ], [ 135.272819687711802, 33.922702608830477 ], [ 135.272396620745354, 33.922414143815786 ], [ 135.271876141020812, 33.922293448222412 ], [ 135.271284150612587, 33.9225039450004 ], [ 135.27042180078908, 33.922462933617659 ], [ 135.269409496499179, 33.922765747081741 ], [ 135.268916883280042, 33.922122422369696 ], [ 135.267822808898757, 33.921898716858813 ], [ 135.266937229369404, 33.921364062390531 ], [ 135.265265578337448, 33.921040547293032 ], [ 135.264060225383162, 33.920298152301761 ], [ 135.261979028558244, 33.920008777189608 ], [ 135.262399191114753, 33.920796378083892 ], [ 135.262548944930046, 33.921627161284746 ], [ 135.262539022980235, 33.922092690835356 ], [ 135.262154668214635, 33.92323894301191 ], [ 135.26130128328208, 33.924205875744704 ], [ 135.260377785255855, 33.924649599190118 ], [ 135.260093407540751, 33.926249072757258 ], [ 135.259383522068248, 33.927393369000789 ], [ 135.257107911792048, 33.929052730296021 ], [ 135.258794753399258, 33.930876887362537 ], [ 135.258963250461932, 33.931326580311534 ], [ 135.258766602738717, 33.931844942749841 ], [ 135.257300986102337, 33.933966572643072 ], [ 135.25713802729004, 33.934447521104801 ], [ 135.257237159808909, 33.934778183592343 ], [ 135.264438585185104, 33.938927304309743 ], [ 135.26498393241701, 33.939026623212918 ], [ 135.26564142875867, 33.938948680408949 ], [ 135.267068543765873, 33.938331375916277 ], [ 135.26844552546811, 33.938297124312747 ], [ 135.26904811806267, 33.937769725199537 ], [ 135.270195156430674, 33.937336964442196 ], [ 135.27133964624656, 33.936497330833944 ], [ 135.272429875436131, 33.936510373014087 ], [ 135.273172247473894, 33.93678269384403 ], [ 135.27466955840714, 33.936424254082432 ], [ 135.2753870083761, 33.936486794378737 ], [ 135.277190965451894, 33.937041579451986 ] ] ] } },
{ "type": "Feature", "properties": { "CITY_NAME": "日高川町", "S_NAME": "大字山野", "JINKO": 318, "medical_area": "30_御坊医療圏", "町丁目名": "日高川町大字山野" }, "geometry": { "type": "Polygon", "coordinates": [ [ [ 135.249915967470287, 33.916766596167619 ], [ 135.252866152979948, 33.916702595364107 ], [ 135.252469258328972, 33.915776078096215 ], [ 135.253331630504192, 33.9134739389389 ], [ 135.253553875193177, 33.912166294830399 ], [ 135.25341945429355, 33.910923260230732 ], [ 135.252446673835266, 33.907667407747816 ], [ 135.25125619162651, 33.905224486149329 ], [ 135.249387047152652, 33.903039179639578 ], [ 135.249340077837189, 33.902141512753822 ], [ 135.249550128399591, 33.901276961607635 ], [ 135.249884324966672, 33.900927218651887 ], [ 135.250827109791658, 33.900591585317862 ], [ 135.253565365620972, 33.900440060659307 ], [ 135.254649972716436, 33.900239225530228 ], [ 135.255683173778806, 33.899750683403347 ], [ 135.256088096844479, 33.898819246173204 ], [ 135.255627494812671, 33.898524440490135 ], [ 135.255003780977972, 33.898726368741642 ], [ 135.254705822179432, 33.89854481693132 ], [ 135.252293036069204, 33.898606905565224 ], [ 135.251562934520081, 33.896797585172862 ], [ 135.252651475464432, 33.895868036407684 ], [ 135.254250311691777, 33.893098605806884 ], [ 135.25546212351361, 33.891817723875455 ], [ 135.255742979603696, 33.891271966396559 ], [ 135.260343475180946, 33.889895837713127 ], [ 135.26228418548331, 33.888732785412159 ], [ 135.26395924127516, 33.888037663933467 ], [ 135.261895879579157, 33.88692274114436 ], [ 135.258137140853535, 33.88521145994418 ], [ 135.257134014675501, 33.882658824802974 ], [ 135.257026233299342, 33.881627384951521 ], [ 135.255182673659391, 33.882142618126302 ], [ 135.2536104638925, 33.882296985983722 ], [ 135.250716103062445, 33.879745540793074 ], [ 135.250060565481419, 33.879641123529979 ], [ 135.249430426295248, 33.879684214361141 ], [ 135.248521109632833, 33.880109779079326 ], [ 135.244206903227592, 33.881031454238041 ], [ 135.24339992845691, 33.882019422735304 ], [ 135.242355991905896, 33.882573158660229 ], [ 135.241844481908998, 33.883438390935872 ], [ 135.241019776575968, 33.884000643383125 ], [ 135.242697405932233, 33.884365095844544 ], [ 135.243035845853058, 33.884582569728472 ], [ 135.242792713147139, 33.88552707181772 ], [ 135.242653400463723, 33.88875482952146 ], [ 135.242658197384344, 33.889435995745856 ], [ 135.243064857881194, 33.891151541953469 ], [ 135.242637308093634, 33.894958215370956 ], [ 135.242814535463054, 33.895807938880694 ], [ 135.240754771404369, 33.896307526627915 ], [ 135.239392733966412, 33.896888012276918 ], [ 135.238217605070162, 33.899266505842995 ], [ 135.237761714023236, 33.899542488002851 ], [ 135.237865814993654, 33.900251734758548 ], [ 135.238109844175227, 33.900709254674524 ], [ 135.238898098030177, 33.90146582624331 ], [ 135.241581692191943, 33.901630812391573 ], [ 135.243234117142805, 33.902764571673806 ], [ 135.244037898127317, 33.903760550807576 ], [ 135.244153567132287, 33.904822887563711 ], [ 135.244288813683909, 33.905139555045771 ], [ 135.24479856618143, 33.905588259768358 ], [ 135.245061576082463, 33.90620858917849 ], [ 135.243839372363112, 33.908796151420198 ], [ 135.244205837831203, 33.912202757152912 ], [ 135.24338405499347, 33.914332919544599 ], [ 135.244826247917501, 33.915866136934298 ], [ 135.246644031903656, 33.916987320135675 ], [ 135.24789426288163, 33.917165530422174 ], [ 135.249915967470287, 33.916766596167619 ] ] ] } },
{ "type": "Feature", "properties": { "CITY_NAME": "日高川町", "S_NAME": "大字山野", "JINKO": 62, "medical_area": "30_御坊医療圏", "町丁目名": "日高川町大字山野" }, "geometry": { "type": "Polygon", "coordinates": [ [ [ 135.266211730091158, 33.888891502805656 ], [ 135.267172585522161, 33.888704191161203 ], [ 135.268491671934243, 33.887623569929232 ], [ 135.26985722293557, 33.887697276734905 ], [ 135.271943507252786, 33.888246724199519 ], [ 135.273030360184748, 33.887906987906753 ], [ 135.274654790299707, 33.887935280234288 ], [ 135.275449664715296, 33.887752581065769 ], [ 135.275182288015884, 33.88605880141801 ], [ 135.275327166941054, 33.88536246355315 ], [ 135.274547208482801, 33.881843623539091 ], [ 135.273871422229718, 33.881451680919312 ], [ 135.273479490841595, 33.880529040561413 ], [ 135.272725588698194, 33.879858827643965 ], [ 135.272459637004346, 33.878441047073352 ], [ 135.271111312650334, 33.876932930845577 ], [ 135.269246128321015, 33.876409421778114 ], [ 135.268777041165635, 33.876108275204508 ], [ 135.268388892662131, 33.874959675887524 ], [ 135.267604748296208, 33.874321374184753 ], [ 135.267484400070686, 33.873876903128114 ], [ 135.266618285139941, 33.873435756364017 ], [ 135.265226205578358, 33.872131991804466 ], [ 135.26429524691315, 33.872068552544569 ], [ 135.262744614611961, 33.873011355389949 ], [ 135.262259275571068, 33.873142995988395 ], [ 135.258057662086628, 33.872784680646305 ], [ 135.255841390549165, 33.872997758944642 ], [ 135.255658334903046, 33.873150777207577 ], [ 135.25564753078234, 33.873675760962485 ], [ 135.25467367921604, 33.87364806174142 ], [ 135.252554967363722, 33.874048893846648 ], [ 135.251812531566657, 33.874036658203174 ], [ 135.249956728880306, 33.873360058078966 ], [ 135.249080258663298, 33.873688337601166 ], [ 135.248493779202619, 33.872926576562236 ], [ 135.24800042238877, 33.872707755090254 ], [ 135.247295734743034, 33.87263908872346 ], [ 135.245437817338853, 33.872988266797627 ], [ 135.243829700315189, 33.874465257323408 ], [ 135.242987570473161, 33.874783557505914 ], [ 135.241907120154593, 33.875713488255457 ], [ 135.238271359949806, 33.877263473680323 ], [ 135.236146474194072, 33.877979122957193 ], [ 135.236102964429875, 33.878919914538869 ], [ 135.236487279722297, 33.880782291168487 ], [ 135.237579527514924, 33.881844764474423 ], [ 135.237904419717268, 33.882738520852094 ], [ 135.239437609973038, 33.88263469620415 ], [ 135.240114621025953, 33.883032751674335 ], [ 135.241019776575968, 33.884000643383125 ], [ 135.241844481908998, 33.883438390935872 ], [ 135.242355991905896, 33.882573158660229 ], [ 135.24339992845691, 33.882019422735304 ], [ 135.244206903227592, 33.881031454238041 ], [ 135.248521109632861, 33.880109779079326 ], [ 135.249430426295248, 33.879684214361141 ], [ 135.250572512872708, 33.879689869893674 ], [ 135.253610463892443, 33.88229698598375 ], [ 135.255182673659391, 33.882142618126302 ], [ 135.257026233299342, 33.881627384951507 ], [ 135.257134014675529, 33.882658824802995 ], [ 135.257861420109663, 33.884709556157418 ], [ 135.258291894086483, 33.885335371976026 ], [ 135.261895879579157, 33.88692274114436 ], [ 135.263525627081094, 33.887878431054276 ], [ 135.266211730091158, 33.888891502805656 ] ] ] } },
{ "type": "Feature", "properties": { "CITY_NAME": "日高川町", "S_NAME": "大字山野", "JINKO": 43, "medical_area": "30_御坊医療圏", "町丁目名": "日高川町大字山野" }, "geometry": { "type": "Polygon", "coordinates": [ [ [ 135.284253200563313, 33.913563646019774 ], [ 135.284893105537549, 33.912995260234659 ], [ 135.284872713870755, 33.912087763538018 ], [ 135.283408060348933, 33.911677920526586 ], [ 135.282528433911096, 33.910856590414312 ], [ 135.281530970771854, 33.910398869000289 ], [ 135.281670120226806, 33.909175902929078 ], [ 135.282014812497465, 33.908871927715978 ], [ 135.284235463635866, 33.908378089052086 ], [ 135.285791647686892, 33.907752182519502 ], [ 135.287682014278175, 33.907624349775588 ], [ 135.288062538619101, 33.907458059335276 ], [ 135.289108808352808, 33.90651092764741 ], [ 135.289314310737296, 33.905857321453873 ], [ 135.289421750289279, 33.904197016850773 ], [ 135.290237695967704, 33.904362024294926 ], [ 135.29078246566516, 33.904180746917646 ], [ 135.291704054549911, 33.903486443505592 ], [ 135.29316409418476, 33.903671324198385 ], [ 135.2936394304499, 33.904036800025743 ], [ 135.296198607009785, 33.90340942909495 ], [ 135.299124628730652, 33.904080039572705 ], [ 135.300297808608178, 33.903771981338402 ], [ 135.301181893305312, 33.903833205529658 ], [ 135.301878423629518, 33.903606675110133 ], [ 135.30280638781511, 33.90359586570159 ], [ 135.303501019435032, 33.903311133352531 ], [ 135.304584359188624, 33.903265546993886 ], [ 135.305176550869646, 33.902959947160497 ], [ 135.306149634930279, 33.90347455164995 ], [ 135.306750683951975, 33.903374386568764 ], [ 135.307516337088515, 33.903498013300513 ], [ 135.308148775905664, 33.903166278133455 ], [ 135.308768486326073, 33.903102978668699 ], [ 135.310569573831543, 33.902270630504276 ], [ 135.310955391888399, 33.901172131173453 ], [ 135.310952115341053, 33.900533104591382 ], [ 135.310066926392352, 33.900350939059393 ], [ 135.306572574209554, 33.898587729043378 ], [ 135.30548389362761, 33.898334928153609 ], [ 135.302785811907512, 33.896765845670465 ], [ 135.301363261228033, 33.896217111871017 ], [ 135.30056918103503, 33.894836397826651 ], [ 135.299663707718651, 33.894103913161047 ], [ 135.299200390209307, 33.893282649986517 ], [ 135.299010923034189, 33.891978469429837 ], [ 135.297554652416665, 33.891857900683021 ], [ 135.296810393320158, 33.892173307437773 ], [ 135.296043486604106, 33.892747090770044 ], [ 135.294001935899672, 33.891639695408728 ], [ 135.293541360414537, 33.891597754676205 ], [ 135.292047569492041, 33.892074936502823 ], [ 135.290430705822388, 33.892080443188149 ], [ 135.288926018978202, 33.892324797746767 ], [ 135.288076642432372, 33.892115630224438 ], [ 135.285630353756886, 33.890809086428867 ], [ 135.283989762149588, 33.890168590036865 ], [ 135.283509365778684, 33.8897303514307 ], [ 135.282880391236262, 33.888636589221221 ], [ 135.281632337096624, 33.888058779374298 ], [ 135.280507038058857, 33.888154079506428 ], [ 135.27757818975843, 33.887846061252141 ], [ 135.27594348191073, 33.887944818336386 ], [ 135.275449664715296, 33.887752581065769 ], [ 135.274654790299707, 33.887935280234288 ], [ 135.273030360184748, 33.887906987906739 ], [ 135.271943507252814, 33.888246724199526 ], [ 135.26985722293557, 33.887697276734905 ], [ 135.268731911658591, 33.887600334970635 ], [ 135.268309963359258, 33.887696316423678 ], [ 135.267172585522161, 33.888704191161203 ], [ 135.266211730091158, 33.888891502805656 ], [ 135.26395924127516, 33.888037663933467 ], [ 135.26228418548331, 33.888732785412159 ], [ 135.260343475180946, 33.889895837713127 ], [ 135.255742979603696, 33.891271966396559 ], [ 135.25546212351361, 33.891817723875455 ], [ 135.254250311691777, 33.893098605806884 ], [ 135.252651475464432, 33.895868036407684 ], [ 135.251562934520081, 33.896797585172862 ], [ 135.252293036069204, 33.898606905565224 ], [ 135.254705822179432, 33.89854481693132 ], [ 135.255003780977972, 33.898726368741642 ], [ 135.255627494812671, 33.898524440490135 ], [ 135.256088096844479, 33.898819246173204 ], [ 135.257954808769483, 33.898968648590881 ], [ 135.259895687603006, 33.900207585238419 ], [ 135.262514686034137, 33.90259431775339 ], [ 135.26350048334271, 33.903269634727906 ], [ 135.264569135666193, 33.903742004342817 ], [ 135.265219032676981, 33.904669860933943 ], [ 135.266301128755742, 33.907519127695501 ], [ 135.267546574323404, 33.90966849912256 ], [ 135.267925256423467, 33.910776461925259 ], [ 135.268287186833305, 33.91111430529498 ], [ 135.269321788828449, 33.911473306440278 ], [ 135.271357747511843, 33.911471782825657 ], [ 135.272008104872981, 33.911603522810616 ], [ 135.27250871887864, 33.911827502546238 ], [ 135.274481485049364, 33.913484667787777 ], [ 135.275106956523814, 33.913122627435818 ], [ 135.275936379016429, 33.91288913067946 ], [ 135.277081321192242, 33.912849065478476 ], [ 135.27872685634776, 33.912234606446781 ], [ 135.279181736859414, 33.912363063615139 ], [ 135.279738668327468, 33.912814153937866 ], [ 135.281241407314781, 33.912853898755621 ], [ 135.282142102455879, 33.9130958062809 ], [ 135.282620857745684, 33.913441618612467 ], [ 135.284253200563313, 33.913563646019774 ] ] ] } },
{ "type": "Feature", "properties": { "CITY_NAME": "日高川町", "S_NAME": "大字山野", "JINKO": 42, "medical_area": "30_御坊医療圏", "町丁目名": "日高川町大字山野" }, "geometry": { "type": "Polygon", "coordinates": [ [ [ 135.261979028558244, 33.920008777189608 ], [ 135.263180433712847, 33.91946795273202 ], [ 135.264180802445821, 33.918673190100627 ], [ 135.266894900875627, 33.917748986766682 ], [ 135.26776614144714, 33.916813674819934 ], [ 135.26821967057208, 33.916568139519271 ], [ 135.26897367214363, 33.916557103675451 ], [ 135.269717152636673, 33.916134928814337 ], [ 135.270089591058991, 33.916114306105669 ], [ 135.272598476421763, 33.916814590824316 ], [ 135.273025771863757, 33.916701165897059 ], [ 135.274400330647694, 33.915125246698281 ], [ 135.274582359343782, 33.914501956774352 ], [ 135.274481485049364, 33.913484667787777 ], [ 135.272300302134141, 33.911717659615761 ], [ 135.271357747511843, 33.911471782825657 ], [ 135.269029065069901, 33.911421145316375 ], [ 135.268014504821025, 33.910891661394956 ], [ 135.267546574323404, 33.909668499122553 ], [ 135.266301128755742, 33.907519127695501 ], [ 135.264893895136794, 33.904045124233896 ], [ 135.262514686034137, 33.90259431775339 ], [ 135.259895687603006, 33.900207585238419 ], [ 135.257954808769483, 33.898968648590881 ], [ 135.256088096844479, 33.898819246173204 ], [ 135.255683173778806, 33.899750683403347 ], [ 135.254649972716436, 33.900239225530242 ], [ 135.253565365620972, 33.900440060659314 ], [ 135.250827109791658, 33.900591585317848 ], [ 135.249884324966672, 33.900927218651873 ], [ 135.249550128399591, 33.901276961607635 ], [ 135.24941150087426, 33.901760312175441 ], [ 135.249387047152652, 33.903039179639578 ], [ 135.25125619162651, 33.905224486149329 ], [ 135.252446673835266, 33.907667407747816 ], [ 135.25341945429355, 33.910923260230753 ], [ 135.253553875193177, 33.912166294830406 ], [ 135.253418925862832, 33.91306340099365 ], [ 135.252469258328972, 33.915776078096279 ], [ 135.252866152979948, 33.916702595364107 ], [ 135.255516588587653, 33.917746794673 ], [ 135.257886393081947, 33.917922327147991 ], [ 135.260194217057546, 33.919291061669504 ], [ 135.261979028558244, 33.920008777189608 ] ] ] } },
{ "type": "Feature", "properties": { "CITY_NAME": "日高川町", "S_NAME": "大字江川", "JINKO": 600, "medical_area": "30_御坊医療圏", "町丁目名": "日高川町大字江川" }, "geometry": { "type": "Polygon", "coordinates": [ [ [ 135.240754771404369, 33.896307526627915 ], [ 135.242814535463054, 33.895807938880694 ], [ 135.242637308093634, 33.894958215370956 ], [ 135.243064857881194, 33.891151541953469 ], [ 135.242658197384344, 33.889435995745856 ], [ 135.242653400463723, 33.88875482952146 ], [ 135.242792713147139, 33.88552707181772 ], [ 135.243035845853058, 33.884582569728472 ], [ 135.242697405932233, 33.884365095844544 ], [ 135.240898088802851, 33.883941854894665 ], [ 135.240114621025953, 33.883032751674335 ], [ 135.239437609973038, 33.88263469620415 ], [ 135.237937865695244, 33.882776340668599 ], [ 135.237579527514924, 33.881844764474415 ], [ 135.236487279722297, 33.880782291168487 ], [ 135.236102964429875, 33.878919914538869 ], [ 135.236146474194101, 33.877979122957207 ], [ 135.235667761159164, 33.877908543639037 ], [ 135.234894936863441, 33.877465494457198 ], [ 135.23215429459205, 33.877568793274371 ], [ 135.231493421634354, 33.878130867346613 ], [ 135.230326762499516, 33.877780282444618 ], [ 135.2295498116342, 33.87779093396594 ], [ 135.228305965686758, 33.877488591385905 ], [ 135.225320717016217, 33.877642331732353 ], [ 135.224148252193999, 33.877423654169078 ], [ 135.223437830638574, 33.877716298229252 ], [ 135.221111402050667, 33.877905065293774 ], [ 135.220395847827234, 33.878130597989433 ], [ 135.218643160909977, 33.878042168101118 ], [ 135.217813945550574, 33.878525897933812 ], [ 135.216848303120912, 33.87820744767393 ], [ 135.216010386961273, 33.878190714004461 ], [ 135.215361044893882, 33.88006954673255 ], [ 135.214814734584877, 33.880910345402114 ], [ 135.215686309569037, 33.882201251075443 ], [ 135.215662123282073, 33.882991134616873 ], [ 135.215365412638732, 33.883826055522846 ], [ 135.214876913432846, 33.884299109979509 ], [ 135.213927548568307, 33.884771056744093 ], [ 135.212788049828703, 33.885603835030309 ], [ 135.210572825367564, 33.886746972785744 ], [ 135.208946913566649, 33.888530458701794 ], [ 135.210145539827323, 33.890423628214577 ], [ 135.21015398676127, 33.890735862805705 ], [ 135.209999613632363, 33.890871241432819 ], [ 135.210294677318842, 33.891243494288148 ], [ 135.210892958919601, 33.891413558037229 ], [ 135.211644490478449, 33.891322287829276 ], [ 135.212211005223168, 33.891549055829842 ], [ 135.212379663910269, 33.891974028171028 ], [ 135.212236818700035, 33.892639317043518 ], [ 135.212926617813253, 33.892843060829001 ], [ 135.213349729358526, 33.892802089622563 ], [ 135.213983818322902, 33.892531567497457 ], [ 135.215035332185892, 33.891603133224514 ], [ 135.215555479501433, 33.891442323442455 ], [ 135.216125783109618, 33.89157907801674 ], [ 135.216259754495184, 33.89176264542435 ], [ 135.216179560403674, 33.891989086347905 ], [ 135.215653981735329, 33.892605737812815 ], [ 135.216976443633342, 33.894455669767865 ], [ 135.217873058112531, 33.896224133507282 ], [ 135.219090589312373, 33.897074564891192 ], [ 135.220182303065855, 33.896993427394335 ], [ 135.222653607540366, 33.896129968972552 ], [ 135.229532282928886, 33.897584240091483 ], [ 135.232931434498425, 33.897756427886513 ], [ 135.234072758905569, 33.898117394470518 ], [ 135.235975972103603, 33.899118692262213 ], [ 135.237147360288162, 33.89950404047233 ], [ 135.237761714023236, 33.899542488002851 ], [ 135.238217605070162, 33.899266505842995 ], [ 135.239392733966412, 33.896888012276918 ], [ 135.240754771404369, 33.896307526627915 ] ] ] } },
{ "type": "Feature", "properties": { "CITY_NAME": "日高川町", "S_NAME": "大字和佐", "JINKO": 1083, "medical_area": "30_御坊医療圏", "町丁目名": "日高川町大字和佐" }, "geometry": { "type": "Polygon", "coordinates": [ [ [ 135.239545462727733, 33.917727175176395 ], [ 135.240616027255669, 33.916495070692996 ], [ 135.241067167577057, 33.914663540134313 ], [ 135.24338405499347, 33.914332919544599 ], [ 135.244205837831203, 33.912202757152912 ], [ 135.243839372363112, 33.908796151420198 ], [ 135.245061576082463, 33.90620858917849 ], [ 135.24479856618143, 33.905588259768358 ], [ 135.244288813683909, 33.905139555045771 ], [ 135.244153567132287, 33.904822887563711 ], [ 135.244037898127317, 33.903760550807576 ], [ 135.243234117142805, 33.902764571673806 ], [ 135.241581692191943, 33.901630812391573 ], [ 135.238898098030177, 33.90146582624331 ], [ 135.238109844175227, 33.900709254674524 ], [ 135.237865814993654, 33.900251734758548 ], [ 135.237761714023236, 33.899542488002851 ], [ 135.237147360288162, 33.89950404047233 ], [ 135.235975972103603, 33.899118692262213 ], [ 135.233326789579422, 33.897846226885235 ], [ 135.229532282928886, 33.897584240091483 ], [ 135.222653607540366, 33.896129968972552 ], [ 135.220182303065855, 33.896993427394335 ], [ 135.219090589312373, 33.897074564891192 ], [ 135.217873058112531, 33.896224133507282 ], [ 135.216976443633342, 33.894455669767865 ], [ 135.215653981735329, 33.892605737812815 ], [ 135.216179560403674, 33.891989086347905 ], [ 135.216259754495184, 33.89176264542435 ], [ 135.216125783109618, 33.89157907801674 ], [ 135.215555479501433, 33.891442323442455 ], [ 135.215035332185892, 33.891603133224514 ], [ 135.213846893810739, 33.892615783416808 ], [ 135.212926617813253, 33.892843060829001 ], [ 135.212236818700035, 33.892639317043518 ], [ 135.212379663910269, 33.891974028171028 ], [ 135.212211005223168, 33.891549055829842 ], [ 135.211644490478449, 33.891322287829276 ], [ 135.210608576629369, 33.891367643021148 ], [ 135.210294677318842, 33.891243494288148 ], [ 135.209999613632363, 33.890871241432819 ], [ 135.21015398676127, 33.890735862805705 ], [ 135.210145539827323, 33.890423628214577 ], [ 135.209006262213308, 33.888698341632171 ], [ 135.209015740821258, 33.888366076085596 ], [ 135.210572825367564, 33.886746972785744 ], [ 135.212788049828703, 33.885603835030309 ], [ 135.213927548568307, 33.884771056744093 ], [ 135.214876913432846, 33.884299109979509 ], [ 135.215365412638732, 33.883826055522846 ], [ 135.215662123282073, 33.882991134616873 ], [ 135.215686309569037, 33.882201251075443 ], [ 135.214814734584877, 33.880910345402114 ], [ 135.215361044893882, 33.88006954673255 ], [ 135.216010386961273, 33.878190714004461 ], [ 135.215407936800403, 33.878300854157658 ], [ 135.214781708731408, 33.878721049692793 ], [ 135.213666588147049, 33.878616178310871 ], [ 135.212744415702218, 33.878725534052158 ], [ 135.212319771296791, 33.879024017864033 ], [ 135.212163472466244, 33.879565536551894 ], [ 135.211557994863938, 33.880206600912359 ], [ 135.210982079212584, 33.88029448875934 ], [ 135.210421929928714, 33.880109455406803 ], [ 135.209966848539153, 33.880226426988472 ], [ 135.209525255220314, 33.88011638953725 ], [ 135.208809138945782, 33.880435105329838 ], [ 135.20802686224215, 33.880335552027475 ], [ 135.208055322946223, 33.881150986810695 ], [ 135.207430281033282, 33.881848814045355 ], [ 135.207063159449689, 33.881858990514296 ], [ 135.206134386356268, 33.881444609005868 ], [ 135.204020240427923, 33.88156184364081 ], [ 135.202782566840625, 33.88223046953555 ], [ 135.200949133316357, 33.882264377422786 ], [ 135.199810550320848, 33.881973968540294 ], [ 135.199457558879658, 33.882198767332625 ], [ 135.199057940788293, 33.883040861222057 ], [ 135.19804788366497, 33.882968501683997 ], [ 135.198119819703834, 33.883712934338448 ], [ 135.197870318975731, 33.884412729886144 ], [ 135.197983915125292, 33.885806306791871 ], [ 135.197801813923945, 33.886387218898712 ], [ 135.198156503559062, 33.886724953458724 ], [ 135.198351898703578, 33.888195281779424 ], [ 135.197820435500688, 33.888336783289368 ], [ 135.197761940098673, 33.888921038292068 ], [ 135.197908561201558, 33.889934047130559 ], [ 135.198232522797497, 33.89041640272653 ], [ 135.198422882690068, 33.891322911700101 ], [ 135.199067090235587, 33.892497780946307 ], [ 135.200762484806376, 33.892344671145338 ], [ 135.201571762739235, 33.892512067501706 ], [ 135.202046861957598, 33.892866630508486 ], [ 135.202741957280438, 33.89458981602894 ], [ 135.203389620351402, 33.897586191956272 ], [ 135.203537111089815, 33.899014631707139 ], [ 135.20375726152659, 33.899913568348779 ], [ 135.204206941588467, 33.900755666575954 ], [ 135.205132249049342, 33.901401071798404 ], [ 135.207695006161117, 33.902654747388723 ], [ 135.211008283744661, 33.904600209090304 ], [ 135.21151714447879, 33.905705237597786 ], [ 135.212110103701917, 33.909052385106257 ], [ 135.212647451195011, 33.910122935734378 ], [ 135.213203623674076, 33.91046852699322 ], [ 135.215111582974345, 33.911080526038084 ], [ 135.216167202149961, 33.911696519698388 ], [ 135.217821570491992, 33.912913043284256 ], [ 135.218204251760596, 33.913638574260538 ], [ 135.218884443835407, 33.913423262374614 ], [ 135.219554011829018, 33.912509005649909 ], [ 135.219825328410252, 33.912374075025213 ], [ 135.221777056114888, 33.912650545495666 ], [ 135.227362122253879, 33.916208995326549 ], [ 135.228398361023977, 33.916640065946559 ], [ 135.230626815182802, 33.916958394296721 ], [ 135.231245948995706, 33.917193001116672 ], [ 135.232581112203661, 33.917240043187 ], [ 135.236985162118856, 33.918205839895641 ], [ 135.238103733389494, 33.918156400000882 ], [ 135.239545462727733, 33.917727175176395 ] ] ] } },
{ "type": "Feature", "properties": { "CITY_NAME": "日高川町", "S_NAME": "大字松瀬", "JINKO": 135, "medical_area": "30_御坊医療圏", "町丁目名": "日高川町大字松瀬" }, "geometry": { "type": "Polygon", "coordinates": [ [ [ 135.235716856432759, 33.925674453736846 ], [ 135.235935877909327, 33.924593897260571 ], [ 135.23686758320261, 33.924237188424378 ], [ 135.238862850656432, 33.923068694541954 ], [ 135.239209849987532, 33.922252497375489 ], [ 135.240036759410941, 33.921874693675917 ], [ 135.240870084289639, 33.920571526650136 ], [ 135.242236749072106, 33.919298680001553 ], [ 135.24261148823291, 33.918597180166245 ], [ 135.242619100000439, 33.916681641801929 ], [ 135.24338681916214, 33.915111961257125 ], [ 135.24338405499347, 33.914332919544599 ], [ 135.241067167577057, 33.914663540134313 ], [ 135.240616027255669, 33.916495070692996 ], [ 135.239685836147288, 33.917646615323179 ], [ 135.238103733389494, 33.918156400000882 ], [ 135.236985162118856, 33.918205839895641 ], [ 135.232581112203661, 33.917240043187 ], [ 135.231245948995706, 33.917193001116672 ], [ 135.230626815182802, 33.916958394296721 ], [ 135.228398361023977, 33.916640065946559 ], [ 135.227362122253879, 33.916208995326549 ], [ 135.221777056114888, 33.912650545495666 ], [ 135.219825328410252, 33.912374075025213 ], [ 135.219554011829018, 33.912509005649909 ], [ 135.218884443835407, 33.913423262374614 ], [ 135.218204251760596, 33.913638574260538 ], [ 135.218230654819791, 33.91430098852279 ], [ 135.21756235061693, 33.916295887844115 ], [ 135.21645242850505, 33.917686167079196 ], [ 135.216127392781658, 33.918445523693137 ], [ 135.215623941326157, 33.918647294364916 ], [ 135.214274460071323, 33.918540657579527 ], [ 135.213303565248964, 33.918720282134338 ], [ 135.212891229420364, 33.919018416450555 ], [ 135.212536023860281, 33.919719250002018 ], [ 135.21240192496353, 33.920971878261106 ], [ 135.212503306525235, 33.923723476930157 ], [ 135.212665204707321, 33.924200939502811 ], [ 135.213286395851839, 33.924569903182835 ], [ 135.218343017751295, 33.924857597090977 ], [ 135.226860440497376, 33.926007679805423 ], [ 135.228484257194339, 33.925842174117456 ], [ 135.231265187939869, 33.925089092039777 ], [ 135.232400742079506, 33.925096160050145 ], [ 135.233274927087535, 33.925304311461375 ], [ 135.234519088175858, 33.925866232825442 ], [ 135.235756590853413, 33.927007647726199 ], [ 135.235716856432759, 33.925674453736846 ] ] ] } },
{ "type": "Feature", "properties": { "CITY_NAME": "日高川町", "S_NAME": "大字船津", "JINKO": 422, "medical_area": "30_御坊医療圏", "町丁目名": "日高川町大字船津" }, "geometry": { "type": "Polygon", "coordinates": [ [ [ 135.26800376251299, 33.967297144006722 ], [ 135.268927083770677, 33.967267829906447 ], [ 135.269618804489369, 33.966887485644065 ], [ 135.270507162168144, 33.966774131505936 ], [ 135.271304963197394, 33.966265081247741 ], [ 135.27257065958932, 33.965985739654634 ], [ 135.273232833633102, 33.96545826811542 ], [ 135.273516577344736, 33.964756129137321 ], [ 135.274484677585008, 33.963489166816949 ], [ 135.275271028995377, 33.963547892040403 ], [ 135.278042356995854, 33.962661996423478 ], [ 135.279217747544777, 33.961864617645702 ], [ 135.279746802693609, 33.961256023490243 ], [ 135.281504908865543, 33.960127856471033 ], [ 135.281836715519233, 33.959702227046705 ], [ 135.281982595065671, 33.959049545895532 ], [ 135.281412246509632, 33.956796268013512 ], [ 135.281455376052605, 33.956098893636721 ], [ 135.282806191717327, 33.954809694098039 ], [ 135.28560965775884, 33.949280344234715 ], [ 135.285692854159805, 33.948852407534076 ], [ 135.28536141076512, 33.947967999310137 ], [ 135.281228510768898, 33.943675864240227 ], [ 135.279751635911964, 33.941297527493852 ], [ 135.279109858866775, 33.940521945484868 ], [ 135.278417227206688, 33.94001639487108 ], [ 135.278144321421848, 33.939236053064903 ], [ 135.277307962982718, 33.938429166808717 ], [ 135.277089346400231, 33.938037384134709 ], [ 135.277263908342292, 33.937560844622553 ], [ 135.277190965451894, 33.937041579451986 ], [ 135.2753870083761, 33.936486794378737 ], [ 135.274669558407169, 33.936424254082411 ], [ 135.273172247473894, 33.93678269384403 ], [ 135.272429875436131, 33.936510373014087 ], [ 135.27133964624656, 33.936497330833944 ], [ 135.270195156430674, 33.937336964442196 ], [ 135.26904811806267, 33.937769725199537 ], [ 135.26844552546811, 33.938297124312726 ], [ 135.267068543765873, 33.938331375916299 ], [ 135.265228949753606, 33.93902469816436 ], [ 135.264438585185104, 33.938927304309743 ], [ 135.262570760126209, 33.937871026556763 ], [ 135.261021164533958, 33.938713650668745 ], [ 135.260541813914699, 33.939496586086499 ], [ 135.259794052545971, 33.939789499481762 ], [ 135.259329546609848, 33.93952863188462 ], [ 135.258637228762183, 33.939986828591174 ], [ 135.258346674881125, 33.940708898332545 ], [ 135.258573228195644, 33.941492677592258 ], [ 135.258441948627166, 33.94171080843806 ], [ 135.257935913938411, 33.941901611121615 ], [ 135.258056737569945, 33.942158870213127 ], [ 135.258495793864085, 33.942295198614588 ], [ 135.260684486301585, 33.942489625002537 ], [ 135.262688151888113, 33.942864769308116 ], [ 135.26335528292816, 33.94320262077062 ], [ 135.263419566313644, 33.943412626298574 ], [ 135.262494436142191, 33.944680057640184 ], [ 135.261201883534738, 33.94549716028596 ], [ 135.261268963248398, 33.946500591525307 ], [ 135.260806648139379, 33.946980463751729 ], [ 135.260624663728493, 33.947452432590119 ], [ 135.260905450535546, 33.949881669516643 ], [ 135.260798322343163, 33.950366342122337 ], [ 135.261329263655284, 33.951477782890763 ], [ 135.261298935787352, 33.951809220922833 ], [ 135.260184361342851, 33.953126345903613 ], [ 135.259750465771901, 33.953315614651252 ], [ 135.259066034114795, 33.9545131653867 ], [ 135.257971762160395, 33.955157984710105 ], [ 135.257019341406703, 33.95666777266252 ], [ 135.256374141091442, 33.957359939496584 ], [ 135.255075511117127, 33.962170132396871 ], [ 135.254354420504683, 33.963028059035381 ], [ 135.254130997744767, 33.963814900017503 ], [ 135.254787982458055, 33.965051814087786 ], [ 135.254812948699595, 33.967109861364804 ], [ 135.255387910556436, 33.967759811580272 ], [ 135.25626283970044, 33.96956800799758 ], [ 135.257850188282447, 33.970884463057082 ], [ 135.259159635642732, 33.972695090660551 ], [ 135.260483397524922, 33.971474351921749 ], [ 135.264769870720301, 33.969412838132207 ], [ 135.26800376251299, 33.967297144006722 ] ] ] } },
{ "type": "Feature", "properties": { "CITY_NAME": "日高川町", "S_NAME": "大字高津尾", "JINKO": 59, "medical_area": "30_御坊医療圏", "町丁目名": "日高川町大字高津尾" }, "geometry": { "type": "Polygon", "coordinates": [ [ [ 135.281583255563646, 33.980705273031461 ], [ 135.28275776600475, 33.980028188955792 ], [ 135.283034010390537, 33.979592249290015 ], [ 135.282206194576418, 33.979056759714126 ], [ 135.28231234225612, 33.978004218257546 ], [ 135.281411581787808, 33.976884943011079 ], [ 135.281433355853522, 33.976617835020789 ], [ 135.281757935843189, 33.976214580314981 ], [ 135.281779004640299, 33.975588243232473 ], [ 135.283098050952731, 33.975694122345573 ], [ 135.283724538875788, 33.975471950853674 ], [ 135.285155969747564, 33.976110956156781 ], [ 135.28632338666992, 33.975289673235721 ], [ 135.287015790117067, 33.975109700033883 ], [ 135.287799959837827, 33.973849334270305 ], [ 135.287369567974849, 33.972223708325515 ], [ 135.286740372592931, 33.971365817842219 ], [ 135.286639392553781, 33.970975015933128 ], [ 135.287464413604937, 33.96976939583876 ], [ 135.287481941024595, 33.969583258020407 ], [ 135.286745745709368, 33.968602025014974 ], [ 135.287497111675151, 33.966796803423954 ], [ 135.286829524275277, 33.966329462823772 ], [ 135.286803336724375, 33.965931616889556 ], [ 135.287254316325289, 33.964127617871704 ], [ 135.287897979921297, 33.962795397288581 ], [ 135.287947074238048, 33.961822362575333 ], [ 135.287541511302692, 33.961707320813737 ], [ 135.28716668539289, 33.960946953236352 ], [ 135.286238887890704, 33.960142532573222 ], [ 135.28623862376341, 33.959626777646484 ], [ 135.285348124628428, 33.959116153489688 ], [ 135.284599221968023, 33.957908011123678 ], [ 135.284508047323214, 33.956467990377689 ], [ 135.2847813958941, 33.955235484468098 ], [ 135.285393655112301, 33.954138354842442 ], [ 135.285418381554763, 33.953272378699737 ], [ 135.28499760853768, 33.952303772049582 ], [ 135.284156781402061, 33.951978813096773 ], [ 135.282806191717327, 33.954809694098039 ], [ 135.281455376052605, 33.956098893636721 ], [ 135.281412246509632, 33.956796268013512 ], [ 135.281982595065671, 33.959049545895517 ], [ 135.281836715519233, 33.959702227046705 ], [ 135.281504908865543, 33.960127856471033 ], [ 135.279746802693609, 33.961256023490265 ], [ 135.279217747544806, 33.961864617645702 ], [ 135.278042356995854, 33.962661996423478 ], [ 135.275271028995405, 33.963547892040403 ], [ 135.274484677584979, 33.963489166816949 ], [ 135.273516577344736, 33.964756129137321 ], [ 135.273232833633102, 33.96545826811542 ], [ 135.27257065958932, 33.965985739654634 ], [ 135.271304963197394, 33.966265081247727 ], [ 135.270507162168144, 33.966774131505915 ], [ 135.269618804489369, 33.966887485644065 ], [ 135.268927083770706, 33.967267829906433 ], [ 135.268003762512961, 33.967297144006707 ], [ 135.264769870720301, 33.969412838132207 ], [ 135.260483397524922, 33.971474351921735 ], [ 135.259159635642732, 33.972695090660551 ], [ 135.259300078045129, 33.973084320756776 ], [ 135.259147204157358, 33.973779876878638 ], [ 135.260570743719313, 33.973890279144634 ], [ 135.261604997913622, 33.9745835201578 ], [ 135.265329938578475, 33.978970873880805 ], [ 135.265654059694867, 33.979152982052753 ], [ 135.266493950497761, 33.979067265639856 ], [ 135.267905222806121, 33.978398771458409 ], [ 135.268965910149944, 33.97820827308837 ], [ 135.271284254996317, 33.978136643523726 ], [ 135.273434783464353, 33.978490828849289 ], [ 135.275380867325509, 33.97807841612363 ], [ 135.277411987450506, 33.978066690817613 ], [ 135.278952670474922, 33.978683450230655 ], [ 135.281583255563646, 33.980705273031461 ] ] ] } },
{ "type": "Feature", "properties": { "CITY_NAME": "日高川町", "S_NAME": "大字高津尾", "JINKO": 411, "medical_area": "30_御坊医療圏", "町丁目名": "日高川町大字高津尾" }, "geometry": { "type": "Polygon", "coordinates": [ [ [ 135.284120957502239, 34.004289830143371 ], [ 135.288137396805354, 34.003541869051432 ], [ 135.289035208819996, 34.002367409611125 ], [ 135.289690795085079, 34.002129042790592 ], [ 135.290089340378472, 34.001598289778187 ], [ 135.290406404175116, 34.001479958140933 ], [ 135.290209509035776, 33.999142053061334 ], [ 135.289375872799241, 33.997762619824471 ], [ 135.289113136783385, 33.995913016301962 ], [ 135.288443208667076, 33.994286587469361 ], [ 135.28858248147273, 33.99340820988666 ], [ 135.289373333516039, 33.99219521960071 ], [ 135.289660963027956, 33.989763734585125 ], [ 135.290310737144409, 33.988605004793115 ], [ 135.290082956191071, 33.986836025380342 ], [ 135.289123392728101, 33.985587291498597 ], [ 135.288971957869109, 33.985134499304102 ], [ 135.289323256773145, 33.984878167969406 ], [ 135.289736330501086, 33.983541562374398 ], [ 135.289498397527041, 33.982239094333693 ], [ 135.289761147585182, 33.980747083234029 ], [ 135.290041639981212, 33.98041652397044 ], [ 135.291735739418954, 33.979583158675368 ], [ 135.292094383103972, 33.979253043090118 ], [ 135.292228762130378, 33.978840636654098 ], [ 135.291626717916614, 33.977873181313981 ], [ 135.291102584054272, 33.977396830602594 ], [ 135.291023861877903, 33.977092090549618 ], [ 135.291516940899044, 33.976418733186335 ], [ 135.291359776776915, 33.97577544530138 ], [ 135.291799216229208, 33.974488130713503 ], [ 135.293106783534029, 33.974498030478699 ], [ 135.296190643984232, 33.975235404806497 ], [ 135.297635387565464, 33.97582813186704 ], [ 135.299089951334963, 33.976783078456258 ], [ 135.300580742462188, 33.978279171135981 ], [ 135.300939405306792, 33.979126439792886 ], [ 135.301526910196429, 33.981800711314207 ], [ 135.302351256120488, 33.982836701186301 ], [ 135.305336541969581, 33.985423051235038 ], [ 135.309828955128722, 33.990565013740955 ], [ 135.310807994476107, 33.989904740583313 ], [ 135.310243303955673, 33.988606114473455 ], [ 135.310193653509884, 33.987523937224886 ], [ 135.310467078343748, 33.9868942216834 ], [ 135.311906695571906, 33.98514137201969 ], [ 135.311552311389448, 33.983888297648512 ], [ 135.31197999400564, 33.981266644900543 ], [ 135.311849457546089, 33.980093992322253 ], [ 135.311170679643368, 33.978409444291096 ], [ 135.31026239672957, 33.977834389350654 ], [ 135.310015855148549, 33.977509421889359 ], [ 135.309976633194225, 33.976221468736789 ], [ 135.30882693616789, 33.973487704554039 ], [ 135.309205872757531, 33.970810814603283 ], [ 135.309036149011803, 33.969270516728564 ], [ 135.309604702879994, 33.968039759985125 ], [ 135.311138245662534, 33.96567583565777 ], [ 135.311064089916499, 33.964101123993963 ], [ 135.310692573099942, 33.963382264887038 ], [ 135.30978736583711, 33.962861868783406 ], [ 135.308282815735737, 33.962289653838347 ], [ 135.30661976350143, 33.962167617543727 ], [ 135.306411407457261, 33.961618857378518 ], [ 135.306602553565227, 33.960871878205971 ], [ 135.307381759539936, 33.959215181530325 ], [ 135.309441970437462, 33.95603235379135 ], [ 135.310365967788528, 33.953733915871709 ], [ 135.311195207935128, 33.951151505140395 ], [ 135.311460834720265, 33.948457885808473 ], [ 135.31137980262227, 33.947526943933148 ], [ 135.310081528494322, 33.944747512437864 ], [ 135.308151384280194, 33.942052500773663 ], [ 135.305693999211883, 33.938158741137116 ], [ 135.302367282481157, 33.940539745532789 ], [ 135.300255131769433, 33.942263916491093 ], [ 135.298274518691443, 33.943229632403067 ], [ 135.297353806899082, 33.943450778536857 ], [ 135.294894205725882, 33.94456523006442 ], [ 135.293664014053121, 33.945499772302156 ], [ 135.292002292746929, 33.946326172689993 ], [ 135.28974319899902, 33.946888479406553 ], [ 135.289101427324397, 33.946840671909698 ], [ 135.287253866420258, 33.946348574578366 ], [ 135.281679999530496, 33.944210132584672 ], [ 135.28536141076512, 33.947967999310137 ], [ 135.285559662649916, 33.948355730807229 ], [ 135.285692854159805, 33.948852407534076 ], [ 135.28560965775884, 33.949280344234715 ], [ 135.284156781402061, 33.951978813096773 ], [ 135.28499760853768, 33.952303772049582 ], [ 135.285418381554763, 33.953272378699737 ], [ 135.285393655112301, 33.954138354842442 ], [ 135.2847813958941, 33.955235484468098 ], [ 135.284508047323214, 33.956467990377675 ], [ 135.284599221968023, 33.957908011123642 ], [ 135.285348124628428, 33.959116153489695 ], [ 135.286238623763353, 33.959626777646484 ], [ 135.286238887890704, 33.960142532573222 ], [ 135.28716668539289, 33.960946953236324 ], [ 135.287541511302692, 33.961707320813744 ], [ 135.287947074238048, 33.961822362575333 ], [ 135.287897979921297, 33.962795397288581 ], [ 135.287254316325317, 33.964127617871725 ], [ 135.286803336724375, 33.965931616889556 ], [ 135.286829524275277, 33.966329462823772 ], [ 135.287497111675123, 33.966796803423954 ], [ 135.286745745709368, 33.968602025014974 ], [ 135.287481941024595, 33.969583258020407 ], [ 135.287464413604937, 33.96976939583876 ], [ 135.286639392553781, 33.970975015933128 ], [ 135.286740372592959, 33.971365817842219 ], [ 135.287369567974849, 33.972223708325515 ], [ 135.28774303164974, 33.974055948512081 ], [ 135.28701579011701, 33.97510970003389 ], [ 135.28632338666992, 33.975289673235721 ], [ 135.285155969747564, 33.976110956156774 ], [ 135.283724538875788, 33.975471950853674 ], [ 135.283098050952731, 33.975694122345573 ], [ 135.281779004640299, 33.975588243232473 ], [ 135.281757935843189, 33.976214580314981 ], [ 135.281391721754318, 33.976803402757078 ], [ 135.28231234225612, 33.978004218257546 ], [ 135.282206194576418, 33.979056759714126 ], [ 135.283034010390537, 33.979592249290015 ], [ 135.28275776600475, 33.980028188955764 ], [ 135.281583255563646, 33.980705273031496 ], [ 135.278952670474922, 33.978683450230655 ], [ 135.277411987450449, 33.978066690817577 ], [ 135.275380867325509, 33.978078416123608 ], [ 135.273434783464353, 33.978490828849289 ], [ 135.271284254996374, 33.978136643523726 ], [ 135.268965910149973, 33.97820827308837 ], [ 135.267905222806121, 33.978398771458409 ], [ 135.266493950497761, 33.979067265639856 ], [ 135.265654059694867, 33.979152982052753 ], [ 135.265329938578475, 33.978970873880819 ], [ 135.261604997913651, 33.974583520157807 ], [ 135.260570743719342, 33.973890279144598 ], [ 135.259846769105792, 33.973765625146903 ], [ 135.25914720415733, 33.973779876878638 ], [ 135.25818303136171, 33.97512814898689 ], [ 135.257233498955287, 33.975516596338572 ], [ 135.256787286572148, 33.976302233355419 ], [ 135.25681271156796, 33.977025487063834 ], [ 135.256387716875508, 33.979133481679433 ], [ 135.25722514560178, 33.979908392796752 ], [ 135.257887553153665, 33.981074995171205 ], [ 135.258075023606835, 33.983374731897719 ], [ 135.257849978655742, 33.985407854193632 ], [ 135.258524895572037, 33.986707647934814 ], [ 135.258337429632888, 33.988257396961686 ], [ 135.258437423039936, 33.988632438581064 ], [ 135.259324766853979, 33.989865614594301 ], [ 135.260437187322708, 33.990390562485643 ], [ 135.263411947581972, 33.992698672250313 ], [ 135.264886837345074, 33.992981886782353 ], [ 135.265986720163284, 33.994090188614457 ], [ 135.26691161236468, 33.994573378071735 ], [ 135.267911495361346, 33.995356636175721 ], [ 135.269548867021882, 33.995564959011233 ], [ 135.269773869519042, 33.996123292735703 ], [ 135.27098629247817, 33.996631530853641 ], [ 135.271623735145909, 33.997389793327322 ], [ 135.273111096020074, 33.997639752533281 ], [ 135.273461027437747, 33.99783974504205 ], [ 135.274560921176601, 33.999922812640115 ], [ 135.275298316335778, 34.000447679596988 ], [ 135.276285739268104, 34.001989266939063 ], [ 135.276323233504854, 34.002655803115665 ], [ 135.277735610969359, 34.003664024703234 ], [ 135.279172963368808, 34.004230757023898 ], [ 135.280363316202425, 34.004423831828817 ], [ 135.281780069332996, 34.003944830009289 ], [ 135.282278318651777, 34.004454472030289 ], [ 135.283176554843664, 34.004698781388363 ], [ 135.284120957502239, 34.004289830143371 ] ] ] } },
{ "type": "Feature", "properties": { "CITY_NAME": "日高川町", "S_NAME": "大字高津尾川", "JINKO": 1, "medical_area": "30_御坊医療圏", "町丁目名": "日高川町大字高津尾川" }, "geometry": { "type": "Polygon", "coordinates": [ [ [ 135.310564111035802, 34.005173254601829 ], [ 135.310662887732974, 34.004927557877146 ], [ 135.310125475244007, 34.003887984762478 ], [ 135.310862463140808, 34.002539167267955 ], [ 135.311132985256478, 34.000855147488302 ], [ 135.310120555975061, 33.998568329911585 ], [ 135.310007677984913, 33.998110707323058 ], [ 135.310137116956525, 33.997058132268172 ], [ 135.309905227868825, 33.995709669637556 ], [ 135.308576976839788, 33.992023780956181 ], [ 135.309719327058872, 33.990857412739416 ], [ 135.309828955128722, 33.990565013740955 ], [ 135.305336541969581, 33.985423051235038 ], [ 135.302351256120488, 33.982836701186301 ], [ 135.30168579082698, 33.982048278698223 ], [ 135.300939405306792, 33.9791264397929 ], [ 135.300580742462216, 33.978279171135974 ], [ 135.299089951334963, 33.976783078456293 ], [ 135.297635387565464, 33.975828131867019 ], [ 135.296190643984232, 33.975235404806497 ], [ 135.293106783534029, 33.974498030478699 ], [ 135.291799216229208, 33.974488130713503 ], [ 135.291359776776915, 33.97577544530138 ], [ 135.291516940899044, 33.976418733186335 ], [ 135.291023861877932, 33.97709209054964 ], [ 135.291102584054272, 33.977396830602594 ], [ 135.291626717916557, 33.977873181313996 ], [ 135.292228762130378, 33.978840636654098 ], [ 135.292094383103972, 33.979253043090118 ], [ 135.291735739418982, 33.979583158675389 ], [ 135.290041639981212, 33.980416523970455 ], [ 135.289761147585182, 33.980747083234029 ], [ 135.289498397527041, 33.982239094333693 ], [ 135.289736330501142, 33.983541562374398 ], [ 135.289323256773145, 33.984878167969406 ], [ 135.288971957869165, 33.985134499304102 ], [ 135.289123392728101, 33.985587291498597 ], [ 135.2900829561911, 33.986836025380349 ], [ 135.290310737144409, 33.988605004793101 ], [ 135.289660963027956, 33.989763734585125 ], [ 135.289373333516039, 33.99219521960071 ], [ 135.288582481472702, 33.99340820988666 ], [ 135.288443208667076, 33.994286587469361 ], [ 135.289113136783413, 33.995913016301962 ], [ 135.289375872799241, 33.997762619824471 ], [ 135.290209509035776, 33.999142053061348 ], [ 135.290406404175116, 34.001479958140919 ], [ 135.290663761958086, 34.00150412322769 ], [ 135.29088829557756, 34.002187939143226 ], [ 135.29195089179791, 34.00345937398432 ], [ 135.291826042503487, 34.004171195335594 ], [ 135.29226685302794, 34.004684966379564 ], [ 135.292592342885882, 34.005455307337236 ], [ 135.29468188089615, 34.007264857380058 ], [ 135.295695782255024, 34.005981254445253 ], [ 135.296639111366829, 34.005577558748456 ], [ 135.298435021064535, 34.004375158994229 ], [ 135.300724004718489, 34.004091046650878 ], [ 135.301702465250315, 34.003610852739598 ], [ 135.303360541798924, 34.003768842158152 ], [ 135.304085483247292, 34.004265005788099 ], [ 135.305146567454557, 34.004475392190038 ], [ 135.306072465850946, 34.00493069627489 ], [ 135.306983859715899, 34.004688018527773 ], [ 135.307962288582388, 34.004882422882829 ], [ 135.308481918531982, 34.005195401612866 ], [ 135.310564111035802, 34.005173254601829 ] ] ] } },
{ "type": "Feature", "properties": { "CITY_NAME": "日高川町", "S_NAME": "大字姉子", "JINKO": 32, "medical_area": "30_御坊医療圏", "町丁目名": "日高川町大字姉子" }, "geometry": { "type": "Polygon", "coordinates": [ [ [ 135.329423770107439, 33.977877112074552 ], [ 135.329355909260755, 33.977025574906804 ], [ 135.329713268494032, 33.974895930640464 ], [ 135.327816809855165, 33.974900690367882 ], [ 135.325953849542572, 33.974479175250643 ], [ 135.324516298087531, 33.973843860412352 ], [ 135.324048649462327, 33.97346220731373 ], [ 135.323341671355593, 33.972122563480688 ], [ 135.323042574953888, 33.971142692736564 ], [ 135.323216843599027, 33.970578319289622 ], [ 135.323928021312355, 33.970111128970053 ], [ 135.325287028673756, 33.970024453806865 ], [ 135.32574515312038, 33.969343707230891 ], [ 135.325694121772813, 33.968636936978704 ], [ 135.324650990644841, 33.966039404507214 ], [ 135.320443527227383, 33.965756525906535 ], [ 135.312753204338435, 33.966287946980735 ], [ 135.311751482734053, 33.966094003429859 ], [ 135.311138245662534, 33.96567583565777 ], [ 135.30916843863298, 33.968812844450134 ], [ 135.309025578868415, 33.969913137172199 ], [ 135.309205872757531, 33.970810814603283 ], [ 135.30882693616789, 33.973487704554017 ], [ 135.309976633194225, 33.976221468736789 ], [ 135.310015855148549, 33.977509421889359 ], [ 135.310262396729541, 33.97783438935064 ], [ 135.311170679643368, 33.978409444291096 ], [ 135.313984456745828, 33.977188398363722 ], [ 135.315000076034238, 33.977090783990505 ], [ 135.31993302029943, 33.977744419290438 ], [ 135.324047412961704, 33.977224816669199 ], [ 135.326539045654755, 33.977169416429241 ], [ 135.327951483231089, 33.977373500249413 ], [ 135.329423770107439, 33.977877112074552 ] ] ] } },
{ "type": "Feature", "properties": { "CITY_NAME": "日高川町", "S_NAME": "大字三十木", "JINKO": 73, "medical_area": "30_御坊医療圏", "町丁目名": "日高川町大字三十木" }, "geometry": { "type": "Polygon", "coordinates": [ [ [ 135.354195659667823, 33.977568730299353 ], [ 135.353465197379279, 33.976704729953141 ], [ 135.352598463757005, 33.974567898052364 ], [ 135.352086389334431, 33.972698182400556 ], [ 135.351873999558109, 33.972416583884296 ], [ 135.350127403751031, 33.971229822150015 ], [ 135.349803141368341, 33.97043638703191 ], [ 135.349088007737322, 33.969594266262717 ], [ 135.348465800903512, 33.969222738868062 ], [ 135.347800131395957, 33.96855866483115 ], [ 135.346734203589477, 33.968103086135315 ], [ 135.34636626689516, 33.967635695408021 ], [ 135.346031309246996, 33.967555318345831 ], [ 135.343663342525531, 33.96733457744849 ], [ 135.341485954336321, 33.966802765981548 ], [ 135.339252782661021, 33.966569554915324 ], [ 135.329333024495014, 33.966350334429769 ], [ 135.324650990644841, 33.966039404507214 ], [ 135.325694121772813, 33.968636936978704 ], [ 135.32574515312038, 33.969343707230891 ], [ 135.325287028673756, 33.970024453806865 ], [ 135.323928021312355, 33.970111128970053 ], [ 135.323387940455234, 33.970414432880027 ], [ 135.32310140949366, 33.970860421169419 ], [ 135.323042574953888, 33.971142692736564 ], [ 135.323341671355593, 33.972122563480688 ], [ 135.324048649462327, 33.97346220731373 ], [ 135.324516298087531, 33.973843860412352 ], [ 135.327044478892503, 33.974792937775462 ], [ 135.328707258526919, 33.974975692325927 ], [ 135.33179191164237, 33.974681519390998 ], [ 135.333826842803887, 33.974672515213079 ], [ 135.341681950373896, 33.975029846801647 ], [ 135.342747193978283, 33.97553646816516 ], [ 135.3484023086246, 33.976926829075452 ], [ 135.349710922309043, 33.977425229765942 ], [ 135.350615666067085, 33.977996725928236 ], [ 135.352094416694541, 33.978518103339944 ], [ 135.352980620274167, 33.978364816287119 ], [ 135.354195659667823, 33.977568730299353 ] ] ] } },
{ "type": "Feature", "properties": { "CITY_NAME": "日高川町", "S_NAME": "大字原日浦", "JINKO": 46, "medical_area": "30_御坊医療圏", "町丁目名": "日高川町大字原日浦" }, "geometry": { "type": "Polygon", "coordinates": [ [ [ 135.342775464903895, 33.986961926606213 ], [ 135.34553820110898, 33.986942761133378 ], [ 135.346819954611249, 33.985991172955544 ], [ 135.348279071790586, 33.985725160155141 ], [ 135.349288792298637, 33.985273206994201 ], [ 135.350388611536573, 33.985008093933395 ], [ 135.351184590325545, 33.984474419357468 ], [ 135.353802373823072, 33.984538989025388 ], [ 135.354271724729017, 33.984304491501078 ], [ 135.356958669611146, 33.981807819148088 ], [ 135.358091423844485, 33.979175946915156 ], [ 135.358995728110727, 33.97785964353104 ], [ 135.35899704311808, 33.977452382393743 ], [ 135.358846480523852, 33.977326225123846 ], [ 135.355149259119202, 33.977793184311075 ], [ 135.354573474007339, 33.977768067024932 ], [ 135.354195659667823, 33.977568730299353 ], [ 135.352980620274167, 33.978364816287119 ], [ 135.352094416694484, 33.978518103339944 ], [ 135.350615666067085, 33.977996725928236 ], [ 135.349710922309043, 33.977425229765942 ], [ 135.3484023086246, 33.976926829075452 ], [ 135.342747193978227, 33.97553646816516 ], [ 135.341681950373896, 33.975029846801668 ], [ 135.333826842803887, 33.974672515213079 ], [ 135.331791911642341, 33.974681519391027 ], [ 135.329713268493975, 33.97489593064045 ], [ 135.329355909260755, 33.977025574906804 ], [ 135.329489904466357, 33.977982987269627 ], [ 135.331100729664286, 33.978994619901421 ], [ 135.332455404879198, 33.979334561821048 ], [ 135.335142065296992, 33.979413163058055 ], [ 135.335631504638513, 33.979527787057613 ], [ 135.336205860110312, 33.979948137050734 ], [ 135.338955326560068, 33.980765979131903 ], [ 135.340461925245648, 33.980621314495863 ], [ 135.340682598822013, 33.980889444803132 ], [ 135.340700870121452, 33.982245446059117 ], [ 135.341911734183583, 33.984037599613735 ], [ 135.342052125859595, 33.985355226880436 ], [ 135.342775464903895, 33.986961926606213 ] ] ] } },
{ "type": "Feature", "properties": { "CITY_NAME": "日高川町", "S_NAME": "大字三十井川", "JINKO": 15, "medical_area": "30_御坊医療圏", "町丁目名": "日高川町大字三十井川" }, "geometry": { "type": "Polygon", "coordinates": [ [ [ 135.32008349579462, 34.007143766839917 ], [ 135.321649853231179, 34.007687013198385 ], [ 135.323027212757466, 34.0085909501149 ], [ 135.324650454874728, 34.008705077692504 ], [ 135.32766769154216, 34.007351013045074 ], [ 135.328742135095098, 34.007052156812762 ], [ 135.329273530203665, 34.006417036832559 ], [ 135.330578373412607, 34.006750242426158 ], [ 135.332352336263824, 34.006747457180893 ], [ 135.333187196869233, 34.00725446241055 ], [ 135.333439773807129, 34.007245120843208 ], [ 135.334648546962342, 34.006729572197251 ], [ 135.335266411313, 34.005977258817531 ], [ 135.33591704967705, 34.005690277960788 ], [ 135.33716850741564, 34.005458217928165 ], [ 135.33836483438472, 34.005441383758523 ], [ 135.338515883773994, 34.005278216421779 ], [ 135.340100164816079, 34.004899989318325 ], [ 135.340450349461008, 34.004998215568051 ], [ 135.341410308946877, 34.004824989583909 ], [ 135.343359558704066, 34.005120628182354 ], [ 135.345771656821057, 34.004553020049151 ], [ 135.345561402902689, 34.002929047735108 ], [ 135.344366421659203, 34.001542594555531 ], [ 135.344318199759954, 33.999828066746502 ], [ 135.343854748415282, 33.998619040278612 ], [ 135.343909972544054, 33.99738726685738 ], [ 135.343550296089575, 33.996564074485235 ], [ 135.342210676496506, 33.995301650219247 ], [ 135.341180238401193, 33.994760569435634 ], [ 135.340603285754042, 33.994641415959492 ], [ 135.340133781437146, 33.993795497700454 ], [ 135.339739239385864, 33.991806217506841 ], [ 135.339679870431297, 33.989953118175528 ], [ 135.339044241250974, 33.988748485865621 ], [ 135.339047812150739, 33.988288408333261 ], [ 135.339434265220888, 33.987958289744434 ], [ 135.340161089987987, 33.987875248969225 ], [ 135.342775464903866, 33.986961926606227 ], [ 135.342052125859595, 33.985355226880401 ], [ 135.341911734183583, 33.984037599613735 ], [ 135.340700870121452, 33.982245446059117 ], [ 135.340682598822013, 33.980889444803132 ], [ 135.340461925245648, 33.980621314495849 ], [ 135.338955326560068, 33.980765979131874 ], [ 135.336205860110312, 33.979948137050734 ], [ 135.335631504638513, 33.979527787057613 ], [ 135.335142065296992, 33.979413163058055 ], [ 135.333345982574599, 33.979458980336481 ], [ 135.33141083124076, 33.979079275949708 ], [ 135.330720853495194, 33.978809986504295 ], [ 135.330122902814338, 33.97826747361551 ], [ 135.329038962294902, 33.977707236772829 ], [ 135.326539045654755, 33.977169416429241 ], [ 135.324047412961704, 33.977224816669199 ], [ 135.31993302029943, 33.977744419290438 ], [ 135.315000076034238, 33.977090783990505 ], [ 135.313984456745828, 33.977188398363722 ], [ 135.311170679643368, 33.978409444291096 ], [ 135.311767989586372, 33.979731916072765 ], [ 135.31197999400564, 33.981266644900543 ], [ 135.311552311389448, 33.983888297648519 ], [ 135.311906695571906, 33.98514137201969 ], [ 135.310467078343748, 33.986894221683386 ], [ 135.310193653509884, 33.987523937224907 ], [ 135.310243303955673, 33.988606114473455 ], [ 135.310807994476107, 33.989904740583313 ], [ 135.309828955128722, 33.990565013740955 ], [ 135.309719327058872, 33.990857412739416 ], [ 135.308576976839788, 33.992023780956181 ], [ 135.309905227868825, 33.995709669637556 ], [ 135.310137116956525, 33.997058132268172 ], [ 135.310007677984913, 33.998110707323058 ], [ 135.310120555975061, 33.998568329911585 ], [ 135.311132985256478, 34.000855147488302 ], [ 135.310862463140808, 34.002539167267955 ], [ 135.310153414231934, 34.003685139892056 ], [ 135.310178713239196, 34.004113543161985 ], [ 135.310662887732974, 34.004927557877146 ], [ 135.310564111035802, 34.005173254601829 ], [ 135.31261557798004, 34.0068474738273 ], [ 135.312928041170011, 34.007642199905042 ], [ 135.313235238257334, 34.007761543607849 ], [ 135.314647043446456, 34.007291842108145 ], [ 135.315988518966662, 34.007053333965167 ], [ 135.317358189827587, 34.007032335182323 ], [ 135.318157263534545, 34.007186510090477 ], [ 135.319447068222871, 34.006717774871746 ], [ 135.32008349579462, 34.007143766839917 ] ] ] } },
{ "type": "Feature", "properties": { "CITY_NAME": "日高川町", "S_NAME": "大字佐井", "JINKO": 114, "medical_area": "30_御坊医療圏", "町丁目名": "日高川町大字佐井" }, "geometry": { "type": "Polygon", "coordinates": [ [ [ 135.300255131769433, 33.942263916491093 ], [ 135.305677392284423, 33.938169353960802 ], [ 135.303534207355796, 33.937812114221295 ], [ 135.302247733475184, 33.937234291672546 ], [ 135.299250984905541, 33.93469479032408 ], [ 135.296806925962841, 33.931400337538982 ], [ 135.295875657840782, 33.930454124379033 ], [ 135.29399996672629, 33.931299341206326 ], [ 135.288602114905217, 33.932448401437448 ], [ 135.286954168296234, 33.933755065833843 ], [ 135.286138355998332, 33.934210157391263 ], [ 135.285587157928148, 33.934499419070619 ], [ 135.284385708353227, 33.934764620127339 ], [ 135.281296522995405, 33.934680163171215 ], [ 135.27772288987191, 33.933631472211871 ], [ 135.276973404230944, 33.936064895396363 ], [ 135.277263908342292, 33.937560844622553 ], [ 135.277089346400231, 33.938037384134709 ], [ 135.277307962982718, 33.938429166808717 ], [ 135.278144321421848, 33.939236053064903 ], [ 135.278417227206688, 33.94001639487108 ], [ 135.279109858866775, 33.940521945484868 ], [ 135.279751635911964, 33.941297527493852 ], [ 135.281679999530496, 33.944210132584672 ], [ 135.287253866420258, 33.946348574578366 ], [ 135.289101427324397, 33.946840671909698 ], [ 135.28974319899902, 33.946888479406553 ], [ 135.292002292746929, 33.946326172689993 ], [ 135.293664014053121, 33.945499772302156 ], [ 135.294894205725882, 33.94456523006442 ], [ 135.297353806899082, 33.943450778536857 ], [ 135.298274518691443, 33.943229632403067 ], [ 135.300255131769433, 33.942263916491093 ] ] ] } },
{ "type": "Feature", "properties": { "CITY_NAME": "日高川町", "S_NAME": "大字坂野川", "JINKO": 91, "medical_area": "30_御坊医療圏", "町丁目名": "日高川町大字坂野川" }, "geometry": { "type": "Polygon", "coordinates": [ [ [ 135.305693999211883, 33.938158741137116 ], [ 135.306038206090648, 33.937767219853455 ], [ 135.30620643879908, 33.936291951452361 ], [ 135.306397383033783, 33.935848008209035 ], [ 135.307266104206207, 33.934934261235853 ], [ 135.307702592451051, 33.933901295297709 ], [ 135.308703422285959, 33.932906292631692 ], [ 135.310919476830492, 33.931409239991467 ], [ 135.310197427065731, 33.930686748904449 ], [ 135.309918605946564, 33.930020829716661 ], [ 135.30974257421127, 33.927261112151726 ], [ 135.309896987578782, 33.925881547117655 ], [ 135.309754266306186, 33.925142286047944 ], [ 135.3093983181368, 33.924618773704672 ], [ 135.30822365253178, 33.924080097336699 ], [ 135.306885724700692, 33.924125681951679 ], [ 135.305911552657705, 33.924478578855172 ], [ 135.304239306910461, 33.925497948188337 ], [ 135.302969282202071, 33.926001716926685 ], [ 135.30019469619657, 33.926477209518822 ], [ 135.297241934772785, 33.926347552395107 ], [ 135.294932000179188, 33.926467059907516 ], [ 135.293278529364898, 33.926791037212624 ], [ 135.292179459141209, 33.927194813766896 ], [ 135.290930897909021, 33.927813116724039 ], [ 135.287409368420811, 33.930073976284007 ], [ 135.286720353374733, 33.9307621053931 ], [ 135.285281923907974, 33.931250917071758 ], [ 135.283843080010627, 33.932524244866805 ], [ 135.28342959300096, 33.933372865510115 ], [ 135.283793502679202, 33.934813165457655 ], [ 135.285134408653647, 33.934626398607357 ], [ 135.286954168296234, 33.933755065833843 ], [ 135.288602114905217, 33.932448401437469 ], [ 135.29399996672629, 33.931299341206326 ], [ 135.295875657840782, 33.930454124379033 ], [ 135.296806925962784, 33.931400337538953 ], [ 135.299250984905541, 33.93469479032408 ], [ 135.302247733475184, 33.937234291672553 ], [ 135.303534207355796, 33.937812114221295 ], [ 135.305693999211883, 33.938158741137116 ] ] ] } },
{ "type": "Feature", "properties": { "CITY_NAME": "日高川町", "S_NAME": "大字大又", "JINKO": 15, "medical_area": "30_御坊医療圏", "町丁目名": "日高川町大字大又" }, "geometry": { "type": "Polygon", "coordinates": [ [ [ 135.277390115707476, 33.931066470948785 ], [ 135.278041250197504, 33.930891514182505 ], [ 135.278776977105935, 33.930424593232665 ], [ 135.283690836508043, 33.926319400576318 ], [ 135.28461758409199, 33.925696334410013 ], [ 135.286357225576324, 33.925035859777402 ], [ 135.288544966662869, 33.924965253454637 ], [ 135.289684982819011, 33.924126020346797 ], [ 135.291119397327662, 33.923899582866092 ], [ 135.292383731330091, 33.924356661373736 ], [ 135.29445367917063, 33.926084665299406 ], [ 135.294723963185504, 33.926056910724093 ], [ 135.294272010036025, 33.925330649461515 ], [ 135.29431022351082, 33.924969102213176 ], [ 135.297034788057346, 33.921481680359811 ], [ 135.298031829904374, 33.919389037547845 ], [ 135.298055909860238, 33.916447710676536 ], [ 135.298222715133534, 33.915907702048408 ], [ 135.298920512931033, 33.914964996406709 ], [ 135.29961498208624, 33.914427986580613 ], [ 135.300513723721764, 33.914134859762825 ], [ 135.300962199814677, 33.913488956577439 ], [ 135.302801898667639, 33.912725128020782 ], [ 135.303158637460115, 33.912402287394471 ], [ 135.302590329262188, 33.911077088051975 ], [ 135.300474067859085, 33.909434859393251 ], [ 135.300407575260721, 33.908903091336811 ], [ 135.300214906451487, 33.908651093994209 ], [ 135.29969718294916, 33.90847388820616 ], [ 135.298979425574487, 33.907763729660843 ], [ 135.297790536811505, 33.903797736563781 ], [ 135.296198607009813, 33.903409429094935 ], [ 135.2936394304499, 33.904036800025743 ], [ 135.293164094184817, 33.903671324198392 ], [ 135.291704054549911, 33.903486443505592 ], [ 135.29078246566516, 33.904180746917618 ], [ 135.290237695967704, 33.904362024294926 ], [ 135.289421750289279, 33.904197016850759 ], [ 135.289314310737325, 33.905857321453873 ], [ 135.289108808352808, 33.906510927647417 ], [ 135.288062538619101, 33.907458059335276 ], [ 135.287682014278175, 33.907624349775588 ], [ 135.285791647686892, 33.907752182519502 ], [ 135.284235463635866, 33.908378089052086 ], [ 135.283258465736537, 33.908496816291027 ], [ 135.281839415722686, 33.908954305819293 ], [ 135.281670120226806, 33.909175902929078 ], [ 135.281530970771854, 33.910398869000289 ], [ 135.282528433911096, 33.910856590414312 ], [ 135.283408060348904, 33.911677920526586 ], [ 135.284872713870755, 33.912087763538025 ], [ 135.284945399599479, 33.912863844750667 ], [ 135.284482006157873, 33.913460301093373 ], [ 135.284131943435142, 33.913586187858776 ], [ 135.282620857745684, 33.913441618612453 ], [ 135.282142102455879, 33.9130958062809 ], [ 135.281241407314781, 33.9128538987556 ], [ 135.279680660412026, 33.912800150818072 ], [ 135.279181736859442, 33.912363063615139 ], [ 135.27872685634776, 33.912234606446781 ], [ 135.277081321192242, 33.912849065478476 ], [ 135.275936379016429, 33.912889130679496 ], [ 135.275106956523814, 33.913122627435769 ], [ 135.274451122350342, 33.913528442541157 ], [ 135.274582359343782, 33.914501956774352 ], [ 135.274255950910828, 33.915413193296082 ], [ 135.273025771863757, 33.916701165897059 ], [ 135.272598476421763, 33.916814590824316 ], [ 135.270089591058991, 33.916114306105669 ], [ 135.269717152636673, 33.916134928814337 ], [ 135.26897367214363, 33.916557103675451 ], [ 135.26821967057208, 33.916568139519271 ], [ 135.26776614144714, 33.916813674819934 ], [ 135.266894900875627, 33.917748986766682 ], [ 135.264180802445821, 33.918673190100627 ], [ 135.263180433712847, 33.91946795273202 ], [ 135.261979028558244, 33.920008777189608 ], [ 135.264060225383162, 33.920298152301761 ], [ 135.265265578337448, 33.921040547293032 ], [ 135.266937229369404, 33.921364062390531 ], [ 135.267822808898757, 33.921898716858813 ], [ 135.268916883280042, 33.922122422369696 ], [ 135.269409496499179, 33.922765747081741 ], [ 135.27042180078908, 33.922462933617659 ], [ 135.271284150612587, 33.9225039450004 ], [ 135.271876141020812, 33.922293448222412 ], [ 135.272396620745354, 33.922414143815786 ], [ 135.272819687711802, 33.922702608830477 ], [ 135.273263715203711, 33.923518765378269 ], [ 135.274055262719827, 33.923819113995997 ], [ 135.275510621819194, 33.923989383190325 ], [ 135.275924445802872, 33.924213967716327 ], [ 135.276395998191333, 33.924786987647217 ], [ 135.276292600174656, 33.925894069936881 ], [ 135.275583461683908, 33.926966607085511 ], [ 135.275410899616986, 33.928127095496933 ], [ 135.276191377602231, 33.929283454804725 ], [ 135.276556065809046, 33.929516061720285 ], [ 135.277378502363234, 33.929648370010177 ], [ 135.277602167922339, 33.929870146984236 ], [ 135.277702312607801, 33.930550307224166 ], [ 135.277390115707476, 33.931066470948785 ] ] ] } },
{ "type": "Feature", "properties": { "CITY_NAME": "日高川町", "S_NAME": "大字老星", "JINKO": 46, "medical_area": "30_御坊医療圏", "町丁目名": "日高川町大字老星" }, "geometry": { "type": "Polygon", "coordinates": [ [ [ 135.283793502679202, 33.934813165457655 ], [ 135.28342959300096, 33.933372865510115 ], [ 135.284070911492819, 33.932311297258167 ], [ 135.285281923907974, 33.931250917071758 ], [ 135.286720353374733, 33.9307621053931 ], [ 135.287409368420811, 33.930073976284007 ], [ 135.290930897909021, 33.927813116724039 ], [ 135.292179459141209, 33.927194813766896 ], [ 135.293278529364898, 33.926791037212624 ], [ 135.294932000179188, 33.926467059907516 ], [ 135.297241934772785, 33.926347552395107 ], [ 135.30019469619657, 33.926477209518822 ], [ 135.302969282202071, 33.926001716926685 ], [ 135.304239306910461, 33.925497948188337 ], [ 135.305911552657705, 33.924478578855172 ], [ 135.306885724700692, 33.924125681951679 ], [ 135.30822365253178, 33.924080097336699 ], [ 135.307584372507733, 33.923048260466402 ], [ 135.306552894777894, 33.921921938961233 ], [ 135.303785907165093, 33.920025081684841 ], [ 135.302793627118859, 33.918022417639058 ], [ 135.301555225193425, 33.916150916589849 ], [ 135.300513723721764, 33.914134859762825 ], [ 135.300107054933392, 33.914176080773785 ], [ 135.298920512931033, 33.914964996406709 ], [ 135.298222715133534, 33.915907702048408 ], [ 135.298055909860238, 33.916447710676536 ], [ 135.298031829904374, 33.919389037547845 ], [ 135.297034788057346, 33.921481680359811 ], [ 135.29431022351082, 33.924969102213176 ], [ 135.294272010036025, 33.925330649461515 ], [ 135.294724446800615, 33.925998168210818 ], [ 135.294664719255024, 33.926125036138679 ], [ 135.292383731330091, 33.924356661373736 ], [ 135.291119397327662, 33.923899582866092 ], [ 135.289684982819011, 33.924126020346797 ], [ 135.288544966662869, 33.924965253454637 ], [ 135.286357225576324, 33.925035859777402 ], [ 135.28461758409199, 33.925696334410013 ], [ 135.283690836508043, 33.926319400576318 ], [ 135.278776977105935, 33.930424593232665 ], [ 135.278041250197504, 33.930891514182505 ], [ 135.277390115707476, 33.931066470948785 ], [ 135.277335577576224, 33.931481024025992 ], [ 135.277924472546403, 33.932113613565939 ], [ 135.278062255315916, 33.932509710586579 ], [ 135.27772288987191, 33.933631472211871 ], [ 135.281296522995433, 33.93468016317123 ], [ 135.283793502679202, 33.934813165457655 ] ] ] } },
{ "type": "Feature", "properties": { "CITY_NAME": "日高川町", "S_NAME": "大字三佐", "JINKO": 154, "medical_area": "30_御坊医療圏", "町丁目名": "日高川町大字三佐" }, "geometry": { "type": "Polygon", "coordinates": [ [ [ 135.310919476830492, 33.931409239991467 ], [ 135.311634193875136, 33.93090411105635 ], [ 135.313284059388252, 33.930222174078359 ], [ 135.317634402597179, 33.927673640655492 ], [ 135.321272740327544, 33.925956712564101 ], [ 135.321672018912892, 33.925867619990726 ], [ 135.325594879783097, 33.926398248339204 ], [ 135.327640009851393, 33.926131468598719 ], [ 135.328628313446586, 33.925808471839048 ], [ 135.328927251014278, 33.925399588609949 ], [ 135.329540855327082, 33.922570629603634 ], [ 135.331893460552521, 33.919831805422191 ], [ 135.334817106475128, 33.91756778053432 ], [ 135.335114949051075, 33.916732715806752 ], [ 135.335076190871121, 33.915800042878629 ], [ 135.334788069309781, 33.915047618977894 ], [ 135.334018289423426, 33.913905328943791 ], [ 135.333796438459842, 33.91275345114218 ], [ 135.334049653256358, 33.911659779292975 ], [ 135.333233211274262, 33.91044046241781 ], [ 135.332860635059291, 33.910110210360941 ], [ 135.332184163877031, 33.909885803740075 ], [ 135.330102882250202, 33.909648010000673 ], [ 135.329514786102493, 33.908688550695643 ], [ 135.328900752634638, 33.906753376029243 ], [ 135.328183277821694, 33.906344174352796 ], [ 135.327032825161865, 33.906160829175263 ], [ 135.325320768296507, 33.904104264388714 ], [ 135.322120813938341, 33.90451683797184 ], [ 135.321158608155599, 33.904921217192125 ], [ 135.320326856792491, 33.904399474719831 ], [ 135.319827042091418, 33.904327267206419 ], [ 135.318073344669045, 33.904618637982239 ], [ 135.316656311490476, 33.904518238778081 ], [ 135.315334668183198, 33.904912973520048 ], [ 135.31051376208876, 33.902304269375769 ], [ 135.307516337088515, 33.903498013300513 ], [ 135.306750683951975, 33.903374386568757 ], [ 135.306149634930279, 33.90347455164995 ], [ 135.305176550869589, 33.902959947160511 ], [ 135.304584359188624, 33.903265546993886 ], [ 135.303501019435032, 33.903311133352531 ], [ 135.30280638781511, 33.903595865701568 ], [ 135.301878423629518, 33.90360667511014 ], [ 135.301181893305312, 33.903833205529637 ], [ 135.300297808608235, 33.903771981338416 ], [ 135.299124628730652, 33.904080039572705 ], [ 135.297790536811505, 33.903797736563781 ], [ 135.298979425574487, 33.907763729660843 ], [ 135.29969718294916, 33.90847388820616 ], [ 135.300214906451487, 33.908651093994209 ], [ 135.300407575260721, 33.908903091336811 ], [ 135.300474067859085, 33.909434859393251 ], [ 135.302590329262188, 33.911077088051975 ], [ 135.303055763743799, 33.911988376507637 ], [ 135.303086480870746, 33.912564308254353 ], [ 135.300962199814677, 33.913488956577439 ], [ 135.300679779391828, 33.913803337050545 ], [ 135.300513723721764, 33.914134859762825 ], [ 135.300817132015965, 33.914795314040262 ], [ 135.302793627118859, 33.918022417639058 ], [ 135.303785907165093, 33.920025081684841 ], [ 135.304622611196521, 33.920692908588286 ], [ 135.305930297307299, 33.921396349256213 ], [ 135.307584372507733, 33.923048260466402 ], [ 135.30822365253178, 33.924080097336699 ], [ 135.309117819711389, 33.924447587325496 ], [ 135.30961553715818, 33.924867649020683 ], [ 135.309896987578782, 33.925881547117655 ], [ 135.30974257421127, 33.927261112151726 ], [ 135.309918605946564, 33.930020829716661 ], [ 135.310197427065731, 33.930686748904449 ], [ 135.310919476830492, 33.931409239991467 ] ] ] } },
{ "type": "Feature", "properties": { "CITY_NAME": "日高川町", "S_NAME": "大字田尻", "JINKO": 86, "medical_area": "30_御坊医療圏", "町丁目名": "日高川町大字田尻" }, "geometry": { "type": "Polygon", "coordinates": [ [ [ 135.349440771447291, 33.939574109477867 ], [ 135.349116773567289, 33.938884642101236 ], [ 135.34914830915028, 33.938355394917195 ], [ 135.349877612272763, 33.937410441677024 ], [ 135.350181117345727, 33.935746616030499 ], [ 135.350482514486544, 33.935121454043731 ], [ 135.35240278745664, 33.934860505868194 ], [ 135.353151058206635, 33.934393343280007 ], [ 135.354519046472831, 33.932726051206103 ], [ 135.355869646542317, 33.932379641485909 ], [ 135.357275127772965, 33.931667500203922 ], [ 135.358826350684581, 33.931377881468094 ], [ 135.359966475727617, 33.930292268225372 ], [ 135.360126616149415, 33.929721134093064 ], [ 135.360061486162607, 33.927545369551289 ], [ 135.361139797268748, 33.92682658607 ], [ 135.361814963467623, 33.926084712375278 ], [ 135.36170543936197, 33.924794146321332 ], [ 135.361988499258587, 33.9237784883777 ], [ 135.361456203117541, 33.922262588133385 ], [ 135.362500676733305, 33.921982432873648 ], [ 135.362957784111899, 33.921612880610198 ], [ 135.363310255687139, 33.920224392683764 ], [ 135.363880496456062, 33.919887395403819 ], [ 135.364355484195187, 33.919258287732383 ], [ 135.3644778340051, 33.917805624325702 ], [ 135.364853137342948, 33.917007511769505 ], [ 135.365179633966051, 33.91554350152829 ], [ 135.363960105311008, 33.915096132895982 ], [ 135.35840910512843, 33.914435577903859 ], [ 135.354637749343681, 33.914542209913485 ], [ 135.351792670436993, 33.913210994468336 ], [ 135.350024110297227, 33.912794170587112 ], [ 135.348841707990317, 33.912883615992051 ], [ 135.347331316611843, 33.912637445580465 ], [ 135.345707305324055, 33.913074172175314 ], [ 135.344598537244252, 33.912683564145929 ], [ 135.342570268787597, 33.912288200335986 ], [ 135.341348193564585, 33.912787441635537 ], [ 135.3393116995924, 33.91292336758886 ], [ 135.337314738807805, 33.912365933901924 ], [ 135.336488621775374, 33.912453917316618 ], [ 135.33540545912021, 33.912324971690936 ], [ 135.334842879007198, 33.911788303601249 ], [ 135.334049653256358, 33.911659779292975 ], [ 135.333809289200815, 33.913072746789233 ], [ 135.334018289423426, 33.913905328943791 ], [ 135.334788069309781, 33.915047618977894 ], [ 135.335076190871121, 33.915800042878629 ], [ 135.335114949051075, 33.916732715806752 ], [ 135.334957891106797, 33.917210852246271 ], [ 135.33443097689937, 33.917923246194938 ], [ 135.331306367792763, 33.920390580796017 ], [ 135.329540855327082, 33.922570629603634 ], [ 135.328927251014278, 33.925399588609949 ], [ 135.328628313446586, 33.925808471839048 ], [ 135.327640009851393, 33.926131468598719 ], [ 135.325594879783097, 33.926398248339204 ], [ 135.321672018912892, 33.925867619990726 ], [ 135.321272740327544, 33.925956712564101 ], [ 135.317634402597179, 33.927673640655492 ], [ 135.313284059388252, 33.930222174078359 ], [ 135.311634193875136, 33.93090411105635 ], [ 135.310919476830492, 33.931409239991467 ], [ 135.313230799512354, 33.935098950196299 ], [ 135.313959582058999, 33.9356362202466 ], [ 135.315964443197629, 33.936175506971018 ], [ 135.320150881719599, 33.936026672925891 ], [ 135.322639446376655, 33.936498361092717 ], [ 135.323893614786527, 33.936996314075635 ], [ 135.327092136319294, 33.938680729249171 ], [ 135.327769798223471, 33.93929130408079 ], [ 135.328644143574081, 33.940460104264631 ], [ 135.328949679817981, 33.941125143222983 ], [ 135.329045886615319, 33.942701351009092 ], [ 135.328695977247691, 33.943810107389972 ], [ 135.328176544585233, 33.944775938255439 ], [ 135.325655116694719, 33.947477293082102 ], [ 135.327553352808252, 33.947103611484998 ], [ 135.328408063860223, 33.946738462641591 ], [ 135.329401685255078, 33.946020324821227 ], [ 135.331579895906998, 33.944046355150441 ], [ 135.332039453415121, 33.943172597044267 ], [ 135.334023385293449, 33.94088788144532 ], [ 135.335553881585241, 33.940075802481239 ], [ 135.340904822407964, 33.938529047759118 ], [ 135.341742108806812, 33.938559432296884 ], [ 135.346022495109708, 33.939608868194838 ], [ 135.347355545496896, 33.939719321727786 ], [ 135.349440771447291, 33.939574109477867 ] ] ] } },
{ "type": "Feature", "properties": { "CITY_NAME": "日高川町", "S_NAME": "大字小釜本", "JINKO": 71, "medical_area": "30_御坊医療圏", "町丁目名": "日高川町大字小釜本" }, "geometry": { "type": "Polygon", "coordinates": [ [ [ 135.311195207935128, 33.95115150514038 ], [ 135.313695935992541, 33.951744473932663 ], [ 135.316944506903639, 33.95206810284779 ], [ 135.318991131267154, 33.951970685388389 ], [ 135.320880564871146, 33.951247299677249 ], [ 135.321665984124422, 33.95069178910331 ], [ 135.322575244339788, 33.94938523323259 ], [ 135.323813523161249, 33.948290647123542 ], [ 135.325655116694719, 33.947477293082102 ], [ 135.328176544585233, 33.944775938255439 ], [ 135.328695977247691, 33.943810107389972 ], [ 135.329045886615319, 33.942701351009092 ], [ 135.329049763871154, 33.941537604761827 ], [ 135.328644143574081, 33.940460104264631 ], [ 135.327769798223471, 33.93929130408079 ], [ 135.327092136319294, 33.938680729249171 ], [ 135.323893614786527, 33.936996314075635 ], [ 135.322639446376655, 33.936498361092717 ], [ 135.320150881719599, 33.936026672925891 ], [ 135.315964443197629, 33.936175506971018 ], [ 135.313959582058999, 33.9356362202466 ], [ 135.313230799512354, 33.935098950196299 ], [ 135.310919476830492, 33.931409239991467 ], [ 135.308703422285959, 33.932906292631692 ], [ 135.307702592451051, 33.933901295297709 ], [ 135.307266104206207, 33.934934261235853 ], [ 135.306397383033783, 33.935848008209035 ], [ 135.30620643879908, 33.936291951452361 ], [ 135.306038206090648, 33.937767219853455 ], [ 135.305693999211883, 33.938158741137116 ], [ 135.308151384280194, 33.942052500773663 ], [ 135.310081528494322, 33.944747512437864 ], [ 135.311256746436129, 33.947165048269433 ], [ 135.311460834720265, 33.948457885808473 ], [ 135.311195207935128, 33.95115150514038 ] ] ] } },
{ "type": "Feature", "properties": { "CITY_NAME": "日高川町", "S_NAME": "大字下田原", "JINKO": 56, "medical_area": "30_御坊医療圏", "町丁目名": "日高川町大字下田原" }, "geometry": { "type": "Polygon", "coordinates": [ [ [ 135.316618151509914, 33.965954573593919 ], [ 135.319936670025243, 33.96478126079527 ], [ 135.321369178926915, 33.963154994999684 ], [ 135.322928321868318, 33.960916311266487 ], [ 135.324302658689049, 33.959857832070917 ], [ 135.325101923424882, 33.959596228892231 ], [ 135.328755828342906, 33.959059399343353 ], [ 135.32949901681647, 33.958648553341519 ], [ 135.330239248836051, 33.957583592867586 ], [ 135.331256925272641, 33.954955823659347 ], [ 135.33302379272439, 33.954940151657006 ], [ 135.337109674383953, 33.955599865611447 ], [ 135.337896426749495, 33.95540416970357 ], [ 135.33968387121007, 33.954512095518176 ], [ 135.342016418199108, 33.954239799124963 ], [ 135.346076883755416, 33.954705501445645 ], [ 135.348217906979841, 33.954657221023865 ], [ 135.349318902169841, 33.954447491731777 ], [ 135.350815656150417, 33.955064392882242 ], [ 135.351432610114387, 33.955096377371852 ], [ 135.350793746232938, 33.954682359473367 ], [ 135.3507079154721, 33.954436922089997 ], [ 135.351497614784904, 33.950807950080062 ], [ 135.351986208634685, 33.949624939503636 ], [ 135.35194503786829, 33.949413838174934 ], [ 135.351084080933248, 33.948660998716228 ], [ 135.350655631594691, 33.9480173530443 ], [ 135.350901744363426, 33.946248168680754 ], [ 135.350794586146208, 33.945566206757306 ], [ 135.349790214935638, 33.943630087377457 ], [ 135.350018792944297, 33.942061227074625 ], [ 135.350293807093493, 33.941241931801393 ], [ 135.350223404077923, 33.940875706150997 ], [ 135.349440771447291, 33.939574109477867 ], [ 135.347355545496896, 33.939719321727786 ], [ 135.346022495109708, 33.939608868194838 ], [ 135.341183983904983, 33.938530536520076 ], [ 135.340563193661694, 33.938578927062132 ], [ 135.33745536802914, 33.939483910810559 ], [ 135.334756161479845, 33.940401017035761 ], [ 135.334023385293449, 33.94088788144532 ], [ 135.332039453415121, 33.943172597044267 ], [ 135.331579895906998, 33.944046355150441 ], [ 135.330736794912951, 33.944720808112578 ], [ 135.330224917012941, 33.945398178383094 ], [ 135.328408063860223, 33.946738462641591 ], [ 135.327553352808252, 33.947103611484998 ], [ 135.325199277351544, 33.947626667837781 ], [ 135.323813523161249, 33.948290647123542 ], [ 135.322575244339788, 33.94938523323259 ], [ 135.32149741902245, 33.950860897947642 ], [ 135.3205621050692, 33.951436992858234 ], [ 135.318991131267154, 33.951970685388389 ], [ 135.316944506903639, 33.95206810284779 ], [ 135.313695935992541, 33.951744473932663 ], [ 135.311195207935128, 33.95115150514038 ], [ 135.309441970437462, 33.95603235379135 ], [ 135.307381759539936, 33.959215181530325 ], [ 135.306602553565227, 33.960871878206014 ], [ 135.306411407457261, 33.961618857378504 ], [ 135.306485525060282, 33.962021900143689 ], [ 135.306914444232547, 33.962261688508043 ], [ 135.307722228946375, 33.962222128464596 ], [ 135.308765450534935, 33.962421260475203 ], [ 135.310692573099942, 33.963382264887066 ], [ 135.311064089916499, 33.964101123993949 ], [ 135.311138245662534, 33.96567583565777 ], [ 135.311751482734053, 33.966094003429859 ], [ 135.312753204338435, 33.966287946980735 ], [ 135.316618151509914, 33.965954573593919 ] ] ] } },
{ "type": "Feature", "properties": { "CITY_NAME": "日高川町", "S_NAME": "大字上田原", "JINKO": 31, "medical_area": "30_御坊医療圏", "町丁目名": "日高川町大字上田原" }, "geometry": { "type": "Polygon", "coordinates": [ [ [ 135.34636626689516, 33.967635695408021 ], [ 135.34646337392951, 33.967372772209728 ], [ 135.347651090532395, 33.966836532485708 ], [ 135.348962184542415, 33.964750189563169 ], [ 135.349627518670047, 33.962258232356064 ], [ 135.350032337533605, 33.961656569912236 ], [ 135.350711951018639, 33.961107336696621 ], [ 135.349790282990881, 33.960038165701071 ], [ 135.349966632413015, 33.959607022162963 ], [ 135.350810984547053, 33.958811277804749 ], [ 135.350701177583176, 33.95705734419591 ], [ 135.351460051859931, 33.955228523376206 ], [ 135.351432610114387, 33.955096377371852 ], [ 135.350815656150417, 33.955064392882242 ], [ 135.349551476353298, 33.95446872394777 ], [ 135.346076883755416, 33.954705501445645 ], [ 135.342016418199108, 33.954239799124963 ], [ 135.34060659490882, 33.954339788577805 ], [ 135.33968387121007, 33.954512095518176 ], [ 135.337896426749495, 33.95540416970357 ], [ 135.337109674383953, 33.955599865611447 ], [ 135.33302379272439, 33.954940151657006 ], [ 135.331256925272641, 33.954955823659347 ], [ 135.330239248836051, 33.957583592867586 ], [ 135.32949901681647, 33.958648553341519 ], [ 135.328755828342906, 33.959059399343353 ], [ 135.325101923424882, 33.959596228892231 ], [ 135.324302658689049, 33.959857832070917 ], [ 135.322928321868318, 33.960916311266487 ], [ 135.321369178926915, 33.963154994999684 ], [ 135.319936670025243, 33.96478126079527 ], [ 135.316618151509914, 33.965954573593919 ], [ 135.320443527227383, 33.965756525906535 ], [ 135.329333024495014, 33.966350334429769 ], [ 135.339252782661021, 33.966569554915324 ], [ 135.341485954336321, 33.966802765981548 ], [ 135.343663342525531, 33.96733457744849 ], [ 135.34636626689516, 33.967635695408021 ] ] ] } },
{ "type": "Feature", "properties": { "CITY_NAME": "日高川町", "S_NAME": "大字川原河", "JINKO": 203, "medical_area": "30_御坊医療圏", "町丁目名": "日高川町大字川原河" }, "geometry": { "type": "Polygon", "coordinates": [ [ [ 135.373895236775127, 33.974589833523851 ], [ 135.376820542497143, 33.973721500149153 ], [ 135.377050539625031, 33.973420485707699 ], [ 135.377136515593378, 33.972857843916515 ], [ 135.37690911749462, 33.972314327821472 ], [ 135.376589852984466, 33.972028006556691 ], [ 135.375519048547545, 33.971805078036027 ], [ 135.373355770769166, 33.972104170284375 ], [ 135.372040488228379, 33.972554059438174 ], [ 135.36959922358659, 33.973785281342657 ], [ 135.36877606117406, 33.974508277065333 ], [ 135.367407664820888, 33.973994273119033 ], [ 135.365068765647123, 33.9723353161489 ], [ 135.364751507109304, 33.973066516194024 ], [ 135.363340283496711, 33.974390380645403 ], [ 135.363664111233021, 33.975587369492189 ], [ 135.363946824887392, 33.978711311986061 ], [ 135.364779227903625, 33.982096891672292 ], [ 135.365401475518894, 33.983202439798134 ], [ 135.366253141153095, 33.983759885545588 ], [ 135.366900957716041, 33.983969446416424 ], [ 135.369628389231167, 33.98412003283206 ], [ 135.372551639102255, 33.98394557030602 ], [ 135.374269402301479, 33.98352462348425 ], [ 135.374594609661528, 33.98331495930875 ], [ 135.374810029949344, 33.982572933841929 ], [ 135.374671506313859, 33.980803401774224 ], [ 135.373661060749981, 33.977574068161218 ], [ 135.373377137470783, 33.9758257767893 ], [ 135.373493973948371, 33.974937447909639 ], [ 135.373895236775127, 33.974589833523851 ] ] ] } },
{ "type": "Feature", "properties": { "CITY_NAME": "日高川町", "S_NAME": "大字上越方", "JINKO": 16, "medical_area": "30_御坊医療圏", "町丁目名": "日高川町大字上越方" }, "geometry": { "type": "Polygon", "coordinates": [ [ [ 135.354824020243313, 33.977791490160755 ], [ 135.356349882833399, 33.975739414197264 ], [ 135.357520797107014, 33.973090148149879 ], [ 135.357397259656295, 33.972006177613892 ], [ 135.356343217115523, 33.970121979217588 ], [ 135.355995740871464, 33.968327380945411 ], [ 135.355983101551345, 33.967417397806358 ], [ 135.356426599266314, 33.966886070159426 ], [ 135.358172953908763, 33.966973761262302 ], [ 135.358613242734407, 33.967359231214274 ], [ 135.360170545238418, 33.970323593690573 ], [ 135.363340283496711, 33.974390380645403 ], [ 135.364751507109304, 33.973066516194024 ], [ 135.365068765647123, 33.9723353161489 ], [ 135.362561263278565, 33.970254514938851 ], [ 135.362317798468212, 33.969725538802251 ], [ 135.362323834566439, 33.968916090773959 ], [ 135.362635924556173, 33.96799523639551 ], [ 135.363205586452068, 33.967109376454935 ], [ 135.362709470569143, 33.966566135444879 ], [ 135.361730694831664, 33.964851690472891 ], [ 135.360476376470331, 33.963617898253531 ], [ 135.357810772318174, 33.962201665381656 ], [ 135.357119067566373, 33.962008031329198 ], [ 135.35204678231014, 33.960944157376936 ], [ 135.350722809245354, 33.96104667512018 ], [ 135.350032337533605, 33.961656569912236 ], [ 135.349627518670047, 33.962258232356064 ], [ 135.348962184542415, 33.964750189563169 ], [ 135.347651090532395, 33.966836532485708 ], [ 135.34646337392951, 33.967372772209728 ], [ 135.34636626689516, 33.967635695408021 ], [ 135.346734203589477, 33.968103086135315 ], [ 135.347800131395957, 33.96855866483115 ], [ 135.348465800903512, 33.969222738868062 ], [ 135.349088007737322, 33.969594266262717 ], [ 135.349803141368341, 33.97043638703191 ], [ 135.350127403751031, 33.971229822150015 ], [ 135.351873999558109, 33.972416583884296 ], [ 135.352086389334431, 33.972698182400556 ], [ 135.352598463757005, 33.974567898052364 ], [ 135.353465197379279, 33.976704729953141 ], [ 135.354274161051279, 33.977641549817143 ], [ 135.354824020243313, 33.977791490160755 ] ] ] } },
{ "type": "Feature", "properties": { "CITY_NAME": "日高川町", "S_NAME": "大字浅間", "JINKO": 32, "medical_area": "30_御坊医療圏", "町丁目名": "日高川町大字浅間" }, "geometry": { "type": "Polygon", "coordinates": [ [ [ 135.36877606117406, 33.974508277065333 ], [ 135.369599223586562, 33.973785281342636 ], [ 135.372729853961999, 33.972300467490292 ], [ 135.375137291422902, 33.971799904090133 ], [ 135.376589852984466, 33.972028006556663 ], [ 135.375444471872754, 33.970763775738355 ], [ 135.374979013306017, 33.969041456685467 ], [ 135.375106568772594, 33.966453053352041 ], [ 135.375548169370575, 33.965495636420485 ], [ 135.376379026989412, 33.964529487215046 ], [ 135.373178609220616, 33.963581025967109 ], [ 135.371281325991134, 33.964310421084917 ], [ 135.368519585710601, 33.966359807407706 ], [ 135.366663553238908, 33.967089368385039 ], [ 135.364784725986965, 33.967498002361857 ], [ 135.363896632715665, 33.967405109749002 ], [ 135.363205586452068, 33.967109376454935 ], [ 135.362635924556173, 33.96799523639551 ], [ 135.362323834566439, 33.968916090773959 ], [ 135.362317798468212, 33.969725538802251 ], [ 135.362561263278565, 33.970254514938851 ], [ 135.364886223033182, 33.972217734298027 ], [ 135.366936994065242, 33.973539091875942 ], [ 135.367407664820888, 33.973994273119033 ], [ 135.36877606117406, 33.974508277065333 ] ] ] } },
{ "type": "Feature", "properties": { "CITY_NAME": "日高川町", "S_NAME": "大字熊野川", "JINKO": 129, "medical_area": "30_御坊医療圏", "町丁目名": "日高川町大字熊野川" }, "geometry": { "type": "Polygon", "coordinates": [ [ [ 135.372274096123448, 33.962877371215647 ], [ 135.371633023891036, 33.959650368737343 ], [ 135.371666738902348, 33.957037250987185 ], [ 135.371048155642342, 33.955122912019192 ], [ 135.371072935181928, 33.952871632662685 ], [ 135.371802849214305, 33.951943471847599 ], [ 135.372373678028055, 33.95152854522663 ], [ 135.373306687860094, 33.951044321284378 ], [ 135.373899448788876, 33.950917308039998 ], [ 135.375432535764674, 33.947722598039014 ], [ 135.376820065577306, 33.945617347509923 ], [ 135.382944981972599, 33.941958426040109 ], [ 135.386628258290472, 33.937277117246346 ], [ 135.386817875454938, 33.936850920498784 ], [ 135.38677418846504, 33.936442869555734 ], [ 135.386599386005344, 33.93568466452183 ], [ 135.386109335314131, 33.934724287740245 ], [ 135.382783002691156, 33.929957894505371 ], [ 135.382459413063231, 33.928440056040557 ], [ 135.382591912360368, 33.926226841119913 ], [ 135.382391016549946, 33.924983018649627 ], [ 135.381661642073396, 33.922668276131255 ], [ 135.380950822167136, 33.921014051494623 ], [ 135.37989432712348, 33.919140144128605 ], [ 135.379462698751098, 33.919030763813481 ], [ 135.377205968436158, 33.917036678524546 ], [ 135.375256887672293, 33.915996866769476 ], [ 135.374729482410913, 33.915538598332517 ], [ 135.373394242710617, 33.915540695695512 ], [ 135.3710782305279, 33.91636261810735 ], [ 135.369912015202573, 33.91627622850514 ], [ 135.368811140106317, 33.91654165020509 ], [ 135.367324284138022, 33.916319622007215 ], [ 135.365179633966051, 33.91554350152829 ], [ 135.364853137342948, 33.917007511769505 ], [ 135.3644778340051, 33.917805624325702 ], [ 135.364355484195158, 33.919258287732376 ], [ 135.363880496456062, 33.919887395403819 ], [ 135.363310255687139, 33.92022439268375 ], [ 135.36295778411187, 33.921612880610198 ], [ 135.362500676733305, 33.921982432873648 ], [ 135.361456203117541, 33.922262588133393 ], [ 135.361988499258644, 33.9237784883777 ], [ 135.36170543936197, 33.924794146321311 ], [ 135.361814963467566, 33.926084712375278 ], [ 135.361139797268748, 33.92682658607 ], [ 135.360061486162664, 33.927545369551311 ], [ 135.360126616149415, 33.929721134093064 ], [ 135.359966475727617, 33.930292268225372 ], [ 135.358826350684581, 33.931377881468094 ], [ 135.357275127772965, 33.931667500203915 ], [ 135.355869646542317, 33.932379641485909 ], [ 135.354519046472831, 33.932726051206103 ], [ 135.353151058206635, 33.934393343280007 ], [ 135.35240278745664, 33.934860505868194 ], [ 135.350482514486544, 33.935121454043717 ], [ 135.350181117345727, 33.935746616030499 ], [ 135.349877612272763, 33.937410441677024 ], [ 135.34921416001643, 33.938141892891529 ], [ 135.349116773567289, 33.93888464210125 ], [ 135.350223404077923, 33.940875706150997 ], [ 135.350293807093493, 33.941241931801393 ], [ 135.350018792944297, 33.942061227074625 ], [ 135.349790214935638, 33.943630087377485 ], [ 135.350794586146208, 33.945566206757306 ], [ 135.350901744363426, 33.946248168680754 ], [ 135.350655631594691, 33.948017353044321 ], [ 135.351084080933248, 33.948660998716242 ], [ 135.35194503786829, 33.949413838174934 ], [ 135.351986208634628, 33.949624939503614 ], [ 135.351497614784904, 33.950807950080062 ], [ 135.3507079154721, 33.954436922089997 ], [ 135.350921321867673, 33.954789956766135 ], [ 135.351417033726904, 33.955004725430243 ], [ 135.351460051859931, 33.955228523376206 ], [ 135.350701177583176, 33.95705734419591 ], [ 135.350810984547053, 33.958811277804749 ], [ 135.349966632413015, 33.959607022162963 ], [ 135.349790282990881, 33.960038165701071 ], [ 135.350722809245354, 33.961046675120166 ], [ 135.352327207177893, 33.960989438204805 ], [ 135.354341237953889, 33.961525998380814 ], [ 135.357119067566373, 33.962008031329198 ], [ 135.358510066814603, 33.962555935022074 ], [ 135.360895037779954, 33.9639561914884 ], [ 135.361730694831664, 33.964851690472891 ], [ 135.362909116184824, 33.966859483453334 ], [ 135.363205586452068, 33.967109376454914 ], [ 135.364382765189475, 33.967495938087239 ], [ 135.365337926523466, 33.967431247706472 ], [ 135.366663553238908, 33.967089368385039 ], [ 135.368519585710601, 33.966359807407706 ], [ 135.371281325991134, 33.964310421084932 ], [ 135.373178609220616, 33.963581025967081 ], [ 135.372274096123448, 33.962877371215647 ] ] ] } },
{ "type": "Feature", "properties": { "CITY_NAME": "日高川町", "S_NAME": "大字滝頭", "JINKO": 84, "medical_area": "30_御坊医療圏", "町丁目名": "日高川町大字滝頭" }, "geometry": { "type": "Polygon", "coordinates": [ [ [ 135.383566740215429, 33.950246585709998 ], [ 135.38373703628568, 33.949329353118529 ], [ 135.385078380174122, 33.946801839033242 ], [ 135.389780693097123, 33.940549284630677 ], [ 135.391485194589677, 33.939045394338279 ], [ 135.39342010473348, 33.937778584900883 ], [ 135.393722781774841, 33.935631004097843 ], [ 135.393910964013997, 33.935274526630437 ], [ 135.398329259166957, 33.929874507071354 ], [ 135.397693881230026, 33.929707425569262 ], [ 135.397626042381859, 33.929416042804206 ], [ 135.397823074531146, 33.927666326421509 ], [ 135.398234592255847, 33.926206033509807 ], [ 135.398216416500617, 33.925224175068969 ], [ 135.396178029223165, 33.923522162524357 ], [ 135.394491411100859, 33.922636541061657 ], [ 135.393604476815767, 33.92175946662573 ], [ 135.393399560027802, 33.920780354977772 ], [ 135.39389561889331, 33.919991057999972 ], [ 135.393649975203658, 33.919258698435776 ], [ 135.39382348031728, 33.917793150923124 ], [ 135.393197506047699, 33.916893958150126 ], [ 135.392983547829004, 33.916832331366678 ], [ 135.390846305903949, 33.916894522699543 ], [ 135.387557060205381, 33.917278662805238 ], [ 135.385957456584833, 33.916898959865414 ], [ 135.383239781331298, 33.916617609128146 ], [ 135.38233613543332, 33.916794677563992 ], [ 135.381416116210943, 33.917501496084817 ], [ 135.380607542258787, 33.917872593030594 ], [ 135.37989432712348, 33.919140144128605 ], [ 135.380950822167136, 33.921014051494623 ], [ 135.381661642073396, 33.922668276131255 ], [ 135.382391016549946, 33.924983018649627 ], [ 135.382591912360368, 33.926226841119913 ], [ 135.382459413063231, 33.928440056040557 ], [ 135.382783002691156, 33.929957894505371 ], [ 135.386109335314131, 33.934724287740245 ], [ 135.386599386005372, 33.93568466452183 ], [ 135.386817875454938, 33.936850920498784 ], [ 135.384826809251109, 33.939715038972494 ], [ 135.382944981972599, 33.941958426040109 ], [ 135.376820065577277, 33.945617347509923 ], [ 135.375432535764674, 33.947722598039014 ], [ 135.373899448788876, 33.950917308039998 ], [ 135.374092656967207, 33.953401185935441 ], [ 135.373072151405609, 33.956436126185977 ], [ 135.373064361706923, 33.957499941370145 ], [ 135.373386140232498, 33.958265382141711 ], [ 135.374003241409042, 33.958936956092408 ], [ 135.37460698700599, 33.95919909052374 ], [ 135.375360354972344, 33.959148402652261 ], [ 135.376149062548507, 33.958743176529396 ], [ 135.376602391269358, 33.958372729277983 ], [ 135.377236228514647, 33.955556959032307 ], [ 135.377553087525399, 33.954753761565406 ], [ 135.379389219052143, 33.952103342611672 ], [ 135.381117709057065, 33.950747944905295 ], [ 135.382610467223543, 33.950291669987635 ], [ 135.383566740215429, 33.950246585709998 ] ] ] } },
{ "type": "Feature", "properties": { "CITY_NAME": "日高川町", "S_NAME": "大字初湯川", "JINKO": 320, "medical_area": "30_御坊医療圏", "町丁目名": "日高川町大字初湯川" }, "geometry": { "type": "Polygon", "coordinates": [ [ [ 135.438663450824379, 33.98724399025177 ], [ 135.434111209217832, 33.983852687065067 ], [ 135.43264612627533, 33.982310376562261 ], [ 135.432389500243062, 33.981749205442014 ], [ 135.432441175580408, 33.981083234177902 ], [ 135.432989596834716, 33.979644015664412 ], [ 135.433685187303439, 33.979230636181406 ], [ 135.435361025151565, 33.979014176635232 ], [ 135.439726790379694, 33.979482604438537 ], [ 135.444662012170284, 33.979697040713909 ], [ 135.446589984788147, 33.979176968637844 ], [ 135.448066050563227, 33.978263910274592 ], [ 135.446691084923827, 33.977467443642979 ], [ 135.442583175313786, 33.975866787777591 ], [ 135.439515135486573, 33.974459053399514 ], [ 135.438255683259626, 33.973641023942385 ], [ 135.437593125498807, 33.972735537466569 ], [ 135.437237083115946, 33.971921748291308 ], [ 135.43681414623029, 33.970295344427484 ], [ 135.43664280824197, 33.968880718239021 ], [ 135.435983665580466, 33.967463865537482 ], [ 135.433182178435118, 33.964909205350416 ], [ 135.431652382968025, 33.96402987852484 ], [ 135.426229071692518, 33.961854077154463 ], [ 135.424651626264961, 33.961365378414833 ], [ 135.42349647537236, 33.961209546078557 ], [ 135.4199558305165, 33.961177884349041 ], [ 135.419176795125651, 33.96150512983133 ], [ 135.41661419370044, 33.963749175723194 ], [ 135.414619612538445, 33.965021141454621 ], [ 135.411161144275667, 33.961941430965275 ], [ 135.409905457998718, 33.961083130721633 ], [ 135.408553045362254, 33.960442585546772 ], [ 135.404774466685438, 33.959532554517423 ], [ 135.40238266813472, 33.959461553121763 ], [ 135.400259151566388, 33.960164649305945 ], [ 135.398171511651384, 33.961726943123224 ], [ 135.395838438519576, 33.964748386325972 ], [ 135.395706740541215, 33.965159934824911 ], [ 135.395501743851469, 33.963878392906544 ], [ 135.394709071340543, 33.961497120634171 ], [ 135.394193165944614, 33.959131686024037 ], [ 135.395008451648522, 33.956103776827646 ], [ 135.39332944682161, 33.953356210641232 ], [ 135.392639076684247, 33.951704856713079 ], [ 135.392774547932731, 33.9505251309551 ], [ 135.393633685033535, 33.94817998293594 ], [ 135.394502214043683, 33.944509656337772 ], [ 135.394130162469054, 33.9394635863625 ], [ 135.393672237566676, 33.938047069977344 ], [ 135.39342010473348, 33.937778584900883 ], [ 135.391485194589677, 33.939045394338279 ], [ 135.389780693097123, 33.940549284630677 ], [ 135.388987580078975, 33.941481344234504 ], [ 135.385078380174122, 33.946801839033242 ], [ 135.38373703628568, 33.9493293531185 ], [ 135.383566740215429, 33.950246585709998 ], [ 135.382610467223543, 33.950291669987614 ], [ 135.381117709057094, 33.950747944905281 ], [ 135.379389219052172, 33.952103342611672 ], [ 135.377553087525399, 33.954753761565435 ], [ 135.377236228514647, 33.955556959032307 ], [ 135.376602391269358, 33.958372729277983 ], [ 135.376149062548478, 33.958743176529396 ], [ 135.375360354972344, 33.959148402652282 ], [ 135.37460698700599, 33.959199090523754 ], [ 135.374003241409042, 33.958936956092408 ], [ 135.373386140232498, 33.958265382141732 ], [ 135.373064361706923, 33.957499941370145 ], [ 135.373072151405609, 33.956436126185977 ], [ 135.374092656967207, 33.953401185935441 ], [ 135.373899448788876, 33.950917308039998 ], [ 135.373306687860094, 33.951044321284378 ], [ 135.372373678028055, 33.95152854522663 ], [ 135.371802849214305, 33.951943471847599 ], [ 135.371072935181928, 33.952871632662685 ], [ 135.371048155642342, 33.955122912019192 ], [ 135.371593853935167, 33.956717808181807 ], [ 135.371724155694352, 33.957598629555342 ], [ 135.371633023891036, 33.959650368737343 ], [ 135.372068016448338, 33.962351833689951 ], [ 135.37257488589745, 33.96320898551123 ], [ 135.373178609220616, 33.963581025967081 ], [ 135.376379026989412, 33.964529487215046 ], [ 135.37763361729094, 33.965215432641024 ], [ 135.378375952911114, 33.965782411417145 ], [ 135.379229274023231, 33.967126735793443 ], [ 135.38015487012251, 33.968160639415835 ], [ 135.382021966282878, 33.96964583259107 ], [ 135.38417414716676, 33.972045262809225 ], [ 135.384779704693045, 33.972184228353996 ], [ 135.387608160847009, 33.971382648664502 ], [ 135.389311476096225, 33.971332774026848 ], [ 135.398995859466083, 33.974355659681628 ], [ 135.398147245165205, 33.976538730248976 ], [ 135.397653600745656, 33.978399521327894 ], [ 135.39762602826255, 33.979725857616778 ], [ 135.397813590274325, 33.980729237503098 ], [ 135.39817369202629, 33.981419594422327 ], [ 135.400144140033746, 33.984061883004195 ], [ 135.400213808814755, 33.984538095465254 ], [ 135.39976091818022, 33.984930895158989 ], [ 135.401187413796379, 33.985485571722023 ], [ 135.402711110456551, 33.985655554525707 ], [ 135.409632169198744, 33.985276375275824 ], [ 135.417893469097578, 33.984452842913143 ], [ 135.41882123244423, 33.986107847917381 ], [ 135.419762362862912, 33.98690005781507 ], [ 135.421750448226447, 33.987791014104005 ], [ 135.423610084600654, 33.98815010572519 ], [ 135.425732719132384, 33.987907170405897 ], [ 135.42873626485661, 33.986528878658426 ], [ 135.430387213956294, 33.986462297604902 ], [ 135.431355192831091, 33.986800940170752 ], [ 135.432707590170764, 33.988032405629561 ], [ 135.435479942126477, 33.992945883873894 ], [ 135.436110835710764, 33.993380412503349 ], [ 135.439260328393374, 33.994337624244992 ], [ 135.440707067447875, 33.994282750858879 ], [ 135.441130533382164, 33.994047991373584 ], [ 135.441463224714511, 33.993501342674115 ], [ 135.44133457467845, 33.991531724559074 ], [ 135.44060442305431, 33.990006667947206 ], [ 135.438663450824379, 33.98724399025177 ] ] ] } },
{ "type": "Feature", "properties": { "CITY_NAME": "日高川町", "S_NAME": "大字上初湯川", "JINKO": 38, "medical_area": "30_御坊医療圏", "町丁目名": "日高川町大字上初湯川" }, "geometry": { "type": "Polygon", "coordinates": [ [ [ 135.454930722392959, 34.039694434746544 ], [ 135.456277699278218, 34.038813157550457 ], [ 135.457130486081752, 34.038869601335563 ], [ 135.45823290773501, 34.038698919895367 ], [ 135.45900530156419, 34.038369708276242 ], [ 135.461392532922048, 34.036294953930572 ], [ 135.462342467477185, 34.035186781724256 ], [ 135.464115713109805, 34.033987514986649 ], [ 135.464794788549995, 34.032363967291865 ], [ 135.465879610791688, 34.032137216869664 ], [ 135.466816980014016, 34.031745564235109 ], [ 135.467491909368221, 34.031612256423088 ], [ 135.470830909018332, 34.031984291532424 ], [ 135.474028772012502, 34.031937244324844 ], [ 135.474716229354129, 34.032170636120092 ], [ 135.476216136497584, 34.032178981398751 ], [ 135.477701968247231, 34.032980491446224 ], [ 135.479197259410455, 34.032679850338013 ], [ 135.48021069973521, 34.032791605378556 ], [ 135.481156111407927, 34.032459605692203 ], [ 135.481958644936299, 34.029638516944928 ], [ 135.483638635797462, 34.027554058211365 ], [ 135.483497898916625, 34.026760941313682 ], [ 135.48370998316409, 34.025605999328576 ], [ 135.484362846862524, 34.02487127653535 ], [ 135.485311911433797, 34.024379943607677 ], [ 135.485462168746636, 34.024027975374544 ], [ 135.485375040816251, 34.022950948898135 ], [ 135.482612464477427, 34.020771155257279 ], [ 135.481350207361459, 34.019287161936575 ], [ 135.48003329863667, 34.012748769463848 ], [ 135.47961042930919, 34.012063483976895 ], [ 135.478859592103674, 34.0112946806723 ], [ 135.472928029216405, 34.006834452356138 ], [ 135.472466128273624, 34.006386343868158 ], [ 135.471838236123773, 34.005327831504246 ], [ 135.471576828554873, 34.004255950599315 ], [ 135.471625271321159, 34.003646468438582 ], [ 135.471972122289401, 34.002473221854849 ], [ 135.47368317550891, 33.998881625488806 ], [ 135.473849082664827, 33.998064559558706 ], [ 135.473784292712111, 33.99697857499627 ], [ 135.473422638380896, 33.996218720360432 ], [ 135.4728734708209, 33.995442997175488 ], [ 135.463837749454228, 33.987022130939394 ], [ 135.461911327806177, 33.985511284305083 ], [ 135.460505589332456, 33.984648474670657 ], [ 135.459346996932624, 33.98415992209155 ], [ 135.452812490389761, 33.98210959689596 ], [ 135.45191855710712, 33.981534234537072 ], [ 135.448066050563227, 33.978263910274592 ], [ 135.446589984788147, 33.979176968637844 ], [ 135.444662012170284, 33.979697040713909 ], [ 135.439726790379694, 33.979482604438537 ], [ 135.435361025151565, 33.979014176635232 ], [ 135.433685187303439, 33.979230636181406 ], [ 135.432989596834716, 33.979644015664412 ], [ 135.432441175580408, 33.981083234177902 ], [ 135.432389500243062, 33.981749205442014 ], [ 135.43264612627533, 33.982310376562261 ], [ 135.434111209217832, 33.983852687065067 ], [ 135.438663450824379, 33.98724399025177 ], [ 135.44060442305431, 33.990006667947206 ], [ 135.44133457467845, 33.991531724559074 ], [ 135.441494271467548, 33.99319521603779 ], [ 135.441130533382164, 33.994047991373584 ], [ 135.440276397385304, 33.994390546323594 ], [ 135.439260328393374, 33.994337624244992 ], [ 135.436110835710764, 33.993380412503349 ], [ 135.435479942126477, 33.992945883873894 ], [ 135.432707590170764, 33.988032405629561 ], [ 135.431355192831091, 33.986800940170752 ], [ 135.430387213956294, 33.986462297604902 ], [ 135.42873626485661, 33.986528878658426 ], [ 135.425732719132384, 33.987907170405897 ], [ 135.423610084600654, 33.98815010572519 ], [ 135.421750448226447, 33.987791014104005 ], [ 135.419762362862912, 33.98690005781507 ], [ 135.41882123244423, 33.986107847917381 ], [ 135.417893469097578, 33.984452842913143 ], [ 135.409632169198744, 33.985276375275824 ], [ 135.402711110456551, 33.985655554525707 ], [ 135.401187413796379, 33.985485571722023 ], [ 135.39976091818022, 33.984930895158989 ], [ 135.398493856168898, 33.984828624364361 ], [ 135.397638330556987, 33.985217191174172 ], [ 135.397084490015715, 33.985708100720636 ], [ 135.396733420803514, 33.986394414088956 ], [ 135.396521838367846, 33.987922437194705 ], [ 135.396162408589078, 33.988852145581291 ], [ 135.394580262802805, 33.990636746420577 ], [ 135.393559850132675, 33.992120218400856 ], [ 135.393212656899379, 33.993029830442339 ], [ 135.393061352480572, 33.994111286421393 ], [ 135.393080522780764, 33.995312332918587 ], [ 135.393495302907212, 33.996792264026155 ], [ 135.394714647735071, 33.998252053468633 ], [ 135.395086698269012, 33.998972748706912 ], [ 135.395225547108879, 34.000836601475669 ], [ 135.394771248481391, 34.001411526920357 ], [ 135.394001080794254, 34.001914041976605 ], [ 135.392829157873763, 34.00244500557195 ], [ 135.391148614997149, 34.003489747018705 ], [ 135.390547216432907, 34.00420564595251 ], [ 135.390382217801829, 34.005156698921439 ], [ 135.390476180164967, 34.006752248127775 ], [ 135.391125275970467, 34.009457216840708 ], [ 135.391524901874192, 34.010108036044663 ], [ 135.391767908664207, 34.010105710045224 ], [ 135.395045393921095, 34.011908461721966 ], [ 135.397682788187296, 34.012798439299424 ], [ 135.39904863616826, 34.014541265171552 ], [ 135.40005447021062, 34.014840599371325 ], [ 135.400941213789423, 34.0148922503476 ], [ 135.401208973965282, 34.015344772128742 ], [ 135.401503032824081, 34.016614067725762 ], [ 135.402026365615058, 34.01705754264993 ], [ 135.40208275596774, 34.018161562719982 ], [ 135.402341231576969, 34.019036512934676 ], [ 135.407554862639046, 34.020309910704619 ], [ 135.408907729710222, 34.021222484318876 ], [ 135.411555560610793, 34.022581449471417 ], [ 135.412163429292121, 34.022529827691265 ], [ 135.414908985635407, 34.023670970518985 ], [ 135.415979087568616, 34.024411102693833 ], [ 135.416672612120152, 34.024614558682913 ], [ 135.416945473469355, 34.024943512656911 ], [ 135.417146099038092, 34.026770570578911 ], [ 135.417362991743801, 34.027163496340421 ], [ 135.418787864791881, 34.027073849480935 ], [ 135.420094032762194, 34.027290727156497 ], [ 135.42195261291053, 34.027142926801723 ], [ 135.425166503659938, 34.027565440129919 ], [ 135.42636667021506, 34.027197989610762 ], [ 135.426764022564527, 34.027387046533605 ], [ 135.427212008492774, 34.028211795720409 ], [ 135.428332465693018, 34.029213802256962 ], [ 135.4297206927574, 34.029533372659564 ], [ 135.430716640749779, 34.030349679694012 ], [ 135.431546879572636, 34.030316869126132 ], [ 135.433372716299317, 34.030903394263071 ], [ 135.435343192394356, 34.030607290743738 ], [ 135.437037773905757, 34.030811596305348 ], [ 135.438070722782186, 34.031455051584878 ], [ 135.440175162256935, 34.03390317979288 ], [ 135.440839062905297, 34.034391648744048 ], [ 135.442217429894811, 34.034953509737456 ], [ 135.443948222652864, 34.036937360584695 ], [ 135.445100830139353, 34.037787808019317 ], [ 135.445857057365032, 34.038283851170242 ], [ 135.447105409471305, 34.038580508518251 ], [ 135.451182225011308, 34.040872704463837 ], [ 135.451937227454778, 34.040867467816376 ], [ 135.453554226856937, 34.039880213719307 ], [ 135.454930722392959, 34.039694434746544 ] ] ] } },
{ "type": "Feature", "properties": { "CITY_NAME": "日高川町", "S_NAME": "大字愛川", "JINKO": 33, "medical_area": "30_御坊医療圏", "町丁目名": "日高川町大字愛川" }, "geometry": { "type": "Polygon", "coordinates": [ [ [ 135.37366873193011, 34.012555300498924 ], [ 135.375722474641037, 34.011957952521882 ], [ 135.378708003134903, 34.012409705203723 ], [ 135.380025552259895, 34.012099769447154 ], [ 135.381282786118788, 34.012266102927335 ], [ 135.382026682424794, 34.01211711227743 ], [ 135.382949605149975, 34.011522292919764 ], [ 135.386185854261214, 34.011617285970573 ], [ 135.388885442179173, 34.011124927760022 ], [ 135.391524901874192, 34.010108036044663 ], [ 135.391125275970467, 34.009457216840708 ], [ 135.390476180164967, 34.006752248127775 ], [ 135.390382217801829, 34.005156698921439 ], [ 135.390547216432907, 34.00420564595251 ], [ 135.391625519401714, 34.003157950296902 ], [ 135.394771248481391, 34.001411526920357 ], [ 135.395089847863744, 34.001099226111698 ], [ 135.395282822690632, 34.000482448318067 ], [ 135.395204573412968, 33.999510048278083 ], [ 135.39493122321835, 33.998597407096099 ], [ 135.393705854899537, 33.997085890681532 ], [ 135.393331745184867, 33.996383493719861 ], [ 135.39303948273573, 33.994580714535523 ], [ 135.393212656899379, 33.993029830442339 ], [ 135.393559850132675, 33.992120218400856 ], [ 135.394168865847206, 33.991171459917915 ], [ 135.396162408589078, 33.988852145581291 ], [ 135.396521838367846, 33.987922437194705 ], [ 135.396733420803514, 33.986394414088956 ], [ 135.397084490015715, 33.985708100720636 ], [ 135.398202941925888, 33.984912710781437 ], [ 135.39881979929396, 33.984819090661119 ], [ 135.39976091818022, 33.984930895158989 ], [ 135.400213808814755, 33.984538095465254 ], [ 135.399976200116612, 33.983726909983851 ], [ 135.397933328760502, 33.981003120065701 ], [ 135.39762602826255, 33.979725857616778 ], [ 135.397653600745656, 33.978399521327894 ], [ 135.398147245165205, 33.976538730248976 ], [ 135.398995859466083, 33.974355659681628 ], [ 135.389311476096225, 33.971332774026848 ], [ 135.387608160847009, 33.971382648664502 ], [ 135.384779704693045, 33.972184228353996 ], [ 135.384061069026046, 33.972785553394523 ], [ 135.383495459105205, 33.973702352076785 ], [ 135.381599378188753, 33.982832966272547 ], [ 135.381388372268049, 33.984606379335027 ], [ 135.381684097389837, 33.987151506923233 ], [ 135.382391228325105, 33.990385852775823 ], [ 135.382387026512902, 33.990966513301565 ], [ 135.382010895796469, 33.991708863808853 ], [ 135.381178015887201, 33.992285505751902 ], [ 135.379376530009438, 33.99260312732649 ], [ 135.377630325317796, 33.992812106138572 ], [ 135.376442998398261, 33.992642688384635 ], [ 135.375308227546071, 33.992745832886612 ], [ 135.372295889805997, 33.994184035796607 ], [ 135.368963333250633, 33.994038608980752 ], [ 135.369150227643985, 33.995310094733355 ], [ 135.369039639857334, 33.996997501010654 ], [ 135.36864012987931, 33.997939186327883 ], [ 135.368332262482824, 33.998282476039975 ], [ 135.367631666868647, 33.998641927782366 ], [ 135.364734540144525, 33.999625302827553 ], [ 135.362472964537801, 34.00311661239035 ], [ 135.360339474612857, 34.005097261197101 ], [ 135.360458750299756, 34.005172825229856 ], [ 135.360522841862888, 34.006324391406274 ], [ 135.361745711754025, 34.007050734899963 ], [ 135.362685850952545, 34.007240843303286 ], [ 135.364185557902204, 34.007863495834044 ], [ 135.364098422424178, 34.008643634644677 ], [ 135.364264741192329, 34.009587225351943 ], [ 135.364917738911998, 34.009832889565068 ], [ 135.36543777138894, 34.010404132543563 ], [ 135.366814601614124, 34.012891842494383 ], [ 135.369947224311545, 34.013241170491277 ], [ 135.371490992633454, 34.013714062871344 ], [ 135.372892210492267, 34.013276585541774 ], [ 135.37366873193011, 34.012555300498924 ] ] ] } },
{ "type": "Feature", "properties": { "CITY_NAME": "日高川町", "S_NAME": "大字皆瀬", "JINKO": 229, "medical_area": "30_御坊医療圏", "町丁目名": "日高川町大字皆瀬" }, "geometry": { "type": "Polygon", "coordinates": [ [ [ 135.372603086542398, 33.99405430880838 ], [ 135.375308227546071, 33.992745832886612 ], [ 135.376442998398261, 33.992642688384635 ], [ 135.378350361654469, 33.992761224527257 ], [ 135.381178015887201, 33.992285505751902 ], [ 135.38168141560422, 33.992033897395309 ], [ 135.382231598180084, 33.991346939351757 ], [ 135.382391228325105, 33.990385852775823 ], [ 135.381684097389837, 33.987151506923233 ], [ 135.381388372268049, 33.984606379335027 ], [ 135.381599378188753, 33.982832966272547 ], [ 135.383495459105205, 33.973702352076785 ], [ 135.384061069026046, 33.972785553394523 ], [ 135.384779704693045, 33.972184228353996 ], [ 135.38417414716676, 33.972045262809225 ], [ 135.382021966282878, 33.96964583259107 ], [ 135.38015487012251, 33.968160639415835 ], [ 135.379229274023231, 33.967126735793443 ], [ 135.378375952911114, 33.965782411417145 ], [ 135.376379026989412, 33.964529487215046 ], [ 135.375548169370575, 33.965495636420506 ], [ 135.375106568772594, 33.966453053352041 ], [ 135.374979013306046, 33.969041456685453 ], [ 135.375444471872754, 33.970763775738355 ], [ 135.377044619496445, 33.972549569218543 ], [ 135.377050539625031, 33.973420485707699 ], [ 135.376820542497143, 33.973721500149153 ], [ 135.373895236775127, 33.974589833523851 ], [ 135.373580402607104, 33.974801519691987 ], [ 135.373387927991132, 33.975322062376904 ], [ 135.373661060749981, 33.977574068161218 ], [ 135.374671506313859, 33.980803401774224 ], [ 135.374812268168, 33.982267105479302 ], [ 135.374727485329686, 33.983089809635977 ], [ 135.374269402301479, 33.98352462348425 ], [ 135.371623364805288, 33.984072006522226 ], [ 135.366900957716041, 33.983969446416424 ], [ 135.366253141153095, 33.983759885545588 ], [ 135.365401475518894, 33.983202439798134 ], [ 135.364779227903625, 33.982096891672292 ], [ 135.363946824887392, 33.978711311986061 ], [ 135.363664111233021, 33.975587369492189 ], [ 135.363317140257209, 33.974307849818757 ], [ 135.360170545238418, 33.970323593690573 ], [ 135.358613242734407, 33.967359231214267 ], [ 135.358002749163973, 33.966944560970312 ], [ 135.356763544230176, 33.966854154565972 ], [ 135.356212139249237, 33.967003288919415 ], [ 135.355933390401447, 33.967811168177107 ], [ 135.356343217115523, 33.970121979217609 ], [ 135.357249599901962, 33.971635894500771 ], [ 135.357544732082403, 33.972908684784251 ], [ 135.356349882833399, 33.975739414197264 ], [ 135.354824020243342, 33.977791490160769 ], [ 135.358846480523852, 33.977326225123846 ], [ 135.359002880557227, 33.977728667348309 ], [ 135.358768599503804, 33.978332792548116 ], [ 135.358091423844485, 33.979175946915156 ], [ 135.356958669611146, 33.981807819148088 ], [ 135.356527900494797, 33.982322028320993 ], [ 135.355620135171989, 33.982947576555794 ], [ 135.356856752263354, 33.983278167993895 ], [ 135.358550756942037, 33.983367548203745 ], [ 135.361359862256023, 33.983914179843872 ], [ 135.363050462405596, 33.983818090446618 ], [ 135.363407842407213, 33.983940942936655 ], [ 135.365845419011549, 33.986927769892525 ], [ 135.367275548567449, 33.989994561474177 ], [ 135.368100326662471, 33.990935296556977 ], [ 135.368262854044303, 33.99210874738246 ], [ 135.368892733982847, 33.99294254453541 ], [ 135.368963333250633, 33.994038608980752 ], [ 135.371942889414441, 33.99422858894561 ], [ 135.372603086542398, 33.99405430880838 ] ] ] } },
{ "type": "Feature", "properties": { "CITY_NAME": "日高川町", "S_NAME": "大字弥谷", "JINKO": 20, "medical_area": "30_御坊医療圏", "町丁目名": "日高川町大字弥谷" }, "geometry": { "type": "Polygon", "coordinates": [ [ [ 135.360339474612857, 34.005097261197101 ], [ 135.362472964537801, 34.00311661239035 ], [ 135.364734540144525, 33.999625302827553 ], [ 135.366756740474614, 33.998982308860818 ], [ 135.368332262482852, 33.998282476039968 ], [ 135.36864012987931, 33.997939186327883 ], [ 135.369039639857334, 33.996997501010647 ], [ 135.369150227643985, 33.995310094733355 ], [ 135.368892733982847, 33.99294254453541 ], [ 135.368262854044303, 33.99210874738246 ], [ 135.368100326662528, 33.990935296556991 ], [ 135.367275548567449, 33.98999456147417 ], [ 135.365845419011549, 33.98692776989251 ], [ 135.363407842407213, 33.983940942936648 ], [ 135.363050462405567, 33.983818090446618 ], [ 135.361359862256052, 33.983914179843886 ], [ 135.358550756942037, 33.983367548203745 ], [ 135.356856752263411, 33.983278167993895 ], [ 135.355620135172018, 33.98294757655578 ], [ 135.354875164998958, 33.983807959134822 ], [ 135.353802373823015, 33.984538989025388 ], [ 135.351184590325545, 33.984474419357483 ], [ 135.350388611536573, 33.985008093933395 ], [ 135.349288792298609, 33.985273206994201 ], [ 135.348279071790557, 33.985725160155148 ], [ 135.346819954611249, 33.985991172955551 ], [ 135.345538201108951, 33.986942761133413 ], [ 135.342775464903866, 33.986961926606227 ], [ 135.339156611969685, 33.988122898829495 ], [ 135.338999888254392, 33.988530879341248 ], [ 135.339679870431297, 33.989953118175528 ], [ 135.339739239385864, 33.991806217506841 ], [ 135.340299227054828, 33.994243656350591 ], [ 135.340603285754042, 33.994641415959492 ], [ 135.341180238401193, 33.994760569435634 ], [ 135.342210676496506, 33.995301650219247 ], [ 135.343550296089575, 33.996564074485235 ], [ 135.343909972544054, 33.99738726685738 ], [ 135.343854748415282, 33.998619040278612 ], [ 135.344318199759954, 33.999828066746502 ], [ 135.344366421659203, 34.001542594555531 ], [ 135.345561402902689, 34.002929047735108 ], [ 135.34581280093218, 34.004195418857122 ], [ 135.345698219973002, 34.004589399359929 ], [ 135.345987239716862, 34.005130897413146 ], [ 135.347637544530812, 34.005905972344465 ], [ 135.350325766176695, 34.005551186109898 ], [ 135.350940715472404, 34.005729101538776 ], [ 135.352172003054704, 34.005053025207694 ], [ 135.353199188253569, 34.005323954222135 ], [ 135.353970653899438, 34.005178238930313 ], [ 135.35437496629811, 34.005479710561133 ], [ 135.355325630432446, 34.005682461681175 ], [ 135.355893123545513, 34.005343376296103 ], [ 135.35746056036578, 34.004918485392082 ], [ 135.360339474612857, 34.005097261197101 ] ] ] } },
{ "type": "Feature", "properties": { "CITY_NAME": "日高川町", "S_NAME": "大字串本", "JINKO": 1, "medical_area": "30_御坊医療圏", "町丁目名": "日高川町大字串本" }, "geometry": { "type": "Polygon", "coordinates": [ [ [ 135.453467830467446, 33.962516294882711 ], [ 135.450292113421966, 33.960789435055752 ], [ 135.449714981055735, 33.960228997079881 ], [ 135.448994029541353, 33.958729961169801 ], [ 135.448629072880863, 33.957326332208638 ], [ 135.447889264872998, 33.956051057118273 ], [ 135.44761593481465, 33.954933390567398 ], [ 135.447713018659556, 33.950886867426092 ], [ 135.448908887980593, 33.948964864065978 ], [ 135.449007254871844, 33.948212456365823 ], [ 135.449378065801511, 33.947493661416779 ], [ 135.451111539481843, 33.946068066308712 ], [ 135.449951188456311, 33.945949799378518 ], [ 135.448215352619144, 33.946251451159249 ], [ 135.447066191858312, 33.946004022566832 ], [ 135.445575678181939, 33.946331093406577 ], [ 135.443659925967523, 33.946192751829351 ], [ 135.440614094146923, 33.947295608901911 ], [ 135.440323666411274, 33.946691770800562 ], [ 135.439513224399661, 33.946188417181681 ], [ 135.439291334218211, 33.945709843622367 ], [ 135.438527025451123, 33.944979038905551 ], [ 135.438398414121792, 33.944461296733088 ], [ 135.438524237999872, 33.9436664773243 ], [ 135.435421102640959, 33.942252764530714 ], [ 135.434816665658673, 33.9416770641228 ], [ 135.434436164938091, 33.940384474089385 ], [ 135.432998777445704, 33.939921019650427 ], [ 135.431743939321905, 33.940063030114963 ], [ 135.430881024887015, 33.940673838411968 ], [ 135.430659691776356, 33.941104743173831 ], [ 135.432563667991246, 33.943861579574488 ], [ 135.433700134318485, 33.945029732454877 ], [ 135.433754369072545, 33.945275808550733 ], [ 135.433489592812379, 33.945490696471417 ], [ 135.433184008058902, 33.945537472825464 ], [ 135.430725944023663, 33.944335616518515 ], [ 135.429344104681775, 33.94422977664955 ], [ 135.426081962315493, 33.945592275336374 ], [ 135.425791058516069, 33.946094556230399 ], [ 135.424480378698576, 33.946092537092746 ], [ 135.422624458259435, 33.944643545884936 ], [ 135.421373260830109, 33.942865616482216 ], [ 135.42007022999465, 33.941572885585011 ], [ 135.419678935625342, 33.940887377243349 ], [ 135.419824942598638, 33.940131561926691 ], [ 135.419670303131568, 33.939649321333086 ], [ 135.418333613142124, 33.938676057337155 ], [ 135.418048403387417, 33.938077821764608 ], [ 135.417935687839815, 33.937329380763003 ], [ 135.418570777440038, 33.935187674111972 ], [ 135.418552557961988, 33.934335988865733 ], [ 135.4182544314273, 33.933525388218079 ], [ 135.417241072403044, 33.932881307046671 ], [ 135.415315743842626, 33.930982757972586 ], [ 135.412685921832718, 33.929825358294146 ], [ 135.411199214873534, 33.930210753479479 ], [ 135.408574695079437, 33.929704565199437 ], [ 135.406924526479997, 33.929842309255612 ], [ 135.40529537237245, 33.929757548052216 ], [ 135.402876231951979, 33.930453909471673 ], [ 135.401580460280229, 33.930625699256368 ], [ 135.400104832200753, 33.930112784412501 ], [ 135.398329259166957, 33.929874507071354 ], [ 135.393722781774812, 33.935631004097864 ], [ 135.39342010473348, 33.937778584900883 ], [ 135.393672237566676, 33.938047069977344 ], [ 135.394130162469054, 33.9394635863625 ], [ 135.394502214043683, 33.944509656337772 ], [ 135.393633685033535, 33.94817998293594 ], [ 135.392774547932731, 33.9505251309551 ], [ 135.392639076684247, 33.951704856713079 ], [ 135.39332944682161, 33.953356210641232 ], [ 135.395008451648522, 33.956103776827646 ], [ 135.394193165944614, 33.959131686024037 ], [ 135.394709071340543, 33.961497120634171 ], [ 135.395501743851469, 33.963878392906544 ], [ 135.395706740541215, 33.965159934824911 ], [ 135.395838438519576, 33.964748386325972 ], [ 135.398171511651384, 33.961726943123224 ], [ 135.400259151566388, 33.960164649305945 ], [ 135.40238266813472, 33.959461553121763 ], [ 135.404774466685438, 33.959532554517423 ], [ 135.408553045362254, 33.960442585546772 ], [ 135.409905457998718, 33.961083130721633 ], [ 135.411161144275667, 33.961941430965275 ], [ 135.414619612538445, 33.965021141454621 ], [ 135.41661419370044, 33.963749175723194 ], [ 135.419575745749171, 33.961281469444266 ], [ 135.42349647537236, 33.961209546078557 ], [ 135.425336885335327, 33.96154902455271 ], [ 135.431652382968025, 33.96402987852484 ], [ 135.433182178435118, 33.964909205350416 ], [ 135.435983665580466, 33.967463865537482 ], [ 135.43664280824197, 33.968880718239021 ], [ 135.43681414623029, 33.970295344427484 ], [ 135.437237083115946, 33.971921748291308 ], [ 135.437593125498807, 33.972735537466569 ], [ 135.438255683259626, 33.973641023942385 ], [ 135.439515135486573, 33.974459053399514 ], [ 135.442583175313786, 33.975866787777591 ], [ 135.446691084923827, 33.977467443642979 ], [ 135.447901183187014, 33.978132017535891 ], [ 135.45191855710712, 33.981534234537072 ], [ 135.452812490389761, 33.98210959689596 ], [ 135.452941003951736, 33.981423664932564 ], [ 135.453771036970181, 33.98031552219669 ], [ 135.456543365074424, 33.975390109994159 ], [ 135.456941586808398, 33.97326431830701 ], [ 135.456838794251553, 33.972143040501948 ], [ 135.456500820719867, 33.971272338649548 ], [ 135.456148388729474, 33.970515965951193 ], [ 135.455602763893722, 33.969895819490134 ], [ 135.454727693153103, 33.969228579791285 ], [ 135.451891382052622, 33.96802648866516 ], [ 135.451646455371019, 33.967659545844874 ], [ 135.45172819076376, 33.965623951282112 ], [ 135.451895233084372, 33.965281514683689 ], [ 135.45381701572461, 33.96355342410012 ], [ 135.453467830467446, 33.962516294882711 ] ] ] } },
{ "type": "Feature", "properties": { "CITY_NAME": "日高川町", "S_NAME": "大字寒川", "JINKO": 246, "medical_area": "30_御坊医療圏", "町丁目名": "日高川町大字寒川" }, "geometry": { "type": "Polygon", "coordinates": [ [ [ 135.530129108429122, 33.997797779328089 ], [ 135.531419024373747, 33.997173487416546 ], [ 135.533030663792601, 33.996848066880247 ], [ 135.533940540772306, 33.995853640231566 ], [ 135.534039586938349, 33.99536516384579 ], [ 135.536873607484011, 33.994086334570497 ], [ 135.537353310234181, 33.993104525899149 ], [ 135.537205674733343, 33.991818474566877 ], [ 135.538270840840369, 33.990833775299201 ], [ 135.539344322181563, 33.989519164086069 ], [ 135.539906884228515, 33.988278579247257 ], [ 135.541276516583423, 33.986100763027736 ], [ 135.541187294882747, 33.985593411373962 ], [ 135.540686418946166, 33.98508453502739 ], [ 135.540701890530897, 33.984654067946671 ], [ 135.542640046882525, 33.980914713656261 ], [ 135.543353243828307, 33.979969231663077 ], [ 135.543047455354952, 33.978962512907856 ], [ 135.542513346594433, 33.978286578959882 ], [ 135.542526667222432, 33.976784145045904 ], [ 135.543009882541497, 33.976197613866333 ], [ 135.545443958842242, 33.975139402137266 ], [ 135.546593619402216, 33.974378777944821 ], [ 135.547803983440645, 33.973239688147132 ], [ 135.547710838732087, 33.972877568110576 ], [ 135.546918142648309, 33.971903016917906 ], [ 135.546772976504485, 33.971189775559857 ], [ 135.546022933929265, 33.970060554060055 ], [ 135.544817610602564, 33.968936582468963 ], [ 135.54451700917582, 33.968392819583926 ], [ 135.544527978733527, 33.967889366367515 ], [ 135.545048537771322, 33.966443492379213 ], [ 135.545025201184984, 33.966063180372352 ], [ 135.54281238184123, 33.964170357415703 ], [ 135.542826343314147, 33.963623241365354 ], [ 135.542027474770407, 33.962365059758319 ], [ 135.539937841161759, 33.961434394056354 ], [ 135.538462336235511, 33.959965044544504 ], [ 135.536393837771072, 33.959706388319937 ], [ 135.535597839203177, 33.959368392627503 ], [ 135.534658093222532, 33.959303008143529 ], [ 135.533573832492834, 33.958898720600459 ], [ 135.532809467029153, 33.958428567330017 ], [ 135.531522414677056, 33.956884513638798 ], [ 135.530114905019389, 33.955802759414304 ], [ 135.526010764289396, 33.954630121388419 ], [ 135.525188886614757, 33.953773115432504 ], [ 135.523864846424658, 33.953139297766867 ], [ 135.523328226058595, 33.952146031780586 ], [ 135.522659180752555, 33.951852547653488 ], [ 135.52118445794801, 33.951744442498295 ], [ 135.519498594068665, 33.952031646473337 ], [ 135.516471144616503, 33.952964730510288 ], [ 135.515977046785252, 33.952845875458351 ], [ 135.513840529664606, 33.951169403935559 ], [ 135.513064728809269, 33.950931096857055 ], [ 135.510930826068517, 33.950975947114379 ], [ 135.510024544648644, 33.95083825437748 ], [ 135.507879092445251, 33.950020708293941 ], [ 135.50591429138592, 33.948270952205533 ], [ 135.505078916658448, 33.947999529061548 ], [ 135.504730565574846, 33.947640731306251 ], [ 135.503758259484101, 33.947161096466431 ], [ 135.502282951531328, 33.946693096378972 ], [ 135.500556226576776, 33.945861440846464 ], [ 135.499006351643857, 33.945806996113028 ], [ 135.497400788394572, 33.94610985690251 ], [ 135.496799451342554, 33.946011196762633 ], [ 135.49626095197462, 33.945740917751912 ], [ 135.494962610494412, 33.944634529682965 ], [ 135.49342152666469, 33.944267456188854 ], [ 135.491860786618332, 33.94349821533293 ], [ 135.491209250580965, 33.943523014083517 ], [ 135.49067453416697, 33.943318094356627 ], [ 135.490245255884133, 33.943056972593169 ], [ 135.488514973403113, 33.941124032288698 ], [ 135.486159416796681, 33.940349730208915 ], [ 135.484722382581936, 33.940400533390921 ], [ 135.483840157859419, 33.940745534282172 ], [ 135.481922693637671, 33.942525992622677 ], [ 135.479866044902337, 33.942769827447371 ], [ 135.478907196519003, 33.942152545462378 ], [ 135.477756951677719, 33.942154602237487 ], [ 135.47717481836824, 33.941958013082129 ], [ 135.476518945455467, 33.942017087555733 ], [ 135.476257926497908, 33.942228853744531 ], [ 135.47388569009334, 33.940165885031675 ], [ 135.472878997428182, 33.938624030645265 ], [ 135.472885407218484, 33.938256358817227 ], [ 135.472458676542686, 33.937596627603213 ], [ 135.47205221377601, 33.937330180290019 ], [ 135.470206481880268, 33.936852055528618 ], [ 135.468543512017987, 33.936095471488429 ], [ 135.467355699480237, 33.936084323016736 ], [ 135.466260310419102, 33.936594384947036 ], [ 135.465212702402852, 33.936825566458751 ], [ 135.464566008589344, 33.937212452330805 ], [ 135.462892165368459, 33.937522903703673 ], [ 135.462657296308464, 33.937699395492558 ], [ 135.462206099288466, 33.940057317494407 ], [ 135.461716822771621, 33.941035013481098 ], [ 135.460975276609844, 33.941540086341661 ], [ 135.459960522867476, 33.941569482435767 ], [ 135.459170690025474, 33.941891051241043 ], [ 135.458559484706996, 33.942786069446434 ], [ 135.458261247011933, 33.944465739137357 ], [ 135.457828094211408, 33.945179935708566 ], [ 135.457161638107209, 33.945618252493929 ], [ 135.456209287904045, 33.946077005868673 ], [ 135.454494014317788, 33.946417580471007 ], [ 135.452857715310159, 33.94594476910477 ], [ 135.451111539481843, 33.946068066308712 ], [ 135.44918141583824, 33.947784824505618 ], [ 135.448908887980593, 33.948964864065978 ], [ 135.447713018659556, 33.950886867426092 ], [ 135.44761593481465, 33.954933390567398 ], [ 135.447889264872998, 33.956051057118273 ], [ 135.448629072880863, 33.957326332208638 ], [ 135.448994029541353, 33.958729961169801 ], [ 135.449714981055735, 33.960228997079881 ], [ 135.450292113421966, 33.960789435055752 ], [ 135.453153614703325, 33.962252028396449 ], [ 135.453622668239717, 33.962805495347929 ], [ 135.45381701572461, 33.96355342410012 ], [ 135.451895233084372, 33.965281514683689 ], [ 135.45172819076376, 33.965623951282112 ], [ 135.451646455371019, 33.967659545844874 ], [ 135.451891382052622, 33.96802648866516 ], [ 135.454727693153103, 33.969228579791285 ], [ 135.455602763893722, 33.969895819490134 ], [ 135.456148388729474, 33.970515965951193 ], [ 135.456838794251553, 33.972143040501948 ], [ 135.456941586808398, 33.97326431830701 ], [ 135.456543365074424, 33.975390109994159 ], [ 135.453771036970181, 33.98031552219669 ], [ 135.452941003951736, 33.981423664932564 ], [ 135.452812490389761, 33.98210959689596 ], [ 135.459346996932624, 33.98415992209155 ], [ 135.460505589332456, 33.984648474670657 ], [ 135.461911327806177, 33.985511284305083 ], [ 135.463837749454228, 33.987022130939394 ], [ 135.4728734708209, 33.995442997175488 ], [ 135.473784292712111, 33.99697857499627 ], [ 135.474892363606727, 33.997041447633492 ], [ 135.479164150039537, 33.998459880722173 ], [ 135.480169433692708, 33.998601027760479 ], [ 135.482272405614822, 33.998716465261801 ], [ 135.486126381807935, 33.998169279253048 ], [ 135.489504179436324, 33.999233627901774 ], [ 135.492095021618042, 33.998833207134936 ], [ 135.493027949550196, 33.998837030965291 ], [ 135.498282887575243, 33.999558748475252 ], [ 135.500808768471643, 33.999310203134286 ], [ 135.506151309957716, 33.997565834940637 ], [ 135.511274173321738, 33.998986622721084 ], [ 135.511931132812521, 33.999263346315821 ], [ 135.513433368683195, 34.000471746659045 ], [ 135.514273098213778, 34.000779464987708 ], [ 135.515497996981537, 34.000906107278382 ], [ 135.516504090094003, 34.000910028542322 ], [ 135.518711142112835, 34.0004314506375 ], [ 135.521407774148713, 33.999087052513403 ], [ 135.529615590891552, 33.999013023247628 ], [ 135.529840873859229, 33.998221717823405 ], [ 135.530129108429122, 33.997797779328089 ] ] ] } },
{ "type": "Feature", "properties": { "CITY_NAME": "日高川町", "S_NAME": "大字寒川", "JINKO": 0, "medical_area": "30_御坊医療圏", "町丁目名": "日高川町大字寒川" }, "geometry": { "type": "Polygon", "coordinates": [ [ [ 135.504968427545549, 34.042029422467053 ], [ 135.504715814807184, 34.03907145395101 ], [ 135.505046072842362, 34.038119899358115 ], [ 135.505681439696758, 34.037596270167356 ], [ 135.507547609220751, 34.037020620940581 ], [ 135.508131928225424, 34.036454097406867 ], [ 135.508287794446261, 34.036099165364725 ], [ 135.508167016017126, 34.035388007818341 ], [ 135.507522813185517, 34.033916898893352 ], [ 135.507720390240451, 34.032718897280716 ], [ 135.507585815990126, 34.028736725296135 ], [ 135.507791085294599, 34.027525359344885 ], [ 135.508341584157677, 34.026609496654459 ], [ 135.508341823645708, 34.026034324229052 ], [ 135.50779443043578, 34.024806999395764 ], [ 135.507911825752842, 34.024248915494901 ], [ 135.51038431202042, 34.023148673176387 ], [ 135.511497317169272, 34.022980240908694 ], [ 135.512608505553317, 34.022530611710181 ], [ 135.513189178047099, 34.02252727102961 ], [ 135.514856735908921, 34.022972237232892 ], [ 135.516122833546916, 34.022836059954173 ], [ 135.51959405371332, 34.023214356865772 ], [ 135.520205193118613, 34.023427061137724 ], [ 135.521496829223679, 34.023434759566769 ], [ 135.525966095023733, 34.022982620591243 ], [ 135.526410560131865, 34.022708213703147 ], [ 135.527280223501123, 34.022694502117545 ], [ 135.528250340133809, 34.022437314851913 ], [ 135.528738219408893, 34.02179904529585 ], [ 135.52934643219109, 34.020005215766595 ], [ 135.529803466687611, 34.019793534233308 ], [ 135.53062939058583, 34.019844009798383 ], [ 135.53145746991359, 34.019503281390655 ], [ 135.532775581433697, 34.018121230957831 ], [ 135.533665604999754, 34.016867856825293 ], [ 135.533500503103255, 34.015800253242332 ], [ 135.534780665292288, 34.013528689101463 ], [ 135.535310899407051, 34.012937877796524 ], [ 135.535611189747925, 34.012725578206371 ], [ 135.537924408166361, 34.012211006550025 ], [ 135.538214030514098, 34.011843414653917 ], [ 135.538396831190937, 34.01077539889571 ], [ 135.537524249603223, 34.010082973169382 ], [ 135.537302489412411, 34.007918398755763 ], [ 135.536392758602545, 34.006928002464292 ], [ 135.536188504848184, 34.006177904733882 ], [ 135.535670713226409, 34.005624000697054 ], [ 135.535312870784054, 34.004490132992714 ], [ 135.534961672554005, 34.004104777590101 ], [ 135.533108810426398, 34.003341722994406 ], [ 135.532311055341609, 34.00186133144652 ], [ 135.531551702683629, 34.001395966717872 ], [ 135.529615590891581, 33.999013023247628 ], [ 135.521407774148713, 33.999087052513403 ], [ 135.518711142112835, 34.0004314506375 ], [ 135.516504090094003, 34.000910028542307 ], [ 135.515497996981537, 34.000906107278375 ], [ 135.514273098213778, 34.000779464987708 ], [ 135.513433368683195, 34.000471746659045 ], [ 135.511931132812521, 33.999263346315821 ], [ 135.511274173321738, 33.998986622721084 ], [ 135.506151309957772, 33.997565834940623 ], [ 135.500808768471643, 33.999310203134286 ], [ 135.498282887575243, 33.999558748475266 ], [ 135.493027949550196, 33.998837030965298 ], [ 135.492095021618013, 33.998833207134936 ], [ 135.489504179436324, 33.999233627901774 ], [ 135.486126381807935, 33.998169279253069 ], [ 135.482272405614765, 33.998716465261801 ], [ 135.480169433692708, 33.998601027760493 ], [ 135.479164150039537, 33.998459880722201 ], [ 135.474892363606727, 33.997041447633492 ], [ 135.473784292712111, 33.99697857499627 ], [ 135.473849082664827, 33.998064559558706 ], [ 135.473683175508853, 33.998881625488792 ], [ 135.471972122289401, 34.002473221854849 ], [ 135.47162527132113, 34.003646468438582 ], [ 135.471576828554873, 34.004255950599315 ], [ 135.471838236123773, 34.005327831504246 ], [ 135.472466128273624, 34.006386343868151 ], [ 135.472928029216405, 34.006834452356138 ], [ 135.478859592103674, 34.0112946806723 ], [ 135.47961042930919, 34.012063483976895 ], [ 135.48003329863667, 34.012748769463848 ], [ 135.481350207361459, 34.019287161936596 ], [ 135.482612464477427, 34.020771155257279 ], [ 135.485049132973387, 34.022637844779744 ], [ 135.485490217789135, 34.02325824258309 ], [ 135.485311911433797, 34.024379943607677 ], [ 135.484362846862524, 34.024871276535372 ], [ 135.483709983164118, 34.025605999328597 ], [ 135.483497898916653, 34.026760941313682 ], [ 135.483638635797462, 34.027554058211365 ], [ 135.481958644936299, 34.029638516944935 ], [ 135.48115611140787, 34.032459605692203 ], [ 135.484106795654412, 34.034192421878707 ], [ 135.485781046319772, 34.033824553202479 ], [ 135.486377314207999, 34.03383689732938 ], [ 135.490033314002517, 34.035211317590438 ], [ 135.492988386183754, 34.035822612454716 ], [ 135.494370494887249, 34.035950978876699 ], [ 135.494939564849915, 34.03663680720954 ], [ 135.495774329410693, 34.037084953435979 ], [ 135.4960301975334, 34.037469874282799 ], [ 135.496415291188271, 34.038983566318507 ], [ 135.497118968977276, 34.039477371582144 ], [ 135.497614257210415, 34.040969528270629 ], [ 135.498126706960477, 34.041661179825688 ], [ 135.498702484705916, 34.043111122135727 ], [ 135.500175081387226, 34.042496268228028 ], [ 135.501588040076427, 34.042534522135504 ], [ 135.503511985924035, 34.041932994508514 ], [ 135.504968427545549, 34.042029422467053 ] ] ] } }
]
}
