{
"type": "FeatureCollection",
"name": "geo_30_2",
"crs": { "type": "name", "properties": { "name": "urn:ogc:def:crs:OGC:1.3:CRS84" } },
"features": [
{ "type": "Feature", "properties": { "ID": 3022000100000, "正式名称": "国保北山村診療所", "機関区分": 2, "都道府県コード": 30, "市区町村コード": 427, "所在地": "和歌山県東牟婁郡北山村大沼３１２", "緯度": 33.929743, "経度": 135.966577, "url": "https://www.iryou.teikyouseido.mhlw.go.jp/znk-web/juminkanja/S2430/initialize?prefCd=30&kikanCd=2000100000&kikanKbn=2", "url2": null, "内容": "国保北山村診療所【2:診療所】【診療科目:内科】和歌山県東牟婁郡北山村大沼３１２" }, "geometry": { "type": "Point", "coordinates": [ 135.966577, 33.929743 ] } },
{ "type": "Feature", "properties": { "ID": 3022000200000, "正式名称": "医療法人　鶴寿会　酒井内科", "機関区分": 2, "都道府県コード": 30, "市区町村コード": 201, "所在地": "和歌山県和歌山市加太９３９－１０", "緯度": 34.274878, "経度": 135.08255, "url": "https://www.iryou.teikyouseido.mhlw.go.jp/znk-web/juminkanja/S2430/initialize?prefCd=30&kikanCd=2000200000&kikanKbn=2", "url2": "https://kakujyukai.or.jp/", "内容": "医療法人　鶴寿会　酒井内科【2:診療所】【診療科目:内科_代謝内科_内分泌内科_糖尿病・代謝内科_呼吸器内科_循環器内科_消化器内科_漢方内科】和歌山県和歌山市加太９３９－１０" }, "geometry": { "type": "Point", "coordinates": [ 135.08255, 34.274878 ] } },
{ "type": "Feature", "properties": { "ID": 3022000400000, "正式名称": "佐谷医院", "機関区分": 2, "都道府県コード": 30, "市区町村コード": 201, "所在地": "和歌山県和歌山市加太１１７５－１１", "緯度": 34.274378, "経度": 135.077662, "url": "https://www.iryou.teikyouseido.mhlw.go.jp/znk-web/juminkanja/S2430/initialize?prefCd=30&kikanCd=2000400000&kikanKbn=2", "url2": "https://website2.infomity.net/8400000040/", "内容": "佐谷医院【2:診療所】【診療科目:内科_循環器内科】和歌山県和歌山市加太１１７５－１１" }, "geometry": { "type": "Point", "coordinates": [ 135.077662, 34.274378 ] } },
{ "type": "Feature", "properties": { "ID": 3022000600000, "正式名称": "ファミリークリニックしんか", "機関区分": 2, "都道府県コード": 30, "市区町村コード": 201, "所在地": "和歌山県和歌山市西庄８６２－５", "緯度": 34.255881, "経度": 135.110049, "url": "https://www.iryou.teikyouseido.mhlw.go.jp/znk-web/juminkanja/S2430/initialize?prefCd=30&kikanCd=2000600000&kikanKbn=2", "url2": null, "内容": "ファミリークリニックしんか【2:診療所】【診療科目:内科_呼吸器内科_循環器内科_消化器内科_放射線科】和歌山県和歌山市西庄８６２－５" }, "geometry": { "type": "Point", "coordinates": [ 135.110049, 34.255881 ] } },
{ "type": "Feature", "properties": { "ID": 3022000800000, "正式名称": "北山健医院", "機関区分": 2, "都道府県コード": 30, "市区町村コード": 201, "所在地": "和歌山県和歌山市西庄１８７－５", "緯度": 34.259965, "経度": 135.114548, "url": "https://www.iryou.teikyouseido.mhlw.go.jp/znk-web/juminkanja/S2430/initialize?prefCd=30&kikanCd=2000800000&kikanKbn=2", "url2": null, "内容": "北山健医院【2:診療所】【診療科目:内科_呼吸器内科_外科_整形外科_放射線科】和歌山県和歌山市西庄１８７－５" }, "geometry": { "type": "Point", "coordinates": [ 135.114548, 34.259965 ] } },
{ "type": "Feature", "properties": { "ID": 3022001300000, "正式名称": "竹の里園診療所", "機関区分": 2, "都道府県コード": 30, "市区町村コード": 201, "所在地": "和歌山県和歌山市明王寺六ノ坪３－１", "緯度": 34.213249, "経度": 135.254261, "url": "https://www.iryou.teikyouseido.mhlw.go.jp/znk-web/juminkanja/S2430/initialize?prefCd=30&kikanCd=2001300000&kikanKbn=2", "url2": null, "内容": "竹の里園診療所【2:診療所】【診療科目:内科】和歌山県和歌山市明王寺六ノ坪３－１" }, "geometry": { "type": "Point", "coordinates": [ 135.254261, 34.213249 ] } },
{ "type": "Feature", "properties": { "ID": 3022001700000, "正式名称": "寒川内科医院", "機関区分": 2, "都道府県コード": 30, "市区町村コード": 201, "所在地": "和歌山県和歌山市桑山１６４－３", "緯度": 34.198223, "経度": 135.224736, "url": "https://www.iryou.teikyouseido.mhlw.go.jp/znk-web/juminkanja/S2430/initialize?prefCd=30&kikanCd=2001700000&kikanKbn=2", "url2": null, "内容": "寒川内科医院【2:診療所】【診療科目:内科_循環器内科_皮膚科】和歌山県和歌山市桑山１６４－３" }, "geometry": { "type": "Point", "coordinates": [ 135.224736, 34.198223 ] } },
{ "type": "Feature", "properties": { "ID": 3022002400000, "正式名称": "高尾内科医院", "機関区分": 2, "都道府県コード": 30, "市区町村コード": 208, "所在地": "和歌山県紀の川市貴志川町丸栖５－４", "緯度": 34.230304, "経度": 135.323087, "url": "https://www.iryou.teikyouseido.mhlw.go.jp/znk-web/juminkanja/S2430/initialize?prefCd=30&kikanCd=2002400000&kikanKbn=2", "url2": null, "内容": "高尾内科医院【2:診療所】【診療科目:内科_呼吸器内科_循環器内科_消化器内科_リハビリテーション科_放射線科】和歌山県紀の川市貴志川町丸栖５－４" }, "geometry": { "type": "Point", "coordinates": [ 135.323087, 34.230304 ] } },
{ "type": "Feature", "properties": { "ID": 3022002500000, "正式名称": "北山眼科クリニック", "機関区分": 2, "都道府県コード": 30, "市区町村コード": 208, "所在地": "和歌山県紀の川市貴志川町丸栖６４９", "緯度": 34.231998, "経度": 135.323754, "url": "https://www.iryou.teikyouseido.mhlw.go.jp/znk-web/juminkanja/S2430/initialize?prefCd=30&kikanCd=2002500000&kikanKbn=2", "url2": null, "内容": "北山眼科クリニック【2:診療所】【診療科目:眼科】和歌山県紀の川市貴志川町丸栖６４９" }, "geometry": { "type": "Point", "coordinates": [ 135.323754, 34.231998 ] } },
{ "type": "Feature", "properties": { "ID": 3022002800000, "正式名称": "久保外科", "機関区分": 2, "都道府県コード": 30, "市区町村コード": 208, "所在地": "和歌山県紀の川市貴志川町神戸２１２―２", "緯度": 34.216945, "経度": 135.315172, "url": "https://www.iryou.teikyouseido.mhlw.go.jp/znk-web/juminkanja/S2430/initialize?prefCd=30&kikanCd=2002800000&kikanKbn=2", "url2": "kubo-geka.com", "内容": "久保外科【2:診療所】【診療科目:内科_外科_脳神経外科_整形外科】和歌山県紀の川市貴志川町神戸２１２―２" }, "geometry": { "type": "Point", "coordinates": [ 135.315172, 34.216945 ] } },
{ "type": "Feature", "properties": { "ID": 3022002900000, "正式名称": "神戸坂口クリニック", "機関区分": 2, "都道府県コード": 30, "市区町村コード": 208, "所在地": "和歌山県紀の川市貴志川町神戸６４４", "緯度": 34.211389, "経度": 135.314172, "url": "https://www.iryou.teikyouseido.mhlw.go.jp/znk-web/juminkanja/S2430/initialize?prefCd=30&kikanCd=2002900000&kikanKbn=2", "url2": null, "内容": "神戸坂口クリニック【2:診療所】【診療科目:内科_消化器内科_外科_肛門外科_リハビリテーション科_放射線科】和歌山県紀の川市貴志川町神戸６４４" }, "geometry": { "type": "Point", "coordinates": [ 135.314172, 34.211389 ] } },
{ "type": "Feature", "properties": { "ID": 3022003000000, "正式名称": "竹内医院", "機関区分": 2, "都道府県コード": 30, "市区町村コード": 208, "所在地": "和歌山県紀の川市貴志川町神戸１００５番地の５", "緯度": 34.214612, "経度": 135.309228, "url": "https://www.iryou.teikyouseido.mhlw.go.jp/znk-web/juminkanja/S2430/initialize?prefCd=30&kikanCd=2003000000&kikanKbn=2", "url2": null, "内容": "竹内医院【2:診療所】【診療科目:内科_外科_小児科_放射線科】和歌山県紀の川市貴志川町神戸１００５番地の５" }, "geometry": { "type": "Point", "coordinates": [ 135.309228, 34.214612 ] } },
{ "type": "Feature", "properties": { "ID": 3022003100000, "正式名称": "阪上診療所", "機関区分": 2, "都道府県コード": 30, "市区町村コード": 208, "所在地": "和歌山県紀の川市貴志川町長原４７１", "緯度": 34.216334, "経度": 135.307311, "url": "https://www.iryou.teikyouseido.mhlw.go.jp/znk-web/juminkanja/S2430/initialize?prefCd=30&kikanCd=2003100000&kikanKbn=2", "url2": null, "内容": "阪上診療所【2:診療所】【診療科目:内科】和歌山県紀の川市貴志川町長原４７１" }, "geometry": { "type": "Point", "coordinates": [ 135.307311, 34.216334 ] } },
{ "type": "Feature", "properties": { "ID": 3022003200000, "正式名称": "井畑内科医院", "機関区分": 2, "都道府県コード": 30, "市区町村コード": 208, "所在地": "和歌山県紀の川市貴志川町長原４３６―１", "緯度": 34.215834, "経度": 135.305423, "url": "https://www.iryou.teikyouseido.mhlw.go.jp/znk-web/juminkanja/S2430/initialize?prefCd=30&kikanCd=2003200000&kikanKbn=2", "url2": null, "内容": "井畑内科医院【2:診療所】【診療科目:内科_循環器内科_消化器内科_放射線科】和歌山県紀の川市貴志川町長原４３６―１" }, "geometry": { "type": "Point", "coordinates": [ 135.305423, 34.215834 ] } },
{ "type": "Feature", "properties": { "ID": 3022003300000, "正式名称": "たね耳鼻咽喉科", "機関区分": 2, "都道府県コード": 30, "市区町村コード": 208, "所在地": "和歌山県紀の川市貴志川町長山１８０－２", "緯度": 34.211278, "経度": 135.292869, "url": "https://www.iryou.teikyouseido.mhlw.go.jp/znk-web/juminkanja/S2430/initialize?prefCd=30&kikanCd=2003300000&kikanKbn=2", "url2": null, "内容": "たね耳鼻咽喉科【2:診療所】【診療科目:耳鼻いんこう科】和歌山県紀の川市貴志川町長山１８０－２" }, "geometry": { "type": "Point", "coordinates": [ 135.292869, 34.211278 ] } },
{ "type": "Feature", "properties": { "ID": 3022003400000, "正式名称": "浅江胃腸科", "機関区分": 2, "都道府県コード": 30, "市区町村コード": 208, "所在地": "和歌山県紀の川市貴志川町長山２７７－２１４", "緯度": 34.208695, "経度": 135.289091, "url": "https://www.iryou.teikyouseido.mhlw.go.jp/znk-web/juminkanja/S2430/initialize?prefCd=30&kikanCd=2003400000&kikanKbn=2", "url2": null, "内容": "浅江胃腸科【2:診療所】【診療科目:内科_消化器内科_胃腸内科_外科_放射線科】和歌山県紀の川市貴志川町長山２７７－２１４" }, "geometry": { "type": "Point", "coordinates": [ 135.289091, 34.208695 ] } },
{ "type": "Feature", "properties": { "ID": 3022004300000, "正式名称": "岩橋医院　きみのファミリークリニック", "機関区分": 2, "都道府県コード": 30, "市区町村コード": 304, "所在地": "和歌山県海草郡紀美野町下佐々２６８", "緯度": 34.157618, "経度": 135.315924, "url": "https://www.iryou.teikyouseido.mhlw.go.jp/znk-web/juminkanja/S2430/initialize?prefCd=30&kikanCd=2004300000&kikanKbn=2", "url2": null, "内容": "岩橋医院　きみのファミリークリニック【2:診療所】【診療科目:内科_循環器内科_緩和ケア内科_小児科_産婦人科_アレルギー科】和歌山県海草郡紀美野町下佐々２６８" }, "geometry": { "type": "Point", "coordinates": [ 135.315924, 34.157618 ] } },
{ "type": "Feature", "properties": { "ID": 3022004700000, "正式名称": "谷田クリニック", "機関区分": 2, "都道府県コード": 30, "市区町村コード": 304, "所在地": "和歌山県海草郡紀美野町小畑６６８－１", "緯度": 34.164228, "経度": 135.291565, "url": "https://www.iryou.teikyouseido.mhlw.go.jp/znk-web/juminkanja/S2430/initialize?prefCd=30&kikanCd=2004700000&kikanKbn=2", "url2": null, "内容": "谷田クリニック【2:診療所】【診療科目:内科_呼吸器内科_循環器内科_消化器内科_小児科_アレルギー科】和歌山県海草郡紀美野町小畑６６８－１" }, "geometry": { "type": "Point", "coordinates": [ 135.291565, 34.164228 ] } },
{ "type": "Feature", "properties": { "ID": 3022005000000, "正式名称": "木村医院", "機関区分": 2, "都道府県コード": 30, "市区町村コード": 202, "所在地": "和歌山県海南市沖野々２６０", "緯度": 34.162255, "経度": 135.275151, "url": "https://www.iryou.teikyouseido.mhlw.go.jp/znk-web/juminkanja/S2430/initialize?prefCd=30&kikanCd=2005000000&kikanKbn=2", "url2": null, "内容": "木村医院【2:診療所】【診療科目:内科_消化器内科】和歌山県海南市沖野々２６０" }, "geometry": { "type": "Point", "coordinates": [ 135.275151, 34.162255 ] } },
{ "type": "Feature", "properties": { "ID": 3022005100000, "正式名称": "紀美野町国民健康保険　真国診療所", "機関区分": 2, "都道府県コード": 30, "市区町村コード": 304, "所在地": "和歌山県海草郡紀美野町真国宮３２－２", "緯度": 34.169572, "経度": 135.374614, "url": "https://www.iryou.teikyouseido.mhlw.go.jp/znk-web/juminkanja/S2430/initialize?prefCd=30&kikanCd=2005100000&kikanKbn=2", "url2": null, "内容": "紀美野町国民健康保険　真国診療所【2:診療所】【診療科目:内科】和歌山県海草郡紀美野町真国宮３２－２" }, "geometry": { "type": "Point", "coordinates": [ 135.374614, 34.169572 ] } },
{ "type": "Feature", "properties": { "ID": 3022005700000, "正式名称": "紀美野町　国民健康保険　細野診療所", "機関区分": 2, "都道府県コード": 30, "市区町村コード": 304, "所在地": "和歌山県海草郡紀美野町円明寺２２１番地２", "緯度": 34.168484, "経度": 135.414295, "url": "https://www.iryou.teikyouseido.mhlw.go.jp/znk-web/juminkanja/S2430/initialize?prefCd=30&kikanCd=2005700000&kikanKbn=2", "url2": null, "内容": "紀美野町　国民健康保険　細野診療所【2:診療所】【診療科目:内科】和歌山県海草郡紀美野町円明寺２２１番地２" }, "geometry": { "type": "Point", "coordinates": [ 135.414295, 34.168484 ] } },
{ "type": "Feature", "properties": { "ID": 3022005800000, "正式名称": "紀美野町国民健康保険国吉診療所", "機関区分": 2, "都道府県コード": 30, "市区町村コード": 304, "所在地": "和歌山県海草郡紀美野町田６３", "緯度": 34.139576, "経度": 135.415486, "url": "https://www.iryou.teikyouseido.mhlw.go.jp/znk-web/juminkanja/S2430/initialize?prefCd=30&kikanCd=2005800000&kikanKbn=2", "url2": "https://www.town.kimino.wakayama.jp", "内容": "紀美野町国民健康保険国吉診療所【2:診療所】【診療科目:内科_外科_小児科】和歌山県海草郡紀美野町田６３" }, "geometry": { "type": "Point", "coordinates": [ 135.415486, 34.139576 ] } },
{ "type": "Feature", "properties": { "ID": 3022006000000, "正式名称": "紀美野町国民健康保険長谷毛原診療所", "機関区分": 2, "都道府県コード": 30, "市区町村コード": 304, "所在地": "和歌山県海草郡紀美野町毛原宮２５４番地５", "緯度": 34.162323, "経度": 135.461365, "url": "https://www.iryou.teikyouseido.mhlw.go.jp/znk-web/juminkanja/S2430/initialize?prefCd=30&kikanCd=2006000000&kikanKbn=2", "url2": "https://www.town.kimino.wakayama.jp", "内容": "紀美野町国民健康保険長谷毛原診療所【2:診療所】【診療科目:内科_外科_小児科】和歌山県海草郡紀美野町毛原宮２５４番地５" }, "geometry": { "type": "Point", "coordinates": [ 135.461365, 34.162323 ] } },
{ "type": "Feature", "properties": { "ID": 3022006200000, "正式名称": "ナカムラメディカルクリニック", "機関区分": 2, "都道府県コード": 30, "市区町村コード": 201, "所在地": "和歌山県和歌山市元寺町南ノ丁５０", "緯度": 34.238079, "経度": 135.175794, "url": "https://www.iryou.teikyouseido.mhlw.go.jp/znk-web/juminkanja/S2430/initialize?prefCd=30&kikanCd=2006200000&kikanKbn=2", "url2": null, "内容": "ナカムラメディカルクリニック【2:診療所】【診療科目:内科_呼吸器内科_循環器内科_消化器内科_胃腸内科_リウマチ科_リハビリテーション科_放射線科】和歌山県和歌山市元寺町南ノ丁５０" }, "geometry": { "type": "Point", "coordinates": [ 135.175794, 34.238079 ] } },
{ "type": "Feature", "properties": { "ID": 3022006500000, "正式名称": "こやま皮膚科", "機関区分": 2, "都道府県コード": 30, "市区町村コード": 201, "所在地": "和歌山県和歌山市匠町２９番地　小山ビル２Ｆ", "緯度": 34.234051, "経度": 135.175211, "url": "https://www.iryou.teikyouseido.mhlw.go.jp/znk-web/juminkanja/S2430/initialize?prefCd=30&kikanCd=2006500000&kikanKbn=2", "url2": "http://www.koyama-hifuka.jp/", "内容": "こやま皮膚科【2:診療所】【診療科目:皮膚科_アレルギー科】和歌山県和歌山市匠町２９番地　小山ビル２Ｆ" }, "geometry": { "type": "Point", "coordinates": [ 135.175211, 34.234051 ] } },
{ "type": "Feature", "properties": { "ID": 3022006600000, "正式名称": "こやま小児科", "機関区分": 2, "都道府県コード": 30, "市区町村コード": 201, "所在地": "和歌山県和歌山市匠町２９番地　小山ビル３Ｆ", "緯度": 34.233995, "経度": 135.175211, "url": "https://www.iryou.teikyouseido.mhlw.go.jp/znk-web/juminkanja/S2430/initialize?prefCd=30&kikanCd=2006600000&kikanKbn=2", "url2": "http://www.koyama-shounika.jp/", "内容": "こやま小児科【2:診療所】【診療科目:小児科】和歌山県和歌山市匠町２９番地　小山ビル３Ｆ" }, "geometry": { "type": "Point", "coordinates": [ 135.175211, 34.233995 ] } },
{ "type": "Feature", "properties": { "ID": 3022006900000, "正式名称": "医療法人　マイクリニック", "機関区分": 2, "都道府県コード": 30, "市区町村コード": 201, "所在地": "和歌山県和歌山市本町６丁目５５番地", "緯度": 34.239079, "経度": 135.174544, "url": "https://www.iryou.teikyouseido.mhlw.go.jp/znk-web/juminkanja/S2430/initialize?prefCd=30&kikanCd=2006900000&kikanKbn=2", "url2": "http://www.myclinic.or.jp/", "内容": "医療法人　マイクリニック【2:診療所】【診療科目:小児科_新生児内科_産婦人科】和歌山県和歌山市本町６丁目５５番地" }, "geometry": { "type": "Point", "coordinates": [ 135.174544, 34.239079 ] } },
{ "type": "Feature", "properties": { "ID": 3022007400000, "正式名称": "医療法人　伊奈胃腸科", "機関区分": 2, "都道府県コード": 30, "市区町村コード": 201, "所在地": "和歌山県和歌山市本町２丁目４２番地", "緯度": 34.234134, "経度": 135.174628, "url": "https://www.iryou.teikyouseido.mhlw.go.jp/znk-web/juminkanja/S2430/initialize?prefCd=30&kikanCd=2007400000&kikanKbn=2", "url2": "http://www.eonet.ne.jp/~inaichyouka/yi_nai_wei_chang_ke/youkoso.html", "内容": "医療法人　伊奈胃腸科【2:診療所】【診療科目:内科_消化器内科_外科_肛門外科_放射線科】和歌山県和歌山市本町２丁目４２番地" }, "geometry": { "type": "Point", "coordinates": [ 135.174628, 34.234134 ] } },
{ "type": "Feature", "properties": { "ID": 3022007800000, "正式名称": "さかぐち医院", "機関区分": 2, "都道府県コード": 30, "市区町村コード": 201, "所在地": "和歌山県和歌山市宇治袋町１３番地", "緯度": 34.236579, "経度": 135.173239, "url": "https://www.iryou.teikyouseido.mhlw.go.jp/znk-web/juminkanja/S2430/initialize?prefCd=30&kikanCd=2007800000&kikanKbn=2", "url2": null, "内容": "さかぐち医院【2:診療所】【診療科目:内科_呼吸器内科_循環器内科_消化器内科_リハビリテーション科】和歌山県和歌山市宇治袋町１３番地" }, "geometry": { "type": "Point", "coordinates": [ 135.173239, 34.236579 ] } },
{ "type": "Feature", "properties": { "ID": 3022008100000, "正式名称": "山路小児科", "機関区分": 2, "都道府県コード": 30, "市区町村コード": 201, "所在地": "和歌山県和歌山市九家ノ丁１７", "緯度": 34.235468, "経度": 135.169767, "url": "https://www.iryou.teikyouseido.mhlw.go.jp/znk-web/juminkanja/S2430/initialize?prefCd=30&kikanCd=2008100000&kikanKbn=2", "url2": null, "内容": "山路小児科【2:診療所】【診療科目:内科_小児科】和歌山県和歌山市九家ノ丁１７" }, "geometry": { "type": "Point", "coordinates": [ 135.169767, 34.235468 ] } },
{ "type": "Feature", "properties": { "ID": 3022008400000, "正式名称": "太田内科医院", "機関区分": 2, "都道府県コード": 30, "市区町村コード": 201, "所在地": "和歌山県和歌山市山吹丁３４番地", "緯度": 34.237079, "経度": 135.173877, "url": "https://www.iryou.teikyouseido.mhlw.go.jp/znk-web/juminkanja/S2430/initialize?prefCd=30&kikanCd=2008400000&kikanKbn=2", "url2": null, "内容": "太田内科医院【2:診療所】【診療科目:内科_消化器内科】和歌山県和歌山市山吹丁３４番地" }, "geometry": { "type": "Point", "coordinates": [ 135.173877, 34.237079 ] } },
{ "type": "Feature", "properties": { "ID": 3022008700000, "正式名称": "寺下整形外科・内科", "機関区分": 2, "都道府県コード": 30, "市区町村コード": 201, "所在地": "和歌山県和歌山市三木町南ノ丁３５", "緯度": 34.229736, "経度": 135.179151, "url": "https://www.iryou.teikyouseido.mhlw.go.jp/znk-web/juminkanja/S2430/initialize?prefCd=30&kikanCd=2008700000&kikanKbn=2", "url2": "http://terashita-seikeigeka.com/", "内容": "寺下整形外科・内科【2:診療所】【診療科目:内科_外科_脳神経外科_整形外科_リウマチ科_リハビリテーション科_放射線科】和歌山県和歌山市三木町南ノ丁３５" }, "geometry": { "type": "Point", "coordinates": [ 135.179151, 34.229736 ] } },
{ "type": "Feature", "properties": { "ID": 3022008800000, "正式名称": "吉村眼科医院", "機関区分": 2, "都道府県コード": 30, "市区町村コード": 201, "所在地": "和歌山県和歌山市三木町中ノ丁１７　ＬＥＴＯプラザ３－Ａ", "緯度": 34.230953, "経度": 135.178058, "url": "https://www.iryou.teikyouseido.mhlw.go.jp/znk-web/juminkanja/S2430/initialize?prefCd=30&kikanCd=2008800000&kikanKbn=2", "url2": null, "内容": "吉村眼科医院【2:診療所】【診療科目:眼科】和歌山県和歌山市三木町中ノ丁１７　ＬＥＴＯプラザ３－Ａ" }, "geometry": { "type": "Point", "coordinates": [ 135.178058, 34.230953 ] } },
{ "type": "Feature", "properties": { "ID": 3022009600000, "正式名称": "生協芦原診療所", "機関区分": 2, "都道府県コード": 30, "市区町村コード": 201, "所在地": "和歌山県和歌山市雄松町２丁目５５", "緯度": 34.221803, "経度": 135.18271, "url": "https://www.iryou.teikyouseido.mhlw.go.jp/znk-web/juminkanja/S2430/initialize?prefCd=30&kikanCd=2009600000&kikanKbn=2", "url2": "http://www2.odn.ne.jp/~cba316301/asisin.htm", "内容": "生協芦原診療所【2:診療所】【診療科目:内科_外科】和歌山県和歌山市雄松町２丁目５５" }, "geometry": { "type": "Point", "coordinates": [ 135.18271, 34.221803 ] } },
{ "type": "Feature", "properties": { "ID": 3022009700000, "正式名称": "新谷医院", "機関区分": 2, "都道府県コード": 30, "市区町村コード": 201, "所在地": "和歌山県和歌山市島崎町７－１４", "緯度": 34.215782, "経度": 135.178099, "url": "https://www.iryou.teikyouseido.mhlw.go.jp/znk-web/juminkanja/S2430/initialize?prefCd=30&kikanCd=2009700000&kikanKbn=2", "url2": null, "内容": "新谷医院【2:診療所】【診療科目:内科_小児科】和歌山県和歌山市島崎町７－１４" }, "geometry": { "type": "Point", "coordinates": [ 135.178099, 34.215782 ] } },
{ "type": "Feature", "properties": { "ID": 3022010100000, "正式名称": "江本内科", "機関区分": 2, "都道府県コード": 30, "市区町村コード": 201, "所在地": "和歌山県和歌山市芦辺丁１０", "緯度": 34.223886, "経度": 135.175933, "url": "https://www.iryou.teikyouseido.mhlw.go.jp/znk-web/juminkanja/S2430/initialize?prefCd=30&kikanCd=2010100000&kikanKbn=2", "url2": null, "内容": "江本内科【2:診療所】【診療科目:内科】和歌山県和歌山市芦辺丁１０" }, "geometry": { "type": "Point", "coordinates": [ 135.175933, 34.223886 ] } },
{ "type": "Feature", "properties": { "ID": 3022010600000, "正式名称": "多田内科", "機関区分": 2, "都道府県コード": 30, "市区町村コード": 201, "所在地": "和歌山県和歌山市吹上２ー２－３２", "緯度": 34.222914, "経度": 135.169461, "url": "https://www.iryou.teikyouseido.mhlw.go.jp/znk-web/juminkanja/S2430/initialize?prefCd=30&kikanCd=2010600000&kikanKbn=2", "url2": null, "内容": "多田内科【2:診療所】【診療科目:内科_内分泌内科_糖尿病・代謝内科】和歌山県和歌山市吹上２ー２－３２" }, "geometry": { "type": "Point", "coordinates": [ 135.169461, 34.222914 ] } },
{ "type": "Feature", "properties": { "ID": 3022010800000, "正式名称": "吹上クリニック", "機関区分": 2, "都道府県コード": 30, "市区町村コード": 201, "所在地": "和歌山県和歌山市吹上２－５－２８", "緯度": 34.220247, "経度": 135.170518, "url": "https://www.iryou.teikyouseido.mhlw.go.jp/znk-web/juminkanja/S2430/initialize?prefCd=30&kikanCd=2010800000&kikanKbn=2", "url2": "https://www.fukiageclinic.com", "内容": "吹上クリニック【2:診療所】【診療科目:内科_消化器内科_外科_肛門外科_整形外科_小児科_リハビリテーション科】和歌山県和歌山市吹上２－５－２８" }, "geometry": { "type": "Point", "coordinates": [ 135.170518, 34.220247 ] } },
{ "type": "Feature", "properties": { "ID": 3022011200000, "正式名称": "和歌山市夜間・休日応急診療センター", "機関区分": 2, "都道府県コード": 30, "市区町村コード": 201, "所在地": "和歌山県和歌山市吹上５－２－１５", "緯度": 34.220747, "経度": 135.175183, "url": "https://www.iryou.teikyouseido.mhlw.go.jp/znk-web/juminkanja/S2430/initialize?prefCd=30&kikanCd=2011200000&kikanKbn=2", "url2": "http://wakayama-oukyu.or.jp/", "内容": "和歌山市夜間・休日応急診療センター【2:診療所】【診療科目:内科_小児科_耳鼻いんこう科_歯科】和歌山県和歌山市吹上５－２－１５" }, "geometry": { "type": "Point", "coordinates": [ 135.175183, 34.220747 ] } },
{ "type": "Feature", "properties": { "ID": 3022011300000, "正式名称": "楠本健夫耳鼻咽喉科院", "機関区分": 2, "都道府県コード": 30, "市区町村コード": 201, "所在地": "和歌山県和歌山市五番丁３", "緯度": 34.229304, "経度": 135.176541, "url": "https://www.iryou.teikyouseido.mhlw.go.jp/znk-web/juminkanja/S2430/initialize?prefCd=30&kikanCd=2011300000&kikanKbn=2", "url2": null, "内容": "楠本健夫耳鼻咽喉科院【2:診療所】【診療科目:耳鼻いんこう科】和歌山県和歌山市五番丁３" }, "geometry": { "type": "Point", "coordinates": [ 135.176541, 34.229304 ] } },
{ "type": "Feature", "properties": { "ID": 3022011700000, "正式名称": "宮本眼科クリニック", "機関区分": 2, "都道府県コード": 30, "市区町村コード": 201, "所在地": "和歌山県和歌山市十三番丁２８－２", "緯度": 34.232135, "経度": 135.171044, "url": "https://www.iryou.teikyouseido.mhlw.go.jp/znk-web/juminkanja/S2430/initialize?prefCd=30&kikanCd=2011700000&kikanKbn=2", "url2": "http://m-ec.jp", "内容": "宮本眼科クリニック【2:診療所】【診療科目:眼科】和歌山県和歌山市十三番丁２８－２" }, "geometry": { "type": "Point", "coordinates": [ 135.171044, 34.232135 ] } },
{ "type": "Feature", "properties": { "ID": 3022011900000, "正式名称": "さかつじ内科", "機関区分": 2, "都道府県コード": 30, "市区町村コード": 201, "所在地": "和歌山県和歌山市十三番丁６２", "緯度": 34.231941, "経度": 135.168267, "url": "https://www.iryou.teikyouseido.mhlw.go.jp/znk-web/juminkanja/S2430/initialize?prefCd=30&kikanCd=2011900000&kikanKbn=2", "url2": null, "内容": "さかつじ内科【2:診療所】【診療科目:内科_呼吸器内科_循環器内科_消化器内科_放射線科】和歌山県和歌山市十三番丁６２" }, "geometry": { "type": "Point", "coordinates": [ 135.168267, 34.231941 ] } },
{ "type": "Feature", "properties": { "ID": 3022013300000, "正式名称": "有田内科", "機関区分": 2, "都道府県コード": 30, "市区町村コード": 201, "所在地": "和歌山県和歌山市十一番丁５１", "緯度": 34.231663, "経度": 135.175406, "url": "https://www.iryou.teikyouseido.mhlw.go.jp/znk-web/juminkanja/S2430/initialize?prefCd=30&kikanCd=2013300000&kikanKbn=2", "url2": "http://www.aritanaika.net", "内容": "有田内科【2:診療所】【診療科目:内科_呼吸器内科_循環器内科_消化器内科_アレルギー疾患内科_心療内科_アレルギー科】和歌山県和歌山市十一番丁５１" }, "geometry": { "type": "Point", "coordinates": [ 135.175406, 34.231663 ] } },
{ "type": "Feature", "properties": { "ID": 3022013900000, "正式名称": "メンタルクリニック岩井", "機関区分": 2, "都道府県コード": 30, "市区町村コード": 201, "所在地": "和歌山県和歌山市東蔵前丁４番地　ファーストビル３階", "緯度": 34.235495, "経度": 135.166961, "url": "https://www.iryou.teikyouseido.mhlw.go.jp/znk-web/juminkanja/S2430/initialize?prefCd=30&kikanCd=2013900000&kikanKbn=2", "url2": null, "内容": "メンタルクリニック岩井【2:診療所】【診療科目:精神科_心療内科】和歌山県和歌山市東蔵前丁４番地　ファーストビル３階" }, "geometry": { "type": "Point", "coordinates": [ 135.166961, 34.235495 ] } },
{ "type": "Feature", "properties": { "ID": 3022014000000, "正式名称": "中山レディースクリニック", "機関区分": 2, "都道府県コード": 30, "市区町村コード": 201, "所在地": "和歌山県和歌山市東蔵前丁４番地　ファーストビル２階", "緯度": 34.235495, "経度": 135.166961, "url": "https://www.iryou.teikyouseido.mhlw.go.jp/znk-web/juminkanja/S2430/initialize?prefCd=30&kikanCd=2014000000&kikanKbn=2", "url2": "http://www.nakayama-ladies-clinic.com", "内容": "中山レディースクリニック【2:診療所】【診療科目:婦人科】和歌山県和歌山市東蔵前丁４番地　ファーストビル２階" }, "geometry": { "type": "Point", "coordinates": [ 135.166961, 34.235495 ] } },
{ "type": "Feature", "properties": { "ID": 3022015100000, "正式名称": "上西内科", "機関区分": 2, "都道府県コード": 30, "市区町村コード": 201, "所在地": "和歌山県和歌山市徒町２８番地", "緯度": 34.226052, "経度": 135.166184, "url": "https://www.iryou.teikyouseido.mhlw.go.jp/znk-web/juminkanja/S2430/initialize?prefCd=30&kikanCd=2015100000&kikanKbn=2", "url2": null, "内容": "上西内科【2:診療所】【診療科目:内科_呼吸器内科_消化器内科_アレルギー疾患内科_小児科】和歌山県和歌山市徒町２８番地" }, "geometry": { "type": "Point", "coordinates": [ 135.166184, 34.226052 ] } },
{ "type": "Feature", "properties": { "ID": 3022015300000, "正式名称": "滋野医院", "機関区分": 2, "都道府県コード": 30, "市区町村コード": 201, "所在地": "和歌山県和歌山市真砂丁１－１", "緯度": 34.224996, "経度": 135.169628, "url": "https://www.iryou.teikyouseido.mhlw.go.jp/znk-web/juminkanja/S2430/initialize?prefCd=30&kikanCd=2015300000&kikanKbn=2", "url2": "http://www.shigenoiin.com", "内容": "滋野医院【2:診療所】【診療科目:小児皮膚科_皮膚科_アレルギー科】和歌山県和歌山市真砂丁１－１" }, "geometry": { "type": "Point", "coordinates": [ 135.169628, 34.224996 ] } },
{ "type": "Feature", "properties": { "ID": 3022015400000, "正式名称": "医療法人　恒生会　菱川クリニック", "機関区分": 2, "都道府県コード": 30, "市区町村コード": 201, "所在地": "和歌山県和歌山市茶屋ノ丁１－３", "緯度": 34.223247, "経度": 135.168573, "url": "https://www.iryou.teikyouseido.mhlw.go.jp/znk-web/juminkanja/S2430/initialize?prefCd=30&kikanCd=2015400000&kikanKbn=2", "url2": null, "内容": "医療法人　恒生会　菱川クリニック【2:診療所】【診療科目:内科_整形外科_リハビリテーション科_放射線科】和歌山県和歌山市茶屋ノ丁１－３" }, "geometry": { "type": "Point", "coordinates": [ 135.168573, 34.223247 ] } },
{ "type": "Feature", "properties": { "ID": 3022015500000, "正式名称": "眼科松本クリニック", "機関区分": 2, "都道府県コード": 30, "市区町村コード": 201, "所在地": "和歌山県和歌山市湊桶屋町１１", "緯度": 34.219914, "経度": 135.167379, "url": "https://www.iryou.teikyouseido.mhlw.go.jp/znk-web/juminkanja/S2430/initialize?prefCd=30&kikanCd=2015500000&kikanKbn=2", "url2": "https://ganka-matsumoto.com/", "内容": "眼科松本クリニック【2:診療所】【診療科目:形成外科_美容外科_眼科_皮膚科】和歌山県和歌山市湊桶屋町１１" }, "geometry": { "type": "Point", "coordinates": [ 135.167379, 34.219914 ] } },
{ "type": "Feature", "properties": { "ID": 3022015700000, "正式名称": "みつばクリニック", "機関区分": 2, "都道府県コード": 30, "市区町村コード": 201, "所在地": "和歌山県和歌山市広道３８", "緯度": 34.22433, "経度": 135.16624, "url": "https://www.iryou.teikyouseido.mhlw.go.jp/znk-web/juminkanja/S2430/initialize?prefCd=30&kikanCd=2015700000&kikanKbn=2", "url2": "http://www.mitsuba-c.net", "内容": "みつばクリニック【2:診療所】【診療科目:内科_呼吸器内科_循環器内科_外科_心臓血管外科_リハビリテーション科_放射線科】和歌山県和歌山市広道３８" }, "geometry": { "type": "Point", "coordinates": [ 135.16624, 34.22433 ] } },
{ "type": "Feature", "properties": { "ID": 3022015800000, "正式名称": "喜多クリニック和歌山診療所", "機関区分": 2, "都道府県コード": 30, "市区町村コード": 201, "所在地": "和歌山県和歌山市小松原通１－１－１１　大岩ビル３階", "緯度": 34.225163, "経度": 135.168628, "url": "https://www.iryou.teikyouseido.mhlw.go.jp/znk-web/juminkanja/S2430/initialize?prefCd=30&kikanCd=2015800000&kikanKbn=2", "url2": null, "内容": "喜多クリニック和歌山診療所【2:診療所】【診療科目:内科_放射線科】和歌山県和歌山市小松原通１－１－１１　大岩ビル３階" }, "geometry": { "type": "Point", "coordinates": [ 135.168628, 34.225163 ] } },
{ "type": "Feature", "properties": { "ID": 3022015900000, "正式名称": "楊消化器クリニック", "機関区分": 2, "都道府県コード": 30, "市区町村コード": 201, "所在地": "和歌山県和歌山市小松原通５－２０", "緯度": 34.219136, "経度": 135.16674, "url": "https://www.iryou.teikyouseido.mhlw.go.jp/znk-web/juminkanja/S2430/initialize?prefCd=30&kikanCd=2015900000&kikanKbn=2", "url2": null, "内容": "楊消化器クリニック【2:診療所】【診療科目:内科_循環器内科_消化器内科_肝臓内科_外科_肛門外科】和歌山県和歌山市小松原通５－２０" }, "geometry": { "type": "Point", "coordinates": [ 135.16674, 34.219136 ] } },
{ "type": "Feature", "properties": { "ID": 3022016400000, "正式名称": "楽クリニック", "機関区分": 2, "都道府県コード": 30, "市区町村コード": 201, "所在地": "和歌山県和歌山市築港３－２１－２", "緯度": 34.222496, "経度": 135.15413, "url": "https://www.iryou.teikyouseido.mhlw.go.jp/znk-web/juminkanja/S2430/initialize?prefCd=30&kikanCd=2016400000&kikanKbn=2", "url2": "http://www.rakuc.com", "内容": "楽クリニック【2:診療所】【診療科目:外科_心臓血管外科_肛門外科】和歌山県和歌山市築港３－２１－２" }, "geometry": { "type": "Point", "coordinates": [ 135.15413, 34.222496 ] } },
{ "type": "Feature", "properties": { "ID": 3022016700000, "正式名称": "宮野眼科", "機関区分": 2, "都道府県コード": 30, "市区町村コード": 201, "所在地": "和歌山県和歌山市北中間町２８", "緯度": 34.225413, "経度": 135.16449, "url": "https://www.iryou.teikyouseido.mhlw.go.jp/znk-web/juminkanja/S2430/initialize?prefCd=30&kikanCd=2016700000&kikanKbn=2", "url2": null, "内容": "宮野眼科【2:診療所】【診療科目:眼科】和歌山県和歌山市北中間町２８" }, "geometry": { "type": "Point", "coordinates": [ 135.16449, 34.225413 ] } },
{ "type": "Feature", "properties": { "ID": 3022017000000, "正式名称": "舩橋クリニック", "機関区分": 2, "都道府県コード": 30, "市区町村コード": 201, "所在地": "和歌山県和歌山市岩橋３１６", "緯度": 34.238274, "経度": 135.231762, "url": "https://www.iryou.teikyouseido.mhlw.go.jp/znk-web/juminkanja/S2430/initialize?prefCd=30&kikanCd=2017000000&kikanKbn=2", "url2": "http://www.funahashi-cl.com/", "内容": "舩橋クリニック【2:診療所】【診療科目:内科_外科_心臓血管外科_放射線科】和歌山県和歌山市岩橋３１６" }, "geometry": { "type": "Point", "coordinates": [ 135.231762, 34.238274 ] } },
{ "type": "Feature", "properties": { "ID": 3022017400000, "正式名称": "医療法人裕紫会　オリオン", "機関区分": 2, "都道府県コード": 30, "市区町村コード": 201, "所在地": "和歌山県和歌山市鳴神１２９番地の５", "緯度": 34.226081, "経度": 135.212653, "url": "https://www.iryou.teikyouseido.mhlw.go.jp/znk-web/juminkanja/S2430/initialize?prefCd=30&kikanCd=2017400000&kikanKbn=2", "url2": "http://www.kikyokai.or.jp/dialysis/orion/index.html", "内容": "医療法人裕紫会　オリオン【2:診療所】【診療科目:内科_腎臓内科_人工透析内科】和歌山県和歌山市鳴神１２９番地の５" }, "geometry": { "type": "Point", "coordinates": [ 135.212653, 34.226081 ] } },
{ "type": "Feature", "properties": { "ID": 3022017500000, "正式名称": "医療法人　一穂会　武用整形外科", "機関区分": 2, "都道府県コード": 30, "市区町村コード": 201, "所在地": "和歌山県和歌山市鳴神１００５", "緯度": 34.230663, "経度": 135.208125, "url": "https://www.iryou.teikyouseido.mhlw.go.jp/znk-web/juminkanja/S2430/initialize?prefCd=30&kikanCd=2017500000&kikanKbn=2", "url2": "https://buyo.jp/", "内容": "医療法人　一穂会　武用整形外科【2:診療所】【診療科目:整形外科_リハビリテーション科_放射線科】和歌山県和歌山市鳴神１００５" }, "geometry": { "type": "Point", "coordinates": [ 135.208125, 34.230663 ] } },
{ "type": "Feature", "properties": { "ID": 3022017700000, "正式名称": "まつもとクリニック", "機関区分": 2, "都道府県コード": 30, "市区町村コード": 201, "所在地": "和歌山県和歌山市松島３４７－５", "緯度": 34.244884, "経度": 135.213068, "url": "https://www.iryou.teikyouseido.mhlw.go.jp/znk-web/juminkanja/S2430/initialize?prefCd=30&kikanCd=2017700000&kikanKbn=2", "url2": null, "内容": "まつもとクリニック【2:診療所】【診療科目:内科_消化器内科_小児科_放射線科】和歌山県和歌山市松島３４７－５" }, "geometry": { "type": "Point", "coordinates": [ 135.213068, 34.244884 ] } },
{ "type": "Feature", "properties": { "ID": 3022017900000, "正式名称": "中村クリニック", "機関区分": 2, "都道府県コード": 30, "市区町村コード": 201, "所在地": "和歌山県和歌山市森小手穂７２０－５", "緯度": 34.209055, "経度": 135.221069, "url": "https://www.iryou.teikyouseido.mhlw.go.jp/znk-web/juminkanja/S2430/initialize?prefCd=30&kikanCd=2017900000&kikanKbn=2", "url2": null, "内容": "中村クリニック【2:診療所】【診療科目:内科_消化器内科_外科_小児科_皮膚科】和歌山県和歌山市森小手穂７２０－５" }, "geometry": { "type": "Point", "coordinates": [ 135.221069, 34.209055 ] } },
{ "type": "Feature", "properties": { "ID": 3022018000000, "正式名称": "なかい眼科", "機関区分": 2, "都道府県コード": 30, "市区町村コード": 201, "所在地": "和歌山県和歌山市神前１４６－１メゾンローズ１Ｆ", "緯度": 34.216693, "経度": 135.204987, "url": "https://www.iryou.teikyouseido.mhlw.go.jp/znk-web/juminkanja/S2430/initialize?prefCd=30&kikanCd=2018000000&kikanKbn=2", "url2": null, "内容": "なかい眼科【2:診療所】【診療科目:眼科】和歌山県和歌山市神前１４６－１メゾンローズ１Ｆ" }, "geometry": { "type": "Point", "coordinates": [ 135.204987, 34.216693 ] } },
{ "type": "Feature", "properties": { "ID": 3022018100000, "正式名称": "かさの医院", "機関区分": 2, "都道府県コード": 30, "市区町村コード": 201, "所在地": "和歌山県和歌山市神前３７２－１", "緯度": 34.210777, "経度": 135.206293, "url": "https://www.iryou.teikyouseido.mhlw.go.jp/znk-web/juminkanja/S2430/initialize?prefCd=30&kikanCd=2018100000&kikanKbn=2", "url2": "http://kasanoiin.com", "内容": "かさの医院【2:診療所】【診療科目:内科_産婦人科】和歌山県和歌山市神前３７２－１" }, "geometry": { "type": "Point", "coordinates": [ 135.206293, 34.210777 ] } },
{ "type": "Feature", "properties": { "ID": 3022018200000, "正式名称": "岩本脳神経外科", "機関区分": 2, "都道府県コード": 30, "市区町村コード": 201, "所在地": "和歌山県和歌山市神前３９５－２", "緯度": 34.212998, "経度": 135.204959, "url": "https://www.iryou.teikyouseido.mhlw.go.jp/znk-web/juminkanja/S2430/initialize?prefCd=30&kikanCd=2018200000&kikanKbn=2", "url2": null, "内容": "岩本脳神経外科【2:診療所】【診療科目:神経内科_脳神経外科_リハビリテーション科_放射線科】和歌山県和歌山市神前３９５－２" }, "geometry": { "type": "Point", "coordinates": [ 135.204959, 34.212998 ] } },
{ "type": "Feature", "properties": { "ID": 3022018800000, "正式名称": "道浦クリニック", "機関区分": 2, "都道府県コード": 30, "市区町村コード": 201, "所在地": "和歌山県和歌山市津秦１１３－５", "緯度": 34.219415, "経度": 135.202765, "url": "https://www.iryou.teikyouseido.mhlw.go.jp/znk-web/juminkanja/S2430/initialize?prefCd=30&kikanCd=2018800000&kikanKbn=2", "url2": "http://www.jtw.zaq.ne.jp/michiura-clinic/framepage1.htm", "内容": "道浦クリニック【2:診療所】【診療科目:内科_消化器内科_胃腸内科_外科_肛門外科_放射線科】和歌山県和歌山市津秦１１３－５" }, "geometry": { "type": "Point", "coordinates": [ 135.202765, 34.219415 ] } },
{ "type": "Feature", "properties": { "ID": 3022019000000, "正式名称": "土井内科胃腸科", "機関区分": 2, "都道府県コード": 30, "市区町村コード": 201, "所在地": "和歌山県和歌山市有家２４９－１６", "緯度": 34.224497, "経度": 135.197293, "url": "https://www.iryou.teikyouseido.mhlw.go.jp/znk-web/juminkanja/S2430/initialize?prefCd=30&kikanCd=2019000000&kikanKbn=2", "url2": null, "内容": "土井内科胃腸科【2:診療所】【診療科目:内科_循環器内科_消化器内科】和歌山県和歌山市有家２４９－１６" }, "geometry": { "type": "Point", "coordinates": [ 135.197293, 34.224497 ] } },
{ "type": "Feature", "properties": { "ID": 3022019100000, "正式名称": "公益財団法人和歌山県民総合健診センター", "機関区分": 2, "都道府県コード": 30, "市区町村コード": 201, "所在地": "和歌山県和歌山市手平２丁目１－２", "緯度": 34.218414, "経度": 135.190294, "url": "https://www.iryou.teikyouseido.mhlw.go.jp/znk-web/juminkanja/S2430/initialize?prefCd=30&kikanCd=2019100000&kikanKbn=2", "url2": "http://www.kensin-wakayama.or.jp", "内容": "公益財団法人和歌山県民総合健診センター【2:診療所】【診療科目:内科_婦人科】和歌山県和歌山市手平２丁目１－２" }, "geometry": { "type": "Point", "coordinates": [ 135.190294, 34.218414 ] } },
{ "type": "Feature", "properties": { "ID": 3022019400000, "正式名称": "山本眼科医院", "機関区分": 2, "都道府県コード": 30, "市区町村コード": 201, "所在地": "和歌山県和歌山市手平１－５－２９", "緯度": 34.217692, "経度": 135.187599, "url": "https://www.iryou.teikyouseido.mhlw.go.jp/znk-web/juminkanja/S2430/initialize?prefCd=30&kikanCd=2019400000&kikanKbn=2", "url2": "yamamoto-kampo.com", "内容": "山本眼科医院【2:診療所】【診療科目:眼科】和歌山県和歌山市手平１－５－２９" }, "geometry": { "type": "Point", "coordinates": [ 135.187599, 34.217692 ] } },
{ "type": "Feature", "properties": { "ID": 3022019500000, "正式名称": "一般社団法人和歌山市医師会成人病センター", "機関区分": 2, "都道府県コード": 30, "市区町村コード": 201, "所在地": "和歌山県和歌山市手平２－１－２", "緯度": 34.218414, "経度": 135.190294, "url": "https://www.iryou.teikyouseido.mhlw.go.jp/znk-web/juminkanja/S2430/initialize?prefCd=30&kikanCd=2019500000&kikanKbn=2", "url2": "https://washii-unet.jp/", "内容": "一般社団法人和歌山市医師会成人病センター【2:診療所】【診療科目:内科_循環器内科_消化器内科_神経内科_外科_婦人科_眼科_耳鼻いんこう科_皮膚科_放射線科】和歌山県和歌山市手平２－１－２" }, "geometry": { "type": "Point", "coordinates": [ 135.190294, 34.218414 ] } },
{ "type": "Feature", "properties": { "ID": 3022019600000, "正式名称": "森内科小児科", "機関区分": 2, "都道府県コード": 30, "市区町村コード": 201, "所在地": "和歌山県和歌山市手平４－２－２１", "緯度": 34.218082, "経度": 135.186461, "url": "https://www.iryou.teikyouseido.mhlw.go.jp/znk-web/juminkanja/S2430/initialize?prefCd=30&kikanCd=2019600000&kikanKbn=2", "url2": null, "内容": "森内科小児科【2:診療所】【診療科目:内科_小児科】和歌山県和歌山市手平４－２－２１" }, "geometry": { "type": "Point", "coordinates": [ 135.186461, 34.218082 ] } },
{ "type": "Feature", "properties": { "ID": 3022019700000, "正式名称": "医療法人甃友会　やまもとクリニック", "機関区分": 2, "都道府県コード": 30, "市区町村コード": 201, "所在地": "和歌山県和歌山市秋月５７０", "緯度": 34.226331, "経度": 135.202765, "url": "https://www.iryou.teikyouseido.mhlw.go.jp/znk-web/juminkanja/S2430/initialize?prefCd=30&kikanCd=2019700000&kikanKbn=2", "url2": "http://www.syuyukai.com/", "内容": "医療法人甃友会　やまもとクリニック【2:診療所】【診療科目:内科_小児科_泌尿器科】和歌山県和歌山市秋月５７０" }, "geometry": { "type": "Point", "coordinates": [ 135.202765, 34.226331 ] } },
{ "type": "Feature", "properties": { "ID": 3022019900000, "正式名称": "太田医院", "機関区分": 2, "都道府県コード": 30, "市区町村コード": 201, "所在地": "和歌山県和歌山市太田１丁目１３－１０", "緯度": 34.232135, "経度": 135.193543, "url": "https://www.iryou.teikyouseido.mhlw.go.jp/znk-web/juminkanja/S2430/initialize?prefCd=30&kikanCd=2019900000&kikanKbn=2", "url2": "https://oota-iin.jp/", "内容": "太田医院【2:診療所】【診療科目:内科_循環器内科_消化器内科_放射線科】和歌山県和歌山市太田１丁目１３－１０" }, "geometry": { "type": "Point", "coordinates": [ 135.193543, 34.232135 ] } },
{ "type": "Feature", "properties": { "ID": 3022020200000, "正式名称": "ひらいし小児科", "機関区分": 2, "都道府県コード": 30, "市区町村コード": 201, "所在地": "和歌山県和歌山市太田２丁目１３－２５ヒロメディカルセンター１Ｆ", "緯度": 34.231941, "経度": 135.194626, "url": "https://www.iryou.teikyouseido.mhlw.go.jp/znk-web/juminkanja/S2430/initialize?prefCd=30&kikanCd=2020200000&kikanKbn=2", "url2": "https://www.4748600.com", "内容": "ひらいし小児科【2:診療所】【診療科目:小児科】和歌山県和歌山市太田２丁目１３－２５ヒロメディカルセンター１Ｆ" }, "geometry": { "type": "Point", "coordinates": [ 135.194626, 34.231941 ] } },
{ "type": "Feature", "properties": { "ID": 3022020400000, "正式名称": "和田胃腸科医院", "機関区分": 2, "都道府県コード": 30, "市区町村コード": 201, "所在地": "和歌山県和歌山市太田１丁目４－２１", "緯度": 34.230246, "経度": 135.193931, "url": "https://www.iryou.teikyouseido.mhlw.go.jp/znk-web/juminkanja/S2430/initialize?prefCd=30&kikanCd=2020400000&kikanKbn=2", "url2": "http://wadaichokaiin.com/", "内容": "和田胃腸科医院【2:診療所】【診療科目:内科_消化器内科_内視鏡内科】和歌山県和歌山市太田１丁目４－２１" }, "geometry": { "type": "Point", "coordinates": [ 135.193931, 34.230246 ] } },
{ "type": "Feature", "properties": { "ID": 3022020500000, "正式名称": "木下胃腸科内科医院", "機関区分": 2, "都道府県コード": 30, "市区町村コード": 201, "所在地": "和歌山県和歌山市太田５５４－５", "緯度": 34.230163, "経度": 135.198459, "url": "https://www.iryou.teikyouseido.mhlw.go.jp/znk-web/juminkanja/S2430/initialize?prefCd=30&kikanCd=2020500000&kikanKbn=2", "url2": "https://www.kinoshita-ichoukanaika.com", "内容": "木下胃腸科内科医院【2:診療所】【診療科目:内科_呼吸器内科_循環器内科_消化器内科_放射線科】和歌山県和歌山市太田５５４－５" }, "geometry": { "type": "Point", "coordinates": [ 135.198459, 34.230163 ] } },
{ "type": "Feature", "properties": { "ID": 3022020600000, "正式名称": "小池クリニック", "機関区分": 2, "都道府県コード": 30, "市区町村コード": 201, "所在地": "和歌山県和歌山市太田２丁目１３－２５", "緯度": 34.231941, "経度": 135.194598, "url": "https://www.iryou.teikyouseido.mhlw.go.jp/znk-web/juminkanja/S2430/initialize?prefCd=30&kikanCd=2020600000&kikanKbn=2", "url2": "http://www.hiro-medical.com/", "内容": "小池クリニック【2:診療所】【診療科目:内科_糖尿病内科_代謝内科_消化器内科】和歌山県和歌山市太田２丁目１３－２５" }, "geometry": { "type": "Point", "coordinates": [ 135.194598, 34.231941 ] } },
{ "type": "Feature", "properties": { "ID": 3022021400000, "正式名称": "秋月レディースクリニック", "機関区分": 2, "都道府県コード": 30, "市区町村コード": 201, "所在地": "和歌山県和歌山市木広町５－４－４", "緯度": 34.227691, "経度": 135.191793, "url": "https://www.iryou.teikyouseido.mhlw.go.jp/znk-web/juminkanja/S2430/initialize?prefCd=30&kikanCd=2021400000&kikanKbn=2", "url2": "http://akizuki-ladies.com/", "内容": "秋月レディースクリニック【2:診療所】【診療科目:内科_産婦人科】和歌山県和歌山市木広町５－４－４" }, "geometry": { "type": "Point", "coordinates": [ 135.191793, 34.227691 ] } },
{ "type": "Feature", "properties": { "ID": 3022021500000, "正式名称": "木広町クリニック", "機関区分": 2, "都道府県コード": 30, "市区町村コード": 201, "所在地": "和歌山県和歌山市木広町５－１－１２", "緯度": 34.226609, "経度": 135.190155, "url": "https://www.iryou.teikyouseido.mhlw.go.jp/znk-web/juminkanja/S2430/initialize?prefCd=30&kikanCd=2021500000&kikanKbn=2", "url2": null, "内容": "木広町クリニック【2:診療所】【診療科目:内科_リハビリテーション科】和歌山県和歌山市木広町５－１－１２" }, "geometry": { "type": "Point", "coordinates": [ 135.190155, 34.226609 ] } },
{ "type": "Feature", "properties": { "ID": 3022022200000, "正式名称": "ももたにクリニック", "機関区分": 2, "都道府県コード": 30, "市区町村コード": 201, "所在地": "和歌山県和歌山市美園町５丁目６番７", "緯度": 34.230862, "経度": 135.190313, "url": "https://www.iryou.teikyouseido.mhlw.go.jp/znk-web/juminkanja/S2430/initialize?prefCd=30&kikanCd=2022200000&kikanKbn=2", "url2": "http://momotani.jp", "内容": "ももたにクリニック【2:診療所】【診療科目:内科_精神科_心療内科】和歌山県和歌山市美園町５丁目６番７" }, "geometry": { "type": "Point", "coordinates": [ 135.190313, 34.230862 ] } },
{ "type": "Feature", "properties": { "ID": 3022022900000, "正式名称": "眼科田中クリニック", "機関区分": 2, "都道府県コード": 30, "市区町村コード": 201, "所在地": "和歌山県和歌山市美園町５－１－８　山榮ビル３階", "緯度": 34.23158, "経度": 135.190237, "url": "https://www.iryou.teikyouseido.mhlw.go.jp/znk-web/juminkanja/S2430/initialize?prefCd=30&kikanCd=2022900000&kikanKbn=2", "url2": "http://www.tanakaclinic.jp/", "内容": "眼科田中クリニック【2:診療所】【診療科目:眼科】和歌山県和歌山市美園町５－１－８　山榮ビル３階" }, "geometry": { "type": "Point", "coordinates": [ 135.190237, 34.23158 ] } },
{ "type": "Feature", "properties": { "ID": 3022023000000, "正式名称": "あさひ美容外科", "機関区分": 2, "都道府県コード": 30, "市区町村コード": 201, "所在地": "和歌山県和歌山市美園町５丁目１－７　新ヰゲタビル２Ｆ", "緯度": 34.231746, "経度": 135.190209, "url": "https://www.iryou.teikyouseido.mhlw.go.jp/znk-web/juminkanja/S2430/initialize?prefCd=30&kikanCd=2023000000&kikanKbn=2", "url2": "http://www.asahi-biyou.or.jp", "内容": "あさひ美容外科【2:診療所】【診療科目:美容外科】和歌山県和歌山市美園町５丁目１－７　新ヰゲタビル２Ｆ" }, "geometry": { "type": "Point", "coordinates": [ 135.190209, 34.231746 ] } },
{ "type": "Feature", "properties": { "ID": 3022023800000, "正式名称": "田村眼科", "機関区分": 2, "都道府県コード": 30, "市区町村コード": 201, "所在地": "和歌山県和歌山市黒田１２０　アソートクロダ３Ｆ", "緯度": 34.236108, "経度": 135.192848, "url": "https://www.iryou.teikyouseido.mhlw.go.jp/znk-web/juminkanja/S2430/initialize?prefCd=30&kikanCd=2023800000&kikanKbn=2", "url2": null, "内容": "田村眼科【2:診療所】【診療科目:眼科】和歌山県和歌山市黒田１２０　アソートクロダ３Ｆ" }, "geometry": { "type": "Point", "coordinates": [ 135.192848, 34.236108 ] } },
{ "type": "Feature", "properties": { "ID": 3022024200000, "正式名称": "橘医院", "機関区分": 2, "都道府県コード": 30, "市区町村コード": 201, "所在地": "和歌山県和歌山市黒田１１７", "緯度": 34.235966, "経度": 135.191709, "url": "https://www.iryou.teikyouseido.mhlw.go.jp/znk-web/juminkanja/S2430/initialize?prefCd=30&kikanCd=2024200000&kikanKbn=2", "url2": null, "内容": "橘医院【2:診療所】【診療科目:内科】和歌山県和歌山市黒田１１７" }, "geometry": { "type": "Point", "coordinates": [ 135.191709, 34.235966 ] } },
{ "type": "Feature", "properties": { "ID": 3022024600000, "正式名称": "きみこ・クリニック　胃腸肛門科", "機関区分": 2, "都道府県コード": 30, "市区町村コード": 201, "所在地": "和歌山県和歌山市黒田１丁目１－１０", "緯度": 34.233135, "経度": 135.192348, "url": "https://www.iryou.teikyouseido.mhlw.go.jp/znk-web/juminkanja/S2430/initialize?prefCd=30&kikanCd=2024600000&kikanKbn=2", "url2": null, "内容": "きみこ・クリニック　胃腸肛門科【2:診療所】【診療科目:内科_消化器内科_外科_肛門外科】和歌山県和歌山市黒田１丁目１－１０" }, "geometry": { "type": "Point", "coordinates": [ 135.192348, 34.233135 ] } },
{ "type": "Feature", "properties": { "ID": 3022024700000, "正式名称": "坂井医院", "機関区分": 2, "都道府県コード": 30, "市区町村コード": 201, "所在地": "和歌山県和歌山市黒田１丁目４－８", "緯度": 34.233441, "経度": 135.192265, "url": "https://www.iryou.teikyouseido.mhlw.go.jp/znk-web/juminkanja/S2430/initialize?prefCd=30&kikanCd=2024700000&kikanKbn=2", "url2": "http://atatameyou.com", "内容": "坂井医院【2:診療所】【診療科目:内科_整形外科_リハビリテーション科】和歌山県和歌山市黒田１丁目４－８" }, "geometry": { "type": "Point", "coordinates": [ 135.192265, 34.233441 ] } },
{ "type": "Feature", "properties": { "ID": 3022024800000, "正式名称": "くろだ耳鼻咽喉科", "機関区分": 2, "都道府県コード": 30, "市区町村コード": 201, "所在地": "和歌山県和歌山市黒田２５４－３", "緯度": 34.236135, "経度": 135.196015, "url": "https://www.iryou.teikyouseido.mhlw.go.jp/znk-web/juminkanja/S2430/initialize?prefCd=30&kikanCd=2024800000&kikanKbn=2", "url2": "http://www.eonet.ne.jp/~jibika/", "内容": "くろだ耳鼻咽喉科【2:診療所】【診療科目:耳鼻いんこう科_頭頸部・耳鼻いんこう科】和歌山県和歌山市黒田２５４－３" }, "geometry": { "type": "Point", "coordinates": [ 135.196015, 34.236135 ] } },
{ "type": "Feature", "properties": { "ID": 3022025000000, "正式名称": "米満内科", "機関区分": 2, "都道府県コード": 30, "市区町村コード": 201, "所在地": "和歌山県和歌山市黒田１０９番地の１", "緯度": 34.235646, "経度": 135.192421, "url": "https://www.iryou.teikyouseido.mhlw.go.jp/znk-web/juminkanja/S2430/initialize?prefCd=30&kikanCd=2025000000&kikanKbn=2", "url2": null, "内容": "米満内科【2:診療所】【診療科目:内科_呼吸器内科_循環器内科_消化器内科_心療内科_アレルギー科】和歌山県和歌山市黒田１０９番地の１" }, "geometry": { "type": "Point", "coordinates": [ 135.192421, 34.235646 ] } },
{ "type": "Feature", "properties": { "ID": 3022025400000, "正式名称": "医療法人殿最会　みながクリニック", "機関区分": 2, "都道府県コード": 30, "市区町村コード": 201, "所在地": "和歌山県和歌山市友田町４－１８", "緯度": 34.233774, "経度": 135.188876, "url": "https://www.iryou.teikyouseido.mhlw.go.jp/znk-web/juminkanja/S2430/initialize?prefCd=30&kikanCd=2025400000&kikanKbn=2", "url2": "https://minagaclinic.wixsite.com/tonomokai", "内容": "医療法人殿最会　みながクリニック【2:診療所】【診療科目:内科_糖尿病・代謝内科_呼吸器内科_循環器内科】和歌山県和歌山市友田町４－１８" }, "geometry": { "type": "Point", "coordinates": [ 135.188876, 34.233774 ] } },
{ "type": "Feature", "properties": { "ID": 3022025500000, "正式名称": "星野クリニック", "機関区分": 2, "都道府県コード": 30, "市区町村コード": 201, "所在地": "和歌山県和歌山市友田町５－３２", "緯度": 34.233885, "経度": 135.189931, "url": "https://www.iryou.teikyouseido.mhlw.go.jp/znk-web/juminkanja/S2430/initialize?prefCd=30&kikanCd=2025500000&kikanKbn=2", "url2": "http://www.hoshino-cl.com", "内容": "星野クリニック【2:診療所】【診療科目:内科_血液内科_糖尿病・代謝内科_呼吸器内科_循環器内科_消化器内科_腎臓内科_神経内科_外科_消化器外科_乳腺外科_肛門外科_整形外科_精神科_心療内科_リハビリテーション科_放射線科】和歌山県和歌山市友田町５－３２" }, "geometry": { "type": "Point", "coordinates": [ 135.189931, 34.233885 ] } },
{ "type": "Feature", "properties": { "ID": 3022025600000, "正式名称": "ひうらクリニック", "機関区分": 2, "都道府県コード": 30, "市区町村コード": 201, "所在地": "和歌山県和歌山市友田町５－４３　山植ビル２Ｆ", "緯度": 34.233191, "経度": 135.189459, "url": "https://www.iryou.teikyouseido.mhlw.go.jp/znk-web/juminkanja/S2430/initialize?prefCd=30&kikanCd=2025600000&kikanKbn=2", "url2": "http://www.hiuraclinic.com", "内容": "ひうらクリニック【2:診療所】【診療科目:内科_泌尿器科】和歌山県和歌山市友田町５－４３　山植ビル２Ｆ" }, "geometry": { "type": "Point", "coordinates": [ 135.189459, 34.233191 ] } },
{ "type": "Feature", "properties": { "ID": 3022025800000, "正式名称": "生馬医院", "機関区分": 2, "都道府県コード": 30, "市区町村コード": 201, "所在地": "和歌山県和歌山市吉田４３６", "緯度": 34.23483, "経度": 135.189959, "url": "https://www.iryou.teikyouseido.mhlw.go.jp/znk-web/juminkanja/S2430/initialize?prefCd=30&kikanCd=2025800000&kikanKbn=2", "url2": "http://www.ikomaiin.com", "内容": "生馬医院【2:診療所】【診療科目:内科_呼吸器内科_循環器内科_小児科_児童精神科_心療内科_アレルギー科】和歌山県和歌山市吉田４３６" }, "geometry": { "type": "Point", "coordinates": [ 135.189959, 34.23483 ] } },
{ "type": "Feature", "properties": { "ID": 3022025900000, "正式名称": "医療法人　耳鼻咽喉科池田クリニック", "機関区分": 2, "都道府県コード": 30, "市区町村コード": 201, "所在地": "和歌山県和歌山市吉田５８８", "緯度": 34.235522, "経度": 135.187178, "url": "https://www.iryou.teikyouseido.mhlw.go.jp/znk-web/juminkanja/S2430/initialize?prefCd=30&kikanCd=2025900000&kikanKbn=2", "url2": "https://www.ent-ikeda-clinic.jp/", "内容": "医療法人　耳鼻咽喉科池田クリニック【2:診療所】【診療科目:小児耳鼻いんこう科_耳鼻いんこう科_アレルギー科】和歌山県和歌山市吉田５８８" }, "geometry": { "type": "Point", "coordinates": [ 135.187178, 34.235522 ] } },
{ "type": "Feature", "properties": { "ID": 3022026000000, "正式名称": "瀬川皮膚科泌尿器科性病科医院", "機関区分": 2, "都道府県コード": 30, "市区町村コード": 201, "所在地": "和歌山県和歌山市吉田３４７", "緯度": 34.236384, "経度": 135.190376, "url": "https://www.iryou.teikyouseido.mhlw.go.jp/znk-web/juminkanja/S2430/initialize?prefCd=30&kikanCd=2026000000&kikanKbn=2", "url2": null, "内容": "瀬川皮膚科泌尿器科性病科医院【2:診療所】【診療科目:感染症内科_皮膚科_泌尿器科】和歌山県和歌山市吉田３４７" }, "geometry": { "type": "Point", "coordinates": [ 135.190376, 34.236384 ] } },
{ "type": "Feature", "properties": { "ID": 3022026800000, "正式名称": "得津医院", "機関区分": 2, "都道府県コード": 30, "市区町村コード": 201, "所在地": "和歌山県和歌山市新大工町７", "緯度": 34.233719, "経度": 135.180405, "url": "https://www.iryou.teikyouseido.mhlw.go.jp/znk-web/juminkanja/S2430/initialize?prefCd=30&kikanCd=2026800000&kikanKbn=2", "url2": "tokutsu.clinic", "内容": "得津医院【2:診療所】【診療科目:内科_循環器内科_消化器内科_外科】和歌山県和歌山市新大工町７" }, "geometry": { "type": "Point", "coordinates": [ 135.180405, 34.233719 ] } },
{ "type": "Feature", "properties": { "ID": 3022027000000, "正式名称": "森内科クリニック", "機関区分": 2, "都道府県コード": 30, "市区町村コード": 201, "所在地": "和歌山県和歌山市有本２２６－１２", "緯度": 34.247217, "経度": 135.197264, "url": "https://www.iryou.teikyouseido.mhlw.go.jp/znk-web/juminkanja/S2430/initialize?prefCd=30&kikanCd=2027000000&kikanKbn=2", "url2": null, "内容": "森内科クリニック【2:診療所】【診療科目:内科_糖尿病・代謝内科_呼吸器内科_循環器内科_腎臓内科_神経内科_漢方内科_老年内科_アレルギー疾患内科_アレルギー科】和歌山県和歌山市有本２２６－１２" }, "geometry": { "type": "Point", "coordinates": [ 135.197264, 34.247217 ] } },
{ "type": "Feature", "properties": { "ID": 3022027300000, "正式名称": "和歌山生協病院附属診療所", "機関区分": 2, "都道府県コード": 30, "市区町村コード": 201, "所在地": "和歌山県和歌山市有本１４１－１", "緯度": 34.245079, "経度": 135.196819, "url": "https://www.iryou.teikyouseido.mhlw.go.jp/znk-web/juminkanja/S2430/initialize?prefCd=30&kikanCd=2027300000&kikanKbn=2", "url2": "https://www.wakayama-coop-h.com/", "内容": "和歌山生協病院附属診療所【2:診療所】【診療科目:内科_糖尿病内科_糖尿病・代謝内科_呼吸器内科_循環器内科_消化器内科_腎臓内科_神経内科_外科_消化器外科_肛門外科_整形外科_小児科_皮膚科_アレルギー科_リウマチ科_リハビリテーション科_放射線科_麻酔科】和歌山県和歌山市有本１４１－１" }, "geometry": { "type": "Point", "coordinates": [ 135.196819, 34.245079 ] } },
{ "type": "Feature", "properties": { "ID": 3022027500000, "正式名称": "まえだ内科クリニック", "機関区分": 2, "都道府県コード": 30, "市区町村コード": 201, "所在地": "和歌山県和歌山市加納１２２－１２", "緯度": 34.247273, "経度": 135.207541, "url": "https://www.iryou.teikyouseido.mhlw.go.jp/znk-web/juminkanja/S2430/initialize?prefCd=30&kikanCd=2027500000&kikanKbn=2", "url2": "http://maeda-naika-cl.com", "内容": "まえだ内科クリニック【2:診療所】【診療科目:内科_消化器内科_放射線科】和歌山県和歌山市加納１２２－１２" }, "geometry": { "type": "Point", "coordinates": [ 135.207541, 34.247273 ] } },
{ "type": "Feature", "properties": { "ID": 3022028200000, "正式名称": "野村内科医院", "機関区分": 2, "都道府県コード": 30, "市区町村コード": 201, "所在地": "和歌山県和歌山市中之島６８８－１", "緯度": 34.240273, "経度": 135.18171, "url": "https://www.iryou.teikyouseido.mhlw.go.jp/znk-web/juminkanja/S2430/initialize?prefCd=30&kikanCd=2028200000&kikanKbn=2", "url2": "https://www.nomuranaika1996.com/", "内容": "野村内科医院【2:診療所】【診療科目:内科_消化器内科】和歌山県和歌山市中之島６８８－１" }, "geometry": { "type": "Point", "coordinates": [ 135.18171, 34.240273 ] } },
{ "type": "Feature", "properties": { "ID": 3022028300000, "正式名称": "こばやし小児科", "機関区分": 2, "都道府県コード": 30, "市区町村コード": 201, "所在地": "和歌山県和歌山市畑屋敷端ノ丁３７", "緯度": 34.236662, "経度": 135.184127, "url": "https://www.iryou.teikyouseido.mhlw.go.jp/znk-web/juminkanja/S2430/initialize?prefCd=30&kikanCd=2028300000&kikanKbn=2", "url2": "http://www.kobayashi-med.com", "内容": "こばやし小児科【2:診療所】【診療科目:内科_小児科_アレルギー科】和歌山県和歌山市畑屋敷端ノ丁３７" }, "geometry": { "type": "Point", "coordinates": [ 135.184127, 34.236662 ] } },
{ "type": "Feature", "properties": { "ID": 3022028600000, "正式名称": "医療法人　雅会　みやび内科クリニック", "機関区分": 2, "都道府県コード": 30, "市区町村コード": 201, "所在地": "和歌山県和歌山市野崎１３３番地の１", "緯度": 34.243189, "経度": 135.158906, "url": "https://www.iryou.teikyouseido.mhlw.go.jp/znk-web/juminkanja/S2430/initialize?prefCd=30&kikanCd=2028600000&kikanKbn=2", "url2": "https://miyabi-cl.net", "内容": "医療法人　雅会　みやび内科クリニック【2:診療所】【診療科目:内科_呼吸器内科_循環器内科_消化器内科_ペインクリニック内科_リハビリテーション科_麻酔科】和歌山県和歌山市野崎１３３番地の１" }, "geometry": { "type": "Point", "coordinates": [ 135.158906, 34.243189 ] } },
{ "type": "Feature", "properties": { "ID": 3022028700000, "正式名称": "淀澤医院", "機関区分": 2, "都道府県コード": 30, "市区町村コード": 201, "所在地": "和歌山県和歌山市野崎１８－１", "緯度": 34.244606, "経度": 135.153768, "url": "https://www.iryou.teikyouseido.mhlw.go.jp/znk-web/juminkanja/S2430/initialize?prefCd=30&kikanCd=2028700000&kikanKbn=2", "url2": null, "内容": "淀澤医院【2:診療所】【診療科目:内科_糖尿病・代謝内科_呼吸器内科_循環器内科_消化器内科】和歌山県和歌山市野崎１８－１" }, "geometry": { "type": "Point", "coordinates": [ 135.153768, 34.244606 ] } },
{ "type": "Feature", "properties": { "ID": 3022028800000, "正式名称": "北島橋クリニック", "機関区分": 2, "都道府県コード": 30, "市区町村コード": 201, "所在地": "和歌山県和歌山市北島５５８－１", "緯度": 34.244022, "経度": 135.162795, "url": "https://www.iryou.teikyouseido.mhlw.go.jp/znk-web/juminkanja/S2430/initialize?prefCd=30&kikanCd=2028800000&kikanKbn=2", "url2": null, "内容": "北島橋クリニック【2:診療所】【診療科目:内科_呼吸器内科_循環器内科_消化器内科_外科_肛門外科_リハビリテーション科】和歌山県和歌山市北島５５８－１" }, "geometry": { "type": "Point", "coordinates": [ 135.162795, 34.244022 ] } },
{ "type": "Feature", "properties": { "ID": 3022028900000, "正式名称": "松本医院", "機関区分": 2, "都道府県コード": 30, "市区町村コード": 201, "所在地": "和歌山県和歌山市北島１００－２", "緯度": 34.241967, "経度": 135.15885, "url": "https://www.iryou.teikyouseido.mhlw.go.jp/znk-web/juminkanja/S2430/initialize?prefCd=30&kikanCd=2028900000&kikanKbn=2", "url2": null, "内容": "松本医院【2:診療所】【診療科目:内科_糖尿病内科_肝臓内科_リウマチ科_リハビリテーション科】和歌山県和歌山市北島１００－２" }, "geometry": { "type": "Point", "coordinates": [ 135.15885, 34.241967 ] } },
{ "type": "Feature", "properties": { "ID": 3022029300000, "正式名称": "一般財団法人　ＮＳ　メディカル・ヘルスケアサービス　和歌山診療所", "機関区分": 2, "都道府県コード": 30, "市区町村コード": 201, "所在地": "和歌山県和歌山市湊１８５０", "緯度": 34.238273, "経度": 135.150629, "url": "https://www.iryou.teikyouseido.mhlw.go.jp/znk-web/juminkanja/S2430/initialize?prefCd=30&kikanCd=2029300000&kikanKbn=2", "url2": "http://ns-med.or.jp/", "内容": "一般財団法人　ＮＳ　メディカル・ヘルスケアサービス　和歌山診療所【2:診療所】【診療科目:内科_糖尿病・代謝内科_循環器内科_消化器内科_外科_婦人科_歯科_歯科口腔外科】和歌山県和歌山市湊１８５０" }, "geometry": { "type": "Point", "coordinates": [ 135.150629, 34.238273 ] } },
{ "type": "Feature", "properties": { "ID": 3022029600000, "正式名称": "かわしま眼科クリニック", "機関区分": 2, "都道府県コード": 30, "市区町村コード": 201, "所在地": "和歌山県和歌山市狐島３７０－１", "緯度": 34.244106, "経度": 135.152462, "url": "https://www.iryou.teikyouseido.mhlw.go.jp/znk-web/juminkanja/S2430/initialize?prefCd=30&kikanCd=2029600000&kikanKbn=2", "url2": "http://www.kawashimaganka.or.jp/", "内容": "かわしま眼科クリニック【2:診療所】【診療科目:眼科】和歌山県和歌山市狐島３７０－１" }, "geometry": { "type": "Point", "coordinates": [ 135.152462, 34.244106 ] } },
{ "type": "Feature", "properties": { "ID": 3022029700000, "正式名称": "こむく整形外科", "機関区分": 2, "都道府県コード": 30, "市区町村コード": 201, "所在地": "和歌山県和歌山市狐島３７３－１", "緯度": 34.244272, "経度": 135.151796, "url": "https://www.iryou.teikyouseido.mhlw.go.jp/znk-web/juminkanja/S2430/initialize?prefCd=30&kikanCd=2029700000&kikanKbn=2", "url2": null, "内容": "こむく整形外科【2:診療所】【診療科目:外科_整形外科_リハビリテーション科】和歌山県和歌山市狐島３７３－１" }, "geometry": { "type": "Point", "coordinates": [ 135.151796, 34.244272 ] } },
{ "type": "Feature", "properties": { "ID": 3022030300000, "正式名称": "しおじやすひさクリニック", "機関区分": 2, "都道府県コード": 30, "市区町村コード": 201, "所在地": "和歌山県和歌山市松江北７－６－６", "緯度": 34.251549, "経度": 135.127798, "url": "https://www.iryou.teikyouseido.mhlw.go.jp/znk-web/juminkanja/S2430/initialize?prefCd=30&kikanCd=2030300000&kikanKbn=2", "url2": null, "内容": "しおじやすひさクリニック【2:診療所】【診療科目:内科_消化器内科_胃腸内科】和歌山県和歌山市松江北７－６－６" }, "geometry": { "type": "Point", "coordinates": [ 135.127798, 34.251549 ] } },
{ "type": "Feature", "properties": { "ID": 3022030600000, "正式名称": "宮崎泌尿器科内科クリニック", "機関区分": 2, "都道府県コード": 30, "市区町村コード": 201, "所在地": "和歌山県和歌山市松江北６丁目２番２２号", "緯度": 34.25091, "経度": 135.128409, "url": "https://www.iryou.teikyouseido.mhlw.go.jp/znk-web/juminkanja/S2430/initialize?prefCd=30&kikanCd=2030600000&kikanKbn=2", "url2": null, "内容": "宮崎泌尿器科内科クリニック【2:診療所】【診療科目:内科_泌尿器科】和歌山県和歌山市松江北６丁目２番２２号" }, "geometry": { "type": "Point", "coordinates": [ 135.128409, 34.25091 ] } },
{ "type": "Feature", "properties": { "ID": 3022031100000, "正式名称": "オレンジクリニック木村耳鼻咽喉科", "機関区分": 2, "都道府県コード": 30, "市区町村コード": 201, "所在地": "和歌山県和歌山市向１５１－４", "緯度": 34.258604, "経度": 135.143907, "url": "https://www.iryou.teikyouseido.mhlw.go.jp/znk-web/juminkanja/S2430/initialize?prefCd=30&kikanCd=2031100000&kikanKbn=2", "url2": "orangeclinicwakayama.com", "内容": "オレンジクリニック木村耳鼻咽喉科【2:診療所】【診療科目:耳鼻いんこう科_アレルギー科】和歌山県和歌山市向１５１－４" }, "geometry": { "type": "Point", "coordinates": [ 135.143907, 34.258604 ] } },
{ "type": "Feature", "properties": { "ID": 3022031200000, "正式名称": "平井診療所", "機関区分": 2, "都道府県コード": 30, "市区町村コード": 201, "所在地": "和歌山県和歌山市土入２９１－８６", "緯度": 34.250827, "経度": 135.139741, "url": "https://www.iryou.teikyouseido.mhlw.go.jp/znk-web/juminkanja/S2430/initialize?prefCd=30&kikanCd=2031200000&kikanKbn=2", "url2": null, "内容": "平井診療所【2:診療所】【診療科目:内科_消化器内科_外科_整形外科_リハビリテーション科】和歌山県和歌山市土入２９１－８６" }, "geometry": { "type": "Point", "coordinates": [ 135.139741, 34.250827 ] } },
{ "type": "Feature", "properties": { "ID": 3022031300000, "正式名称": "太田皮フ科", "機関区分": 2, "都道府県コード": 30, "市区町村コード": 201, "所在地": "和歌山県和歌山市土入２０－８", "緯度": 34.253716, "経度": 135.141934, "url": "https://www.iryou.teikyouseido.mhlw.go.jp/znk-web/juminkanja/S2430/initialize?prefCd=30&kikanCd=2031300000&kikanKbn=2", "url2": "http://plaza.umin.ac.jp/~otaderma/", "内容": "太田皮フ科【2:診療所】【診療科目:皮膚科】和歌山県和歌山市土入２０－８" }, "geometry": { "type": "Point", "coordinates": [ 135.141934, 34.253716 ] } },
{ "type": "Feature", "properties": { "ID": 3022031400000, "正式名称": "かわばた産婦人科", "機関区分": 2, "都道府県コード": 30, "市区町村コード": 201, "所在地": "和歌山県和歌山市土入２５－１", "緯度": 34.253632, "経度": 135.142379, "url": "https://www.iryou.teikyouseido.mhlw.go.jp/znk-web/juminkanja/S2430/initialize?prefCd=30&kikanCd=2031400000&kikanKbn=2", "url2": "http://kawagyne.sakura.ne.jp", "内容": "かわばた産婦人科【2:診療所】【診療科目:小児科_産婦人科】和歌山県和歌山市土入２５－１" }, "geometry": { "type": "Point", "coordinates": [ 135.142379, 34.253632 ] } },
{ "type": "Feature", "properties": { "ID": 3022031500000, "正式名称": "しま内科胃腸科クリニック", "機関区分": 2, "都道府県コード": 30, "市区町村コード": 201, "所在地": "和歌山県和歌山市土入１６８－５２", "緯度": 34.252549, "経度": 135.141768, "url": "https://www.iryou.teikyouseido.mhlw.go.jp/znk-web/juminkanja/S2430/initialize?prefCd=30&kikanCd=2031500000&kikanKbn=2", "url2": null, "内容": "しま内科胃腸科クリニック【2:診療所】【診療科目:内科_消化器内科_精神科_心療内科_リハビリテーション科】和歌山県和歌山市土入１６８－５２" }, "geometry": { "type": "Point", "coordinates": [ 135.141768, 34.252549 ] } },
{ "type": "Feature", "properties": { "ID": 3022031600000, "正式名称": "夏見整形外科", "機関区分": 2, "都道府県コード": 30, "市区町村コード": 201, "所在地": "和歌山県和歌山市榎原７３－２", "緯度": 34.255354, "経度": 135.133602, "url": "https://www.iryou.teikyouseido.mhlw.go.jp/znk-web/juminkanja/S2430/initialize?prefCd=30&kikanCd=2031600000&kikanKbn=2", "url2": null, "内容": "夏見整形外科【2:診療所】【診療科目:外科_整形外科_リウマチ科_リハビリテーション科】和歌山県和歌山市榎原７３－２" }, "geometry": { "type": "Point", "coordinates": [ 135.133602, 34.255354 ] } },
{ "type": "Feature", "properties": { "ID": 3022031700000, "正式名称": "榎原内科医院", "機関区分": 2, "都道府県コード": 30, "市区町村コード": 201, "所在地": "和歌山県和歌山市榎原２７２－２７", "緯度": 34.25584, "経度": 135.131136, "url": "https://www.iryou.teikyouseido.mhlw.go.jp/znk-web/juminkanja/S2430/initialize?prefCd=30&kikanCd=2031700000&kikanKbn=2", "url2": null, "内容": "榎原内科医院【2:診療所】【診療科目:内科_呼吸器内科_放射線科】和歌山県和歌山市榎原２７２－２７" }, "geometry": { "type": "Point", "coordinates": [ 135.131136, 34.25584 ] } },
{ "type": "Feature", "properties": { "ID": 3022032000000, "正式名称": "医療法人　弘愛会　黒田医院", "機関区分": 2, "都道府県コード": 30, "市区町村コード": 201, "所在地": "和歌山県和歌山市古屋６４", "緯度": 34.256465, "経度": 135.12052, "url": "https://www.iryou.teikyouseido.mhlw.go.jp/znk-web/juminkanja/S2430/initialize?prefCd=30&kikanCd=2032000000&kikanKbn=2", "url2": "http://gokidoc.net/kansai/wakayama/30201/3701-00000000-006/clinic_top/", "内容": "医療法人　弘愛会　黒田医院【2:診療所】【診療科目:内科_呼吸器内科_循環器内科_消化器内科_胃腸内科_小児科_放射線科】和歌山県和歌山市古屋６４" }, "geometry": { "type": "Point", "coordinates": [ 135.12052, 34.256465 ] } },
{ "type": "Feature", "properties": { "ID": 3022032800000, "正式名称": "武田医院", "機関区分": 2, "都道府県コード": 30, "市区町村コード": 201, "所在地": "和歌山県和歌山市栄谷１９９－１", "緯度": 34.258492, "経度": 135.152461, "url": "https://www.iryou.teikyouseido.mhlw.go.jp/znk-web/juminkanja/S2430/initialize?prefCd=30&kikanCd=2032800000&kikanKbn=2", "url2": null, "内容": "武田医院【2:診療所】【診療科目:内科_呼吸器内科_循環器内科_消化器内科_皮膚科】和歌山県和歌山市栄谷１９９－１" }, "geometry": { "type": "Point", "coordinates": [ 135.152461, 34.258492 ] } },
{ "type": "Feature", "properties": { "ID": 3022032900000, "正式名称": "長谷川内科医院", "機関区分": 2, "都道府県コード": 30, "市区町村コード": 201, "所在地": "和歌山県和歌山市栄谷２－３", "緯度": 34.255021, "経度": 135.154433, "url": "https://www.iryou.teikyouseido.mhlw.go.jp/znk-web/juminkanja/S2430/initialize?prefCd=30&kikanCd=2032900000&kikanKbn=2", "url2": "https://hasegawacl.jp", "内容": "長谷川内科医院【2:診療所】【診療科目:内科_呼吸器内科_循環器内科_消化器内科_放射線科】和歌山県和歌山市栄谷２－３" }, "geometry": { "type": "Point", "coordinates": [ 135.154433, 34.255021 ] } },
{ "type": "Feature", "properties": { "ID": 3022033300000, "正式名称": "河西診療所", "機関区分": 2, "都道府県コード": 30, "市区町村コード": 201, "所在地": "和歌山県和歌山市平井６６－１", "緯度": 34.259882, "経度": 135.165988, "url": "https://www.iryou.teikyouseido.mhlw.go.jp/znk-web/juminkanja/S2430/initialize?prefCd=30&kikanCd=2033300000&kikanKbn=2", "url2": "htttp://www2.odn.ne.jp/wakayamamin-iren/kaseisin.htm", "内容": "河西診療所【2:診療所】【診療科目:内科_小児科】和歌山県和歌山市平井６６－１" }, "geometry": { "type": "Point", "coordinates": [ 135.165988, 34.259882 ] } },
{ "type": "Feature", "properties": { "ID": 3022033500000, "正式名称": "医療法人　北医会　北山クリニック", "機関区分": 2, "都道府県コード": 30, "市区町村コード": 201, "所在地": "和歌山県和歌山市次郎丸７８－３", "緯度": 34.254771, "経度": 135.148073, "url": "https://www.iryou.teikyouseido.mhlw.go.jp/znk-web/juminkanja/S2430/initialize?prefCd=30&kikanCd=2033500000&kikanKbn=2", "url2": null, "内容": "医療法人　北医会　北山クリニック【2:診療所】【診療科目:内科_糖尿病・内分泌内科_呼吸器内科_循環器内科_消化器内科_放射線科】和歌山県和歌山市次郎丸７８－３" }, "geometry": { "type": "Point", "coordinates": [ 135.148073, 34.254771 ] } },
{ "type": "Feature", "properties": { "ID": 3022033900000, "正式名称": "たかたクリニック", "機関区分": 2, "都道府県コード": 30, "市区町村コード": 201, "所在地": "和歌山県和歌山市木ノ本１１９－５", "緯度": 34.257076, "経度": 135.124825, "url": "https://www.iryou.teikyouseido.mhlw.go.jp/znk-web/juminkanja/S2430/initialize?prefCd=30&kikanCd=2033900000&kikanKbn=2", "url2": null, "内容": "たかたクリニック【2:診療所】【診療科目:内科_ペインクリニック内科_整形外科_リハビリテーション科_麻酔科】和歌山県和歌山市木ノ本１１９－５" }, "geometry": { "type": "Point", "coordinates": [ 135.124825, 34.257076 ] } },
{ "type": "Feature", "properties": { "ID": 3022034200000, "正式名称": "ひまわりこどもクリニック", "機関区分": 2, "都道府県コード": 30, "市区町村コード": 201, "所在地": "和歌山県和歌山市木ノ本３０９－３", "緯度": 34.258881, "経度": 135.127158, "url": "https://www.iryou.teikyouseido.mhlw.go.jp/znk-web/juminkanja/S2430/initialize?prefCd=30&kikanCd=2034200000&kikanKbn=2", "url2": null, "内容": "ひまわりこどもクリニック【2:診療所】【診療科目:小児科】和歌山県和歌山市木ノ本３０９－３" }, "geometry": { "type": "Point", "coordinates": [ 135.127158, 34.258881 ] } },
{ "type": "Feature", "properties": { "ID": 3022034300000, "正式名称": "クリニック三木", "機関区分": 2, "都道府県コード": 30, "市区町村コード": 201, "所在地": "和歌山県和歌山市粟２５０－３", "緯度": 34.252799, "経度": 135.173655, "url": "https://www.iryou.teikyouseido.mhlw.go.jp/znk-web/juminkanja/S2430/initialize?prefCd=30&kikanCd=2034300000&kikanKbn=2", "url2": "http://www.sankoukai-ym.jp", "内容": "クリニック三木【2:診療所】【診療科目:外科_整形外科_リハビリテーション科_放射線科】和歌山県和歌山市粟２５０－３" }, "geometry": { "type": "Point", "coordinates": [ 135.173655, 34.252799 ] } },
{ "type": "Feature", "properties": { "ID": 3022034400000, "正式名称": "三木内科", "機関区分": 2, "都道府県コード": 30, "市区町村コード": 201, "所在地": "和歌山県和歌山市楠見中１６９番地の１　ワッセナー２１", "緯度": 34.25366, "経度": 135.177431, "url": "https://www.iryou.teikyouseido.mhlw.go.jp/znk-web/juminkanja/S2430/initialize?prefCd=30&kikanCd=2034400000&kikanKbn=2", "url2": null, "内容": "三木内科【2:診療所】【診療科目:内科_呼吸器内科_循環器内科】和歌山県和歌山市楠見中１６９番地の１　ワッセナー２１" }, "geometry": { "type": "Point", "coordinates": [ 135.177431, 34.25366 ] } },
{ "type": "Feature", "properties": { "ID": 3022034500000, "正式名称": "クリニックジョイ耳鼻咽喉科アレルギー科", "機関区分": 2, "都道府県コード": 30, "市区町村コード": 201, "所在地": "和歌山県和歌山市楠見中１６９－１　ワッセナー２１", "緯度": 34.253632, "経度": 135.177431, "url": "https://www.iryou.teikyouseido.mhlw.go.jp/znk-web/juminkanja/S2430/initialize?prefCd=30&kikanCd=2034500000&kikanKbn=2", "url2": "https://clinicjoy.p-kit.com/", "内容": "クリニックジョイ耳鼻咽喉科アレルギー科【2:診療所】【診療科目:頭頸部・耳鼻いんこう科_アレルギー科】和歌山県和歌山市楠見中１６９－１　ワッセナー２１" }, "geometry": { "type": "Point", "coordinates": [ 135.177431, 34.253632 ] } },
{ "type": "Feature", "properties": { "ID": 3022034700000, "正式名称": "下間クリニック", "機関区分": 2, "都道府県コード": 30, "市区町村コード": 201, "所在地": "和歌山県和歌山市市小路４０２", "緯度": 34.255335, "経度": 135.16745, "url": "https://www.iryou.teikyouseido.mhlw.go.jp/znk-web/juminkanja/S2430/initialize?prefCd=30&kikanCd=2034700000&kikanKbn=2", "url2": null, "内容": "下間クリニック【2:診療所】【診療科目:内科_消化器内科_外科_肛門外科_小児科】和歌山県和歌山市市小路４０２" }, "geometry": { "type": "Point", "coordinates": [ 135.16745, 34.255335 ] } },
{ "type": "Feature", "properties": { "ID": 3022034800000, "正式名称": "松谷内科", "機関区分": 2, "都道府県コード": 30, "市区町村コード": 201, "所在地": "和歌山県和歌山市善明寺７５５－８１", "緯度": 34.261271, "経度": 135.179904, "url": "https://www.iryou.teikyouseido.mhlw.go.jp/znk-web/juminkanja/S2430/initialize?prefCd=30&kikanCd=2034800000&kikanKbn=2", "url2": "https://www.matsutaninaika-wakayama.com", "内容": "松谷内科【2:診療所】【診療科目:内科_糖尿病内科_内分泌内科_呼吸器内科_循環器内科_消化器内科】和歌山県和歌山市善明寺７５５－８１" }, "geometry": { "type": "Point", "coordinates": [ 135.179904, 34.261271 ] } },
{ "type": "Feature", "properties": { "ID": 3022035100000, "正式名称": "山口整形外科", "機関区分": 2, "都道府県コード": 30, "市区町村コード": 201, "所在地": "和歌山県和歌山市大谷４０５－１", "緯度": 34.260799, "経度": 135.179376, "url": "https://www.iryou.teikyouseido.mhlw.go.jp/znk-web/juminkanja/S2430/initialize?prefCd=30&kikanCd=2035100000&kikanKbn=2", "url2": "http://yamaguchiseikeigeka.com", "内容": "山口整形外科【2:診療所】【診療科目:整形外科_リハビリテーション科_放射線科】和歌山県和歌山市大谷４０５－１" }, "geometry": { "type": "Point", "coordinates": [ 135.179376, 34.260799 ] } },
{ "type": "Feature", "properties": { "ID": 3022035200000, "正式名称": "クリニック宮本", "機関区分": 2, "都道府県コード": 30, "市区町村コード": 201, "所在地": "和歌山県和歌山市大谷１０６－１", "緯度": 34.259605, "経度": 135.176737, "url": "https://www.iryou.teikyouseido.mhlw.go.jp/znk-web/juminkanja/S2430/initialize?prefCd=30&kikanCd=2035200000&kikanKbn=2", "url2": null, "内容": "クリニック宮本【2:診療所】【診療科目:内科_泌尿器科】和歌山県和歌山市大谷１０６－１" }, "geometry": { "type": "Point", "coordinates": [ 135.176737, 34.259605 ] } },
{ "type": "Feature", "properties": { "ID": 3022035400000, "正式名称": "菖蒲医院", "機関区分": 2, "都道府県コード": 30, "市区町村コード": 201, "所在地": "和歌山県和歌山市直川１９０５－１", "緯度": 34.264577, "経度": 135.209817, "url": "https://www.iryou.teikyouseido.mhlw.go.jp/znk-web/juminkanja/S2430/initialize?prefCd=30&kikanCd=2035400000&kikanKbn=2", "url2": null, "内容": "菖蒲医院【2:診療所】【診療科目:内科_外科_肛門外科_整形外科_リハビリテーション科】和歌山県和歌山市直川１９０５－１" }, "geometry": { "type": "Point", "coordinates": [ 135.209817, 34.264577 ] } },
{ "type": "Feature", "properties": { "ID": 3022035600000, "正式名称": "にしたに内科", "機関区分": 2, "都道府県コード": 30, "市区町村コード": 201, "所在地": "和歌山県和歌山市直川９６０－３", "緯度": 34.262549, "経度": 135.22015, "url": "https://www.iryou.teikyouseido.mhlw.go.jp/znk-web/juminkanja/S2430/initialize?prefCd=30&kikanCd=2035600000&kikanKbn=2", "url2": "https://www.nishitani-naika.com/", "内容": "にしたに内科【2:診療所】【診療科目:内科_糖尿病・内分泌内科_呼吸器内科_循環器内科_消化器内科_腎臓内科_皮膚科】和歌山県和歌山市直川９６０－３" }, "geometry": { "type": "Point", "coordinates": [ 135.22015, 34.262549 ] } },
{ "type": "Feature", "properties": { "ID": 3022035700000, "正式名称": "医療法人　塩崎医院", "機関区分": 2, "都道府県コード": 30, "市区町村コード": 201, "所在地": "和歌山県和歌山市六十谷３６３－３", "緯度": 34.262355, "経度": 135.206568, "url": "https://www.iryou.teikyouseido.mhlw.go.jp/znk-web/juminkanja/S2430/initialize?prefCd=30&kikanCd=2035700000&kikanKbn=2", "url2": "https://www.shiozaki-clinic.jp/", "内容": "医療法人　塩崎医院【2:診療所】【診療科目:内科_消化器内科_外科_肛門外科_放射線科_麻酔科】和歌山県和歌山市六十谷３６３－３" }, "geometry": { "type": "Point", "coordinates": [ 135.206568, 34.262355 ] } },
{ "type": "Feature", "properties": { "ID": 3022035800000, "正式名称": "医療法人　小西眼科", "機関区分": 2, "都道府県コード": 30, "市区町村コード": 201, "所在地": "和歌山県和歌山市六十谷２２２番地の３９", "緯度": 34.261132, "経度": 135.203263, "url": "https://www.iryou.teikyouseido.mhlw.go.jp/znk-web/juminkanja/S2430/initialize?prefCd=30&kikanCd=2035800000&kikanKbn=2", "url2": null, "内容": "医療法人　小西眼科【2:診療所】【診療科目:眼科】和歌山県和歌山市六十谷２２２番地の３９" }, "geometry": { "type": "Point", "coordinates": [ 135.203263, 34.261132 ] } },
{ "type": "Feature", "properties": { "ID": 3022035900000, "正式名称": "医療法人粉川レディスクリニック", "機関区分": 2, "都道府県コード": 30, "市区町村コード": 201, "所在地": "和歌山県和歌山市六十谷３６６－４", "緯度": 34.261993, "経度": 135.206013, "url": "https://www.iryou.teikyouseido.mhlw.go.jp/znk-web/juminkanja/S2430/initialize?prefCd=30&kikanCd=2035900000&kikanKbn=2", "url2": "http://www.kokawa-lc.jp/", "内容": "医療法人粉川レディスクリニック【2:診療所】【診療科目:産科_婦人科】和歌山県和歌山市六十谷３６６－４" }, "geometry": { "type": "Point", "coordinates": [ 135.206013, 34.261993 ] } },
{ "type": "Feature", "properties": { "ID": 3022036200000, "正式名称": "津田小児科", "機関区分": 2, "都道府県コード": 30, "市区町村コード": 201, "所在地": "和歌山県和歌山市六十谷３７４－１", "緯度": 34.262105, "経度": 135.204957, "url": "https://www.iryou.teikyouseido.mhlw.go.jp/znk-web/juminkanja/S2430/initialize?prefCd=30&kikanCd=2036200000&kikanKbn=2", "url2": "https://tuda-shonika.com", "内容": "津田小児科【2:診療所】【診療科目:小児科】和歌山県和歌山市六十谷３７４－１" }, "geometry": { "type": "Point", "coordinates": [ 135.204957, 34.262105 ] } },
{ "type": "Feature", "properties": { "ID": 3022036400000, "正式名称": "土井脳神経外科クリニック", "機関区分": 2, "都道府県コード": 30, "市区町村コード": 201, "所在地": "和歌山県和歌山市六十谷３５－１", "緯度": 34.260743, "経度": 135.200652, "url": "https://www.iryou.teikyouseido.mhlw.go.jp/znk-web/juminkanja/S2430/initialize?prefCd=30&kikanCd=2036400000&kikanKbn=2", "url2": null, "内容": "土井脳神経外科クリニック【2:診療所】【診療科目:内科_神経内科_脳神経外科_リハビリテーション科】和歌山県和歌山市六十谷３５－１" }, "geometry": { "type": "Point", "coordinates": [ 135.200652, 34.260743 ] } },
{ "type": "Feature", "properties": { "ID": 3022036500000, "正式名称": "吉田皮膚科", "機関区分": 2, "都道府県コード": 30, "市区町村コード": 201, "所在地": "和歌山県和歌山市六十谷２２２－２６", "緯度": 34.261549, "経度": 135.203346, "url": "https://www.iryou.teikyouseido.mhlw.go.jp/znk-web/juminkanja/S2430/initialize?prefCd=30&kikanCd=2036500000&kikanKbn=2", "url2": null, "内容": "吉田皮膚科【2:診療所】【診療科目:皮膚科】和歌山県和歌山市六十谷２２２－２６" }, "geometry": { "type": "Point", "coordinates": [ 135.203346, 34.261549 ] } },
{ "type": "Feature", "properties": { "ID": 3022036600000, "正式名称": "なんぶ胃腸科内科", "機関区分": 2, "都道府県コード": 30, "市区町村コード": 201, "所在地": "和歌山県和歌山市六十谷１０２２－１", "緯度": 34.262408, "経度": 135.201649, "url": "https://www.iryou.teikyouseido.mhlw.go.jp/znk-web/juminkanja/S2430/initialize?prefCd=30&kikanCd=2036600000&kikanKbn=2", "url2": "https://nambuichyouka.com/", "内容": "なんぶ胃腸科内科【2:診療所】【診療科目:内科_呼吸器内科_循環器内科_消化器内科】和歌山県和歌山市六十谷１０２２－１" }, "geometry": { "type": "Point", "coordinates": [ 135.201649, 34.262408 ] } },
{ "type": "Feature", "properties": { "ID": 3022037000000, "正式名称": "岡本医院", "機関区分": 2, "都道府県コード": 30, "市区町村コード": 201, "所在地": "和歌山県和歌山市園部５９６－１５６", "緯度": 34.265326, "経度": 135.189014, "url": "https://www.iryou.teikyouseido.mhlw.go.jp/znk-web/juminkanja/S2430/initialize?prefCd=30&kikanCd=2037000000&kikanKbn=2", "url2": null, "内容": "岡本医院【2:診療所】【診療科目:内科_小児科】和歌山県和歌山市園部５９６－１５６" }, "geometry": { "type": "Point", "coordinates": [ 135.189014, 34.265326 ] } },
{ "type": "Feature", "properties": { "ID": 3022037200000, "正式名称": "前田外科", "機関区分": 2, "都道府県コード": 30, "市区町村コード": 201, "所在地": "和歌山県和歌山市園部９６９－２", "緯度": 34.261466, "経度": 135.190042, "url": "https://www.iryou.teikyouseido.mhlw.go.jp/znk-web/juminkanja/S2430/initialize?prefCd=30&kikanCd=2037200000&kikanKbn=2", "url2": null, "内容": "前田外科【2:診療所】【診療科目:内科_消化器内科_肛門外科_皮膚科】和歌山県和歌山市園部９６９－２" }, "geometry": { "type": "Point", "coordinates": [ 135.190042, 34.261466 ] } },
{ "type": "Feature", "properties": { "ID": 3022037800000, "正式名称": "坂田内科", "機関区分": 2, "都道府県コード": 30, "市区町村コード": 201, "所在地": "和歌山県和歌山市坂田４５３", "緯度": 34.199862, "経度": 135.202071, "url": "https://www.iryou.teikyouseido.mhlw.go.jp/znk-web/juminkanja/S2430/initialize?prefCd=30&kikanCd=2037800000&kikanKbn=2", "url2": null, "内容": "坂田内科【2:診療所】【診療科目:内科_呼吸器内科_循環器内科_消化器内科_リハビリテーション科_放射線科】和歌山県和歌山市坂田４５３" }, "geometry": { "type": "Point", "coordinates": [ 135.202071, 34.199862 ] } },
{ "type": "Feature", "properties": { "ID": 3022037900000, "正式名称": "山東整形外科肛門科医院", "機関区分": 2, "都道府県コード": 30, "市区町村コード": 201, "所在地": "和歌山県和歌山市和田１２０２－５", "緯度": 34.207333, "経度": 135.209043, "url": "https://www.iryou.teikyouseido.mhlw.go.jp/znk-web/juminkanja/S2430/initialize?prefCd=30&kikanCd=2037900000&kikanKbn=2", "url2": "https://www.santoh-seikei.com", "内容": "山東整形外科肛門科医院【2:診療所】【診療科目:内科_肛門外科_整形外科_リウマチ科_リハビリテーション科】和歌山県和歌山市和田１２０２－５" }, "geometry": { "type": "Point", "coordinates": [ 135.209043, 34.207333 ] } },
{ "type": "Feature", "properties": { "ID": 3022038100000, "正式名称": "大河内医院", "機関区分": 2, "都道府県コード": 30, "市区町村コード": 201, "所在地": "和歌山県和歌山市中島４２９―１", "緯度": 34.204944, "経度": 135.187406, "url": "https://www.iryou.teikyouseido.mhlw.go.jp/znk-web/juminkanja/S2430/initialize?prefCd=30&kikanCd=2038100000&kikanKbn=2", "url2": "okochiclinic.byoinnavi.jp", "内容": "大河内医院【2:診療所】【診療科目:内科_循環器内科_消化器内科】和歌山県和歌山市中島４２９―１" }, "geometry": { "type": "Point", "coordinates": [ 135.187406, 34.204944 ] } },
{ "type": "Feature", "properties": { "ID": 3022038200000, "正式名称": "岡本内科", "機関区分": 2, "都道府県コード": 30, "市区町村コード": 201, "所在地": "和歌山県和歌山市小雑賀１５８", "緯度": 34.204944, "経度": 135.183767, "url": "https://www.iryou.teikyouseido.mhlw.go.jp/znk-web/juminkanja/S2430/initialize?prefCd=30&kikanCd=2038200000&kikanKbn=2", "url2": null, "内容": "岡本内科【2:診療所】【診療科目:内科】和歌山県和歌山市小雑賀１５８" }, "geometry": { "type": "Point", "coordinates": [ 135.183767, 34.204944 ] } },
{ "type": "Feature", "properties": { "ID": 3022038500000, "正式名称": "医療法人真正会　龍神整形外科", "機関区分": 2, "都道府県コード": 30, "市区町村コード": 201, "所在地": "和歌山県和歌山市北中島１－５－１", "緯度": 34.213665, "経度": 135.187321, "url": "https://www.iryou.teikyouseido.mhlw.go.jp/znk-web/juminkanja/S2430/initialize?prefCd=30&kikanCd=2038500000&kikanKbn=2", "url2": "http://www.ryujin-seikei.com", "内容": "医療法人真正会　龍神整形外科【2:診療所】【診療科目:外科_整形外科_リハビリテーション科】和歌山県和歌山市北中島１－５－１" }, "geometry": { "type": "Point", "coordinates": [ 135.187321, 34.213665 ] } },
{ "type": "Feature", "properties": { "ID": 3022038600000, "正式名称": "岩橋内科", "機関区分": 2, "都道府県コード": 30, "市区町村コード": 201, "所在地": "和歌山県和歌山市北中島１－７－１２", "緯度": 34.212332, "経度": 135.187321, "url": "https://www.iryou.teikyouseido.mhlw.go.jp/znk-web/juminkanja/S2430/initialize?prefCd=30&kikanCd=2038600000&kikanKbn=2", "url2": null, "内容": "岩橋内科【2:診療所】【診療科目:内科_循環器内科_消化器内科】和歌山県和歌山市北中島１－７－１２" }, "geometry": { "type": "Point", "coordinates": [ 135.187321, 34.212332 ] } },
{ "type": "Feature", "properties": { "ID": 3022038700000, "正式名称": "きたクリニック", "機関区分": 2, "都道府県コード": 30, "市区町村コード": 201, "所在地": "和歌山県和歌山市北中島１－５－１　クリニックビルりゅうじん３Ｆ", "緯度": 34.213665, "経度": 135.187294, "url": "https://www.iryou.teikyouseido.mhlw.go.jp/znk-web/juminkanja/S2430/initialize?prefCd=30&kikanCd=2038700000&kikanKbn=2", "url2": "kita-cl.com", "内容": "きたクリニック【2:診療所】【診療科目:内科_外科】和歌山県和歌山市北中島１－５－１　クリニックビルりゅうじん３Ｆ" }, "geometry": { "type": "Point", "coordinates": [ 135.187294, 34.213665 ] } },
{ "type": "Feature", "properties": { "ID": 3022039000000, "正式名称": "医療法人桜照会　さくらい乳腺外科クリニック", "機関区分": 2, "都道府県コード": 30, "市区町村コード": 201, "所在地": "和歌山県和歌山市三葛２７９－５", "緯度": 34.191389, "経度": 135.184796, "url": "https://www.iryou.teikyouseido.mhlw.go.jp/znk-web/juminkanja/S2430/initialize?prefCd=30&kikanCd=2039000000&kikanKbn=2", "url2": "https://www.sakurai-clinic.jp/", "内容": "医療法人桜照会　さくらい乳腺外科クリニック【2:診療所】【診療科目:外科_乳腺外科】和歌山県和歌山市三葛２７９－５" }, "geometry": { "type": "Point", "coordinates": [ 135.184796, 34.191389 ] } },
{ "type": "Feature", "properties": { "ID": 3022039200000, "正式名称": "川崎医院", "機関区分": 2, "都道府県コード": 30, "市区町村コード": 201, "所在地": "和歌山県和歌山市紀三井寺１０９９", "緯度": 34.18389, "経度": 135.188684, "url": "https://www.iryou.teikyouseido.mhlw.go.jp/znk-web/juminkanja/S2430/initialize?prefCd=30&kikanCd=2039200000&kikanKbn=2", "url2": null, "内容": "川崎医院【2:診療所】【診療科目:内科_呼吸器内科_循環器内科_消化器内科_小児科】和歌山県和歌山市紀三井寺１０９９" }, "geometry": { "type": "Point", "coordinates": [ 135.188684, 34.18389 ] } },
{ "type": "Feature", "properties": { "ID": 3022039500000, "正式名称": "大谷医院", "機関区分": 2, "都道府県コード": 30, "市区町村コード": 201, "所在地": "和歌山県和歌山市紀三井寺１００６", "緯度": 34.181946, "経度": 135.18874, "url": "https://www.iryou.teikyouseido.mhlw.go.jp/znk-web/juminkanja/S2430/initialize?prefCd=30&kikanCd=2039500000&kikanKbn=2", "url2": null, "内容": "大谷医院【2:診療所】【診療科目:内科_循環器内科_小児科_リハビリテーション科】和歌山県和歌山市紀三井寺１００６" }, "geometry": { "type": "Point", "coordinates": [ 135.18874, 34.181946 ] } },
{ "type": "Feature", "properties": { "ID": 3022039700000, "正式名称": "宮本内科", "機関区分": 2, "都道府県コード": 30, "市区町村コード": 201, "所在地": "和歌山県和歌山市紀三井寺１－５３", "緯度": 34.170226, "経度": 135.199045, "url": "https://www.iryou.teikyouseido.mhlw.go.jp/znk-web/juminkanja/S2430/initialize?prefCd=30&kikanCd=2039700000&kikanKbn=2", "url2": "http://www.miyamoto-clinic.jp", "内容": "宮本内科【2:診療所】【診療科目:内科_呼吸器内科_循環器内科_消化器内科】和歌山県和歌山市紀三井寺１－５３" }, "geometry": { "type": "Point", "coordinates": [ 135.199045, 34.170226 ] } },
{ "type": "Feature", "properties": { "ID": 3022039900000, "正式名称": "山本内科・消化器科", "機関区分": 2, "都道府県コード": 30, "市区町村コード": 201, "所在地": "和歌山県和歌山市内原９３７－２８", "緯度": 34.171141, "経度": 135.191268, "url": "https://www.iryou.teikyouseido.mhlw.go.jp/znk-web/juminkanja/S2430/initialize?prefCd=30&kikanCd=2039900000&kikanKbn=2", "url2": null, "内容": "山本内科・消化器科【2:診療所】【診療科目:内科_呼吸器内科_消化器内科_放射線科】和歌山県和歌山市内原９３７－２８" }, "geometry": { "type": "Point", "coordinates": [ 135.191268, 34.171141 ] } },
{ "type": "Feature", "properties": { "ID": 3022040100000, "正式名称": "吉田メンタルクリニック", "機関区分": 2, "都道府県コード": 30, "市区町村コード": 201, "所在地": "和歌山県和歌山市内原９１５　グリーンフル北野", "緯度": 34.171586, "経度": 135.192462, "url": "https://www.iryou.teikyouseido.mhlw.go.jp/znk-web/juminkanja/S2430/initialize?prefCd=30&kikanCd=2040100000&kikanKbn=2", "url2": "https://ymcwakayama.sakura.ne.jp", "内容": "吉田メンタルクリニック【2:診療所】【診療科目:精神科_心療内科】和歌山県和歌山市内原９１５　グリーンフル北野" }, "geometry": { "type": "Point", "coordinates": [ 135.192462, 34.171586 ] } },
{ "type": "Feature", "properties": { "ID": 3022040200000, "正式名称": "ＭＩＺ麻川クリニック", "機関区分": 2, "都道府県コード": 30, "市区町村コード": 201, "所在地": "和歌山県和歌山市毛見１１０３－１", "緯度": 34.166781, "経度": 135.186935, "url": "https://www.iryou.teikyouseido.mhlw.go.jp/znk-web/juminkanja/S2430/initialize?prefCd=30&kikanCd=2040200000&kikanKbn=2", "url2": null, "内容": "ＭＩＺ麻川クリニック【2:診療所】【診療科目:内科_呼吸器内科_循環器内科_心療内科_アレルギー科_リウマチ科】和歌山県和歌山市毛見１１０３－１" }, "geometry": { "type": "Point", "coordinates": [ 135.186935, 34.166781 ] } },
{ "type": "Feature", "properties": { "ID": 3022040400000, "正式名称": "山口医院", "機関区分": 2, "都道府県コード": 30, "市区町村コード": 201, "所在地": "和歌山県和歌山市毛見２９５－２１", "緯度": 34.168837, "経度": 135.199406, "url": "https://www.iryou.teikyouseido.mhlw.go.jp/znk-web/juminkanja/S2430/initialize?prefCd=30&kikanCd=2040400000&kikanKbn=2", "url2": "http://yamaguchi-med.com", "内容": "山口医院【2:診療所】【診療科目:内科_糖尿病・代謝内科_小児科】和歌山県和歌山市毛見２９５－２１" }, "geometry": { "type": "Point", "coordinates": [ 135.199406, 34.168837 ] } },
{ "type": "Feature", "properties": { "ID": 3022040700000, "正式名称": "井関循環器科内科", "機関区分": 2, "都道府県コード": 30, "市区町村コード": 201, "所在地": "和歌山県和歌山市毛見１７３－４", "緯度": 34.165031, "経度": 135.187685, "url": "https://www.iryou.teikyouseido.mhlw.go.jp/znk-web/juminkanja/S2430/initialize?prefCd=30&kikanCd=2040700000&kikanKbn=2", "url2": "http://support.myclinic.ne.jp/search/info/12513", "内容": "井関循環器科内科【2:診療所】【診療科目:内科_呼吸器内科_循環器内科_消化器内科】和歌山県和歌山市毛見１７３－４" }, "geometry": { "type": "Point", "coordinates": [ 135.187685, 34.165031 ] } },
{ "type": "Feature", "properties": { "ID": 3022040900000, "正式名称": "医療法人　青木整形外科", "機関区分": 2, "都道府県コード": 30, "市区町村コード": 201, "所在地": "和歌山県和歌山市布引７６３－８", "緯度": 34.170121, "経度": 135.188032, "url": "https://www.iryou.teikyouseido.mhlw.go.jp/znk-web/juminkanja/S2430/initialize?prefCd=30&kikanCd=2040900000&kikanKbn=2", "url2": null, "内容": "医療法人　青木整形外科【2:診療所】【診療科目:整形外科_リウマチ科_リハビリテーション科_放射線科_麻酔科】和歌山県和歌山市布引７６３－８" }, "geometry": { "type": "Point", "coordinates": [ 135.188032, 34.170121 ] } },
{ "type": "Feature", "properties": { "ID": 3022041000000, "正式名称": "神人クリニックなぐさ耳鼻咽喉科", "機関区分": 2, "都道府県コード": 30, "市区町村コード": 201, "所在地": "和歌山県和歌山市布引９１４－１５", "緯度": 34.174752, "経度": 135.187657, "url": "https://www.iryou.teikyouseido.mhlw.go.jp/znk-web/juminkanja/S2430/initialize?prefCd=30&kikanCd=2041000000&kikanKbn=2", "url2": "https://map.yahoo.co.jp/v3/place/O51I2ffL6Mw", "内容": "神人クリニックなぐさ耳鼻咽喉科【2:診療所】【診療科目:耳鼻いんこう科_アレルギー科】和歌山県和歌山市布引９１４－１５" }, "geometry": { "type": "Point", "coordinates": [ 135.187657, 34.174752 ] } },
{ "type": "Feature", "properties": { "ID": 3022041100000, "正式名称": "嶋内科医院", "機関区分": 2, "都道府県コード": 30, "市区町村コード": 201, "所在地": "和歌山県和歌山市布引６０７－１", "緯度": 34.173669, "経度": 135.18699, "url": "https://www.iryou.teikyouseido.mhlw.go.jp/znk-web/juminkanja/S2430/initialize?prefCd=30&kikanCd=2041100000&kikanKbn=2", "url2": null, "内容": "嶋内科医院【2:診療所】【診療科目:内科_糖尿病内科_循環器内科_消化器内科_漢方内科_放射線科】和歌山県和歌山市布引６０７－１" }, "geometry": { "type": "Point", "coordinates": [ 135.18699, 34.173669 ] } },
{ "type": "Feature", "properties": { "ID": 3022041200000, "正式名称": "上林神経内科クリニック", "機関区分": 2, "都道府県コード": 30, "市区町村コード": 201, "所在地": "和歌山県和歌山市布引６５２－６", "緯度": 34.172725, "経度": 135.187101, "url": "https://www.iryou.teikyouseido.mhlw.go.jp/znk-web/juminkanja/S2430/initialize?prefCd=30&kikanCd=2041200000&kikanKbn=2", "url2": null, "内容": "上林神経内科クリニック【2:診療所】【診療科目:内科_神経内科_リハビリテーション科】和歌山県和歌山市布引６５２－６" }, "geometry": { "type": "Point", "coordinates": [ 135.187101, 34.172725 ] } },
{ "type": "Feature", "properties": { "ID": 3022042500000, "正式名称": "村上内科", "機関区分": 2, "都道府県コード": 30, "市区町村コード": 201, "所在地": "和歌山県和歌山市松ケ丘１－８－１３", "緯度": 34.204443, "経度": 135.166297, "url": "https://www.iryou.teikyouseido.mhlw.go.jp/znk-web/juminkanja/S2430/initialize?prefCd=30&kikanCd=2042500000&kikanKbn=2", "url2": null, "内容": "村上内科【2:診療所】【診療科目:内科_呼吸器内科_循環器内科_消化器内科】和歌山県和歌山市松ケ丘１－８－１３" }, "geometry": { "type": "Point", "coordinates": [ 135.166297, 34.204443 ] } },
{ "type": "Feature", "properties": { "ID": 3022042600000, "正式名称": "榎本耳鼻咽喉科", "機関区分": 2, "都道府県コード": 30, "市区町村コード": 201, "所在地": "和歌山県和歌山市新高町３の１０", "緯度": 34.202083, "経度": 135.168879, "url": "https://www.iryou.teikyouseido.mhlw.go.jp/znk-web/juminkanja/S2430/initialize?prefCd=30&kikanCd=2042600000&kikanKbn=2", "url2": null, "内容": "榎本耳鼻咽喉科【2:診療所】【診療科目:耳鼻いんこう科_アレルギー科】和歌山県和歌山市新高町３の１０" }, "geometry": { "type": "Point", "coordinates": [ 135.168879, 34.202083 ] } },
{ "type": "Feature", "properties": { "ID": 3022043000000, "正式名称": "つの小児科", "機関区分": 2, "都道府県コード": 30, "市区町村コード": 201, "所在地": "和歌山県和歌山市関戸１丁目４－１０", "緯度": 34.201166, "経度": 135.167908, "url": "https://www.iryou.teikyouseido.mhlw.go.jp/znk-web/juminkanja/S2430/initialize?prefCd=30&kikanCd=2043000000&kikanKbn=2", "url2": null, "内容": "つの小児科【2:診療所】【診療科目:小児科_アレルギー科】和歌山県和歌山市関戸１丁目４－１０" }, "geometry": { "type": "Point", "coordinates": [ 135.167908, 34.201166 ] } },
{ "type": "Feature", "properties": { "ID": 3022043100000, "正式名称": "秋田クリニック", "機関区分": 2, "都道府県コード": 30, "市区町村コード": 201, "所在地": "和歌山県和歌山市関戸４丁目３－１０", "緯度": 34.196444, "経度": 135.159936, "url": "https://www.iryou.teikyouseido.mhlw.go.jp/znk-web/juminkanja/S2430/initialize?prefCd=30&kikanCd=2043100000&kikanKbn=2", "url2": null, "内容": "秋田クリニック【2:診療所】【診療科目:内科_呼吸器内科_循環器内科_消化器内科_外科】和歌山県和歌山市関戸４丁目３－１０" }, "geometry": { "type": "Point", "coordinates": [ 135.159936, 34.196444 ] } },
{ "type": "Feature", "properties": { "ID": 3022043200000, "正式名称": "医療法人新生会　岩橋産科婦人科", "機関区分": 2, "都道府県コード": 30, "市区町村コード": 201, "所在地": "和歌山県和歌山市関戸１－６－４４", "緯度": 34.199333, "経度": 135.168019, "url": "https://www.iryou.teikyouseido.mhlw.go.jp/znk-web/juminkanja/S2430/initialize?prefCd=30&kikanCd=2043200000&kikanKbn=2", "url2": "https://iwahashi-sanfu.com/", "内容": "医療法人新生会　岩橋産科婦人科【2:診療所】【診療科目:産婦人科_産科_婦人科_産婦人科（生殖医療）_産科、婦人科、産婦人科、産婦人科（生殖医療）、その他（産婦人科系）】和歌山県和歌山市関戸１－６－４４" }, "geometry": { "type": "Point", "coordinates": [ 135.168019, 34.199333 ] } },
{ "type": "Feature", "properties": { "ID": 3022043400000, "正式名称": "竹内内科胃腸科", "機関区分": 2, "都道府県コード": 30, "市区町村コード": 201, "所在地": "和歌山県和歌山市西浜９７３－１２", "緯度": 34.198583, "経度": 135.158742, "url": "https://www.iryou.teikyouseido.mhlw.go.jp/znk-web/juminkanja/S2430/initialize?prefCd=30&kikanCd=2043400000&kikanKbn=2", "url2": null, "内容": "竹内内科胃腸科【2:診療所】【診療科目:内科_循環器内科_消化器内科】和歌山県和歌山市西浜９７３－１２" }, "geometry": { "type": "Point", "coordinates": [ 135.158742, 34.198583 ] } },
{ "type": "Feature", "properties": { "ID": 3022043700000, "正式名称": "竹原外科内科医院", "機関区分": 2, "都道府県コード": 30, "市区町村コード": 201, "所在地": "和歌山県和歌山市西浜１００４－１", "緯度": 34.196694, "経度": 135.158464, "url": "https://www.iryou.teikyouseido.mhlw.go.jp/znk-web/juminkanja/S2430/initialize?prefCd=30&kikanCd=2043700000&kikanKbn=2", "url2": null, "内容": "竹原外科内科医院【2:診療所】【診療科目:内科_呼吸器内科_循環器内科_消化器内科_神経内科_外科_脳神経外科_整形外科】和歌山県和歌山市西浜１００４－１" }, "geometry": { "type": "Point", "coordinates": [ 135.158464, 34.196694 ] } },
{ "type": "Feature", "properties": { "ID": 3022043900000, "正式名称": "こうざき産婦人科", "機関区分": 2, "都道府県コード": 30, "市区町村コード": 201, "所在地": "和歌山県和歌山市堀止南ノ丁３番地７", "緯度": 34.212665, "経度": 135.172184, "url": "https://www.iryou.teikyouseido.mhlw.go.jp/znk-web/juminkanja/S2430/initialize?prefCd=30&kikanCd=2043900000&kikanKbn=2", "url2": "https://kouzaki.jp/", "内容": "こうざき産婦人科【2:診療所】【診療科目:産婦人科】和歌山県和歌山市堀止南ノ丁３番地７" }, "geometry": { "type": "Point", "coordinates": [ 135.172184, 34.212665 ] } },
{ "type": "Feature", "properties": { "ID": 3022044500000, "正式名称": "にしばた形成外科クリニック", "機関区分": 2, "都道府県コード": 30, "市区町村コード": 201, "所在地": "和歌山県和歌山市新堀東２丁目１－１５", "緯度": 34.214887, "経度": 135.175045, "url": "https://www.iryou.teikyouseido.mhlw.go.jp/znk-web/juminkanja/S2430/initialize?prefCd=30&kikanCd=2044500000&kikanKbn=2", "url2": "http://cnishibata.com/", "内容": "にしばた形成外科クリニック【2:診療所】【診療科目:外科_形成外科_耳鼻いんこう科_皮膚科】和歌山県和歌山市新堀東２丁目１－１５" }, "geometry": { "type": "Point", "coordinates": [ 135.175045, 34.214887 ] } },
{ "type": "Feature", "properties": { "ID": 3022044800000, "正式名称": "スガイ化学工業株式会社和歌山工場診療所", "機関区分": 2, "都道府県コード": 30, "市区町村コード": 201, "所在地": "和歌山県和歌山市宇須四丁目４番６号", "緯度": 34.207471, "経度": 135.178322, "url": "https://www.iryou.teikyouseido.mhlw.go.jp/znk-web/juminkanja/S2430/initialize?prefCd=30&kikanCd=2044800000&kikanKbn=2", "url2": null, "内容": "スガイ化学工業株式会社和歌山工場診療所【2:診療所】【診療科目:内科_皮膚科】和歌山県和歌山市宇須四丁目４番６号" }, "geometry": { "type": "Point", "coordinates": [ 135.178322, 34.207471 ] } },
{ "type": "Feature", "properties": { "ID": 3022044900000, "正式名称": "横山内科", "機関区分": 2, "都道府県コード": 30, "市区町村コード": 201, "所在地": "和歌山県和歌山市宇須１－５－１５", "緯度": 34.210498, "経度": 135.173879, "url": "https://www.iryou.teikyouseido.mhlw.go.jp/znk-web/juminkanja/S2430/initialize?prefCd=30&kikanCd=2044900000&kikanKbn=2", "url2": "http://www.yokoyama-naika.info/", "内容": "横山内科【2:診療所】【診療科目:内科_呼吸器内科_循環器内科_消化器内科_胃腸内科_漢方内科_内視鏡内科_アレルギー疾患内科_小児科_アレルギー科_リウマチ科_リハビリテーション科_放射線科】和歌山県和歌山市宇須１－５－１５" }, "geometry": { "type": "Point", "coordinates": [ 135.173879, 34.210498 ] } },
{ "type": "Feature", "properties": { "ID": 3022045000000, "正式名称": "こいけ内科糖尿病内科クリニック", "機関区分": 2, "都道府県コード": 30, "市区町村コード": 201, "所在地": "和歌山県和歌山市今福２－１－５３", "緯度": 34.212471, "経度": 135.166101, "url": "https://www.iryou.teikyouseido.mhlw.go.jp/znk-web/juminkanja/S2430/initialize?prefCd=30&kikanCd=2045000000&kikanKbn=2", "url2": "https://koike-dm-clinic.com", "内容": "こいけ内科糖尿病内科クリニック【2:診療所】【診療科目:内科_糖尿病・内分泌内科_消化器内科】和歌山県和歌山市今福２－１－５３" }, "geometry": { "type": "Point", "coordinates": [ 135.166101, 34.212471 ] } },
{ "type": "Feature", "properties": { "ID": 3022045300000, "正式名称": "今福診療所", "機関区分": 2, "都道府県コード": 30, "市区町村コード": 201, "所在地": "和歌山県和歌山市今福２丁目１番１６号", "緯度": 34.211776, "経度": 135.165851, "url": "https://www.iryou.teikyouseido.mhlw.go.jp/znk-web/juminkanja/S2430/initialize?prefCd=30&kikanCd=2045300000&kikanKbn=2", "url2": "http://care-net.biz/30/kinokuniiryo", "内容": "今福診療所【2:診療所】【診療科目:内科_小児科_放射線科】和歌山県和歌山市今福２丁目１番１６号" }, "geometry": { "type": "Point", "coordinates": [ 135.165851, 34.211776 ] } },
{ "type": "Feature", "properties": { "ID": 3022045700000, "正式名称": "堀止西クリニック", "機関区分": 2, "都道府県コード": 30, "市区町村コード": 201, "所在地": "和歌山県和歌山市堀止西１丁目１－１２", "緯度": 34.214747, "経度": 135.169379, "url": "https://www.iryou.teikyouseido.mhlw.go.jp/znk-web/juminkanja/S2430/initialize?prefCd=30&kikanCd=2045700000&kikanKbn=2", "url2": null, "内容": "堀止西クリニック【2:診療所】【診療科目:泌尿器科】和歌山県和歌山市堀止西１丁目１－１２" }, "geometry": { "type": "Point", "coordinates": [ 135.169379, 34.214747 ] } },
{ "type": "Feature", "properties": { "ID": 3022046000000, "正式名称": "いわはしクリニック", "機関区分": 2, "都道府県コード": 30, "市区町村コード": 201, "所在地": "和歌山県和歌山市西高松２－１３－２３", "緯度": 34.203777, "経度": 135.168712, "url": "https://www.iryou.teikyouseido.mhlw.go.jp/znk-web/juminkanja/S2430/initialize?prefCd=30&kikanCd=2046000000&kikanKbn=2", "url2": null, "内容": "いわはしクリニック【2:診療所】【診療科目:内科_外科_整形外科_眼科_リハビリテーション科_放射線科】和歌山県和歌山市西高松２－１３－２３" }, "geometry": { "type": "Point", "coordinates": [ 135.168712, 34.203777 ] } },
{ "type": "Feature", "properties": { "ID": 3022046400000, "正式名称": "宮本医院", "機関区分": 2, "都道府県コード": 30, "市区町村コード": 201, "所在地": "和歌山県和歌山市西高松１－５－３６", "緯度": 34.208113, "経度": 135.171271, "url": "https://www.iryou.teikyouseido.mhlw.go.jp/znk-web/juminkanja/S2430/initialize?prefCd=30&kikanCd=2046400000&kikanKbn=2", "url2": "http://js-miyamoto-iin.jp/", "内容": "宮本医院【2:診療所】【診療科目:内科_消化器内科_小児科_リハビリテーション科】和歌山県和歌山市西高松１－５－３６" }, "geometry": { "type": "Point", "coordinates": [ 135.171271, 34.208113 ] } },
{ "type": "Feature", "properties": { "ID": 3022046500000, "正式名称": "虎谷医院", "機関区分": 2, "都道府県コード": 30, "市区町村コード": 201, "所在地": "和歌山県和歌山市東高松２－９－２０", "緯度": 34.206943, "経度": 135.172573, "url": "https://www.iryou.teikyouseido.mhlw.go.jp/znk-web/juminkanja/S2430/initialize?prefCd=30&kikanCd=2046500000&kikanKbn=2", "url2": null, "内容": "虎谷医院【2:診療所】【診療科目:内科】和歌山県和歌山市東高松２－９－２０" }, "geometry": { "type": "Point", "coordinates": [ 135.172573, 34.206943 ] } },
{ "type": "Feature", "properties": { "ID": 3022046600000, "正式名称": "松田眼科医院", "機関区分": 2, "都道府県コード": 30, "市区町村コード": 201, "所在地": "和歌山県和歌山市東高松３－１－１９", "緯度": 34.20638, "経度": 135.17177, "url": "https://www.iryou.teikyouseido.mhlw.go.jp/znk-web/juminkanja/S2430/initialize?prefCd=30&kikanCd=2046600000&kikanKbn=2", "url2": "https://matsuda-ganka.sakura.ne.jp/", "内容": "松田眼科医院【2:診療所】【診療科目:眼科】和歌山県和歌山市東高松３－１－１９" }, "geometry": { "type": "Point", "coordinates": [ 135.17177, 34.20638 ] } },
{ "type": "Feature", "properties": { "ID": 3022046900000, "正式名称": "浜田メディカルクリニック", "機関区分": 2, "都道府県コード": 30, "市区町村コード": 201, "所在地": "和歌山県和歌山市東高松３－４－２５", "緯度": 34.205443, "経度": 135.171434, "url": "https://www.iryou.teikyouseido.mhlw.go.jp/znk-web/juminkanja/S2430/initialize?prefCd=30&kikanCd=2046900000&kikanKbn=2", "url2": "http://www.ishinkai-med.com", "内容": "浜田メディカルクリニック【2:診療所】【診療科目:内科_糖尿病内科_代謝・内分泌内科_腎臓内科_神経内科_脳神経外科_リハビリテーション科】和歌山県和歌山市東高松３－４－２５" }, "geometry": { "type": "Point", "coordinates": [ 135.171434, 34.205443 ] } },
{ "type": "Feature", "properties": { "ID": 3022047700000, "正式名称": "社会福祉法人　わかうら会　診療所", "機関区分": 2, "都道府県コード": 30, "市区町村コード": 201, "所在地": "和歌山県和歌山市田野１７５", "緯度": 34.185584, "経度": 135.150215, "url": "https://www.iryou.teikyouseido.mhlw.go.jp/znk-web/juminkanja/S2430/initialize?prefCd=30&kikanCd=2047700000&kikanKbn=2", "url2": "http://www.cypress.ne.jp/sha-waka/", "内容": "社会福祉法人　わかうら会　診療所【2:診療所】【診療科目:内科_循環器内科】和歌山県和歌山市田野１７５" }, "geometry": { "type": "Point", "coordinates": [ 135.150215, 34.185584 ] } },
{ "type": "Feature", "properties": { "ID": 3022048900000, "正式名称": "橋本胃腸科", "機関区分": 2, "都道府県コード": 30, "市区町村コード": 202, "所在地": "和歌山県海南市日方４３１", "緯度": 34.158532, "経度": 135.21235, "url": "https://www.iryou.teikyouseido.mhlw.go.jp/znk-web/juminkanja/S2430/initialize?prefCd=30&kikanCd=2048900000&kikanKbn=2", "url2": null, "内容": "橋本胃腸科【2:診療所】【診療科目:内科_消化器内科_外科_肛門外科_放射線科】和歌山県海南市日方４３１" }, "geometry": { "type": "Point", "coordinates": [ 135.21235, 34.158532 ] } },
{ "type": "Feature", "properties": { "ID": 3022049000000, "正式名称": "桐皮膚科医院", "機関区分": 2, "都道府県コード": 30, "市区町村コード": 202, "所在地": "和歌山県海南市日方１５１２－６", "緯度": 34.155866, "経度": 135.212406, "url": "https://www.iryou.teikyouseido.mhlw.go.jp/znk-web/juminkanja/S2430/initialize?prefCd=30&kikanCd=2049000000&kikanKbn=2", "url2": null, "内容": "桐皮膚科医院【2:診療所】【診療科目:皮膚科】和歌山県海南市日方１５１２－６" }, "geometry": { "type": "Point", "coordinates": [ 135.212406, 34.155866 ] } },
{ "type": "Feature", "properties": { "ID": 3022049400000, "正式名称": "中井内科医院", "機関区分": 2, "都道府県コード": 30, "市区町村コード": 202, "所在地": "和歌山県海南市黒江１－２８４", "緯度": 34.17217, "経度": 135.208239, "url": "https://www.iryou.teikyouseido.mhlw.go.jp/znk-web/juminkanja/S2430/initialize?prefCd=30&kikanCd=2049400000&kikanKbn=2", "url2": null, "内容": "中井内科医院【2:診療所】【診療科目:内科】和歌山県海南市黒江１－２８４" }, "geometry": { "type": "Point", "coordinates": [ 135.208239, 34.17217 ] } },
{ "type": "Feature", "properties": { "ID": 3022049900000, "正式名称": "医療法人山友会　山本医院", "機関区分": 2, "都道府県コード": 30, "市区町村コード": 202, "所在地": "和歌山県海南市且来６３２－１", "緯度": 34.171559, "経度": 135.240792, "url": "https://www.iryou.teikyouseido.mhlw.go.jp/znk-web/juminkanja/S2430/initialize?prefCd=30&kikanCd=2049900000&kikanKbn=2", "url2": "https://sanyukai-yamamotoiin.com", "内容": "医療法人山友会　山本医院【2:診療所】【診療科目:内科_糖尿病内科_代謝内科_内分泌内科_消化器内科_老年内科_小児科_皮膚科_放射線科】和歌山県海南市且来６３２－１" }, "geometry": { "type": "Point", "coordinates": [ 135.240792, 34.171559 ] } },
{ "type": "Feature", "properties": { "ID": 3022050000000, "正式名称": "しこねクリニック", "機関区分": 2, "都道府県コード": 30, "市区町村コード": 202, "所在地": "和歌山県海南市大野中４５２－１５", "緯度": 34.153172, "経度": 135.220682, "url": "https://www.iryou.teikyouseido.mhlw.go.jp/znk-web/juminkanja/S2430/initialize?prefCd=30&kikanCd=2050000000&kikanKbn=2", "url2": null, "内容": "しこねクリニック【2:診療所】【診療科目:内科_小児科_産科_婦人科】和歌山県海南市大野中４５２－１５" }, "geometry": { "type": "Point", "coordinates": [ 135.220682, 34.153172 ] } },
{ "type": "Feature", "properties": { "ID": 3022050200000, "正式名称": "医療法人天竹会　竹中整形外科・内科", "機関区分": 2, "都道府県コード": 30, "市区町村コード": 202, "所在地": "和歌山県海南市重根１１－１", "緯度": 34.153478, "経度": 135.23907, "url": "https://www.iryou.teikyouseido.mhlw.go.jp/znk-web/juminkanja/S2430/initialize?prefCd=30&kikanCd=2050200000&kikanKbn=2", "url2": "http://www.tenchikukai.jp/", "内容": "医療法人天竹会　竹中整形外科・内科【2:診療所】【診療科目:内科_循環器内科_神経内科_整形外科_リウマチ科_リハビリテーション科】和歌山県海南市重根１１－１" }, "geometry": { "type": "Point", "coordinates": [ 135.23907, 34.153478 ] } },
{ "type": "Feature", "properties": { "ID": 3022050300000, "正式名称": "たきもと内科クリニック", "機関区分": 2, "都道府県コード": 30, "市区町村コード": 202, "所在地": "和歌山県海南市阪井１７９９－１", "緯度": 34.161674, "経度": 135.26143, "url": "https://www.iryou.teikyouseido.mhlw.go.jp/znk-web/juminkanja/S2430/initialize?prefCd=30&kikanCd=2050300000&kikanKbn=2", "url2": null, "内容": "たきもと内科クリニック【2:診療所】【診療科目:内科_循環器内科_消化器内科_胃腸内科_小児科_アレルギー科_リハビリテーション科】和歌山県海南市阪井１７９９－１" }, "geometry": { "type": "Point", "coordinates": [ 135.26143, 34.161674 ] } },
{ "type": "Feature", "properties": { "ID": 3022050400000, "正式名称": "吉川内科循環器科", "機関区分": 2, "都道府県コード": 30, "市区町村コード": 202, "所在地": "和歌山県海南市幡川１８５－１", "緯度": 34.15309, "経度": 135.231207, "url": "https://www.iryou.teikyouseido.mhlw.go.jp/znk-web/juminkanja/S2430/initialize?prefCd=30&kikanCd=2050400000&kikanKbn=2", "url2": "http://www.cypress.ne.jp/ymc/ymc.htm", "内容": "吉川内科循環器科【2:診療所】【診療科目:内科_循環器内科】和歌山県海南市幡川１８５－１" }, "geometry": { "type": "Point", "coordinates": [ 135.231207, 34.15309 ] } },
{ "type": "Feature", "properties": { "ID": 3022050600000, "正式名称": "辻整形外科", "機関区分": 2, "都道府県コード": 30, "市区町村コード": 202, "所在地": "和歌山県海南市築地１－５０", "緯度": 34.152589, "経度": 135.210406, "url": "https://www.iryou.teikyouseido.mhlw.go.jp/znk-web/juminkanja/S2430/initialize?prefCd=30&kikanCd=2050600000&kikanKbn=2", "url2": "https://www.doujin-kai.or.jp/ortho-tsuji/", "内容": "辻整形外科【2:診療所】【診療科目:脳神経外科_整形外科_形成外科_リハビリテーション科_放射線科】和歌山県海南市築地１－５０" }, "geometry": { "type": "Point", "coordinates": [ 135.210406, 34.152589 ] } },
{ "type": "Feature", "properties": { "ID": 3022050700000, "正式名称": "あらい耳鼻咽喉科", "機関区分": 2, "都道府県コード": 30, "市区町村コード": 202, "所在地": "和歌山県海南市名高５５５番地の３タナカビル２階", "緯度": 34.154755, "経度": 135.213517, "url": "https://www.iryou.teikyouseido.mhlw.go.jp/znk-web/juminkanja/S2430/initialize?prefCd=30&kikanCd=2050700000&kikanKbn=2", "url2": "https://www.araijibiinkouka.com/", "内容": "あらい耳鼻咽喉科【2:診療所】【診療科目:耳鼻いんこう科】和歌山県海南市名高５５５番地の３タナカビル２階" }, "geometry": { "type": "Point", "coordinates": [ 135.213517, 34.154755 ] } },
{ "type": "Feature", "properties": { "ID": 3022050800000, "正式名称": "魚谷メンタルクリニック", "機関区分": 2, "都道府県コード": 30, "市区町村コード": 202, "所在地": "和歌山県海南市名高５３１－１　タムラビル４Ｆ", "緯度": 34.154117, "経度": 135.2131, "url": "https://www.iryou.teikyouseido.mhlw.go.jp/znk-web/juminkanja/S2430/initialize?prefCd=30&kikanCd=2050800000&kikanKbn=2", "url2": null, "内容": "魚谷メンタルクリニック【2:診療所】【診療科目:精神科_心療内科】和歌山県海南市名高５３１－１　タムラビル４Ｆ" }, "geometry": { "type": "Point", "coordinates": [ 135.2131, 34.154117 ] } },
{ "type": "Feature", "properties": { "ID": 3022050900000, "正式名称": "さくらクリニック", "機関区分": 2, "都道府県コード": 30, "市区町村コード": 202, "所在地": "和歌山県海南市名高１４０ー１", "緯度": 34.153644, "経度": 135.220071, "url": "https://www.iryou.teikyouseido.mhlw.go.jp/znk-web/juminkanja/S2430/initialize?prefCd=30&kikanCd=2050900000&kikanKbn=2", "url2": "http://www.sakuraclinic.org", "内容": "さくらクリニック【2:診療所】【診療科目:内科_呼吸器内科_循環器内科_消化器内科_神経内科_小児科_精神科_心療内科_リハビリテーション科_放射線科】和歌山県海南市名高１４０ー１" }, "geometry": { "type": "Point", "coordinates": [ 135.220071, 34.153644 ] } },
{ "type": "Feature", "properties": { "ID": 3022051300000, "正式名称": "辻秀輝整形外科", "機関区分": 2, "都道府県コード": 30, "市区町村コード": 202, "所在地": "和歌山県海南市名高１７８－１", "緯度": 34.153617, "経度": 135.215795, "url": "https://www.iryou.teikyouseido.mhlw.go.jp/znk-web/juminkanja/S2430/initialize?prefCd=30&kikanCd=2051300000&kikanKbn=2", "url2": "http://tsujihideki.com", "内容": "辻秀輝整形外科【2:診療所】【診療科目:整形外科_リハビリテーション科_放射線科】和歌山県海南市名高１７８－１" }, "geometry": { "type": "Point", "coordinates": [ 135.215795, 34.153617 ] } },
{ "type": "Feature", "properties": { "ID": 3022051400000, "正式名称": "おくクリニック", "機関区分": 2, "都道府県コード": 30, "市区町村コード": 202, "所在地": "和歌山県海南市名高２４３", "緯度": 34.15245, "経度": 135.2156, "url": "https://www.iryou.teikyouseido.mhlw.go.jp/znk-web/juminkanja/S2430/initialize?prefCd=30&kikanCd=2051400000&kikanKbn=2", "url2": "http://www.okuclinic.com/", "内容": "おくクリニック【2:診療所】【診療科目:内科_消化器内科_外科_肛門外科】和歌山県海南市名高２４３" }, "geometry": { "type": "Point", "coordinates": [ 135.2156, 34.15245 ] } },
{ "type": "Feature", "properties": { "ID": 3022051600000, "正式名称": "藤木医院", "機関区分": 2, "都道府県コード": 30, "市区町村コード": 202, "所在地": "和歌山県海南市名高５３９－１２", "緯度": 34.155033, "経度": 135.212045, "url": "https://www.iryou.teikyouseido.mhlw.go.jp/znk-web/juminkanja/S2430/initialize?prefCd=30&kikanCd=2051600000&kikanKbn=2", "url2": null, "内容": "藤木医院【2:診療所】【診療科目:耳鼻いんこう科】和歌山県海南市名高５３９－１２" }, "geometry": { "type": "Point", "coordinates": [ 135.212045, 34.155033 ] } },
{ "type": "Feature", "properties": { "ID": 3022051700000, "正式名称": "しんがきクリニック", "機関区分": 2, "都道府県コード": 30, "市区町村コード": 202, "所在地": "和歌山県海南市名高５３５－５", "緯度": 34.154922, "経度": 135.213128, "url": "https://www.iryou.teikyouseido.mhlw.go.jp/znk-web/juminkanja/S2430/initialize?prefCd=30&kikanCd=2051700000&kikanKbn=2", "url2": "https://shingaki-clinic.com", "内容": "しんがきクリニック【2:診療所】【診療科目:内科_消化器内科_肝臓内科】和歌山県海南市名高５３５－５" }, "geometry": { "type": "Point", "coordinates": [ 135.213128, 34.154922 ] } },
{ "type": "Feature", "properties": { "ID": 3022051900000, "正式名称": "医療法人　明誠会　はしもとクリニック", "機関区分": 2, "都道府県コード": 30, "市区町村コード": 361, "所在地": "和歌山県有田郡湯浅町湯浅１７４９－３", "緯度": 34.040766, "経度": 135.182303, "url": "https://www.iryou.teikyouseido.mhlw.go.jp/znk-web/juminkanja/S2430/initialize?prefCd=30&kikanCd=2051900000&kikanKbn=2", "url2": "http://www.hashimotocl.com/", "内容": "医療法人　明誠会　はしもとクリニック【2:診療所】【診療科目:内科_消化器内科_外科_乳腺外科_肛門外科_リハビリテーション科_放射線科】和歌山県有田郡湯浅町湯浅１７４９－３" }, "geometry": { "type": "Point", "coordinates": [ 135.182303, 34.040766 ] } },
{ "type": "Feature", "properties": { "ID": 3022052000000, "正式名称": "平山内科皮膚泌尿科", "機関区分": 2, "都道府県コード": 30, "市区町村コード": 361, "所在地": "和歌山県有田郡湯浅町湯浅４５９", "緯度": 34.035073, "経度": 135.175137, "url": "https://www.iryou.teikyouseido.mhlw.go.jp/znk-web/juminkanja/S2430/initialize?prefCd=30&kikanCd=2052000000&kikanKbn=2", "url2": "http://www.hirayama-n.com/", "内容": "平山内科皮膚泌尿科【2:診療所】【診療科目:内科_糖尿病内科_消化器内科_皮膚科_泌尿器科_アレルギー科】和歌山県有田郡湯浅町湯浅４５９" }, "geometry": { "type": "Point", "coordinates": [ 135.175137, 34.035073 ] } },
{ "type": "Feature", "properties": { "ID": 3022052200000, "正式名称": "ごとうクリニック", "機関区分": 2, "都道府県コード": 30, "市区町村コード": 361, "所在地": "和歌山県有田郡湯浅町湯浅３１６３", "緯度": 34.034656, "経度": 135.173081, "url": "https://www.iryou.teikyouseido.mhlw.go.jp/znk-web/juminkanja/S2430/initialize?prefCd=30&kikanCd=2052200000&kikanKbn=2", "url2": "http://www.arida.wakayama.med.or.jp/gun/index.html", "内容": "ごとうクリニック【2:診療所】【診療科目:内科_外科_呼吸器外科_心臓血管外科_リハビリテーション科】和歌山県有田郡湯浅町湯浅３１６３" }, "geometry": { "type": "Point", "coordinates": [ 135.173081, 34.034656 ] } },
{ "type": "Feature", "properties": { "ID": 3022052400000, "正式名称": "芝﨑眼科", "機関区分": 2, "都道府県コード": 30, "市区町村コード": 361, "所在地": "和歌山県有田郡湯浅町湯浅１６３３－１", "緯度": 34.037212, "経度": 135.180636, "url": "https://www.iryou.teikyouseido.mhlw.go.jp/znk-web/juminkanja/S2430/initialize?prefCd=30&kikanCd=2052400000&kikanKbn=2", "url2": null, "内容": "芝﨑眼科【2:診療所】【診療科目:眼科】和歌山県有田郡湯浅町湯浅１６３３－１" }, "geometry": { "type": "Point", "coordinates": [ 135.180636, 34.037212 ] } },
{ "type": "Feature", "properties": { "ID": 3022052500000, "正式名称": "小野田クリニック", "機関区分": 2, "都道府県コード": 30, "市区町村コード": 361, "所在地": "和歌山県有田郡湯浅町湯浅１９１７－１", "緯度": 34.038434, "経度": 135.185469, "url": "https://www.iryou.teikyouseido.mhlw.go.jp/znk-web/juminkanja/S2430/initialize?prefCd=30&kikanCd=2052500000&kikanKbn=2", "url2": null, "内容": "小野田クリニック【2:診療所】【診療科目:内科_呼吸器内科_循環器内科_心臓内科_ペインクリニック内科_脳神経外科_ペインクリニック外科_整形外科_リハビリテーション科_麻酔科】和歌山県有田郡湯浅町湯浅１９１７－１" }, "geometry": { "type": "Point", "coordinates": [ 135.185469, 34.038434 ] } },
{ "type": "Feature", "properties": { "ID": 3022052600000, "正式名称": "児島医院", "機関区分": 2, "都道府県コード": 30, "市区町村コード": 361, "所在地": "和歌山県有田郡湯浅町湯浅６８６", "緯度": 34.035517, "経度": 135.176859, "url": "https://www.iryou.teikyouseido.mhlw.go.jp/znk-web/juminkanja/S2430/initialize?prefCd=30&kikanCd=2052600000&kikanKbn=2", "url2": "http://www.kojimaiin.jp", "内容": "児島医院【2:診療所】【診療科目:内科_消化器内科_胃腸内科_小児科】和歌山県有田郡湯浅町湯浅６８６" }, "geometry": { "type": "Point", "coordinates": [ 135.176859, 34.035517 ] } },
{ "type": "Feature", "properties": { "ID": 3022052700000, "正式名称": "澳内科医院", "機関区分": 2, "都道府県コード": 30, "市区町村コード": 361, "所在地": "和歌山県有田郡湯浅町湯浅１０５４－１", "緯度": 34.032823, "経度": 135.179636, "url": "https://www.iryou.teikyouseido.mhlw.go.jp/znk-web/juminkanja/S2430/initialize?prefCd=30&kikanCd=2052700000&kikanKbn=2", "url2": null, "内容": "澳内科医院【2:診療所】【診療科目:内科_糖尿病内科_内分泌内科_糖尿病・内分泌内科_漢方内科_アレルギー疾患内科_小児科_放射線科】和歌山県有田郡湯浅町湯浅１０５４－１" }, "geometry": { "type": "Point", "coordinates": [ 135.179636, 34.032823 ] } },
{ "type": "Feature", "properties": { "ID": 3022053800000, "正式名称": "外江眼科クリニック", "機関区分": 2, "都道府県コード": 30, "市区町村コード": 366, "所在地": "和歌山県有田郡有田川町下津野１０３７－７", "緯度": 34.061071, "経度": 135.210022, "url": "https://www.iryou.teikyouseido.mhlw.go.jp/znk-web/juminkanja/S2430/initialize?prefCd=30&kikanCd=2053800000&kikanKbn=2", "url2": null, "内容": "外江眼科クリニック【2:診療所】【診療科目:眼科】和歌山県有田郡有田川町下津野１０３７－７" }, "geometry": { "type": "Point", "coordinates": [ 135.210022, 34.061071 ] } },
{ "type": "Feature", "properties": { "ID": 3022053900000, "正式名称": "奥診療所", "機関区分": 2, "都道府県コード": 30, "市区町村コード": 366, "所在地": "和歌山県有田郡有田川町奥２２２番地の１", "緯度": 34.048395, "経度": 135.209638, "url": "https://www.iryou.teikyouseido.mhlw.go.jp/znk-web/juminkanja/S2430/initialize?prefCd=30&kikanCd=2053900000&kikanKbn=2", "url2": null, "内容": "奥診療所【2:診療所】【診療科目:内科_外科_整形外科_皮膚科】和歌山県有田郡有田川町奥２２２番地の１" }, "geometry": { "type": "Point", "coordinates": [ 135.209638, 34.048395 ] } },
{ "type": "Feature", "properties": { "ID": 3022054000000, "正式名称": "医療法人　亀寿会　亀井クリニック", "機関区分": 2, "都道府県コード": 30, "市区町村コード": 366, "所在地": "和歌山県有田郡有田川町熊井４３９－１", "緯度": 34.043905, "経度": 135.194357, "url": "https://www.iryou.teikyouseido.mhlw.go.jp/znk-web/juminkanja/S2430/initialize?prefCd=30&kikanCd=2054000000&kikanKbn=2", "url2": "https://kamecli.com/", "内容": "医療法人　亀寿会　亀井クリニック【2:診療所】【診療科目:内科_外科_脳神経外科_整形外科_皮膚科_アレルギー科_リハビリテーション科】和歌山県有田郡有田川町熊井４３９－１" }, "geometry": { "type": "Point", "coordinates": [ 135.194357, 34.043905 ] } },
{ "type": "Feature", "properties": { "ID": 3022054400000, "正式名称": "赤ちゃんからの平山こどもクリニック", "機関区分": 2, "都道府県コード": 30, "市区町村コード": 366, "所在地": "和歌山県有田郡有田川町天満３０５－４", "緯度": 34.058599, "経度": 135.204716, "url": "https://www.iryou.teikyouseido.mhlw.go.jp/znk-web/juminkanja/S2430/initialize?prefCd=30&kikanCd=2054400000&kikanKbn=2", "url2": "http://www.hirayama-kodomo.jp", "内容": "赤ちゃんからの平山こどもクリニック【2:診療所】【診療科目:小児科_小児皮膚科_アレルギー科】和歌山県有田郡有田川町天満３０５－４" }, "geometry": { "type": "Point", "coordinates": [ 135.204716, 34.058599 ] } },
{ "type": "Feature", "properties": { "ID": 3022054600000, "正式名称": "有田地方休日急患診療所", "機関区分": 2, "都道府県コード": 30, "市区町村コード": 366, "所在地": "和歌山県有田郡有田川町小島３５２", "緯度": 34.065376, "経度": 135.194634, "url": "https://www.iryou.teikyouseido.mhlw.go.jp/znk-web/juminkanja/S2430/initialize?prefCd=30&kikanCd=2054600000&kikanKbn=2", "url2": null, "内容": "有田地方休日急患診療所【2:診療所】【診療科目:内科_小児科】和歌山県有田郡有田川町小島３５２" }, "geometry": { "type": "Point", "coordinates": [ 135.194634, 34.065376 ] } },
{ "type": "Feature", "properties": { "ID": 3022054800000, "正式名称": "森下整形外科", "機関区分": 2, "都道府県コード": 30, "市区町村コード": 362, "所在地": "和歌山県有田郡広川町東中６４－１", "緯度": 34.018519, "経度": 135.182498, "url": "https://www.iryou.teikyouseido.mhlw.go.jp/znk-web/juminkanja/S2430/initialize?prefCd=30&kikanCd=2054800000&kikanKbn=2", "url2": null, "内容": "森下整形外科【2:診療所】【診療科目:整形外科_リハビリテーション科】和歌山県有田郡広川町東中６４－１" }, "geometry": { "type": "Point", "coordinates": [ 135.182498, 34.018519 ] } },
{ "type": "Feature", "properties": { "ID": 3022055100000, "正式名称": "横矢クリニック", "機関区分": 2, "都道府県コード": 30, "市区町村コード": 362, "所在地": "和歌山県有田郡広川町広１５１８", "緯度": 34.028822, "経度": 135.172355, "url": "https://www.iryou.teikyouseido.mhlw.go.jp/znk-web/juminkanja/S2430/initialize?prefCd=30&kikanCd=2055100000&kikanKbn=2", "url2": null, "内容": "横矢クリニック【2:診療所】【診療科目:内科_呼吸器内科_循環器内科_消化器内科_リハビリテーション科_放射線科】和歌山県有田郡広川町広１５１８" }, "geometry": { "type": "Point", "coordinates": [ 135.172355, 34.028822 ] } },
{ "type": "Feature", "properties": { "ID": 3022055600000, "正式名称": "くすばやし医院", "機関区分": 2, "都道府県コード": 30, "市区町村コード": 366, "所在地": "和歌山県有田郡有田川町金屋２５６－１", "緯度": 34.05535, "経度": 135.257546, "url": "https://www.iryou.teikyouseido.mhlw.go.jp/znk-web/juminkanja/S2430/initialize?prefCd=30&kikanCd=2055600000&kikanKbn=2", "url2": null, "内容": "くすばやし医院【2:診療所】【診療科目:内科_産婦人科】和歌山県有田郡有田川町金屋２５６－１" }, "geometry": { "type": "Point", "coordinates": [ 135.257546, 34.05535 ] } },
{ "type": "Feature", "properties": { "ID": 3022055700000, "正式名称": "みのりクリニック", "機関区分": 2, "都道府県コード": 30, "市区町村コード": 366, "所在地": "和歌山県有田郡有田川町吉原９０８", "緯度": 34.054516, "経度": 135.252629, "url": "https://www.iryou.teikyouseido.mhlw.go.jp/znk-web/juminkanja/S2430/initialize?prefCd=30&kikanCd=2055700000&kikanKbn=2", "url2": null, "内容": "みのりクリニック【2:診療所】【診療科目:内科_外科_小児科_放射線科】和歌山県有田郡有田川町吉原９０８" }, "geometry": { "type": "Point", "coordinates": [ 135.252629, 34.054516 ] } },
{ "type": "Feature", "properties": { "ID": 3022056000000, "正式名称": "笠松医院", "機関区分": 2, "都道府県コード": 30, "市区町村コード": 366, "所在地": "和歌山県有田郡有田川町粟生５４７番地", "緯度": 34.049799, "経度": 135.350535, "url": "https://www.iryou.teikyouseido.mhlw.go.jp/znk-web/juminkanja/S2430/initialize?prefCd=30&kikanCd=2056000000&kikanKbn=2", "url2": null, "内容": "笠松医院【2:診療所】【診療科目:内科_放射線科】和歌山県有田郡有田川町粟生５４７番地" }, "geometry": { "type": "Point", "coordinates": [ 135.350535, 34.049799 ] } },
{ "type": "Feature", "properties": { "ID": 3022056100000, "正式名称": "なかむら内科クリニック", "機関区分": 2, "都道府県コード": 30, "市区町村コード": 366, "所在地": "和歌山県有田郡有田川町清水３７９－２", "緯度": 34.084044, "経度": 135.429807, "url": "https://www.iryou.teikyouseido.mhlw.go.jp/znk-web/juminkanja/S2430/initialize?prefCd=30&kikanCd=2056100000&kikanKbn=2", "url2": null, "内容": "なかむら内科クリニック【2:診療所】【診療科目:内科_小児科】和歌山県有田郡有田川町清水３７９－２" }, "geometry": { "type": "Point", "coordinates": [ 135.429807, 34.084044 ] } },
{ "type": "Feature", "properties": { "ID": 3022056300000, "正式名称": "なかむら内科クリニック城山出張所", "機関区分": 2, "都道府県コード": 30, "市区町村コード": 366, "所在地": "和歌山県有田郡有田川町二川３６９－３", "緯度": 34.070128, "経度": 135.358064, "url": "https://www.iryou.teikyouseido.mhlw.go.jp/znk-web/juminkanja/S2430/initialize?prefCd=30&kikanCd=2056300000&kikanKbn=2", "url2": null, "内容": "なかむら内科クリニック城山出張所【2:診療所】【診療科目:内科_小児科】和歌山県有田郡有田川町二川３６９－３" }, "geometry": { "type": "Point", "coordinates": [ 135.358064, 34.070128 ] } },
{ "type": "Feature", "properties": { "ID": 3022056400000, "正式名称": "松谷医院", "機関区分": 2, "都道府県コード": 30, "市区町村コード": 366, "所在地": "和歌山県有田郡有田川町押手６７２", "緯度": 34.12993, "経度": 135.514659, "url": "https://www.iryou.teikyouseido.mhlw.go.jp/znk-web/juminkanja/S2430/initialize?prefCd=30&kikanCd=2056400000&kikanKbn=2", "url2": "http://dr-matsutani.com/", "内容": "松谷医院【2:診療所】【診療科目:内科_循環器内科】和歌山県有田郡有田川町押手６７２" }, "geometry": { "type": "Point", "coordinates": [ 135.514659, 34.12993 ] } },
{ "type": "Feature", "properties": { "ID": 3022056500000, "正式名称": "松谷医院　板尾出張所", "機関区分": 2, "都道府県コード": 30, "市区町村コード": 366, "所在地": "和歌山県有田郡有田川町板尾１３１", "緯度": 34.119986, "経度": 135.494995, "url": "https://www.iryou.teikyouseido.mhlw.go.jp/znk-web/juminkanja/S2430/initialize?prefCd=30&kikanCd=2056500000&kikanKbn=2", "url2": "http://www.dr-matsutani.com/", "内容": "松谷医院　板尾出張所【2:診療所】【診療科目:内科_循環器内科】和歌山県有田郡有田川町板尾１３１" }, "geometry": { "type": "Point", "coordinates": [ 135.494995, 34.119986 ] } },
{ "type": "Feature", "properties": { "ID": 3022056600000, "正式名称": "医療法人宮本クリニック", "機関区分": 2, "都道府県コード": 30, "市区町村コード": 366, "所在地": "和歌山県有田郡有田川町徳田９７－６", "緯度": 34.064293, "経度": 135.248157, "url": "https://www.iryou.teikyouseido.mhlw.go.jp/znk-web/juminkanja/S2430/initialize?prefCd=30&kikanCd=2056600000&kikanKbn=2", "url2": null, "内容": "医療法人宮本クリニック【2:診療所】【診療科目:内科_外科_脳神経外科_脳外科_整形外科_リハビリテーション科_放射線科】和歌山県有田郡有田川町徳田９７－６" }, "geometry": { "type": "Point", "coordinates": [ 135.248157, 34.064293 ] } },
{ "type": "Feature", "properties": { "ID": 3022056700000, "正式名称": "坊岡医院", "機関区分": 2, "都道府県コード": 30, "市区町村コード": 366, "所在地": "和歌山県有田郡有田川町徳田４０６－１", "緯度": 34.059877, "経度": 135.251323, "url": "https://www.iryou.teikyouseido.mhlw.go.jp/znk-web/juminkanja/S2430/initialize?prefCd=30&kikanCd=2056700000&kikanKbn=2", "url2": null, "内容": "坊岡医院【2:診療所】【診療科目:内科_循環器内科_外科】和歌山県有田郡有田川町徳田４０６－１" }, "geometry": { "type": "Point", "coordinates": [ 135.251323, 34.059877 ] } },
{ "type": "Feature", "properties": { "ID": 3022056800000, "正式名称": "森田内科クリニック", "機関区分": 2, "都道府県コード": 30, "市区町村コード": 366, "所在地": "和歌山県有田郡有田川町庄６２１－１", "緯度": 34.068403, "経度": 135.23413, "url": "https://www.iryou.teikyouseido.mhlw.go.jp/znk-web/juminkanja/S2430/initialize?prefCd=30&kikanCd=2056800000&kikanKbn=2", "url2": null, "内容": "森田内科クリニック【2:診療所】【診療科目:内科_消化器内科_リハビリテーション科_放射線科】和歌山県有田郡有田川町庄６２１－１" }, "geometry": { "type": "Point", "coordinates": [ 135.23413, 34.068403 ] } },
{ "type": "Feature", "properties": { "ID": 3022056900000, "正式名称": "野田医院", "機関区分": 2, "都道府県コード": 30, "市区町村コード": 366, "所在地": "和歌山県有田郡有田川町庄５７４", "緯度": 34.068205, "経度": 135.236687, "url": "https://www.iryou.teikyouseido.mhlw.go.jp/znk-web/juminkanja/S2430/initialize?prefCd=30&kikanCd=2056900000&kikanKbn=2", "url2": "http://xn--ekr130f6tt98d.com/", "内容": "野田医院【2:診療所】【診療科目:内科_循環器内科】和歌山県有田郡有田川町庄５７４" }, "geometry": { "type": "Point", "coordinates": [ 135.236687, 34.068205 ] } },
{ "type": "Feature", "properties": { "ID": 3022057200000, "正式名称": "えのもと眼科", "機関区分": 2, "都道府県コード": 30, "市区町村コード": 205, "所在地": "和歌山県御坊市薗９５", "緯度": 33.895865, "経度": 135.1527, "url": "https://www.iryou.teikyouseido.mhlw.go.jp/znk-web/juminkanja/S2430/initialize?prefCd=30&kikanCd=2057200000&kikanKbn=2", "url2": null, "内容": "えのもと眼科【2:診療所】【診療科目:眼科】和歌山県御坊市薗９５" }, "geometry": { "type": "Point", "coordinates": [ 135.1527, 33.895865 ] } },
{ "type": "Feature", "properties": { "ID": 3022057300000, "正式名称": "山羽胃腸科内科", "機関区分": 2, "都道府県コード": 30, "市区町村コード": 205, "所在地": "和歌山県御坊市薗６５２－２", "緯度": 33.885755, "経度": 135.154173, "url": "https://www.iryou.teikyouseido.mhlw.go.jp/znk-web/juminkanja/S2430/initialize?prefCd=30&kikanCd=2057300000&kikanKbn=2", "url2": null, "内容": "山羽胃腸科内科【2:診療所】【診療科目:内科_糖尿病内科_胃腸内科_老年内科_内視鏡内科】和歌山県御坊市薗６５２－２" }, "geometry": { "type": "Point", "coordinates": [ 135.154173, 33.885755 ] } },
{ "type": "Feature", "properties": { "ID": 3022057500000, "正式名称": "田中クリニック", "機関区分": 2, "都道府県コード": 30, "市区町村コード": 205, "所在地": "和歌山県御坊市薗２７１", "緯度": 33.893921, "経度": 135.1552, "url": "https://www.iryou.teikyouseido.mhlw.go.jp/znk-web/juminkanja/S2430/initialize?prefCd=30&kikanCd=2057500000&kikanKbn=2", "url2": null, "内容": "田中クリニック【2:診療所】【診療科目:内科_小児科_リハビリテーション科】和歌山県御坊市薗２７１" }, "geometry": { "type": "Point", "coordinates": [ 135.1552, 33.893921 ] } },
{ "type": "Feature", "properties": { "ID": 3022057600000, "正式名称": "高辻内科胃腸科", "機関区分": 2, "都道府県コード": 30, "市区町村コード": 205, "所在地": "和歌山県御坊市薗４８９－５", "緯度": 33.887755, "経度": 135.1547, "url": "https://www.iryou.teikyouseido.mhlw.go.jp/znk-web/juminkanja/S2430/initialize?prefCd=30&kikanCd=2057600000&kikanKbn=2", "url2": null, "内容": "高辻内科胃腸科【2:診療所】【診療科目:内科_消化器内科_小児科_リハビリテーション科_放射線科】和歌山県御坊市薗４８９－５" }, "geometry": { "type": "Point", "coordinates": [ 135.1547, 33.887755 ] } },
{ "type": "Feature", "properties": { "ID": 3022057800000, "正式名称": "天津医院", "機関区分": 2, "都道府県コード": 30, "市区町村コード": 205, "所在地": "和歌山県御坊市薗３０８－７", "緯度": 33.892977, "経度": 135.152006, "url": "https://www.iryou.teikyouseido.mhlw.go.jp/znk-web/juminkanja/S2430/initialize?prefCd=30&kikanCd=2057800000&kikanKbn=2", "url2": null, "内容": "天津医院【2:診療所】【診療科目:内科_産科_婦人科】和歌山県御坊市薗３０８－７" }, "geometry": { "type": "Point", "coordinates": [ 135.152006, 33.892977 ] } },
{ "type": "Feature", "properties": { "ID": 3022057900000, "正式名称": "日高マタニティクリニック", "機関区分": 2, "都道府県コード": 30, "市区町村コード": 205, "所在地": "和歌山県御坊市薗１２３－１８", "緯度": 33.895643, "経度": 135.155562, "url": "https://www.iryou.teikyouseido.mhlw.go.jp/znk-web/juminkanja/S2430/initialize?prefCd=30&kikanCd=2057900000&kikanKbn=2", "url2": null, "内容": "日高マタニティクリニック【2:診療所】【診療科目:産婦人科】和歌山県御坊市薗１２３－１８" }, "geometry": { "type": "Point", "coordinates": [ 135.155562, 33.895643 ] } },
{ "type": "Feature", "properties": { "ID": 3022058000000, "正式名称": "天津眼科医院", "機関区分": 2, "都道府県コード": 30, "市区町村コード": 205, "所在地": "和歌山県御坊市薗６１－３", "緯度": 33.893865, "経度": 135.150284, "url": "https://www.iryou.teikyouseido.mhlw.go.jp/znk-web/juminkanja/S2430/initialize?prefCd=30&kikanCd=2058000000&kikanKbn=2", "url2": null, "内容": "天津眼科医院【2:診療所】【診療科目:眼科】和歌山県御坊市薗６１－３" }, "geometry": { "type": "Point", "coordinates": [ 135.150284, 33.893865 ] } },
{ "type": "Feature", "properties": { "ID": 3022058100000, "正式名称": "医療法人　アイエムシー　池田内科クリニック", "機関区分": 2, "都道府県コード": 30, "市区町村コード": 205, "所在地": "和歌山県御坊市薗３８１－６", "緯度": 33.89081, "経度": 135.154034, "url": "https://www.iryou.teikyouseido.mhlw.go.jp/znk-web/juminkanja/S2430/initialize?prefCd=30&kikanCd=2058100000&kikanKbn=2", "url2": "https://ikeda-naika-clinic.com/", "内容": "医療法人　アイエムシー　池田内科クリニック【2:診療所】【診療科目:内科_呼吸器内科_循環器内科_消化器内科_小児科_皮膚科_心療内科_リハビリテーション科】和歌山県御坊市薗３８１－６" }, "geometry": { "type": "Point", "coordinates": [ 135.154034, 33.89081 ] } },
{ "type": "Feature", "properties": { "ID": 3022058300000, "正式名称": "中井こどもクリニック", "機関区分": 2, "都道府県コード": 30, "市区町村コード": 205, "所在地": "和歌山県御坊市薗４１４－１５", "緯度": 33.890505, "経度": 135.154256, "url": "https://www.iryou.teikyouseido.mhlw.go.jp/znk-web/juminkanja/S2430/initialize?prefCd=30&kikanCd=2058300000&kikanKbn=2", "url2": "https://www.nakai-kodomoclinic.com", "内容": "中井こどもクリニック【2:診療所】【診療科目:小児科】和歌山県御坊市薗４１４－１５" }, "geometry": { "type": "Point", "coordinates": [ 135.154256, 33.890505 ] } },
{ "type": "Feature", "properties": { "ID": 3022058500000, "正式名称": "西本医院", "機関区分": 2, "都道府県コード": 30, "市区町村コード": 205, "所在地": "和歌山県御坊市島１７４－１３", "緯度": 33.89356, "経度": 135.15795, "url": "https://www.iryou.teikyouseido.mhlw.go.jp/znk-web/juminkanja/S2430/initialize?prefCd=30&kikanCd=2058500000&kikanKbn=2", "url2": null, "内容": "西本医院【2:診療所】【診療科目:内科_呼吸器内科_循環器内科_消化器内科_胃腸内科_肝臓内科_小児科_アレルギー科_放射線科】和歌山県御坊市島１７４－１３" }, "geometry": { "type": "Point", "coordinates": [ 135.15795, 33.89356 ] } },
{ "type": "Feature", "properties": { "ID": 3022058600000, "正式名称": "松下内科", "機関区分": 2, "都道府県コード": 30, "市区町村コード": 205, "所在地": "和歌山県御坊市島１１４－６", "緯度": 33.895393, "経度": 135.159477, "url": "https://www.iryou.teikyouseido.mhlw.go.jp/znk-web/juminkanja/S2430/initialize?prefCd=30&kikanCd=2058600000&kikanKbn=2", "url2": null, "内容": "松下内科【2:診療所】【診療科目:内科_呼吸器内科_循環器内科_小児科】和歌山県御坊市島１１４－６" }, "geometry": { "type": "Point", "coordinates": [ 135.159477, 33.895393 ] } },
{ "type": "Feature", "properties": { "ID": 3022058700000, "正式名称": "井本内科", "機関区分": 2, "都道府県コード": 30, "市区町村コード": 205, "所在地": "和歌山県御坊市島２３２－８", "緯度": 33.891199, "経度": 135.158895, "url": "https://www.iryou.teikyouseido.mhlw.go.jp/znk-web/juminkanja/S2430/initialize?prefCd=30&kikanCd=2058700000&kikanKbn=2", "url2": null, "内容": "井本内科【2:診療所】【診療科目:内科_呼吸器内科_消化器内科】和歌山県御坊市島２３２－８" }, "geometry": { "type": "Point", "coordinates": [ 135.158895, 33.891199 ] } },
{ "type": "Feature", "properties": { "ID": 3022058900000, "正式名称": "深谷外科医院", "機関区分": 2, "都道府県コード": 30, "市区町村コード": 205, "所在地": "和歌山県御坊市湯川町財部６７０－１", "緯度": 33.89917, "経度": 135.155284, "url": "https://www.iryou.teikyouseido.mhlw.go.jp/znk-web/juminkanja/S2430/initialize?prefCd=30&kikanCd=2058900000&kikanKbn=2", "url2": "http://www.nax.ne.jp/~fukatani/", "内容": "深谷外科医院【2:診療所】【診療科目:内科_外科_整形外科_リハビリテーション科】和歌山県御坊市湯川町財部６７０－１" }, "geometry": { "type": "Point", "coordinates": [ 135.155284, 33.89917 ] } },
{ "type": "Feature", "properties": { "ID": 3022059100000, "正式名称": "いえなが小児科", "機関区分": 2, "都道府県コード": 30, "市区町村コード": 205, "所在地": "和歌山県御坊市湯川町財部９３７－５", "緯度": 33.899893, "経度": 135.162644, "url": "https://www.iryou.teikyouseido.mhlw.go.jp/znk-web/juminkanja/S2430/initialize?prefCd=30&kikanCd=2059100000&kikanKbn=2", "url2": "http://www.myclinic.ne.jp/ienagap/", "内容": "いえなが小児科【2:診療所】【診療科目:小児科】和歌山県御坊市湯川町財部９３７－５" }, "geometry": { "type": "Point", "coordinates": [ 135.162644, 33.899893 ] } },
{ "type": "Feature", "properties": { "ID": 3022059300000, "正式名称": "中島医院", "機関区分": 2, "都道府県コード": 30, "市区町村コード": 205, "所在地": "和歌山県御坊市湯川町小松原３８０－１１", "緯度": 33.906392, "経度": 135.160199, "url": "https://www.iryou.teikyouseido.mhlw.go.jp/znk-web/juminkanja/S2430/initialize?prefCd=30&kikanCd=2059300000&kikanKbn=2", "url2": null, "内容": "中島医院【2:診療所】【診療科目:内科_消化器内科_神経内科_小児科_心療内科_放射線科】和歌山県御坊市湯川町小松原３８０－１１" }, "geometry": { "type": "Point", "coordinates": [ 135.160199, 33.906392 ] } },
{ "type": "Feature", "properties": { "ID": 3022059400000, "正式名称": "医療法人ｋｉｎｏｅ　紀伊クリニック", "機関区分": 2, "都道府県コード": 30, "市区町村コード": 205, "所在地": "和歌山県御坊市湯川町小松原６１５－１", "緯度": 33.90578, "経度": 135.150784, "url": "https://www.iryou.teikyouseido.mhlw.go.jp/znk-web/juminkanja/S2430/initialize?prefCd=30&kikanCd=2059400000&kikanKbn=2", "url2": "https://kinoe-gobo.jp/", "内容": "医療法人ｋｉｎｏｅ　紀伊クリニック【2:診療所】【診療科目:内科_循環器内科_外科_消化器外科_皮膚科_泌尿器科_放射線科_病理診断科】和歌山県御坊市湯川町小松原６１５－１" }, "geometry": { "type": "Point", "coordinates": [ 135.150784, 33.90578 ] } },
{ "type": "Feature", "properties": { "ID": 3022059500000, "正式名称": "博愛診療所", "機関区分": 2, "都道府県コード": 30, "市区町村コード": 205, "所在地": "和歌山県御坊市名田町野島１の９", "緯度": 33.832872, "経度": 135.178924, "url": "https://www.iryou.teikyouseido.mhlw.go.jp/znk-web/juminkanja/S2430/initialize?prefCd=30&kikanCd=2059500000&kikanKbn=2", "url2": null, "内容": "博愛診療所【2:診療所】【診療科目:内科_呼吸器内科_循環器内科_消化器内科_小児科_放射線科】和歌山県御坊市名田町野島１の９" }, "geometry": { "type": "Point", "coordinates": [ 135.178924, 33.832872 ] } },
{ "type": "Feature", "properties": { "ID": 3022059600000, "正式名称": "医療法人すこやか会　おおたにクリニック", "機関区分": 2, "都道府県コード": 30, "市区町村コード": 205, "所在地": "和歌山県御坊市名田町野島１－７", "緯度": 33.833261, "経度": 135.17909, "url": "https://www.iryou.teikyouseido.mhlw.go.jp/znk-web/juminkanja/S2430/initialize?prefCd=30&kikanCd=2059600000&kikanKbn=2", "url2": "http://www.otani-clinic.net", "内容": "医療法人すこやか会　おおたにクリニック【2:診療所】【診療科目:内科_脳神経内科_小児科_小児神経科_精神科】和歌山県御坊市名田町野島１－７" }, "geometry": { "type": "Point", "coordinates": [ 135.17909, 33.833261 ] } },
{ "type": "Feature", "properties": { "ID": 3022059700000, "正式名称": "もりばた医院", "機関区分": 2, "都道府県コード": 30, "市区町村コード": 205, "所在地": "和歌山県御坊市塩屋町北塩屋１０８７", "緯度": 33.870396, "経度": 135.1612, "url": "https://www.iryou.teikyouseido.mhlw.go.jp/znk-web/juminkanja/S2430/initialize?prefCd=30&kikanCd=2059700000&kikanKbn=2", "url2": "https://moribata-clinic.com/", "内容": "もりばた医院【2:診療所】【診療科目:内科_消化器内科_漢方内科_ペインクリニック内科_小児科_リハビリテーション科_放射線科_麻酔科】和歌山県御坊市塩屋町北塩屋１０８７" }, "geometry": { "type": "Point", "coordinates": [ 135.1612, 33.870396 ] } },
{ "type": "Feature", "properties": { "ID": 3022059800000, "正式名称": "森本医院", "機関区分": 2, "都道府県コード": 30, "市区町村コード": 381, "所在地": "和歌山県日高郡美浜町田井３１３－１", "緯度": 33.892477, "経度": 135.148478, "url": "https://www.iryou.teikyouseido.mhlw.go.jp/znk-web/juminkanja/S2430/initialize?prefCd=30&kikanCd=2059800000&kikanKbn=2", "url2": "https://www.morimotoiin-heiseikai.jp", "内容": "森本医院【2:診療所】【診療科目:内科_糖尿病・代謝内科_呼吸器内科_循環器内科_消化器内科_小児科_心療内科】和歌山県日高郡美浜町田井３１３－１" }, "geometry": { "type": "Point", "coordinates": [ 135.148478, 33.892477 ] } },
{ "type": "Feature", "properties": { "ID": 3022059900000, "正式名称": "橋本整形外科", "機関区分": 2, "都道府県コード": 30, "市区町村コード": 381, "所在地": "和歌山県日高郡美浜町田井４００－１", "緯度": 33.889878, "経度": 135.1497, "url": "https://www.iryou.teikyouseido.mhlw.go.jp/znk-web/juminkanja/S2430/initialize?prefCd=30&kikanCd=2059900000&kikanKbn=2", "url2": null, "内容": "橋本整形外科【2:診療所】【診療科目:神経内科_整形外科_形成外科_リハビリテーション科】和歌山県日高郡美浜町田井４００－１" }, "geometry": { "type": "Point", "coordinates": [ 135.1497, 33.889878 ] } },
{ "type": "Feature", "properties": { "ID": 3022060200000, "正式名称": "龍神医院", "機関区分": 2, "都道府県コード": 30, "市区町村コード": 381, "所在地": "和歌山県日高郡美浜町吉原２６４", "緯度": 33.892144, "経度": 135.145368, "url": "https://www.iryou.teikyouseido.mhlw.go.jp/znk-web/juminkanja/S2430/initialize?prefCd=30&kikanCd=2060200000&kikanKbn=2", "url2": null, "内容": "龍神医院【2:診療所】【診療科目:内科_循環器内科_小児科】和歌山県日高郡美浜町吉原２６４" }, "geometry": { "type": "Point", "coordinates": [ 135.145368, 33.892144 ] } },
{ "type": "Feature", "properties": { "ID": 3022060300000, "正式名称": "玉置循環器科", "機関区分": 2, "都道府県コード": 30, "市区町村コード": 381, "所在地": "和歌山県日高郡美浜町和田１１３８－１９８", "緯度": 33.892865, "経度": 135.137868, "url": "https://www.iryou.teikyouseido.mhlw.go.jp/znk-web/juminkanja/S2430/initialize?prefCd=30&kikanCd=2060300000&kikanKbn=2", "url2": null, "内容": "玉置循環器科【2:診療所】【診療科目:内科_循環器内科】和歌山県日高郡美浜町和田１１３８－１９８" }, "geometry": { "type": "Point", "coordinates": [ 135.137868, 33.892865 ] } },
{ "type": "Feature", "properties": { "ID": 3022060500000, "正式名称": "大原内科", "機関区分": 2, "都道府県コード": 30, "市区町村コード": 381, "所在地": "和歌山県日高郡美浜町和田１１３８―１０４", "緯度": 33.894809, "経度": 135.13373, "url": "https://www.iryou.teikyouseido.mhlw.go.jp/znk-web/juminkanja/S2430/initialize?prefCd=30&kikanCd=2060500000&kikanKbn=2", "url2": null, "内容": "大原内科【2:診療所】【診療科目:内科_糖尿病・代謝内科_循環器内科_小児科】和歌山県日高郡美浜町和田１１３８―１０４" }, "geometry": { "type": "Point", "coordinates": [ 135.13373, 33.894809 ] } },
{ "type": "Feature", "properties": { "ID": 3022060800000, "正式名称": "村上クリニック", "機関区分": 2, "都道府県コード": 30, "市区町村コード": 392, "所在地": "和歌山県日高郡日高川町高津尾３８", "緯度": 33.9605, "経度": 135.288214, "url": "https://www.iryou.teikyouseido.mhlw.go.jp/znk-web/juminkanja/S2430/initialize?prefCd=30&kikanCd=2060800000&kikanKbn=2", "url2": "http://www.zb.ztv.ne.jp/bbq5yxdb/saito", "内容": "村上クリニック【2:診療所】【診療科目:内科_消化器内科_外科_小児科_放射線科】和歌山県日高郡日高川町高津尾３８" }, "geometry": { "type": "Point", "coordinates": [ 135.288214, 33.9605 ] } },
{ "type": "Feature", "properties": { "ID": 3022060900000, "正式名称": "日高川町国民健康保険　川上診療所", "機関区分": 2, "都道府県コード": 30, "市区町村コード": 392, "所在地": "和歌山県日高郡日高川町川原河２６４", "緯度": 33.982999, "経度": 135.367836, "url": "https://www.iryou.teikyouseido.mhlw.go.jp/znk-web/juminkanja/S2430/initialize?prefCd=30&kikanCd=2060900000&kikanKbn=2", "url2": "https://www.town.hidakagawa.lg.jp/iryo_kenko_fukushi/shinryousyo/kawakami/index.html", "内容": "日高川町国民健康保険　川上診療所【2:診療所】【診療科目:内科_外科_小児科】和歌山県日高郡日高川町川原河２６４" }, "geometry": { "type": "Point", "coordinates": [ 135.367836, 33.982999 ] } },
{ "type": "Feature", "properties": { "ID": 3022061000000, "正式名称": "日高川町国民健康保険　寒川診療所上初湯川出張所", "機関区分": 2, "都道府県コード": 30, "市区町村コード": 392, "所在地": "和歌山県日高郡日高川町上初湯川８３", "緯度": 33.995228, "経度": 135.41007, "url": "https://www.iryou.teikyouseido.mhlw.go.jp/znk-web/juminkanja/S2430/initialize?prefCd=30&kikanCd=2061000000&kikanKbn=2", "url2": null, "内容": "日高川町国民健康保険　寒川診療所上初湯川出張所【2:診療所】【診療科目:内科_小児科】和歌山県日高郡日高川町上初湯川８３" }, "geometry": { "type": "Point", "coordinates": [ 135.41007, 33.995228 ] } },
{ "type": "Feature", "properties": { "ID": 3022061100000, "正式名称": "日高川町国民健康保険　寒川診療所", "機関区分": 2, "都道府県コード": 30, "市区町村コード": 392, "所在地": "和歌山県日高郡日高川町寒川２９３－２", "緯度": 33.957669, "経度": 135.466644, "url": "https://www.iryou.teikyouseido.mhlw.go.jp/znk-web/juminkanja/S2430/initialize?prefCd=30&kikanCd=2061100000&kikanKbn=2", "url2": null, "内容": "日高川町国民健康保険　寒川診療所【2:診療所】【診療科目:内科_小児科】和歌山県日高郡日高川町寒川２９３－２" }, "geometry": { "type": "Point", "coordinates": [ 135.466644, 33.957669 ] } },
{ "type": "Feature", "properties": { "ID": 3022061200000, "正式名称": "日高川町国民健康保険　寒川診療所猪谷出張所", "機関区分": 2, "都道府県コード": 30, "市区町村コード": 392, "所在地": "和歌山県日高郡日高川町初湯川１５８７", "緯度": 33.967746, "経度": 135.422531, "url": "https://www.iryou.teikyouseido.mhlw.go.jp/znk-web/juminkanja/S2430/initialize?prefCd=30&kikanCd=2061200000&kikanKbn=2", "url2": null, "内容": "日高川町国民健康保険　寒川診療所猪谷出張所【2:診療所】【診療科目:内科_小児科】和歌山県日高郡日高川町初湯川１５８７" }, "geometry": { "type": "Point", "coordinates": [ 135.422531, 33.967746 ] } },
{ "type": "Feature", "properties": { "ID": 3022061300000, "正式名称": "辻村外科", "機関区分": 2, "都道府県コード": 30, "市区町村コード": 391, "所在地": "和歌山県日高郡みなべ町東吉田２８２", "緯度": 33.776214, "経度": 135.325053, "url": "https://www.iryou.teikyouseido.mhlw.go.jp/znk-web/juminkanja/S2430/initialize?prefCd=30&kikanCd=2061300000&kikanKbn=2", "url2": null, "内容": "辻村外科【2:診療所】【診療科目:内科_消化器内科_外科_消化器外科_肛門外科_整形外科_リハビリテーション科_放射線科】和歌山県日高郡みなべ町東吉田２８２" }, "geometry": { "type": "Point", "coordinates": [ 135.325053, 33.776214 ] } },
{ "type": "Feature", "properties": { "ID": 3022061500000, "正式名称": "浜口医院", "機関区分": 2, "都道府県コード": 30, "市区町村コード": 391, "所在地": "和歌山県日高郡みなべ町芝６６９", "緯度": 33.771326, "経度": 135.324108, "url": "https://www.iryou.teikyouseido.mhlw.go.jp/znk-web/juminkanja/S2430/initialize?prefCd=30&kikanCd=2061500000&kikanKbn=2", "url2": null, "内容": "浜口医院【2:診療所】【診療科目:内科_外科_整形外科】和歌山県日高郡みなべ町芝６６９" }, "geometry": { "type": "Point", "coordinates": [ 135.324108, 33.771326 ] } },
{ "type": "Feature", "properties": { "ID": 3022061600000, "正式名称": "森上医院", "機関区分": 2, "都道府県コード": 30, "市区町村コード": 391, "所在地": "和歌山県日高郡みなべ町北道１８２", "緯度": 33.768493, "経度": 135.321887, "url": "https://www.iryou.teikyouseido.mhlw.go.jp/znk-web/juminkanja/S2430/initialize?prefCd=30&kikanCd=2061600000&kikanKbn=2", "url2": null, "内容": "森上医院【2:診療所】【診療科目:内科_小児科】和歌山県日高郡みなべ町北道１８２" }, "geometry": { "type": "Point", "coordinates": [ 135.321887, 33.768493 ] } },
{ "type": "Feature", "properties": { "ID": 3022061900000, "正式名称": "ひがし内科クリニック", "機関区分": 2, "都道府県コード": 30, "市区町村コード": 391, "所在地": "和歌山県日高郡みなべ町東本庄５８９－１", "緯度": 33.797907, "経度": 135.330857, "url": "https://www.iryou.teikyouseido.mhlw.go.jp/znk-web/juminkanja/S2430/initialize?prefCd=30&kikanCd=2061900000&kikanKbn=2", "url2": null, "内容": "ひがし内科クリニック【2:診療所】【診療科目:内科_循環器内科_リハビリテーション科_放射線科】和歌山県日高郡みなべ町東本庄５８９－１" }, "geometry": { "type": "Point", "coordinates": [ 135.330857, 33.797907 ] } },
{ "type": "Feature", "properties": { "ID": 3022062100000, "正式名称": "高城診療所", "機関区分": 2, "都道府県コード": 30, "市区町村コード": 391, "所在地": "和歌山県日高郡みなべ町広野２－２", "緯度": 33.846763, "経度": 135.355352, "url": "https://www.iryou.teikyouseido.mhlw.go.jp/znk-web/juminkanja/S2430/initialize?prefCd=30&kikanCd=2062100000&kikanKbn=2", "url2": null, "内容": "高城診療所【2:診療所】【診療科目:内科_外科_小児科】和歌山県日高郡みなべ町広野２－２" }, "geometry": { "type": "Point", "coordinates": [ 135.355352, 33.846763 ] } },
{ "type": "Feature", "properties": { "ID": 3022062300000, "正式名称": "医療法人　大嶋内科医院", "機関区分": 2, "都道府県コード": 30, "市区町村コード": 206, "所在地": "和歌山県田辺市龍神村福井１２４７番地", "緯度": 33.88515, "経度": 135.447704, "url": "https://www.iryou.teikyouseido.mhlw.go.jp/znk-web/juminkanja/S2430/initialize?prefCd=30&kikanCd=2062300000&kikanKbn=2", "url2": null, "内容": "医療法人　大嶋内科医院【2:診療所】【診療科目:内科_外科】和歌山県田辺市龍神村福井１２４７番地" }, "geometry": { "type": "Point", "coordinates": [ 135.447704, 33.88515 ] } },
{ "type": "Feature", "properties": { "ID": 3022062400000, "正式名称": "田辺市龍神中央診療所", "機関区分": 2, "都道府県コード": 30, "市区町村コード": 206, "所在地": "和歌山県田辺市龍神村西３４０", "緯度": 33.895399, "経度": 135.487811, "url": "https://www.iryou.teikyouseido.mhlw.go.jp/znk-web/juminkanja/S2430/initialize?prefCd=30&kikanCd=2062400000&kikanKbn=2", "url2": "http://www.city.tanabe.lg.jp/kenkou/ryujin_tyuou.html", "内容": "田辺市龍神中央診療所【2:診療所】【診療科目:内科_小児科】和歌山県田辺市龍神村西３４０" }, "geometry": { "type": "Point", "coordinates": [ 135.487811, 33.895399 ] } },
{ "type": "Feature", "properties": { "ID": 3022062600000, "正式名称": "田辺市龍神湯ノ又診療所", "機関区分": 2, "都道府県コード": 30, "市区町村コード": 206, "所在地": "和歌山県田辺市龍神村湯ノ又５４４", "緯度": 33.945098, "経度": 135.557833, "url": "https://www.iryou.teikyouseido.mhlw.go.jp/znk-web/juminkanja/S2430/initialize?prefCd=30&kikanCd=2062600000&kikanKbn=2", "url2": "http://www.city.tanabe.lg.jp/kenkou/ryujin_yunomata.html", "内容": "田辺市龍神湯ノ又診療所【2:診療所】【診療科目:内科】和歌山県田辺市龍神村湯ノ又５４４" }, "geometry": { "type": "Point", "coordinates": [ 135.557833, 33.945098 ] } },
{ "type": "Feature", "properties": { "ID": 3022062700000, "正式名称": "田辺市龍神大熊診療所", "機関区分": 2, "都道府県コード": 30, "市区町村コード": 206, "所在地": "和歌山県田辺市龍神村龍神５０４－１", "緯度": 33.993504, "経度": 135.560666, "url": "https://www.iryou.teikyouseido.mhlw.go.jp/znk-web/juminkanja/S2430/initialize?prefCd=30&kikanCd=2062700000&kikanKbn=2", "url2": "http://www.city.tanabe.lg.jp/kenkou/ryujin_okuma.html", "内容": "田辺市龍神大熊診療所【2:診療所】【診療科目:内科】和歌山県田辺市龍神村龍神５０４－１" }, "geometry": { "type": "Point", "coordinates": [ 135.560666, 33.993504 ] } },
{ "type": "Feature", "properties": { "ID": 3022062900000, "正式名称": "杉本胃腸科外科", "機関区分": 2, "都道府県コード": 30, "市区町村コード": 206, "所在地": "和歌山県田辺市中万呂６２－６", "緯度": 33.738997, "経度": 135.401992, "url": "https://www.iryou.teikyouseido.mhlw.go.jp/znk-web/juminkanja/S2430/initialize?prefCd=30&kikanCd=2062900000&kikanKbn=2", "url2": null, "内容": "杉本胃腸科外科【2:診療所】【診療科目:内科_消化器内科_外科_肛門外科_リハビリテーション科_放射線科】和歌山県田辺市中万呂６２－６" }, "geometry": { "type": "Point", "coordinates": [ 135.401992, 33.738997 ] } },
{ "type": "Feature", "properties": { "ID": 3022063000000, "正式名称": "辻内科医院", "機関区分": 2, "都道府県コード": 30, "市区町村コード": 206, "所在地": "和歌山県田辺市中万呂１３３―１１", "緯度": 33.736248, "経度": 135.400854, "url": "https://www.iryou.teikyouseido.mhlw.go.jp/znk-web/juminkanja/S2430/initialize?prefCd=30&kikanCd=2063000000&kikanKbn=2", "url2": null, "内容": "辻内科医院【2:診療所】【診療科目:内科_一般内科，リウマチ・膠原病科_リウマチ科】和歌山県田辺市中万呂１３３―１１" }, "geometry": { "type": "Point", "coordinates": [ 135.400854, 33.736248 ] } },
{ "type": "Feature", "properties": { "ID": 3022063200000, "正式名称": "堅田内科循環器科", "機関区分": 2, "都道府県コード": 30, "市区町村コード": 206, "所在地": "和歌山県田辺市秋津町１０２－１", "緯度": 33.744525, "経度": 135.388382, "url": "https://www.iryou.teikyouseido.mhlw.go.jp/znk-web/juminkanja/S2430/initialize?prefCd=30&kikanCd=2063200000&kikanKbn=2", "url2": null, "内容": "堅田内科循環器科【2:診療所】【診療科目:内科_循環器内科】和歌山県田辺市秋津町１０２－１" }, "geometry": { "type": "Point", "coordinates": [ 135.388382, 33.744525 ] } },
{ "type": "Feature", "properties": { "ID": 3022064000000, "正式名称": "神島クリニック", "機関区分": 2, "都道府県コード": 30, "市区町村コード": 206, "所在地": "和歌山県田辺市たきない町６－１１", "緯度": 33.703668, "経度": 135.402577, "url": "https://www.iryou.teikyouseido.mhlw.go.jp/znk-web/juminkanja/S2430/initialize?prefCd=30&kikanCd=2064000000&kikanKbn=2", "url2": null, "内容": "神島クリニック【2:診療所】【診療科目:内科】和歌山県田辺市たきない町６－１１" }, "geometry": { "type": "Point", "coordinates": [ 135.402577, 33.703668 ] } },
{ "type": "Feature", "properties": { "ID": 3022064100000, "正式名称": "坂口耳鼻咽喉科医院", "機関区分": 2, "都道府県コード": 30, "市区町村コード": 206, "所在地": "和歌山県田辺市あけぼの４６－１２", "緯度": 33.731942, "経度": 135.393105, "url": "https://www.iryou.teikyouseido.mhlw.go.jp/znk-web/juminkanja/S2430/initialize?prefCd=30&kikanCd=2064100000&kikanKbn=2", "url2": null, "内容": "坂口耳鼻咽喉科医院【2:診療所】【診療科目:頭頸部外科_小児耳鼻いんこう科_頭頸部・耳鼻いんこう科_アレルギー科】和歌山県田辺市あけぼの４６－１２" }, "geometry": { "type": "Point", "coordinates": [ 135.393105, 33.731942 ] } },
{ "type": "Feature", "properties": { "ID": 3022064200000, "正式名称": "医療法人　納田整形外科", "機関区分": 2, "都道府県コード": 30, "市区町村コード": 206, "所在地": "和歌山県田辺市あけぼの４６－１４", "緯度": 33.731831, "経度": 135.393244, "url": "https://www.iryou.teikyouseido.mhlw.go.jp/znk-web/juminkanja/S2430/initialize?prefCd=30&kikanCd=2064200000&kikanKbn=2", "url2": null, "内容": "医療法人　納田整形外科【2:診療所】【診療科目:整形外科】和歌山県田辺市あけぼの４６－１４" }, "geometry": { "type": "Point", "coordinates": [ 135.393244, 33.731831 ] } },
{ "type": "Feature", "properties": { "ID": 3022064300000, "正式名称": "竹村医院", "機関区分": 2, "都道府県コード": 30, "市区町村コード": 206, "所在地": "和歌山県田辺市東山１－３－８", "緯度": 33.729609, "経度": 135.387438, "url": "https://www.iryou.teikyouseido.mhlw.go.jp/znk-web/juminkanja/S2430/initialize?prefCd=30&kikanCd=2064300000&kikanKbn=2", "url2": "http://yuuga.blogdehp.ne.jp/", "内容": "竹村医院【2:診療所】【診療科目:内科_呼吸器内科】和歌山県田辺市東山１－３－８" }, "geometry": { "type": "Point", "coordinates": [ 135.387438, 33.729609 ] } },
{ "type": "Feature", "properties": { "ID": 3022064400000, "正式名称": "うちしばレディースクリニック", "機関区分": 2, "都道府県コード": 30, "市区町村コード": 206, "所在地": "和歌山県田辺市東山２－２７－２６", "緯度": 33.722638, "経度": 135.3948, "url": "https://www.iryou.teikyouseido.mhlw.go.jp/znk-web/juminkanja/S2430/initialize?prefCd=30&kikanCd=2064400000&kikanKbn=2", "url2": "http://lcbandoh.jp/", "内容": "うちしばレディースクリニック【2:診療所】【診療科目:産婦人科_産科_婦人科】和歌山県田辺市東山２－２７－２６" }, "geometry": { "type": "Point", "coordinates": [ 135.3948, 33.722638 ] } },
{ "type": "Feature", "properties": { "ID": 3022064500000, "正式名称": "線崎泌尿器科医院", "機関区分": 2, "都道府県コード": 30, "市区町村コード": 206, "所在地": "和歌山県田辺市文里１－２０－２５", "緯度": 33.717554, "経度": 135.389273, "url": "https://www.iryou.teikyouseido.mhlw.go.jp/znk-web/juminkanja/S2430/initialize?prefCd=30&kikanCd=2064500000&kikanKbn=2", "url2": "http://www.senzaki-iin.com", "内容": "線崎泌尿器科医院【2:診療所】【診療科目:泌尿器科】和歌山県田辺市文里１－２０－２５" }, "geometry": { "type": "Point", "coordinates": [ 135.389273, 33.717554 ] } },
{ "type": "Feature", "properties": { "ID": 3022064800000, "正式名称": "櫻根皮フ科", "機関区分": 2, "都道府県コード": 30, "市区町村コード": 206, "所在地": "和歌山県田辺市神子浜１－２１－２３", "緯度": 33.723249, "経度": 135.3878, "url": "https://www.iryou.teikyouseido.mhlw.go.jp/znk-web/juminkanja/S2430/initialize?prefCd=30&kikanCd=2064800000&kikanKbn=2", "url2": null, "内容": "櫻根皮フ科【2:診療所】【診療科目:皮膚科】和歌山県田辺市神子浜１－２１－２３" }, "geometry": { "type": "Point", "coordinates": [ 135.3878, 33.723249 ] } },
{ "type": "Feature", "properties": { "ID": 3022065200000, "正式名称": "うえはら小児科", "機関区分": 2, "都道府県コード": 30, "市区町村コード": 206, "所在地": "和歌山県田辺市朝日ヶ丘１６－３２", "緯度": 33.735969, "経度": 135.390022, "url": "https://www.iryou.teikyouseido.mhlw.go.jp/znk-web/juminkanja/S2430/initialize?prefCd=30&kikanCd=2065200000&kikanKbn=2", "url2": null, "内容": "うえはら小児科【2:診療所】【診療科目:小児科】和歌山県田辺市朝日ヶ丘１６－３２" }, "geometry": { "type": "Point", "coordinates": [ 135.390022, 33.735969 ] } },
{ "type": "Feature", "properties": { "ID": 3022065400000, "正式名称": "池田医院", "機関区分": 2, "都道府県コード": 30, "市区町村コード": 206, "所在地": "和歌山県田辺市湊４７－３８", "緯度": 33.731137, "経度": 135.385855, "url": "https://www.iryou.teikyouseido.mhlw.go.jp/znk-web/juminkanja/S2430/initialize?prefCd=30&kikanCd=2065400000&kikanKbn=2", "url2": "https://hihuikehata.amebaownd.com", "内容": "池田医院【2:診療所】【診療科目:皮膚科】和歌山県田辺市湊４７－３８" }, "geometry": { "type": "Point", "coordinates": [ 135.385855, 33.731137 ] } },
{ "type": "Feature", "properties": { "ID": 3022065500000, "正式名称": "なす医院", "機関区分": 2, "都道府県コード": 30, "市区町村コード": 206, "所在地": "和歌山県田辺市高雄三丁目１３－１", "緯度": 33.73983, "経度": 135.38255, "url": "https://www.iryou.teikyouseido.mhlw.go.jp/znk-web/juminkanja/S2430/initialize?prefCd=30&kikanCd=2065500000&kikanKbn=2", "url2": "https://www.nasuiin.jp/", "内容": "なす医院【2:診療所】【診療科目:内科_呼吸器内科_消化器内科】和歌山県田辺市高雄三丁目１３－１" }, "geometry": { "type": "Point", "coordinates": [ 135.38255, 33.73983 ] } },
{ "type": "Feature", "properties": { "ID": 3022065600000, "正式名称": "榎本産婦人科", "機関区分": 2, "都道府県コード": 30, "市区町村コード": 206, "所在地": "和歌山県田辺市湊８－２６", "緯度": 33.733887, "経度": 135.380883, "url": "https://www.iryou.teikyouseido.mhlw.go.jp/znk-web/juminkanja/S2430/initialize?prefCd=30&kikanCd=2065600000&kikanKbn=2", "url2": "https://www.enomoto.or.jp", "内容": "榎本産婦人科【2:診療所】【診療科目:産婦人科_産科_婦人科_産婦人科（生殖医療）】和歌山県田辺市湊８－２６" }, "geometry": { "type": "Point", "coordinates": [ 135.380883, 33.733887 ] } },
{ "type": "Feature", "properties": { "ID": 3022065700000, "正式名称": "田辺広域休日急患診療所", "機関区分": 2, "都道府県コード": 30, "市区町村コード": 206, "所在地": "和歌山県田辺市高雄一丁目２３－１　田辺市民総合センター内", "緯度": 33.735414, "経度": 135.377745, "url": "https://www.iryou.teikyouseido.mhlw.go.jp/znk-web/juminkanja/S2430/initialize?prefCd=30&kikanCd=2065700000&kikanKbn=2", "url2": null, "内容": "田辺広域休日急患診療所【2:診療所】【診療科目:内科_小児科_歯科】和歌山県田辺市高雄一丁目２３－１　田辺市民総合センター内" }, "geometry": { "type": "Point", "coordinates": [ 135.377745, 33.735414 ] } },
{ "type": "Feature", "properties": { "ID": 3022066200000, "正式名称": "榎本整形外科", "機関区分": 2, "都道府県コード": 30, "市区町村コード": 206, "所在地": "和歌山県田辺市東陽１７－１５", "緯度": 33.726637, "経度": 135.385827, "url": "https://www.iryou.teikyouseido.mhlw.go.jp/znk-web/juminkanja/S2430/initialize?prefCd=30&kikanCd=2066200000&kikanKbn=2", "url2": null, "内容": "榎本整形外科【2:診療所】【診療科目:外科_整形外科_リウマチ科_リハビリテーション科】和歌山県田辺市東陽１７－１５" }, "geometry": { "type": "Point", "coordinates": [ 135.385827, 33.726637 ] } },
{ "type": "Feature", "properties": { "ID": 3022066400000, "正式名称": "平田医院", "機関区分": 2, "都道府県コード": 30, "市区町村コード": 206, "所在地": "和歌山県田辺市高雄一丁目５－２", "緯度": 33.735219, "経度": 135.380661, "url": "https://www.iryou.teikyouseido.mhlw.go.jp/znk-web/juminkanja/S2430/initialize?prefCd=30&kikanCd=2066400000&kikanKbn=2", "url2": null, "内容": "平田医院【2:診療所】【診療科目:内科_消化器内科_外科_消化器外科】和歌山県田辺市高雄一丁目５－２" }, "geometry": { "type": "Point", "coordinates": [ 135.380661, 33.735219 ] } },
{ "type": "Feature", "properties": { "ID": 3022066500000, "正式名称": "西川医院", "機関区分": 2, "都道府県コード": 30, "市区町村コード": 206, "所在地": "和歌山県田辺市高雄一丁目２２－２０", "緯度": 33.735302, "経度": 135.375939, "url": "https://www.iryou.teikyouseido.mhlw.go.jp/znk-web/juminkanja/S2430/initialize?prefCd=30&kikanCd=2066500000&kikanKbn=2", "url2": null, "内容": "西川医院【2:診療所】【診療科目:内科_循環器内科_漢方内科】和歌山県田辺市高雄一丁目２２－２０" }, "geometry": { "type": "Point", "coordinates": [ 135.375939, 33.735302 ] } },
{ "type": "Feature", "properties": { "ID": 3022066700000, "正式名称": "山本眼科", "機関区分": 2, "都道府県コード": 30, "市区町村コード": 206, "所在地": "和歌山県田辺市高雄一丁目１２－２５", "緯度": 33.735247, "経度": 135.378217, "url": "https://www.iryou.teikyouseido.mhlw.go.jp/znk-web/juminkanja/S2430/initialize?prefCd=30&kikanCd=2066700000&kikanKbn=2", "url2": null, "内容": "山本眼科【2:診療所】【診療科目:眼科】和歌山県田辺市高雄一丁目１２－２５" }, "geometry": { "type": "Point", "coordinates": [ 135.378217, 33.735247 ] } },
{ "type": "Feature", "properties": { "ID": 3022067000000, "正式名称": "晒医院", "機関区分": 2, "都道府県コード": 30, "市区町村コード": 206, "所在地": "和歌山県田辺市東陽２７－６", "緯度": 33.728665, "経度": 135.382106, "url": "https://www.iryou.teikyouseido.mhlw.go.jp/znk-web/juminkanja/S2430/initialize?prefCd=30&kikanCd=2067000000&kikanKbn=2", "url2": null, "内容": "晒医院【2:診療所】【診療科目:皮膚科】和歌山県田辺市東陽２７－６" }, "geometry": { "type": "Point", "coordinates": [ 135.382106, 33.728665 ] } },
{ "type": "Feature", "properties": { "ID": 3022067300000, "正式名称": "滝浪眼科", "機関区分": 2, "都道府県コード": 30, "市区町村コード": 206, "所在地": "和歌山県田辺市下屋敷町１３", "緯度": 33.729692, "経度": 135.382273, "url": "https://www.iryou.teikyouseido.mhlw.go.jp/znk-web/juminkanja/S2430/initialize?prefCd=30&kikanCd=2067300000&kikanKbn=2", "url2": null, "内容": "滝浪眼科【2:診療所】【診療科目:眼科】和歌山県田辺市下屋敷町１３" }, "geometry": { "type": "Point", "coordinates": [ 135.382273, 33.729692 ] } },
{ "type": "Feature", "properties": { "ID": 3022067900000, "正式名称": "外科内科辻医院", "機関区分": 2, "都道府県コード": 30, "市区町村コード": 206, "所在地": "和歌山県田辺市上屋敷３－１１－１４", "緯度": 33.730058, "経度": 135.374408, "url": "https://www.iryou.teikyouseido.mhlw.go.jp/znk-web/juminkanja/S2430/initialize?prefCd=30&kikanCd=2067900000&kikanKbn=2", "url2": "http://www.tsuji-iin.or.jp/", "内容": "外科内科辻医院【2:診療所】【診療科目:内科_外科】和歌山県田辺市上屋敷３－１１－１４" }, "geometry": { "type": "Point", "coordinates": [ 135.374408, 33.730058 ] } },
{ "type": "Feature", "properties": { "ID": 3022068000000, "正式名称": "柏井内科クリニック", "機関区分": 2, "都道府県コード": 30, "市区町村コード": 206, "所在地": "和歌山県田辺市末広町６－２０", "緯度": 33.72522, "経度": 135.380106, "url": "https://www.iryou.teikyouseido.mhlw.go.jp/znk-web/juminkanja/S2430/initialize?prefCd=30&kikanCd=2068000000&kikanKbn=2", "url2": "http://www.aikis.or.jp/~tkashii", "内容": "柏井内科クリニック【2:診療所】【診療科目:内科】和歌山県田辺市末広町６－２０" }, "geometry": { "type": "Point", "coordinates": [ 135.380106, 33.72522 ] } },
{ "type": "Feature", "properties": { "ID": 3022068100000, "正式名称": "おかもと内科クリニック", "機関区分": 2, "都道府県コード": 30, "市区町村コード": 206, "所在地": "和歌山県田辺市末広町９－８", "緯度": 33.724952, "経度": 135.382024, "url": "https://www.iryou.teikyouseido.mhlw.go.jp/znk-web/juminkanja/S2430/initialize?prefCd=30&kikanCd=2068100000&kikanKbn=2", "url2": null, "内容": "おかもと内科クリニック【2:診療所】【診療科目:内科_糖尿病・代謝内科_代謝・内分泌内科_消化器内科_放射線科】和歌山県田辺市末広町９－８" }, "geometry": { "type": "Point", "coordinates": [ 135.382024, 33.724952 ] } },
{ "type": "Feature", "properties": { "ID": 3022068300000, "正式名称": "池田整形外科", "機関区分": 2, "都道府県コード": 30, "市区町村コード": 206, "所在地": "和歌山県田辺市明洋一丁目１９－１９", "緯度": 33.736025, "経度": 135.359413, "url": "https://www.iryou.teikyouseido.mhlw.go.jp/znk-web/juminkanja/S2430/initialize?prefCd=30&kikanCd=2068300000&kikanKbn=2", "url2": null, "内容": "池田整形外科【2:診療所】【診療科目:整形外科】和歌山県田辺市明洋一丁目１９－１９" }, "geometry": { "type": "Point", "coordinates": [ 135.359413, 33.736025 ] } },
{ "type": "Feature", "properties": { "ID": 3022068800000, "正式名称": "田辺市国民健康保険　中芳養診療所", "機関区分": 2, "都道府県コード": 30, "市区町村コード": 206, "所在地": "和歌山県田辺市中芳養１８０８－１", "緯度": 33.777909, "経度": 135.354912, "url": "https://www.iryou.teikyouseido.mhlw.go.jp/znk-web/juminkanja/S2430/initialize?prefCd=30&kikanCd=2068800000&kikanKbn=2", "url2": null, "内容": "田辺市国民健康保険　中芳養診療所【2:診療所】【診療科目:内科】和歌山県田辺市中芳養１８０８－１" }, "geometry": { "type": "Point", "coordinates": [ 135.354912, 33.777909 ] } },
{ "type": "Feature", "properties": { "ID": 3022068900000, "正式名称": "長嶋医院", "機関区分": 2, "都道府県コード": 30, "市区町村コード": 206, "所在地": "和歌山県田辺市目良３２－３２", "緯度": 33.734247, "経度": 135.355414, "url": "https://www.iryou.teikyouseido.mhlw.go.jp/znk-web/juminkanja/S2430/initialize?prefCd=30&kikanCd=2068900000&kikanKbn=2", "url2": null, "内容": "長嶋医院【2:診療所】【診療科目:内科_消化器内科_外科】和歌山県田辺市目良３２－３２" }, "geometry": { "type": "Point", "coordinates": [ 135.355414, 33.734247 ] } },
{ "type": "Feature", "properties": { "ID": 3022069100000, "正式名称": "田辺市国民健康保険秋津川診療所", "機関区分": 2, "都道府県コード": 30, "市区町村コード": 206, "所在地": "和歌山県田辺市秋津川６８８", "緯度": 33.793964, "経度": 135.427405, "url": "https://www.iryou.teikyouseido.mhlw.go.jp/znk-web/juminkanja/S2430/initialize?prefCd=30&kikanCd=2069100000&kikanKbn=2", "url2": null, "内容": "田辺市国民健康保険秋津川診療所【2:診療所】【診療科目:内科】和歌山県田辺市秋津川６８８" }, "geometry": { "type": "Point", "coordinates": [ 135.427405, 33.793964 ] } },
{ "type": "Feature", "properties": { "ID": 3022069200000, "正式名称": "田辺市国民健康保険　長野診療所", "機関区分": 2, "都道府県コード": 30, "市区町村コード": 206, "所在地": "和歌山県田辺市長野１１４６－２", "緯度": 33.768217, "経度": 135.444155, "url": "https://www.iryou.teikyouseido.mhlw.go.jp/znk-web/juminkanja/S2430/initialize?prefCd=30&kikanCd=2069200000&kikanKbn=2", "url2": null, "内容": "田辺市国民健康保険　長野診療所【2:診療所】【診療科目:内科】和歌山県田辺市長野１１４６－２" }, "geometry": { "type": "Point", "coordinates": [ 135.444155, 33.768217 ] } },
{ "type": "Feature", "properties": { "ID": 3022069300000, "正式名称": "野の花診療所", "機関区分": 2, "都道府県コード": 30, "市区町村コード": 206, "所在地": "和歌山県田辺市中三栖１８１７", "緯度": 33.746441, "経度": 135.433073, "url": "https://www.iryou.teikyouseido.mhlw.go.jp/znk-web/juminkanja/S2430/initialize?prefCd=30&kikanCd=2069300000&kikanKbn=2", "url2": null, "内容": "野の花診療所【2:診療所】【診療科目:内科_小児科】和歌山県田辺市中三栖１８１７" }, "geometry": { "type": "Point", "coordinates": [ 135.433073, 33.746441 ] } },
{ "type": "Feature", "properties": { "ID": 3022069400000, "正式名称": "鮎川診療所", "機関区分": 2, "都道府県コード": 30, "市区町村コード": 206, "所在地": "和歌山県田辺市鮎川５８３－３", "緯度": 33.729083, "経度": 135.483375, "url": "https://www.iryou.teikyouseido.mhlw.go.jp/znk-web/juminkanja/S2430/initialize?prefCd=30&kikanCd=2069400000&kikanKbn=2", "url2": "http://www.hamayu-hp.or.jp/", "内容": "鮎川診療所【2:診療所】【診療科目:内科_整形外科】和歌山県田辺市鮎川５８３－３" }, "geometry": { "type": "Point", "coordinates": [ 135.483375, 33.729083 ] } },
{ "type": "Feature", "properties": { "ID": 3022069700000, "正式名称": "田辺市大塔富里診療所", "機関区分": 2, "都道府県コード": 30, "市区町村コード": 206, "所在地": "和歌山県田辺市下川下９３０番地", "緯度": 33.74142, "経度": 135.58473, "url": "https://www.iryou.teikyouseido.mhlw.go.jp/znk-web/juminkanja/S2430/initialize?prefCd=30&kikanCd=2069700000&kikanKbn=2", "url2": null, "内容": "田辺市大塔富里診療所【2:診療所】【診療科目:内科】和歌山県田辺市下川下９３０番地" }, "geometry": { "type": "Point", "coordinates": [ 135.58473, 33.74142 ] } },
{ "type": "Feature", "properties": { "ID": 3022069800000, "正式名称": "田辺市大塔三川診療所", "機関区分": 2, "都道府県コード": 30, "市区町村コード": 206, "所在地": "和歌山県田辺市合川６７８－３", "緯度": 33.687311, "経度": 135.569342, "url": "https://www.iryou.teikyouseido.mhlw.go.jp/znk-web/juminkanja/S2430/initialize?prefCd=30&kikanCd=2069800000&kikanKbn=2", "url2": null, "内容": "田辺市大塔三川診療所【2:診療所】【診療科目:内科_外科_小児科】和歌山県田辺市合川６７８－３" }, "geometry": { "type": "Point", "coordinates": [ 135.569342, 33.687311 ] } },
{ "type": "Feature", "properties": { "ID": 3022069900000, "正式名称": "近野診療所", "機関区分": 2, "都道府県コード": 30, "市区町村コード": 206, "所在地": "和歌山県田辺市中辺路町近露１１５１－１", "緯度": 33.814283, "経度": 135.607401, "url": "https://www.iryou.teikyouseido.mhlw.go.jp/znk-web/juminkanja/S2430/initialize?prefCd=30&kikanCd=2069900000&kikanKbn=2", "url2": "http://www/aikis.or.jp/~cosmos/", "内容": "近野診療所【2:診療所】【診療科目:内科_消化器内科_小児科】和歌山県田辺市中辺路町近露１１５１－１" }, "geometry": { "type": "Point", "coordinates": [ 135.607401, 33.814283 ] } },
{ "type": "Feature", "properties": { "ID": 3022070600000, "正式名称": "矢島医院", "機関区分": 2, "都道府県コード": 30, "市区町村コード": 207, "所在地": "和歌山県新宮市別当屋敷町６番地の８", "緯度": 33.728703, "経度": 135.986166, "url": "https://www.iryou.teikyouseido.mhlw.go.jp/znk-web/juminkanja/S2430/initialize?prefCd=30&kikanCd=2070600000&kikanKbn=2", "url2": null, "内容": "矢島医院【2:診療所】【診療科目:産婦人科】和歌山県新宮市別当屋敷町６番地の８" }, "geometry": { "type": "Point", "coordinates": [ 135.986166, 33.728703 ] } },
{ "type": "Feature", "properties": { "ID": 3022070700000, "正式名称": "医療法人米良外科整形外科クリニック", "機関区分": 2, "都道府県コード": 30, "市区町村コード": 207, "所在地": "和歌山県新宮市伊佐田町２丁目１番２号", "緯度": 33.72712, "経度": 135.994333, "url": "https://www.iryou.teikyouseido.mhlw.go.jp/znk-web/juminkanja/S2430/initialize?prefCd=30&kikanCd=2070700000&kikanKbn=2", "url2": null, "内容": "医療法人米良外科整形外科クリニック【2:診療所】【診療科目:内科_消化器内科_外科_肛門外科_整形外科_リハビリテーション科】和歌山県新宮市伊佐田町２丁目１番２号" }, "geometry": { "type": "Point", "coordinates": [ 135.994333, 33.72712 ] } },
{ "type": "Feature", "properties": { "ID": 3022071100000, "正式名称": "医療法人　米良医院", "機関区分": 2, "都道府県コード": 30, "市区町村コード": 207, "所在地": "和歌山県新宮市池田３－２－１", "緯度": 33.726926, "経度": 135.994694, "url": "https://www.iryou.teikyouseido.mhlw.go.jp/znk-web/juminkanja/S2430/initialize?prefCd=30&kikanCd=2071100000&kikanKbn=2", "url2": null, "内容": "医療法人　米良医院【2:診療所】【診療科目:内科_消化器内科】和歌山県新宮市池田３－２－１" }, "geometry": { "type": "Point", "coordinates": [ 135.994694, 33.726926 ] } },
{ "type": "Feature", "properties": { "ID": 3022071200000, "正式名称": "土山医院", "機関区分": 2, "都道府県コード": 30, "市区町村コード": 207, "所在地": "和歌山県新宮市池田３－２－１５", "緯度": 33.726731, "経度": 135.995861, "url": "https://www.iryou.teikyouseido.mhlw.go.jp/znk-web/juminkanja/S2430/initialize?prefCd=30&kikanCd=2071200000&kikanKbn=2", "url2": null, "内容": "土山医院【2:診療所】【診療科目:皮膚科】和歌山県新宮市池田３－２－１５" }, "geometry": { "type": "Point", "coordinates": [ 135.995861, 33.726731 ] } },
{ "type": "Feature", "properties": { "ID": 3022071500000, "正式名称": "湊口内科クリニック", "機関区分": 2, "都道府県コード": 30, "市区町村コード": 207, "所在地": "和歌山県新宮市下田１－１－１３", "緯度": 33.721149, "経度": 135.995222, "url": "https://www.iryou.teikyouseido.mhlw.go.jp/znk-web/juminkanja/S2430/initialize?prefCd=30&kikanCd=2071500000&kikanKbn=2", "url2": null, "内容": "湊口内科クリニック【2:診療所】【診療科目:内科_循環器内科】和歌山県新宮市下田１－１－１３" }, "geometry": { "type": "Point", "coordinates": [ 135.995222, 33.721149 ] } },
{ "type": "Feature", "properties": { "ID": 3022071700000, "正式名称": "玉置整形外科医院", "機関区分": 2, "都道府県コード": 30, "市区町村コード": 207, "所在地": "和歌山県新宮市緑ケ丘２丁目３番１１号", "緯度": 33.71976, "経度": 135.988695, "url": "https://www.iryou.teikyouseido.mhlw.go.jp/znk-web/juminkanja/S2430/initialize?prefCd=30&kikanCd=2071700000&kikanKbn=2", "url2": null, "内容": "玉置整形外科医院【2:診療所】【診療科目:整形外科_リハビリテーション科_放射線科】和歌山県新宮市緑ケ丘２丁目３番１１号" }, "geometry": { "type": "Point", "coordinates": [ 135.988695, 33.71976 ] } },
{ "type": "Feature", "properties": { "ID": 3022071900000, "正式名称": "味八木胃腸科外科医院", "機関区分": 2, "都道府県コード": 30, "市区町村コード": 207, "所在地": "和歌山県新宮市神倉４丁目６－４０", "緯度": 33.720177, "経度": 135.987001, "url": "https://www.iryou.teikyouseido.mhlw.go.jp/znk-web/juminkanja/S2430/initialize?prefCd=30&kikanCd=2071900000&kikanKbn=2", "url2": null, "内容": "味八木胃腸科外科医院【2:診療所】【診療科目:内科_消化器内科_外科】和歌山県新宮市神倉４丁目６－４０" }, "geometry": { "type": "Point", "coordinates": [ 135.987001, 33.720177 ] } },
{ "type": "Feature", "properties": { "ID": 3022072300000, "正式名称": "さとう眼科", "機関区分": 2, "都道府県コード": 30, "市区町村コード": 207, "所在地": "和歌山県新宮市井の沢１２－６", "緯度": 33.722009, "経度": 135.989861, "url": "https://www.iryou.teikyouseido.mhlw.go.jp/znk-web/juminkanja/S2430/initialize?prefCd=30&kikanCd=2072300000&kikanKbn=2", "url2": null, "内容": "さとう眼科【2:診療所】【診療科目:眼科】和歌山県新宮市井の沢１２－６" }, "geometry": { "type": "Point", "coordinates": [ 135.989861, 33.722009 ] } },
{ "type": "Feature", "properties": { "ID": 3022072400000, "正式名称": "浜野皮フ科", "機関区分": 2, "都道府県コード": 30, "市区町村コード": 207, "所在地": "和歌山県新宮市井の沢１－２８", "緯度": 33.724481, "経度": 135.991805, "url": "https://www.iryou.teikyouseido.mhlw.go.jp/znk-web/juminkanja/S2430/initialize?prefCd=30&kikanCd=2072400000&kikanKbn=2", "url2": "https://hamano-derma.jp/", "内容": "浜野皮フ科【2:診療所】【診療科目:皮膚科】和歌山県新宮市井の沢１－２８" }, "geometry": { "type": "Point", "coordinates": [ 135.991805, 33.724481 ] } },
{ "type": "Feature", "properties": { "ID": 3022072800000, "正式名称": "木下外科医院", "機関区分": 2, "都道府県コード": 30, "市区町村コード": 207, "所在地": "和歌山県新宮市橋本１－３－５", "緯度": 33.716677, "経度": 135.987167, "url": "https://www.iryou.teikyouseido.mhlw.go.jp/znk-web/juminkanja/S2430/initialize?prefCd=30&kikanCd=2072800000&kikanKbn=2", "url2": null, "内容": "木下外科医院【2:診療所】【診療科目:内科_消化器内科_外科_肛門外科】和歌山県新宮市橋本１－３－５" }, "geometry": { "type": "Point", "coordinates": [ 135.987167, 33.716677 ] } },
{ "type": "Feature", "properties": { "ID": 3022073000000, "正式名称": "湊口医院", "機関区分": 2, "都道府県コード": 30, "市区町村コード": 207, "所在地": "和歌山県新宮市三輪崎２－１３－５１", "緯度": 33.68504, "経度": 135.983413, "url": "https://www.iryou.teikyouseido.mhlw.go.jp/znk-web/juminkanja/S2430/initialize?prefCd=30&kikanCd=2073000000&kikanKbn=2", "url2": null, "内容": "湊口医院【2:診療所】【診療科目:内科_小児科】和歌山県新宮市三輪崎２－１３－５１" }, "geometry": { "type": "Point", "coordinates": [ 135.983413, 33.68504 ] } },
{ "type": "Feature", "properties": { "ID": 3022073500000, "正式名称": "山口整形外科", "機関区分": 2, "都道府県コード": 30, "市区町村コード": 207, "所在地": "和歌山県新宮市蜂伏３番２７号", "緯度": 33.681958, "経度": 135.965484, "url": "https://www.iryou.teikyouseido.mhlw.go.jp/znk-web/juminkanja/S2430/initialize?prefCd=30&kikanCd=2073500000&kikanKbn=2", "url2": null, "内容": "山口整形外科【2:診療所】【診療科目:整形外科_リウマチ科_リハビリテーション科】和歌山県新宮市蜂伏３番２７号" }, "geometry": { "type": "Point", "coordinates": [ 135.965484, 33.681958 ] } },
{ "type": "Feature", "properties": { "ID": 3022074000000, "正式名称": "新宮市国民健康保険直営熊野川診療所附属小口診療所", "機関区分": 2, "都道府県コード": 30, "市区町村コード": 207, "所在地": "和歌山県新宮市熊野川町上長井４３５", "緯度": 33.758697, "経度": 135.841955, "url": "https://www.iryou.teikyouseido.mhlw.go.jp/znk-web/juminkanja/S2430/initialize?prefCd=30&kikanCd=2074000000&kikanKbn=2", "url2": null, "内容": "新宮市国民健康保険直営熊野川診療所附属小口診療所【2:診療所】【診療科目:内科】和歌山県新宮市熊野川町上長井４３５" }, "geometry": { "type": "Point", "coordinates": [ 135.841955, 33.758697 ] } },
{ "type": "Feature", "properties": { "ID": 3022074200000, "正式名称": "新宮市国民健康保険直営熊野川診療所", "機関区分": 2, "都道府県コード": 30, "市区町村コード": 207, "所在地": "和歌山県新宮市熊野川町日足３２２", "緯度": 33.806165, "経度": 135.871922, "url": "https://www.iryou.teikyouseido.mhlw.go.jp/znk-web/juminkanja/S2430/initialize?prefCd=30&kikanCd=2074200000&kikanKbn=2", "url2": null, "内容": "新宮市国民健康保険直営熊野川診療所【2:診療所】【診療科目:内科】和歌山県新宮市熊野川町日足３２２" }, "geometry": { "type": "Point", "coordinates": [ 135.871922, 33.806165 ] } },
{ "type": "Feature", "properties": { "ID": 3022074600000, "正式名称": "田辺市本宮さくら診療所", "機関区分": 2, "都道府県コード": 30, "市区町村コード": 206, "所在地": "和歌山県田辺市本宮町本宮９２１番地の２", "緯度": 33.838132, "経度": 135.771957, "url": "https://www.iryou.teikyouseido.mhlw.go.jp/znk-web/juminkanja/S2430/initialize?prefCd=30&kikanCd=2074600000&kikanKbn=2", "url2": null, "内容": "田辺市本宮さくら診療所【2:診療所】【診療科目:内科_整形外科_リウマチ科_リハビリテーション科】和歌山県田辺市本宮町本宮９２１番地の２" }, "geometry": { "type": "Point", "coordinates": [ 135.771957, 33.838132 ] } },
{ "type": "Feature", "properties": { "ID": 3022075100000, "正式名称": "田中診療所", "機関区分": 2, "都道府県コード": 30, "市区町村コード": 203, "所在地": "和歌山県橋本市隅田町中下１", "緯度": 34.328078, "経度": 135.647723, "url": "https://www.iryou.teikyouseido.mhlw.go.jp/znk-web/juminkanja/S2430/initialize?prefCd=30&kikanCd=2075100000&kikanKbn=2", "url2": null, "内容": "田中診療所【2:診療所】【診療科目:内科_糖尿病・代謝内科_小児科_放射線科】和歌山県橋本市隅田町中下１" }, "geometry": { "type": "Point", "coordinates": [ 135.647723, 34.328078 ] } },
{ "type": "Feature", "properties": { "ID": 3022075900000, "正式名称": "小林診療所", "機関区分": 2, "都道府県コード": 30, "市区町村コード": 203, "所在地": "和歌山県橋本市学文路７０５", "緯度": 34.298274, "経度": 135.582758, "url": "https://www.iryou.teikyouseido.mhlw.go.jp/znk-web/juminkanja/S2430/initialize?prefCd=30&kikanCd=2075900000&kikanKbn=2", "url2": null, "内容": "小林診療所【2:診療所】【診療科目:内科_循環器内科】和歌山県橋本市学文路７０５" }, "geometry": { "type": "Point", "coordinates": [ 135.582758, 34.298274 ] } },
{ "type": "Feature", "properties": { "ID": 3022076200000, "正式名称": "藤堂診療所", "機関区分": 2, "都道府県コード": 30, "市区町村コード": 203, "所在地": "和歌山県橋本市城山台二丁目１２番６号", "緯度": 34.349158, "経度": 135.613864, "url": "https://www.iryou.teikyouseido.mhlw.go.jp/znk-web/juminkanja/S2430/initialize?prefCd=30&kikanCd=2076200000&kikanKbn=2", "url2": null, "内容": "藤堂診療所【2:診療所】【診療科目:内科_外科_小児科_皮膚科_リハビリテーション科】和歌山県橋本市城山台二丁目１２番６号" }, "geometry": { "type": "Point", "coordinates": [ 135.613864, 34.349158 ] } },
{ "type": "Feature", "properties": { "ID": 3022076300000, "正式名称": "吉川こどもクリニック", "機関区分": 2, "都道府県コード": 30, "市区町村コード": 203, "所在地": "和歌山県橋本市城山台２－４５－３", "緯度": 34.345853, "経度": 135.60853, "url": "https://www.iryou.teikyouseido.mhlw.go.jp/znk-web/juminkanja/S2430/initialize?prefCd=30&kikanCd=2076300000&kikanKbn=2", "url2": null, "内容": "吉川こどもクリニック【2:診療所】【診療科目:小児科】和歌山県橋本市城山台２－４５－３" }, "geometry": { "type": "Point", "coordinates": [ 135.60853, 34.345853 ] } },
{ "type": "Feature", "properties": { "ID": 3022076700000, "正式名称": "豊澤医院", "機関区分": 2, "都道府県コード": 30, "市区町村コード": 203, "所在地": "和歌山県橋本市橋本２－４－１４", "緯度": 34.316383, "経度": 135.614448, "url": "https://www.iryou.teikyouseido.mhlw.go.jp/znk-web/juminkanja/S2430/initialize?prefCd=30&kikanCd=2076700000&kikanKbn=2", "url2": null, "内容": "豊澤医院【2:診療所】【診療科目:内科_小児科】和歌山県橋本市橋本２－４－１４" }, "geometry": { "type": "Point", "coordinates": [ 135.614448, 34.316383 ] } },
{ "type": "Feature", "properties": { "ID": 3022077200000, "正式名称": "松園胃腸科・内科", "機関区分": 2, "都道府県コード": 30, "市区町村コード": 203, "所在地": "和歌山県橋本市東家４－１２－６", "緯度": 34.317217, "経度": 135.610616, "url": "https://www.iryou.teikyouseido.mhlw.go.jp/znk-web/juminkanja/S2430/initialize?prefCd=30&kikanCd=2077200000&kikanKbn=2", "url2": null, "内容": "松園胃腸科・内科【2:診療所】【診療科目:内科_消化器内科_胃腸内科_放射線科】和歌山県橋本市東家４－１２－６" }, "geometry": { "type": "Point", "coordinates": [ 135.610616, 34.317217 ] } },
{ "type": "Feature", "properties": { "ID": 3022077600000, "正式名称": "谷内クリニック", "機関区分": 2, "都道府県コード": 30, "市区町村コード": 203, "所在地": "和歌山県橋本市東家４－２－４", "緯度": 34.314717, "経度": 135.608699, "url": "https://www.iryou.teikyouseido.mhlw.go.jp/znk-web/juminkanja/S2430/initialize?prefCd=30&kikanCd=2077600000&kikanKbn=2", "url2": null, "内容": "谷内クリニック【2:診療所】【診療科目:内科_呼吸器内科_循環器内科_消化器内科_小児科_アレルギー科_リハビリテーション科】和歌山県橋本市東家４－２－４" }, "geometry": { "type": "Point", "coordinates": [ 135.608699, 34.314717 ] } },
{ "type": "Feature", "properties": { "ID": 3022077900000, "正式名称": "いこまレディースクリニック", "機関区分": 2, "都道府県コード": 30, "市区町村コード": 203, "所在地": "和歌山県橋本市東家１－２－２５　　　サンライズビル１Ｆ", "緯度": 34.314383, "経度": 135.604449, "url": "https://www.iryou.teikyouseido.mhlw.go.jp/znk-web/juminkanja/S2430/initialize?prefCd=30&kikanCd=2077900000&kikanKbn=2", "url2": null, "内容": "いこまレディースクリニック【2:診療所】【診療科目:内科_産婦人科_美容皮膚科_心療内科】和歌山県橋本市東家１－２－２５　　　サンライズビル１Ｆ" }, "geometry": { "type": "Point", "coordinates": [ 135.604449, 34.314383 ] } },
{ "type": "Feature", "properties": { "ID": 3022078000000, "正式名称": "稲垣泌尿器科医院", "機関区分": 2, "都道府県コード": 30, "市区町村コード": 203, "所在地": "和歌山県橋本市東家１－２－２２", "緯度": 34.314994, "経度": 135.604366, "url": "https://www.iryou.teikyouseido.mhlw.go.jp/znk-web/juminkanja/S2430/initialize?prefCd=30&kikanCd=2078000000&kikanKbn=2", "url2": "https://inagaki-uro-clinic.com/", "内容": "稲垣泌尿器科医院【2:診療所】【診療科目:皮膚科_泌尿器科】和歌山県橋本市東家１－２－２２" }, "geometry": { "type": "Point", "coordinates": [ 135.604366, 34.314994 ] } },
{ "type": "Feature", "properties": { "ID": 3022078100000, "正式名称": "医療法人晃和会　紀北クリニック", "機関区分": 2, "都道府県コード": 30, "市区町村コード": 203, "所在地": "和歌山県橋本市市脇３丁目６番９号", "緯度": 34.312189, "経度": 135.597561, "url": "https://www.iryou.teikyouseido.mhlw.go.jp/znk-web/juminkanja/S2430/initialize?prefCd=30&kikanCd=2078100000&kikanKbn=2", "url2": null, "内容": "医療法人晃和会　紀北クリニック【2:診療所】【診療科目:内科_腎臓内科_人工透析内科】和歌山県橋本市市脇３丁目６番９号" }, "geometry": { "type": "Point", "coordinates": [ 135.597561, 34.312189 ] } },
{ "type": "Feature", "properties": { "ID": 3022078200000, "正式名称": "訪問クリニック中塚", "機関区分": 2, "都道府県コード": 30, "市区町村コード": 203, "所在地": "和歌山県橋本市市脇１－２－１　サンツモリビル４階西", "緯度": 34.314133, "経度": 135.602366, "url": "https://www.iryou.teikyouseido.mhlw.go.jp/znk-web/juminkanja/S2430/initialize?prefCd=30&kikanCd=2078200000&kikanKbn=2", "url2": null, "内容": "訪問クリニック中塚【2:診療所】【診療科目:内科_外科】和歌山県橋本市市脇１－２－１　サンツモリビル４階西" }, "geometry": { "type": "Point", "coordinates": [ 135.602366, 34.314133 ] } },
{ "type": "Feature", "properties": { "ID": 3022078400000, "正式名称": "医療法人　岡田整形外科", "機関区分": 2, "都道府県コード": 30, "市区町村コード": 203, "所在地": "和歌山県橋本市市脇１－４５－２", "緯度": 34.314578, "経度": 135.601227, "url": "https://www.iryou.teikyouseido.mhlw.go.jp/znk-web/juminkanja/S2430/initialize?prefCd=30&kikanCd=2078400000&kikanKbn=2", "url2": null, "内容": "医療法人　岡田整形外科【2:診療所】【診療科目:整形外科_リハビリテーション科_放射線科】和歌山県橋本市市脇１－４５－２" }, "geometry": { "type": "Point", "coordinates": [ 135.601227, 34.314578 ] } },
{ "type": "Feature", "properties": { "ID": 3022078600000, "正式名称": "医療法人南労会　みどりクリニック", "機関区分": 2, "都道府県コード": 30, "市区町村コード": 203, "所在地": "和歌山県橋本市岸上２２番地の１", "緯度": 34.305607, "経度": 135.582118, "url": "https://www.iryou.teikyouseido.mhlw.go.jp/znk-web/juminkanja/S2430/initialize?prefCd=30&kikanCd=2078600000&kikanKbn=2", "url2": "http://www.nanroukai.or.jp/", "内容": "医療法人南労会　みどりクリニック【2:診療所】【診療科目:内科】和歌山県橋本市岸上２２番地の１" }, "geometry": { "type": "Point", "coordinates": [ 135.582118, 34.305607 ] } },
{ "type": "Feature", "properties": { "ID": 3022078700000, "正式名称": "小林医院", "機関区分": 2, "都道府県コード": 30, "市区町村コード": 203, "所在地": "和歌山県橋本市神野々３８５－２", "緯度": 34.313217, "経度": 135.583923, "url": "https://www.iryou.teikyouseido.mhlw.go.jp/znk-web/juminkanja/S2430/initialize?prefCd=30&kikanCd=2078700000&kikanKbn=2", "url2": null, "内容": "小林医院【2:診療所】【診療科目:内科_循環器内科_小児科_放射線科】和歌山県橋本市神野々３８５－２" }, "geometry": { "type": "Point", "coordinates": [ 135.583923, 34.313217 ] } },
{ "type": "Feature", "properties": { "ID": 3022078800000, "正式名称": "なかいクリニック", "機関区分": 2, "都道府県コード": 30, "市区町村コード": 203, "所在地": "和歌山県橋本市神野々３８２", "緯度": 34.312606, "経度": 135.583979, "url": "https://www.iryou.teikyouseido.mhlw.go.jp/znk-web/juminkanja/S2430/initialize?prefCd=30&kikanCd=2078800000&kikanKbn=2", "url2": null, "内容": "なかいクリニック【2:診療所】【診療科目:内科_精神科_神経科_心療内科】和歌山県橋本市神野々３８２" }, "geometry": { "type": "Point", "coordinates": [ 135.583979, 34.312606 ] } },
{ "type": "Feature", "properties": { "ID": 3022079100000, "正式名称": "きみが丘クリニック", "機関区分": 2, "都道府県コード": 30, "市区町村コード": 203, "所在地": "和歌山県橋本市紀見ケ丘３丁目２の４", "緯度": 34.364156, "経度": 135.609307, "url": "https://www.iryou.teikyouseido.mhlw.go.jp/znk-web/juminkanja/S2430/initialize?prefCd=30&kikanCd=2079100000&kikanKbn=2", "url2": null, "内容": "きみが丘クリニック【2:診療所】【診療科目:内科_感染症内科_血液・腫瘍内科_血液内科_糖尿病内科_代謝内科_内分泌内科_脂質代謝内科_糖尿病・内分泌内科_糖尿病・代謝内科_代謝・内分泌内科_脳神経内科_呼吸器内科_老年・呼吸器内科_気管食道内科_循環器内科_心臓内科_心臓血管内科_消化器内科_胃腸内科_腎臓内科_肝臓内科_神経内科_腫瘍内科_漢方内科_老年内科_疼痛緩和内科_アレルギー疾患内科_緩和ケア内科_甲状腺_小児科_小児皮膚科_アレルギー性結膜炎_皮膚科_皮膚泌尿器科_泌尿器科_腎臓・泌尿器科_アトピー性皮フ炎、にきび、皮フ乾そう症_アレルギー科_放射線診断科_臨床検査科】和歌山県橋本市紀見ケ丘３丁目２の４" }, "geometry": { "type": "Point", "coordinates": [ 135.609307, 34.364156 ] } },
{ "type": "Feature", "properties": { "ID": 3022079300000, "正式名称": "おおはぎ眼科", "機関区分": 2, "都道府県コード": 30, "市区町村コード": 203, "所在地": "和歌山県橋本市三石台３－２３－７", "緯度": 34.357933, "経度": 135.602398, "url": "https://www.iryou.teikyouseido.mhlw.go.jp/znk-web/juminkanja/S2430/initialize?prefCd=30&kikanCd=2079300000&kikanKbn=2", "url2": null, "内容": "おおはぎ眼科【2:診療所】【診療科目:眼科】和歌山県橋本市三石台３－２３－７" }, "geometry": { "type": "Point", "coordinates": [ 135.602398, 34.357933 ] } },
{ "type": "Feature", "properties": { "ID": 3022079500000, "正式名称": "ひぶせ耳鼻咽喉科", "機関区分": 2, "都道府県コード": 30, "市区町村コード": 203, "所在地": "和歌山県橋本市三石台１－３－１　フォレストはしもと２Ｆ", "緯度": 34.355977, "経度": 135.60247, "url": "https://www.iryou.teikyouseido.mhlw.go.jp/znk-web/juminkanja/S2430/initialize?prefCd=30&kikanCd=2079500000&kikanKbn=2", "url2": null, "内容": "ひぶせ耳鼻咽喉科【2:診療所】【診療科目:耳鼻いんこう科】和歌山県橋本市三石台１－３－１　フォレストはしもと２Ｆ" }, "geometry": { "type": "Point", "coordinates": [ 135.60247, 34.355977 ] } },
{ "type": "Feature", "properties": { "ID": 3022079600000, "正式名称": "おおはぎ内科", "機関区分": 2, "都道府県コード": 30, "市区町村コード": 203, "所在地": "和歌山県橋本市三石台３－２３－６", "緯度": 34.357963, "経度": 135.602336, "url": "https://www.iryou.teikyouseido.mhlw.go.jp/znk-web/juminkanja/S2430/initialize?prefCd=30&kikanCd=2079600000&kikanKbn=2", "url2": null, "内容": "おおはぎ内科【2:診療所】【診療科目:内科_呼吸器内科_消化器内科_小児科_リハビリテーション科】和歌山県橋本市三石台３－２３－６" }, "geometry": { "type": "Point", "coordinates": [ 135.602336, 34.357963 ] } },
{ "type": "Feature", "properties": { "ID": 3022080000000, "正式名称": "ナサコ内科", "機関区分": 2, "都道府県コード": 30, "市区町村コード": 203, "所在地": "和歌山県橋本市光陽台一丁目５－１", "緯度": 34.367406, "経度": 135.606586, "url": "https://www.iryou.teikyouseido.mhlw.go.jp/znk-web/juminkanja/S2430/initialize?prefCd=30&kikanCd=2080000000&kikanKbn=2", "url2": null, "内容": "ナサコ内科【2:診療所】【診療科目:内科】和歌山県橋本市光陽台一丁目５－１" }, "geometry": { "type": "Point", "coordinates": [ 135.606586, 34.367406 ] } },
{ "type": "Feature", "properties": { "ID": 3022080100000, "正式名称": "田倉皮膚科クリニック", "機関区分": 2, "都道府県コード": 30, "市区町村コード": 203, "所在地": "和歌山県橋本市光陽台１－５－２２", "緯度": 34.367851, "経度": 135.606918, "url": "https://www.iryou.teikyouseido.mhlw.go.jp/znk-web/juminkanja/S2430/initialize?prefCd=30&kikanCd=2080100000&kikanKbn=2", "url2": null, "内容": "田倉皮膚科クリニック【2:診療所】【診療科目:内科_皮膚科】和歌山県橋本市光陽台１－５－２２" }, "geometry": { "type": "Point", "coordinates": [ 135.606918, 34.367851 ] } },
{ "type": "Feature", "properties": { "ID": 3022080200000, "正式名称": "医療法人　萩会　萩原内科・小児科", "機関区分": 2, "都道府県コード": 30, "市区町村コード": 343, "所在地": "和歌山県伊都郡九度山町九度山１１６８－２", "緯度": 34.288135, "経度": 135.562676, "url": "https://www.iryou.teikyouseido.mhlw.go.jp/znk-web/juminkanja/S2430/initialize?prefCd=30&kikanCd=2080200000&kikanKbn=2", "url2": null, "内容": "医療法人　萩会　萩原内科・小児科【2:診療所】【診療科目:内科_小児科_放射線科】和歌山県伊都郡九度山町九度山１１６８－２" }, "geometry": { "type": "Point", "coordinates": [ 135.562676, 34.288135 ] } },
{ "type": "Feature", "properties": { "ID": 3022080300000, "正式名称": "横手クリニック", "機関区分": 2, "都道府県コード": 30, "市区町村コード": 343, "所在地": "和歌山県伊都郡九度山町九度山８００", "緯度": 34.28322, "経度": 135.566343, "url": "https://www.iryou.teikyouseido.mhlw.go.jp/znk-web/juminkanja/S2430/initialize?prefCd=30&kikanCd=2080300000&kikanKbn=2", "url2": "https://www.yokote-clinic.com/", "内容": "横手クリニック【2:診療所】【診療科目:内科_糖尿病内科_脳神経内科_呼吸器内科_循環器内科_心臓血管内科_消化器内科_外科_脳神経外科_整形外科_リハビリテーション科】和歌山県伊都郡九度山町九度山８００" }, "geometry": { "type": "Point", "coordinates": [ 135.566343, 34.28322 ] } },
{ "type": "Feature", "properties": { "ID": 3022080400000, "正式名称": "保脇整形外科医院", "機関区分": 2, "都道府県コード": 30, "市区町村コード": 343, "所在地": "和歌山県伊都郡九度山町九度山５６７－１", "緯度": 34.289108, "経度": 135.564732, "url": "https://www.iryou.teikyouseido.mhlw.go.jp/znk-web/juminkanja/S2430/initialize?prefCd=30&kikanCd=2080400000&kikanKbn=2", "url2": null, "内容": "保脇整形外科医院【2:診療所】【診療科目:整形外科_リウマチ科_リハビリテーション科】和歌山県伊都郡九度山町九度山５６７－１" }, "geometry": { "type": "Point", "coordinates": [ 135.564732, 34.289108 ] } },
{ "type": "Feature", "properties": { "ID": 3022080600000, "正式名称": "花谷医院", "機関区分": 2, "都道府県コード": 30, "市区町村コード": 344, "所在地": "和歌山県伊都郡高野町高野山４１７", "緯度": 34.212505, "経度": 135.587344, "url": "https://www.iryou.teikyouseido.mhlw.go.jp/znk-web/juminkanja/S2430/initialize?prefCd=30&kikanCd=2080600000&kikanKbn=2", "url2": null, "内容": "花谷医院【2:診療所】【診療科目:内科】和歌山県伊都郡高野町高野山４１７" }, "geometry": { "type": "Point", "coordinates": [ 135.587344, 34.212505 ] } },
{ "type": "Feature", "properties": { "ID": 3022080900000, "正式名称": "富貴診療所", "機関区分": 2, "都道府県コード": 30, "市区町村コード": 344, "所在地": "和歌山県伊都郡高野町西富貴４６", "緯度": 34.261424, "経度": 135.69907, "url": "https://www.iryou.teikyouseido.mhlw.go.jp/znk-web/juminkanja/S2430/initialize?prefCd=30&kikanCd=2080900000&kikanKbn=2", "url2": null, "内容": "富貴診療所【2:診療所】【診療科目:内科_整形外科_眼科】和歌山県伊都郡高野町西富貴４６" }, "geometry": { "type": "Point", "coordinates": [ 135.69907, 34.261424 ] } },
{ "type": "Feature", "properties": { "ID": 3022081100000, "正式名称": "かわむら医院", "機関区分": 2, "都道府県コード": 30, "市区町村コード": 202, "所在地": "和歌山県海南市下津町下津７８５－２", "緯度": 34.109453, "経度": 135.145358, "url": "https://www.iryou.teikyouseido.mhlw.go.jp/znk-web/juminkanja/S2430/initialize?prefCd=30&kikanCd=2081100000&kikanKbn=2", "url2": null, "内容": "かわむら医院【2:診療所】【診療科目:内科_循環器内科_腎臓内科_小児科】和歌山県海南市下津町下津７８５－２" }, "geometry": { "type": "Point", "coordinates": [ 135.145358, 34.109453 ] } },
{ "type": "Feature", "properties": { "ID": 3022081300000, "正式名称": "山本医院", "機関区分": 2, "都道府県コード": 30, "市区町村コード": 202, "所在地": "和歌山県海南市下津町丸田１４７－３", "緯度": 34.126841, "経度": 135.158245, "url": "https://www.iryou.teikyouseido.mhlw.go.jp/znk-web/juminkanja/S2430/initialize?prefCd=30&kikanCd=2081300000&kikanKbn=2", "url2": null, "内容": "山本医院【2:診療所】【診療科目:内科_小児科_リハビリテーション科】和歌山県海南市下津町丸田１４７－３" }, "geometry": { "type": "Point", "coordinates": [ 135.158245, 34.126841 ] } },
{ "type": "Feature", "properties": { "ID": 3022081500000, "正式名称": "西本内科外科医院", "機関区分": 2, "都道府県コード": 30, "市区町村コード": 202, "所在地": "和歌山県海南市下津町黒田８４－１", "緯度": 34.125535, "経度": 135.157745, "url": "https://www.iryou.teikyouseido.mhlw.go.jp/znk-web/juminkanja/S2430/initialize?prefCd=30&kikanCd=2081500000&kikanKbn=2", "url2": null, "内容": "西本内科外科医院【2:診療所】【診療科目:内科_外科_整形外科_小児科】和歌山県海南市下津町黒田８４－１" }, "geometry": { "type": "Point", "coordinates": [ 135.157745, 34.125535 ] } },
{ "type": "Feature", "properties": { "ID": 3022081600000, "正式名称": "石川医院", "機関区分": 2, "都道府県コード": 30, "市区町村コード": 202, "所在地": "和歌山県海南市下津町黒田１０６", "緯度": 34.125757, "経度": 135.157217, "url": "https://www.iryou.teikyouseido.mhlw.go.jp/znk-web/juminkanja/S2430/initialize?prefCd=30&kikanCd=2081600000&kikanKbn=2", "url2": null, "内容": "石川医院【2:診療所】【診療科目:内科_消化器内科_小児科_皮膚科】和歌山県海南市下津町黒田１０６" }, "geometry": { "type": "Point", "coordinates": [ 135.157217, 34.125757 ] } },
{ "type": "Feature", "properties": { "ID": 3022081800000, "正式名称": "医療法人　恵友会　下津クリニック", "機関区分": 2, "都道府県コード": 30, "市区町村コード": 202, "所在地": "和歌山県海南市下津町小南１２６－１", "緯度": 34.127674, "経度": 135.16805, "url": "https://www.iryou.teikyouseido.mhlw.go.jp/znk-web/juminkanja/S2430/initialize?prefCd=30&kikanCd=2081800000&kikanKbn=2", "url2": "http://www.keiyukai.com", "内容": "医療法人　恵友会　下津クリニック【2:診療所】【診療科目:内科_呼吸器内科_循環器内科_消化器内科_外科_消化器外科_泌尿器科_リハビリテーション科_放射線科_麻酔科】和歌山県海南市下津町小南１２６－１" }, "geometry": { "type": "Point", "coordinates": [ 135.16805, 34.127674 ] } },
{ "type": "Feature", "properties": { "ID": 3022081900000, "正式名称": "西岡医院", "機関区分": 2, "都道府県コード": 30, "市区町村コード": 202, "所在地": "和歌山県海南市下津町橘本９７２－５", "緯度": 34.126313, "経度": 135.192436, "url": "https://www.iryou.teikyouseido.mhlw.go.jp/znk-web/juminkanja/S2430/initialize?prefCd=30&kikanCd=2081900000&kikanKbn=2", "url2": null, "内容": "西岡医院【2:診療所】【診療科目:内科_循環器内科】和歌山県海南市下津町橘本９７２－５" }, "geometry": { "type": "Point", "coordinates": [ 135.192436, 34.126313 ] } },
{ "type": "Feature", "properties": { "ID": 3022082000000, "正式名称": "角田医院", "機関区分": 2, "都道府県コード": 30, "市区町村コード": 202, "所在地": "和歌山県海南市下津町上１８９番地", "緯度": 34.110231, "経度": 135.15394, "url": "https://www.iryou.teikyouseido.mhlw.go.jp/znk-web/juminkanja/S2430/initialize?prefCd=30&kikanCd=2082000000&kikanKbn=2", "url2": "http://www.kitenn.jp/sumita/", "内容": "角田医院【2:診療所】【診療科目:内科_小児科】和歌山県海南市下津町上１８９番地" }, "geometry": { "type": "Point", "coordinates": [ 135.15394, 34.110231 ] } },
{ "type": "Feature", "properties": { "ID": 3022082100000, "正式名称": "山下眼科クリニック", "機関区分": 2, "都道府県コード": 30, "市区町村コード": 204, "所在地": "和歌山県有田市新堂４６－３", "緯度": 34.084428, "経度": 135.13061, "url": "https://www.iryou.teikyouseido.mhlw.go.jp/znk-web/juminkanja/S2430/initialize?prefCd=30&kikanCd=2082100000&kikanKbn=2", "url2": "http://www.yec.or.jp/clinic/", "内容": "山下眼科クリニック【2:診療所】【診療科目:眼科】和歌山県有田市新堂４６－３" }, "geometry": { "type": "Point", "coordinates": [ 135.13061, 34.084428 ] } },
{ "type": "Feature", "properties": { "ID": 3022082400000, "正式名称": "中村内科医院", "機関区分": 2, "都道府県コード": 30, "市区町村コード": 204, "所在地": "和歌山県有田市箕島６５３－５", "緯度": 34.086705, "経度": 135.115028, "url": "https://www.iryou.teikyouseido.mhlw.go.jp/znk-web/juminkanja/S2430/initialize?prefCd=30&kikanCd=2082400000&kikanKbn=2", "url2": null, "内容": "中村内科医院【2:診療所】【診療科目:内科_小児科_放射線科】和歌山県有田市箕島６５３－５" }, "geometry": { "type": "Point", "coordinates": [ 135.115028, 34.086705 ] } },
{ "type": "Feature", "properties": { "ID": 3022082500000, "正式名称": "楠本内科医院", "機関区分": 2, "都道府県コード": 30, "市区町村コード": 204, "所在地": "和歌山県有田市箕島９３０－５", "緯度": 34.086538, "経度": 135.125555, "url": "https://www.iryou.teikyouseido.mhlw.go.jp/znk-web/juminkanja/S2430/initialize?prefCd=30&kikanCd=2082500000&kikanKbn=2", "url2": null, "内容": "楠本内科医院【2:診療所】【診療科目:内科_小児科】和歌山県有田市箕島９３０－５" }, "geometry": { "type": "Point", "coordinates": [ 135.125555, 34.086538 ] } },
{ "type": "Feature", "properties": { "ID": 3022082600000, "正式名称": "川嶋内科", "機関区分": 2, "都道府県コード": 30, "市区町村コード": 204, "所在地": "和歌山県有田市箕島８８２－１", "緯度": 34.084845, "経度": 135.125638, "url": "https://www.iryou.teikyouseido.mhlw.go.jp/znk-web/juminkanja/S2430/initialize?prefCd=30&kikanCd=2082600000&kikanKbn=2", "url2": null, "内容": "川嶋内科【2:診療所】【診療科目:内科_消化器内科_放射線科】和歌山県有田市箕島８８２－１" }, "geometry": { "type": "Point", "coordinates": [ 135.125638, 34.084845 ] } },
{ "type": "Feature", "properties": { "ID": 3022082900000, "正式名称": "山根内科", "機関区分": 2, "都道府県コード": 30, "市区町村コード": 204, "所在地": "和歌山県有田市港町２３１－２３", "緯度": 34.090094, "経度": 135.108695, "url": "https://www.iryou.teikyouseido.mhlw.go.jp/znk-web/juminkanja/S2430/initialize?prefCd=30&kikanCd=2082900000&kikanKbn=2", "url2": null, "内容": "山根内科【2:診療所】【診療科目:内科_消化器内科】和歌山県有田市港町２３１－２３" }, "geometry": { "type": "Point", "coordinates": [ 135.108695, 34.090094 ] } },
{ "type": "Feature", "properties": { "ID": 3022083200000, "正式名称": "栗原整形外科", "機関区分": 2, "都道府県コード": 30, "市区町村コード": 204, "所在地": "和歌山県有田市初島町里１７０２", "緯度": 34.097232, "経度": 135.117194, "url": "https://www.iryou.teikyouseido.mhlw.go.jp/znk-web/juminkanja/S2430/initialize?prefCd=30&kikanCd=2083200000&kikanKbn=2", "url2": null, "内容": "栗原整形外科【2:診療所】【診療科目:内科_整形外科_リハビリテーション科_放射線科】和歌山県有田市初島町里１７０２" }, "geometry": { "type": "Point", "coordinates": [ 135.117194, 34.097232 ] } },
{ "type": "Feature", "properties": { "ID": 3022083300000, "正式名称": "山下内科胃腸科", "機関区分": 2, "都道府県コード": 30, "市区町村コード": 204, "所在地": "和歌山県有田市初島町里２１６３－２", "緯度": 34.093343, "経度": 135.115472, "url": "https://www.iryou.teikyouseido.mhlw.go.jp/znk-web/juminkanja/S2430/initialize?prefCd=30&kikanCd=2083300000&kikanKbn=2", "url2": null, "内容": "山下内科胃腸科【2:診療所】【診療科目:内科_糖尿病・代謝内科_消化器内科_リハビリテーション科_放射線科】和歌山県有田市初島町里２１６３－２" }, "geometry": { "type": "Point", "coordinates": [ 135.115472, 34.093343 ] } },
{ "type": "Feature", "properties": { "ID": 3022083500000, "正式名称": "江川内科", "機関区分": 2, "都道府県コード": 30, "市区町村コード": 204, "所在地": "和歌山県有田市辻堂４９３番地", "緯度": 34.077624, "経度": 135.145915, "url": "https://www.iryou.teikyouseido.mhlw.go.jp/znk-web/juminkanja/S2430/initialize?prefCd=30&kikanCd=2083500000&kikanKbn=2", "url2": null, "内容": "江川内科【2:診療所】【診療科目:内科】和歌山県有田市辻堂４９３番地" }, "geometry": { "type": "Point", "coordinates": [ 135.145915, 34.077624 ] } },
{ "type": "Feature", "properties": { "ID": 3022083700000, "正式名称": "利光こども医院", "機関区分": 2, "都道府県コード": 30, "市区町村コード": 204, "所在地": "和歌山県有田市野４３３－７", "緯度": 34.078206, "経度": 135.134805, "url": "https://www.iryou.teikyouseido.mhlw.go.jp/znk-web/juminkanja/S2430/initialize?prefCd=30&kikanCd=2083700000&kikanKbn=2", "url2": "https://www.riko-clinic.com/", "内容": "利光こども医院【2:診療所】【診療科目:小児科_小児アレルギー科】和歌山県有田市野４３３－７" }, "geometry": { "type": "Point", "coordinates": [ 135.134805, 34.078206 ] } },
{ "type": "Feature", "properties": { "ID": 3022084000000, "正式名称": "石井内科", "機関区分": 2, "都道府県コード": 30, "市区町村コード": 204, "所在地": "和歌山県有田市宮崎町１９－３", "緯度": 34.079817, "経度": 135.120944, "url": "https://www.iryou.teikyouseido.mhlw.go.jp/znk-web/juminkanja/S2430/initialize?prefCd=30&kikanCd=2084000000&kikanKbn=2", "url2": null, "内容": "石井内科【2:診療所】【診療科目:内科】和歌山県有田市宮崎町１９－３" }, "geometry": { "type": "Point", "coordinates": [ 135.120944, 34.079817 ] } },
{ "type": "Feature", "properties": { "ID": 3022084100000, "正式名称": "おおち眼科", "機関区分": 2, "都道府県コード": 30, "市区町村コード": 204, "所在地": "和歌山県有田市宮崎町２７－１", "緯度": 34.0799, "経度": 135.119444, "url": "https://www.iryou.teikyouseido.mhlw.go.jp/znk-web/juminkanja/S2430/initialize?prefCd=30&kikanCd=2084100000&kikanKbn=2", "url2": null, "内容": "おおち眼科【2:診療所】【診療科目:形成外科_眼科】和歌山県有田市宮崎町２７－１" }, "geometry": { "type": "Point", "coordinates": [ 135.119444, 34.0799 ] } },
{ "type": "Feature", "properties": { "ID": 3022084300000, "正式名称": "なかもと整形外科", "機関区分": 2, "都道府県コード": 30, "市区町村コード": 204, "所在地": "和歌山県有田市古江見１８０－１－１", "緯度": 34.079456, "経度": 135.123194, "url": "https://www.iryou.teikyouseido.mhlw.go.jp/znk-web/juminkanja/S2430/initialize?prefCd=30&kikanCd=2084300000&kikanKbn=2", "url2": null, "内容": "なかもと整形外科【2:診療所】【診療科目:整形外科_リハビリテーション科】和歌山県有田市古江見１８０－１－１" }, "geometry": { "type": "Point", "coordinates": [ 135.123194, 34.079456 ] } },
{ "type": "Feature", "properties": { "ID": 3022084500000, "正式名称": "高垣医院", "機関区分": 2, "都道府県コード": 30, "市区町村コード": 204, "所在地": "和歌山県有田市糸我町西８８－４", "緯度": 34.069236, "経度": 135.172968, "url": "https://www.iryou.teikyouseido.mhlw.go.jp/znk-web/juminkanja/S2430/initialize?prefCd=30&kikanCd=2084500000&kikanKbn=2", "url2": "http://homepage2.nifty.com/takagakihp/", "内容": "高垣医院【2:診療所】【診療科目:内科_呼吸器内科_消化器内科_外科】和歌山県有田市糸我町西８８－４" }, "geometry": { "type": "Point", "coordinates": [ 135.172968, 34.069236 ] } },
{ "type": "Feature", "properties": { "ID": 3022084600000, "正式名称": "医療法人大和会　土屋クリニック", "機関区分": 2, "都道府県コード": 30, "市区町村コード": 204, "所在地": "和歌山県有田市宮原町須谷５３６－１", "緯度": 34.07268, "経度": 135.182606, "url": "https://www.iryou.teikyouseido.mhlw.go.jp/znk-web/juminkanja/S2430/initialize?prefCd=30&kikanCd=2084600000&kikanKbn=2", "url2": "http://yamatokai2014.com/", "内容": "医療法人大和会　土屋クリニック【2:診療所】【診療科目:内科_糖尿病内科_消化器内科_人工透析内科_内視鏡内科_放射線科】和歌山県有田市宮原町須谷５３６－１" }, "geometry": { "type": "Point", "coordinates": [ 135.182606, 34.07268 ] } },
{ "type": "Feature", "properties": { "ID": 3022084700000, "正式名称": "生馬医院", "機関区分": 2, "都道府県コード": 30, "市区町村コード": 204, "所在地": "和歌山県有田市宮原町新町４０", "緯度": 34.07779, "経度": 135.173746, "url": "https://www.iryou.teikyouseido.mhlw.go.jp/znk-web/juminkanja/S2430/initialize?prefCd=30&kikanCd=2084700000&kikanKbn=2", "url2": null, "内容": "生馬医院【2:診療所】【診療科目:内科_消化器内科_小児科】和歌山県有田市宮原町新町４０" }, "geometry": { "type": "Point", "coordinates": [ 135.173746, 34.07779 ] } },
{ "type": "Feature", "properties": { "ID": 3022084900000, "正式名称": "垣本内科医院", "機関区分": 2, "都道府県コード": 30, "市区町村コード": 204, "所在地": "和歌山県有田市宮原町滝川原５１２－３", "緯度": 34.078818, "経度": 135.170468, "url": "https://www.iryou.teikyouseido.mhlw.go.jp/znk-web/juminkanja/S2430/initialize?prefCd=30&kikanCd=2084900000&kikanKbn=2", "url2": "https://kakimoto-clinic.jp/", "内容": "垣本内科医院【2:診療所】【診療科目:内科_糖尿病・代謝内科_循環器内科_消化器内科_小児科】和歌山県有田市宮原町滝川原５１２－３" }, "geometry": { "type": "Point", "coordinates": [ 135.170468, 34.078818 ] } },
{ "type": "Feature", "properties": { "ID": 3022085100000, "正式名称": "玉置クリニック", "機関区分": 2, "都道府県コード": 30, "市区町村コード": 383, "所在地": "和歌山県日高郡由良町里３４９－１", "緯度": 33.964023, "経度": 135.123449, "url": "https://www.iryou.teikyouseido.mhlw.go.jp/znk-web/juminkanja/S2430/initialize?prefCd=30&kikanCd=2085100000&kikanKbn=2", "url2": null, "内容": "玉置クリニック【2:診療所】【診療科目:内科_胃腸内科_外科_小児科_アレルギー科_リハビリテーション科_放射線科】和歌山県日高郡由良町里３４９－１" }, "geometry": { "type": "Point", "coordinates": [ 135.123449, 33.964023 ] } },
{ "type": "Feature", "properties": { "ID": 3022085200000, "正式名称": "竹内医院", "機関区分": 2, "都道府県コード": 30, "市区町村コード": 383, "所在地": "和歌山県日高郡由良町里２７４の１", "緯度": 33.96008, "経度": 135.121589, "url": "https://www.iryou.teikyouseido.mhlw.go.jp/znk-web/juminkanja/S2430/initialize?prefCd=30&kikanCd=2085200000&kikanKbn=2", "url2": null, "内容": "竹内医院【2:診療所】【診療科目:内科_小児科】和歌山県日高郡由良町里２７４の１" }, "geometry": { "type": "Point", "coordinates": [ 135.121589, 33.96008 ] } },
{ "type": "Feature", "properties": { "ID": 3022085700000, "正式名称": "古田医院", "機関区分": 2, "都道府県コード": 30, "市区町村コード": 382, "所在地": "和歌山県日高郡日高町荊木５６０", "緯度": 33.924723, "経度": 135.145033, "url": "https://www.iryou.teikyouseido.mhlw.go.jp/znk-web/juminkanja/S2430/initialize?prefCd=30&kikanCd=2085700000&kikanKbn=2", "url2": null, "内容": "古田医院【2:診療所】【診療科目:内科_循環器内科_小児科】和歌山県日高郡日高町荊木５６０" }, "geometry": { "type": "Point", "coordinates": [ 135.145033, 33.924723 ] } },
{ "type": "Feature", "properties": { "ID": 3022086000000, "正式名称": "博愛診療所みちしお", "機関区分": 2, "都道府県コード": 30, "市区町村コード": 382, "所在地": "和歌山県日高郡日高町阿尾６４６", "緯度": 33.905174, "経度": 135.068448, "url": "https://www.iryou.teikyouseido.mhlw.go.jp/znk-web/juminkanja/S2430/initialize?prefCd=30&kikanCd=2086000000&kikanKbn=2", "url2": null, "内容": "博愛診療所みちしお【2:診療所】【診療科目:内科_呼吸器内科_循環器内科_消化器内科_放射線科】和歌山県日高郡日高町阿尾６４６" }, "geometry": { "type": "Point", "coordinates": [ 135.068448, 33.905174 ] } },
{ "type": "Feature", "properties": { "ID": 3022086300000, "正式名称": "谷本内科小児科", "機関区分": 2, "都道府県コード": 30, "市区町村コード": 392, "所在地": "和歌山県日高郡日高川町土生１６０－４", "緯度": 33.912116, "経度": 135.186087, "url": "https://www.iryou.teikyouseido.mhlw.go.jp/znk-web/juminkanja/S2430/initialize?prefCd=30&kikanCd=2086300000&kikanKbn=2", "url2": null, "内容": "谷本内科小児科【2:診療所】【診療科目:内科_消化器内科_小児科】和歌山県日高郡日高川町土生１６０－４" }, "geometry": { "type": "Point", "coordinates": [ 135.186087, 33.912116 ] } },
{ "type": "Feature", "properties": { "ID": 3022086400000, "正式名称": "島整形外科", "機関区分": 2, "都道府県コード": 30, "市区町村コード": 392, "所在地": "和歌山県日高郡日高川町土生１６０－４", "緯度": 33.912086, "経度": 135.185863, "url": "https://www.iryou.teikyouseido.mhlw.go.jp/znk-web/juminkanja/S2430/initialize?prefCd=30&kikanCd=2086400000&kikanKbn=2", "url2": null, "内容": "島整形外科【2:診療所】【診療科目:整形外科_リハビリテーション科】和歌山県日高郡日高川町土生１６０－４" }, "geometry": { "type": "Point", "coordinates": [ 135.185863, 33.912086 ] } },
{ "type": "Feature", "properties": { "ID": 3022086500000, "正式名称": "医療法人　康栄会　上田内科循環器科", "機関区分": 2, "都道府県コード": 30, "市区町村コード": 205, "所在地": "和歌山県御坊市藤田町吉田８５１－９", "緯度": 33.909336, "経度": 135.167226, "url": "https://www.iryou.teikyouseido.mhlw.go.jp/znk-web/juminkanja/S2430/initialize?prefCd=30&kikanCd=2086500000&kikanKbn=2", "url2": null, "内容": "医療法人　康栄会　上田内科循環器科【2:診療所】【診療科目:内科_呼吸器内科_循環器内科_消化器内科_小児科_リハビリテーション科_放射線科】和歌山県御坊市藤田町吉田８５１－９" }, "geometry": { "type": "Point", "coordinates": [ 135.167226, 33.909336 ] } },
{ "type": "Feature", "properties": { "ID": 3022086600000, "正式名称": "塩路内科胃腸科", "機関区分": 2, "都道府県コード": 30, "市区町村コード": 205, "所在地": "和歌山県御坊市藤田町吉田６２１", "緯度": 33.903115, "経度": 135.165172, "url": "https://www.iryou.teikyouseido.mhlw.go.jp/znk-web/juminkanja/S2430/initialize?prefCd=30&kikanCd=2086600000&kikanKbn=2", "url2": null, "内容": "塩路内科胃腸科【2:診療所】【診療科目:内科_呼吸器内科_循環器内科_消化器内科_小児科_放射線科】和歌山県御坊市藤田町吉田６２１" }, "geometry": { "type": "Point", "coordinates": [ 135.165172, 33.903115 ] } },
{ "type": "Feature", "properties": { "ID": 3022086800000, "正式名称": "医療法人裕紫会　中紀クリニック", "機関区分": 2, "都道府県コード": 30, "市区町村コード": 205, "所在地": "和歌山県御坊市藤田町吉田３２４番地の１", "緯度": 33.901393, "経度": 135.171004, "url": "https://www.iryou.teikyouseido.mhlw.go.jp/znk-web/juminkanja/S2430/initialize?prefCd=30&kikanCd=2086800000&kikanKbn=2", "url2": "http://www.kikyokai.or.jp/dialysis/chuki/index.html", "内容": "医療法人裕紫会　中紀クリニック【2:診療所】【診療科目:内科_腎臓内科_人工透析内科_整形外科_リウマチ科】和歌山県御坊市藤田町吉田３２４番地の１" }, "geometry": { "type": "Point", "coordinates": [ 135.171004, 33.901393 ] } },
{ "type": "Feature", "properties": { "ID": 3022087000000, "正式名称": "笹野クリニック", "機関区分": 2, "都道府県コード": 30, "市区町村コード": 390, "所在地": "和歌山県日高郡印南町古井５２１", "緯度": 33.855203, "経度": 135.262994, "url": "https://www.iryou.teikyouseido.mhlw.go.jp/znk-web/juminkanja/S2430/initialize?prefCd=30&kikanCd=2087000000&kikanKbn=2", "url2": null, "内容": "笹野クリニック【2:診療所】【診療科目:内科_漢方内科_整形外科_皮膚科_心療内科_アレルギー科_麻酔科】和歌山県日高郡印南町古井５２１" }, "geometry": { "type": "Point", "coordinates": [ 135.262994, 33.855203 ] } },
{ "type": "Feature", "properties": { "ID": 3022087100000, "正式名称": "小溝クリニック", "機関区分": 2, "都道府県コード": 30, "市区町村コード": 390, "所在地": "和歌山県日高郡印南町島田１１６３－１１", "緯度": 33.796571, "経度": 135.240836, "url": "https://www.iryou.teikyouseido.mhlw.go.jp/znk-web/juminkanja/S2430/initialize?prefCd=30&kikanCd=2087100000&kikanKbn=2", "url2": "http://www.komizoclinic.com", "内容": "小溝クリニック【2:診療所】【診療科目:内科_消化器内科_外科_肛門外科_小児科_皮膚科_リハビリテーション科_放射線科_麻酔科】和歌山県日高郡印南町島田１１６３－１１" }, "geometry": { "type": "Point", "coordinates": [ 135.240836, 33.796571 ] } },
{ "type": "Feature", "properties": { "ID": 3022087300000, "正式名称": "川口医院", "機関区分": 2, "都道府県コード": 30, "市区町村コード": 390, "所在地": "和歌山県日高郡印南町印南３１４０－１", "緯度": 33.813458, "経度": 135.220171, "url": "https://www.iryou.teikyouseido.mhlw.go.jp/znk-web/juminkanja/S2430/initialize?prefCd=30&kikanCd=2087300000&kikanKbn=2", "url2": null, "内容": "川口医院【2:診療所】【診療科目:内科_消化器内科】和歌山県日高郡印南町印南３１４０－１" }, "geometry": { "type": "Point", "coordinates": [ 135.220171, 33.813458 ] } },
{ "type": "Feature", "properties": { "ID": 3022087800000, "正式名称": "上富田クリニック", "機関区分": 2, "都道府県コード": 30, "市区町村コード": 404, "所在地": "和歌山県西牟婁郡上富田町朝来１４０７－１", "緯度": 33.693447, "経度": 135.417437, "url": "https://www.iryou.teikyouseido.mhlw.go.jp/znk-web/juminkanja/S2430/initialize?prefCd=30&kikanCd=2087800000&kikanKbn=2", "url2": "http://www.i-kenyukai.com", "内容": "上富田クリニック【2:診療所】【診療科目:内科_循環器内科_人工透析内科_脳神経外科_乳腺外科_整形外科_下肢静脈瘤・甲状腺_眼科】和歌山県西牟婁郡上富田町朝来１４０７－１" }, "geometry": { "type": "Point", "coordinates": [ 135.417437, 33.693447 ] } },
{ "type": "Feature", "properties": { "ID": 3022087900000, "正式名称": "吉田診療所", "機関区分": 2, "都道府県コード": 30, "市区町村コード": 404, "所在地": "和歌山県西牟婁郡上富田町朝来６１６", "緯度": 33.697999, "経度": 135.429103, "url": "https://www.iryou.teikyouseido.mhlw.go.jp/znk-web/juminkanja/S2430/initialize?prefCd=30&kikanCd=2087900000&kikanKbn=2", "url2": null, "内容": "吉田診療所【2:診療所】【診療科目:内科_消化器内科】和歌山県西牟婁郡上富田町朝来６１６" }, "geometry": { "type": "Point", "coordinates": [ 135.429103, 33.697999 ] } },
{ "type": "Feature", "properties": { "ID": 3022088100000, "正式名称": "吉田医院", "機関区分": 2, "都道府県コード": 30, "市区町村コード": 404, "所在地": "和歌山県西牟婁郡上富田町朝来２２１－２", "緯度": 33.69878, "経度": 135.426464, "url": "https://www.iryou.teikyouseido.mhlw.go.jp/znk-web/juminkanja/S2430/initialize?prefCd=30&kikanCd=2088100000&kikanKbn=2", "url2": null, "内容": "吉田医院【2:診療所】【診療科目:内科_小児科】和歌山県西牟婁郡上富田町朝来２２１－２" }, "geometry": { "type": "Point", "coordinates": [ 135.426464, 33.69878 ] } },
{ "type": "Feature", "properties": { "ID": 3022088200000, "正式名称": "中井・丸岡医院", "機関区分": 2, "都道府県コード": 30, "市区町村コード": 404, "所在地": "和歌山県西牟婁郡上富田町朝来１３３８－３", "緯度": 33.69503, "経度": 135.419521, "url": "https://www.iryou.teikyouseido.mhlw.go.jp/znk-web/juminkanja/S2430/initialize?prefCd=30&kikanCd=2088200000&kikanKbn=2", "url2": null, "内容": "中井・丸岡医院【2:診療所】【診療科目:内科_外科_整形外科_リウマチ科】和歌山県西牟婁郡上富田町朝来１３３８－３" }, "geometry": { "type": "Point", "coordinates": [ 135.419521, 33.69503 ] } },
{ "type": "Feature", "properties": { "ID": 3022089400000, "正式名称": "西富田クリニック", "機関区分": 2, "都道府県コード": 30, "市区町村コード": 401, "所在地": "和歌山県西牟婁郡白浜町才野１", "緯度": 33.662922, "経度": 135.385941, "url": "https://www.iryou.teikyouseido.mhlw.go.jp/znk-web/juminkanja/S2430/initialize?prefCd=30&kikanCd=2089400000&kikanKbn=2", "url2": "http://www.hamayu-hp.or.jp/", "内容": "西富田クリニック【2:診療所】【診療科目:内科_整形外科】和歌山県西牟婁郡白浜町才野１" }, "geometry": { "type": "Point", "coordinates": [ 135.385941, 33.662922 ] } },
{ "type": "Feature", "properties": { "ID": 3022089700000, "正式名称": "白浜町国民健康保険直営　日置診療所", "機関区分": 2, "都道府県コード": 30, "市区町村コード": 401, "所在地": "和歌山県西牟婁郡白浜町日置２０６番地１", "緯度": 33.57221, "経度": 135.442775, "url": "https://www.iryou.teikyouseido.mhlw.go.jp/znk-web/juminkanja/S2430/initialize?prefCd=30&kikanCd=2089700000&kikanKbn=2", "url2": "http://www.hamayu-hp.or.jp/", "内容": "白浜町国民健康保険直営　日置診療所【2:診療所】【診療科目:内科】和歌山県西牟婁郡白浜町日置２０６番地１" }, "geometry": { "type": "Point", "coordinates": [ 135.442775, 33.57221 ] } },
{ "type": "Feature", "properties": { "ID": 3022089900000, "正式名称": "クリニック大古", "機関区分": 2, "都道府県コード": 30, "市区町村コード": 401, "所在地": "和歌山県西牟婁郡白浜町大古１１－２", "緯度": 33.579878, "経度": 135.459052, "url": "https://www.iryou.teikyouseido.mhlw.go.jp/znk-web/juminkanja/S2430/initialize?prefCd=30&kikanCd=2089900000&kikanKbn=2", "url2": null, "内容": "クリニック大古【2:診療所】【診療科目:内科】和歌山県西牟婁郡白浜町大古１１－２" }, "geometry": { "type": "Point", "coordinates": [ 135.459052, 33.579878 ] } },
{ "type": "Feature", "properties": { "ID": 3022090000000, "正式名称": "白浜町国民健康保険直営三舞診療所", "機関区分": 2, "都道府県コード": 30, "市区町村コード": 401, "所在地": "和歌山県西牟婁郡白浜町安居３番地", "緯度": 33.607471, "経度": 135.482494, "url": "https://www.iryou.teikyouseido.mhlw.go.jp/znk-web/juminkanja/S2430/initialize?prefCd=30&kikanCd=2090000000&kikanKbn=2", "url2": "http://www.hamayu-hp.or.jp/", "内容": "白浜町国民健康保険直営三舞診療所【2:診療所】【診療科目:内科】和歌山県西牟婁郡白浜町安居３番地" }, "geometry": { "type": "Point", "coordinates": [ 135.482494, 33.607471 ] } },
{ "type": "Feature", "properties": { "ID": 3022090500000, "正式名称": "國正医院", "機関区分": 2, "都道府県コード": 30, "市区町村コード": 406, "所在地": "和歌山県西牟婁郡すさみ町江住９４１－１１", "緯度": 33.509394, "経度": 135.603601, "url": "https://www.iryou.teikyouseido.mhlw.go.jp/znk-web/juminkanja/S2430/initialize?prefCd=30&kikanCd=2090500000&kikanKbn=2", "url2": null, "内容": "國正医院【2:診療所】【診療科目:内科_外科】和歌山県西牟婁郡すさみ町江住９４１－１１" }, "geometry": { "type": "Point", "coordinates": [ 135.603601, 33.509394 ] } },
{ "type": "Feature", "properties": { "ID": 3022090700000, "正式名称": "大鎌診療所", "機関区分": 2, "都道府県コード": 30, "市区町村コード": 406, "所在地": "和歌山県西牟婁郡すさみ町大鎌２３７", "緯度": 33.551553, "経度": 135.624951, "url": "https://www.iryou.teikyouseido.mhlw.go.jp/znk-web/juminkanja/S2430/initialize?prefCd=30&kikanCd=2090700000&kikanKbn=2", "url2": null, "内容": "大鎌診療所【2:診療所】【診療科目:内科_外科】和歌山県西牟婁郡すさみ町大鎌２３７" }, "geometry": { "type": "Point", "coordinates": [ 135.624951, 33.551553 ] } },
{ "type": "Feature", "properties": { "ID": 3022090800000, "正式名称": "佐本診療所", "機関区分": 2, "都道府県コード": 30, "市区町村コード": 406, "所在地": "和歌山県西牟婁郡すさみ町佐本追川２２８番地", "緯度": 33.584768, "経度": 135.619176, "url": "https://www.iryou.teikyouseido.mhlw.go.jp/znk-web/juminkanja/S2430/initialize?prefCd=30&kikanCd=2090800000&kikanKbn=2", "url2": null, "内容": "佐本診療所【2:診療所】【診療科目:内科_外科】和歌山県西牟婁郡すさみ町佐本追川２２８番地" }, "geometry": { "type": "Point", "coordinates": [ 135.619176, 33.584768 ] } },
{ "type": "Feature", "properties": { "ID": 3022091000000, "正式名称": "鎌田医院　田並診療所", "機関区分": 2, "都道府県コード": 30, "市区町村コード": 428, "所在地": "和歌山県東牟婁郡串本町田並１１３４", "緯度": 33.486918, "経度": 135.716257, "url": "https://www.iryou.teikyouseido.mhlw.go.jp/znk-web/juminkanja/S2430/initialize?prefCd=30&kikanCd=2091000000&kikanKbn=2", "url2": null, "内容": "鎌田医院　田並診療所【2:診療所】【診療科目:内科】和歌山県東牟婁郡串本町田並１１３４" }, "geometry": { "type": "Point", "coordinates": [ 135.716257, 33.486918 ] } },
{ "type": "Feature", "properties": { "ID": 3022091100000, "正式名称": "鎌田医院", "機関区分": 2, "都道府県コード": 30, "市区町村コード": 428, "所在地": "和歌山県東牟婁郡串本町潮岬３１４３", "緯度": 33.447563, "経度": 135.760698, "url": "https://www.iryou.teikyouseido.mhlw.go.jp/znk-web/juminkanja/S2430/initialize?prefCd=30&kikanCd=2091100000&kikanKbn=2", "url2": null, "内容": "鎌田医院【2:診療所】【診療科目:内科_放射線科】和歌山県東牟婁郡串本町潮岬３１４３" }, "geometry": { "type": "Point", "coordinates": [ 135.760698, 33.447563 ] } },
{ "type": "Feature", "properties": { "ID": 3022091300000, "正式名称": "医療法人　杉医院", "機関区分": 2, "都道府県コード": 30, "市区町村コード": 428, "所在地": "和歌山県東牟婁郡串本町串本１９２９", "緯度": 33.467616, "経度": 135.781195, "url": "https://www.iryou.teikyouseido.mhlw.go.jp/znk-web/juminkanja/S2430/initialize?prefCd=30&kikanCd=2091300000&kikanKbn=2", "url2": "https://www.facebook.com/profile.php?id=61586755611108", "内容": "医療法人　杉医院【2:診療所】【診療科目:内科_神経内科_精神科_心療内科】和歌山県東牟婁郡串本町串本１９２９" }, "geometry": { "type": "Point", "coordinates": [ 135.781195, 33.467616 ] } },
{ "type": "Feature", "properties": { "ID": 3022091600000, "正式名称": "串本リハビリテーションセンター", "機関区分": 2, "都道府県コード": 30, "市区町村コード": 428, "所在地": "和歌山県東牟婁郡串本町串本２５９－６", "緯度": 33.4722, "経度": 135.780612, "url": "https://www.iryou.teikyouseido.mhlw.go.jp/znk-web/juminkanja/S2430/initialize?prefCd=30&kikanCd=2091600000&kikanKbn=2", "url2": "http://www.i-kenyukai.com", "内容": "串本リハビリテーションセンター【2:診療所】【診療科目:眼科】和歌山県東牟婁郡串本町串本２５９－６" }, "geometry": { "type": "Point", "coordinates": [ 135.780612, 33.4722 ] } },
{ "type": "Feature", "properties": { "ID": 3022091900000, "正式名称": "けんゆうクリニック", "機関区分": 2, "都道府県コード": 30, "市区町村コード": 428, "所在地": "和歌山県東牟婁郡串本町串本１７９０番地", "緯度": 33.471922, "経度": 135.78114, "url": "https://www.iryou.teikyouseido.mhlw.go.jp/znk-web/juminkanja/S2430/initialize?prefCd=30&kikanCd=2091900000&kikanKbn=2", "url2": "http://www.i-kenyukai.com/", "内容": "けんゆうクリニック【2:診療所】【診療科目:内科_消化器内科_脳神経外科_血管外科_乳腺外科_整形外科_皮膚科_放射線科】和歌山県東牟婁郡串本町串本１７９０番地" }, "geometry": { "type": "Point", "coordinates": [ 135.78114, 33.471922 ] } },
{ "type": "Feature", "properties": { "ID": 3022092200000, "正式名称": "覚前医院　田並診療所", "機関区分": 2, "都道府県コード": 30, "市区町村コード": 428, "所在地": "和歌山県東牟婁郡串本町田並９４２－２", "緯度": 33.48578, "経度": 135.716256, "url": "https://www.iryou.teikyouseido.mhlw.go.jp/znk-web/juminkanja/S2430/initialize?prefCd=30&kikanCd=2092200000&kikanKbn=2", "url2": null, "内容": "覚前医院　田並診療所【2:診療所】【診療科目:内科_循環器内科】和歌山県東牟婁郡串本町田並９４２－２" }, "geometry": { "type": "Point", "coordinates": [ 135.716256, 33.48578 ] } },
{ "type": "Feature", "properties": { "ID": 3022092300000, "正式名称": "医療法人　覚前医院", "機関区分": 2, "都道府県コード": 30, "市区町村コード": 428, "所在地": "和歌山県東牟婁郡串本町和深８３８", "緯度": 33.502416, "経度": 135.655676, "url": "https://www.iryou.teikyouseido.mhlw.go.jp/znk-web/juminkanja/S2430/initialize?prefCd=30&kikanCd=2092300000&kikanKbn=2", "url2": null, "内容": "医療法人　覚前医院【2:診療所】【診療科目:内科_循環器内科】和歌山県東牟婁郡串本町和深８３８" }, "geometry": { "type": "Point", "coordinates": [ 135.655676, 33.502416 ] } },
{ "type": "Feature", "properties": { "ID": 3022092600000, "正式名称": "榎本クリニック", "機関区分": 2, "都道府県コード": 30, "市区町村コード": 428, "所在地": "和歌山県東牟婁郡串本町西向１２２－３", "緯度": 33.521778, "経度": 135.820635, "url": "https://www.iryou.teikyouseido.mhlw.go.jp/znk-web/juminkanja/S2430/initialize?prefCd=30&kikanCd=2092600000&kikanKbn=2", "url2": null, "内容": "榎本クリニック【2:診療所】【診療科目:内科_消化器内科_皮膚科_リハビリテーション科】和歌山県東牟婁郡串本町西向１２２－３" }, "geometry": { "type": "Point", "coordinates": [ 135.820635, 33.521778 ] } },
{ "type": "Feature", "properties": { "ID": 3022092900000, "正式名称": "たかせ会記念診療所", "機関区分": 2, "都道府県コード": 30, "市区町村コード": 424, "所在地": "和歌山県東牟婁郡古座川町高瀬３５３", "緯度": 33.535479, "経度": 135.778414, "url": "https://www.iryou.teikyouseido.mhlw.go.jp/znk-web/juminkanja/S2430/initialize?prefCd=30&kikanCd=2092900000&kikanKbn=2", "url2": null, "内容": "たかせ会記念診療所【2:診療所】【診療科目:内科_呼吸器内科_外科_精神科_アレルギー科】和歌山県東牟婁郡古座川町高瀬３５３" }, "geometry": { "type": "Point", "coordinates": [ 135.778414, 33.535479 ] } },
{ "type": "Feature", "properties": { "ID": 3022093100000, "正式名称": "古座川町　三尾川へき地診療所", "機関区分": 2, "都道府県コード": 30, "市区町村コード": 424, "所在地": "和歌山県東牟婁郡古座川町三尾川９４４番地", "緯度": 33.557496, "経度": 135.686443, "url": "https://www.iryou.teikyouseido.mhlw.go.jp/znk-web/juminkanja/S2430/initialize?prefCd=30&kikanCd=2093100000&kikanKbn=2", "url2": null, "内容": "古座川町　三尾川へき地診療所【2:診療所】【診療科目:内科_整形外科】和歌山県東牟婁郡古座川町三尾川９４４番地" }, "geometry": { "type": "Point", "coordinates": [ 135.686443, 33.557496 ] } },
{ "type": "Feature", "properties": { "ID": 3022093200000, "正式名称": "古座川町国民健康保険　七川診療所", "機関区分": 2, "都道府県コード": 30, "市区町村コード": 424, "所在地": "和歌山県東牟婁郡古座川町下露３７６", "緯度": 33.620546, "経度": 135.709504, "url": "https://www.iryou.teikyouseido.mhlw.go.jp/znk-web/juminkanja/S2430/initialize?prefCd=30&kikanCd=2093200000&kikanKbn=2", "url2": null, "内容": "古座川町国民健康保険　七川診療所【2:診療所】【診療科目:内科_神経内科_整形外科】和歌山県東牟婁郡古座川町下露３７６" }, "geometry": { "type": "Point", "coordinates": [ 135.709504, 33.620546 ] } },
{ "type": "Feature", "properties": { "ID": 3022093500000, "正式名称": "清水内科クリニック", "機関区分": 2, "都道府県コード": 30, "市区町村コード": 421, "所在地": "和歌山県東牟婁郡那智勝浦町下里８００－２", "緯度": 33.581356, "経度": 135.924678, "url": "https://www.iryou.teikyouseido.mhlw.go.jp/znk-web/juminkanja/S2430/initialize?prefCd=30&kikanCd=2093500000&kikanKbn=2", "url2": null, "内容": "清水内科クリニック【2:診療所】【診療科目:内科_消化器内科_放射線科】和歌山県東牟婁郡那智勝浦町下里８００－２" }, "geometry": { "type": "Point", "coordinates": [ 135.924678, 33.581356 ] } },
{ "type": "Feature", "properties": { "ID": 3022093600000, "正式名称": "坂野医院", "機関区分": 2, "都道府県コード": 30, "市区町村コード": 422, "所在地": "和歌山県東牟婁郡太地町太地３０５５", "緯度": 33.594244, "経度": 135.942093, "url": "https://www.iryou.teikyouseido.mhlw.go.jp/znk-web/juminkanja/S2430/initialize?prefCd=30&kikanCd=2093600000&kikanKbn=2", "url2": null, "内容": "坂野医院【2:診療所】【診療科目:内科_循環器内科_消化器内科_外科_肛門外科_リハビリテーション科】和歌山県東牟婁郡太地町太地３０５５" }, "geometry": { "type": "Point", "coordinates": [ 135.942093, 33.594244 ] } },
{ "type": "Feature", "properties": { "ID": 3022094000000, "正式名称": "中山医院", "機関区分": 2, "都道府県コード": 30, "市区町村コード": 421, "所在地": "和歌山県東牟婁郡那智勝浦町宇久井５５７－１３", "緯度": 33.656683, "経度": 135.979059, "url": "https://www.iryou.teikyouseido.mhlw.go.jp/znk-web/juminkanja/S2430/initialize?prefCd=30&kikanCd=2094000000&kikanKbn=2", "url2": null, "内容": "中山医院【2:診療所】【診療科目:内科_呼吸器内科_小児科】和歌山県東牟婁郡那智勝浦町宇久井５５７－１３" }, "geometry": { "type": "Point", "coordinates": [ 135.979059, 33.656683 ] } },
{ "type": "Feature", "properties": { "ID": 3022094300000, "正式名称": "宮本医院", "機関区分": 2, "都道府県コード": 30, "市区町村コード": 421, "所在地": "和歌山県東牟婁郡那智勝浦町天満２８３", "緯度": 33.637073, "経度": 135.934147, "url": "https://www.iryou.teikyouseido.mhlw.go.jp/znk-web/juminkanja/S2430/initialize?prefCd=30&kikanCd=2094300000&kikanKbn=2", "url2": "http://www4.ocn.ne.jp/~iinmiyam/", "内容": "宮本医院【2:診療所】【診療科目:内科_感染症内科_脂質代謝内科_糖尿病・内分泌内科_糖尿病・代謝内科_呼吸器内科_老年・呼吸器内科_循環器内科_消化器内科_胃腸内科_腎臓内科_肝臓内科_内視鏡内科_アレルギー疾患内科_小児科】和歌山県東牟婁郡那智勝浦町天満２８３" }, "geometry": { "type": "Point", "coordinates": [ 135.934147, 33.637073 ] } },
{ "type": "Feature", "properties": { "ID": 3022094400000, "正式名称": "弓場皮膚科", "機関区分": 2, "都道府県コード": 30, "市区町村コード": 421, "所在地": "和歌山県東牟婁郡那智勝浦町天満１６０７－２", "緯度": 33.635962, "経度": 135.933036, "url": "https://www.iryou.teikyouseido.mhlw.go.jp/znk-web/juminkanja/S2430/initialize?prefCd=30&kikanCd=2094400000&kikanKbn=2", "url2": null, "内容": "弓場皮膚科【2:診療所】【診療科目:内科_皮膚科】和歌山県東牟婁郡那智勝浦町天満１６０７－２" }, "geometry": { "type": "Point", "coordinates": [ 135.933036, 33.635962 ] } },
{ "type": "Feature", "properties": { "ID": 3022094700000, "正式名称": "医療法人　木下医院", "機関区分": 2, "都道府県コード": 30, "市区町村コード": 421, "所在地": "和歌山県東牟婁郡那智勝浦町朝日１－６０", "緯度": 33.625769, "経度": 135.939509, "url": "https://www.iryou.teikyouseido.mhlw.go.jp/znk-web/juminkanja/S2430/initialize?prefCd=30&kikanCd=2094700000&kikanKbn=2", "url2": "http://www.kinoshitaiin.com/", "内容": "医療法人　木下医院【2:診療所】【診療科目:内科_消化器内科_外科】和歌山県東牟婁郡那智勝浦町朝日１－６０" }, "geometry": { "type": "Point", "coordinates": [ 135.939509, 33.625769 ] } },
{ "type": "Feature", "properties": { "ID": 3022095000000, "正式名称": "那智勝浦町色川診療所", "機関区分": 2, "都道府県コード": 30, "市区町村コード": 421, "所在地": "和歌山県東牟婁郡那智勝浦町口色川１３８７－１", "緯度": 33.68054, "経度": 135.856846, "url": "https://www.iryou.teikyouseido.mhlw.go.jp/znk-web/juminkanja/S2430/initialize?prefCd=30&kikanCd=2095000000&kikanKbn=2", "url2": null, "内容": "那智勝浦町色川診療所【2:診療所】【診療科目:内科】和歌山県東牟婁郡那智勝浦町口色川１３８７－１" }, "geometry": { "type": "Point", "coordinates": [ 135.856846, 33.68054 ] } },
{ "type": "Feature", "properties": { "ID": 3022095200000, "正式名称": "西岡内科胃腸科", "機関区分": 2, "都道府県コード": 30, "市区町村コード": 208, "所在地": "和歌山県紀の川市桃山町最上８４－５", "緯度": 34.236782, "経度": 135.339946, "url": "https://www.iryou.teikyouseido.mhlw.go.jp/znk-web/juminkanja/S2430/initialize?prefCd=30&kikanCd=2095200000&kikanKbn=2", "url2": null, "内容": "西岡内科胃腸科【2:診療所】【診療科目:内科_呼吸器内科_循環器内科_消化器内科_小児科_放射線科】和歌山県紀の川市桃山町最上８４－５" }, "geometry": { "type": "Point", "coordinates": [ 135.339946, 34.236782 ] } },
{ "type": "Feature", "properties": { "ID": 3022095700000, "正式名称": "津田クリニック", "機関区分": 2, "都道府県コード": 30, "市区町村コード": 208, "所在地": "和歌山県紀の川市桃山町神田１５６", "緯度": 34.232638, "経度": 135.351641, "url": "https://www.iryou.teikyouseido.mhlw.go.jp/znk-web/juminkanja/S2430/initialize?prefCd=30&kikanCd=2095700000&kikanKbn=2", "url2": null, "内容": "津田クリニック【2:診療所】【診療科目:内科_呼吸器内科_循環器内科_消化器内科_小児科_放射線科】和歌山県紀の川市桃山町神田１５６" }, "geometry": { "type": "Point", "coordinates": [ 135.351641, 34.232638 ] } },
{ "type": "Feature", "properties": { "ID": 3022096100000, "正式名称": "前尾クリニック", "機関区分": 2, "都道府県コード": 30, "市区町村コード": 208, "所在地": "和歌山県紀の川市桃山町市場３４１－１", "緯度": 34.240443, "経度": 135.345474, "url": "https://www.iryou.teikyouseido.mhlw.go.jp/znk-web/juminkanja/S2430/initialize?prefCd=30&kikanCd=2096100000&kikanKbn=2", "url2": null, "内容": "前尾クリニック【2:診療所】【診療科目:内科_循環器内科_消化器内科_胃腸内科_外科_肛門外科】和歌山県紀の川市桃山町市場３４１－１" }, "geometry": { "type": "Point", "coordinates": [ 135.345474, 34.240443 ] } },
{ "type": "Feature", "properties": { "ID": 3022096200000, "正式名称": "医療法人　豊田内科", "機関区分": 2, "都道府県コード": 30, "市区町村コード": 209, "所在地": "和歌山県岩出市根来９１４－１", "緯度": 34.27803, "経度": 135.304832, "url": "https://www.iryou.teikyouseido.mhlw.go.jp/znk-web/juminkanja/S2430/initialize?prefCd=30&kikanCd=2096200000&kikanKbn=2", "url2": "https://www.toyodanaika.com/", "内容": "医療法人　豊田内科【2:診療所】【診療科目:内科_糖尿病内科_消化器内科_肝臓内科_小児科】和歌山県岩出市根来９１４－１" }, "geometry": { "type": "Point", "coordinates": [ 135.304832, 34.27803 ] } },
{ "type": "Feature", "properties": { "ID": 3022096400000, "正式名称": "泉谷皮フ科", "機関区分": 2, "都道府県コード": 30, "市区町村コード": 209, "所在地": "和歌山県岩出市根来１６－１", "緯度": 34.277132, "経度": 135.310558, "url": "https://www.iryou.teikyouseido.mhlw.go.jp/znk-web/juminkanja/S2430/initialize?prefCd=30&kikanCd=2096400000&kikanKbn=2", "url2": null, "内容": "泉谷皮フ科【2:診療所】【診療科目:皮膚科_美容皮膚科】和歌山県岩出市根来１６－１" }, "geometry": { "type": "Point", "coordinates": [ 135.310558, 34.277132 ] } },
{ "type": "Feature", "properties": { "ID": 3022096500000, "正式名称": "かきはら胃腸科内科", "機関区分": 2, "都道府県コード": 30, "市区町村コード": 209, "所在地": "和歌山県岩出市今中１０５－２", "緯度": 34.273161, "経度": 135.315031, "url": "https://www.iryou.teikyouseido.mhlw.go.jp/znk-web/juminkanja/S2430/initialize?prefCd=30&kikanCd=2096500000&kikanKbn=2", "url2": "https://www.kakihara-clinic.com", "内容": "かきはら胃腸科内科【2:診療所】【診療科目:内科_消化器内科_胃腸内科_外科_肛門外科_心療内科】和歌山県岩出市今中１０５－２" }, "geometry": { "type": "Point", "coordinates": [ 135.315031, 34.273161 ] } },
{ "type": "Feature", "properties": { "ID": 3022096600000, "正式名称": "ふじはら整形外科クリニック", "機関区分": 2, "都道府県コード": 30, "市区町村コード": 209, "所在地": "和歌山県岩出市今中１５１－３", "緯度": 34.270717, "経度": 135.315364, "url": "https://www.iryou.teikyouseido.mhlw.go.jp/znk-web/juminkanja/S2430/initialize?prefCd=30&kikanCd=2096600000&kikanKbn=2", "url2": null, "内容": "ふじはら整形外科クリニック【2:診療所】【診療科目:整形外科_リウマチ科_リハビリテーション科_放射線科】和歌山県岩出市今中１５１－３" }, "geometry": { "type": "Point", "coordinates": [ 135.315364, 34.270717 ] } },
{ "type": "Feature", "properties": { "ID": 3022096700000, "正式名称": "おく耳鼻咽喉科", "機関区分": 2, "都道府県コード": 30, "市区町村コード": 209, "所在地": "和歌山県岩出市森２７７－１", "緯度": 34.274383, "経度": 135.309558, "url": "https://www.iryou.teikyouseido.mhlw.go.jp/znk-web/juminkanja/S2430/initialize?prefCd=30&kikanCd=2096700000&kikanKbn=2", "url2": "http://www.oku-jibika.com", "内容": "おく耳鼻咽喉科【2:診療所】【診療科目:気管食道外科_耳鼻いんこう科_アレルギー科】和歌山県岩出市森２７７－１" }, "geometry": { "type": "Point", "coordinates": [ 135.309558, 34.274383 ] } },
{ "type": "Feature", "properties": { "ID": 3022096800000, "正式名称": "皆楽園診療所", "機関区分": 2, "都道府県コード": 30, "市区町村コード": 209, "所在地": "和歌山県岩出市西国分６６８", "緯度": 34.265079, "経度": 135.330863, "url": "https://www.iryou.teikyouseido.mhlw.go.jp/znk-web/juminkanja/S2430/initialize?prefCd=30&kikanCd=2096800000&kikanKbn=2", "url2": "https://kairakuen-clinic.jp/", "内容": "皆楽園診療所【2:診療所】【診療科目:内科_消化器内科】和歌山県岩出市西国分６６８" }, "geometry": { "type": "Point", "coordinates": [ 135.330863, 34.265079 ] } },
{ "type": "Feature", "properties": { "ID": 3022096900000, "正式名称": "紀の川クリニック", "機関区分": 2, "都道府県コード": 30, "市区町村コード": 209, "所在地": "和歌山県岩出市西国分５０１", "緯度": 34.265245, "経度": 135.331696, "url": "https://www.iryou.teikyouseido.mhlw.go.jp/znk-web/juminkanja/S2430/initialize?prefCd=30&kikanCd=2096900000&kikanKbn=2", "url2": "hrrp://www.hakubunkai.com", "内容": "紀の川クリニック【2:診療所】【診療科目:内科_循環器内科_消化器内科_腎臓内科_人工透析内科_内視鏡内科_リハビリテーション科】和歌山県岩出市西国分５０１" }, "geometry": { "type": "Point", "coordinates": [ 135.331696, 34.265245 ] } },
{ "type": "Feature", "properties": { "ID": 3022097000000, "正式名称": "医療法人甃友会　安川診療所", "機関区分": 2, "都道府県コード": 30, "市区町村コード": 209, "所在地": "和歌山県岩出市西国分６８８－１", "緯度": 34.264579, "経度": 135.331974, "url": "https://www.iryou.teikyouseido.mhlw.go.jp/znk-web/juminkanja/S2430/initialize?prefCd=30&kikanCd=2097000000&kikanKbn=2", "url2": "http://www.syuyukai.com/", "内容": "医療法人甃友会　安川診療所【2:診療所】【診療科目:内科_泌尿器科】和歌山県岩出市西国分６８８－１" }, "geometry": { "type": "Point", "coordinates": [ 135.331974, 34.264579 ] } },
{ "type": "Feature", "properties": { "ID": 3022097300000, "正式名称": "岩田医院", "機関区分": 2, "都道府県コード": 30, "市区町村コード": 209, "所在地": "和歌山県岩出市水栖５０３－５", "緯度": 34.269356, "経度": 135.324363, "url": "https://www.iryou.teikyouseido.mhlw.go.jp/znk-web/juminkanja/S2430/initialize?prefCd=30&kikanCd=2097300000&kikanKbn=2", "url2": null, "内容": "岩田医院【2:診療所】【診療科目:内科_循環器内科】和歌山県岩出市水栖５０３－５" }, "geometry": { "type": "Point", "coordinates": [ 135.324363, 34.269356 ] } },
{ "type": "Feature", "properties": { "ID": 3022097400000, "正式名称": "医療法人　彌栄会　やよいメディカルクリニック", "機関区分": 2, "都道府県コード": 30, "市区町村コード": 209, "所在地": "和歌山県岩出市中迫１３９", "緯度": 34.261245, "経度": 135.315865, "url": "https://www.iryou.teikyouseido.mhlw.go.jp/znk-web/juminkanja/S2430/initialize?prefCd=30&kikanCd=2097400000&kikanKbn=2", "url2": "https://www.yaeikai.com/", "内容": "医療法人　彌栄会　やよいメディカルクリニック【2:診療所】【診療科目:内科_糖尿病内科_代謝・内分泌内科_消化器内科_外科_整形外科_リハビリテーション科_放射線科】和歌山県岩出市中迫１３９" }, "geometry": { "type": "Point", "coordinates": [ 135.315865, 34.261245 ] } },
{ "type": "Feature", "properties": { "ID": 3022097600000, "正式名称": "きしもと耳鼻咽喉科", "機関区分": 2, "都道府県コード": 30, "市区町村コード": 209, "所在地": "和歌山県岩出市中迫２８１－６", "緯度": 34.264829, "経度": 135.311504, "url": "https://www.iryou.teikyouseido.mhlw.go.jp/znk-web/juminkanja/S2430/initialize?prefCd=30&kikanCd=2097600000&kikanKbn=2", "url2": "https://kishimotojibika.webnode.jp", "内容": "きしもと耳鼻咽喉科【2:診療所】【診療科目:耳鼻いんこう科_アレルギー科】和歌山県岩出市中迫２８１－６" }, "geometry": { "type": "Point", "coordinates": [ 135.311504, 34.264829 ] } },
{ "type": "Feature", "properties": { "ID": 3022097700000, "正式名称": "かわぐちクリニック", "機関区分": 2, "都道府県コード": 30, "市区町村コード": 209, "所在地": "和歌山県岩出市中迫２７５－９", "緯度": 34.264107, "経度": 135.311782, "url": "https://www.iryou.teikyouseido.mhlw.go.jp/znk-web/juminkanja/S2430/initialize?prefCd=30&kikanCd=2097700000&kikanKbn=2", "url2": null, "内容": "かわぐちクリニック【2:診療所】【診療科目:内科_消化器内科_外科_肛門外科】和歌山県岩出市中迫２７５－９" }, "geometry": { "type": "Point", "coordinates": [ 135.311782, 34.264107 ] } },
{ "type": "Feature", "properties": { "ID": 3022097800000, "正式名称": "みたに整形外科", "機関区分": 2, "都道府県コード": 30, "市区町村コード": 209, "所在地": "和歌山県岩出市野上野４３１－２", "緯度": 34.276383, "経度": 135.324057, "url": "https://www.iryou.teikyouseido.mhlw.go.jp/znk-web/juminkanja/S2430/initialize?prefCd=30&kikanCd=2097800000&kikanKbn=2", "url2": null, "内容": "みたに整形外科【2:診療所】【診療科目:内科_外科_整形外科_皮膚科_アレルギー科_リウマチ科_リハビリテーション科】和歌山県岩出市野上野４３１－２" }, "geometry": { "type": "Point", "coordinates": [ 135.324057, 34.276383 ] } },
{ "type": "Feature", "properties": { "ID": 3022098000000, "正式名称": "こだま小児科", "機関区分": 2, "都道府県コード": 30, "市区町村コード": 209, "所在地": "和歌山県岩出市北大池１２４－５", "緯度": 34.275994, "経度": 135.326141, "url": "https://www.iryou.teikyouseido.mhlw.go.jp/znk-web/juminkanja/S2430/initialize?prefCd=30&kikanCd=2098000000&kikanKbn=2", "url2": "http://kodama-cl.jp", "内容": "こだま小児科【2:診療所】【診療科目:小児科_アレルギー科】和歌山県岩出市北大池１２４－５" }, "geometry": { "type": "Point", "coordinates": [ 135.326141, 34.275994 ] } },
{ "type": "Feature", "properties": { "ID": 3022098600000, "正式名称": "おおみや診療所", "機関区分": 2, "都道府県コード": 30, "市区町村コード": 209, "所在地": "和歌山県岩出市宮５０－１", "緯度": 34.255108, "経度": 135.315782, "url": "https://www.iryou.teikyouseido.mhlw.go.jp/znk-web/juminkanja/S2430/initialize?prefCd=30&kikanCd=2098600000&kikanKbn=2", "url2": "https://www.w-iryoseikyo.com/", "内容": "おおみや診療所【2:診療所】【診療科目:内科_外科_小児科】和歌山県岩出市宮５０－１" }, "geometry": { "type": "Point", "coordinates": [ 135.315782, 34.255108 ] } },
{ "type": "Feature", "properties": { "ID": 3022098700000, "正式名称": "林循環器内科クリニック", "機関区分": 2, "都道府県コード": 30, "市区町村コード": 209, "所在地": "和歌山県岩出市清水４３８", "緯度": 34.257274, "経度": 135.319253, "url": "https://www.iryou.teikyouseido.mhlw.go.jp/znk-web/juminkanja/S2430/initialize?prefCd=30&kikanCd=2098700000&kikanKbn=2", "url2": null, "内容": "林循環器内科クリニック【2:診療所】【診療科目:内科_糖尿病・代謝内科_呼吸器内科_心臓内科_消化器内科_アレルギー科】和歌山県岩出市清水４３８" }, "geometry": { "type": "Point", "coordinates": [ 135.319253, 34.257274 ] } },
{ "type": "Feature", "properties": { "ID": 3022099300000, "正式名称": "稲田皮膚科", "機関区分": 2, "都道府県コード": 30, "市区町村コード": 209, "所在地": "和歌山県岩出市川尻２３０－７", "緯度": 34.269078, "経度": 135.313836, "url": "https://www.iryou.teikyouseido.mhlw.go.jp/znk-web/juminkanja/S2430/initialize?prefCd=30&kikanCd=2099300000&kikanKbn=2", "url2": null, "内容": "稲田皮膚科【2:診療所】【診療科目:皮膚科】和歌山県岩出市川尻２３０－７" }, "geometry": { "type": "Point", "coordinates": [ 135.313836, 34.269078 ] } },
{ "type": "Feature", "properties": { "ID": 3022099400000, "正式名称": "はしもと整形外科", "機関区分": 2, "都道府県コード": 30, "市区町村コード": 209, "所在地": "和歌山県岩出市川尻５３－１", "緯度": 34.267828, "経度": 135.309948, "url": "https://www.iryou.teikyouseido.mhlw.go.jp/znk-web/juminkanja/S2430/initialize?prefCd=30&kikanCd=2099400000&kikanKbn=2", "url2": null, "内容": "はしもと整形外科【2:診療所】【診療科目:整形外科_リウマチ科_リハビリテーション科】和歌山県岩出市川尻５３－１" }, "geometry": { "type": "Point", "coordinates": [ 135.309948, 34.267828 ] } },
{ "type": "Feature", "properties": { "ID": 3022099600000, "正式名称": "原眼科クリニック", "機関区分": 2, "都道府県コード": 30, "市区町村コード": 209, "所在地": "和歌山県岩出市野上野８３－８", "緯度": 34.275272, "経度": 135.318308, "url": "https://www.iryou.teikyouseido.mhlw.go.jp/znk-web/juminkanja/S2430/initialize?prefCd=30&kikanCd=2099600000&kikanKbn=2", "url2": null, "内容": "原眼科クリニック【2:診療所】【診療科目:眼科】和歌山県岩出市野上野８３－８" }, "geometry": { "type": "Point", "coordinates": [ 135.318308, 34.275272 ] } },
{ "type": "Feature", "properties": { "ID": 3022099700000, "正式名称": "医療法人　明紀会　宇野内科", "機関区分": 2, "都道府県コード": 30, "市区町村コード": 209, "所在地": "和歌山県岩出市西野１８６－１０", "緯度": 34.256718, "経度": 135.310615, "url": "https://www.iryou.teikyouseido.mhlw.go.jp/znk-web/juminkanja/S2430/initialize?prefCd=30&kikanCd=2099700000&kikanKbn=2", "url2": null, "内容": "医療法人　明紀会　宇野内科【2:診療所】【診療科目:内科_呼吸器内科_循環器内科_消化器内科_放射線科】和歌山県岩出市西野１８６－１０" }, "geometry": { "type": "Point", "coordinates": [ 135.310615, 34.256718 ] } },
{ "type": "Feature", "properties": { "ID": 3022099900000, "正式名称": "木下こどもクリニック", "機関区分": 2, "都道府県コード": 30, "市区町村コード": 209, "所在地": "和歌山県岩出市金屋２９７", "緯度": 34.267078, "経度": 135.29706, "url": "https://www.iryou.teikyouseido.mhlw.go.jp/znk-web/juminkanja/S2430/initialize?prefCd=30&kikanCd=2099900000&kikanKbn=2", "url2": "http://www.kinoshita-kodomo-clinic.jp/", "内容": "木下こどもクリニック【2:診療所】【診療科目:小児科】和歌山県岩出市金屋２９７" }, "geometry": { "type": "Point", "coordinates": [ 135.29706, 34.267078 ] } },
{ "type": "Feature", "properties": { "ID": 3022100000000, "正式名称": "よしだクリニック", "機関区分": 2, "都道府県コード": 30, "市区町村コード": 209, "所在地": "和歌山県岩出市吉田４１３－１", "緯度": 34.263609, "経度": 135.275226, "url": "https://www.iryou.teikyouseido.mhlw.go.jp/znk-web/juminkanja/S2430/initialize?prefCd=30&kikanCd=2100000000&kikanKbn=2", "url2": "http://yoshidaclinic.net/", "内容": "よしだクリニック【2:診療所】【診療科目:内科_神経内科_脳神経外科_整形外科_リハビリテーション科】和歌山県岩出市吉田４１３－１" }, "geometry": { "type": "Point", "coordinates": [ 135.275226, 34.263609 ] } },
{ "type": "Feature", "properties": { "ID": 3022100200000, "正式名称": "胃腸肛門科家田医院", "機関区分": 2, "都道府県コード": 30, "市区町村コード": 209, "所在地": "和歌山県岩出市中黒５０７－１", "緯度": 34.269329, "経度": 135.286085, "url": "https://www.iryou.teikyouseido.mhlw.go.jp/znk-web/juminkanja/S2430/initialize?prefCd=30&kikanCd=2100200000&kikanKbn=2", "url2": "https://iedaiin.com/", "内容": "胃腸肛門科家田医院【2:診療所】【診療科目:内科_消化器内科_外科_肛門外科_放射線科】和歌山県岩出市中黒５０７－１" }, "geometry": { "type": "Point", "coordinates": [ 135.286085, 34.269329 ] } },
{ "type": "Feature", "properties": { "ID": 3022100400000, "正式名称": "ナカイマ整形外科クリニック", "機関区分": 2, "都道府県コード": 30, "市区町村コード": 209, "所在地": "和歌山県岩出市金池３８９－１", "緯度": 34.276549, "経度": 135.289116, "url": "https://www.iryou.teikyouseido.mhlw.go.jp/znk-web/juminkanja/S2430/initialize?prefCd=30&kikanCd=2100400000&kikanKbn=2", "url2": "https://nakaimaseikei.com/", "内容": "ナカイマ整形外科クリニック【2:診療所】【診療科目:内科_整形外科_皮膚科_リハビリテーション科】和歌山県岩出市金池３８９－１" }, "geometry": { "type": "Point", "coordinates": [ 135.289116, 34.276549 ] } },
{ "type": "Feature", "properties": { "ID": 3022100500000, "正式名称": "塚本内科クリニック", "機関区分": 2, "都道府県コード": 30, "市区町村コード": 209, "所在地": "和歌山県岩出市金池３９２－１", "緯度": 34.276299, "経度": 135.289144, "url": "https://www.iryou.teikyouseido.mhlw.go.jp/znk-web/juminkanja/S2430/initialize?prefCd=30&kikanCd=2100500000&kikanKbn=2", "url2": null, "内容": "塚本内科クリニック【2:診療所】【診療科目:内科_呼吸器内科_消化器内科_アレルギー科_リハビリテーション科】和歌山県岩出市金池３９２－１" }, "geometry": { "type": "Point", "coordinates": [ 135.289144, 34.276299 ] } },
{ "type": "Feature", "properties": { "ID": 3022100600000, "正式名称": "根来こどもクリニック", "機関区分": 2, "都道府県コード": 30, "市区町村コード": 209, "所在地": "和歌山県岩出市相谷３４－５", "緯度": 34.278271, "経度": 135.288949, "url": "https://www.iryou.teikyouseido.mhlw.go.jp/znk-web/juminkanja/S2430/initialize?prefCd=30&kikanCd=2100600000&kikanKbn=2", "url2": null, "内容": "根来こどもクリニック【2:診療所】【診療科目:小児科】和歌山県岩出市相谷３４－５" }, "geometry": { "type": "Point", "coordinates": [ 135.288949, 34.278271 ] } },
{ "type": "Feature", "properties": { "ID": 3022100700000, "正式名称": "医療法人あさかクリニック", "機関区分": 2, "都道府県コード": 30, "市区町村コード": 201, "所在地": "和歌山県和歌山市新庄４６６－１", "緯度": 34.247663, "経度": 135.286979, "url": "https://www.iryou.teikyouseido.mhlw.go.jp/znk-web/juminkanja/S2430/initialize?prefCd=30&kikanCd=2100700000&kikanKbn=2", "url2": "https://asaka-c.jp/", "内容": "医療法人あさかクリニック【2:診療所】【診療科目:内科_脳神経内科_消化器内科_神経内科_小児科_精神科】和歌山県和歌山市新庄４６６－１" }, "geometry": { "type": "Point", "coordinates": [ 135.286979, 34.247663 ] } },
{ "type": "Feature", "properties": { "ID": 3022100900000, "正式名称": "辻岡医院", "機関区分": 2, "都道府県コード": 30, "市区町村コード": 201, "所在地": "和歌山県和歌山市満屋８８－１", "緯度": 34.247469, "経度": 135.277007, "url": "https://www.iryou.teikyouseido.mhlw.go.jp/znk-web/juminkanja/S2430/initialize?prefCd=30&kikanCd=2100900000&kikanKbn=2", "url2": null, "内容": "辻岡医院【2:診療所】【診療科目:内科_循環器内科_消化器内科_小児科_放射線科】和歌山県和歌山市満屋８８－１" }, "geometry": { "type": "Point", "coordinates": [ 135.277007, 34.247469 ] } },
{ "type": "Feature", "properties": { "ID": 3022101000000, "正式名称": "加藤整形外科", "機関区分": 2, "都道府県コード": 30, "市区町村コード": 201, "所在地": "和歌山県和歌山市吐前２８３", "緯度": 34.240608, "経度": 135.27198, "url": "https://www.iryou.teikyouseido.mhlw.go.jp/znk-web/juminkanja/S2430/initialize?prefCd=30&kikanCd=2101000000&kikanKbn=2", "url2": null, "内容": "加藤整形外科【2:診療所】【診療科目:整形外科_リウマチ科_リハビリテーション科】和歌山県和歌山市吐前２８３" }, "geometry": { "type": "Point", "coordinates": [ 135.27198, 34.240608 ] } },
{ "type": "Feature", "properties": { "ID": 3022101100000, "正式名称": "坂部クリニック", "機関区分": 2, "都道府県コード": 30, "市区町村コード": 201, "所在地": "和歌山県和歌山市谷１８番地", "緯度": 34.26991, "経度": 135.267785, "url": "https://www.iryou.teikyouseido.mhlw.go.jp/znk-web/juminkanja/S2430/initialize?prefCd=30&kikanCd=2101100000&kikanKbn=2", "url2": null, "内容": "坂部クリニック【2:診療所】【診療科目:内科_小児科】和歌山県和歌山市谷１８番地" }, "geometry": { "type": "Point", "coordinates": [ 135.267785, 34.26991 ] } },
{ "type": "Feature", "properties": { "ID": 3022101200000, "正式名称": "串上内科消化器科", "機関区分": 2, "都道府県コード": 30, "市区町村コード": 201, "所在地": "和歌山県和歌山市川辺１３３－１", "緯度": 34.258133, "経度": 135.263063, "url": "https://www.iryou.teikyouseido.mhlw.go.jp/znk-web/juminkanja/S2430/initialize?prefCd=30&kikanCd=2101200000&kikanKbn=2", "url2": "https://www.kushigami-cl.com/", "内容": "串上内科消化器科【2:診療所】【診療科目:内科_呼吸器内科_循環器内科_消化器内科_胃腸内科_小児科_アレルギー科】和歌山県和歌山市川辺１３３－１" }, "geometry": { "type": "Point", "coordinates": [ 135.263063, 34.258133 ] } },
{ "type": "Feature", "properties": { "ID": 3022101500000, "正式名称": "米田医院", "機関区分": 2, "都道府県コード": 30, "市区町村コード": 201, "所在地": "和歌山県和歌山市島２３４－６", "緯度": 34.256356, "経度": 135.252287, "url": "https://www.iryou.teikyouseido.mhlw.go.jp/znk-web/juminkanja/S2430/initialize?prefCd=30&kikanCd=2101500000&kikanKbn=2", "url2": null, "内容": "米田医院【2:診療所】【診療科目:内科_呼吸器内科_循環器内科_消化器内科_アレルギー科_リハビリテーション科】和歌山県和歌山市島２３４－６" }, "geometry": { "type": "Point", "coordinates": [ 135.252287, 34.256356 ] } },
{ "type": "Feature", "properties": { "ID": 3022101600000, "正式名称": "二澤医院", "機関区分": 2, "都道府県コード": 30, "市区町村コード": 201, "所在地": "和歌山県和歌山市島２６－８１", "緯度": 34.260661, "経度": 135.253398, "url": "https://www.iryou.teikyouseido.mhlw.go.jp/znk-web/juminkanja/S2430/initialize?prefCd=30&kikanCd=2101600000&kikanKbn=2", "url2": null, "内容": "二澤医院【2:診療所】【診療科目:内科_感染症内科_糖尿病・内分泌内科_小児科_皮膚科_放射線科】和歌山県和歌山市島２６－８１" }, "geometry": { "type": "Point", "coordinates": [ 135.253398, 34.260661 ] } },
{ "type": "Feature", "properties": { "ID": 3022101700000, "正式名称": "はまだ産婦人科", "機関区分": 2, "都道府県コード": 30, "市区町村コード": 201, "所在地": "和歌山県和歌山市島２３０－２", "緯度": 34.257106, "経度": 135.252842, "url": "https://www.iryou.teikyouseido.mhlw.go.jp/znk-web/juminkanja/S2430/initialize?prefCd=30&kikanCd=2101700000&kikanKbn=2", "url2": "http://hama-san.com/", "内容": "はまだ産婦人科【2:診療所】【診療科目:小児科_産婦人科_婦人科】和歌山県和歌山市島２３０－２" }, "geometry": { "type": "Point", "coordinates": [ 135.252842, 34.257106 ] } },
{ "type": "Feature", "properties": { "ID": 3022102000000, "正式名称": "たにやまクリニック", "機関区分": 2, "都道府県コード": 30, "市区町村コード": 201, "所在地": "和歌山県和歌山市和佐関戸２４４－４", "緯度": 34.240135, "経度": 135.254871, "url": "https://www.iryou.teikyouseido.mhlw.go.jp/znk-web/juminkanja/S2430/initialize?prefCd=30&kikanCd=2102000000&kikanKbn=2", "url2": null, "内容": "たにやまクリニック【2:診療所】【診療科目:内科_ペインクリニック内科】和歌山県和歌山市和佐関戸２４４－４" }, "geometry": { "type": "Point", "coordinates": [ 135.254871, 34.240135 ] } },
{ "type": "Feature", "properties": { "ID": 3022102300000, "正式名称": "きのしたクリニック", "機関区分": 2, "都道府県コード": 30, "市区町村コード": 201, "所在地": "和歌山県和歌山市祢宜９７０－１", "緯度": 34.23497, "経度": 135.248649, "url": "https://www.iryou.teikyouseido.mhlw.go.jp/znk-web/juminkanja/S2430/initialize?prefCd=30&kikanCd=2102300000&kikanKbn=2", "url2": "http://www.taishin-kinoshita.or.jp", "内容": "きのしたクリニック【2:診療所】【診療科目:内科_糖尿病・内分泌内科_脳神経内科_循環器内科_腎臓内科_神経内科_外科_脳神経外科_整形外科_小児科_リハビリテーション科_放射線科】和歌山県和歌山市祢宜９７０－１" }, "geometry": { "type": "Point", "coordinates": [ 135.248649, 34.23497 ] } },
{ "type": "Feature", "properties": { "ID": 3022102500000, "正式名称": "中居内科", "機関区分": 2, "都道府県コード": 30, "市区町村コード": 201, "所在地": "和歌山県和歌山市和佐中２３１－１", "緯度": 34.235746, "経度": 135.242455, "url": "https://www.iryou.teikyouseido.mhlw.go.jp/znk-web/juminkanja/S2430/initialize?prefCd=30&kikanCd=2102500000&kikanKbn=2", "url2": null, "内容": "中居内科【2:診療所】【診療科目:内科_消化器内科】和歌山県和歌山市和佐中２３１－１" }, "geometry": { "type": "Point", "coordinates": [ 135.242455, 34.235746 ] } },
{ "type": "Feature", "properties": { "ID": 3022102700000, "正式名称": "綿貫第二クリニック", "機関区分": 2, "都道府県コード": 30, "市区町村コード": 201, "所在地": "和歌山県和歌山市北野川原田２８５番地", "緯度": 34.26841, "経度": 135.247453, "url": "https://www.iryou.teikyouseido.mhlw.go.jp/znk-web/juminkanja/S2430/initialize?prefCd=30&kikanCd=2102700000&kikanKbn=2", "url2": "https://anju-watanuki.or.jp", "内容": "綿貫第二クリニック【2:診療所】【診療科目:内科_ペインクリニック内科_整形外科_麻酔科】和歌山県和歌山市北野川原田２８５番地" }, "geometry": { "type": "Point", "coordinates": [ 135.247453, 34.26841 ] } },
{ "type": "Feature", "properties": { "ID": 3022103000000, "正式名称": "綿貫整形外科", "機関区分": 2, "都道府県コード": 30, "市区町村コード": 201, "所在地": "和歌山県和歌山市北野２８１番地", "緯度": 34.268501, "経度": 135.247026, "url": "https://www.iryou.teikyouseido.mhlw.go.jp/znk-web/juminkanja/S2430/initialize?prefCd=30&kikanCd=2103000000&kikanKbn=2", "url2": "https://watanuki.or.jp/", "内容": "綿貫整形外科【2:診療所】【診療科目:整形外科_リハビリテーション科_放射線科_麻酔科】和歌山県和歌山市北野２８１番地" }, "geometry": { "type": "Point", "coordinates": [ 135.247026, 34.268501 ] } },
{ "type": "Feature", "properties": { "ID": 3022103100000, "正式名称": "紀伊クリニック", "機関区分": 2, "都道府県コード": 30, "市区町村コード": 201, "所在地": "和歌山県和歌山市宇田森２７５番地の１０", "緯度": 34.263856, "経度": 135.249731, "url": "https://www.iryou.teikyouseido.mhlw.go.jp/znk-web/juminkanja/S2430/initialize?prefCd=30&kikanCd=2103100000&kikanKbn=2", "url2": "kiinosatokiiclinic.com", "内容": "紀伊クリニック【2:診療所】【診療科目:内科_外科_整形外科_リハビリテーション科_放射線科】和歌山県和歌山市宇田森２７５番地の１０" }, "geometry": { "type": "Point", "coordinates": [ 135.249731, 34.263856 ] } },
{ "type": "Feature", "properties": { "ID": 3022103300000, "正式名称": "クリニック森", "機関区分": 2, "都道府県コード": 30, "市区町村コード": 201, "所在地": "和歌山県和歌山市西田井２１６－１", "緯度": 34.258133, "経度": 135.233039, "url": "https://www.iryou.teikyouseido.mhlw.go.jp/znk-web/juminkanja/S2430/initialize?prefCd=30&kikanCd=2103300000&kikanKbn=2", "url2": null, "内容": "クリニック森【2:診療所】【診療科目:内科_消化器内科_小児科_リハビリテーション科】和歌山県和歌山市西田井２１６－１" }, "geometry": { "type": "Point", "coordinates": [ 135.233039, 34.258133 ] } },
{ "type": "Feature", "properties": { "ID": 3022103800000, "正式名称": "医療法人靖徳会　花野医院", "機関区分": 2, "都道府県コード": 30, "市区町村コード": 201, "所在地": "和歌山県和歌山市弘西７７４－１０", "緯度": 34.268577, "経度": 135.24287, "url": "https://www.iryou.teikyouseido.mhlw.go.jp/znk-web/juminkanja/S2430/initialize?prefCd=30&kikanCd=2103800000&kikanKbn=2", "url2": null, "内容": "医療法人靖徳会　花野医院【2:診療所】【診療科目:内科_呼吸器内科_循環器内科_消化器内科_放射線科】和歌山県和歌山市弘西７７４－１０" }, "geometry": { "type": "Point", "coordinates": [ 135.24287, 34.268577 ] } },
{ "type": "Feature", "properties": { "ID": 3022103900000, "正式名称": "医療法人　森医院", "機関区分": 2, "都道府県コード": 30, "市区町村コード": 201, "所在地": "和歌山県和歌山市弘西７９３", "緯度": 34.267077, "経度": 135.243425, "url": "https://www.iryou.teikyouseido.mhlw.go.jp/znk-web/juminkanja/S2430/initialize?prefCd=30&kikanCd=2103900000&kikanKbn=2", "url2": null, "内容": "医療法人　森医院【2:診療所】【診療科目:内科_呼吸器内科_循環器内科_消化器内科_小児科_放射線科】和歌山県和歌山市弘西７９３" }, "geometry": { "type": "Point", "coordinates": [ 135.243425, 34.267077 ] } },
{ "type": "Feature", "properties": { "ID": 3022104100000, "正式名称": "医療法人英正会　長雄整形外科", "機関区分": 2, "都道府県コード": 30, "市区町村コード": 208, "所在地": "和歌山県紀の川市下井阪４４７－１", "緯度": 34.257274, "経度": 135.341196, "url": "https://www.iryou.teikyouseido.mhlw.go.jp/znk-web/juminkanja/S2430/initialize?prefCd=30&kikanCd=2104100000&kikanKbn=2", "url2": null, "内容": "医療法人英正会　長雄整形外科【2:診療所】【診療科目:整形外科_リハビリテーション科】和歌山県紀の川市下井阪４４７－１" }, "geometry": { "type": "Point", "coordinates": [ 135.341196, 34.257274 ] } },
{ "type": "Feature", "properties": { "ID": 3022104300000, "正式名称": "梅田内科医院", "機関区分": 2, "都道府県コード": 30, "市区町村コード": 208, "所在地": "和歌山県紀の川市南勢田１７５", "緯度": 34.276244, "経度": 135.37347, "url": "https://www.iryou.teikyouseido.mhlw.go.jp/znk-web/juminkanja/S2430/initialize?prefCd=30&kikanCd=2104300000&kikanKbn=2", "url2": null, "内容": "梅田内科医院【2:診療所】【診療科目:内科_呼吸器内科_循環器内科_消化器内科_小児科_リハビリテーション科_放射線科】和歌山県紀の川市南勢田１７５" }, "geometry": { "type": "Point", "coordinates": [ 135.37347, 34.276244 ] } },
{ "type": "Feature", "properties": { "ID": 3022104500000, "正式名称": "奥クリニック", "機関区分": 2, "都道府県コード": 30, "市区町村コード": 208, "所在地": "和歌山県紀の川市黒土２６３－１", "緯度": 34.260635, "経度": 135.378942, "url": "https://www.iryou.teikyouseido.mhlw.go.jp/znk-web/juminkanja/S2430/initialize?prefCd=30&kikanCd=2104500000&kikanKbn=2", "url2": null, "内容": "奥クリニック【2:診療所】【診療科目:内科_呼吸器内科_循環器内科_消化器内科_胃腸内科_リハビリテーション科_放射線科】和歌山県紀の川市黒土２６３－１" }, "geometry": { "type": "Point", "coordinates": [ 135.378942, 34.260635 ] } },
{ "type": "Feature", "properties": { "ID": 3022104700000, "正式名称": "医療法人　かしい小児科", "機関区分": 2, "都道府県コード": 30, "市区町村コード": 208, "所在地": "和歌山県紀の川市打田１４１７－４", "緯度": 34.259413, "経度": 135.365305, "url": "https://www.iryou.teikyouseido.mhlw.go.jp/znk-web/juminkanja/S2430/initialize?prefCd=30&kikanCd=2104700000&kikanKbn=2", "url2": null, "内容": "医療法人　かしい小児科【2:診療所】【診療科目:小児科】和歌山県紀の川市打田１４１７－４" }, "geometry": { "type": "Point", "coordinates": [ 135.365305, 34.259413 ] } },
{ "type": "Feature", "properties": { "ID": 3022104800000, "正式名称": "正木クリニック", "機関区分": 2, "都道府県コード": 30, "市区町村コード": 208, "所在地": "和歌山県紀の川市打田１４１５－４", "緯度": 34.25883, "経度": 135.364805, "url": "https://www.iryou.teikyouseido.mhlw.go.jp/znk-web/juminkanja/S2430/initialize?prefCd=30&kikanCd=2104800000&kikanKbn=2", "url2": "http://www.myclinic.ne.jp/masaki/", "内容": "正木クリニック【2:診療所】【診療科目:内科_消化器内科_外科_肛門外科】和歌山県紀の川市打田１４１５－４" }, "geometry": { "type": "Point", "coordinates": [ 135.364805, 34.25883 ] } },
{ "type": "Feature", "properties": { "ID": 3022104900000, "正式名称": "宮井内科", "機関区分": 2, "都道府県コード": 30, "市区町村コード": 208, "所在地": "和歌山県紀の川市上野１３－１０", "緯度": 34.259635, "経度": 135.363278, "url": "https://www.iryou.teikyouseido.mhlw.go.jp/znk-web/juminkanja/S2430/initialize?prefCd=30&kikanCd=2104900000&kikanKbn=2", "url2": "http://wwwcitydo.com/prf/wakayama/guide/sg365001409.html", "内容": "宮井内科【2:診療所】【診療科目:内科】和歌山県紀の川市上野１３－１０" }, "geometry": { "type": "Point", "coordinates": [ 135.363278, 34.259635 ] } },
{ "type": "Feature", "properties": { "ID": 3022105000000, "正式名称": "循環器内科するたクリニック", "機関区分": 2, "都道府県コード": 30, "市区町村コード": 208, "所在地": "和歌山県紀の川市上野７８－１", "緯度": 34.261996, "経度": 135.362278, "url": "https://www.iryou.teikyouseido.mhlw.go.jp/znk-web/juminkanja/S2430/initialize?prefCd=30&kikanCd=2105000000&kikanKbn=2", "url2": "http://www.myclinic.ne.jp/surutacl/pc", "内容": "循環器内科するたクリニック【2:診療所】【診療科目:内科_循環器内科】和歌山県紀の川市上野７８－１" }, "geometry": { "type": "Point", "coordinates": [ 135.362278, 34.261996 ] } },
{ "type": "Feature", "properties": { "ID": 3022105100000, "正式名称": "医療法人　泉谷眼科", "機関区分": 2, "都道府県コード": 30, "市区町村コード": 208, "所在地": "和歌山県紀の川市上野１４－１", "緯度": 34.260024, "経度": 135.36325, "url": "https://www.iryou.teikyouseido.mhlw.go.jp/znk-web/juminkanja/S2430/initialize?prefCd=30&kikanCd=2105100000&kikanKbn=2", "url2": null, "内容": "医療法人　泉谷眼科【2:診療所】【診療科目:眼科】和歌山県紀の川市上野１４－１" }, "geometry": { "type": "Point", "coordinates": [ 135.36325, 34.260024 ] } },
{ "type": "Feature", "properties": { "ID": 3022105200000, "正式名称": "山口胃腸科", "機関区分": 2, "都道府県コード": 30, "市区町村コード": 208, "所在地": "和歌山県紀の川市西大井１４８－９", "緯度": 34.265912, "経度": 135.361305, "url": "https://www.iryou.teikyouseido.mhlw.go.jp/znk-web/juminkanja/S2430/initialize?prefCd=30&kikanCd=2105200000&kikanKbn=2", "url2": null, "内容": "山口胃腸科【2:診療所】【診療科目:内科_消化器内科_外科_肛門外科】和歌山県紀の川市西大井１４８－９" }, "geometry": { "type": "Point", "coordinates": [ 135.361305, 34.265912 ] } },
{ "type": "Feature", "properties": { "ID": 3022105300000, "正式名称": "いちごクリニック", "機関区分": 2, "都道府県コード": 30, "市区町村コード": 208, "所在地": "和歌山県紀の川市西大井２１０－１", "緯度": 34.266884, "経度": 135.358166, "url": "https://www.iryou.teikyouseido.mhlw.go.jp/znk-web/juminkanja/S2430/initialize?prefCd=30&kikanCd=2105300000&kikanKbn=2", "url2": null, "内容": "いちごクリニック【2:診療所】【診療科目:内科_小児科_アレルギー科】和歌山県紀の川市西大井２１０－１" }, "geometry": { "type": "Point", "coordinates": [ 135.358166, 34.266884 ] } },
{ "type": "Feature", "properties": { "ID": 3022105400000, "正式名称": "医療法人　西浦内科クリニック", "機関区分": 2, "都道府県コード": 30, "市区町村コード": 208, "所在地": "和歌山県紀の川市西大井１１７－６", "緯度": 34.267134, "経度": 135.362721, "url": "https://www.iryou.teikyouseido.mhlw.go.jp/znk-web/juminkanja/S2430/initialize?prefCd=30&kikanCd=2105400000&kikanKbn=2", "url2": "http://i-nishiuranaika.webmedipr.jp", "内容": "医療法人　西浦内科クリニック【2:診療所】【診療科目:内科_糖尿病・内分泌内科_呼吸器内科_消化器内科_リハビリテーション科】和歌山県紀の川市西大井１１７－６" }, "geometry": { "type": "Point", "coordinates": [ 135.362721, 34.267134 ] } },
{ "type": "Feature", "properties": { "ID": 3022105500000, "正式名称": "坂中内科", "機関区分": 2, "都道府県コード": 30, "市区町村コード": 208, "所在地": "和歌山県紀の川市花野９１－４", "緯度": 34.258719, "経度": 135.358222, "url": "https://www.iryou.teikyouseido.mhlw.go.jp/znk-web/juminkanja/S2430/initialize?prefCd=30&kikanCd=2105500000&kikanKbn=2", "url2": null, "内容": "坂中内科【2:診療所】【診療科目:内科_循環器内科_消化器内科_小児科】和歌山県紀の川市花野９１－４" }, "geometry": { "type": "Point", "coordinates": [ 135.358222, 34.258719 ] } },
{ "type": "Feature", "properties": { "ID": 3022105900000, "正式名称": "上田内科クリニック", "機関区分": 2, "都道府県コード": 30, "市区町村コード": 208, "所在地": "和歌山県紀の川市東国分４３１－１", "緯度": 34.269912, "経度": 135.34364, "url": "https://www.iryou.teikyouseido.mhlw.go.jp/znk-web/juminkanja/S2430/initialize?prefCd=30&kikanCd=2105900000&kikanKbn=2", "url2": "http://www.naxnet.or.jp/~uedaa/", "内容": "上田内科クリニック【2:診療所】【診療科目:内科_糖尿病・代謝内科_呼吸器内科_循環器内科_消化器内科_小児科_アレルギー科_リハビリテーション科_放射線科】和歌山県紀の川市東国分４３１－１" }, "geometry": { "type": "Point", "coordinates": [ 135.34364, 34.269912 ] } },
{ "type": "Feature", "properties": { "ID": 3022106000000, "正式名称": "林内科", "機関区分": 2, "都道府県コード": 30, "市区町村コード": 208, "所在地": "和歌山県紀の川市長田中３９４－３", "緯度": 34.277301, "経度": 135.391413, "url": "https://www.iryou.teikyouseido.mhlw.go.jp/znk-web/juminkanja/S2430/initialize?prefCd=30&kikanCd=2106000000&kikanKbn=2", "url2": null, "内容": "林内科【2:診療所】【診療科目:内科_糖尿病・代謝内科_循環器内科_消化器内科_小児科_放射線科】和歌山県紀の川市長田中３９４－３" }, "geometry": { "type": "Point", "coordinates": [ 135.391413, 34.277301 ] } },
{ "type": "Feature", "properties": { "ID": 3022106100000, "正式名称": "中田内科・胃腸科", "機関区分": 2, "都道府県コード": 30, "市区町村コード": 208, "所在地": "和歌山県紀の川市猪垣５５－３", "緯度": 34.281578, "経度": 135.397718, "url": "https://www.iryou.teikyouseido.mhlw.go.jp/znk-web/juminkanja/S2430/initialize?prefCd=30&kikanCd=2106100000&kikanKbn=2", "url2": null, "内容": "中田内科・胃腸科【2:診療所】【診療科目:内科_消化器内科_胃腸内科】和歌山県紀の川市猪垣５５－３" }, "geometry": { "type": "Point", "coordinates": [ 135.397718, 34.281578 ] } },
{ "type": "Feature", "properties": { "ID": 3022106600000, "正式名称": "はしづめ眼科", "機関区分": 2, "都道府県コード": 30, "市区町村コード": 208, "所在地": "和歌山県紀の川市粉河２１４８－１", "緯度": 34.276801, "経度": 135.403607, "url": "https://www.iryou.teikyouseido.mhlw.go.jp/znk-web/juminkanja/S2430/initialize?prefCd=30&kikanCd=2106600000&kikanKbn=2", "url2": null, "内容": "はしづめ眼科【2:診療所】【診療科目:眼科】和歌山県紀の川市粉河２１４８－１" }, "geometry": { "type": "Point", "coordinates": [ 135.403607, 34.276801 ] } },
{ "type": "Feature", "properties": { "ID": 3022107000000, "正式名称": "医療法人　慈愛会　勝田胃腸内科外科医院", "機関区分": 2, "都道府県コード": 30, "市区町村コード": 208, "所在地": "和歌山県紀の川市粉河１９１６", "緯度": 34.27606, "経度": 135.403964, "url": "https://www.iryou.teikyouseido.mhlw.go.jp/znk-web/juminkanja/S2430/initialize?prefCd=30&kikanCd=2107000000&kikanKbn=2", "url2": "http://www.katsuda-ichouka.or.jp", "内容": "医療法人　慈愛会　勝田胃腸内科外科医院【2:診療所】【診療科目:内科_消化器内科_外科_消化器外科_乳腺外科_肛門外科_リハビリテーション科_放射線科_麻酔科】和歌山県紀の川市粉河１９１６" }, "geometry": { "type": "Point", "coordinates": [ 135.403964, 34.27606 ] } },
{ "type": "Feature", "properties": { "ID": 3022107100000, "正式名称": "高木内科", "機関区分": 2, "都道府県コード": 30, "市区町村コード": 208, "所在地": "和歌山県紀の川市粉河４１８番地－２", "緯度": 34.269108, "経度": 135.408218, "url": "https://www.iryou.teikyouseido.mhlw.go.jp/znk-web/juminkanja/S2430/initialize?prefCd=30&kikanCd=2107100000&kikanKbn=2", "url2": "http://www.takagi-naika.net/index.html", "内容": "高木内科【2:診療所】【診療科目:内科_呼吸器内科_循環器内科_消化器内科_小児科_放射線科】和歌山県紀の川市粉河４１８番地－２" }, "geometry": { "type": "Point", "coordinates": [ 135.408218, 34.269108 ] } },
{ "type": "Feature", "properties": { "ID": 3022107400000, "正式名称": "紀の川市国民健康保険直営鞆渕診療所", "機関区分": 2, "都道府県コード": 30, "市区町村コード": 208, "所在地": "和歌山県紀の川市中鞆渕１６３４番地１", "緯度": 34.219208, "経度": 135.443909, "url": "https://www.iryou.teikyouseido.mhlw.go.jp/znk-web/juminkanja/S2430/initialize?prefCd=30&kikanCd=2107400000&kikanKbn=2", "url2": "https://www.city.kinokawa.lg.jp/020/2023-0126-1804-28.html", "内容": "紀の川市国民健康保険直営鞆渕診療所【2:診療所】【診療科目:内科】和歌山県紀の川市中鞆渕１６３４番地１" }, "geometry": { "type": "Point", "coordinates": [ 135.443909, 34.219208 ] } },
{ "type": "Feature", "properties": { "ID": 3022107500000, "正式名称": "澤田泌尿器科・内科クリニック", "機関区分": 2, "都道府県コード": 30, "市区町村コード": 208, "所在地": "和歌山県紀の川市西野山４８０－５", "緯度": 34.28202, "経度": 135.441255, "url": "https://www.iryou.teikyouseido.mhlw.go.jp/znk-web/juminkanja/S2430/initialize?prefCd=30&kikanCd=2107500000&kikanKbn=2", "url2": null, "内容": "澤田泌尿器科・内科クリニック【2:診療所】【診療科目:内科_泌尿器科】和歌山県紀の川市西野山４８０－５" }, "geometry": { "type": "Point", "coordinates": [ 135.441255, 34.28202 ] } },
{ "type": "Feature", "properties": { "ID": 3022107800000, "正式名称": "佐藤クリニック", "機関区分": 2, "都道府県コード": 30, "市区町村コード": 208, "所在地": "和歌山県紀の川市藤崎３６３－２", "緯度": 34.270941, "経度": 135.42491, "url": "https://www.iryou.teikyouseido.mhlw.go.jp/znk-web/juminkanja/S2430/initialize?prefCd=30&kikanCd=2107800000&kikanKbn=2", "url2": null, "内容": "佐藤クリニック【2:診療所】【診療科目:内科_循環器内科_消化器内科】和歌山県紀の川市藤崎３６３－２" }, "geometry": { "type": "Point", "coordinates": [ 135.42491, 34.270941 ] } },
{ "type": "Feature", "properties": { "ID": 3022107900000, "正式名称": "阪口クリニック", "機関区分": 2, "都道府県コード": 30, "市区町村コード": 208, "所在地": "和歌山県紀の川市名手市場６３", "緯度": 34.273969, "経度": 135.434243, "url": "https://www.iryou.teikyouseido.mhlw.go.jp/znk-web/juminkanja/S2430/initialize?prefCd=30&kikanCd=2107900000&kikanKbn=2", "url2": null, "内容": "阪口クリニック【2:診療所】【診療科目:内科_外科_リハビリテーション科_麻酔科】和歌山県紀の川市名手市場６３" }, "geometry": { "type": "Point", "coordinates": [ 135.434243, 34.273969 ] } },
{ "type": "Feature", "properties": { "ID": 3022108100000, "正式名称": "黒岩クリニック", "機関区分": 2, "都道府県コード": 30, "市区町村コード": 341, "所在地": "和歌山県伊都郡かつらぎ町妙寺９９８", "緯度": 34.302883, "経度": 135.5224, "url": "https://www.iryou.teikyouseido.mhlw.go.jp/znk-web/juminkanja/S2430/initialize?prefCd=30&kikanCd=2108100000&kikanKbn=2", "url2": null, "内容": "黒岩クリニック【2:診療所】【診療科目:内科_呼吸器内科_循環器内科_消化器内科_リハビリテーション科_放射線科】和歌山県伊都郡かつらぎ町妙寺９９８" }, "geometry": { "type": "Point", "coordinates": [ 135.5224, 34.302883 ] } },
{ "type": "Feature", "properties": { "ID": 3022108300000, "正式名称": "阪中外科", "機関区分": 2, "都道府県コード": 30, "市区町村コード": 341, "所在地": "和歌山県伊都郡かつらぎ町妙寺２１－１", "緯度": 34.298829, "経度": 135.524457, "url": "https://www.iryou.teikyouseido.mhlw.go.jp/znk-web/juminkanja/S2430/initialize?prefCd=30&kikanCd=2108300000&kikanKbn=2", "url2": null, "内容": "阪中外科【2:診療所】【診療科目:内科_外科_整形外科】和歌山県伊都郡かつらぎ町妙寺２１－１" }, "geometry": { "type": "Point", "coordinates": [ 135.524457, 34.298829 ] } },
{ "type": "Feature", "properties": { "ID": 3022108400000, "正式名称": "米田小児科医院", "機関区分": 2, "都道府県コード": 30, "市区町村コード": 341, "所在地": "和歌山県伊都郡かつらぎ町妙寺４３７－１３", "緯度": 34.297051, "経度": 135.521457, "url": "https://www.iryou.teikyouseido.mhlw.go.jp/znk-web/juminkanja/S2430/initialize?prefCd=30&kikanCd=2108400000&kikanKbn=2", "url2": "http://koseikai.kids.coocan.jp/", "内容": "米田小児科医院【2:診療所】【診療科目:小児科_アレルギー科_予防接種】和歌山県伊都郡かつらぎ町妙寺４３７－１３" }, "geometry": { "type": "Point", "coordinates": [ 135.521457, 34.297051 ] } },
{ "type": "Feature", "properties": { "ID": 3022108900000, "正式名称": "北林医院", "機関区分": 2, "都道府県コード": 30, "市区町村コード": 341, "所在地": "和歌山県伊都郡かつらぎ町笠田東６４８－５", "緯度": 34.289051, "経度": 135.475933, "url": "https://www.iryou.teikyouseido.mhlw.go.jp/znk-web/juminkanja/S2430/initialize?prefCd=30&kikanCd=2108900000&kikanKbn=2", "url2": null, "内容": "北林医院【2:診療所】【診療科目:外科_整形外科】和歌山県伊都郡かつらぎ町笠田東６４８－５" }, "geometry": { "type": "Point", "coordinates": [ 135.475933, 34.289051 ] } },
{ "type": "Feature", "properties": { "ID": 3022109000000, "正式名称": "医療法人　九曜會　前田医院", "機関区分": 2, "都道府県コード": 30, "市区町村コード": 341, "所在地": "和歌山県伊都郡かつらぎ町笠田東７２７", "緯度": 34.289134, "経度": 135.478544, "url": "https://www.iryou.teikyouseido.mhlw.go.jp/znk-web/juminkanja/S2430/initialize?prefCd=30&kikanCd=2109000000&kikanKbn=2", "url2": null, "内容": "医療法人　九曜會　前田医院【2:診療所】【診療科目:内科_泌尿器科】和歌山県伊都郡かつらぎ町笠田東７２７" }, "geometry": { "type": "Point", "coordinates": [ 135.478544, 34.289134 ] } },
{ "type": "Feature", "properties": { "ID": 3022109200000, "正式名称": "永野医院", "機関区分": 2, "都道府県コード": 30, "市区町村コード": 341, "所在地": "和歌山県伊都郡かつらぎ町笠田東９７－１", "緯度": 34.288122, "経度": 135.482716, "url": "https://www.iryou.teikyouseido.mhlw.go.jp/znk-web/juminkanja/S2430/initialize?prefCd=30&kikanCd=2109200000&kikanKbn=2", "url2": null, "内容": "永野医院【2:診療所】【診療科目:内科_循環器内科_消化器内科】和歌山県伊都郡かつらぎ町笠田東９７－１" }, "geometry": { "type": "Point", "coordinates": [ 135.482716, 34.288122 ] } },
{ "type": "Feature", "properties": { "ID": 3022109300000, "正式名称": "たかの耳鼻咽喉科", "機関区分": 2, "都道府県コード": 30, "市区町村コード": 341, "所在地": "和歌山県伊都郡かつらぎ町笠田東２２５－５", "緯度": 34.285634, "経度": 135.480628, "url": "https://www.iryou.teikyouseido.mhlw.go.jp/znk-web/juminkanja/S2430/initialize?prefCd=30&kikanCd=2109300000&kikanKbn=2", "url2": null, "内容": "たかの耳鼻咽喉科【2:診療所】【診療科目:耳鼻いんこう科_頭頸部・耳鼻いんこう科_アレルギー科】和歌山県伊都郡かつらぎ町笠田東２２５－５" }, "geometry": { "type": "Point", "coordinates": [ 135.480628, 34.285634 ] } },
{ "type": "Feature", "properties": { "ID": 3022109600000, "正式名称": "馬場眼科", "機関区分": 2, "都道府県コード": 30, "市区町村コード": 341, "所在地": "和歌山県伊都郡かつらぎ町佐野１００８－１", "緯度": 34.29144, "経度": 135.488099, "url": "https://www.iryou.teikyouseido.mhlw.go.jp/znk-web/juminkanja/S2430/initialize?prefCd=30&kikanCd=2109600000&kikanKbn=2", "url2": null, "内容": "馬場眼科【2:診療所】【診療科目:眼科】和歌山県伊都郡かつらぎ町佐野１００８－１" }, "geometry": { "type": "Point", "coordinates": [ 135.488099, 34.29144 ] } },
{ "type": "Feature", "properties": { "ID": 3022110000000, "正式名称": "ハギノ眼科クリニック", "機関区分": 2, "都道府県コード": 30, "市区町村コード": 203, "所在地": "和歌山県橋本市高野口町名古曽７００－３", "緯度": 34.305107, "経度": 135.562925, "url": "https://www.iryou.teikyouseido.mhlw.go.jp/znk-web/juminkanja/S2430/initialize?prefCd=30&kikanCd=2110000000&kikanKbn=2", "url2": null, "内容": "ハギノ眼科クリニック【2:診療所】【診療科目:眼科】和歌山県橋本市高野口町名古曽７００－３" }, "geometry": { "type": "Point", "coordinates": [ 135.562925, 34.305107 ] } },
{ "type": "Feature", "properties": { "ID": 3022110100000, "正式名称": "阪上医院", "機関区分": 2, "都道府県コード": 30, "市区町村コード": 203, "所在地": "和歌山県橋本市高野口町名古曽１０３８－２", "緯度": 34.306578, "経度": 135.558203, "url": "https://www.iryou.teikyouseido.mhlw.go.jp/znk-web/juminkanja/S2430/initialize?prefCd=30&kikanCd=2110100000&kikanKbn=2", "url2": null, "内容": "阪上医院【2:診療所】【診療科目:内科】和歌山県橋本市高野口町名古曽１０３８－２" }, "geometry": { "type": "Point", "coordinates": [ 135.558203, 34.306578 ] } },
{ "type": "Feature", "properties": { "ID": 3022110200000, "正式名称": "医療法人　河原整形外科", "機関区分": 2, "都道府県コード": 30, "市区町村コード": 203, "所在地": "和歌山県橋本市高野口町名古曽２８３－１", "緯度": 34.304718, "経度": 135.565731, "url": "https://www.iryou.teikyouseido.mhlw.go.jp/znk-web/juminkanja/S2430/initialize?prefCd=30&kikanCd=2110200000&kikanKbn=2", "url2": null, "内容": "医療法人　河原整形外科【2:診療所】【診療科目:整形外科_リハビリテーション科】和歌山県橋本市高野口町名古曽２８３－１" }, "geometry": { "type": "Point", "coordinates": [ 135.565731, 34.304718 ] } },
{ "type": "Feature", "properties": { "ID": 3022110400000, "正式名称": "栗山クリニック", "機関区分": 2, "都道府県コード": 30, "市区町村コード": 203, "所在地": "和歌山県橋本市高野口町小田６５３－２", "緯度": 34.300745, "経度": 135.55987, "url": "https://www.iryou.teikyouseido.mhlw.go.jp/znk-web/juminkanja/S2430/initialize?prefCd=30&kikanCd=2110400000&kikanKbn=2", "url2": null, "内容": "栗山クリニック【2:診療所】【診療科目:内科_循環器内科_消化器内科_外科_脳神経外科_整形外科_リハビリテーション科_放射線科】和歌山県橋本市高野口町小田６５３－２" }, "geometry": { "type": "Point", "coordinates": [ 135.55987, 34.300745 ] } },
{ "type": "Feature", "properties": { "ID": 3022110700000, "正式名称": "玉井医院", "機関区分": 2, "都道府県コード": 30, "市区町村コード": 203, "所在地": "和歌山県橋本市高野口町名倉６４１", "緯度": 34.305661, "経度": 135.557425, "url": "https://www.iryou.teikyouseido.mhlw.go.jp/znk-web/juminkanja/S2430/initialize?prefCd=30&kikanCd=2110700000&kikanKbn=2", "url2": "http://yume.kitken.com/com/yume_hosp/clinic_tamai.html", "内容": "玉井医院【2:診療所】【診療科目:内科_呼吸器内科_循環器内科_消化器内科_小児科_放射線科】和歌山県橋本市高野口町名倉６４１" }, "geometry": { "type": "Point", "coordinates": [ 135.557425, 34.305661 ] } },
{ "type": "Feature", "properties": { "ID": 3022111000000, "正式名称": "狩谷医院", "機関区分": 2, "都道府県コード": 30, "市区町村コード": 203, "所在地": "和歌山県橋本市高野口町向島１８３－１", "緯度": 34.30194, "経度": 135.553426, "url": "https://www.iryou.teikyouseido.mhlw.go.jp/znk-web/juminkanja/S2430/initialize?prefCd=30&kikanCd=2111000000&kikanKbn=2", "url2": null, "内容": "狩谷医院【2:診療所】【診療科目:内科_婦人科】和歌山県橋本市高野口町向島１８３－１" }, "geometry": { "type": "Point", "coordinates": [ 135.553426, 34.30194 ] } },
{ "type": "Feature", "properties": { "ID": 3022111100000, "正式名称": "虎谷内科小児科医院", "機関区分": 2, "都道府県コード": 30, "市区町村コード": 203, "所在地": "和歌山県橋本市高野口町向島１７７", "緯度": 34.302718, "経度": 135.552621, "url": "https://www.iryou.teikyouseido.mhlw.go.jp/znk-web/juminkanja/S2430/initialize?prefCd=30&kikanCd=2111100000&kikanKbn=2", "url2": null, "内容": "虎谷内科小児科医院【2:診療所】【診療科目:内科_循環器内科_消化器内科_小児科_放射線科】和歌山県橋本市高野口町向島１７７" }, "geometry": { "type": "Point", "coordinates": [ 135.552621, 34.302718 ] } },
{ "type": "Feature", "properties": { "ID": 3022111200000, "正式名称": "森下クリニック", "機関区分": 2, "都道府県コード": 30, "市区町村コード": 203, "所在地": "和歌山県橋本市高野口町向島４２－１３", "緯度": 34.299773, "経度": 135.555704, "url": "https://www.iryou.teikyouseido.mhlw.go.jp/znk-web/juminkanja/S2430/initialize?prefCd=30&kikanCd=2111200000&kikanKbn=2", "url2": null, "内容": "森下クリニック【2:診療所】【診療科目:内科_呼吸器内科_循環器内科_消化器内科_女性内科_アレルギー疾患内科_リハビリテーション科_放射線科】和歌山県橋本市高野口町向島４２－１３" }, "geometry": { "type": "Point", "coordinates": [ 135.555704, 34.299773 ] } },
{ "type": "Feature", "properties": { "ID": 3022111500000, "正式名称": "辻本クリニック", "機関区分": 2, "都道府県コード": 30, "市区町村コード": 203, "所在地": "和歌山県橋本市高野口町大野２３５－１", "緯度": 34.304856, "経度": 135.548621, "url": "https://www.iryou.teikyouseido.mhlw.go.jp/znk-web/juminkanja/S2430/initialize?prefCd=30&kikanCd=2111500000&kikanKbn=2", "url2": "http://tsujiclinic.sakura.ne.jp/index.html", "内容": "辻本クリニック【2:診療所】【診療科目:内科_循環器内科_消化器内科_整形外科_小児科】和歌山県橋本市高野口町大野２３５－１" }, "geometry": { "type": "Point", "coordinates": [ 135.548621, 34.304856 ] } },
{ "type": "Feature", "properties": { "ID": 3022111800000, "正式名称": "だけクリニック耳鼻咽喉科・アレルギー科", "機関区分": 2, "都道府県コード": 30, "市区町村コード": 201, "所在地": "和歌山県和歌山市蔵小路１５‐１", "緯度": 34.229774, "経度": 135.184988, "url": "https://www.iryou.teikyouseido.mhlw.go.jp/znk-web/juminkanja/S2430/initialize?prefCd=30&kikanCd=2111800000&kikanKbn=2", "url2": "http://dakeclinic.jp/", "内容": "だけクリニック耳鼻咽喉科・アレルギー科【2:診療所】【診療科目:耳鼻いんこう科_アレルギー科】和歌山県和歌山市蔵小路１５‐１" }, "geometry": { "type": "Point", "coordinates": [ 135.184988, 34.229774 ] } },
{ "type": "Feature", "properties": { "ID": 3022111900000, "正式名称": "山西内科", "機関区分": 2, "都道府県コード": 30, "市区町村コード": 202, "所在地": "和歌山県海南市藤白１６６‐９", "緯度": 34.146117, "経度": 135.210212, "url": "https://www.iryou.teikyouseido.mhlw.go.jp/znk-web/juminkanja/S2430/initialize?prefCd=30&kikanCd=2111900000&kikanKbn=2", "url2": "http://www7b.biglobe.ne.jp/~yamanishi-clinic/", "内容": "山西内科【2:診療所】【診療科目:内科_呼吸器内科_循環器内科_消化器内科_放射線科】和歌山県海南市藤白１６６‐９" }, "geometry": { "type": "Point", "coordinates": [ 135.210212, 34.146117 ] } },
{ "type": "Feature", "properties": { "ID": 3022112000000, "正式名称": "しばもり耳鼻咽喉科", "機関区分": 2, "都道府県コード": 30, "市区町村コード": 201, "所在地": "和歌山県和歌山市楠本７２－１２３", "緯度": 34.259828, "経度": 135.253342, "url": "https://www.iryou.teikyouseido.mhlw.go.jp/znk-web/juminkanja/S2430/initialize?prefCd=30&kikanCd=2112000000&kikanKbn=2", "url2": null, "内容": "しばもり耳鼻咽喉科【2:診療所】【診療科目:耳鼻いんこう科_アレルギー科】和歌山県和歌山市楠本７２－１２３" }, "geometry": { "type": "Point", "coordinates": [ 135.253342, 34.259828 ] } },
{ "type": "Feature", "properties": { "ID": 3022112100000, "正式名称": "やもとクリニック", "機関区分": 2, "都道府県コード": 30, "市区町村コード": 428, "所在地": "和歌山県東牟婁郡串本町上野山１９１番地", "緯度": 33.516982, "経度": 135.832585, "url": "https://www.iryou.teikyouseido.mhlw.go.jp/znk-web/juminkanja/S2430/initialize?prefCd=30&kikanCd=2112100000&kikanKbn=2", "url2": null, "内容": "やもとクリニック【2:診療所】【診療科目:内科_消化器内科_外科_肛門外科_放射線科】和歌山県東牟婁郡串本町上野山１９１番地" }, "geometry": { "type": "Point", "coordinates": [ 135.832585, 33.516982 ] } },
{ "type": "Feature", "properties": { "ID": 3022112200000, "正式名称": "多美クリニック", "機関区分": 2, "都道府県コード": 30, "市区町村コード": 201, "所在地": "和歌山県和歌山市太田１丁目１３－１０", "緯度": 34.232163, "経度": 135.193543, "url": "https://www.iryou.teikyouseido.mhlw.go.jp/znk-web/juminkanja/S2430/initialize?prefCd=30&kikanCd=2112200000&kikanKbn=2", "url2": "http://www.tami-clinic.jp", "内容": "多美クリニック【2:診療所】【診療科目:内科_脳神経内科】和歌山県和歌山市太田１丁目１３－１０" }, "geometry": { "type": "Point", "coordinates": [ 135.193543, 34.232163 ] } },
{ "type": "Feature", "properties": { "ID": 3022112300000, "正式名称": "みなかた内科", "機関区分": 2, "都道府県コード": 30, "市区町村コード": 201, "所在地": "和歌山県和歌山市松江北５丁目５番９号", "緯度": 34.249966, "経度": 135.131935, "url": "https://www.iryou.teikyouseido.mhlw.go.jp/znk-web/juminkanja/S2430/initialize?prefCd=30&kikanCd=2112300000&kikanKbn=2", "url2": "http://www7b.biglobe.ne.jp/~minakata-naika/", "内容": "みなかた内科【2:診療所】【診療科目:内科_呼吸器内科_循環器内科_消化器内科_小児科_放射線科】和歌山県和歌山市松江北５丁目５番９号" }, "geometry": { "type": "Point", "coordinates": [ 135.131935, 34.249966 ] } },
{ "type": "Feature", "properties": { "ID": 3022112400000, "正式名称": "ほんぐうクリニック", "機関区分": 2, "都道府県コード": 30, "市区町村コード": 206, "所在地": "和歌山県田辺市本宮町本宮１４７－３", "緯度": 33.839104, "経度": 135.775568, "url": "https://www.iryou.teikyouseido.mhlw.go.jp/znk-web/juminkanja/S2430/initialize?prefCd=30&kikanCd=2112400000&kikanKbn=2", "url2": "https://honguclinic.jimdofree.com", "内容": "ほんぐうクリニック【2:診療所】【診療科目:内科_循環器内科_小児科】和歌山県田辺市本宮町本宮１４７－３" }, "geometry": { "type": "Point", "coordinates": [ 135.775568, 33.839104 ] } },
{ "type": "Feature", "properties": { "ID": 3022112700000, "正式名称": "しおや整形外科リハビリテーション科", "機関区分": 2, "都道府県コード": 30, "市区町村コード": 201, "所在地": "和歌山県和歌山市塩屋５丁目１－１５", "緯度": 34.201666, "経度": 135.17874, "url": "https://www.iryou.teikyouseido.mhlw.go.jp/znk-web/juminkanja/S2430/initialize?prefCd=30&kikanCd=2112700000&kikanKbn=2", "url2": null, "内容": "しおや整形外科リハビリテーション科【2:診療所】【診療科目:整形外科_リハビリテーション科】和歌山県和歌山市塩屋５丁目１－１５" }, "geometry": { "type": "Point", "coordinates": [ 135.17874, 34.201666 ] } },
{ "type": "Feature", "properties": { "ID": 3022112800000, "正式名称": "耳鼻咽喉科ごとう医院", "機関区分": 2, "都道府県コード": 30, "市区町村コード": 361, "所在地": "和歌山県有田郡湯浅町湯浅１２８－２", "緯度": 34.034767, "経度": 135.173387, "url": "https://www.iryou.teikyouseido.mhlw.go.jp/znk-web/juminkanja/S2430/initialize?prefCd=30&kikanCd=2112800000&kikanKbn=2", "url2": null, "内容": "耳鼻咽喉科ごとう医院【2:診療所】【診療科目:小児耳鼻いんこう科_耳鼻いんこう科_頭頸部・耳鼻いんこう科_アレルギー科】和歌山県有田郡湯浅町湯浅１２８－２" }, "geometry": { "type": "Point", "coordinates": [ 135.173387, 34.034767 ] } },
{ "type": "Feature", "properties": { "ID": 3022112900000, "正式名称": "じょうはたクリニック", "機関区分": 2, "都道府県コード": 30, "市区町村コード": 201, "所在地": "和歌山県和歌山市神前３２２－６", "緯度": 34.212224, "経度": 135.201568, "url": "https://www.iryou.teikyouseido.mhlw.go.jp/znk-web/juminkanja/S2430/initialize?prefCd=30&kikanCd=2112900000&kikanKbn=2", "url2": null, "内容": "じょうはたクリニック【2:診療所】【診療科目:内科_胃腸内科_外科_肛門外科】和歌山県和歌山市神前３２２－６" }, "geometry": { "type": "Point", "coordinates": [ 135.201568, 34.212224 ] } },
{ "type": "Feature", "properties": { "ID": 3022113000000, "正式名称": "みずこしこどもクリニック", "機関区分": 2, "都道府県コード": 30, "市区町村コード": 201, "所在地": "和歌山県和歌山市弘西７９０－１", "緯度": 34.267493, "経度": 135.242703, "url": "https://www.iryou.teikyouseido.mhlw.go.jp/znk-web/juminkanja/S2430/initialize?prefCd=30&kikanCd=2113000000&kikanKbn=2", "url2": null, "内容": "みずこしこどもクリニック【2:診療所】【診療科目:小児科】和歌山県和歌山市弘西７９０－１" }, "geometry": { "type": "Point", "coordinates": [ 135.242703, 34.267493 ] } },
{ "type": "Feature", "properties": { "ID": 3022113100000, "正式名称": "西川内科クリニック", "機関区分": 2, "都道府県コード": 30, "市区町村コード": 201, "所在地": "和歌山県和歌山市黒田１丁目２－４寺本興産ビル１Ｆ", "緯度": 34.232941, "経度": 135.19307, "url": "https://www.iryou.teikyouseido.mhlw.go.jp/znk-web/juminkanja/S2430/initialize?prefCd=30&kikanCd=2113100000&kikanKbn=2", "url2": null, "内容": "西川内科クリニック【2:診療所】【診療科目:内科_循環器内科_消化器内科_リハビリテーション科】和歌山県和歌山市黒田１丁目２－４寺本興産ビル１Ｆ" }, "geometry": { "type": "Point", "coordinates": [ 135.19307, 34.232941 ] } },
{ "type": "Feature", "properties": { "ID": 3022113200000, "正式名称": "おくだこどもクリニック", "機関区分": 2, "都道府県コード": 30, "市区町村コード": 205, "所在地": "和歌山県御坊市湯川町小松原５５１－４", "緯度": 33.905169, "経度": 135.152645, "url": "https://www.iryou.teikyouseido.mhlw.go.jp/znk-web/juminkanja/S2430/initialize?prefCd=30&kikanCd=2113200000&kikanKbn=2", "url2": null, "内容": "おくだこどもクリニック【2:診療所】【診療科目:小児科】和歌山県御坊市湯川町小松原５５１－４" }, "geometry": { "type": "Point", "coordinates": [ 135.152645, 33.905169 ] } },
{ "type": "Feature", "properties": { "ID": 3022113300000, "正式名称": "まちだ内科クリニック", "機関区分": 2, "都道府県コード": 30, "市区町村コード": 206, "所在地": "和歌山県田辺市下三栖１２５７番４", "緯度": 33.734887, "経度": 135.420685, "url": "https://www.iryou.teikyouseido.mhlw.go.jp/znk-web/juminkanja/S2430/initialize?prefCd=30&kikanCd=2113300000&kikanKbn=2", "url2": null, "内容": "まちだ内科クリニック【2:診療所】【診療科目:内科_糖尿病・代謝内科_呼吸器内科_循環器内科_消化器内科_アレルギー科】和歌山県田辺市下三栖１２５７番４" }, "geometry": { "type": "Point", "coordinates": [ 135.420685, 33.734887 ] } },
{ "type": "Feature", "properties": { "ID": 3022113400000, "正式名称": "さわ内科医院", "機関区分": 2, "都道府県コード": 30, "市区町村コード": 201, "所在地": "和歌山県和歌山市新留丁３２", "緯度": 34.225164, "経度": 135.185794, "url": "https://www.iryou.teikyouseido.mhlw.go.jp/znk-web/juminkanja/S2430/initialize?prefCd=30&kikanCd=2113400000&kikanKbn=2", "url2": null, "内容": "さわ内科医院【2:診療所】【診療科目:内科_呼吸器内科_循環器内科_消化器内科_リハビリテーション科_放射線科】和歌山県和歌山市新留丁３２" }, "geometry": { "type": "Point", "coordinates": [ 135.185794, 34.225164 ] } },
{ "type": "Feature", "properties": { "ID": 3022113500000, "正式名称": "和歌山南放射線科クリニック", "機関区分": 2, "都道府県コード": 30, "市区町村コード": 201, "所在地": "和歌山県和歌山市紀三井寺８７０番地２", "緯度": 34.188889, "経度": 135.184212, "url": "https://www.iryou.teikyouseido.mhlw.go.jp/znk-web/juminkanja/S2430/initialize?prefCd=30&kikanCd=2113500000&kikanKbn=2", "url2": "http://pet-wakayama.com", "内容": "和歌山南放射線科クリニック【2:診療所】【診療科目:内科_脳神経内科_放射線科】和歌山県和歌山市紀三井寺８７０番地２" }, "geometry": { "type": "Point", "coordinates": [ 135.184212, 34.188889 ] } },
{ "type": "Feature", "properties": { "ID": 3022113600000, "正式名称": "上岩出内科・消化器内科", "機関区分": 2, "都道府県コード": 30, "市区町村コード": 209, "所在地": "和歌山県岩出市野上野６６－１", "緯度": 34.276243, "経度": 135.320474, "url": "https://www.iryou.teikyouseido.mhlw.go.jp/znk-web/juminkanja/S2430/initialize?prefCd=30&kikanCd=2113600000&kikanKbn=2", "url2": "http://www.kamiiwade.com", "内容": "上岩出内科・消化器内科【2:診療所】【診療科目:内科_消化器内科_肝臓内科】和歌山県岩出市野上野６６－１" }, "geometry": { "type": "Point", "coordinates": [ 135.320474, 34.276243 ] } },
{ "type": "Feature", "properties": { "ID": 3022113800000, "正式名称": "なかた消化器・内科クリニック", "機関区分": 2, "都道府県コード": 30, "市区町村コード": 201, "所在地": "和歌山県和歌山市神前１４４－１２", "緯度": 34.214941, "経度": 135.205509, "url": "https://www.iryou.teikyouseido.mhlw.go.jp/znk-web/juminkanja/S2430/initialize?prefCd=30&kikanCd=2113800000&kikanKbn=2", "url2": "www.naishikyo.jp", "内容": "なかた消化器・内科クリニック【2:診療所】【診療科目:内科_消化器内科】和歌山県和歌山市神前１４４－１２" }, "geometry": { "type": "Point", "coordinates": [ 135.205509, 34.214941 ] } },
{ "type": "Feature", "properties": { "ID": 3022114700000, "正式名称": "林耳鼻咽喉科", "機関区分": 2, "都道府県コード": 30, "市区町村コード": 203, "所在地": "和歌山県橋本市市脇１丁目１番２号", "緯度": 34.314244, "経度": 135.603366, "url": "https://www.iryou.teikyouseido.mhlw.go.jp/znk-web/juminkanja/S2430/initialize?prefCd=30&kikanCd=2114700000&kikanKbn=2", "url2": "https://www.hayashijibi.com", "内容": "林耳鼻咽喉科【2:診療所】【診療科目:耳鼻いんこう科_アレルギー科】和歌山県橋本市市脇１丁目１番２号" }, "geometry": { "type": "Point", "coordinates": [ 135.603366, 34.314244 ] } },
{ "type": "Feature", "properties": { "ID": 3022115200000, "正式名称": "黒田内科医院", "機関区分": 2, "都道府県コード": 30, "市区町村コード": 201, "所在地": "和歌山県和歌山市直川１－８", "緯度": 34.261111, "経度": 135.208821, "url": "https://www.iryou.teikyouseido.mhlw.go.jp/znk-web/juminkanja/S2430/initialize?prefCd=30&kikanCd=2115200000&kikanKbn=2", "url2": null, "内容": "黒田内科医院【2:診療所】【診療科目:内科_呼吸器内科_循環器内科_消化器内科_小児科】和歌山県和歌山市直川１－８" }, "geometry": { "type": "Point", "coordinates": [ 135.208821, 34.261111 ] } },
{ "type": "Feature", "properties": { "ID": 3022115300000, "正式名称": "中西内科胃腸科医院", "機関区分": 2, "都道府県コード": 30, "市区町村コード": 206, "所在地": "和歌山県田辺市下屋敷町１４番地の２", "緯度": 33.729303, "経度": 135.381995, "url": "https://www.iryou.teikyouseido.mhlw.go.jp/znk-web/juminkanja/S2430/initialize?prefCd=30&kikanCd=2115300000&kikanKbn=2", "url2": null, "内容": "中西内科胃腸科医院【2:診療所】【診療科目:内科_呼吸器内科_循環器内科_消化器内科_小児科】和歌山県田辺市下屋敷町１４番地の２" }, "geometry": { "type": "Point", "coordinates": [ 135.381995, 33.729303 ] } },
{ "type": "Feature", "properties": { "ID": 3022115900000, "正式名称": "にしもと内科クリニック", "機関区分": 2, "都道府県コード": 30, "市区町村コード": 304, "所在地": "和歌山県海草郡紀美野町吉野４６－２", "緯度": 34.157784, "経度": 135.320091, "url": "https://www.iryou.teikyouseido.mhlw.go.jp/znk-web/juminkanja/S2430/initialize?prefCd=30&kikanCd=2115900000&kikanKbn=2", "url2": null, "内容": "にしもと内科クリニック【2:診療所】【診療科目:内科_呼吸器内科_循環器内科_消化器内科_小児科_アレルギー科】和歌山県海草郡紀美野町吉野４６－２" }, "geometry": { "type": "Point", "coordinates": [ 135.320091, 34.157784 ] } },
{ "type": "Feature", "properties": { "ID": 3022116000000, "正式名称": "秋岡皮ふ科クリニック", "機関区分": 2, "都道府県コード": 30, "市区町村コード": 201, "所在地": "和歌山県和歌山市九番丁４－１　ラウムズ和歌山九番丁１階", "緯度": 34.231413, "経度": 135.170822, "url": "https://www.iryou.teikyouseido.mhlw.go.jp/znk-web/juminkanja/S2430/initialize?prefCd=30&kikanCd=2116000000&kikanKbn=2", "url2": "http://akioka.jp", "内容": "秋岡皮ふ科クリニック【2:診療所】【診療科目:皮膚科】和歌山県和歌山市九番丁４－１　ラウムズ和歌山九番丁１階" }, "geometry": { "type": "Point", "coordinates": [ 135.170822, 34.231413 ] } },
{ "type": "Feature", "properties": { "ID": 3022116200000, "正式名称": "新宮市国民健康保険直営熊野川診療所附属玉置口診療所", "機関区分": 2, "都道府県コード": 30, "市区町村コード": 207, "所在地": "和歌山県新宮市熊野川町玉置口１５０", "緯度": 33.894543, "経度": 135.87922, "url": "https://www.iryou.teikyouseido.mhlw.go.jp/znk-web/juminkanja/S2430/initialize?prefCd=30&kikanCd=2116200000&kikanKbn=2", "url2": null, "内容": "新宮市国民健康保険直営熊野川診療所附属玉置口診療所【2:診療所】【診療科目:内科】和歌山県新宮市熊野川町玉置口１５０" }, "geometry": { "type": "Point", "coordinates": [ 135.87922, 33.894543 ] } },
{ "type": "Feature", "properties": { "ID": 3022116300000, "正式名称": "さくら内科クリニック", "機関区分": 2, "都道府県コード": 30, "市区町村コード": 201, "所在地": "和歌山県和歌山市黒田１８－６", "緯度": 34.236246, "経度": 135.198903, "url": "https://www.iryou.teikyouseido.mhlw.go.jp/znk-web/juminkanja/S2430/initialize?prefCd=30&kikanCd=2116300000&kikanKbn=2", "url2": "http://www.ne.jp/asahi/naika-clinic/sakura/", "内容": "さくら内科クリニック【2:診療所】【診療科目:内科_呼吸器内科_循環器内科_消化器内科_アレルギー科】和歌山県和歌山市黒田１８－６" }, "geometry": { "type": "Point", "coordinates": [ 135.198903, 34.236246 ] } },
{ "type": "Feature", "properties": { "ID": 3022116400000, "正式名称": "医療法人　共立ハートクリニック", "機関区分": 2, "都道府県コード": 30, "市区町村コード": 204, "所在地": "和歌山県有田市宮崎町８７－１", "緯度": 34.080011, "経度": 135.117944, "url": "https://www.iryou.teikyouseido.mhlw.go.jp/znk-web/juminkanja/S2430/initialize?prefCd=30&kikanCd=2116400000&kikanKbn=2", "url2": null, "内容": "医療法人　共立ハートクリニック【2:診療所】【診療科目:内科_循環器内科】和歌山県有田市宮崎町８７－１" }, "geometry": { "type": "Point", "coordinates": [ 135.117944, 34.080011 ] } },
{ "type": "Feature", "properties": { "ID": 3022116500000, "正式名称": "ゆあさクリニック", "機関区分": 2, "都道府県コード": 30, "市区町村コード": 366, "所在地": "和歌山県有田郡有田川町下津野１２８８－１", "緯度": 34.063376, "経度": 135.215021, "url": "https://www.iryou.teikyouseido.mhlw.go.jp/znk-web/juminkanja/S2430/initialize?prefCd=30&kikanCd=2116500000&kikanKbn=2", "url2": "http://yuasa-clinic.jimdofree.com", "内容": "ゆあさクリニック【2:診療所】【診療科目:内科_呼吸器内科_消化器内科_放射線科】和歌山県有田郡有田川町下津野１２８８－１" }, "geometry": { "type": "Point", "coordinates": [ 135.215021, 34.063376 ] } },
{ "type": "Feature", "properties": { "ID": 3022116600000, "正式名称": "はぜはら整形外科クリニック", "機関区分": 2, "都道府県コード": 30, "市区町村コード": 201, "所在地": "和歌山県和歌山市松島２００－４", "緯度": 34.24469, "経度": 135.208791, "url": "https://www.iryou.teikyouseido.mhlw.go.jp/znk-web/juminkanja/S2430/initialize?prefCd=30&kikanCd=2116600000&kikanKbn=2", "url2": null, "内容": "はぜはら整形外科クリニック【2:診療所】【診療科目:整形外科_リハビリテーション科_麻酔科】和歌山県和歌山市松島２００－４" }, "geometry": { "type": "Point", "coordinates": [ 135.208791, 34.24469 ] } },
{ "type": "Feature", "properties": { "ID": 3022116700000, "正式名称": "楠見台耳鼻咽喉科", "機関区分": 2, "都道府県コード": 30, "市区町村コード": 201, "所在地": "和歌山県和歌山市大谷４２０－１", "緯度": 34.261152, "経度": 135.178866, "url": "https://www.iryou.teikyouseido.mhlw.go.jp/znk-web/juminkanja/S2430/initialize?prefCd=30&kikanCd=2116700000&kikanKbn=2", "url2": null, "内容": "楠見台耳鼻咽喉科【2:診療所】【診療科目:耳鼻いんこう科】和歌山県和歌山市大谷４２０－１" }, "geometry": { "type": "Point", "coordinates": [ 135.178866, 34.261152 ] } },
{ "type": "Feature", "properties": { "ID": 3022116800000, "正式名称": "アイリス眼科クリニック", "機関区分": 2, "都道府県コード": 30, "市区町村コード": 201, "所在地": "和歌山県和歌山市内原８１２－７", "緯度": 34.172502, "経度": 135.196518, "url": "https://www.iryou.teikyouseido.mhlw.go.jp/znk-web/juminkanja/S2430/initialize?prefCd=30&kikanCd=2116800000&kikanKbn=2", "url2": "http://www.iris-clinic.com/", "内容": "アイリス眼科クリニック【2:診療所】【診療科目:眼科】和歌山県和歌山市内原８１２－７" }, "geometry": { "type": "Point", "coordinates": [ 135.196518, 34.172502 ] } },
{ "type": "Feature", "properties": { "ID": 3022116900000, "正式名称": "みぞばたクリニック", "機関区分": 2, "都道府県コード": 30, "市区町村コード": 304, "所在地": "和歌山県海草郡紀美野町動木９９－１", "緯度": 34.166728, "経度": 135.305981, "url": "https://www.iryou.teikyouseido.mhlw.go.jp/znk-web/juminkanja/S2430/initialize?prefCd=30&kikanCd=2116900000&kikanKbn=2", "url2": null, "内容": "みぞばたクリニック【2:診療所】【診療科目:内科_消化器内科_外科_肛門外科_アレルギー科_放射線科】和歌山県海草郡紀美野町動木９９－１" }, "geometry": { "type": "Point", "coordinates": [ 135.305981, 34.166728 ] } },
{ "type": "Feature", "properties": { "ID": 3022117000000, "正式名称": "くさち耳鼻咽喉科医院", "機関区分": 2, "都道府県コード": 30, "市区町村コード": 207, "所在地": "和歌山県新宮市井の沢３－５", "緯度": 33.72337, "経度": 135.991777, "url": "https://www.iryou.teikyouseido.mhlw.go.jp/znk-web/juminkanja/S2430/initialize?prefCd=30&kikanCd=2117000000&kikanKbn=2", "url2": null, "内容": "くさち耳鼻咽喉科医院【2:診療所】【診療科目:耳鼻いんこう科】和歌山県新宮市井の沢３－５" }, "geometry": { "type": "Point", "coordinates": [ 135.991777, 33.72337 ] } },
{ "type": "Feature", "properties": { "ID": 3022117100000, "正式名称": "西本クリニック", "機関区分": 2, "都道府県コード": 30, "市区町村コード": 201, "所在地": "和歌山県和歌山市七番丁１６ワイチビル２Ｆ", "緯度": 34.230274, "経度": 135.17035, "url": "https://www.iryou.teikyouseido.mhlw.go.jp/znk-web/juminkanja/S2430/initialize?prefCd=30&kikanCd=2117100000&kikanKbn=2", "url2": "http://nishimoto-clinic-wakayama.my.canva.site/", "内容": "西本クリニック【2:診療所】【診療科目:内科_呼吸器内科_神経内科_麻酔科】和歌山県和歌山市七番丁１６ワイチビル２Ｆ" }, "geometry": { "type": "Point", "coordinates": [ 135.17035, 34.230274 ] } },
{ "type": "Feature", "properties": { "ID": 3022117200000, "正式名称": "医療法人　仁泉会　丸山整形外科", "機関区分": 2, "都道府県コード": 30, "市区町村コード": 201, "所在地": "和歌山県和歌山市舟大工町１２番地", "緯度": 34.234551, "経度": 135.169295, "url": "https://www.iryou.teikyouseido.mhlw.go.jp/znk-web/juminkanja/S2430/initialize?prefCd=30&kikanCd=2117200000&kikanKbn=2", "url2": "http://www.maruyama-seikei.com/", "内容": "医療法人　仁泉会　丸山整形外科【2:診療所】【診療科目:整形外科_リハビリテーション科_放射線科】和歌山県和歌山市舟大工町１２番地" }, "geometry": { "type": "Point", "coordinates": [ 135.169295, 34.234551 ] } },
{ "type": "Feature", "properties": { "ID": 3022117800000, "正式名称": "高橋眼科クリニック", "機関区分": 2, "都道府県コード": 30, "市区町村コード": 201, "所在地": "和歌山県和歌山市大谷２２１－６", "緯度": 34.25941, "経度": 135.17146, "url": "https://www.iryou.teikyouseido.mhlw.go.jp/znk-web/juminkanja/S2430/initialize?prefCd=30&kikanCd=2117800000&kikanKbn=2", "url2": null, "内容": "高橋眼科クリニック【2:診療所】【診療科目:眼科】和歌山県和歌山市大谷２２１－６" }, "geometry": { "type": "Point", "coordinates": [ 135.17146, 34.25941 ] } },
{ "type": "Feature", "properties": { "ID": 3022117900000, "正式名称": "伊藤内科", "機関区分": 2, "都道府県コード": 30, "市区町村コード": 209, "所在地": "和歌山県岩出市西野１９０－１", "緯度": 34.257023, "経度": 135.310726, "url": "https://www.iryou.teikyouseido.mhlw.go.jp/znk-web/juminkanja/S2430/initialize?prefCd=30&kikanCd=2117900000&kikanKbn=2", "url2": null, "内容": "伊藤内科【2:診療所】【診療科目:内科_糖尿病内科_呼吸器内科_循環器内科_消化器内科_小児科_放射線科】和歌山県岩出市西野１９０－１" }, "geometry": { "type": "Point", "coordinates": [ 135.310726, 34.257023 ] } },
{ "type": "Feature", "properties": { "ID": 3022118000000, "正式名称": "さいとうクリニック", "機関区分": 2, "都道府県コード": 30, "市区町村コード": 202, "所在地": "和歌山県海南市重根東一丁目７番地８", "緯度": 34.155089, "経度": 135.24768, "url": "https://www.iryou.teikyouseido.mhlw.go.jp/znk-web/juminkanja/S2430/initialize?prefCd=30&kikanCd=2118000000&kikanKbn=2", "url2": null, "内容": "さいとうクリニック【2:診療所】【診療科目:耳鼻いんこう科】和歌山県海南市重根東一丁目７番地８" }, "geometry": { "type": "Point", "coordinates": [ 135.24768, 34.155089 ] } },
{ "type": "Feature", "properties": { "ID": 3022118100000, "正式名称": "植阪クリニック", "機関区分": 2, "都道府県コード": 30, "市区町村コード": 203, "所在地": "和歌山県橋本市高野口町伏原１４４－２", "緯度": 34.303551, "経度": 135.56962, "url": "https://www.iryou.teikyouseido.mhlw.go.jp/znk-web/juminkanja/S2430/initialize?prefCd=30&kikanCd=2118100000&kikanKbn=2", "url2": null, "内容": "植阪クリニック【2:診療所】【診療科目:内科_消化器内科_外科_肛門外科】和歌山県橋本市高野口町伏原１４４－２" }, "geometry": { "type": "Point", "coordinates": [ 135.56962, 34.303551 ] } },
{ "type": "Feature", "properties": { "ID": 3022118200000, "正式名称": "しおたに循環器内科クリニック", "機関区分": 2, "都道府県コード": 30, "市区町村コード": 201, "所在地": "和歌山県和歌山市三葛６７７－１", "緯度": 34.194306, "経度": 135.189906, "url": "https://www.iryou.teikyouseido.mhlw.go.jp/znk-web/juminkanja/S2430/initialize?prefCd=30&kikanCd=2118200000&kikanKbn=2", "url2": "http://www.shiotani-clinic.jp/", "内容": "しおたに循環器内科クリニック【2:診療所】【診療科目:内科_呼吸器内科_循環器内科_アレルギー科】和歌山県和歌山市三葛６７７－１" }, "geometry": { "type": "Point", "coordinates": [ 135.189906, 34.194306 ] } },
{ "type": "Feature", "properties": { "ID": 3022118300000, "正式名称": "なかお眼科医院", "機関区分": 2, "都道府県コード": 30, "市区町村コード": 201, "所在地": "和歌山県和歌山市北野５１７－４", "緯度": 34.267271, "経度": 135.244064, "url": "https://www.iryou.teikyouseido.mhlw.go.jp/znk-web/juminkanja/S2430/initialize?prefCd=30&kikanCd=2118300000&kikanKbn=2", "url2": "https://www.nakao-ganka-wakayama.com", "内容": "なかお眼科医院【2:診療所】【診療科目:眼科】和歌山県和歌山市北野５１７－４" }, "geometry": { "type": "Point", "coordinates": [ 135.244064, 34.267271 ] } },
{ "type": "Feature", "properties": { "ID": 3022118500000, "正式名称": "医療法人　久生会　山本クリニック", "機関区分": 2, "都道府県コード": 30, "市区町村コード": 202, "所在地": "和歌山県海南市名高５０６－４", "緯度": 34.153153, "経度": 135.212183, "url": "https://www.iryou.teikyouseido.mhlw.go.jp/znk-web/juminkanja/S2430/initialize?prefCd=30&kikanCd=2118500000&kikanKbn=2", "url2": "http://care-net.biz/30/kyuseikai/", "内容": "医療法人　久生会　山本クリニック【2:診療所】【診療科目:内科_呼吸器内科_循環器内科_消化器内科_放射線科】和歌山県海南市名高５０６－４" }, "geometry": { "type": "Point", "coordinates": [ 135.212183, 34.153153 ] } },
{ "type": "Feature", "properties": { "ID": 3022118600000, "正式名称": "サンクリニック", "機関区分": 2, "都道府県コード": 30, "市区町村コード": 201, "所在地": "和歌山県和歌山市中之島１７１６番地", "緯度": 34.237587, "経度": 135.18269, "url": "https://www.iryou.teikyouseido.mhlw.go.jp/znk-web/juminkanja/S2430/initialize?prefCd=30&kikanCd=2118600000&kikanKbn=2", "url2": null, "内容": "サンクリニック【2:診療所】【診療科目:内科_消化器内科_外科_整形外科_麻酔科】和歌山県和歌山市中之島１７１６番地" }, "geometry": { "type": "Point", "coordinates": [ 135.18269, 34.237587 ] } },
{ "type": "Feature", "properties": { "ID": 3022118700000, "正式名称": "和中内科・循環器科", "機関区分": 2, "都道府県コード": 30, "市区町村コード": 201, "所在地": "和歌山県和歌山市和歌浦西１－７－１", "緯度": 34.195499, "経度": 135.169435, "url": "https://www.iryou.teikyouseido.mhlw.go.jp/znk-web/juminkanja/S2430/initialize?prefCd=30&kikanCd=2118700000&kikanKbn=2", "url2": null, "内容": "和中内科・循環器科【2:診療所】【診療科目:内科_呼吸器内科_循環器内科_放射線科】和歌山県和歌山市和歌浦西１－７－１" }, "geometry": { "type": "Point", "coordinates": [ 135.169435, 34.195499 ] } },
{ "type": "Feature", "properties": { "ID": 3022118800000, "正式名称": "松尾クリニック", "機関区分": 2, "都道府県コード": 30, "市区町村コード": 201, "所在地": "和歌山県和歌山市小瀬田１０９－２", "緯度": 34.179391, "経度": 135.230014, "url": "https://www.iryou.teikyouseido.mhlw.go.jp/znk-web/juminkanja/S2430/initialize?prefCd=30&kikanCd=2118800000&kikanKbn=2", "url2": "http://matsuo-clinic.com/", "内容": "松尾クリニック【2:診療所】【診療科目:内科_整形外科_耳鼻いんこう科_アレルギー科_リハビリテーション科】和歌山県和歌山市小瀬田１０９－２" }, "geometry": { "type": "Point", "coordinates": [ 135.230014, 34.179391 ] } },
{ "type": "Feature", "properties": { "ID": 3022118900000, "正式名称": "宇治田循環器科内科", "機関区分": 2, "都道府県コード": 30, "市区町村コード": 201, "所在地": "和歌山県和歌山市榎原２０４番地の８", "緯度": 34.25402, "経度": 135.125353, "url": "https://www.iryou.teikyouseido.mhlw.go.jp/znk-web/juminkanja/S2430/initialize?prefCd=30&kikanCd=2118900000&kikanKbn=2", "url2": "http://www.medi-wel.jp/", "内容": "宇治田循環器科内科【2:診療所】【診療科目:内科_呼吸器内科_循環器内科_消化器内科_腎臓内科_リハビリテーション科_放射線科】和歌山県和歌山市榎原２０４番地の８" }, "geometry": { "type": "Point", "coordinates": [ 135.125353, 34.25402 ] } },
{ "type": "Feature", "properties": { "ID": 3022119000000, "正式名称": "さいかクリニック", "機関区分": 2, "都道府県コード": 30, "市区町村コード": 202, "所在地": "和歌山県海南市下津町丁９７－１", "緯度": 34.12173, "経度": 135.155439, "url": "https://www.iryou.teikyouseido.mhlw.go.jp/znk-web/juminkanja/S2430/initialize?prefCd=30&kikanCd=2119000000&kikanKbn=2", "url2": null, "内容": "さいかクリニック【2:診療所】【診療科目:内科_呼吸器内科_循環器内科_消化器内科_小児科】和歌山県海南市下津町丁９７－１" }, "geometry": { "type": "Point", "coordinates": [ 135.155439, 34.12173 ] } },
{ "type": "Feature", "properties": { "ID": 3022119100000, "正式名称": "長嶋雄一クリニック", "機関区分": 2, "都道府県コード": 30, "市区町村コード": 206, "所在地": "和歌山県田辺市下三栖１４８３－１５", "緯度": 33.729832, "経度": 135.420824, "url": "https://www.iryou.teikyouseido.mhlw.go.jp/znk-web/juminkanja/S2430/initialize?prefCd=30&kikanCd=2119100000&kikanKbn=2", "url2": "http://www.nagashimayuichi.com/", "内容": "長嶋雄一クリニック【2:診療所】【診療科目:内科_消化器内科】和歌山県田辺市下三栖１４８３－１５" }, "geometry": { "type": "Point", "coordinates": [ 135.420824, 33.729832 ] } },
{ "type": "Feature", "properties": { "ID": 3022119300000, "正式名称": "いしぐちクリニック", "機関区分": 2, "都道府県コード": 30, "市区町村コード": 201, "所在地": "和歌山県和歌山市北島４５３－１", "緯度": 34.237995, "経度": 135.155268, "url": "https://www.iryou.teikyouseido.mhlw.go.jp/znk-web/juminkanja/S2430/initialize?prefCd=30&kikanCd=2119300000&kikanKbn=2", "url2": "http://www.ishiguchi-clinic.com", "内容": "いしぐちクリニック【2:診療所】【診療科目:内科_胃腸内科】和歌山県和歌山市北島４５３－１" }, "geometry": { "type": "Point", "coordinates": [ 135.155268, 34.237995 ] } },
{ "type": "Feature", "properties": { "ID": 3022119500000, "正式名称": "ねごろクリニック", "機関区分": 2, "都道府県コード": 30, "市区町村コード": 201, "所在地": "和歌山県和歌山市中之島２３４５", "緯度": 34.235358, "経度": 135.185182, "url": "https://www.iryou.teikyouseido.mhlw.go.jp/znk-web/juminkanja/S2430/initialize?prefCd=30&kikanCd=2119500000&kikanKbn=2", "url2": "http://www.negoro-clinic.com", "内容": "ねごろクリニック【2:診療所】【診療科目:内科_漢方内科_皮膚科_心療内科_アレルギー科_放射線科】和歌山県和歌山市中之島２３４５" }, "geometry": { "type": "Point", "coordinates": [ 135.185182, 34.235358 ] } },
{ "type": "Feature", "properties": { "ID": 3022119600000, "正式名称": "真寿苑クリニック", "機関区分": 2, "都道府県コード": 30, "市区町村コード": 206, "所在地": "和歌山県田辺市神島台４番１号", "緯度": 33.70764, "経度": 135.402744, "url": "https://www.iryou.teikyouseido.mhlw.go.jp/znk-web/juminkanja/S2430/initialize?prefCd=30&kikanCd=2119600000&kikanKbn=2", "url2": "http://sjk-tanabe.or.jp", "内容": "真寿苑クリニック【2:診療所】【診療科目:内科_循環器内科】和歌山県田辺市神島台４番１号" }, "geometry": { "type": "Point", "coordinates": [ 135.402744, 33.70764 ] } },
{ "type": "Feature", "properties": { "ID": 3022119700000, "正式名称": "高田整形外科内科クリニック", "機関区分": 2, "都道府県コード": 30, "市区町村コード": 201, "所在地": "和歌山県和歌山市西庄３３８番地の５７", "緯度": 34.258215, "経度": 135.116409, "url": "https://www.iryou.teikyouseido.mhlw.go.jp/znk-web/juminkanja/S2430/initialize?prefCd=30&kikanCd=2119700000&kikanKbn=2", "url2": null, "内容": "高田整形外科内科クリニック【2:診療所】【診療科目:内科_外科_整形外科_リハビリテーション科】和歌山県和歌山市西庄３３８番地の５７" }, "geometry": { "type": "Point", "coordinates": [ 135.116409, 34.258215 ] } },
{ "type": "Feature", "properties": { "ID": 3022119800000, "正式名称": "しおたにクリニック", "機関区分": 2, "都道府県コード": 30, "市区町村コード": 202, "所在地": "和歌山県海南市七山３５０", "緯度": 34.18867, "経度": 135.304063, "url": "https://www.iryou.teikyouseido.mhlw.go.jp/znk-web/juminkanja/S2430/initialize?prefCd=30&kikanCd=2119800000&kikanKbn=2", "url2": null, "内容": "しおたにクリニック【2:診療所】【診療科目:内科_呼吸器内科_循環器内科_消化器内科_放射線科】和歌山県海南市七山３５０" }, "geometry": { "type": "Point", "coordinates": [ 135.304063, 34.18867 ] } },
{ "type": "Feature", "properties": { "ID": 3022120000000, "正式名称": "メンタルクリニックおおや", "機関区分": 2, "都道府県コード": 30, "市区町村コード": 201, "所在地": "和歌山県和歌山市美園町５－６１　ＪＲ和歌山駅ステーションビルＭＩＯ５Ｆ", "緯度": 34.23183, "経度": 135.191154, "url": "https://www.iryou.teikyouseido.mhlw.go.jp/znk-web/juminkanja/S2430/initialize?prefCd=30&kikanCd=2120000000&kikanKbn=2", "url2": "http://www.clinic-owl-oya.com", "内容": "メンタルクリニックおおや【2:診療所】【診療科目:精神科_心療内科】和歌山県和歌山市美園町５－６１　ＪＲ和歌山駅ステーションビルＭＩＯ５Ｆ" }, "geometry": { "type": "Point", "coordinates": [ 135.191154, 34.23183 ] } },
{ "type": "Feature", "properties": { "ID": 3022120200000, "正式名称": "たきわき皮フ科クリニック", "機関区分": 2, "都道府県コード": 30, "市区町村コード": 203, "所在地": "和歌山県橋本市高野口町伏原１８８－１", "緯度": 34.306662, "経度": 135.570396, "url": "https://www.iryou.teikyouseido.mhlw.go.jp/znk-web/juminkanja/S2430/initialize?prefCd=30&kikanCd=2120200000&kikanKbn=2", "url2": "http://tclinic.html.xdomain.jp", "内容": "たきわき皮フ科クリニック【2:診療所】【診療科目:皮膚科】和歌山県橋本市高野口町伏原１８８－１" }, "geometry": { "type": "Point", "coordinates": [ 135.570396, 34.306662 ] } },
{ "type": "Feature", "properties": { "ID": 3022120500000, "正式名称": "南クリニック胃腸・肛門科", "機関区分": 2, "都道府県コード": 30, "市区町村コード": 203, "所在地": "和歌山県橋本市市脇４丁目７番６号", "緯度": 34.310857, "経度": 135.599617, "url": "https://www.iryou.teikyouseido.mhlw.go.jp/znk-web/juminkanja/S2430/initialize?prefCd=30&kikanCd=2120500000&kikanKbn=2", "url2": null, "内容": "南クリニック胃腸・肛門科【2:診療所】【診療科目:内科_消化器内科_外科_肛門外科_皮膚科_リハビリテーション科_放射線科】和歌山県橋本市市脇４丁目７番６号" }, "geometry": { "type": "Point", "coordinates": [ 135.599617, 34.310857 ] } },
{ "type": "Feature", "properties": { "ID": 3022120600000, "正式名称": "医療法人涼悠会　トメモリ眼科・形成外科", "機関区分": 2, "都道府県コード": 30, "市区町村コード": 203, "所在地": "和歌山県橋本市市脇５－４－２３", "緯度": 34.312801, "経度": 135.602032, "url": "https://www.iryou.teikyouseido.mhlw.go.jp/znk-web/juminkanja/S2430/initialize?prefCd=30&kikanCd=2120600000&kikanKbn=2", "url2": "http://www.tomemori-ganka.com/", "内容": "医療法人涼悠会　トメモリ眼科・形成外科【2:診療所】【診療科目:形成外科_眼科】和歌山県橋本市市脇５－４－２３" }, "geometry": { "type": "Point", "coordinates": [ 135.602032, 34.312801 ] } },
{ "type": "Feature", "properties": { "ID": 3022120800000, "正式名称": "元寺町スキンクリニック", "機関区分": 2, "都道府県コード": 30, "市区町村コード": 201, "所在地": "和歌山県和歌山市元寺町一丁目３２番地　　元寺町ビル４Ｆ", "緯度": 34.234107, "経度": 135.17721, "url": "https://www.iryou.teikyouseido.mhlw.go.jp/znk-web/juminkanja/S2430/initialize?prefCd=30&kikanCd=2120800000&kikanKbn=2", "url2": null, "内容": "元寺町スキンクリニック【2:診療所】【診療科目:形成外科_美容外科_美容皮膚科】和歌山県和歌山市元寺町一丁目３２番地　　元寺町ビル４Ｆ" }, "geometry": { "type": "Point", "coordinates": [ 135.17721, 34.234107 ] } },
{ "type": "Feature", "properties": { "ID": 3022120900000, "正式名称": "あまの内科クリニック", "機関区分": 2, "都道府県コード": 30, "市区町村コード": 204, "所在地": "和歌山県有田市宮崎町１２０－１", "緯度": 34.079456, "経度": 135.117583, "url": "https://www.iryou.teikyouseido.mhlw.go.jp/znk-web/juminkanja/S2430/initialize?prefCd=30&kikanCd=2120900000&kikanKbn=2", "url2": null, "内容": "あまの内科クリニック【2:診療所】【診療科目:内科_消化器内科_放射線科】和歌山県有田市宮崎町１２０－１" }, "geometry": { "type": "Point", "coordinates": [ 135.117583, 34.079456 ] } },
{ "type": "Feature", "properties": { "ID": 3022121100000, "正式名称": "小倉内科", "機関区分": 2, "都道府県コード": 30, "市区町村コード": 201, "所在地": "和歌山県和歌山市吉礼６１－８", "緯度": 34.20325, "経度": 135.236429, "url": "https://www.iryou.teikyouseido.mhlw.go.jp/znk-web/juminkanja/S2430/initialize?prefCd=30&kikanCd=2121100000&kikanKbn=2", "url2": null, "内容": "小倉内科【2:診療所】【診療科目:内科_糖尿病・代謝内科】和歌山県和歌山市吉礼６１－８" }, "geometry": { "type": "Point", "coordinates": [ 135.236429, 34.20325 ] } },
{ "type": "Feature", "properties": { "ID": 3022121200000, "正式名称": "紀泉ＫＤクリニック", "機関区分": 2, "都道府県コード": 30, "市区町村コード": 201, "所在地": "和歌山県和歌山市善明寺３５８番地の１", "緯度": 34.261632, "経度": 135.185903, "url": "https://www.iryou.teikyouseido.mhlw.go.jp/znk-web/juminkanja/S2430/initialize?prefCd=30&kikanCd=2121200000&kikanKbn=2", "url2": "http://www.hakubunkai.com", "内容": "紀泉ＫＤクリニック【2:診療所】【診療科目:内科_循環器内科_消化器内科_腎臓内科_人工透析内科_内視鏡内科_リハビリテーション科】和歌山県和歌山市善明寺３５８番地の１" }, "geometry": { "type": "Point", "coordinates": [ 135.185903, 34.261632 ] } },
{ "type": "Feature", "properties": { "ID": 3022121300000, "正式名称": "谷地内科医院", "機関区分": 2, "都道府県コード": 30, "市区町村コード": 207, "所在地": "和歌山県新宮市新宮５５４番地ー１大橋通りＴビル１Ｆ", "緯度": 33.727509, "経度": 135.9865, "url": "https://www.iryou.teikyouseido.mhlw.go.jp/znk-web/juminkanja/S2430/initialize?prefCd=30&kikanCd=2121300000&kikanKbn=2", "url2": null, "内容": "谷地内科医院【2:診療所】【診療科目:内科_呼吸器内科_循環器内科_消化器内科】和歌山県新宮市新宮５５４番地ー１大橋通りＴビル１Ｆ" }, "geometry": { "type": "Point", "coordinates": [ 135.9865, 33.727509 ] } },
{ "type": "Feature", "properties": { "ID": 3022121500000, "正式名称": "クリニック　ルピナス", "機関区分": 2, "都道府県コード": 30, "市区町村コード": 421, "所在地": "和歌山県東牟婁郡那智勝浦町宇久井７１４－３", "緯度": 33.659599, "経度": 135.982865, "url": "https://www.iryou.teikyouseido.mhlw.go.jp/znk-web/juminkanja/S2430/initialize?prefCd=30&kikanCd=2121500000&kikanKbn=2", "url2": "http://rupinasu.jp/", "内容": "クリニック　ルピナス【2:診療所】【診療科目:内科_神経内科_精神科_心療内科】和歌山県東牟婁郡那智勝浦町宇久井７１４－３" }, "geometry": { "type": "Point", "coordinates": [ 135.982865, 33.659599 ] } },
{ "type": "Feature", "properties": { "ID": 3022121600000, "正式名称": "たまい内科", "機関区分": 2, "都道府県コード": 30, "市区町村コード": 201, "所在地": "和歌山県和歌山市紀三井寺１４５４", "緯度": 34.185724, "経度": 135.187768, "url": "https://www.iryou.teikyouseido.mhlw.go.jp/znk-web/juminkanja/S2430/initialize?prefCd=30&kikanCd=2121600000&kikanKbn=2", "url2": "https://tamai-naika.jp", "内容": "たまい内科【2:診療所】【診療科目:内科_糖尿病内科_代謝・内分泌内科_呼吸器内科_循環器内科_消化器内科_アレルギー科】和歌山県和歌山市紀三井寺１４５４" }, "geometry": { "type": "Point", "coordinates": [ 135.187768, 34.185724 ] } },
{ "type": "Feature", "properties": { "ID": 3022121800000, "正式名称": "岡本クリニック", "機関区分": 2, "都道府県コード": 30, "市区町村コード": 203, "所在地": "和歌山県橋本市清水５１２－７", "緯度": 34.30719, "経度": 135.600422, "url": "https://www.iryou.teikyouseido.mhlw.go.jp/znk-web/juminkanja/S2430/initialize?prefCd=30&kikanCd=2121800000&kikanKbn=2", "url2": "http://www.e-okamoto-clinic.com/", "内容": "岡本クリニック【2:診療所】【診療科目:内科_麻酔科】和歌山県橋本市清水５１２－７" }, "geometry": { "type": "Point", "coordinates": [ 135.600422, 34.30719 ] } },
{ "type": "Feature", "properties": { "ID": 3022122100000, "正式名称": "嶋倉クリニック", "機関区分": 2, "都道府県コード": 30, "市区町村コード": 201, "所在地": "和歌山県和歌山市堀止西１丁目３－５", "緯度": 34.214831, "経度": 135.168712, "url": "https://www.iryou.teikyouseido.mhlw.go.jp/znk-web/juminkanja/S2430/initialize?prefCd=30&kikanCd=2122100000&kikanKbn=2", "url2": "http://www.shimakura-clinic.com", "内容": "嶋倉クリニック【2:診療所】【診療科目:内科_放射線科】和歌山県和歌山市堀止西１丁目３－５" }, "geometry": { "type": "Point", "coordinates": [ 135.168712, 34.214831 ] } },
{ "type": "Feature", "properties": { "ID": 3022122200000, "正式名称": "こばやし内科クリニック", "機関区分": 2, "都道府県コード": 30, "市区町村コード": 201, "所在地": "和歌山県和歌山市木ノ本５５２－１", "緯度": 34.261659, "経度": 135.133019, "url": "https://www.iryou.teikyouseido.mhlw.go.jp/znk-web/juminkanja/S2430/initialize?prefCd=30&kikanCd=2122200000&kikanKbn=2", "url2": null, "内容": "こばやし内科クリニック【2:診療所】【診療科目:内科_呼吸器内科_循環器内科_消化器内科】和歌山県和歌山市木ノ本５５２－１" }, "geometry": { "type": "Point", "coordinates": [ 135.133019, 34.261659 ] } },
{ "type": "Feature", "properties": { "ID": 3022122300000, "正式名称": "金澤内科クリニック", "機関区分": 2, "都道府県コード": 30, "市区町村コード": 201, "所在地": "和歌山県和歌山市本町６丁目２６", "緯度": 34.240468, "経度": 135.174571, "url": "https://www.iryou.teikyouseido.mhlw.go.jp/znk-web/juminkanja/S2430/initialize?prefCd=30&kikanCd=2122300000&kikanKbn=2", "url2": null, "内容": "金澤内科クリニック【2:診療所】【診療科目:内科_消化器内科】和歌山県和歌山市本町６丁目２６" }, "geometry": { "type": "Point", "coordinates": [ 135.174571, 34.240468 ] } },
{ "type": "Feature", "properties": { "ID": 3022122400000, "正式名称": "小池内科", "機関区分": 2, "都道府県コード": 30, "市区町村コード": 205, "所在地": "和歌山県御坊市湯川町財部５１６－３", "緯度": 33.900837, "経度": 135.153062, "url": "https://www.iryou.teikyouseido.mhlw.go.jp/znk-web/juminkanja/S2430/initialize?prefCd=30&kikanCd=2122400000&kikanKbn=2", "url2": null, "内容": "小池内科【2:診療所】【診療科目:内科_呼吸器内科_循環器内科_消化器内科】和歌山県御坊市湯川町財部５１６－３" }, "geometry": { "type": "Point", "coordinates": [ 135.153062, 33.900837 ] } },
{ "type": "Feature", "properties": { "ID": 3022122700000, "正式名称": "まつもと眼科", "機関区分": 2, "都道府県コード": 30, "市区町村コード": 201, "所在地": "和歌山県和歌山市井ノ口１２３－３", "緯度": 34.234942, "経度": 135.249343, "url": "https://www.iryou.teikyouseido.mhlw.go.jp/znk-web/juminkanja/S2430/initialize?prefCd=30&kikanCd=2122700000&kikanKbn=2", "url2": "http://www7b.biglobe.ne.jp/~gankamatumoto/", "内容": "まつもと眼科【2:診療所】【診療科目:眼科】和歌山県和歌山市井ノ口１２３－３" }, "geometry": { "type": "Point", "coordinates": [ 135.249343, 34.234942 ] } },
{ "type": "Feature", "properties": { "ID": 3022123000000, "正式名称": "萬谷医院", "機関区分": 2, "都道府県コード": 30, "市区町村コード": 204, "所在地": "和歌山県有田市宮崎町２３７", "緯度": 34.079261, "経度": 135.11489, "url": "https://www.iryou.teikyouseido.mhlw.go.jp/znk-web/juminkanja/S2430/initialize?prefCd=30&kikanCd=2123000000&kikanKbn=2", "url2": null, "内容": "萬谷医院【2:診療所】【診療科目:内科_呼吸器内科_循環器内科_消化器内科_神経内科_小児科_皮膚科】和歌山県有田市宮崎町２３７" }, "geometry": { "type": "Point", "coordinates": [ 135.11489, 34.079261 ] } },
{ "type": "Feature", "properties": { "ID": 3022123100000, "正式名称": "真貴診療所", "機関区分": 2, "都道府県コード": 30, "市区町村コード": 401, "所在地": "和歌山県西牟婁郡白浜町堅田字細野２７９２－１", "緯度": 33.680975, "経度": 135.380108, "url": "https://www.iryou.teikyouseido.mhlw.go.jp/znk-web/juminkanja/S2430/initialize?prefCd=30&kikanCd=2123100000&kikanKbn=2", "url2": null, "内容": "真貴診療所【2:診療所】【診療科目:内科_呼吸器内科_循環器内科_外科】和歌山県西牟婁郡白浜町堅田字細野２７９２－１" }, "geometry": { "type": "Point", "coordinates": [ 135.380108, 33.680975 ] } },
{ "type": "Feature", "properties": { "ID": 3022123400000, "正式名称": "みなみ胃腸肛門科、外科", "機関区分": 2, "都道府県コード": 30, "市区町村コード": 203, "所在地": "和歌山県橋本市しらさぎ台２－１２", "緯度": 34.338965, "経度": 135.611447, "url": "https://www.iryou.teikyouseido.mhlw.go.jp/znk-web/juminkanja/S2430/initialize?prefCd=30&kikanCd=2123400000&kikanKbn=2", "url2": "http://www.niph.go.jp", "内容": "みなみ胃腸肛門科、外科【2:診療所】【診療科目:内科_消化器内科_外科_肛門外科_皮膚科_放射線科】和歌山県橋本市しらさぎ台２－１２" }, "geometry": { "type": "Point", "coordinates": [ 135.611447, 34.338965 ] } },
{ "type": "Feature", "properties": { "ID": 3022123500000, "正式名称": "きのくに漢方クリニック", "機関区分": 2, "都道府県コード": 30, "市区町村コード": 201, "所在地": "和歌山県和歌山市小松原通１丁目１－３５サンビル４Ｆ", "緯度": 34.225691, "経度": 135.1686, "url": "https://www.iryou.teikyouseido.mhlw.go.jp/znk-web/juminkanja/S2430/initialize?prefCd=30&kikanCd=2123500000&kikanKbn=2", "url2": "wildbodysmartbrain.jp", "内容": "きのくに漢方クリニック【2:診療所】【診療科目:内科_外科_消化器外科_小児科_アレルギー科】和歌山県和歌山市小松原通１丁目１－３５サンビル４Ｆ" }, "geometry": { "type": "Point", "coordinates": [ 135.1686, 34.225691 ] } },
{ "type": "Feature", "properties": { "ID": 3022123600000, "正式名称": "奥本医院", "機関区分": 2, "都道府県コード": 30, "市区町村コード": 201, "所在地": "和歌山県和歌山市福島５６１", "緯度": 34.245522, "経度": 135.162072, "url": "https://www.iryou.teikyouseido.mhlw.go.jp/znk-web/juminkanja/S2430/initialize?prefCd=30&kikanCd=2123600000&kikanKbn=2", "url2": "http://okumoto.jp", "内容": "奥本医院【2:診療所】【診療科目:内科_循環器内科_消化器内科_小児科】和歌山県和歌山市福島５６１" }, "geometry": { "type": "Point", "coordinates": [ 135.162072, 34.245522 ] } },
{ "type": "Feature", "properties": { "ID": 3022123900000, "正式名称": "串医院", "機関区分": 2, "都道府県コード": 30, "市区町村コード": 206, "所在地": "和歌山県田辺市中屋敷町６８－１", "緯度": 33.729581, "経度": 135.378523, "url": "https://www.iryou.teikyouseido.mhlw.go.jp/znk-web/juminkanja/S2430/initialize?prefCd=30&kikanCd=2123900000&kikanKbn=2", "url2": null, "内容": "串医院【2:診療所】【診療科目:内科_循環器内科】和歌山県田辺市中屋敷町６８－１" }, "geometry": { "type": "Point", "coordinates": [ 135.378523, 33.729581 ] } },
{ "type": "Feature", "properties": { "ID": 3022124200000, "正式名称": "まつもと内科", "機関区分": 2, "都道府県コード": 30, "市区町村コード": 208, "所在地": "和歌山県紀の川市貴志川町長山２４４", "緯度": 34.211195, "経度": 135.292563, "url": "https://www.iryou.teikyouseido.mhlw.go.jp/znk-web/juminkanja/S2430/initialize?prefCd=30&kikanCd=2124200000&kikanKbn=2", "url2": null, "内容": "まつもと内科【2:診療所】【診療科目:内科_糖尿病内科】和歌山県紀の川市貴志川町長山２４４" }, "geometry": { "type": "Point", "coordinates": [ 135.292563, 34.211195 ] } },
{ "type": "Feature", "properties": { "ID": 3022124700000, "正式名称": "白浜町国民健康保険直営川添診療所", "機関区分": 2, "都道府県コード": 30, "市区町村コード": 401, "所在地": "和歌山県西牟婁郡白浜町市鹿野１１０３番地", "緯度": 33.658291, "経度": 135.5337, "url": "https://www.iryou.teikyouseido.mhlw.go.jp/znk-web/juminkanja/S2430/initialize?prefCd=30&kikanCd=2124700000&kikanKbn=2", "url2": "http://www.hamayu-hp.or.jp/", "内容": "白浜町国民健康保険直営川添診療所【2:診療所】【診療科目:内科】和歌山県西牟婁郡白浜町市鹿野１１０３番地" }, "geometry": { "type": "Point", "coordinates": [ 135.5337, 33.658291 ] } },
{ "type": "Feature", "properties": { "ID": 3022125000000, "正式名称": "奥野クリニック", "機関区分": 2, "都道府県コード": 30, "市区町村コード": 203, "所在地": "和歌山県橋本市御幸辻１４８番の１", "緯度": 34.336909, "経度": 135.605587, "url": "https://www.iryou.teikyouseido.mhlw.go.jp/znk-web/juminkanja/S2430/initialize?prefCd=30&kikanCd=2125000000&kikanKbn=2", "url2": "http://www.okunoclinic.jp", "内容": "奥野クリニック【2:診療所】【診療科目:内科_神経内科_外科_脳神経外科_整形外科_リハビリテーション科_放射線科】和歌山県橋本市御幸辻１４８番の１" }, "geometry": { "type": "Point", "coordinates": [ 135.605587, 34.336909 ] } },
{ "type": "Feature", "properties": { "ID": 3022125200000, "正式名称": "阪井循環器内科医院", "機関区分": 2, "都道府県コード": 30, "市区町村コード": 201, "所在地": "和歌山県和歌山市十番丁１２　　　　十番丁ビル１Ｆ", "緯度": 34.230913, "経度": 135.173989, "url": "https://www.iryou.teikyouseido.mhlw.go.jp/znk-web/juminkanja/S2430/initialize?prefCd=30&kikanCd=2125200000&kikanKbn=2", "url2": "http://e-heart.jp/", "内容": "阪井循環器内科医院【2:診療所】【診療科目:内科_糖尿病・代謝内科_呼吸器内科_循環器内科】和歌山県和歌山市十番丁１２　　　　十番丁ビル１Ｆ" }, "geometry": { "type": "Point", "coordinates": [ 135.173989, 34.230913 ] } },
{ "type": "Feature", "properties": { "ID": 3022125300000, "正式名称": "医療法人　淳風会　熊野路クリニック", "機関区分": 2, "都道府県コード": 30, "市区町村コード": 207, "所在地": "和歌山県新宮市緑ケ丘２丁目１－２０", "緯度": 33.720954, "経度": 135.990166, "url": "https://www.iryou.teikyouseido.mhlw.go.jp/znk-web/juminkanja/S2430/initialize?prefCd=30&kikanCd=2125300000&kikanKbn=2", "url2": "https://www.kumanoji-clinic.or.jp/", "内容": "医療法人　淳風会　熊野路クリニック【2:診療所】【診療科目:糖尿病・代謝内科_人工透析内科_神経内科】和歌山県新宮市緑ケ丘２丁目１－２０" }, "geometry": { "type": "Point", "coordinates": [ 135.990166, 33.720954 ] } },
{ "type": "Feature", "properties": { "ID": 3022125800000, "正式名称": "木下耳鼻いんこう科", "機関区分": 2, "都道府県コード": 30, "市区町村コード": 201, "所在地": "和歌山県和歌山市小雑賀７２８－１", "緯度": 34.198891, "経度": 135.186096, "url": "https://www.iryou.teikyouseido.mhlw.go.jp/znk-web/juminkanja/S2430/initialize?prefCd=30&kikanCd=2125800000&kikanKbn=2", "url2": "https://kinoshita-jibika.com", "内容": "木下耳鼻いんこう科【2:診療所】【診療科目:耳鼻いんこう科】和歌山県和歌山市小雑賀７２８－１" }, "geometry": { "type": "Point", "coordinates": [ 135.186096, 34.198891 ] } },
{ "type": "Feature", "properties": { "ID": 3022126200000, "正式名称": "池田耳鼻いんこう科院", "機関区分": 2, "都道府県コード": 30, "市区町村コード": 201, "所在地": "和歌山県和歌山市和歌川町９番３９号", "緯度": 34.193639, "経度": 135.177351, "url": "https://www.iryou.teikyouseido.mhlw.go.jp/znk-web/juminkanja/S2430/initialize?prefCd=30&kikanCd=2126200000&kikanKbn=2", "url2": "http://ikeda-jibika.jp/", "内容": "池田耳鼻いんこう科院【2:診療所】【診療科目:耳鼻いんこう科_アレルギー科】和歌山県和歌山市和歌川町９番３９号" }, "geometry": { "type": "Point", "coordinates": [ 135.177351, 34.193639 ] } },
{ "type": "Feature", "properties": { "ID": 3022126400000, "正式名称": "たかの耳鼻咽喉科・アレルギー科", "機関区分": 2, "都道府県コード": 30, "市区町村コード": 206, "所在地": "和歌山県田辺市たきない町２０番１０号", "緯度": 33.702195, "経度": 135.40205, "url": "https://www.iryou.teikyouseido.mhlw.go.jp/znk-web/juminkanja/S2430/initialize?prefCd=30&kikanCd=2126400000&kikanKbn=2", "url2": null, "内容": "たかの耳鼻咽喉科・アレルギー科【2:診療所】【診療科目:耳鼻いんこう科_頭頸部・耳鼻いんこう科_アレルギー科】和歌山県田辺市たきない町２０番１０号" }, "geometry": { "type": "Point", "coordinates": [ 135.40205, 33.702195 ] } },
{ "type": "Feature", "properties": { "ID": 3022126600000, "正式名称": "土井整形クリニック", "機関区分": 2, "都道府県コード": 30, "市区町村コード": 201, "所在地": "和歌山県和歌山市小雑賀１５８", "緯度": 34.204944, "経度": 135.183739, "url": "https://www.iryou.teikyouseido.mhlw.go.jp/znk-web/juminkanja/S2430/initialize?prefCd=30&kikanCd=2126600000&kikanKbn=2", "url2": "http://www.doiseikei.com/index.html", "内容": "土井整形クリニック【2:診療所】【診療科目:整形外科_リウマチ科_リハビリテーション科】和歌山県和歌山市小雑賀１５８" }, "geometry": { "type": "Point", "coordinates": [ 135.183739, 34.204944 ] } },
{ "type": "Feature", "properties": { "ID": 3022126900000, "正式名称": "しぶたこどもクリニック", "機関区分": 2, "都道府県コード": 30, "市区町村コード": 201, "所在地": "和歌山県和歌山市北島４５３　コンプラベルデ２", "緯度": 34.238329, "経度": 135.155879, "url": "https://www.iryou.teikyouseido.mhlw.go.jp/znk-web/juminkanja/S2430/initialize?prefCd=30&kikanCd=2126900000&kikanKbn=2", "url2": null, "内容": "しぶたこどもクリニック【2:診療所】【診療科目:小児科】和歌山県和歌山市北島４５３　コンプラベルデ２" }, "geometry": { "type": "Point", "coordinates": [ 135.155879, 34.238329 ] } },
{ "type": "Feature", "properties": { "ID": 3022127300000, "正式名称": "梅本診療所", "機関区分": 2, "都道府県コード": 30, "市区町村コード": 203, "所在地": "和歌山県橋本市隅田町河瀬３５２", "緯度": 34.321383, "経度": 135.62753, "url": "https://www.iryou.teikyouseido.mhlw.go.jp/znk-web/juminkanja/S2430/initialize?prefCd=30&kikanCd=2127300000&kikanKbn=2", "url2": null, "内容": "梅本診療所【2:診療所】【診療科目:内科_消化器内科_外科_整形外科】和歌山県橋本市隅田町河瀬３５２" }, "geometry": { "type": "Point", "coordinates": [ 135.62753, 34.321383 ] } },
{ "type": "Feature", "properties": { "ID": 3022127500000, "正式名称": "奥村マタニティクリニック", "機関区分": 2, "都道府県コード": 30, "市区町村コード": 203, "所在地": "和歌山県橋本市東家４丁目１８－１３", "緯度": 34.315383, "経度": 135.610199, "url": "https://www.iryou.teikyouseido.mhlw.go.jp/znk-web/juminkanja/S2430/initialize?prefCd=30&kikanCd=2127500000&kikanKbn=2", "url2": "http://www.okumuraclinic.or.jp/maternity/", "内容": "奥村マタニティクリニック【2:診療所】【診療科目:小児科_産婦人科_精神科】和歌山県橋本市東家４丁目１８－１３" }, "geometry": { "type": "Point", "coordinates": [ 135.610199, 34.315383 ] } },
{ "type": "Feature", "properties": { "ID": 3022127600000, "正式名称": "医療法人　南労会　紀和クリニック", "機関区分": 2, "都道府県コード": 30, "市区町村コード": 203, "所在地": "和歌山県橋本市岸上２３－１", "緯度": 34.305912, "経度": 135.581868, "url": "https://www.iryou.teikyouseido.mhlw.go.jp/znk-web/juminkanja/S2430/initialize?prefCd=30&kikanCd=2127600000&kikanKbn=2", "url2": "http://www.nanroukai.or.jp/", "内容": "医療法人　南労会　紀和クリニック【2:診療所】【診療科目:内科_脳神経内科_呼吸器内科_循環器内科_消化器内科_疼痛緩和内科_外科_脳神経外科_消化器外科_肝臓・胆のう・膵臓外科_乳腺外科_整形外科_形成外科_皮膚科_泌尿器科_精神科_歯科_リハビリテーション科】和歌山県橋本市岸上２３－１" }, "geometry": { "type": "Point", "coordinates": [ 135.581868, 34.305912 ] } },
{ "type": "Feature", "properties": { "ID": 3022127700000, "正式名称": "奥村レディースクリニック", "機関区分": 2, "都道府県コード": 30, "市区町村コード": 203, "所在地": "和歌山県橋本市東家４丁目１７－１３", "緯度": 34.315715, "経度": 135.610255, "url": "https://www.iryou.teikyouseido.mhlw.go.jp/znk-web/juminkanja/S2430/initialize?prefCd=30&kikanCd=2127700000&kikanKbn=2", "url2": "http://www.okumuraclinic.or.jp/ladies/", "内容": "奥村レディースクリニック【2:診療所】【診療科目:婦人科】和歌山県橋本市東家４丁目１７－１３" }, "geometry": { "type": "Point", "coordinates": [ 135.610255, 34.315715 ] } },
{ "type": "Feature", "properties": { "ID": 3022127800000, "正式名称": "こころの郷クリニック", "機関区分": 2, "都道府県コード": 30, "市区町村コード": 203, "所在地": "和歌山県橋本市高野口町名古曽９１８－１", "緯度": 34.301495, "経度": 135.560425, "url": "https://www.iryou.teikyouseido.mhlw.go.jp/znk-web/juminkanja/S2430/initialize?prefCd=30&kikanCd=2127800000&kikanKbn=2", "url2": null, "内容": "こころの郷クリニック【2:診療所】【診療科目:精神科_心療内科】和歌山県橋本市高野口町名古曽９１８－１" }, "geometry": { "type": "Point", "coordinates": [ 135.560425, 34.301495 ] } },
{ "type": "Feature", "properties": { "ID": 3022128300000, "正式名称": "はんだ内科クリニック", "機関区分": 2, "都道府県コード": 30, "市区町村コード": 201, "所在地": "和歌山県和歌山市古屋５７－２", "緯度": 34.257298, "経度": 135.120881, "url": "https://www.iryou.teikyouseido.mhlw.go.jp/znk-web/juminkanja/S2430/initialize?prefCd=30&kikanCd=2128300000&kikanKbn=2", "url2": null, "内容": "はんだ内科クリニック【2:診療所】【診療科目:内科_循環器内科_消化器内科】和歌山県和歌山市古屋５７－２" }, "geometry": { "type": "Point", "coordinates": [ 135.120881, 34.257298 ] } },
{ "type": "Feature", "properties": { "ID": 3022128400000, "正式名称": "北村泌尿器科・内科クリニック", "機関区分": 2, "都道府県コード": 30, "市区町村コード": 201, "所在地": "和歌山県和歌山市手平５丁目１－１５　マエダビル１Ｆ", "緯度": 34.21586, "経度": 135.186738, "url": "https://www.iryou.teikyouseido.mhlw.go.jp/znk-web/juminkanja/S2430/initialize?prefCd=30&kikanCd=2128400000&kikanKbn=2", "url2": "http://www.kitamura-uro-cl.com", "内容": "北村泌尿器科・内科クリニック【2:診療所】【診療科目:内科_泌尿器科】和歌山県和歌山市手平５丁目１－１５　マエダビル１Ｆ" }, "geometry": { "type": "Point", "coordinates": [ 135.186738, 34.21586 ] } },
{ "type": "Feature", "properties": { "ID": 3022128600000, "正式名称": "上田神経科クリニック", "機関区分": 2, "都道府県コード": 30, "市区町村コード": 341, "所在地": "和歌山県伊都郡かつらぎ町笠田東１７１", "緯度": 34.28769, "経度": 135.479239, "url": "https://www.iryou.teikyouseido.mhlw.go.jp/znk-web/juminkanja/S2430/initialize?prefCd=30&kikanCd=2128600000&kikanKbn=2", "url2": null, "内容": "上田神経科クリニック【2:診療所】【診療科目:精神科_神経科_心療内科_老年精神科_老年心療内科】和歌山県伊都郡かつらぎ町笠田東１７１" }, "geometry": { "type": "Point", "coordinates": [ 135.479239, 34.28769 ] } },
{ "type": "Feature", "properties": { "ID": 3022129000000, "正式名称": "九鬼クリニック耳鼻咽喉科", "機関区分": 2, "都道府県コード": 30, "市区町村コード": 204, "所在地": "和歌山県有田市新堂５６－１", "緯度": 34.084095, "経度": 135.12911, "url": "https://www.iryou.teikyouseido.mhlw.go.jp/znk-web/juminkanja/S2430/initialize?prefCd=30&kikanCd=2129000000&kikanKbn=2", "url2": null, "内容": "九鬼クリニック耳鼻咽喉科【2:診療所】【診療科目:耳鼻いんこう科】和歌山県有田市新堂５６－１" }, "geometry": { "type": "Point", "coordinates": [ 135.12911, 34.084095 ] } },
{ "type": "Feature", "properties": { "ID": 3022129200000, "正式名称": "細部医院", "機関区分": 2, "都道府県コード": 30, "市区町村コード": 202, "所在地": "和歌山県海南市下津町下２７９", "緯度": 34.128119, "経度": 135.16305, "url": "https://www.iryou.teikyouseido.mhlw.go.jp/znk-web/juminkanja/S2430/initialize?prefCd=30&kikanCd=2129200000&kikanKbn=2", "url2": null, "内容": "細部医院【2:診療所】【診療科目:内科_小児科】和歌山県海南市下津町下２７９" }, "geometry": { "type": "Point", "coordinates": [ 135.16305, 34.128119 ] } },
{ "type": "Feature", "properties": { "ID": 3022129600000, "正式名称": "松岡医院", "機関区分": 2, "都道府県コード": 30, "市区町村コード": 203, "所在地": "和歌山県橋本市高野口町名倉１８６－１", "緯度": 34.302523, "経度": 135.555093, "url": "https://www.iryou.teikyouseido.mhlw.go.jp/znk-web/juminkanja/S2430/initialize?prefCd=30&kikanCd=2129600000&kikanKbn=2", "url2": null, "内容": "松岡医院【2:診療所】【診療科目:内科_外科_整形外科】和歌山県橋本市高野口町名倉１８６－１" }, "geometry": { "type": "Point", "coordinates": [ 135.555093, 34.302523 ] } },
{ "type": "Feature", "properties": { "ID": 3022129700000, "正式名称": "中西クリニック", "機関区分": 2, "都道府県コード": 30, "市区町村コード": 201, "所在地": "和歌山県和歌山市美園町５丁目７－４テンビル２Ｆ", "緯度": 34.231246, "経度": 135.190487, "url": "https://www.iryou.teikyouseido.mhlw.go.jp/znk-web/juminkanja/S2430/initialize?prefCd=30&kikanCd=2129700000&kikanKbn=2", "url2": null, "内容": "中西クリニック【2:診療所】【診療科目:内科_外科_肛門外科_整形外科_皮膚科_アレルギー科_リハビリテーション科】和歌山県和歌山市美園町５丁目７－４テンビル２Ｆ" }, "geometry": { "type": "Point", "coordinates": [ 135.190487, 34.231246 ] } },
{ "type": "Feature", "properties": { "ID": 3022130000000, "正式名称": "さとう内科", "機関区分": 2, "都道府県コード": 30, "市区町村コード": 201, "所在地": "和歌山県和歌山市太田６６７－６", "緯度": 34.236358, "経度": 135.205069, "url": "https://www.iryou.teikyouseido.mhlw.go.jp/znk-web/juminkanja/S2430/initialize?prefCd=30&kikanCd=2130000000&kikanKbn=2", "url2": "https://satonaika.or.jp/sato-medical-clinic/", "内容": "さとう内科【2:診療所】【診療科目:内科_糖尿病内科_代謝内科_内分泌内科_脂質代謝内科_循環器内科_消化器内科_外科_脳神経外科_心臓血管外科_乳腺外科_婦人科】和歌山県和歌山市太田６６７－６" }, "geometry": { "type": "Point", "coordinates": [ 135.205069, 34.236358 ] } },
{ "type": "Feature", "properties": { "ID": 3022130200000, "正式名称": "医療法人　笹屋内科外科", "機関区分": 2, "都道府県コード": 30, "市区町村コード": 207, "所在地": "和歌山県新宮市緑ケ丘３丁目１番１号", "緯度": 33.718454, "経度": 135.991416, "url": "https://www.iryou.teikyouseido.mhlw.go.jp/znk-web/juminkanja/S2430/initialize?prefCd=30&kikanCd=2130200000&kikanKbn=2", "url2": null, "内容": "医療法人　笹屋内科外科【2:診療所】【診療科目:内科_外科】和歌山県新宮市緑ケ丘３丁目１番１号" }, "geometry": { "type": "Point", "coordinates": [ 135.991416, 33.718454 ] } },
{ "type": "Feature", "properties": { "ID": 3022130500000, "正式名称": "医療法人　渡辺内科", "機関区分": 2, "都道府県コード": 30, "市区町村コード": 201, "所在地": "和歌山県和歌山市湊３２１８番地", "緯度": 34.219859, "経度": 135.164129, "url": "https://www.iryou.teikyouseido.mhlw.go.jp/znk-web/juminkanja/S2430/initialize?prefCd=30&kikanCd=2130500000&kikanKbn=2", "url2": "http://itp.ne.jp/into/3045114401116500201/", "内容": "医療法人　渡辺内科【2:診療所】【診療科目:内科_呼吸器内科】和歌山県和歌山市湊３２１８番地" }, "geometry": { "type": "Point", "coordinates": [ 135.164129, 34.219859 ] } },
{ "type": "Feature", "properties": { "ID": 3022130600000, "正式名称": "上中クリニック", "機関区分": 2, "都道府県コード": 30, "市区町村コード": 201, "所在地": "和歌山県和歌山市岩橋１５８３－１", "緯度": 34.231942, "経度": 135.223874, "url": "https://www.iryou.teikyouseido.mhlw.go.jp/znk-web/juminkanja/S2430/initialize?prefCd=30&kikanCd=2130600000&kikanKbn=2", "url2": "https://www.uenaka-clinic.com/", "内容": "上中クリニック【2:診療所】【診療科目:内科_消化器内科_外科_消化器外科_肛門外科】和歌山県和歌山市岩橋１５８３－１" }, "geometry": { "type": "Point", "coordinates": [ 135.223874, 34.231942 ] } },
{ "type": "Feature", "properties": { "ID": 3022130700000, "正式名称": "みうら循環器内科", "機関区分": 2, "都道府県コード": 30, "市区町村コード": 201, "所在地": "和歌山県和歌山市北島４５３コンプラベルデ２　１Ｆ　Ａ－１号室", "緯度": 34.238384, "経度": 135.155907, "url": "https://www.iryou.teikyouseido.mhlw.go.jp/znk-web/juminkanja/S2430/initialize?prefCd=30&kikanCd=2130700000&kikanKbn=2", "url2": "https://www.miura-junkanki.com/", "内容": "みうら循環器内科【2:診療所】【診療科目:内科_循環器内科】和歌山県和歌山市北島４５３コンプラベルデ２　１Ｆ　Ａ－１号室" }, "geometry": { "type": "Point", "coordinates": [ 135.155907, 34.238384 ] } },
{ "type": "Feature", "properties": { "ID": 3022131200000, "正式名称": "たなか眼科", "機関区分": 2, "都道府県コード": 30, "市区町村コード": 202, "所在地": "和歌山県海南市日方１２９０－６６", "緯度": 34.154533, "経度": 135.208822, "url": "https://www.iryou.teikyouseido.mhlw.go.jp/znk-web/juminkanja/S2430/initialize?prefCd=30&kikanCd=2131200000&kikanKbn=2", "url2": "https://tanaka-eye-clinic.my.canva.site", "内容": "たなか眼科【2:診療所】【診療科目:眼科】和歌山県海南市日方１２９０－６６" }, "geometry": { "type": "Point", "coordinates": [ 135.208822, 34.154533 ] } },
{ "type": "Feature", "properties": { "ID": 3022131300000, "正式名称": "和歌山県立医科大学　サテライト診療所　本町", "機関区分": 2, "都道府県コード": 30, "市区町村コード": 201, "所在地": "和歌山県和歌山市本町二丁目１番地　フォルテワジマビル５Ｆ", "緯度": 34.234218, "経度": 135.174072, "url": "https://www.iryou.teikyouseido.mhlw.go.jp/znk-web/juminkanja/S2430/initialize?prefCd=30&kikanCd=2131300000&kikanKbn=2", "url2": "http://www.wakayama-med.ac.jp/med/miraic/sinryou/", "内容": "和歌山県立医科大学　サテライト診療所　本町【2:診療所】【診療科目:内科_糖尿病・代謝内科_循環器内科_神経内科_漢方内科_老年内科_リハビリテーション科】和歌山県和歌山市本町二丁目１番地　フォルテワジマビル５Ｆ" }, "geometry": { "type": "Point", "coordinates": [ 135.174072, 34.234218 ] } },
{ "type": "Feature", "properties": { "ID": 3022131400000, "正式名称": "西川内科診療所", "機関区分": 2, "都道府県コード": 30, "市区町村コード": 201, "所在地": "和歌山県和歌山市匠町２９小山ビル１階", "緯度": 34.233968, "経度": 135.175211, "url": "https://www.iryou.teikyouseido.mhlw.go.jp/znk-web/juminkanja/S2430/initialize?prefCd=30&kikanCd=2131400000&kikanKbn=2", "url2": null, "内容": "西川内科診療所【2:診療所】【診療科目:内科_消化器内科_放射線科】和歌山県和歌山市匠町２９小山ビル１階" }, "geometry": { "type": "Point", "coordinates": [ 135.175211, 34.233968 ] } },
{ "type": "Feature", "properties": { "ID": 3022131500000, "正式名称": "いぬい内科　呼吸器内科クリニック", "機関区分": 2, "都道府県コード": 30, "市区町村コード": 202, "所在地": "和歌山県海南市名高５３９－１８　岩崎ビル１階", "緯度": 34.155228, "経度": 135.211989, "url": "https://www.iryou.teikyouseido.mhlw.go.jp/znk-web/juminkanja/S2430/initialize?prefCd=30&kikanCd=2131500000&kikanKbn=2", "url2": null, "内容": "いぬい内科　呼吸器内科クリニック【2:診療所】【診療科目:内科_呼吸器内科】和歌山県海南市名高５３９－１８　岩崎ビル１階" }, "geometry": { "type": "Point", "coordinates": [ 135.211989, 34.155228 ] } },
{ "type": "Feature", "properties": { "ID": 3022132000000, "正式名称": "ふくはらこどもクリニック", "機関区分": 2, "都道府県コード": 30, "市区町村コード": 206, "所在地": "和歌山県田辺市朝日ヶ丘１３－２４", "緯度": 33.733915, "経度": 135.392687, "url": "https://www.iryou.teikyouseido.mhlw.go.jp/znk-web/juminkanja/S2430/initialize?prefCd=30&kikanCd=2132000000&kikanKbn=2", "url2": "http://www.fukuhara-kodomo.com/", "内容": "ふくはらこどもクリニック【2:診療所】【診療科目:小児科_アレルギー科】和歌山県田辺市朝日ヶ丘１３－２４" }, "geometry": { "type": "Point", "coordinates": [ 135.392687, 33.733915 ] } },
{ "type": "Feature", "properties": { "ID": 3022132100000, "正式名称": "ましょうクリニック", "機関区分": 2, "都道府県コード": 30, "市区町村コード": 207, "所在地": "和歌山県新宮市佐野１０８５－１４", "緯度": 33.685041, "経度": 135.963476, "url": "https://www.iryou.teikyouseido.mhlw.go.jp/znk-web/juminkanja/S2430/initialize?prefCd=30&kikanCd=2132100000&kikanKbn=2", "url2": null, "内容": "ましょうクリニック【2:診療所】【診療科目:循環器内科_腎臓内科_人工透析内科】和歌山県新宮市佐野１０８５－１４" }, "geometry": { "type": "Point", "coordinates": [ 135.963476, 33.685041 ] } },
{ "type": "Feature", "properties": { "ID": 3022132200000, "正式名称": "くらはしクリニック", "機関区分": 2, "都道府県コード": 30, "市区町村コード": 202, "所在地": "和歌山県海南市黒江５４３", "緯度": 34.162616, "経度": 135.206461, "url": "https://www.iryou.teikyouseido.mhlw.go.jp/znk-web/juminkanja/S2430/initialize?prefCd=30&kikanCd=2132200000&kikanKbn=2", "url2": "http://www.kurahashi-clinic.com", "内容": "くらはしクリニック【2:診療所】【診療科目:内科_消化器内科_胃腸内科】和歌山県海南市黒江５４３" }, "geometry": { "type": "Point", "coordinates": [ 135.206461, 34.162616 ] } },
{ "type": "Feature", "properties": { "ID": 3022132400000, "正式名称": "恵みクリニック", "機関区分": 2, "都道府県コード": 30, "市区町村コード": 201, "所在地": "和歌山県和歌山市坂田６４１－２", "緯度": 34.201944, "経度": 135.200877, "url": "https://www.iryou.teikyouseido.mhlw.go.jp/znk-web/juminkanja/S2430/initialize?prefCd=30&kikanCd=2132400000&kikanKbn=2", "url2": "https://megumi-clinic.net", "内容": "恵みクリニック【2:診療所】【診療科目:内科_呼吸器内科_外科_乳腺外科】和歌山県和歌山市坂田６４１－２" }, "geometry": { "type": "Point", "coordinates": [ 135.200877, 34.201944 ] } },
{ "type": "Feature", "properties": { "ID": 3022132500000, "正式名称": "一般社団法人　たかみクリニック", "機関区分": 2, "都道府県コード": 30, "市区町村コード": 201, "所在地": "和歌山県和歌山市布引８６５－６　アヴェベニュー名草１Ｆ", "緯度": 34.169642, "経度": 135.188684, "url": "https://www.iryou.teikyouseido.mhlw.go.jp/znk-web/juminkanja/S2430/initialize?prefCd=30&kikanCd=2132500000&kikanKbn=2", "url2": "https://takami-clinic.amebaownd.com/", "内容": "一般社団法人　たかみクリニック【2:診療所】【診療科目:内科_泌尿器科】和歌山県和歌山市布引８６５－６　アヴェベニュー名草１Ｆ" }, "geometry": { "type": "Point", "coordinates": [ 135.188684, 34.169642 ] } },
{ "type": "Feature", "properties": { "ID": 3022132600000, "正式名称": "岡内科・胃腸科クリニック", "機関区分": 2, "都道府県コード": 30, "市区町村コード": 201, "所在地": "和歌山県和歌山市木枕４１－１", "緯度": 34.205862, "経度": 135.258455, "url": "https://www.iryou.teikyouseido.mhlw.go.jp/znk-web/juminkanja/S2430/initialize?prefCd=30&kikanCd=2132600000&kikanKbn=2", "url2": null, "内容": "岡内科・胃腸科クリニック【2:診療所】【診療科目:糖尿病内科_代謝内科_呼吸器内科_循環器内科_消化器内科】和歌山県和歌山市木枕４１－１" }, "geometry": { "type": "Point", "coordinates": [ 135.258455, 34.205862 ] } },
{ "type": "Feature", "properties": { "ID": 3022132900000, "正式名称": "たいようファミリークリニック", "機関区分": 2, "都道府県コード": 30, "市区町村コード": 201, "所在地": "和歌山県和歌山市新中島１２５－１", "緯度": 34.21464, "経度": 135.19643, "url": "https://www.iryou.teikyouseido.mhlw.go.jp/znk-web/juminkanja/S2430/initialize?prefCd=30&kikanCd=2132900000&kikanKbn=2", "url2": "http://www.taiyo-kodomo.com", "内容": "たいようファミリークリニック【2:診療所】【診療科目:小児科_アレルギー科】和歌山県和歌山市新中島１２５－１" }, "geometry": { "type": "Point", "coordinates": [ 135.19643, 34.21464 ] } },
{ "type": "Feature", "properties": { "ID": 3022133100000, "正式名称": "みなかたクリニック", "機関区分": 2, "都道府県コード": 30, "市区町村コード": 201, "所在地": "和歌山県和歌山市和歌川町１０－３９", "緯度": 34.192945, "経度": 135.177046, "url": "https://www.iryou.teikyouseido.mhlw.go.jp/znk-web/juminkanja/S2430/initialize?prefCd=30&kikanCd=2133100000&kikanKbn=2", "url2": "http://www.minakataclinic.com/", "内容": "みなかたクリニック【2:診療所】【診療科目:内科_呼吸器内科_循環器内科_消化器内科_小児科_アレルギー科】和歌山県和歌山市和歌川町１０－３９" }, "geometry": { "type": "Point", "coordinates": [ 135.177046, 34.192945 ] } },
{ "type": "Feature", "properties": { "ID": 3022133200000, "正式名称": "ナガタクリニック", "機関区分": 2, "都道府県コード": 30, "市区町村コード": 201, "所在地": "和歌山県和歌山市岡織屋小路２番地", "緯度": 34.233774, "経度": 135.183321, "url": "https://www.iryou.teikyouseido.mhlw.go.jp/znk-web/juminkanja/S2430/initialize?prefCd=30&kikanCd=2133200000&kikanKbn=2", "url2": "https://www.nagata-clinic-1.com", "内容": "ナガタクリニック【2:診療所】【診療科目:内科_神経内科】和歌山県和歌山市岡織屋小路２番地" }, "geometry": { "type": "Point", "coordinates": [ 135.183321, 34.233774 ] } },
{ "type": "Feature", "properties": { "ID": 3022133300000, "正式名称": "医療法人　医聖会　さくら眼科", "機関区分": 2, "都道府県コード": 30, "市区町村コード": 201, "所在地": "和歌山県和歌山市美園町５丁目１２番地１　水了軒ビル２階", "緯度": 34.23133, "経度": 135.19082, "url": "https://www.iryou.teikyouseido.mhlw.go.jp/znk-web/juminkanja/S2430/initialize?prefCd=30&kikanCd=2133300000&kikanKbn=2", "url2": "https://www.wakayama-eye.com/", "内容": "医療法人　医聖会　さくら眼科【2:診療所】【診療科目:眼科】和歌山県和歌山市美園町５丁目１２番地１　水了軒ビル２階" }, "geometry": { "type": "Point", "coordinates": [ 135.19082, 34.23133 ] } },
{ "type": "Feature", "properties": { "ID": 3022133500000, "正式名称": "いずみウィメンズクリニック", "機関区分": 2, "都道府県コード": 30, "市区町村コード": 207, "所在地": "和歌山県新宮市清水元１丁目６－３３", "緯度": 33.717371, "経度": 135.997944, "url": "https://www.iryou.teikyouseido.mhlw.go.jp/znk-web/juminkanja/S2430/initialize?prefCd=30&kikanCd=2133500000&kikanKbn=2", "url2": "http://www.izumi-w-clinic.jp/", "内容": "いずみウィメンズクリニック【2:診療所】【診療科目:産科_婦人科】和歌山県新宮市清水元１丁目６－３３" }, "geometry": { "type": "Point", "coordinates": [ 135.997944, 33.717371 ] } },
{ "type": "Feature", "properties": { "ID": 3022133800000, "正式名称": "むらがき心療内科皮フ科クリニック", "機関区分": 2, "都道府県コード": 30, "市区町村コード": 205, "所在地": "和歌山県御坊市島６４６－１", "緯度": 33.894894, "経度": 135.162061, "url": "https://www.iryou.teikyouseido.mhlw.go.jp/znk-web/juminkanja/S2430/initialize?prefCd=30&kikanCd=2133800000&kikanKbn=2", "url2": "http://muragaki.medical-hp.net/", "内容": "むらがき心療内科皮フ科クリニック【2:診療所】【診療科目:内科_皮膚科_精神科_心療内科】和歌山県御坊市島６４６－１" }, "geometry": { "type": "Point", "coordinates": [ 135.162061, 33.894894 ] } },
{ "type": "Feature", "properties": { "ID": 3022133900000, "正式名称": "いちご耳鼻咽喉科藤原クリニック", "機関区分": 2, "都道府県コード": 30, "市区町村コード": 209, "所在地": "和歌山県岩出市吉田３１９－１０", "緯度": 34.264994, "経度": 135.281784, "url": "https://www.iryou.teikyouseido.mhlw.go.jp/znk-web/juminkanja/S2430/initialize?prefCd=30&kikanCd=2133900000&kikanKbn=2", "url2": "http://3387ichigo.com", "内容": "いちご耳鼻咽喉科藤原クリニック【2:診療所】【診療科目:耳鼻いんこう科】和歌山県岩出市吉田３１９－１０" }, "geometry": { "type": "Point", "coordinates": [ 135.281784, 34.264994 ] } },
{ "type": "Feature", "properties": { "ID": 3022134400000, "正式名称": "中北クリニック", "機関区分": 2, "都道府県コード": 30, "市区町村コード": 404, "所在地": "和歌山県西牟婁郡上富田町朝来９５－１", "緯度": 33.701585, "経度": 135.429436, "url": "https://www.iryou.teikyouseido.mhlw.go.jp/znk-web/juminkanja/S2430/initialize?prefCd=30&kikanCd=2134400000&kikanKbn=2", "url2": "https://nakakita-clinic.jp", "内容": "中北クリニック【2:診療所】【診療科目:内科_脳神経外科】和歌山県西牟婁郡上富田町朝来９５－１" }, "geometry": { "type": "Point", "coordinates": [ 135.429436, 33.701585 ] } },
{ "type": "Feature", "properties": { "ID": 3022134500000, "正式名称": "うえおく皮ふ科", "機関区分": 2, "都道府県コード": 30, "市区町村コード": 208, "所在地": "和歌山県紀の川市貴志川町長原４３５－１", "緯度": 34.215612, "経度": 135.305118, "url": "https://www.iryou.teikyouseido.mhlw.go.jp/znk-web/juminkanja/S2430/initialize?prefCd=30&kikanCd=2134500000&kikanKbn=2", "url2": "http://www.dc-ueoku.jp", "内容": "うえおく皮ふ科【2:診療所】【診療科目:形成外科_皮膚科】和歌山県紀の川市貴志川町長原４３５－１" }, "geometry": { "type": "Point", "coordinates": [ 135.305118, 34.215612 ] } },
{ "type": "Feature", "properties": { "ID": 3022134800000, "正式名称": "廣井皮膚科", "機関区分": 2, "都道府県コード": 30, "市区町村コード": 201, "所在地": "和歌山県和歌山市吹屋町４丁目３４番地", "緯度": 34.224581, "経度": 135.189877, "url": "https://www.iryou.teikyouseido.mhlw.go.jp/znk-web/juminkanja/S2430/initialize?prefCd=30&kikanCd=2134800000&kikanKbn=2", "url2": "https://hiroihifuka.jp/", "内容": "廣井皮膚科【2:診療所】【診療科目:皮膚科】和歌山県和歌山市吹屋町４丁目３４番地" }, "geometry": { "type": "Point", "coordinates": [ 135.189877, 34.224581 ] } },
{ "type": "Feature", "properties": { "ID": 3022135200000, "正式名称": "ましまメンタルクリニック", "機関区分": 2, "都道府県コード": 30, "市区町村コード": 209, "所在地": "和歌山県岩出市川尻２６－２", "緯度": 34.26855, "経度": 135.31042, "url": "https://www.iryou.teikyouseido.mhlw.go.jp/znk-web/juminkanja/S2430/initialize?prefCd=30&kikanCd=2135200000&kikanKbn=2", "url2": null, "内容": "ましまメンタルクリニック【2:診療所】【診療科目:精神科_心療内科】和歌山県岩出市川尻２６－２" }, "geometry": { "type": "Point", "coordinates": [ 135.31042, 34.26855 ] } },
{ "type": "Feature", "properties": { "ID": 3022135300000, "正式名称": "上出皮フ科クリニック", "機関区分": 2, "都道府県コード": 30, "市区町村コード": 201, "所在地": "和歌山県和歌山市西高松１丁目５－５０", "緯度": 34.20911, "経度": 135.171323, "url": "https://www.iryou.teikyouseido.mhlw.go.jp/znk-web/juminkanja/S2430/initialize?prefCd=30&kikanCd=2135300000&kikanKbn=2", "url2": "http://www.uede-hifuka-clinic.com/", "内容": "上出皮フ科クリニック【2:診療所】【診療科目:皮膚科_美容皮膚科】和歌山県和歌山市西高松１丁目５－５０" }, "geometry": { "type": "Point", "coordinates": [ 135.171323, 34.20911 ] } },
{ "type": "Feature", "properties": { "ID": 3022135400000, "正式名称": "すずきこどもクリニック", "機関区分": 2, "都道府県コード": 30, "市区町村コード": 207, "所在地": "和歌山県新宮市下田２丁目３－２", "緯度": 33.718232, "経度": 135.993111, "url": "https://www.iryou.teikyouseido.mhlw.go.jp/znk-web/juminkanja/S2430/initialize?prefCd=30&kikanCd=2135400000&kikanKbn=2", "url2": "http://www.suzukikodomo.jp", "内容": "すずきこどもクリニック【2:診療所】【診療科目:小児科_アレルギー科】和歌山県新宮市下田２丁目３－２" }, "geometry": { "type": "Point", "coordinates": [ 135.993111, 33.718232 ] } },
{ "type": "Feature", "properties": { "ID": 3022136200000, "正式名称": "藤内メンタルクリニック", "機関区分": 2, "都道府県コード": 30, "市区町村コード": 366, "所在地": "和歌山県有田郡有田川町小島３１３－２", "緯度": 34.06557, "経度": 135.194273, "url": "https://www.iryou.teikyouseido.mhlw.go.jp/znk-web/juminkanja/S2430/initialize?prefCd=30&kikanCd=2136200000&kikanKbn=2", "url2": "http://www.eonet.ne.jp/~shin-clinic.htm", "内容": "藤内メンタルクリニック【2:診療所】【診療科目:精神科_心療内科】和歌山県有田郡有田川町小島３１３－２" }, "geometry": { "type": "Point", "coordinates": [ 135.194273, 34.06557 ] } },
{ "type": "Feature", "properties": { "ID": 3022136600000, "正式名称": "しめざき眼科クリニック", "機関区分": 2, "都道府県コード": 30, "市区町村コード": 205, "所在地": "和歌山県御坊市湯川町小松原５３１－２", "緯度": 33.905503, "経度": 135.153561, "url": "https://www.iryou.teikyouseido.mhlw.go.jp/znk-web/juminkanja/S2430/initialize?prefCd=30&kikanCd=2136600000&kikanKbn=2", "url2": null, "内容": "しめざき眼科クリニック【2:診療所】【診療科目:眼科】和歌山県御坊市湯川町小松原５３１－２" }, "geometry": { "type": "Point", "coordinates": [ 135.153561, 33.905503 ] } },
{ "type": "Feature", "properties": { "ID": 3022137700000, "正式名称": "九鬼耳鼻咽喉科", "機関区分": 2, "都道府県コード": 30, "市区町村コード": 201, "所在地": "和歌山県和歌山市津秦３番地の２６", "緯度": 34.222942, "経度": 135.207597, "url": "https://www.iryou.teikyouseido.mhlw.go.jp/znk-web/juminkanja/S2430/initialize?prefCd=30&kikanCd=2137700000&kikanKbn=2", "url2": "https://www.kuki-jibiinkouka.com/", "内容": "九鬼耳鼻咽喉科【2:診療所】【診療科目:耳鼻いんこう科】和歌山県和歌山市津秦３番地の２６" }, "geometry": { "type": "Point", "coordinates": [ 135.207597, 34.222942 ] } },
{ "type": "Feature", "properties": { "ID": 3022138000000, "正式名称": "とめきクリニック", "機関区分": 2, "都道府県コード": 30, "市区町村コード": 392, "所在地": "和歌山県日高郡日高川町小熊２４７５－１", "緯度": 33.912364, "経度": 135.188419, "url": "https://www.iryou.teikyouseido.mhlw.go.jp/znk-web/juminkanja/S2430/initialize?prefCd=30&kikanCd=2138000000&kikanKbn=2", "url2": "http://tomekikurinikku.com", "内容": "とめきクリニック【2:診療所】【診療科目:内科_消化器内科】和歌山県日高郡日高川町小熊２４７５－１" }, "geometry": { "type": "Point", "coordinates": [ 135.188419, 33.912364 ] } },
{ "type": "Feature", "properties": { "ID": 3022138500000, "正式名称": "御坊なかむらクリニック", "機関区分": 2, "都道府県コード": 30, "市区町村コード": 205, "所在地": "和歌山県御坊市湯川町財部７１５", "緯度": 33.896275, "経度": 135.152593, "url": "https://www.iryou.teikyouseido.mhlw.go.jp/znk-web/juminkanja/S2430/initialize?prefCd=30&kikanCd=2138500000&kikanKbn=2", "url2": null, "内容": "御坊なかむらクリニック【2:診療所】【診療科目:内科_外科_皮膚科】和歌山県御坊市湯川町財部７１５" }, "geometry": { "type": "Point", "coordinates": [ 135.152593, 33.896275 ] } },
{ "type": "Feature", "properties": { "ID": 3022138600000, "正式名称": "古座川町小川へき地診療所", "機関区分": 2, "都道府県コード": 30, "市区町村コード": 424, "所在地": "和歌山県東牟婁郡古座川町小川７７４－１", "緯度": 33.601906, "経度": 135.765723, "url": "https://www.iryou.teikyouseido.mhlw.go.jp/znk-web/juminkanja/S2430/initialize?prefCd=30&kikanCd=2138600000&kikanKbn=2", "url2": null, "内容": "古座川町小川へき地診療所【2:診療所】【診療科目:内科】和歌山県東牟婁郡古座川町小川７７４－１" }, "geometry": { "type": "Point", "coordinates": [ 135.765723, 33.601906 ] } },
{ "type": "Feature", "properties": { "ID": 3022138700000, "正式名称": "小幡医院", "機関区分": 2, "都道府県コード": 30, "市区町村コード": 206, "所在地": "和歌山県田辺市湊４６－１７", "緯度": 33.731665, "経度": 135.385466, "url": "https://www.iryou.teikyouseido.mhlw.go.jp/znk-web/juminkanja/S2430/initialize?prefCd=30&kikanCd=2138700000&kikanKbn=2", "url2": "https://www.obata-c.net/", "内容": "小幡医院【2:診療所】【診療科目:形成外科_美容皮膚科】和歌山県田辺市湊４６－１７" }, "geometry": { "type": "Point", "coordinates": [ 135.385466, 33.731665 ] } },
{ "type": "Feature", "properties": { "ID": 3022138900000, "正式名称": "医療法人　鈴木眼科", "機関区分": 2, "都道府県コード": 30, "市区町村コード": 201, "所在地": "和歌山県和歌山市美園町３丁目３４番地けやきＯＮＥ２０３", "緯度": 34.231524, "経度": 135.18696, "url": "https://www.iryou.teikyouseido.mhlw.go.jp/znk-web/juminkanja/S2430/initialize?prefCd=30&kikanCd=2138900000&kikanKbn=2", "url2": "http://www.suzukiganka.info", "内容": "医療法人　鈴木眼科【2:診療所】【診療科目:眼科】和歌山県和歌山市美園町３丁目３４番地けやきＯＮＥ２０３" }, "geometry": { "type": "Point", "coordinates": [ 135.18696, 34.231524 ] } },
{ "type": "Feature", "properties": { "ID": 3022139000000, "正式名称": "のだ小児科", "機関区分": 2, "都道府県コード": 30, "市区町村コード": 208, "所在地": "和歌山県紀の川市北大井１９８－７", "緯度": 34.273495, "経度": 135.368193, "url": "https://www.iryou.teikyouseido.mhlw.go.jp/znk-web/juminkanja/S2430/initialize?prefCd=30&kikanCd=2139000000&kikanKbn=2", "url2": "http://noda-ped.atat.jp", "内容": "のだ小児科【2:診療所】【診療科目:小児科】和歌山県紀の川市北大井１９８－７" }, "geometry": { "type": "Point", "coordinates": [ 135.368193, 34.273495 ] } },
{ "type": "Feature", "properties": { "ID": 3022139300000, "正式名称": "おだ眼科クリニック", "機関区分": 2, "都道府県コード": 30, "市区町村コード": 201, "所在地": "和歌山県和歌山市松江北７丁目１０－３４", "緯度": 34.252771, "経度": 135.124909, "url": "https://www.iryou.teikyouseido.mhlw.go.jp/znk-web/juminkanja/S2430/initialize?prefCd=30&kikanCd=2139300000&kikanKbn=2", "url2": "https://www.oda-eye-clinic.com/", "内容": "おだ眼科クリニック【2:診療所】【診療科目:眼科】和歌山県和歌山市松江北７丁目１０－３４" }, "geometry": { "type": "Point", "coordinates": [ 135.124909, 34.252771 ] } },
{ "type": "Feature", "properties": { "ID": 3022139400000, "正式名称": "岡田内科消化器クリニック", "機関区分": 2, "都道府県コード": 30, "市区町村コード": 201, "所在地": "和歌山県和歌山市秋葉町２番１９号", "緯度": 34.200194, "経度": 135.169602, "url": "https://www.iryou.teikyouseido.mhlw.go.jp/znk-web/juminkanja/S2430/initialize?prefCd=30&kikanCd=2139400000&kikanKbn=2", "url2": "http://www.okada-clinic.jp", "内容": "岡田内科消化器クリニック【2:診療所】【診療科目:内科_消化器内科】和歌山県和歌山市秋葉町２番１９号" }, "geometry": { "type": "Point", "coordinates": [ 135.169602, 34.200194 ] } },
{ "type": "Feature", "properties": { "ID": 3022139900000, "正式名称": "ふじた眼科", "機関区分": 2, "都道府県コード": 30, "市区町村コード": 202, "所在地": "和歌山県海南市沖野々２５９番地", "緯度": 34.162036, "経度": 135.275206, "url": "https://www.iryou.teikyouseido.mhlw.go.jp/znk-web/juminkanja/S2430/initialize?prefCd=30&kikanCd=2139900000&kikanKbn=2", "url2": null, "内容": "ふじた眼科【2:診療所】【診療科目:眼科】和歌山県海南市沖野々２５９番地" }, "geometry": { "type": "Point", "coordinates": [ 135.275206, 34.162036 ] } },
{ "type": "Feature", "properties": { "ID": 3022140000000, "正式名称": "本多内科", "機関区分": 2, "都道府県コード": 30, "市区町村コード": 391, "所在地": "和歌山県日高郡みなべ町芝５０３", "緯度": 33.76479, "経度": 135.323415, "url": "https://www.iryou.teikyouseido.mhlw.go.jp/znk-web/juminkanja/S2430/initialize?prefCd=30&kikanCd=2140000000&kikanKbn=2", "url2": "http://www.hondanaika.net/", "内容": "本多内科【2:診療所】【診療科目:内科_小児科】和歌山県日高郡みなべ町芝５０３" }, "geometry": { "type": "Point", "coordinates": [ 135.323415, 33.76479 ] } },
{ "type": "Feature", "properties": { "ID": 3022140400000, "正式名称": "なおや内科クリニック", "機関区分": 2, "都道府県コード": 30, "市区町村コード": 201, "所在地": "和歌山県和歌山市美園町３丁目３４番地けやきＯＮＥ２０１", "緯度": 34.231524, "経度": 135.186932, "url": "https://www.iryou.teikyouseido.mhlw.go.jp/znk-web/juminkanja/S2430/initialize?prefCd=30&kikanCd=2140400000&kikanKbn=2", "url2": "https://www.naoya_naika.jp", "内容": "なおや内科クリニック【2:診療所】【診療科目:内科_糖尿病・代謝内科】和歌山県和歌山市美園町３丁目３４番地けやきＯＮＥ２０１" }, "geometry": { "type": "Point", "coordinates": [ 135.186932, 34.231524 ] } },
{ "type": "Feature", "properties": { "ID": 3022140900000, "正式名称": "湊．小川クリニック", "機関区分": 2, "都道府県コード": 30, "市区町村コード": 206, "所在地": "和歌山県田辺市湊２４－３７　榎本ビル１Ｆ", "緯度": 33.731498, "経度": 135.382216, "url": "https://www.iryou.teikyouseido.mhlw.go.jp/znk-web/juminkanja/S2430/initialize?prefCd=30&kikanCd=2140900000&kikanKbn=2", "url2": null, "内容": "湊．小川クリニック【2:診療所】【診療科目:精神科】和歌山県田辺市湊２４－３７　榎本ビル１Ｆ" }, "geometry": { "type": "Point", "coordinates": [ 135.382216, 33.731498 ] } },
{ "type": "Feature", "properties": { "ID": 3022141400000, "正式名称": "医療法人かなやクリニック", "機関区分": 2, "都道府県コード": 30, "市区町村コード": 366, "所在地": "和歌山県有田郡有田川町金屋９０番１", "緯度": 34.059266, "経度": 135.25599, "url": "https://www.iryou.teikyouseido.mhlw.go.jp/znk-web/juminkanja/S2430/initialize?prefCd=30&kikanCd=2141400000&kikanKbn=2", "url2": "https://www.kanayacl.com/", "内容": "医療法人かなやクリニック【2:診療所】【診療科目:内科_消化器内科_胃腸内科_外科_肛門外科】和歌山県有田郡有田川町金屋９０番１" }, "geometry": { "type": "Point", "coordinates": [ 135.25599, 34.059266 ] } },
{ "type": "Feature", "properties": { "ID": 3022141500000, "正式名称": "いまえクリニック", "機関区分": 2, "都道府県コード": 30, "市区町村コード": 201, "所在地": "和歌山県和歌山市加納２０１－８", "緯度": 34.245995, "経度": 135.205846, "url": "https://www.iryou.teikyouseido.mhlw.go.jp/znk-web/juminkanja/S2430/initialize?prefCd=30&kikanCd=2141500000&kikanKbn=2", "url2": "http://www.imae-clinic.com/", "内容": "いまえクリニック【2:診療所】【診療科目:内科_外科_脳神経外科_リハビリテーション科_放射線科】和歌山県和歌山市加納２０１－８" }, "geometry": { "type": "Point", "coordinates": [ 135.205846, 34.245995 ] } },
{ "type": "Feature", "properties": { "ID": 3022141600000, "正式名称": "真砂小児科", "機関区分": 2, "都道府県コード": 30, "市区町村コード": 207, "所在地": "和歌山県新宮市丹鶴二丁目４番１３号", "緯度": 33.728958, "経度": 135.991311, "url": "https://www.iryou.teikyouseido.mhlw.go.jp/znk-web/juminkanja/S2430/initialize?prefCd=30&kikanCd=2141600000&kikanKbn=2", "url2": null, "内容": "真砂小児科【2:診療所】【診療科目:小児科】和歌山県新宮市丹鶴二丁目４番１３号" }, "geometry": { "type": "Point", "coordinates": [ 135.991311, 33.728958 ] } },
{ "type": "Feature", "properties": { "ID": 3022142100000, "正式名称": "医療法人光愛心　　まつやま整形外科クリニック", "機関区分": 2, "都道府県コード": 30, "市区町村コード": 201, "所在地": "和歌山県和歌山市里８６－１", "緯度": 34.263772, "経度": 135.263869, "url": "https://www.iryou.teikyouseido.mhlw.go.jp/znk-web/juminkanja/S2430/initialize?prefCd=30&kikanCd=2142100000&kikanKbn=2", "url2": "http://www.matsuyama-orthop.com/", "内容": "医療法人光愛心　　まつやま整形外科クリニック【2:診療所】【診療科目:整形外科_リウマチ科_リハビリテーション科】和歌山県和歌山市里８６－１" }, "geometry": { "type": "Point", "coordinates": [ 135.263869, 34.263772 ] } },
{ "type": "Feature", "properties": { "ID": 3022142300000, "正式名称": "和クリニック", "機関区分": 2, "都道府県コード": 30, "市区町村コード": 201, "所在地": "和歌山県和歌山市吹屋町４丁目１２－２", "緯度": 34.225945, "経度": 135.189486, "url": "https://www.iryou.teikyouseido.mhlw.go.jp/znk-web/juminkanja/S2430/initialize?prefCd=30&kikanCd=2142300000&kikanKbn=2", "url2": "http://www.kazuclinic.jp", "内容": "和クリニック【2:診療所】【診療科目:内科】和歌山県和歌山市吹屋町４丁目１２－２" }, "geometry": { "type": "Point", "coordinates": [ 135.189486, 34.225945 ] } },
{ "type": "Feature", "properties": { "ID": 3022143000000, "正式名称": "いわはし小児科", "機関区分": 2, "都道府県コード": 30, "市区町村コード": 201, "所在地": "和歌山県和歌山市岩橋１０４８－２", "緯度": 34.234802, "経度": 135.228178, "url": "https://www.iryou.teikyouseido.mhlw.go.jp/znk-web/juminkanja/S2430/initialize?prefCd=30&kikanCd=2143000000&kikanKbn=2", "url2": "http://iwahashishouni.web.fc2.com/", "内容": "いわはし小児科【2:診療所】【診療科目:小児科】和歌山県和歌山市岩橋１０４８－２" }, "geometry": { "type": "Point", "coordinates": [ 135.228178, 34.234802 ] } },
{ "type": "Feature", "properties": { "ID": 3022143600000, "正式名称": "ほしの整形外科", "機関区分": 2, "都道府県コード": 30, "市区町村コード": 201, "所在地": "和歌山県和歌山市善明寺３０２番地１", "緯度": 34.261688, "経度": 135.186736, "url": "https://www.iryou.teikyouseido.mhlw.go.jp/znk-web/juminkanja/S2430/initialize?prefCd=30&kikanCd=2143600000&kikanKbn=2", "url2": null, "内容": "ほしの整形外科【2:診療所】【診療科目:整形外科_リウマチ科_リハビリテーション科】和歌山県和歌山市善明寺３０２番地１" }, "geometry": { "type": "Point", "coordinates": [ 135.186736, 34.261688 ] } },
{ "type": "Feature", "properties": { "ID": 3022143800000, "正式名称": "まろクリニック", "機関区分": 2, "都道府県コード": 30, "市区町村コード": 206, "所在地": "和歌山県田辺市下万呂３９３－５", "緯度": 33.737358, "経度": 135.395632, "url": "https://www.iryou.teikyouseido.mhlw.go.jp/znk-web/juminkanja/S2430/initialize?prefCd=30&kikanCd=2143800000&kikanKbn=2", "url2": "http://maroclinic.sakura.ne.jp", "内容": "まろクリニック【2:診療所】【診療科目:腎臓内科_人工透析内科_脳神経外科】和歌山県田辺市下万呂３９３－５" }, "geometry": { "type": "Point", "coordinates": [ 135.395632, 33.737358 ] } },
{ "type": "Feature", "properties": { "ID": 3022144100000, "正式名称": "しもがいとメンタルクリニック", "機関区分": 2, "都道府県コード": 30, "市区町村コード": 201, "所在地": "和歌山県和歌山市黒田１丁目２－４寺本興産ビル３階", "緯度": 34.232969, "経度": 135.193098, "url": "https://www.iryou.teikyouseido.mhlw.go.jp/znk-web/juminkanja/S2430/initialize?prefCd=30&kikanCd=2144100000&kikanKbn=2", "url2": "http://www.shimogaito-clinic.com", "内容": "しもがいとメンタルクリニック【2:診療所】【診療科目:精神科_心療内科】和歌山県和歌山市黒田１丁目２－４寺本興産ビル３階" }, "geometry": { "type": "Point", "coordinates": [ 135.193098, 34.232969 ] } },
{ "type": "Feature", "properties": { "ID": 3022144500000, "正式名称": "高野町立高野山総合診療所", "機関区分": 2, "都道府県コード": 30, "市区町村コード": 344, "所在地": "和歌山県伊都郡高野町高野山６３１番地", "緯度": 34.216311, "経度": 135.586677, "url": "https://www.iryou.teikyouseido.mhlw.go.jp/znk-web/juminkanja/S2430/initialize?prefCd=30&kikanCd=2144500000&kikanKbn=2", "url2": "http://www.town.koya.wakayama.jp/health/hospital/2151.html", "内容": "高野町立高野山総合診療所【2:診療所】【診療科目:内科_外科_小児科_眼科】和歌山県伊都郡高野町高野山６３１番地" }, "geometry": { "type": "Point", "coordinates": [ 135.586677, 34.216311 ] } },
{ "type": "Feature", "properties": { "ID": 3022145000000, "正式名称": "けやきメンタルクリニック", "機関区分": 2, "都道府県コード": 30, "市区町村コード": 201, "所在地": "和歌山県和歌山市美園町３丁目３４番けやきＯＮＥ２階２０２", "緯度": 34.231524, "経度": 135.186905, "url": "https://www.iryou.teikyouseido.mhlw.go.jp/znk-web/juminkanja/S2430/initialize?prefCd=30&kikanCd=2145000000&kikanKbn=2", "url2": "http://www.keyakimental.com", "内容": "けやきメンタルクリニック【2:診療所】【診療科目:精神科_心療内科】和歌山県和歌山市美園町３丁目３４番けやきＯＮＥ２階２０２" }, "geometry": { "type": "Point", "coordinates": [ 135.186905, 34.231524 ] } },
{ "type": "Feature", "properties": { "ID": 3022145100000, "正式名称": "医療法人　優真会　やなせ整形外科", "機関区分": 2, "都道府県コード": 30, "市区町村コード": 201, "所在地": "和歌山県和歌山市次郎丸１６７－２", "緯度": 34.255549, "経度": 135.150073, "url": "https://www.iryou.teikyouseido.mhlw.go.jp/znk-web/juminkanja/S2430/initialize?prefCd=30&kikanCd=2145100000&kikanKbn=2", "url2": "http://yanase-orc.com/", "内容": "医療法人　優真会　やなせ整形外科【2:診療所】【診療科目:整形外科_リハビリテーション科】和歌山県和歌山市次郎丸１６７－２" }, "geometry": { "type": "Point", "coordinates": [ 135.150073, 34.255549 ] } },
{ "type": "Feature", "properties": { "ID": 3022145300000, "正式名称": "赤ちゃんとこどものクリニックＢｅ", "機関区分": 2, "都道府県コード": 30, "市区町村コード": 206, "所在地": "和歌山県田辺市たきない町３２－６", "緯度": 33.703223, "経度": 135.3988, "url": "https://www.iryou.teikyouseido.mhlw.go.jp/znk-web/juminkanja/S2430/initialize?prefCd=30&kikanCd=2145300000&kikanKbn=2", "url2": "http://www.akakodo-be.jp/", "内容": "赤ちゃんとこどものクリニックＢｅ【2:診療所】【診療科目:小児科】和歌山県田辺市たきない町３２－６" }, "geometry": { "type": "Point", "coordinates": [ 135.3988, 33.703223 ] } },
{ "type": "Feature", "properties": { "ID": 3022146200000, "正式名称": "ありいクリニック", "機関区分": 2, "都道府県コード": 30, "市区町村コード": 201, "所在地": "和歌山県和歌山市榎原８４－１", "緯度": 34.254799, "経度": 135.135463, "url": "https://www.iryou.teikyouseido.mhlw.go.jp/znk-web/juminkanja/S2430/initialize?prefCd=30&kikanCd=2146200000&kikanKbn=2", "url2": null, "内容": "ありいクリニック【2:診療所】【診療科目:内科_消化器内科】和歌山県和歌山市榎原８４－１" }, "geometry": { "type": "Point", "coordinates": [ 135.135463, 34.254799 ] } },
{ "type": "Feature", "properties": { "ID": 3022146500000, "正式名称": "こんにちはクリニック", "機関区分": 2, "都道府県コード": 30, "市区町村コード": 208, "所在地": "和歌山県紀の川市桃山町元７８５番地１", "緯度": 34.237526, "経度": 135.35489, "url": "https://www.iryou.teikyouseido.mhlw.go.jp/znk-web/juminkanja/S2430/initialize?prefCd=30&kikanCd=2146500000&kikanKbn=2", "url2": null, "内容": "こんにちはクリニック【2:診療所】【診療科目:内科】和歌山県紀の川市桃山町元７８５番地１" }, "geometry": { "type": "Point", "coordinates": [ 135.35489, 34.237526 ] } },
{ "type": "Feature", "properties": { "ID": 3022146700000, "正式名称": "田村耳鼻咽喉科", "機関区分": 2, "都道府県コード": 30, "市区町村コード": 201, "所在地": "和歌山県和歌山市ふじと台６　ＥＳＴＡＣＩＯＮふじと台駅前ビル東棟４階Ｅ４０６号室", "緯度": 34.276463, "経度": 135.147461, "url": "https://www.iryou.teikyouseido.mhlw.go.jp/znk-web/juminkanja/S2430/initialize?prefCd=30&kikanCd=2146700000&kikanKbn=2", "url2": "http://tamurajibika.com/", "内容": "田村耳鼻咽喉科【2:診療所】【診療科目:耳鼻いんこう科_アレルギー科】和歌山県和歌山市ふじと台６　ＥＳＴＡＣＩＯＮふじと台駅前ビル東棟４階Ｅ４０６号室" }, "geometry": { "type": "Point", "coordinates": [ 135.147461, 34.276463 ] } },
{ "type": "Feature", "properties": { "ID": 3022146900000, "正式名称": "Ｔ－ｃｕｂｅ　メディカルクリニック", "機関区分": 2, "都道府県コード": 30, "市区町村コード": 205, "所在地": "和歌山県御坊市湯川町財部６４６－１１", "緯度": 33.89808, "経度": 135.151201, "url": "https://www.iryou.teikyouseido.mhlw.go.jp/znk-web/juminkanja/S2430/initialize?prefCd=30&kikanCd=2146900000&kikanKbn=2", "url2": null, "内容": "Ｔ－ｃｕｂｅ　メディカルクリニック【2:診療所】【診療科目:内科_糖尿病内科_呼吸器内科_循環器内科_消化器内科_小児科_皮膚科_心療内科_アレルギー科】和歌山県御坊市湯川町財部６４６－１１" }, "geometry": { "type": "Point", "coordinates": [ 135.151201, 33.89808 ] } },
{ "type": "Feature", "properties": { "ID": 3022147400000, "正式名称": "しまだ内科クリニック", "機関区分": 2, "都道府県コード": 30, "市区町村コード": 209, "所在地": "和歌山県岩出市清水４７０", "緯度": 34.258384, "経度": 135.317476, "url": "https://www.iryou.teikyouseido.mhlw.go.jp/znk-web/juminkanja/S2430/initialize?prefCd=30&kikanCd=2147400000&kikanKbn=2", "url2": null, "内容": "しまだ内科クリニック【2:診療所】【診療科目:内科_アレルギー科_リウマチ科_放射線科】和歌山県岩出市清水４７０" }, "geometry": { "type": "Point", "coordinates": [ 135.317476, 34.258384 ] } },
{ "type": "Feature", "properties": { "ID": 3022147600000, "正式名称": "ゆうゆうクリニック", "機関区分": 2, "都道府県コード": 30, "市区町村コード": 201, "所在地": "和歌山県和歌山市福島２６９番８", "緯度": 34.250606, "経度": 135.168099, "url": "https://www.iryou.teikyouseido.mhlw.go.jp/znk-web/juminkanja/S2430/initialize?prefCd=30&kikanCd=2147600000&kikanKbn=2", "url2": "https://epark.jp/shopinfo/hpl17040/", "内容": "ゆうゆうクリニック【2:診療所】【診療科目:内科_麻酔科】和歌山県和歌山市福島２６９番８" }, "geometry": { "type": "Point", "coordinates": [ 135.168099, 34.250606 ] } },
{ "type": "Feature", "properties": { "ID": 3022147700000, "正式名称": "どばしクリニック　胃腸内科・呼吸器内科・外科", "機関区分": 2, "都道府県コード": 30, "市区町村コード": 208, "所在地": "和歌山県紀の川市北勢田２２８番１", "緯度": 34.279717, "経度": 135.368942, "url": "https://www.iryou.teikyouseido.mhlw.go.jp/znk-web/juminkanja/S2430/initialize?prefCd=30&kikanCd=2147700000&kikanKbn=2", "url2": null, "内容": "どばしクリニック　胃腸内科・呼吸器内科・外科【2:診療所】【診療科目:呼吸器内科_消化器内科_外科_麻酔科】和歌山県紀の川市北勢田２２８番１" }, "geometry": { "type": "Point", "coordinates": [ 135.368942, 34.279717 ] } },
{ "type": "Feature", "properties": { "ID": 3022147900000, "正式名称": "医療法人　うえだ内科外科クリニック", "機関区分": 2, "都道府県コード": 30, "市区町村コード": 206, "所在地": "和歌山県田辺市新万２８－２７", "緯度": 33.733637, "経度": 135.397854, "url": "https://www.iryou.teikyouseido.mhlw.go.jp/znk-web/juminkanja/S2430/initialize?prefCd=30&kikanCd=2147900000&kikanKbn=2", "url2": "https://uedanaikageka.com", "内容": "医療法人　うえだ内科外科クリニック【2:診療所】【診療科目:内科_消化器内科_外科_整形外科】和歌山県田辺市新万２８－２７" }, "geometry": { "type": "Point", "coordinates": [ 135.397854, 33.733637 ] } },
{ "type": "Feature", "properties": { "ID": 3022148800000, "正式名称": "医療法人　松本診療所", "機関区分": 2, "都道府県コード": 30, "市区町村コード": 201, "所在地": "和歌山県和歌山市田中町二丁目８０番", "緯度": 34.227663, "経度": 135.186544, "url": "https://www.iryou.teikyouseido.mhlw.go.jp/znk-web/juminkanja/S2430/initialize?prefCd=30&kikanCd=2148800000&kikanKbn=2", "url2": null, "内容": "医療法人　松本診療所【2:診療所】【診療科目:内科_精神科】和歌山県和歌山市田中町二丁目８０番" }, "geometry": { "type": "Point", "coordinates": [ 135.186544, 34.227663 ] } },
{ "type": "Feature", "properties": { "ID": 3022149400000, "正式名称": "耳鼻咽喉科　はやしクリニック", "機関区分": 2, "都道府県コード": 30, "市区町村コード": 201, "所在地": "和歌山県和歌山市岩橋９９２番地１", "緯度": 34.237969, "経度": 135.230012, "url": "https://www.iryou.teikyouseido.mhlw.go.jp/znk-web/juminkanja/S2430/initialize?prefCd=30&kikanCd=2149400000&kikanKbn=2", "url2": "http://www.hayashi-ent.com/", "内容": "耳鼻咽喉科　はやしクリニック【2:診療所】【診療科目:耳鼻いんこう科_アレルギー科】和歌山県和歌山市岩橋９９２番地１" }, "geometry": { "type": "Point", "coordinates": [ 135.230012, 34.237969 ] } },
{ "type": "Feature", "properties": { "ID": 3022149700000, "正式名称": "伊都地方休日急患診療所", "機関区分": 2, "都道府県コード": 30, "市区町村コード": 203, "所在地": "和歌山県橋本市東家１－３－１", "緯度": 34.315772, "経度": 135.603727, "url": "https://www.iryou.teikyouseido.mhlw.go.jp/znk-web/juminkanja/S2430/initialize?prefCd=30&kikanCd=2149700000&kikanKbn=2", "url2": "http://www.hashimoto-kouiki.jp", "内容": "伊都地方休日急患診療所【2:診療所】【診療科目:内科_外科_小児科】和歌山県橋本市東家１－３－１" }, "geometry": { "type": "Point", "coordinates": [ 135.603727, 34.315772 ] } },
{ "type": "Feature", "properties": { "ID": 3022149800000, "正式名称": "さかい耳鼻咽喉科クリニック", "機関区分": 2, "都道府県コード": 30, "市区町村コード": 208, "所在地": "和歌山県紀の川市貴志川町井ノ口１５７６－１", "緯度": 34.200586, "経度": 135.319589, "url": "https://www.iryou.teikyouseido.mhlw.go.jp/znk-web/juminkanja/S2430/initialize?prefCd=30&kikanCd=2149800000&kikanKbn=2", "url2": "http://www.sakai-ent.com", "内容": "さかい耳鼻咽喉科クリニック【2:診療所】【診療科目:小児耳鼻いんこう科_耳鼻いんこう科_アレルギー科_リハビリテーション科】和歌山県紀の川市貴志川町井ノ口１５７６－１" }, "geometry": { "type": "Point", "coordinates": [ 135.319589, 34.200586 ] } },
{ "type": "Feature", "properties": { "ID": 3022150500000, "正式名称": "石本胃腸肛門クリニック", "機関区分": 2, "都道府県コード": 30, "市区町村コード": 201, "所在地": "和歌山県和歌山市田中町３丁目１番地", "緯度": 34.228802, "経度": 135.187821, "url": "https://www.iryou.teikyouseido.mhlw.go.jp/znk-web/juminkanja/S2430/initialize?prefCd=30&kikanCd=2150500000&kikanKbn=2", "url2": "http://www.ishimoto-hp.com/", "内容": "石本胃腸肛門クリニック【2:診療所】【診療科目:内科_呼吸器内科_消化器内科_外科_消化器外科_肛門外科_リハビリテーション科_放射線科】和歌山県和歌山市田中町３丁目１番地" }, "geometry": { "type": "Point", "coordinates": [ 135.187821, 34.228802 ] } },
{ "type": "Feature", "properties": { "ID": 3022150600000, "正式名称": "木秀クリニック", "機関区分": 2, "都道府県コード": 30, "市区町村コード": 341, "所在地": "和歌山県伊都郡かつらぎ町丁ノ町２５３０番地１１", "緯度": 34.295745, "経度": 135.517151, "url": "https://www.iryou.teikyouseido.mhlw.go.jp/znk-web/juminkanja/S2430/initialize?prefCd=30&kikanCd=2150600000&kikanKbn=2", "url2": "http://www.kishuu-cl.jp/", "内容": "木秀クリニック【2:診療所】【診療科目:内科_神経内科_脳神経外科_整形外科】和歌山県伊都郡かつらぎ町丁ノ町２５３０番地１１" }, "geometry": { "type": "Point", "coordinates": [ 135.517151, 34.295745 ] } },
{ "type": "Feature", "properties": { "ID": 3022150700000, "正式名称": "月山ベビィクリニック", "機関区分": 2, "都道府県コード": 30, "市区町村コード": 201, "所在地": "和歌山県和歌山市秋月４８３番地", "緯度": 34.224636, "経度": 135.207403, "url": "https://www.iryou.teikyouseido.mhlw.go.jp/znk-web/juminkanja/S2430/initialize?prefCd=30&kikanCd=2150700000&kikanKbn=2", "url2": "https:www.mikazukikai.org", "内容": "月山ベビィクリニック【2:診療所】【診療科目:小児科】和歌山県和歌山市秋月４８３番地" }, "geometry": { "type": "Point", "coordinates": [ 135.207403, 34.224636 ] } },
{ "type": "Feature", "properties": { "ID": 3022150800000, "正式名称": "せせらぎクリニック", "機関区分": 2, "都道府県コード": 30, "市区町村コード": 201, "所在地": "和歌山県和歌山市古屋１５３番地７", "緯度": 34.254048, "経度": 135.121575, "url": "https://www.iryou.teikyouseido.mhlw.go.jp/znk-web/juminkanja/S2430/initialize?prefCd=30&kikanCd=2150800000&kikanKbn=2", "url2": "http://seseragi-clinic.com", "内容": "せせらぎクリニック【2:診療所】【診療科目:内科_感染症内科_糖尿病内科_脂質代謝内科_呼吸器内科_循環器内科_心臓血管内科_漢方内科_外科_小児科_皮膚科】和歌山県和歌山市古屋１５３番地７" }, "geometry": { "type": "Point", "coordinates": [ 135.121575, 34.254048 ] } },
{ "type": "Feature", "properties": { "ID": 3022150900000, "正式名称": "森女性クリニック", "機関区分": 2, "都道府県コード": 30, "市区町村コード": 201, "所在地": "和歌山県和歌山市太田一丁目１０－１３", "緯度": 34.231136, "経度": 135.192689, "url": "https://www.iryou.teikyouseido.mhlw.go.jp/znk-web/juminkanja/S2430/initialize?prefCd=30&kikanCd=2150900000&kikanKbn=2", "url2": "http://www.mori-ladies.com", "内容": "森女性クリニック【2:診療所】【診療科目:産婦人科_婦人科】和歌山県和歌山市太田一丁目１０－１３" }, "geometry": { "type": "Point", "coordinates": [ 135.192689, 34.231136 ] } },
{ "type": "Feature", "properties": { "ID": 3022151000000, "正式名称": "えのもと内科クリニック", "機関区分": 2, "都道府県コード": 30, "市区町村コード": 206, "所在地": "和歌山県田辺市たきない町２番１号", "緯度": 33.704612, "経度": 135.400077, "url": "https://www.iryou.teikyouseido.mhlw.go.jp/znk-web/juminkanja/S2430/initialize?prefCd=30&kikanCd=2151000000&kikanKbn=2", "url2": "https://www.eonet.ne.jp/~enomotonaika", "内容": "えのもと内科クリニック【2:診療所】【診療科目:内科_呼吸器内科_消化器内科_アレルギー科】和歌山県田辺市たきない町２番１号" }, "geometry": { "type": "Point", "coordinates": [ 135.400077, 33.704612 ] } },
{ "type": "Feature", "properties": { "ID": 3022151100000, "正式名称": "上田消化器内科クリニック", "機関区分": 2, "都道府県コード": 30, "市区町村コード": 341, "所在地": "和歌山県伊都郡かつらぎ町笠田東１７１", "緯度": 34.287718, "経度": 135.479267, "url": "https://www.iryou.teikyouseido.mhlw.go.jp/znk-web/juminkanja/S2430/initialize?prefCd=30&kikanCd=2151100000&kikanKbn=2", "url2": "https://www.ueda-clinic.info/", "内容": "上田消化器内科クリニック【2:診療所】【診療科目:内科_消化器内科】和歌山県伊都郡かつらぎ町笠田東１７１" }, "geometry": { "type": "Point", "coordinates": [ 135.479267, 34.287718 ] } },
{ "type": "Feature", "properties": { "ID": 3022151200000, "正式名称": "うらがみ内科クリニック", "機関区分": 2, "都道府県コード": 30, "市区町村コード": 201, "所在地": "和歌山県和歌山市加納２９７－１", "緯度": 34.244716, "経度": 135.206127, "url": "https://www.iryou.teikyouseido.mhlw.go.jp/znk-web/juminkanja/S2430/initialize?prefCd=30&kikanCd=2151200000&kikanKbn=2", "url2": "http://www.uragamiclinic.jp/index.html#", "内容": "うらがみ内科クリニック【2:診療所】【診療科目:内科_糖尿病・代謝内科_呼吸器内科_循環器内科_消化器内科_リハビリテーション科】和歌山県和歌山市加納２９７－１" }, "geometry": { "type": "Point", "coordinates": [ 135.206127, 34.244716 ] } },
{ "type": "Feature", "properties": { "ID": 3022151300000, "正式名称": "花山ママクリニック", "機関区分": 2, "都道府県コード": 30, "市区町村コード": 201, "所在地": "和歌山県和歌山市秋月４８３番地", "緯度": 34.224664, "経度": 135.207458, "url": "https://www.iryou.teikyouseido.mhlw.go.jp/znk-web/juminkanja/S2430/initialize?prefCd=30&kikanCd=2151300000&kikanKbn=2", "url2": "http://www.curam.co.jp/mama", "内容": "花山ママクリニック【2:診療所】【診療科目:産婦人科】和歌山県和歌山市秋月４８３番地" }, "geometry": { "type": "Point", "coordinates": [ 135.207458, 34.224664 ] } },
{ "type": "Feature", "properties": { "ID": 3022151400000, "正式名称": "あきさきクリニック", "機関区分": 2, "都道府県コード": 30, "市区町村コード": 201, "所在地": "和歌山県和歌山市新中島１２５－１", "緯度": 34.214693, "経度": 135.196405, "url": "https://www.iryou.teikyouseido.mhlw.go.jp/znk-web/juminkanja/S2430/initialize?prefCd=30&kikanCd=2151400000&kikanKbn=2", "url2": "http://ddmap.jp/0734754165", "内容": "あきさきクリニック【2:診療所】【診療科目:内科_老年内科】和歌山県和歌山市新中島１２５－１" }, "geometry": { "type": "Point", "coordinates": [ 135.196405, 34.214693 ] } },
{ "type": "Feature", "properties": { "ID": 3022151500000, "正式名称": "おかもと眼科", "機関区分": 2, "都道府県コード": 30, "市区町村コード": 201, "所在地": "和歌山県和歌山市中之島３０７－１", "緯度": 34.244218, "経度": 135.19207, "url": "https://www.iryou.teikyouseido.mhlw.go.jp/znk-web/juminkanja/S2430/initialize?prefCd=30&kikanCd=2151500000&kikanKbn=2", "url2": "http://www.okamoto-eye-cl.com", "内容": "おかもと眼科【2:診療所】【診療科目:眼科】和歌山県和歌山市中之島３０７－１" }, "geometry": { "type": "Point", "coordinates": [ 135.19207, 34.244218 ] } },
{ "type": "Feature", "properties": { "ID": 3022151700000, "正式名称": "浜之宮メンタルクリニック", "機関区分": 2, "都道府県コード": 30, "市区町村コード": 201, "所在地": "和歌山県和歌山市内原９４８番地", "緯度": 34.16942, "経度": 135.190462, "url": "https://www.iryou.teikyouseido.mhlw.go.jp/znk-web/juminkanja/S2430/initialize?prefCd=30&kikanCd=2151700000&kikanKbn=2", "url2": "http://www.hamanomiya.net/", "内容": "浜之宮メンタルクリニック【2:診療所】【診療科目:精神科_心療内科】和歌山県和歌山市内原９４８番地" }, "geometry": { "type": "Point", "coordinates": [ 135.190462, 34.16942 ] } },
{ "type": "Feature", "properties": { "ID": 3022151800000, "正式名称": "藤田眼科", "機関区分": 2, "都道府県コード": 30, "市区町村コード": 201, "所在地": "和歌山県和歌山市小雑賀７１０", "緯度": 34.199861, "経度": 135.184767, "url": "https://www.iryou.teikyouseido.mhlw.go.jp/znk-web/juminkanja/S2430/initialize?prefCd=30&kikanCd=2151800000&kikanKbn=2", "url2": "http://fujita-d-e.net", "内容": "藤田眼科【2:診療所】【診療科目:眼科】和歌山県和歌山市小雑賀７１０" }, "geometry": { "type": "Point", "coordinates": [ 135.184767, 34.199861 ] } },
{ "type": "Feature", "properties": { "ID": 3022152100000, "正式名称": "おくむらクリニック", "機関区分": 2, "都道府県コード": 30, "市区町村コード": 201, "所在地": "和歌山県和歌山市十二番丁９　リヴァージュビル２階", "緯度": 34.232246, "経度": 135.172017, "url": "https://www.iryou.teikyouseido.mhlw.go.jp/znk-web/juminkanja/S2430/initialize?prefCd=30&kikanCd=2152100000&kikanKbn=2", "url2": "https://okumura-mental.com", "内容": "おくむらクリニック【2:診療所】【診療科目:児童精神科_精神科_老年精神科】和歌山県和歌山市十二番丁９　リヴァージュビル２階" }, "geometry": { "type": "Point", "coordinates": [ 135.172017, 34.232246 ] } },
{ "type": "Feature", "properties": { "ID": 3022152400000, "正式名称": "岡本皮フ科", "機関区分": 2, "都道府県コード": 30, "市区町村コード": 201, "所在地": "和歌山県和歌山市小雑賀浜脇１５８　岡本クリニックビル２Ｆ", "緯度": 34.20492, "経度": 135.183744, "url": "https://www.iryou.teikyouseido.mhlw.go.jp/znk-web/juminkanja/S2430/initialize?prefCd=30&kikanCd=2152400000&kikanKbn=2", "url2": "http://okamotohifuka.com", "内容": "岡本皮フ科【2:診療所】【診療科目:小児皮膚科_皮膚科】和歌山県和歌山市小雑賀浜脇１５８　岡本クリニックビル２Ｆ" }, "geometry": { "type": "Point", "coordinates": [ 135.183744, 34.20492 ] } },
{ "type": "Feature", "properties": { "ID": 3022152500000, "正式名称": "医療法人　線崎外科胃腸科クリニック", "機関区分": 2, "都道府県コード": 30, "市区町村コード": 404, "所在地": "和歌山県西牟婁郡上富田町岩田１９０３－３", "緯度": 33.708112, "経度": 135.438685, "url": "https://www.iryou.teikyouseido.mhlw.go.jp/znk-web/juminkanja/S2430/initialize?prefCd=30&kikanCd=2152500000&kikanKbn=2", "url2": "http://www.senzaki-clinic.com/", "内容": "医療法人　線崎外科胃腸科クリニック【2:診療所】【診療科目:内科_胃腸内科_外科】和歌山県西牟婁郡上富田町岩田１９０３－３" }, "geometry": { "type": "Point", "coordinates": [ 135.438685, 33.708112 ] } },
{ "type": "Feature", "properties": { "ID": 3022153000000, "正式名称": "本多内科クリニック", "機関区分": 2, "都道府県コード": 30, "市区町村コード": 201, "所在地": "和歌山県和歌山市東長町６－３３", "緯度": 34.223885, "経度": 135.16649, "url": "https://www.iryou.teikyouseido.mhlw.go.jp/znk-web/juminkanja/S2430/initialize?prefCd=30&kikanCd=2153000000&kikanKbn=2", "url2": "https://www.honda-n-clinic.com/", "内容": "本多内科クリニック【2:診療所】【診療科目:内科_消化器内科_アレルギー科】和歌山県和歌山市東長町６－３３" }, "geometry": { "type": "Point", "coordinates": [ 135.16649, 34.223885 ] } },
{ "type": "Feature", "properties": { "ID": 3022153400000, "正式名称": "山中眼科", "機関区分": 2, "都道府県コード": 30, "市区町村コード": 201, "所在地": "和歌山県和歌山市杉ノ馬場１丁目４１－１", "緯度": 34.235495, "経度": 135.168683, "url": "https://www.iryou.teikyouseido.mhlw.go.jp/znk-web/juminkanja/S2430/initialize?prefCd=30&kikanCd=2153400000&kikanKbn=2", "url2": "yamanaka-eye-clinic.wixsite.com", "内容": "山中眼科【2:診療所】【診療科目:眼科】和歌山県和歌山市杉ノ馬場１丁目４１－１" }, "geometry": { "type": "Point", "coordinates": [ 135.168683, 34.235495 ] } },
{ "type": "Feature", "properties": { "ID": 3022156000000, "正式名称": "かわくぼ皮ふ科クリニック", "機関区分": 2, "都道府県コード": 30, "市区町村コード": 201, "所在地": "和歌山県和歌山市南休賀町１１番地", "緯度": 34.230441, "経度": 135.179794, "url": "https://www.iryou.teikyouseido.mhlw.go.jp/znk-web/juminkanja/S2430/initialize?prefCd=30&kikanCd=2156000000&kikanKbn=2", "url2": "http://www.kawakubo-hifuka.jp/", "内容": "かわくぼ皮ふ科クリニック【2:診療所】【診療科目:皮膚科】和歌山県和歌山市南休賀町１１番地" }, "geometry": { "type": "Point", "coordinates": [ 135.179794, 34.230441 ] } },
{ "type": "Feature", "properties": { "ID": 3022156100000, "正式名称": "あおたハートクリニック", "機関区分": 2, "都道府県コード": 30, "市区町村コード": 201, "所在地": "和歌山県和歌山市三番丁５４　三番丁タワー１階１０１号室", "緯度": 34.227108, "経度": 135.178017, "url": "https://www.iryou.teikyouseido.mhlw.go.jp/znk-web/juminkanja/S2430/initialize?prefCd=30&kikanCd=2156100000&kikanKbn=2", "url2": null, "内容": "あおたハートクリニック【2:診療所】【診療科目:循環器内科_心臓血管外科】和歌山県和歌山市三番丁５４　三番丁タワー１階１０１号室" }, "geometry": { "type": "Point", "coordinates": [ 135.178017, 34.227108 ] } },
{ "type": "Feature", "properties": { "ID": 3022156200000, "正式名称": "医療法人　しらい眼科", "機関区分": 2, "都道府県コード": 30, "市区町村コード": 201, "所在地": "和歌山県和歌山市ふじと台２３番地イオンモール和歌山Ｂ１Ｆ", "緯度": 34.275769, "経度": 135.148961, "url": "https://www.iryou.teikyouseido.mhlw.go.jp/znk-web/juminkanja/S2430/initialize?prefCd=30&kikanCd=2156200000&kikanKbn=2", "url2": "http://shirai-ganka.com", "内容": "医療法人　しらい眼科【2:診療所】【診療科目:眼科】和歌山県和歌山市ふじと台２３番地イオンモール和歌山Ｂ１Ｆ" }, "geometry": { "type": "Point", "coordinates": [ 135.148961, 34.275769 ] } },
{ "type": "Feature", "properties": { "ID": 3022156400000, "正式名称": "多屋クリニック", "機関区分": 2, "都道府県コード": 30, "市区町村コード": 201, "所在地": "和歌山県和歌山市秋月２４番地しんあいクリニックセンター３Ｂ", "緯度": 34.235191, "経度": 135.204764, "url": "https://www.iryou.teikyouseido.mhlw.go.jp/znk-web/juminkanja/S2430/initialize?prefCd=30&kikanCd=2156400000&kikanKbn=2", "url2": "https://www.tayaclinic.com", "内容": "多屋クリニック【2:診療所】【診療科目:内科_外科_リハビリテーション科】和歌山県和歌山市秋月２４番地しんあいクリニックセンター３Ｂ" }, "geometry": { "type": "Point", "coordinates": [ 135.204764, 34.235191 ] } },
{ "type": "Feature", "properties": { "ID": 3022157200000, "正式名称": "耳鼻咽喉科・頭頸部外科　関口クリニック", "機関区分": 2, "都道府県コード": 30, "市区町村コード": 201, "所在地": "和歌山県和歌山市島橋東ノ丁１－８", "緯度": 34.242994, "経度": 135.150768, "url": "https://www.iryou.teikyouseido.mhlw.go.jp/znk-web/juminkanja/S2430/initialize?prefCd=30&kikanCd=2157200000&kikanKbn=2", "url2": null, "内容": "耳鼻咽喉科・頭頸部外科　関口クリニック【2:診療所】【診療科目:耳鼻いんこう科_頭頸部・耳鼻いんこう科】和歌山県和歌山市島橋東ノ丁１－８" }, "geometry": { "type": "Point", "coordinates": [ 135.150768, 34.242994 ] } },
{ "type": "Feature", "properties": { "ID": 3022157700000, "正式名称": "堀止こころのクリニック", "機関区分": 2, "都道府県コード": 30, "市区町村コード": 201, "所在地": "和歌山県和歌山市新堀東１丁目２－４９", "緯度": 34.213708, "経度": 135.171553, "url": "https://www.iryou.teikyouseido.mhlw.go.jp/znk-web/juminkanja/S2430/initialize?prefCd=30&kikanCd=2157700000&kikanKbn=2", "url2": null, "内容": "堀止こころのクリニック【2:診療所】【診療科目:精神科_心療内科】和歌山県和歌山市新堀東１丁目２－４９" }, "geometry": { "type": "Point", "coordinates": [ 135.171553, 34.213708 ] } },
{ "type": "Feature", "properties": { "ID": 3022157800000, "正式名称": "たけい耳鼻咽喉科", "機関区分": 2, "都道府県コード": 30, "市区町村コード": 201, "所在地": "和歌山県和歌山市木ノ本２６１－２１", "緯度": 34.260548, "経度": 135.127352, "url": "https://www.iryou.teikyouseido.mhlw.go.jp/znk-web/juminkanja/S2430/initialize?prefCd=30&kikanCd=2157800000&kikanKbn=2", "url2": "http://www.tkent.jp/", "内容": "たけい耳鼻咽喉科【2:診療所】【診療科目:頭頸部外科_耳鼻いんこう科_アレルギー科】和歌山県和歌山市木ノ本２６１－２１" }, "geometry": { "type": "Point", "coordinates": [ 135.127352, 34.260548 ] } },
{ "type": "Feature", "properties": { "ID": 3022158800000, "正式名称": "宮井クリニック", "機関区分": 2, "都道府県コード": 30, "市区町村コード": 204, "所在地": "和歌山県有田市宮原町須谷５３３－１", "緯度": 34.07299, "経度": 135.182173, "url": "https://www.iryou.teikyouseido.mhlw.go.jp/znk-web/juminkanja/S2430/initialize?prefCd=30&kikanCd=2158800000&kikanKbn=2", "url2": null, "内容": "宮井クリニック【2:診療所】【診療科目:外科_泌尿器科】和歌山県有田市宮原町須谷５３３－１" }, "geometry": { "type": "Point", "coordinates": [ 135.182173, 34.07299 ] } },
{ "type": "Feature", "properties": { "ID": 3022159600000, "正式名称": "三木町歯科・内科", "機関区分": 2, "都道府県コード": 30, "市区町村コード": 201, "所在地": "和歌山県和歌山市屋形町３丁目１１－１", "緯度": 34.228052, "経度": 135.178433, "url": "https://www.iryou.teikyouseido.mhlw.go.jp/znk-web/juminkanja/S2430/initialize?prefCd=30&kikanCd=2159600000&kikanKbn=2", "url2": "http://www.mikimachi-medical.jp", "内容": "三木町歯科・内科【2:診療所】【診療科目:内科_糖尿病・代謝内科_呼吸器内科_循環器内科_消化器内科_歯科_歯科口腔外科_小児歯科】和歌山県和歌山市屋形町３丁目１１－１" }, "geometry": { "type": "Point", "coordinates": [ 135.178433, 34.228052 ] } },
{ "type": "Feature", "properties": { "ID": 3022159700000, "正式名称": "美園町眼科医院", "機関区分": 2, "都道府県コード": 30, "市区町村コード": 201, "所在地": "和歌山県和歌山市美園町５丁目６１番地先無番地　和歌山ミオ４階", "緯度": 34.231719, "経度": 135.191181, "url": "https://www.iryou.teikyouseido.mhlw.go.jp/znk-web/juminkanja/S2430/initialize?prefCd=30&kikanCd=2159700000&kikanKbn=2", "url2": null, "内容": "美園町眼科医院【2:診療所】【診療科目:眼科】和歌山県和歌山市美園町５丁目６１番地先無番地　和歌山ミオ４階" }, "geometry": { "type": "Point", "coordinates": [ 135.191181, 34.231719 ] } },
{ "type": "Feature", "properties": { "ID": 3022160400000, "正式名称": "クリニック　わろうだ", "機関区分": 2, "都道府県コード": 30, "市区町村コード": 404, "所在地": "和歌山県西牟婁郡上富田町南紀の台５４番１０号", "緯度": 33.696891, "経度": 135.403827, "url": "https://www.iryou.teikyouseido.mhlw.go.jp/znk-web/juminkanja/S2430/initialize?prefCd=30&kikanCd=2160400000&kikanKbn=2", "url2": null, "内容": "クリニック　わろうだ【2:診療所】【診療科目:精神科_心療内科】和歌山県西牟婁郡上富田町南紀の台５４番１０号" }, "geometry": { "type": "Point", "coordinates": [ 135.403827, 33.696891 ] } },
{ "type": "Feature", "properties": { "ID": 3022161400000, "正式名称": "こうぐち内科クリニック", "機関区分": 2, "都道府県コード": 30, "市区町村コード": 209, "所在地": "和歌山県岩出市湯窪５１番", "緯度": 34.268244, "経度": 135.294359, "url": "https://www.iryou.teikyouseido.mhlw.go.jp/znk-web/juminkanja/S2430/initialize?prefCd=30&kikanCd=2161400000&kikanKbn=2", "url2": "http://kouguchi-cl.com", "内容": "こうぐち内科クリニック【2:診療所】【診療科目:内科_糖尿病・代謝内科_呼吸器内科_消化器内科_心療内科_アレルギー科_放射線科】和歌山県岩出市湯窪５１番" }, "geometry": { "type": "Point", "coordinates": [ 135.294359, 34.268244 ] } },
{ "type": "Feature", "properties": { "ID": 3022161900000, "正式名称": "しんどうなおこクリニック", "機関区分": 2, "都道府県コード": 30, "市区町村コード": 201, "所在地": "和歌山県和歌山市秋月２７５－１", "緯度": 34.230257, "経度": 135.203601, "url": "https://www.iryou.teikyouseido.mhlw.go.jp/znk-web/juminkanja/S2430/initialize?prefCd=30&kikanCd=2161900000&kikanKbn=2", "url2": "http://www.shindonaoko-clinic.jp", "内容": "しんどうなおこクリニック【2:診療所】【診療科目:内科_糖尿病内科_消化器内科】和歌山県和歌山市秋月２７５－１" }, "geometry": { "type": "Point", "coordinates": [ 135.203601, 34.230257 ] } },
{ "type": "Feature", "properties": { "ID": 3022164700000, "正式名称": "古座川町国民健康保険　明神診療所", "機関区分": 2, "都道府県コード": 30, "市区町村コード": 424, "所在地": "和歌山県東牟婁郡古座川町川口２５４番地１", "緯度": 33.542424, "経度": 135.775953, "url": "https://www.iryou.teikyouseido.mhlw.go.jp/znk-web/juminkanja/S2430/initialize?prefCd=30&kikanCd=2164700000&kikanKbn=2", "url2": "http://www.town.kozagawa.wakayama.jp/kurashi/sub003.html", "内容": "古座川町国民健康保険　明神診療所【2:診療所】【診療科目:内科】和歌山県東牟婁郡古座川町川口２５４番地１" }, "geometry": { "type": "Point", "coordinates": [ 135.775953, 33.542424 ] } },
{ "type": "Feature", "properties": { "ID": 3022165000000, "正式名称": "メンタルクリニック　ふきあげ", "機関区分": 2, "都道府県コード": 30, "市区町村コード": 201, "所在地": "和歌山県和歌山市吹上２丁目５－４０　Ｄビル１階　南館", "緯度": 34.219831, "経度": 135.169573, "url": "https://www.iryou.teikyouseido.mhlw.go.jp/znk-web/juminkanja/S2430/initialize?prefCd=30&kikanCd=2165000000&kikanKbn=2", "url2": "http://mental-fukiage.com/", "内容": "メンタルクリニック　ふきあげ【2:診療所】【診療科目:精神科_心療内科】和歌山県和歌山市吹上２丁目５－４０　Ｄビル１階　南館" }, "geometry": { "type": "Point", "coordinates": [ 135.169573, 34.219831 ] } },
{ "type": "Feature", "properties": { "ID": 3022165200000, "正式名称": "新谷クリニック", "機関区分": 2, "都道府県コード": 30, "市区町村コード": 207, "所在地": "和歌山県新宮市橋本２丁目５－５４", "緯度": 33.716577, "経度": 135.987739, "url": "https://www.iryou.teikyouseido.mhlw.go.jp/znk-web/juminkanja/S2430/initialize?prefCd=30&kikanCd=2165200000&kikanKbn=2", "url2": "http://shintani-cl.com/", "内容": "新谷クリニック【2:診療所】【診療科目:外科_泌尿器科】和歌山県新宮市橋本２丁目５－５４" }, "geometry": { "type": "Point", "coordinates": [ 135.987739, 33.716577 ] } },
{ "type": "Feature", "properties": { "ID": 3022165700000, "正式名称": "中山内科", "機関区分": 2, "都道府県コード": 30, "市区町村コード": 201, "所在地": "和歌山県和歌山市十番丁６１", "緯度": 34.230719, "経度": 135.176267, "url": "https://www.iryou.teikyouseido.mhlw.go.jp/znk-web/juminkanja/S2430/initialize?prefCd=30&kikanCd=2165700000&kikanKbn=2", "url2": null, "内容": "中山内科【2:診療所】【診療科目:内科_呼吸器内科_循環器内科_消化器内科_放射線科】和歌山県和歌山市十番丁６１" }, "geometry": { "type": "Point", "coordinates": [ 135.176267, 34.230719 ] } },
{ "type": "Feature", "properties": { "ID": 3022165800000, "正式名称": "伊藤クリニック", "機関区分": 2, "都道府県コード": 30, "市区町村コード": 203, "所在地": "和歌山県橋本市高野口町伏原１０１１", "緯度": 34.309578, "経度": 135.574091, "url": "https://www.iryou.teikyouseido.mhlw.go.jp/znk-web/juminkanja/S2430/initialize?prefCd=30&kikanCd=2165800000&kikanKbn=2", "url2": "itou-clinic-hashimoto.jp", "内容": "伊藤クリニック【2:診療所】【診療科目:内科_糖尿病内科_呼吸器内科_循環器内科_消化器内科_外科_脳神経外科_消化器外科_肛門外科_整形外科_泌尿器科_リハビリテーション科】和歌山県橋本市高野口町伏原１０１１" }, "geometry": { "type": "Point", "coordinates": [ 135.574091, 34.309578 ] } },
{ "type": "Feature", "properties": { "ID": 3022166000000, "正式名称": "医療法人誠人会　与田病院附属ふじと台クリニック", "機関区分": 2, "都道府県コード": 30, "市区町村コード": 201, "所在地": "和歌山県和歌山市ふじと台６番地エスタシオンふじと台駅前ビル東棟４階Ｅ４０１号室", "緯度": 34.276435, "経度": 135.147461, "url": "https://www.iryou.teikyouseido.mhlw.go.jp/znk-web/juminkanja/S2430/initialize?prefCd=30&kikanCd=2166000000&kikanKbn=2", "url2": "https://fujitodai-clinic.jp", "内容": "医療法人誠人会　与田病院附属ふじと台クリニック【2:診療所】【診療科目:内科_内分泌内科_糖尿病・代謝内科_呼吸器内科_消化器内科_整形外科_小児科】和歌山県和歌山市ふじと台６番地エスタシオンふじと台駅前ビル東棟４階Ｅ４０１号室" }, "geometry": { "type": "Point", "coordinates": [ 135.147461, 34.276435 ] } },
{ "type": "Feature", "properties": { "ID": 3022166200000, "正式名称": "増井内科", "機関区分": 2, "都道府県コード": 30, "市区町村コード": 201, "所在地": "和歌山県和歌山市次郎丸６９－１", "緯度": 34.255151, "経度": 135.148813, "url": "https://www.iryou.teikyouseido.mhlw.go.jp/znk-web/juminkanja/S2430/initialize?prefCd=30&kikanCd=2166200000&kikanKbn=2", "url2": null, "内容": "増井内科【2:診療所】【診療科目:内科_糖尿病・代謝内科_呼吸器内科_循環器内科_消化器内科_漢方内科_小児科_心療内科】和歌山県和歌山市次郎丸６９－１" }, "geometry": { "type": "Point", "coordinates": [ 135.148813, 34.255151 ] } },
{ "type": "Feature", "properties": { "ID": 3022166900000, "正式名称": "橋本クリニック", "機関区分": 2, "都道府県コード": 30, "市区町村コード": 207, "所在地": "和歌山県新宮市谷王子町２番地４", "緯度": 33.727759, "経度": 135.987888, "url": "https://www.iryou.teikyouseido.mhlw.go.jp/znk-web/juminkanja/S2430/initialize?prefCd=30&kikanCd=2166900000&kikanKbn=2", "url2": null, "内容": "橋本クリニック【2:診療所】【診療科目:内科_外科】和歌山県新宮市谷王子町２番地４" }, "geometry": { "type": "Point", "coordinates": [ 135.987888, 33.727759 ] } },
{ "type": "Feature", "properties": { "ID": 3022167400000, "正式名称": "いらなみのりこメンタルケアクリニック", "機関区分": 2, "都道府県コード": 30, "市区町村コード": 201, "所在地": "和歌山県和歌山市田中町３丁目４番地", "緯度": 34.228941, "経度": 135.187905, "url": "https://www.iryou.teikyouseido.mhlw.go.jp/znk-web/juminkanja/S2430/initialize?prefCd=30&kikanCd=2167400000&kikanKbn=2", "url2": "http://www.serenity-iranaminoriko.com", "内容": "いらなみのりこメンタルケアクリニック【2:診療所】【診療科目:精神科_心療内科】和歌山県和歌山市田中町３丁目４番地" }, "geometry": { "type": "Point", "coordinates": [ 135.187905, 34.228941 ] } },
{ "type": "Feature", "properties": { "ID": 3022167500000, "正式名称": "たなべクリニック", "機関区分": 2, "都道府県コード": 30, "市区町村コード": 206, "所在地": "和歌山県田辺市上の山１丁目１４番３８号", "緯度": 33.739775, "経度": 135.365134, "url": "https://www.iryou.teikyouseido.mhlw.go.jp/znk-web/juminkanja/S2430/initialize?prefCd=30&kikanCd=2167500000&kikanKbn=2", "url2": "http://tanabe-toseki.jp/", "内容": "たなべクリニック【2:診療所】【診療科目:内科_腎臓内科_人工透析内科】和歌山県田辺市上の山１丁目１４番３８号" }, "geometry": { "type": "Point", "coordinates": [ 135.365134, 33.739775 ] } },
{ "type": "Feature", "properties": { "ID": 3022168200000, "正式名称": "乾耳鼻咽喉科医院", "機関区分": 2, "都道府県コード": 30, "市区町村コード": 206, "所在地": "和歌山県田辺市上屋敷１丁目９－５", "緯度": 33.732442, "経度": 135.375106, "url": "https://www.iryou.teikyouseido.mhlw.go.jp/znk-web/juminkanja/S2430/initialize?prefCd=30&kikanCd=2168200000&kikanKbn=2", "url2": "https://inuientcl.com/", "内容": "乾耳鼻咽喉科医院【2:診療所】【診療科目:耳鼻いんこう科_アレルギー科】和歌山県田辺市上屋敷１丁目９－５" }, "geometry": { "type": "Point", "coordinates": [ 135.375106, 33.732442 ] } },
{ "type": "Feature", "properties": { "ID": 3022168500000, "正式名称": "在宅総合ケアセンター　赤ひげクリニック", "機関区分": 2, "都道府県コード": 30, "市区町村コード": 208, "所在地": "和歌山県紀の川市桃山町神田３７８", "緯度": 34.228638, "経度": 135.353585, "url": "https://www.iryou.teikyouseido.mhlw.go.jp/znk-web/juminkanja/S2430/initialize?prefCd=30&kikanCd=2168500000&kikanKbn=2", "url2": "http://www.mikurumakai.or.jp", "内容": "在宅総合ケアセンター　赤ひげクリニック【2:診療所】【診療科目:内科_整形外科_心療内科_リハビリテーション科】和歌山県紀の川市桃山町神田３７８" }, "geometry": { "type": "Point", "coordinates": [ 135.353585, 34.228638 ] } },
{ "type": "Feature", "properties": { "ID": 3022168700000, "正式名称": "しらさぎ台クリニック　山内耳鼻咽喉科", "機関区分": 2, "都道府県コード": 30, "市区町村コード": 203, "所在地": "和歌山県橋本市しらさぎ台１２－１３", "緯度": 34.339131, "経度": 135.612058, "url": "https://www.iryou.teikyouseido.mhlw.go.jp/znk-web/juminkanja/S2430/initialize?prefCd=30&kikanCd=2168700000&kikanKbn=2", "url2": "http://yamauchi-jibika.jp/", "内容": "しらさぎ台クリニック　山内耳鼻咽喉科【2:診療所】【診療科目:耳鼻いんこう科_アレルギー科】和歌山県橋本市しらさぎ台１２－１３" }, "geometry": { "type": "Point", "coordinates": [ 135.612058, 34.339131 ] } },
{ "type": "Feature", "properties": { "ID": 3022169800000, "正式名称": "ふじたクリニック", "機関区分": 2, "都道府県コード": 30, "市区町村コード": 206, "所在地": "和歌山県田辺市秋津町１５８－４", "緯度": 33.744358, "経度": 135.393521, "url": "https://www.iryou.teikyouseido.mhlw.go.jp/znk-web/juminkanja/S2430/initialize?prefCd=30&kikanCd=2169800000&kikanKbn=2", "url2": "https://fujita-clinic.click", "内容": "ふじたクリニック【2:診療所】【診療科目:内科_消化器内科_外科_肛門外科】和歌山県田辺市秋津町１５８－４" }, "geometry": { "type": "Point", "coordinates": [ 135.393521, 33.744358 ] } },
{ "type": "Feature", "properties": { "ID": 3022171100000, "正式名称": "横田整形外科", "機関区分": 2, "都道府県コード": 30, "市区町村コード": 203, "所在地": "和歌山県橋本市城山台２－４５－１４", "緯度": 34.348491, "経度": 135.60728, "url": "https://www.iryou.teikyouseido.mhlw.go.jp/znk-web/juminkanja/S2430/initialize?prefCd=30&kikanCd=2171100000&kikanKbn=2", "url2": "http://yokota-seikei.com", "内容": "横田整形外科【2:診療所】【診療科目:整形外科_リウマチ科_リハビリテーション科_放射線科】和歌山県橋本市城山台２－４５－１４" }, "geometry": { "type": "Point", "coordinates": [ 135.60728, 34.348491 ] } },
{ "type": "Feature", "properties": { "ID": 3022171500000, "正式名称": "井上整形外科・内科", "機関区分": 2, "都道府県コード": 30, "市区町村コード": 201, "所在地": "和歌山県和歌山市小人町南ノ丁２０番地", "緯度": 34.229496, "経度": 135.166183, "url": "https://www.iryou.teikyouseido.mhlw.go.jp/znk-web/juminkanja/S2430/initialize?prefCd=30&kikanCd=2171500000&kikanKbn=2", "url2": null, "内容": "井上整形外科・内科【2:診療所】【診療科目:内科_消化器内科_外科_脳神経外科_整形外科_リハビリテーション科】和歌山県和歌山市小人町南ノ丁２０番地" }, "geometry": { "type": "Point", "coordinates": [ 135.166183, 34.229496 ] } },
{ "type": "Feature", "properties": { "ID": 3022172900000, "正式名称": "まきのクリニック", "機関区分": 2, "都道府県コード": 30, "市区町村コード": 201, "所在地": "和歌山県和歌山市冬野１７６１－１０", "緯度": 34.189863, "経度": 135.215515, "url": "https://www.iryou.teikyouseido.mhlw.go.jp/znk-web/juminkanja/S2430/initialize?prefCd=30&kikanCd=2172900000&kikanKbn=2", "url2": null, "内容": "まきのクリニック【2:診療所】【診療科目:内科_呼吸器内科_循環器内科_消化器内科_アレルギー科】和歌山県和歌山市冬野１７６１－１０" }, "geometry": { "type": "Point", "coordinates": [ 135.215515, 34.189863 ] } },
{ "type": "Feature", "properties": { "ID": 3022173000000, "正式名称": "林正泌尿器科クリニック", "機関区分": 2, "都道府県コード": 30, "市区町村コード": 201, "所在地": "和歌山県和歌山市小松原通４丁目３０番小松原丸岩ビル１階１０１号", "緯度": 34.219581, "経度": 135.169073, "url": "https://www.iryou.teikyouseido.mhlw.go.jp/znk-web/juminkanja/S2430/initialize?prefCd=30&kikanCd=2173000000&kikanKbn=2", "url2": "https/:/hayashitadashiuro.com", "内容": "林正泌尿器科クリニック【2:診療所】【診療科目:形成外科_泌尿器科】和歌山県和歌山市小松原通４丁目３０番小松原丸岩ビル１階１０１号" }, "geometry": { "type": "Point", "coordinates": [ 135.169073, 34.219581 ] } },
{ "type": "Feature", "properties": { "ID": 3022174000000, "正式名称": "いわき眼科クリニック", "機関区分": 2, "都道府県コード": 30, "市区町村コード": 207, "所在地": "和歌山県新宮市野田８－４９", "緯度": 33.72195, "経度": 135.994524, "url": "https://www.iryou.teikyouseido.mhlw.go.jp/znk-web/juminkanja/S2430/initialize?prefCd=30&kikanCd=2174000000&kikanKbn=2", "url2": null, "内容": "いわき眼科クリニック【2:診療所】【診療科目:眼科】和歌山県新宮市野田８－４９" }, "geometry": { "type": "Point", "coordinates": [ 135.994524, 33.72195 ] } },
{ "type": "Feature", "properties": { "ID": 3022174200000, "正式名称": "風土記の丘診療所", "機関区分": 2, "都道府県コード": 30, "市区町村コード": 201, "所在地": "和歌山県和歌山市岩橋１２７１－１", "緯度": 34.230135, "経度": 135.229088, "url": "https://www.iryou.teikyouseido.mhlw.go.jp/znk-web/juminkanja/S2430/initialize?prefCd=30&kikanCd=2174200000&kikanKbn=2", "url2": "https://www.fudoki.net/", "内容": "風土記の丘診療所【2:診療所】【診療科目:内科_消化器内科_老年内科_臨床検査科】和歌山県和歌山市岩橋１２７１－１" }, "geometry": { "type": "Point", "coordinates": [ 135.229088, 34.230135 ] } },
{ "type": "Feature", "properties": { "ID": 3022175200000, "正式名称": "十一番丁てらしたクリニック", "機関区分": 2, "都道府県コード": 30, "市区町村コード": 201, "所在地": "和歌山県和歌山市十一番丁１８", "緯度": 34.232191, "経度": 135.175767, "url": "https://www.iryou.teikyouseido.mhlw.go.jp/znk-web/juminkanja/S2430/initialize?prefCd=30&kikanCd=2175200000&kikanKbn=2", "url2": "http://www.kyowa.ac.jp/terashitaclinic/index.html", "内容": "十一番丁てらしたクリニック【2:診療所】【診療科目:内科_循環器内科_外科_脳神経外科_整形外科_リハビリテーション科_放射線科】和歌山県和歌山市十一番丁１８" }, "geometry": { "type": "Point", "coordinates": [ 135.175767, 34.232191 ] } },
{ "type": "Feature", "properties": { "ID": 3022175400000, "正式名称": "ちさこ赤ちゃんこどもクリニック", "機関区分": 2, "都道府県コード": 30, "市区町村コード": 366, "所在地": "和歌山県有田郡有田川町下津野５５０", "緯度": 34.065709, "経度": 135.216632, "url": "https://www.iryou.teikyouseido.mhlw.go.jp/znk-web/juminkanja/S2430/initialize?prefCd=30&kikanCd=2175400000&kikanKbn=2", "url2": "http://chisako-baby-child.com/", "内容": "ちさこ赤ちゃんこどもクリニック【2:診療所】【診療科目:小児科】和歌山県有田郡有田川町下津野５５０" }, "geometry": { "type": "Point", "coordinates": [ 135.216632, 34.065709 ] } },
{ "type": "Feature", "properties": { "ID": 3022175500000, "正式名称": "矢田耳鼻咽喉科", "機関区分": 2, "都道府県コード": 30, "市区町村コード": 205, "所在地": "和歌山県御坊市湯川町財部２４４－５", "緯度": 33.901504, "経度": 135.14945, "url": "https://www.iryou.teikyouseido.mhlw.go.jp/znk-web/juminkanja/S2430/initialize?prefCd=30&kikanCd=2175500000&kikanKbn=2", "url2": "http://yata-jibika.jp/", "内容": "矢田耳鼻咽喉科【2:診療所】【診療科目:耳鼻いんこう科】和歌山県御坊市湯川町財部２４４－５" }, "geometry": { "type": "Point", "coordinates": [ 135.14945, 33.901504 ] } },
{ "type": "Feature", "properties": { "ID": 3022176600000, "正式名称": "耳鼻咽喉科　ゆうクリニック", "機関区分": 2, "都道府県コード": 30, "市区町村コード": 208, "所在地": "和歌山県紀の川市中井阪２０５－３", "緯度": 34.260358, "経度": 135.341251, "url": "https://www.iryou.teikyouseido.mhlw.go.jp/znk-web/juminkanja/S2430/initialize?prefCd=30&kikanCd=2176600000&kikanKbn=2", "url2": "http://ent-yu.com/", "内容": "耳鼻咽喉科　ゆうクリニック【2:診療所】【診療科目:耳鼻いんこう科】和歌山県紀の川市中井阪２０５－３" }, "geometry": { "type": "Point", "coordinates": [ 135.341251, 34.260358 ] } },
{ "type": "Feature", "properties": { "ID": 3022178100000, "正式名称": "稲田クリニック", "機関区分": 2, "都道府県コード": 30, "市区町村コード": 201, "所在地": "和歌山県和歌山市和田４６１番地", "緯度": 34.201666, "経度": 135.205709, "url": "https://www.iryou.teikyouseido.mhlw.go.jp/znk-web/juminkanja/S2430/initialize?prefCd=30&kikanCd=2178100000&kikanKbn=2", "url2": "http://www.inadacl.jp", "内容": "稲田クリニック【2:診療所】【診療科目:小児科_産婦人科_産科_婦人科】和歌山県和歌山市和田４６１番地" }, "geometry": { "type": "Point", "coordinates": [ 135.205709, 34.201666 ] } },
{ "type": "Feature", "properties": { "ID": 3022179200000, "正式名称": "松平ハタ医科歯科クリニック", "機関区分": 2, "都道府県コード": 30, "市区町村コード": 201, "所在地": "和歌山県和歌山市鷹匠町１丁目６０番地", "緯度": 34.223386, "経度": 135.178072, "url": "https://www.iryou.teikyouseido.mhlw.go.jp/znk-web/juminkanja/S2430/initialize?prefCd=30&kikanCd=2179200000&kikanKbn=2", "url2": "http://www.matsuhira-dentalclinic.com/", "内容": "松平ハタ医科歯科クリニック【2:診療所】【診療科目:内科_呼吸器内科_循環器内科_歯科_矯正歯科_歯科口腔外科_小児歯科_小児矯正歯科_アレルギー科】和歌山県和歌山市鷹匠町１丁目６０番地" }, "geometry": { "type": "Point", "coordinates": [ 135.178072, 34.223386 ] } },
{ "type": "Feature", "properties": { "ID": 3022181600000, "正式名称": "高橋ファミリークリニック", "機関区分": 2, "都道府県コード": 30, "市区町村コード": 421, "所在地": "和歌山県東牟婁郡那智勝浦町天満８００", "緯度": 33.632296, "経度": 135.940536, "url": "https://www.iryou.teikyouseido.mhlw.go.jp/znk-web/juminkanja/S2430/initialize?prefCd=30&kikanCd=2181600000&kikanKbn=2", "url2": "http://takahashifamily-c.p-kit.com/", "内容": "高橋ファミリークリニック【2:診療所】【診療科目:内科_内分泌内科_呼吸器内科】和歌山県東牟婁郡那智勝浦町天満８００" }, "geometry": { "type": "Point", "coordinates": [ 135.940536, 33.632296 ] } },
{ "type": "Feature", "properties": { "ID": 3022182300000, "正式名称": "にしかわ眼科クリニック", "機関区分": 2, "都道府県コード": 30, "市区町村コード": 201, "所在地": "和歌山県和歌山市古屋１１２―１", "緯度": 34.255296, "経度": 135.118376, "url": "https://www.iryou.teikyouseido.mhlw.go.jp/znk-web/juminkanja/S2430/initialize?prefCd=30&kikanCd=2182300000&kikanKbn=2", "url2": "http://www.nishikawa-eyeclinic.com", "内容": "にしかわ眼科クリニック【2:診療所】【診療科目:眼科】和歌山県和歌山市古屋１１２―１" }, "geometry": { "type": "Point", "coordinates": [ 135.118376, 34.255296 ] } },
{ "type": "Feature", "properties": { "ID": 3022184400000, "正式名称": "こしみちクリニック", "機関区分": 2, "都道府県コード": 30, "市区町村コード": 428, "所在地": "和歌山県東牟婁郡串本町鬮野川１３５６－４", "緯度": 33.485864, "経度": 135.791333, "url": "https://www.iryou.teikyouseido.mhlw.go.jp/znk-web/juminkanja/S2430/initialize?prefCd=30&kikanCd=2184400000&kikanKbn=2", "url2": "http://koshimichi-cl.com", "内容": "こしみちクリニック【2:診療所】【診療科目:内科_脳神経外科_整形外科_リハビリテーション科】和歌山県東牟婁郡串本町鬮野川１３５６－４" }, "geometry": { "type": "Point", "coordinates": [ 135.791333, 33.485864 ] } },
{ "type": "Feature", "properties": { "ID": 3022185400000, "正式名称": "神島心療内科", "機関区分": 2, "都道府県コード": 30, "市区町村コード": 206, "所在地": "和歌山県田辺市たきない町１番８号", "緯度": 33.705168, "経度": 135.399966, "url": "https://www.iryou.teikyouseido.mhlw.go.jp/znk-web/juminkanja/S2430/initialize?prefCd=30&kikanCd=2185400000&kikanKbn=2", "url2": "http://kashima-mental.com/", "内容": "神島心療内科【2:診療所】【診療科目:精神科_心療内科】和歌山県田辺市たきない町１番８号" }, "geometry": { "type": "Point", "coordinates": [ 135.399966, 33.705168 ] } },
{ "type": "Feature", "properties": { "ID": 3022185600000, "正式名称": "めがね先生の上田こどもクリニック", "機関区分": 2, "都道府県コード": 30, "市区町村コード": 203, "所在地": "和歌山県橋本市紀見字椿原５９１－６", "緯度": 34.339788, "経度": 135.617271, "url": "https://www.iryou.teikyouseido.mhlw.go.jp/znk-web/juminkanja/S2430/initialize?prefCd=30&kikanCd=2185600000&kikanKbn=2", "url2": "http://meganesensei.com/", "内容": "めがね先生の上田こどもクリニック【2:診療所】【診療科目:小児科】和歌山県橋本市紀見字椿原５９１－６" }, "geometry": { "type": "Point", "coordinates": [ 135.617271, 34.339788 ] } },
{ "type": "Feature", "properties": { "ID": 3022186300000, "正式名称": "辻クリニック", "機関区分": 2, "都道府県コード": 30, "市区町村コード": 201, "所在地": "和歌山県和歌山市六十谷７４８－１０４", "緯度": 34.262188, "経度": 135.202929, "url": "https://www.iryou.teikyouseido.mhlw.go.jp/znk-web/juminkanja/S2430/initialize?prefCd=30&kikanCd=2186300000&kikanKbn=2", "url2": null, "内容": "辻クリニック【2:診療所】【診療科目:内科_循環器内科_消化器内科_外科_肛門外科_皮膚科】和歌山県和歌山市六十谷７４８－１０４" }, "geometry": { "type": "Point", "coordinates": [ 135.202929, 34.262188 ] } },
{ "type": "Feature", "properties": { "ID": 3022187500000, "正式名称": "たぶせ在宅クリニック", "機関区分": 2, "都道府県コード": 30, "市区町村コード": 201, "所在地": "和歌山県和歌山市湊桶屋町１０　Ｍ＆Ｍビル２階　Ａ号室", "緯度": 34.220109, "経度": 135.167407, "url": "https://www.iryou.teikyouseido.mhlw.go.jp/znk-web/juminkanja/S2430/initialize?prefCd=30&kikanCd=2187500000&kikanKbn=2", "url2": "http://www.tabuse-zaitaku.jp/", "内容": "たぶせ在宅クリニック【2:診療所】【診療科目:内科_緩和ケア内科】和歌山県和歌山市湊桶屋町１０　Ｍ＆Ｍビル２階　Ａ号室" }, "geometry": { "type": "Point", "coordinates": [ 135.167407, 34.220109 ] } },
{ "type": "Feature", "properties": { "ID": 3022187600000, "正式名称": "中谷医科歯科クリニック", "機関区分": 2, "都道府県コード": 30, "市区町村コード": 201, "所在地": "和歌山県和歌山市屋形町１丁目２６番地", "緯度": 34.230996, "経度": 135.177405, "url": "https://www.iryou.teikyouseido.mhlw.go.jp/znk-web/juminkanja/S2430/initialize?prefCd=30&kikanCd=2187600000&kikanKbn=2", "url2": "http://nakatani-ikashika.jp/", "内容": "中谷医科歯科クリニック【2:診療所】【診療科目:内科_歯科_矯正歯科_歯科口腔外科_小児歯科】和歌山県和歌山市屋形町１丁目２６番地" }, "geometry": { "type": "Point", "coordinates": [ 135.177405, 34.230996 ] } },
{ "type": "Feature", "properties": { "ID": 3022189200000, "正式名称": "山西内科胃腸科眼科医院", "機関区分": 2, "都道府県コード": 30, "市区町村コード": 206, "所在地": "和歌山県田辺市湊１番７号", "緯度": 33.732036, "経度": 135.385001, "url": "https://www.iryou.teikyouseido.mhlw.go.jp/znk-web/juminkanja/S2430/initialize?prefCd=30&kikanCd=2189200000&kikanKbn=2", "url2": "http://www.yamanishi-naga.sakura.ne.jp/index.html", "内容": "山西内科胃腸科眼科医院【2:診療所】【診療科目:内科_消化器内科_眼科】和歌山県田辺市湊１番７号" }, "geometry": { "type": "Point", "coordinates": [ 135.385001, 33.732036 ] } },
{ "type": "Feature", "properties": { "ID": 3022191100000, "正式名称": "はた乳腺クリニック", "機関区分": 2, "都道府県コード": 30, "市区町村コード": 209, "所在地": "和歌山県岩出市川尻２３０番地の１", "緯度": 34.269106, "経度": 135.313531, "url": "https://www.iryou.teikyouseido.mhlw.go.jp/znk-web/juminkanja/S2430/initialize?prefCd=30&kikanCd=2191100000&kikanKbn=2", "url2": "http://www.hata-breast-clinic.jp/sp/", "内容": "はた乳腺クリニック【2:診療所】【診療科目:内科_外科_乳腺外科】和歌山県岩出市川尻２３０番地の１" }, "geometry": { "type": "Point", "coordinates": [ 135.313531, 34.269106 ] } },
{ "type": "Feature", "properties": { "ID": 3022191900000, "正式名称": "うつのみやレディースクリニック", "機関区分": 2, "都道府県コード": 30, "市区町村コード": 201, "所在地": "和歌山県和歌山市美園町５丁目４番２０号", "緯度": 34.230052, "経度": 135.189765, "url": "https://www.iryou.teikyouseido.mhlw.go.jp/znk-web/juminkanja/S2430/initialize?prefCd=30&kikanCd=2191900000&kikanKbn=2", "url2": "http://utsunomiya-lc.com/", "内容": "うつのみやレディースクリニック【2:診療所】【診療科目:内科_産婦人科_産科_婦人科_泌尿器科】和歌山県和歌山市美園町５丁目４番２０号" }, "geometry": { "type": "Point", "coordinates": [ 135.189765, 34.230052 ] } },
{ "type": "Feature", "properties": { "ID": 3022192700000, "正式名称": "ますだクリニック", "機関区分": 2, "都道府県コード": 30, "市区町村コード": 209, "所在地": "和歌山県岩出市相谷４８２－３", "緯度": 34.276021, "経度": 135.284089, "url": "https://www.iryou.teikyouseido.mhlw.go.jp/znk-web/juminkanja/S2430/initialize?prefCd=30&kikanCd=2192700000&kikanKbn=2", "url2": "http://www.masudaclinic-iwade.jp/", "内容": "ますだクリニック【2:診療所】【診療科目:内科_腎臓内科_泌尿器科】和歌山県岩出市相谷４８２－３" }, "geometry": { "type": "Point", "coordinates": [ 135.284089, 34.276021 ] } },
{ "type": "Feature", "properties": { "ID": 3022194400000, "正式名称": "よしい眼科", "機関区分": 2, "都道府県コード": 30, "市区町村コード": 206, "所在地": "和歌山県田辺市上の山一丁目１４番３４号", "緯度": 33.739403, "経度": 135.365433, "url": "https://www.iryou.teikyouseido.mhlw.go.jp/znk-web/juminkanja/S2430/initialize?prefCd=30&kikanCd=2194400000&kikanKbn=2", "url2": null, "内容": "よしい眼科【2:診療所】【診療科目:眼科】和歌山県田辺市上の山一丁目１４番３４号" }, "geometry": { "type": "Point", "coordinates": [ 135.365433, 33.739403 ] } },
{ "type": "Feature", "properties": { "ID": 3022194800000, "正式名称": "三谷医院", "機関区分": 2, "都道府県コード": 30, "市区町村コード": 201, "所在地": "和歌山県和歌山市和歌浦東３丁目５－５３", "緯度": 34.189278, "経度": 135.176256, "url": "https://www.iryou.teikyouseido.mhlw.go.jp/znk-web/juminkanja/S2430/initialize?prefCd=30&kikanCd=2194800000&kikanKbn=2", "url2": null, "内容": "三谷医院【2:診療所】【診療科目:内科】和歌山県和歌山市和歌浦東３丁目５－５３" }, "geometry": { "type": "Point", "coordinates": [ 135.176256, 34.189278 ] } },
{ "type": "Feature", "properties": { "ID": 3022196600000, "正式名称": "なないろこどもクリニック", "機関区分": 2, "都道府県コード": 30, "市区町村コード": 201, "所在地": "和歌山県和歌山市吹上２丁目４－４６　ニチホス医療ビル２Ｆ", "緯度": 34.220359, "経度": 135.169546, "url": "https://www.iryou.teikyouseido.mhlw.go.jp/znk-web/juminkanja/S2430/initialize?prefCd=30&kikanCd=2196600000&kikanKbn=2", "url2": "http://www.nanairo-kodomo.com", "内容": "なないろこどもクリニック【2:診療所】【診療科目:小児科_新生児内科】和歌山県和歌山市吹上２丁目４－４６　ニチホス医療ビル２Ｆ" }, "geometry": { "type": "Point", "coordinates": [ 135.169546, 34.220359 ] } },
{ "type": "Feature", "properties": { "ID": 3022198200000, "正式名称": "有井医院", "機関区分": 2, "都道府県コード": 30, "市区町村コード": 201, "所在地": "和歌山県和歌山市湊２丁目７番８号", "緯度": 34.233662, "経度": 135.147519, "url": "https://www.iryou.teikyouseido.mhlw.go.jp/znk-web/juminkanja/S2430/initialize?prefCd=30&kikanCd=2198200000&kikanKbn=2", "url2": null, "内容": "有井医院【2:診療所】【診療科目:内科_小児科_放射線科】和歌山県和歌山市湊２丁目７番８号" }, "geometry": { "type": "Point", "coordinates": [ 135.147519, 34.233662 ] } },
{ "type": "Feature", "properties": { "ID": 3022199000000, "正式名称": "有本クリニック", "機関区分": 2, "都道府県コード": 30, "市区町村コード": 201, "所在地": "和歌山県和歌山市太田３８－１４", "緯度": 34.22522, "経度": 135.194598, "url": "https://www.iryou.teikyouseido.mhlw.go.jp/znk-web/juminkanja/S2430/initialize?prefCd=30&kikanCd=2199000000&kikanKbn=2", "url2": null, "内容": "有本クリニック【2:診療所】【診療科目:内科_呼吸器内科_外科_皮膚科】和歌山県和歌山市太田３８－１４" }, "geometry": { "type": "Point", "coordinates": [ 135.194598, 34.22522 ] } },
{ "type": "Feature", "properties": { "ID": 3022199100000, "正式名称": "なかたに医院", "機関区分": 2, "都道府県コード": 30, "市区町村コード": 404, "所在地": "和歌山県西牟婁郡上富田町朝来７８２番地１", "緯度": 33.694753, "経度": 135.428048, "url": "https://www.iryou.teikyouseido.mhlw.go.jp/znk-web/juminkanja/S2430/initialize?prefCd=30&kikanCd=2199100000&kikanKbn=2", "url2": "https://nakatani-iin.com/", "内容": "なかたに医院【2:診療所】【診療科目:内科_消化器内科_外科】和歌山県西牟婁郡上富田町朝来７８２番地１" }, "geometry": { "type": "Point", "coordinates": [ 135.428048, 33.694753 ] } },
{ "type": "Feature", "properties": { "ID": 3022199200000, "正式名称": "中西内科呼吸器内科クリニック", "機関区分": 2, "都道府県コード": 30, "市区町村コード": 201, "所在地": "和歌山県和歌山市塩屋５丁目１２２－１", "緯度": 34.201003, "経度": 135.179796, "url": "https://www.iryou.teikyouseido.mhlw.go.jp/znk-web/juminkanja/S2430/initialize?prefCd=30&kikanCd=2199200000&kikanKbn=2", "url2": "http://www.nakanishi-respi.com/", "内容": "中西内科呼吸器内科クリニック【2:診療所】【診療科目:内科_呼吸器内科_アレルギー科】和歌山県和歌山市塩屋５丁目１２２－１" }, "geometry": { "type": "Point", "coordinates": [ 135.179796, 34.201003 ] } },
{ "type": "Feature", "properties": { "ID": 3022199600000, "正式名称": "たま整形外科", "機関区分": 2, "都道府県コード": 30, "市区町村コード": 208, "所在地": "和歌山県紀の川市貴志川町井ノ口９７４－４", "緯度": 34.198697, "経度": 135.315867, "url": "https://www.iryou.teikyouseido.mhlw.go.jp/znk-web/juminkanja/S2430/initialize?prefCd=30&kikanCd=2199600000&kikanKbn=2", "url2": "http://www.mikurumakai.or.jp/affiliated/tamaseikeigeka/", "内容": "たま整形外科【2:診療所】【診療科目:整形外科_リハビリテーション科_放射線科】和歌山県紀の川市貴志川町井ノ口９７４－４" }, "geometry": { "type": "Point", "coordinates": [ 135.315867, 34.198697 ] } },
{ "type": "Feature", "properties": { "ID": 3022199900000, "正式名称": "月山チャイルドケアクリニック", "機関区分": 2, "都道府県コード": 30, "市区町村コード": 201, "所在地": "和歌山県和歌山市秋月４８２－１", "緯度": 34.22505, "経度": 135.207338, "url": "https://www.iryou.teikyouseido.mhlw.go.jp/znk-web/juminkanja/S2430/initialize?prefCd=30&kikanCd=2199900000&kikanKbn=2", "url2": "http://www.mikazukikai.jp", "内容": "月山チャイルドケアクリニック【2:診療所】【診療科目:内科_小児科_小児外科】和歌山県和歌山市秋月４８２－１" }, "geometry": { "type": "Point", "coordinates": [ 135.207338, 34.22505 ] } },
{ "type": "Feature", "properties": { "ID": 3022200500000, "正式名称": "おおたに眼科", "機関区分": 2, "都道府県コード": 30, "市区町村コード": 209, "所在地": "和歌山県岩出市中迫２６４－１", "緯度": 34.263884, "経度": 135.311893, "url": "https://www.iryou.teikyouseido.mhlw.go.jp/znk-web/juminkanja/S2430/initialize?prefCd=30&kikanCd=2200500000&kikanKbn=2", "url2": "http://otanieye.com/", "内容": "おおたに眼科【2:診療所】【診療科目:眼科】和歌山県岩出市中迫２６４－１" }, "geometry": { "type": "Point", "coordinates": [ 135.311893, 34.263884 ] } },
{ "type": "Feature", "properties": { "ID": 3022200600000, "正式名称": "南たなべ眼科医院", "機関区分": 2, "都道府県コード": 30, "市区町村コード": 206, "所在地": "和歌山県田辺市たきない町１９番１６号", "緯度": 33.702084, "経度": 135.401438, "url": "https://www.iryou.teikyouseido.mhlw.go.jp/znk-web/juminkanja/S2430/initialize?prefCd=30&kikanCd=2200600000&kikanKbn=2", "url2": "https://www.minamitanabe-eye.com", "内容": "南たなべ眼科医院【2:診療所】【診療科目:眼科】和歌山県田辺市たきない町１９番１６号" }, "geometry": { "type": "Point", "coordinates": [ 135.401438, 33.702084 ] } },
{ "type": "Feature", "properties": { "ID": 3022201800000, "正式名称": "くまのこころのクリニック", "機関区分": 2, "都道府県コード": 30, "市区町村コード": 421, "所在地": "和歌山県東牟婁郡那智勝浦町天満８４８－１", "緯度": 33.631518, "経度": 135.938842, "url": "https://www.iryou.teikyouseido.mhlw.go.jp/znk-web/juminkanja/S2430/initialize?prefCd=30&kikanCd=2201800000&kikanKbn=2", "url2": "http://kumano-cocoro.com", "内容": "くまのこころのクリニック【2:診療所】【診療科目:精神科_心療内科】和歌山県東牟婁郡那智勝浦町天満８４８－１" }, "geometry": { "type": "Point", "coordinates": [ 135.938842, 33.631518 ] } },
{ "type": "Feature", "properties": { "ID": 3022201900000, "正式名称": "いわくらクリニック", "機関区分": 2, "都道府県コード": 30, "市区町村コード": 203, "所在地": "和歌山県橋本市三石台１－３－１１－１０２", "緯度": 34.35574, "経度": 135.602169, "url": "https://www.iryou.teikyouseido.mhlw.go.jp/znk-web/juminkanja/S2430/initialize?prefCd=30&kikanCd=2201900000&kikanKbn=2", "url2": "http://iwakura-giclinic.com/", "内容": "いわくらクリニック【2:診療所】【診療科目:内科_消化器内科_肛門外科】和歌山県橋本市三石台１－３－１１－１０２" }, "geometry": { "type": "Point", "coordinates": [ 135.602169, 34.35574 ] } },
{ "type": "Feature", "properties": { "ID": 3022202800000, "正式名称": "なかむら皮膚科", "機関区分": 2, "都道府県コード": 30, "市区町村コード": 201, "所在地": "和歌山県和歌山市直川３７５番地１", "緯度": 34.260855, "経度": 135.221122, "url": "https://www.iryou.teikyouseido.mhlw.go.jp/znk-web/juminkanja/S2430/initialize?prefCd=30&kikanCd=2202800000&kikanKbn=2", "url2": "https://www.nakamura-hifuka.jp", "内容": "なかむら皮膚科【2:診療所】【診療科目:皮膚科】和歌山県和歌山市直川３７５番地１" }, "geometry": { "type": "Point", "coordinates": [ 135.221122, 34.260855 ] } },
{ "type": "Feature", "properties": { "ID": 3022206100000, "正式名称": "医療法人　さんさんクリニック", "機関区分": 2, "都道府県コード": 30, "市区町村コード": 201, "所在地": "和歌山県和歌山市直川５６９－１", "緯度": 34.261493, "経度": 135.218317, "url": "https://www.iryou.teikyouseido.mhlw.go.jp/znk-web/juminkanja/S2430/initialize?prefCd=30&kikanCd=2206100000&kikanKbn=2", "url2": "https://sunsunclinic.net/", "内容": "医療法人　さんさんクリニック【2:診療所】【診療科目:小児科_耳鼻いんこう科】和歌山県和歌山市直川５６９－１" }, "geometry": { "type": "Point", "coordinates": [ 135.218317, 34.261493 ] } },
{ "type": "Feature", "properties": { "ID": 3022207800000, "正式名称": "やましたレディース・マタニティクリニック", "機関区分": 2, "都道府県コード": 30, "市区町村コード": 201, "所在地": "和歌山県和歌山市元寺町西ノ丁９", "緯度": 34.23894, "経度": 135.175099, "url": "https://www.iryou.teikyouseido.mhlw.go.jp/znk-web/juminkanja/S2430/initialize?prefCd=30&kikanCd=2207800000&kikanKbn=2", "url2": "http://yamashita-lmc.com", "内容": "やましたレディース・マタニティクリニック【2:診療所】【診療科目:内科_産科_婦人科】和歌山県和歌山市元寺町西ノ丁９" }, "geometry": { "type": "Point", "coordinates": [ 135.175099, 34.23894 ] } },
{ "type": "Feature", "properties": { "ID": 3022208800000, "正式名称": "おやこの診療所", "機関区分": 2, "都道府県コード": 30, "市区町村コード": 201, "所在地": "和歌山県和歌山市黒田１丁目１－１０　クリニックビル上林４Ｆ", "緯度": 34.233135, "経度": 135.192348, "url": "https://www.iryou.teikyouseido.mhlw.go.jp/znk-web/juminkanja/S2430/initialize?prefCd=30&kikanCd=2208800000&kikanKbn=2", "url2": "https://oyako-clinic.com/", "内容": "おやこの診療所【2:診療所】【診療科目:児童精神科_精神科】和歌山県和歌山市黒田１丁目１－１０　クリニックビル上林４Ｆ" }, "geometry": { "type": "Point", "coordinates": [ 135.192348, 34.233135 ] } },
{ "type": "Feature", "properties": { "ID": 3022210900000, "正式名称": "きつねじま歯科内科医院", "機関区分": 2, "都道府県コード": 30, "市区町村コード": 201, "所在地": "和歌山県和歌山市狐島６１５番地１６６", "緯度": 34.250243, "経度": 135.148462, "url": "https://www.iryou.teikyouseido.mhlw.go.jp/znk-web/juminkanja/S2430/initialize?prefCd=30&kikanCd=2210900000&kikanKbn=2", "url2": "https://plus.dentamap.jp/hpplus/user/foxfox/", "内容": "きつねじま歯科内科医院【2:診療所】【診療科目:内科_歯科】和歌山県和歌山市狐島６１５番地１６６" }, "geometry": { "type": "Point", "coordinates": [ 135.148462, 34.250243 ] } },
{ "type": "Feature", "properties": { "ID": 3022212000000, "正式名称": "くろしお耳鼻咽喉科", "機関区分": 2, "都道府県コード": 30, "市区町村コード": 207, "所在地": "和歌山県新宮市三輪崎１９５６－１０", "緯度": 33.699072, "経度": 135.988524, "url": "https://www.iryou.teikyouseido.mhlw.go.jp/znk-web/juminkanja/S2430/initialize?prefCd=30&kikanCd=2212000000&kikanKbn=2", "url2": "http://kuroshio-jibika.com", "内容": "くろしお耳鼻咽喉科【2:診療所】【診療科目:耳鼻いんこう科】和歌山県新宮市三輪崎１９５６－１０" }, "geometry": { "type": "Point", "coordinates": [ 135.988524, 33.699072 ] } },
{ "type": "Feature", "properties": { "ID": 3022212100000, "正式名称": "かじの内科クリニック", "機関区分": 2, "都道府県コード": 30, "市区町村コード": 207, "所在地": "和歌山県新宮市新宮２６２１", "緯度": 33.706122, "経度": 135.993251, "url": "https://www.iryou.teikyouseido.mhlw.go.jp/znk-web/juminkanja/S2430/initialize?prefCd=30&kikanCd=2212100000&kikanKbn=2", "url2": null, "内容": "かじの内科クリニック【2:診療所】【診療科目:内科_呼吸器内科_消化器内科】和歌山県新宮市新宮２６２１" }, "geometry": { "type": "Point", "coordinates": [ 135.993251, 33.706122 ] } },
{ "type": "Feature", "properties": { "ID": 3022212300000, "正式名称": "なかふさ診療所", "機関区分": 2, "都道府県コード": 30, "市区町村コード": 209, "所在地": "和歌山県岩出市中迫５５３－１", "緯度": 34.265884, "経度": 135.315864, "url": "https://www.iryou.teikyouseido.mhlw.go.jp/znk-web/juminkanja/S2430/initialize?prefCd=30&kikanCd=2212300000&kikanKbn=2", "url2": "https://nakafusa-clinic.com", "内容": "なかふさ診療所【2:診療所】【診療科目:神経内科_外科_脳神経外科_形成外科_リハビリテーション科_放射線科】和歌山県岩出市中迫５５３－１" }, "geometry": { "type": "Point", "coordinates": [ 135.315864, 34.265884 ] } },
{ "type": "Feature", "properties": { "ID": 3022213000000, "正式名称": "島循環器・内科", "機関区分": 2, "都道府県コード": 30, "市区町村コード": 201, "所在地": "和歌山県和歌山市堀止東１－２－７", "緯度": 34.214518, "経度": 135.170886, "url": "https://www.iryou.teikyouseido.mhlw.go.jp/znk-web/juminkanja/S2430/initialize?prefCd=30&kikanCd=2213000000&kikanKbn=2", "url2": null, "内容": "島循環器・内科【2:診療所】【診療科目:内科_循環器内科】和歌山県和歌山市堀止東１－２－７" }, "geometry": { "type": "Point", "coordinates": [ 135.170886, 34.214518 ] } },
{ "type": "Feature", "properties": { "ID": 3022213100000, "正式名称": "ひらまつクリニック", "機関区分": 2, "都道府県コード": 30, "市区町村コード": 209, "所在地": "和歌山県岩出市高塚５３番４", "緯度": 34.254469, "経度": 135.320725, "url": "https://www.iryou.teikyouseido.mhlw.go.jp/znk-web/juminkanja/S2430/initialize?prefCd=30&kikanCd=2213100000&kikanKbn=2", "url2": "https://hiramatsu-cl.jp", "内容": "ひらまつクリニック【2:診療所】【診療科目:内科_呼吸器内科_アレルギー科】和歌山県岩出市高塚５３番４" }, "geometry": { "type": "Point", "coordinates": [ 135.320725, 34.254469 ] } },
{ "type": "Feature", "properties": { "ID": 3022213200000, "正式名称": "ふるさと内科クリニック", "機関区分": 2, "都道府県コード": 30, "市区町村コード": 209, "所在地": "和歌山県岩出市西安上６２－１", "緯度": 34.277499, "経度": 135.291056, "url": "https://www.iryou.teikyouseido.mhlw.go.jp/znk-web/juminkanja/S2430/initialize?prefCd=30&kikanCd=2213200000&kikanKbn=2", "url2": "http://furusato-naika.com", "内容": "ふるさと内科クリニック【2:診療所】【診療科目:内科_糖尿病・代謝内科_呼吸器内科_循環器内科_老年内科_小児科_アレルギー科】和歌山県岩出市西安上６２－１" }, "geometry": { "type": "Point", "coordinates": [ 135.291056, 34.277499 ] } },
{ "type": "Feature", "properties": { "ID": 3022214600000, "正式名称": "医療法人涼悠会　トメモリ眼科・形成外科　いわで宮本クリニック", "機関区分": 2, "都道府県コード": 30, "市区町村コード": 209, "所在地": "和歌山県岩出市中黒１番地の３", "緯度": 34.2673, "経度": 135.295123, "url": "https://www.iryou.teikyouseido.mhlw.go.jp/znk-web/juminkanja/S2430/initialize?prefCd=30&kikanCd=2214600000&kikanKbn=2", "url2": "http://www.tomemori-ganka.com/iwade/", "内容": "医療法人涼悠会　トメモリ眼科・形成外科　いわで宮本クリニック【2:診療所】【診療科目:形成外科_美容外科_眼科】和歌山県岩出市中黒１番地の３" }, "geometry": { "type": "Point", "coordinates": [ 135.295123, 34.2673 ] } },
{ "type": "Feature", "properties": { "ID": 3022215200000, "正式名称": "坂田整形外科", "機関区分": 2, "都道府県コード": 30, "市区町村コード": 206, "所在地": "和歌山県田辺市上の山１丁目１３番２２号", "緯度": 33.738164, "経度": 135.365329, "url": "https://www.iryou.teikyouseido.mhlw.go.jp/znk-web/juminkanja/S2430/initialize?prefCd=30&kikanCd=2215200000&kikanKbn=2", "url2": "http://sakata-ortho.com/index.html", "内容": "坂田整形外科【2:診療所】【診療科目:内科_整形外科_リハビリテーション科】和歌山県田辺市上の山１丁目１３番２２号" }, "geometry": { "type": "Point", "coordinates": [ 135.365329, 33.738164 ] } },
{ "type": "Feature", "properties": { "ID": 3022216300000, "正式名称": "皮フ科・アレルギー科　吉益クリニック", "機関区分": 2, "都道府県コード": 30, "市区町村コード": 204, "所在地": "和歌山県有田市糸我町西５５９－１", "緯度": 34.07393, "経度": 135.170357, "url": "https://www.iryou.teikyouseido.mhlw.go.jp/znk-web/juminkanja/S2430/initialize?prefCd=30&kikanCd=2216300000&kikanKbn=2", "url2": "http://yoshimasu-clinic.com", "内容": "皮フ科・アレルギー科　吉益クリニック【2:診療所】【診療科目:皮膚科_アレルギー科】和歌山県有田市糸我町西５５９－１" }, "geometry": { "type": "Point", "coordinates": [ 135.170357, 34.07393 ] } },
{ "type": "Feature", "properties": { "ID": 3022216900000, "正式名称": "和歌山駅前つじもと内科・呼吸器内科アレルギー科", "機関区分": 2, "都道府県コード": 30, "市区町村コード": 201, "所在地": "和歌山県和歌山市黒田９５－５", "緯度": 34.234108, "経度": 135.191904, "url": "https://www.iryou.teikyouseido.mhlw.go.jp/znk-web/juminkanja/S2430/initialize?prefCd=30&kikanCd=2216900000&kikanKbn=2", "url2": "https://wakayama-naika.com/", "内容": "和歌山駅前つじもと内科・呼吸器内科アレルギー科【2:診療所】【診療科目:内科_呼吸器内科_アレルギー科】和歌山県和歌山市黒田９５－５" }, "geometry": { "type": "Point", "coordinates": [ 135.191904, 34.234108 ] } },
{ "type": "Feature", "properties": { "ID": 3022218400000, "正式名称": "なかじま耳鼻咽喉科みのりクリニック", "機関区分": 2, "都道府県コード": 30, "市区町村コード": 202, "所在地": "和歌山県海南市船尾２１５－３", "緯度": 34.15906, "経度": 135.203573, "url": "https://www.iryou.teikyouseido.mhlw.go.jp/znk-web/juminkanja/S2430/initialize?prefCd=30&kikanCd=2218400000&kikanKbn=2", "url2": "https://nakajima-minoriclinic.com", "内容": "なかじま耳鼻咽喉科みのりクリニック【2:診療所】【診療科目:耳鼻いんこう科_アレルギー科】和歌山県海南市船尾２１５－３" }, "geometry": { "type": "Point", "coordinates": [ 135.203573, 34.15906 ] } },
{ "type": "Feature", "properties": { "ID": 3022219400000, "正式名称": "よこい耳鼻咽喉科", "機関区分": 2, "都道府県コード": 30, "市区町村コード": 201, "所在地": "和歌山県和歌山市冬野１４６６－８", "緯度": 34.175673, "経度": 135.213098, "url": "https://www.iryou.teikyouseido.mhlw.go.jp/znk-web/juminkanja/S2430/initialize?prefCd=30&kikanCd=2219400000&kikanKbn=2", "url2": "https://yokoi-ent.com", "内容": "よこい耳鼻咽喉科【2:診療所】【診療科目:耳鼻いんこう科_アレルギー科】和歌山県和歌山市冬野１４６６－８" }, "geometry": { "type": "Point", "coordinates": [ 135.213098, 34.175673 ] } },
{ "type": "Feature", "properties": { "ID": 3022220600000, "正式名称": "あきづクリニック", "機関区分": 2, "都道府県コード": 30, "市区町村コード": 206, "所在地": "和歌山県田辺市秋津町１８９－１６", "緯度": 33.745664, "経度": 135.392715, "url": "https://www.iryou.teikyouseido.mhlw.go.jp/znk-web/juminkanja/S2430/initialize?prefCd=30&kikanCd=2220600000&kikanKbn=2", "url2": "https://www.akizu-clinic.com", "内容": "あきづクリニック【2:診療所】【診療科目:内科_神経内科_リハビリテーション科】和歌山県田辺市秋津町１８９－１６" }, "geometry": { "type": "Point", "coordinates": [ 135.392715, 33.745664 ] } },
{ "type": "Feature", "properties": { "ID": 3022221000000, "正式名称": "みらいビューティークリニック和歌山", "機関区分": 2, "都道府県コード": 30, "市区町村コード": 201, "所在地": "和歌山県和歌山市ふじと台６番地　ふじと台ステーションビルエスタシオン４階", "緯度": 34.276296, "経度": 135.147156, "url": "https://www.iryou.teikyouseido.mhlw.go.jp/znk-web/juminkanja/S2430/initialize?prefCd=30&kikanCd=2221000000&kikanKbn=2", "url2": "https://mirai-beauty-clinic.jp", "内容": "みらいビューティークリニック和歌山【2:診療所】【診療科目:美容外科_美容皮膚科】和歌山県和歌山市ふじと台６番地　ふじと台ステーションビルエスタシオン４階" }, "geometry": { "type": "Point", "coordinates": [ 135.147156, 34.276296 ] } },
{ "type": "Feature", "properties": { "ID": 3022221800000, "正式名称": "仲河眼科医院", "機関区分": 2, "都道府県コード": 30, "市区町村コード": 201, "所在地": "和歌山県和歌山市黒田１３８－１", "緯度": 34.235413, "経度": 135.193959, "url": "https://www.iryou.teikyouseido.mhlw.go.jp/znk-web/juminkanja/S2430/initialize?prefCd=30&kikanCd=2221800000&kikanKbn=2", "url2": "https://nakagawa-eyeclinic.com/", "内容": "仲河眼科医院【2:診療所】【診療科目:眼科】和歌山県和歌山市黒田１３８－１" }, "geometry": { "type": "Point", "coordinates": [ 135.193959, 34.235413 ] } },
{ "type": "Feature", "properties": { "ID": 3022223900000, "正式名称": "レディースクリニック和", "機関区分": 2, "都道府県コード": 30, "市区町村コード": 209, "所在地": "和歌山県岩出市中黒１－３", "緯度": 34.266998, "経度": 135.295057, "url": "https://www.iryou.teikyouseido.mhlw.go.jp/znk-web/juminkanja/S2430/initialize?prefCd=30&kikanCd=2223900000&kikanKbn=2", "url2": "https://ladies-clinic-nagomi.com", "内容": "レディースクリニック和【2:診療所】【診療科目:産婦人科_婦人科】和歌山県岩出市中黒１－３" }, "geometry": { "type": "Point", "coordinates": [ 135.295057, 34.266998 ] } },
{ "type": "Feature", "properties": { "ID": 3022224300000, "正式名称": "医療法人　玉置医院", "機関区分": 2, "都道府県コード": 30, "市区町村コード": 206, "所在地": "和歌山県田辺市芳養松原一丁目１２番１号", "緯度": 33.746579, "経度": 135.355274, "url": "https://www.iryou.teikyouseido.mhlw.go.jp/znk-web/juminkanja/S2430/initialize?prefCd=30&kikanCd=2224300000&kikanKbn=2", "url2": "https://tamaki-iin.com/", "内容": "医療法人　玉置医院【2:診療所】【診療科目:内科_呼吸器内科】和歌山県田辺市芳養松原一丁目１２番１号" }, "geometry": { "type": "Point", "coordinates": [ 135.355274, 33.746579 ] } },
{ "type": "Feature", "properties": { "ID": 3022224900000, "正式名称": "松本内科クリニック", "機関区分": 2, "都道府県コード": 30, "市区町村コード": 201, "所在地": "和歌山県和歌山市西高松１丁目８番１０号", "緯度": 34.209443, "経度": 135.17049, "url": "https://www.iryou.teikyouseido.mhlw.go.jp/znk-web/juminkanja/S2430/initialize?prefCd=30&kikanCd=2224900000&kikanKbn=2", "url2": "matsumoto-medical-clinic.com", "内容": "松本内科クリニック【2:診療所】【診療科目:内科_糖尿病・代謝内科_循環器内科】和歌山県和歌山市西高松１丁目８番１０号" }, "geometry": { "type": "Point", "coordinates": [ 135.17049, 34.209443 ] } },
{ "type": "Feature", "properties": { "ID": 3022225400000, "正式名称": "ホームケアクリニック　城北の杜", "機関区分": 2, "都道府県コード": 30, "市区町村コード": 201, "所在地": "和歌山県和歌山市万町７番地　サピリア石倉３階３Ｆ号室", "緯度": 34.23394, "経度": 135.172906, "url": "https://www.iryou.teikyouseido.mhlw.go.jp/znk-web/juminkanja/S2430/initialize?prefCd=30&kikanCd=2225400000&kikanKbn=2", "url2": "hcc-jnm.jp", "内容": "ホームケアクリニック　城北の杜【2:診療所】【診療科目:内科_緩和ケア内科】和歌山県和歌山市万町７番地　サピリア石倉３階３Ｆ号室" }, "geometry": { "type": "Point", "coordinates": [ 135.172906, 34.23394 ] } },
{ "type": "Feature", "properties": { "ID": 3022226500000, "正式名称": "和歌山ブレストクリニック", "機関区分": 2, "都道府県コード": 30, "市区町村コード": 201, "所在地": "和歌山県和歌山市東蔵前丁３９　キーノ和歌山３階", "緯度": 34.236607, "経度": 135.167267, "url": "https://www.iryou.teikyouseido.mhlw.go.jp/znk-web/juminkanja/S2430/initialize?prefCd=30&kikanCd=2226500000&kikanKbn=2", "url2": "https://www.wakayama-bc.com/", "内容": "和歌山ブレストクリニック【2:診療所】【診療科目:乳腺外科】和歌山県和歌山市東蔵前丁３９　キーノ和歌山３階" }, "geometry": { "type": "Point", "coordinates": [ 135.167267, 34.236607 ] } },
{ "type": "Feature", "properties": { "ID": 3022226600000, "正式名称": "よろずまちクリニック", "機関区分": 2, "都道府県コード": 30, "市区町村コード": 201, "所在地": "和歌山県和歌山市万町７番地　サピリア石倉２Ｆ", "緯度": 34.23394, "経度": 135.172906, "url": "https://www.iryou.teikyouseido.mhlw.go.jp/znk-web/juminkanja/S2430/initialize?prefCd=30&kikanCd=2226600000&kikanKbn=2", "url2": "https://www.yorozumachi-cl.com", "内容": "よろずまちクリニック【2:診療所】【診療科目:精神科_心療内科】和歌山県和歌山市万町７番地　サピリア石倉２Ｆ" }, "geometry": { "type": "Point", "coordinates": [ 135.172906, 34.23394 ] } },
{ "type": "Feature", "properties": { "ID": 3022227000000, "正式名称": "みね内科クリニック", "機関区分": 2, "都道府県コード": 30, "市区町村コード": 207, "所在地": "和歌山県新宮市緑ケ丘２丁目２－５５", "緯度": 33.721593, "経度": 135.989727, "url": "https://www.iryou.teikyouseido.mhlw.go.jp/znk-web/juminkanja/S2430/initialize?prefCd=30&kikanCd=2227000000&kikanKbn=2", "url2": "https://mine-naika.jp/", "内容": "みね内科クリニック【2:診療所】【診療科目:内科_消化器内科】和歌山県新宮市緑ケ丘２丁目２－５５" }, "geometry": { "type": "Point", "coordinates": [ 135.989727, 33.721593 ] } },
{ "type": "Feature", "properties": { "ID": 3022227400000, "正式名称": "西岡クリニック", "機関区分": 2, "都道府県コード": 30, "市区町村コード": 390, "所在地": "和歌山県日高郡印南町大字印南２２７５－１６", "緯度": 33.815736, "経度": 135.220615, "url": "https://www.iryou.teikyouseido.mhlw.go.jp/znk-web/juminkanja/S2430/initialize?prefCd=30&kikanCd=2227400000&kikanKbn=2", "url2": "https://www.nishioka-hp.net/cont7/main.html", "内容": "西岡クリニック【2:診療所】【診療科目:内科_外科_整形外科】和歌山県日高郡印南町大字印南２２７５－１６" }, "geometry": { "type": "Point", "coordinates": [ 135.220615, 33.815736 ] } },
{ "type": "Feature", "properties": { "ID": 3022227500000, "正式名称": "かわしま医院", "機関区分": 2, "都道府県コード": 30, "市区町村コード": 209, "所在地": "和歌山県岩出市高塚１８８－１　スーパーエバグリーンプラス岩出高塚店２Ｆ", "緯度": 34.261579, "経度": 135.324058, "url": "https://www.iryou.teikyouseido.mhlw.go.jp/znk-web/juminkanja/S2430/initialize?prefCd=30&kikanCd=2227500000&kikanKbn=2", "url2": "https://kawashima-iin2020.com/", "内容": "かわしま医院【2:診療所】【診療科目:内科_糖尿病・代謝内科_消化器内科】和歌山県岩出市高塚１８８－１　スーパーエバグリーンプラス岩出高塚店２Ｆ" }, "geometry": { "type": "Point", "coordinates": [ 135.324058, 34.261579 ] } },
{ "type": "Feature", "properties": { "ID": 3022228000000, "正式名称": "三谷医院", "機関区分": 2, "都道府県コード": 30, "市区町村コード": 401, "所在地": "和歌山県西牟婁郡白浜町１３９６番地５", "緯度": 33.681975, "経度": 135.347083, "url": "https://www.iryou.teikyouseido.mhlw.go.jp/znk-web/juminkanja/S2430/initialize?prefCd=30&kikanCd=2228000000&kikanKbn=2", "url2": "https://www.mitani-clinic-shirahama.com", "内容": "三谷医院【2:診療所】【診療科目:内科_消化器内科_胃腸内科_外科】和歌山県西牟婁郡白浜町１３９６番地５" }, "geometry": { "type": "Point", "coordinates": [ 135.347083, 33.681975 ] } },
{ "type": "Feature", "properties": { "ID": 3022228700000, "正式名称": "エミナルクリニック和歌山院", "機関区分": 2, "都道府県コード": 30, "市区町村コード": 201, "所在地": "和歌山県和歌山市美園町５－１－８　山榮ビル２階", "緯度": 34.231608, "経度": 135.190237, "url": "https://www.iryou.teikyouseido.mhlw.go.jp/znk-web/juminkanja/S2430/initialize?prefCd=30&kikanCd=2228700000&kikanKbn=2", "url2": null, "内容": "エミナルクリニック和歌山院【2:診療所】【診療科目:美容皮膚科】和歌山県和歌山市美園町５－１－８　山榮ビル２階" }, "geometry": { "type": "Point", "coordinates": [ 135.190237, 34.231608 ] } },
{ "type": "Feature", "properties": { "ID": 3022230500000, "正式名称": "ながおクリニック", "機関区分": 2, "都道府県コード": 30, "市区町村コード": 205, "所在地": "和歌山県御坊市湯川町小松原５３１－１", "緯度": 33.905003, "経度": 135.153644, "url": "https://www.iryou.teikyouseido.mhlw.go.jp/znk-web/juminkanja/S2430/initialize?prefCd=30&kikanCd=2230500000&kikanKbn=2", "url2": "https://nagao-clinic.jp", "内容": "ながおクリニック【2:診療所】【診療科目:内科_糖尿病・代謝内科_外科】和歌山県御坊市湯川町小松原５３１－１" }, "geometry": { "type": "Point", "coordinates": [ 135.153644, 33.905003 ] } },
{ "type": "Feature", "properties": { "ID": 3022231100000, "正式名称": "ありた内科・循環器内科クリニック", "機関区分": 2, "都道府県コード": 30, "市区町村コード": 201, "所在地": "和歌山県和歌山市梶取１番地２６", "緯度": 34.253799, "経度": 135.1636, "url": "https://www.iryou.teikyouseido.mhlw.go.jp/znk-web/juminkanja/S2430/initialize?prefCd=30&kikanCd=2231100000&kikanKbn=2", "url2": "https://arita-clinic.com", "内容": "ありた内科・循環器内科クリニック【2:診療所】【診療科目:内科_循環器内科】和歌山県和歌山市梶取１番地２６" }, "geometry": { "type": "Point", "coordinates": [ 135.1636, 34.253799 ] } },
{ "type": "Feature", "properties": { "ID": 3022231300000, "正式名称": "内科・生活習慣病　くらしクリニック", "機関区分": 2, "都道府県コード": 30, "市区町村コード": 201, "所在地": "和歌山県和歌山市東蔵前丁３９　キーノ和歌山３階", "緯度": 34.236357, "経度": 135.166767, "url": "https://www.iryou.teikyouseido.mhlw.go.jp/znk-web/juminkanja/S2430/initialize?prefCd=30&kikanCd=2231300000&kikanKbn=2", "url2": "http://kurashiclinic.jp", "内容": "内科・生活習慣病　くらしクリニック【2:診療所】【診療科目:内科_糖尿病内科_内分泌内科】和歌山県和歌山市東蔵前丁３９　キーノ和歌山３階" }, "geometry": { "type": "Point", "coordinates": [ 135.166767, 34.236357 ] } },
{ "type": "Feature", "properties": { "ID": 3022232400000, "正式名称": "大林クリニック", "機関区分": 2, "都道府県コード": 30, "市区町村コード": 366, "所在地": "和歌山県有田郡有田川町天満５６８－２", "緯度": 34.062209, "経度": 135.2038, "url": "https://www.iryou.teikyouseido.mhlw.go.jp/znk-web/juminkanja/S2430/initialize?prefCd=30&kikanCd=2232400000&kikanKbn=2", "url2": "https://oobayashi-clinic.com/", "内容": "大林クリニック【2:診療所】【診療科目:内科_呼吸器内科】和歌山県有田郡有田川町天満５６８－２" }, "geometry": { "type": "Point", "coordinates": [ 135.2038, 34.062209 ] } },
{ "type": "Feature", "properties": { "ID": 3022236600000, "正式名称": "こかわリハビリクリニック", "機関区分": 2, "都道府県コード": 30, "市区町村コード": 208, "所在地": "和歌山県紀の川市粉河４５１－９", "緯度": 34.269052, "経度": 135.408995, "url": "https://www.iryou.teikyouseido.mhlw.go.jp/znk-web/juminkanja/S2430/initialize?prefCd=30&kikanCd=2236600000&kikanKbn=2", "url2": null, "内容": "こかわリハビリクリニック【2:診療所】【診療科目:脳神経外科_整形外科_リハビリテーション科】和歌山県紀の川市粉河４５１－９" }, "geometry": { "type": "Point", "coordinates": [ 135.408995, 34.269052 ] } },
{ "type": "Feature", "properties": { "ID": 3022237300000, "正式名称": "みやもと眼科医院", "機関区分": 2, "都道府県コード": 30, "市区町村コード": 201, "所在地": "和歌山県和歌山市紀三井寺６７０－１", "緯度": 34.183761, "経度": 135.186679, "url": "https://www.iryou.teikyouseido.mhlw.go.jp/znk-web/juminkanja/S2430/initialize?prefCd=30&kikanCd=2237300000&kikanKbn=2", "url2": "http://www.miyamotogankaiin.com", "内容": "みやもと眼科医院【2:診療所】【診療科目:眼科】和歌山県和歌山市紀三井寺６７０－１" }, "geometry": { "type": "Point", "coordinates": [ 135.186679, 34.183761 ] } },
{ "type": "Feature", "properties": { "ID": 3022237400000, "正式名称": "トータルケア　まきクリニック", "機関区分": 2, "都道府県コード": 30, "市区町村コード": 201, "所在地": "和歌山県和歌山市木広町５丁目１－５", "緯度": 34.227413, "経度": 135.190238, "url": "https://www.iryou.teikyouseido.mhlw.go.jp/znk-web/juminkanja/S2430/initialize?prefCd=30&kikanCd=2237400000&kikanKbn=2", "url2": "https://tc-makiclinic.com", "内容": "トータルケア　まきクリニック【2:診療所】【診療科目:内科】和歌山県和歌山市木広町５丁目１－５" }, "geometry": { "type": "Point", "coordinates": [ 135.190238, 34.227413 ] } },
{ "type": "Feature", "properties": { "ID": 3022241900000, "正式名称": "坂本内科", "機関区分": 2, "都道府県コード": 30, "市区町村コード": 201, "所在地": "和歌山県和歌山市今福４－２－２０", "緯度": 34.21211, "経度": 135.162685, "url": "https://www.iryou.teikyouseido.mhlw.go.jp/znk-web/juminkanja/S2430/initialize?prefCd=30&kikanCd=2241900000&kikanKbn=2", "url2": null, "内容": "坂本内科【2:診療所】【診療科目:内科_消化器内科_放射線科】和歌山県和歌山市今福４－２－２０" }, "geometry": { "type": "Point", "coordinates": [ 135.162685, 34.21211 ] } },
{ "type": "Feature", "properties": { "ID": 3022242300000, "正式名称": "楠山整形外科", "機関区分": 2, "都道府県コード": 30, "市区町村コード": 382, "所在地": "和歌山県日高郡日高町荊木８", "緯度": 33.925056, "経度": 135.144449, "url": "https://www.iryou.teikyouseido.mhlw.go.jp/znk-web/juminkanja/S2430/initialize?prefCd=30&kikanCd=2242300000&kikanKbn=2", "url2": "https://kusuyama-seikei.jp/", "内容": "楠山整形外科【2:診療所】【診療科目:整形外科_リハビリテーション科】和歌山県日高郡日高町荊木８" }, "geometry": { "type": "Point", "coordinates": [ 135.144449, 33.925056 ] } },
{ "type": "Feature", "properties": { "ID": 3022243000000, "正式名称": "大日山荘診療所", "機関区分": 2, "都道府県コード": 30, "市区町村コード": 201, "所在地": "和歌山県和歌山市平尾２番地１", "緯度": 34.207167, "経度": 135.244817, "url": "https://www.iryou.teikyouseido.mhlw.go.jp/znk-web/juminkanja/S2430/initialize?prefCd=30&kikanCd=2243000000&kikanKbn=2", "url2": null, "内容": "大日山荘診療所【2:診療所】【診療科目:内科_外科】和歌山県和歌山市平尾２番地１" }, "geometry": { "type": "Point", "coordinates": [ 135.244817, 34.207167 ] } },
{ "type": "Feature", "properties": { "ID": 3022243200000, "正式名称": "みきた皮ふ科", "機関区分": 2, "都道府県コード": 30, "市区町村コード": 201, "所在地": "和歌山県和歌山市秋月２７５番１", "緯度": 34.230255, "経度": 135.203717, "url": "https://www.iryou.teikyouseido.mhlw.go.jp/znk-web/juminkanja/S2430/initialize?prefCd=30&kikanCd=2243200000&kikanKbn=2", "url2": "https://mikita-hifuka.com", "内容": "みきた皮ふ科【2:診療所】【診療科目:皮膚科】和歌山県和歌山市秋月２７５番１" }, "geometry": { "type": "Point", "coordinates": [ 135.203717, 34.230255 ] } },
{ "type": "Feature", "properties": { "ID": 3022245100000, "正式名称": "田辺市国民健康保険　上芳養診療所", "機関区分": 2, "都道府県コード": 30, "市区町村コード": 206, "所在地": "和歌山県田辺市上芳養３１６５番地", "緯度": 33.801407, "経度": 135.37402, "url": "https://www.iryou.teikyouseido.mhlw.go.jp/znk-web/juminkanja/S2430/initialize?prefCd=30&kikanCd=2245100000&kikanKbn=2", "url2": null, "内容": "田辺市国民健康保険　上芳養診療所【2:診療所】【診療科目:内科】和歌山県田辺市上芳養３１６５番地" }, "geometry": { "type": "Point", "coordinates": [ 135.37402, 33.801407 ] } },
{ "type": "Feature", "properties": { "ID": 3022246700000, "正式名称": "南紀の台クリニック", "機関区分": 2, "都道府県コード": 30, "市区町村コード": 404, "所在地": "和歌山県西牟婁郡上富田町南紀の台７２番地３号", "緯度": 33.695391, "経度": 135.408688, "url": "https://www.iryou.teikyouseido.mhlw.go.jp/znk-web/juminkanja/S2430/initialize?prefCd=30&kikanCd=2246700000&kikanKbn=2", "url2": "http://medi-wel.jp/medical/nankinodai.html", "内容": "南紀の台クリニック【2:診療所】【診療科目:内科_腎臓内科_人工透析内科】和歌山県西牟婁郡上富田町南紀の台７２番地３号" }, "geometry": { "type": "Point", "coordinates": [ 135.408688, 33.695391 ] } },
{ "type": "Feature", "properties": { "ID": 3022247400000, "正式名称": "谷ヒフ科", "機関区分": 2, "都道府県コード": 30, "市区町村コード": 201, "所在地": "和歌山県和歌山市和歌浦東２丁目９番４５号", "緯度": 34.192863, "経度": 135.176517, "url": "https://www.iryou.teikyouseido.mhlw.go.jp/znk-web/juminkanja/S2430/initialize?prefCd=30&kikanCd=2247400000&kikanKbn=2", "url2": null, "内容": "谷ヒフ科【2:診療所】【診療科目:皮膚科_アレルギー科】和歌山県和歌山市和歌浦東２丁目９番４５号" }, "geometry": { "type": "Point", "coordinates": [ 135.176517, 34.192863 ] } },
{ "type": "Feature", "properties": { "ID": 3022248000000, "正式名称": "医療法人みんなのこどもアレルギークリニック", "機関区分": 2, "都道府県コード": 30, "市区町村コード": 201, "所在地": "和歌山県和歌山市友田町四丁目１３０番地　Ａタワークリニックモール２階", "緯度": 34.233191, "経度": 135.18882, "url": "https://www.iryou.teikyouseido.mhlw.go.jp/znk-web/juminkanja/S2430/initialize?prefCd=30&kikanCd=2248000000&kikanKbn=2", "url2": "https://kodomo-allergy.clinic/", "内容": "医療法人みんなのこどもアレルギークリニック【2:診療所】【診療科目:小児科_アレルギー科】和歌山県和歌山市友田町四丁目１３０番地　Ａタワークリニックモール２階" }, "geometry": { "type": "Point", "coordinates": [ 135.18882, 34.233191 ] } },
{ "type": "Feature", "properties": { "ID": 3022248100000, "正式名称": "和歌山駅前たまき乳腺外科クリニック", "機関区分": 2, "都道府県コード": 30, "市区町村コード": 201, "所在地": "和歌山県和歌山市友田町四丁目１３０番地　Ａタワー２０６号", "緯度": 34.233191, "経度": 135.18882, "url": "https://www.iryou.teikyouseido.mhlw.go.jp/znk-web/juminkanja/S2430/initialize?prefCd=30&kikanCd=2248100000&kikanKbn=2", "url2": "https://tamaki-breastcl.jp/", "内容": "和歌山駅前たまき乳腺外科クリニック【2:診療所】【診療科目:内科_外科_乳腺外科】和歌山県和歌山市友田町四丁目１３０番地　Ａタワー２０６号" }, "geometry": { "type": "Point", "coordinates": [ 135.18882, 34.233191 ] } },
{ "type": "Feature", "properties": { "ID": 3022248200000, "正式名称": "斎藤耳鼻咽喉科", "機関区分": 2, "都道府県コード": 30, "市区町村コード": 201, "所在地": "和歌山県和歌山市古屋９５－１", "緯度": 34.255443, "経度": 135.119765, "url": "https://www.iryou.teikyouseido.mhlw.go.jp/znk-web/juminkanja/S2430/initialize?prefCd=30&kikanCd=2248200000&kikanKbn=2", "url2": "https://saito-k-jibika.com", "内容": "斎藤耳鼻咽喉科【2:診療所】【診療科目:耳鼻いんこう科】和歌山県和歌山市古屋９５－１" }, "geometry": { "type": "Point", "coordinates": [ 135.119765, 34.255443 ] } },
{ "type": "Feature", "properties": { "ID": 3022249000000, "正式名称": "那賀休日急患診療所", "機関区分": 2, "都道府県コード": 30, "市区町村コード": 208, "所在地": "和歌山県紀の川市東大井３６６番地１", "緯度": 34.26922, "経度": 135.364498, "url": "https://www.iryou.teikyouseido.mhlw.go.jp/znk-web/juminkanja/S2430/initialize?prefCd=30&kikanCd=2249000000&kikanKbn=2", "url2": "http://www.naga.wakayama.med.or.jp/", "内容": "那賀休日急患診療所【2:診療所】【診療科目:内科_外科_小児科】和歌山県紀の川市東大井３６６番地１" }, "geometry": { "type": "Point", "coordinates": [ 135.364498, 34.26922 ] } },
{ "type": "Feature", "properties": { "ID": 3022249900000, "正式名称": "ほんだ内科クリニック", "機関区分": 2, "都道府県コード": 30, "市区町村コード": 201, "所在地": "和歌山県和歌山市福島８８－５", "緯度": 34.250216, "経度": 135.160711, "url": "https://www.iryou.teikyouseido.mhlw.go.jp/znk-web/juminkanja/S2430/initialize?prefCd=30&kikanCd=2249900000&kikanKbn=2", "url2": "https://honda-naika.jp", "内容": "ほんだ内科クリニック【2:診療所】【診療科目:内科_呼吸器内科_漢方内科_老年内科_アレルギー科】和歌山県和歌山市福島８８－５" }, "geometry": { "type": "Point", "coordinates": [ 135.160711, 34.250216 ] } },
{ "type": "Feature", "properties": { "ID": 3022252400000, "正式名称": "医療法人心月会　つきやま眼科クリニック", "機関区分": 2, "都道府県コード": 30, "市区町村コード": 203, "所在地": "和歌山県橋本市古佐田１－５－５", "緯度": 34.317467, "経度": 135.613781, "url": "https://www.iryou.teikyouseido.mhlw.go.jp/znk-web/juminkanja/S2430/initialize?prefCd=30&kikanCd=2252400000&kikanKbn=2", "url2": "https://tsukiyama-eye.jp", "内容": "医療法人心月会　つきやま眼科クリニック【2:診療所】【診療科目:眼科】和歌山県橋本市古佐田１－５－５" }, "geometry": { "type": "Point", "coordinates": [ 135.613781, 34.317467 ] } },
{ "type": "Feature", "properties": { "ID": 3022254800000, "正式名称": "ふじ戸台レディースクリニック", "機関区分": 2, "都道府県コード": 30, "市区町村コード": 201, "所在地": "和歌山県和歌山市ふじと台６番地　ふじと台ステーションビルエスタシオン東棟４階　　４０７号室", "緯度": 34.276414, "経度": 135.147484, "url": "https://www.iryou.teikyouseido.mhlw.go.jp/znk-web/juminkanja/S2430/initialize?prefCd=30&kikanCd=2254800000&kikanKbn=2", "url2": "https://fujitodailc.net/", "内容": "ふじ戸台レディースクリニック【2:診療所】【診療科目:産婦人科_産科_婦人科】和歌山県和歌山市ふじと台６番地　ふじと台ステーションビルエスタシオン東棟４階　　４０７号室" }, "geometry": { "type": "Point", "coordinates": [ 135.147484, 34.276414 ] } },
{ "type": "Feature", "properties": { "ID": 3022257300000, "正式名称": "ＫＡＹ　ＣＬＩＮＩＣ", "機関区分": 2, "都道府県コード": 30, "市区町村コード": 201, "所在地": "和歌山県和歌山市小雑賀三丁目３番１４号", "緯度": 34.212971, "経度": 135.185489, "url": "https://www.iryou.teikyouseido.mhlw.go.jp/znk-web/juminkanja/S2430/initialize?prefCd=30&kikanCd=2257300000&kikanKbn=2", "url2": "https://kay-cl.com", "内容": "ＫＡＹ　ＣＬＩＮＩＣ【2:診療所】【診療科目:内科_外科_肛門外科_産婦人科_産科_婦人科】和歌山県和歌山市小雑賀三丁目３番１４号" }, "geometry": { "type": "Point", "coordinates": [ 135.185489, 34.212971 ] } },
{ "type": "Feature", "properties": { "ID": 3022257500000, "正式名称": "岩出こころの診療所", "機関区分": 2, "都道府県コード": 30, "市区町村コード": 209, "所在地": "和歌山県岩出市大町１６０番１０", "緯度": 34.257552, "経度": 135.321197, "url": "https://www.iryou.teikyouseido.mhlw.go.jp/znk-web/juminkanja/S2430/initialize?prefCd=30&kikanCd=2257500000&kikanKbn=2", "url2": "https://www.iwade-kokoro.jp/", "内容": "岩出こころの診療所【2:診療所】【診療科目:精神科_心療内科_老年精神科】和歌山県岩出市大町１６０番１０" }, "geometry": { "type": "Point", "coordinates": [ 135.321197, 34.257552 ] } },
{ "type": "Feature", "properties": { "ID": 3022258500000, "正式名称": "土井皮フ科", "機関区分": 2, "都道府県コード": 30, "市区町村コード": 206, "所在地": "和歌山県田辺市中万呂３２－１", "緯度": 33.738055, "経度": 135.400712, "url": "https://www.iryou.teikyouseido.mhlw.go.jp/znk-web/juminkanja/S2430/initialize?prefCd=30&kikanCd=2258500000&kikanKbn=2", "url2": "https://doihifu.jp/", "内容": "土井皮フ科【2:診療所】【診療科目:皮膚科】和歌山県田辺市中万呂３２－１" }, "geometry": { "type": "Point", "coordinates": [ 135.400712, 33.738055 ] } },
{ "type": "Feature", "properties": { "ID": 3022259300000, "正式名称": "にしざわ泌尿器科クリニック", "機関区分": 2, "都道府県コード": 30, "市区町村コード": 209, "所在地": "和歌山県岩出市中黒２４３‐２", "緯度": 34.270501, "経度": 135.294578, "url": "https://www.iryou.teikyouseido.mhlw.go.jp/znk-web/juminkanja/S2430/initialize?prefCd=30&kikanCd=2259300000&kikanKbn=2", "url2": "https://nishizawa-urology.com/", "内容": "にしざわ泌尿器科クリニック【2:診療所】【診療科目:外科_泌尿器科】和歌山県岩出市中黒２４３‐２" }, "geometry": { "type": "Point", "coordinates": [ 135.294578, 34.270501 ] } },
{ "type": "Feature", "properties": { "ID": 3022259600000, "正式名称": "わかやま友田町クリニック", "機関区分": 2, "都道府県コード": 30, "市区町村コード": 201, "所在地": "和歌山県和歌山市友田町四丁目１３０番地　Ａｔｏｗｅｒ２階２０７－２号室", "緯度": 34.23317, "経度": 135.188833, "url": "https://www.iryou.teikyouseido.mhlw.go.jp/znk-web/juminkanja/S2430/initialize?prefCd=30&kikanCd=2259600000&kikanKbn=2", "url2": "https://wakayama-tomodacho.com/", "内容": "わかやま友田町クリニック【2:診療所】【診療科目:神経内科_精神科_心療内科】和歌山県和歌山市友田町四丁目１３０番地　Ａｔｏｗｅｒ２階２０７－２号室" }, "geometry": { "type": "Point", "coordinates": [ 135.188833, 34.23317 ] } },
{ "type": "Feature", "properties": { "ID": 3022259700000, "正式名称": "みゆき内科クリニック", "機関区分": 2, "都道府県コード": 30, "市区町村コード": 201, "所在地": "和歌山県和歌山市西庄５５９－２１", "緯度": 34.260634, "経度": 135.105097, "url": "https://www.iryou.teikyouseido.mhlw.go.jp/znk-web/juminkanja/S2430/initialize?prefCd=30&kikanCd=2259700000&kikanKbn=2", "url2": "https://miyuki-naika.jp/", "内容": "みゆき内科クリニック【2:診療所】【診療科目:内科_糖尿病内科_内分泌内科_消化器内科】和歌山県和歌山市西庄５５９－２１" }, "geometry": { "type": "Point", "coordinates": [ 135.105097, 34.260634 ] } },
{ "type": "Feature", "properties": { "ID": 3022259800000, "正式名称": "湘南美容クリニック和歌山院", "機関区分": 2, "都道府県コード": 30, "市区町村コード": 201, "所在地": "和歌山県和歌山市友田町五丁目１８番地　和歌山ミオ北館２階", "緯度": 34.232742, "経度": 135.190054, "url": "https://www.iryou.teikyouseido.mhlw.go.jp/znk-web/juminkanja/S2430/initialize?prefCd=30&kikanCd=2259800000&kikanKbn=2", "url2": "https://www.s-b-c.net/clinic/branch/wakayama/", "内容": "湘南美容クリニック和歌山院【2:診療所】【診療科目:美容外科_美容皮膚科】和歌山県和歌山市友田町五丁目１８番地　和歌山ミオ北館２階" }, "geometry": { "type": "Point", "coordinates": [ 135.190054, 34.232742 ] } },
{ "type": "Feature", "properties": { "ID": 3022260600000, "正式名称": "しまクリニック", "機関区分": 2, "都道府県コード": 30, "市区町村コード": 366, "所在地": "和歌山県有田郡有田川町天満２４８－１", "緯度": 34.057849, "経度": 135.201411, "url": "https://www.iryou.teikyouseido.mhlw.go.jp/znk-web/juminkanja/S2430/initialize?prefCd=30&kikanCd=2260600000&kikanKbn=2", "url2": "http://www.nnc.or.jp/~k-shima/", "内容": "しまクリニック【2:診療所】【診療科目:内科_肛門外科_小児科_産婦人科】和歌山県有田郡有田川町天満２４８－１" }, "geometry": { "type": "Point", "coordinates": [ 135.201411, 34.057849 ] } },
{ "type": "Feature", "properties": { "ID": 3022260700000, "正式名称": "月森泌尿器科クリニック", "機関区分": 2, "都道府県コード": 30, "市区町村コード": 206, "所在地": "和歌山県田辺市明洋二丁目２１番５号", "緯度": 33.742187, "経度": 135.357264, "url": "https://www.iryou.teikyouseido.mhlw.go.jp/znk-web/juminkanja/S2430/initialize?prefCd=30&kikanCd=2260700000&kikanKbn=2", "url2": "https://tsukimori-urology.com/", "内容": "月森泌尿器科クリニック【2:診療所】【診療科目:内科_外科_泌尿器科】和歌山県田辺市明洋二丁目２１番５号" }, "geometry": { "type": "Point", "coordinates": [ 135.357264, 33.742187 ] } },
{ "type": "Feature", "properties": { "ID": 3022260800000, "正式名称": "ブランクリニック　和歌山院", "機関区分": 2, "都道府県コード": 30, "市区町村コード": 201, "所在地": "和歌山県和歌山市太田１丁目１０番地８　エヌ・アイ・シー第２ビル", "緯度": 34.231305, "経度": 135.192516, "url": "https://www.iryou.teikyouseido.mhlw.go.jp/znk-web/juminkanja/S2430/initialize?prefCd=30&kikanCd=2260800000&kikanKbn=2", "url2": "https://bccl.jp/about/wakayama/", "内容": "ブランクリニック　和歌山院【2:診療所】【診療科目:皮膚科_美容皮膚科】和歌山県和歌山市太田１丁目１０番地８　エヌ・アイ・シー第２ビル" }, "geometry": { "type": "Point", "coordinates": [ 135.192516, 34.231305 ] } },
{ "type": "Feature", "properties": { "ID": 3022261600000, "正式名称": "まえだクリニック", "機関区分": 2, "都道府県コード": 30, "市区町村コード": 201, "所在地": "和歌山県和歌山市西浜７８１－２", "緯度": 34.207654, "経度": 135.158858, "url": "https://www.iryou.teikyouseido.mhlw.go.jp/znk-web/juminkanja/S2430/initialize?prefCd=30&kikanCd=2261600000&kikanKbn=2", "url2": "https://www.maeda-clinic2022.com/", "内容": "まえだクリニック【2:診療所】【診療科目:内科_消化器内科_外科_大腸・肛門外科】和歌山県和歌山市西浜７８１－２" }, "geometry": { "type": "Point", "coordinates": [ 135.158858, 34.207654 ] } },
{ "type": "Feature", "properties": { "ID": 3022261800000, "正式名称": "あや内科消化器クリニック", "機関区分": 2, "都道府県コード": 30, "市区町村コード": 366, "所在地": "和歌山県有田郡有田川町土生５１－１", "緯度": 34.059439, "経度": 135.207565, "url": "https://www.iryou.teikyouseido.mhlw.go.jp/znk-web/juminkanja/S2430/initialize?prefCd=30&kikanCd=2261800000&kikanKbn=2", "url2": "https://aya-naika.com/", "内容": "あや内科消化器クリニック【2:診療所】【診療科目:内科_消化器内科】和歌山県有田郡有田川町土生５１－１" }, "geometry": { "type": "Point", "coordinates": [ 135.207565, 34.059439 ] } },
{ "type": "Feature", "properties": { "ID": 3022262000000, "正式名称": "ようこクリニック", "機関区分": 2, "都道府県コード": 30, "市区町村コード": 201, "所在地": "和歌山県和歌山市中之島７６３番地", "緯度": 34.241168, "経度": 135.180561, "url": "https://www.iryou.teikyouseido.mhlw.go.jp/znk-web/juminkanja/S2430/initialize?prefCd=30&kikanCd=2262000000&kikanKbn=2", "url2": "https://www.yoko-clinic-wakayama.com/", "内容": "ようこクリニック【2:診療所】【診療科目:内科_消化器内科_内視鏡内科】和歌山県和歌山市中之島７６３番地" }, "geometry": { "type": "Point", "coordinates": [ 135.180561, 34.241168 ] } },
{ "type": "Feature", "properties": { "ID": 3022262200000, "正式名称": "きむら皮膚科", "機関区分": 2, "都道府県コード": 30, "市区町村コード": 208, "所在地": "和歌山県紀の川市花野４９６－７", "緯度": 34.261892, "経度": 135.356497, "url": "https://www.iryou.teikyouseido.mhlw.go.jp/znk-web/juminkanja/S2430/initialize?prefCd=30&kikanCd=2262200000&kikanKbn=2", "url2": "https://kimura-hifuka.net/", "内容": "きむら皮膚科【2:診療所】【診療科目:皮膚科】和歌山県紀の川市花野４９６－７" }, "geometry": { "type": "Point", "coordinates": [ 135.356497, 34.261892 ] } },
{ "type": "Feature", "properties": { "ID": 3022262800000, "正式名称": "ＴＣＢ　東京中央美容外科・ＴＣＢ　スキンクリニック　和歌山院", "機関区分": 2, "都道府県コード": 30, "市区町村コード": 201, "所在地": "和歌山県和歌山市美園町４－８１－１　　ＳＯＰＨＩＡ和歌山イーストプラザ１号館３階", "緯度": 34.230746, "経度": 135.189126, "url": "https://www.iryou.teikyouseido.mhlw.go.jp/znk-web/juminkanja/S2430/initialize?prefCd=30&kikanCd=2262800000&kikanKbn=2", "url2": "https://aoki-tsuyoshi.com/", "内容": "ＴＣＢ　東京中央美容外科・ＴＣＢ　スキンクリニック　和歌山院【2:診療所】【診療科目:形成外科_美容外科_皮膚科_美容皮膚科】和歌山県和歌山市美園町４－８１－１　　ＳＯＰＨＩＡ和歌山イーストプラザ１号館３階" }, "geometry": { "type": "Point", "coordinates": [ 135.189126, 34.230746 ] } },
{ "type": "Feature", "properties": { "ID": 3022263500000, "正式名称": "にじいろ内科クリニック", "機関区分": 2, "都道府県コード": 30, "市区町村コード": 341, "所在地": "和歌山県伊都郡かつらぎ町大谷８９３－９", "緯度": 34.292357, "経度": 135.490016, "url": "https://www.iryou.teikyouseido.mhlw.go.jp/znk-web/juminkanja/S2430/initialize?prefCd=30&kikanCd=2263500000&kikanKbn=2", "url2": "https://www.nijiironaika.com/", "内容": "にじいろ内科クリニック【2:診療所】【診療科目:内科_老年内科_小児科】和歌山県伊都郡かつらぎ町大谷８９３－９" }, "geometry": { "type": "Point", "coordinates": [ 135.490016, 34.292357 ] } },
{ "type": "Feature", "properties": { "ID": 3022263900000, "正式名称": "宮整形外科クリニック", "機関区分": 2, "都道府県コード": 30, "市区町村コード": 201, "所在地": "和歌山県和歌山市秋月４７４－１", "緯度": 34.226442, "経度": 135.206903, "url": "https://www.iryou.teikyouseido.mhlw.go.jp/znk-web/juminkanja/S2430/initialize?prefCd=30&kikanCd=2263900000&kikanKbn=2", "url2": "https://miya-ortho-clinic.com/", "内容": "宮整形外科クリニック【2:診療所】【診療科目:整形外科_リハビリテーション科】和歌山県和歌山市秋月４７４－１" }, "geometry": { "type": "Point", "coordinates": [ 135.206903, 34.226442 ] } },
{ "type": "Feature", "properties": { "ID": 3022264000000, "正式名称": "宗教法人木本八幡宮　木本こころの診療所", "機関区分": 2, "都道府県コード": 30, "市区町村コード": 201, "所在地": "和歌山県和歌山市木ノ本１１５３", "緯度": 34.263979, "経度": 135.122772, "url": "https://www.iryou.teikyouseido.mhlw.go.jp/znk-web/juminkanja/S2430/initialize?prefCd=30&kikanCd=2264000000&kikanKbn=2", "url2": "https://kimoto-kokoro.com", "内容": "宗教法人木本八幡宮　木本こころの診療所【2:診療所】【診療科目:精神科_心療内科】和歌山県和歌山市木ノ本１１５３" }, "geometry": { "type": "Point", "coordinates": [ 135.122772, 34.263979 ] } },
{ "type": "Feature", "properties": { "ID": 3022264900000, "正式名称": "のうがわ内科・血液内科クリニック", "機関区分": 2, "都道府県コード": 30, "市区町村コード": 201, "所在地": "和歌山県和歌山市元博労町２０番地", "緯度": 34.235229, "経度": 135.169989, "url": "https://www.iryou.teikyouseido.mhlw.go.jp/znk-web/juminkanja/S2430/initialize?prefCd=30&kikanCd=2264900000&kikanKbn=2", "url2": "https//nohgawa-cl.com", "内容": "のうがわ内科・血液内科クリニック【2:診療所】【診療科目:内科_血液内科】和歌山県和歌山市元博労町２０番地" }, "geometry": { "type": "Point", "coordinates": [ 135.169989, 34.235229 ] } },
{ "type": "Feature", "properties": { "ID": 3022265200000, "正式名称": "医療法人明星会　星の森消化器内科クリニック", "機関区分": 2, "都道府県コード": 30, "市区町村コード": 209, "所在地": "和歌山県岩出市中迫字塚本１４５他　フォレストモール岩出Ⅰ棟", "緯度": 34.260111, "経度": 135.315376, "url": "https://www.iryou.teikyouseido.mhlw.go.jp/znk-web/juminkanja/S2430/initialize?prefCd=30&kikanCd=2265200000&kikanKbn=2", "url2": "https://hoshinomori-cl.com/", "内容": "医療法人明星会　星の森消化器内科クリニック【2:診療所】【診療科目:内科_消化器内科_放射線科】和歌山県岩出市中迫字塚本１４５他　フォレストモール岩出Ⅰ棟" }, "geometry": { "type": "Point", "coordinates": [ 135.315376, 34.260111 ] } },
{ "type": "Feature", "properties": { "ID": 3022265400000, "正式名称": "おのクリニック", "機関区分": 2, "都道府県コード": 30, "市区町村コード": 201, "所在地": "和歌山県和歌山市太田１－１４－１１オオトヨビル２階", "緯度": 34.231745, "経度": 135.192778, "url": "https://www.iryou.teikyouseido.mhlw.go.jp/znk-web/juminkanja/S2430/initialize?prefCd=30&kikanCd=2265400000&kikanKbn=2", "url2": "https://onoclinic-wakayama.com", "内容": "おのクリニック【2:診療所】【診療科目:児童精神科_精神科_心療内科】和歌山県和歌山市太田１－１４－１１オオトヨビル２階" }, "geometry": { "type": "Point", "coordinates": [ 135.192778, 34.231745 ] } },
{ "type": "Feature", "properties": { "ID": 3022266100000, "正式名称": "あいあい耳鼻咽喉科アレルギー科　みやざきクリニック", "機関区分": 2, "都道府県コード": 30, "市区町村コード": 209, "所在地": "和歌山県岩出市中迫１４７　フォレストモール岩出", "緯度": 34.259801, "経度": 135.315004, "url": "https://www.iryou.teikyouseido.mhlw.go.jp/znk-web/juminkanja/S2430/initialize?prefCd=30&kikanCd=2266100000&kikanKbn=2", "url2": null, "内容": "あいあい耳鼻咽喉科アレルギー科　みやざきクリニック【2:診療所】【診療科目:頭頸部外科_小児耳鼻いんこう科_耳鼻いんこう科_頭頸部・耳鼻いんこう科_アレルギー科】和歌山県岩出市中迫１４７　フォレストモール岩出" }, "geometry": { "type": "Point", "coordinates": [ 135.315004, 34.259801 ] } },
{ "type": "Feature", "properties": { "ID": 3022266300000, "正式名称": "公園前もり眼科", "機関区分": 2, "都道府県コード": 30, "市区町村コード": 201, "所在地": "和歌山県和歌山市十番丁１２十番丁ビル３階", "緯度": 34.230952, "経度": 135.173954, "url": "https://www.iryou.teikyouseido.mhlw.go.jp/znk-web/juminkanja/S2430/initialize?prefCd=30&kikanCd=2266300000&kikanKbn=2", "url2": "http://www.mori-eyeclinic.com", "内容": "公園前もり眼科【2:診療所】【診療科目:眼科】和歌山県和歌山市十番丁１２十番丁ビル３階" }, "geometry": { "type": "Point", "coordinates": [ 135.173954, 34.230952 ] } },
{ "type": "Feature", "properties": { "ID": 3022266800000, "正式名称": "いわぐろハートクリニック", "機関区分": 2, "都道府県コード": 30, "市区町村コード": 404, "所在地": "和歌山県西牟婁郡上富田町朝来５５６－１７", "緯度": 33.697286, "経度": 135.426032, "url": "https://www.iryou.teikyouseido.mhlw.go.jp/znk-web/juminkanja/S2430/initialize?prefCd=30&kikanCd=2266800000&kikanKbn=2", "url2": null, "内容": "いわぐろハートクリニック【2:診療所】【診療科目:内科_循環器内科】和歌山県西牟婁郡上富田町朝来５５６－１７" }, "geometry": { "type": "Point", "coordinates": [ 135.426032, 33.697286 ] } },
{ "type": "Feature", "properties": { "ID": 3022266900000, "正式名称": "あしかわ在宅クリニック", "機関区分": 2, "都道府県コード": 30, "市区町村コード": 206, "所在地": "和歌山県田辺市新庄町３０７６－６", "緯度": 33.701133, "経度": 135.3888, "url": "https://www.iryou.teikyouseido.mhlw.go.jp/znk-web/juminkanja/S2430/initialize?prefCd=30&kikanCd=2266900000&kikanKbn=2", "url2": null, "内容": "あしかわ在宅クリニック【2:診療所】【診療科目:内科_外科_救急科】和歌山県田辺市新庄町３０７６－６" }, "geometry": { "type": "Point", "coordinates": [ 135.3888, 33.701133 ] } },
{ "type": "Feature", "properties": { "ID": 3022267000000, "正式名称": "Ａｚクリニック", "機関区分": 2, "都道府県コード": 30, "市区町村コード": 201, "所在地": "和歌山県和歌山市十一番丁９京橋ビル３０５", "緯度": 34.232299, "経度": 135.174708, "url": "https://www.iryou.teikyouseido.mhlw.go.jp/znk-web/juminkanja/S2430/initialize?prefCd=30&kikanCd=2267000000&kikanKbn=2", "url2": null, "内容": "Ａｚクリニック【2:診療所】【診療科目:皮膚科_泌尿器科】和歌山県和歌山市十一番丁９京橋ビル３０５" }, "geometry": { "type": "Point", "coordinates": [ 135.174708, 34.232299 ] } },
{ "type": "Feature", "properties": { "ID": 3022267500000, "正式名称": "坂口内科・外科・往診クリニック", "機関区分": 2, "都道府県コード": 30, "市区町村コード": 208, "所在地": "和歌山県紀の川市貴志川町神戸４５２－１", "緯度": 34.213203, "経度": 135.31286, "url": "https://www.iryou.teikyouseido.mhlw.go.jp/znk-web/juminkanja/S2430/initialize?prefCd=30&kikanCd=2267500000&kikanKbn=2", "url2": null, "内容": "坂口内科・外科・往診クリニック【2:診療所】【診療科目:内科_緩和ケア内科_外科_整形外科_皮膚科_泌尿器科_リウマチ科_リハビリテーション科】和歌山県紀の川市貴志川町神戸４５２－１" }, "geometry": { "type": "Point", "coordinates": [ 135.31286, 34.213203 ] } },
{ "type": "Feature", "properties": { "ID": 302226760000, "正式名称": "みき眼科", "機関区分": 2, "都道府県コード": 30, "市区町村コード": 202, "所在地": "和歌山県海南市船尾１９３－４", "緯度": 34.158693, "経度": 135.207037, "url": "https://www.iryou.teikyouseido.mhlw.go.jp/znk-web/juminkanja/S2430/initialize?prefCd=30&kikanCd=226760000&kikanKbn=2", "url2": "https://www.miki-ganka.jp", "内容": "みき眼科【2:診療所】【診療科目:眼科】和歌山県海南市船尾１９３－４" }, "geometry": { "type": "Point", "coordinates": [ 135.207037, 34.158693 ] } },
{ "type": "Feature", "properties": { "ID": 3022303300001, "正式名称": "せたクリニック", "機関区分": 2, "都道府県コード": 30, "市区町村コード": 201, "所在地": "和歌山県和歌山市岩橋８７０－２", "緯度": 34.238194, "経度": 135.229695, "url": "https://www.iryou.teikyouseido.mhlw.go.jp/znk-web/juminkanja/S2430/initialize?prefCd=30&kikanCd=2303300001&kikanKbn=2", "url2": "https://iwase-seta-clinic.com/", "内容": "せたクリニック【2:診療所】【診療科目:内科_消化器内科_肝臓内科_内視鏡内科_放射線科】和歌山県和歌山市岩橋８７０－２" }, "geometry": { "type": "Point", "coordinates": [ 135.229695, 34.238194 ] } },
{ "type": "Feature", "properties": { "ID": 3022303300003, "正式名称": "和歌山市駅あかまつ消化器内科・内視鏡クリニック", "機関区分": 2, "都道府県コード": 30, "市区町村コード": 201, "所在地": "和歌山県和歌山市東蔵前丁３９キーノ和歌山３階", "緯度": 34.236238, "経度": 135.166419, "url": "https://www.iryou.teikyouseido.mhlw.go.jp/znk-web/juminkanja/S2430/initialize?prefCd=30&kikanCd=2303300003&kikanKbn=2", "url2": "https://www.akamatsu-ge-clinic.com/", "内容": "和歌山市駅あかまつ消化器内科・内視鏡クリニック【2:診療所】【診療科目:消化器内科_内視鏡内科】和歌山県和歌山市東蔵前丁３９キーノ和歌山３階" }, "geometry": { "type": "Point", "coordinates": [ 135.166419, 34.236238 ] } },
{ "type": "Feature", "properties": { "ID": 3022303300004, "正式名称": "日の出クリニック", "機関区分": 2, "都道府県コード": 30, "市区町村コード": 201, "所在地": "和歌山県和歌山市古屋９５－１スーパーエバグリーン古屋店２Ｆ", "緯度": 34.255461, "経度": 135.119656, "url": "https://www.iryou.teikyouseido.mhlw.go.jp/znk-web/juminkanja/S2430/initialize?prefCd=30&kikanCd=2303300004&kikanKbn=2", "url2": null, "内容": "日の出クリニック【2:診療所】【診療科目:内科_消化器内科_内視鏡内科_外科_肛門外科_小児外科】和歌山県和歌山市古屋９５－１スーパーエバグリーン古屋店２Ｆ" }, "geometry": { "type": "Point", "coordinates": [ 135.119656, 34.255461 ] } },
{ "type": "Feature", "properties": { "ID": 3022303300006, "正式名称": "うちクリニック", "機関区分": 2, "都道府県コード": 30, "市区町村コード": 201, "所在地": "和歌山県和歌山市黒田２丁目１番地１８第２ひらたパークハイツ１階１０６号室", "緯度": 34.233646, "経度": 135.194296, "url": "https://www.iryou.teikyouseido.mhlw.go.jp/znk-web/juminkanja/S2430/initialize?prefCd=30&kikanCd=2303300006&kikanKbn=2", "url2": "https://hakuseikai-partners.com/uchiclinic", "内容": "うちクリニック【2:診療所】【診療科目:内科】和歌山県和歌山市黒田２丁目１番地１８第２ひらたパークハイツ１階１０６号室" }, "geometry": { "type": "Point", "coordinates": [ 135.194296, 34.233646 ] } },
{ "type": "Feature", "properties": { "ID": 3022303300010, "正式名称": "医療法人社団優青会　ライフサポートクリニック", "機関区分": 2, "都道府県コード": 30, "市区町村コード": 201, "所在地": "和歌山県和歌山市上野５１８－１ラプラージュＫＩＮＯＳＨＩＴＡ　１０１", "緯度": 34.273225, "経度": 135.253511, "url": "https://www.iryou.teikyouseido.mhlw.go.jp/znk-web/juminkanja/S2430/initialize?prefCd=30&kikanCd=2303300010&kikanKbn=2", "url2": null, "内容": "医療法人社団優青会　ライフサポートクリニック【2:診療所】【診療科目:内科_皮膚科_精神科】和歌山県和歌山市上野５１８－１ラプラージュＫＩＮＯＳＨＩＴＡ　１０１" }, "geometry": { "type": "Point", "coordinates": [ 135.253511, 34.273225 ] } },
{ "type": "Feature", "properties": { "ID": 3022303300013, "正式名称": "つばめ在宅クリニック", "機関区分": 2, "都道府県コード": 30, "市区町村コード": 201, "所在地": "和歌山県和歌山市黒田２６１ー２ＨＩＲＡＴＡ　ＮＯＲＴＨ　１０１", "緯度": 34.235867, "経度": 135.19708, "url": "https://www.iryou.teikyouseido.mhlw.go.jp/znk-web/juminkanja/S2430/initialize?prefCd=30&kikanCd=2303300013&kikanKbn=2", "url2": null, "内容": "つばめ在宅クリニック【2:診療所】【診療科目:内科_脳神経内科】和歌山県和歌山市黒田２６１ー２ＨＩＲＡＴＡ　ＮＯＲＴＨ　１０１" }, "geometry": { "type": "Point", "coordinates": [ 135.19708, 34.235867 ] } },
{ "type": "Feature", "properties": { "ID": 3022303300017, "正式名称": "ほんだ整形外科", "機関区分": 2, "都道府県コード": 30, "市区町村コード": 201, "所在地": "和歌山県和歌山市松江中２丁目５番７１号", "緯度": 34.248055, "経度": 135.135486, "url": "https://www.iryou.teikyouseido.mhlw.go.jp/znk-web/juminkanja/S2430/initialize?prefCd=30&kikanCd=2303300017&kikanKbn=2", "url2": "https://www.honda-seikeigeka.com", "内容": "ほんだ整形外科【2:診療所】【診療科目:整形外科_リハビリテーション科】和歌山県和歌山市松江中２丁目５番７１号" }, "geometry": { "type": "Point", "coordinates": [ 135.135486, 34.248055 ] } },
{ "type": "Feature", "properties": { "ID": 3022305100001, "正式名称": "いつきのくに診療所", "機関区分": 2, "都道府県コード": 30, "市区町村コード": 304, "所在地": "和歌山県海草郡紀美野町動木１４７８番地１", "緯度": 34.16404, "経度": 135.307529, "url": "https://www.iryou.teikyouseido.mhlw.go.jp/znk-web/juminkanja/S2430/initialize?prefCd=30&kikanCd=2305100001&kikanKbn=2", "url2": "https://trsl0.hp.peraichi.com/", "内容": "いつきのくに診療所【2:診療所】【診療科目:内科_小児科_産婦人科_精神科_心療内科】和歌山県海草郡紀美野町動木１４７８番地１" }, "geometry": { "type": "Point", "coordinates": [ 135.307529, 34.16404 ] } },
{ "type": "Feature", "properties": { "ID": 3022305100002, "正式名称": "ぶくぶくたつのこクリニック", "機関区分": 2, "都道府県コード": 30, "市区町村コード": 202, "所在地": "和歌山県海南市重根東１－１５－１１", "緯度": 34.15549, "経度": 135.24866, "url": "https://www.iryou.teikyouseido.mhlw.go.jp/znk-web/juminkanja/S2430/initialize?prefCd=30&kikanCd=2305100002&kikanKbn=2", "url2": "https://bukubuku.clinic/%e3%82%a2%e3%82%af%e3%82%bb%e3%82%b9", "内容": "ぶくぶくたつのこクリニック【2:診療所】【診療科目:小児科_アレルギー科】和歌山県海南市重根東１－１５－１１" }, "geometry": { "type": "Point", "coordinates": [ 135.24866, 34.15549 ] } },
{ "type": "Feature", "properties": { "ID": 3022305400001, "正式名称": "医療法人社団マザー・キーファミール産院ありだ", "機関区分": 2, "都道府県コード": 30, "市区町村コード": 204, "所在地": "和歌山県有田市糸我町中番４０８－３", "緯度": 34.067067, "経度": 135.175222, "url": "https://www.iryou.teikyouseido.mhlw.go.jp/znk-web/juminkanja/S2430/initialize?prefCd=30&kikanCd=2305400001&kikanKbn=2", "url2": null, "内容": "医療法人社団マザー・キーファミール産院ありだ【2:診療所】【診療科目:女性内科_産婦人科_産科_婦人科_不妊外来】和歌山県有田市糸我町中番４０８－３" }, "geometry": { "type": "Point", "coordinates": [ 135.175222, 34.067067 ] } },
{ "type": "Feature", "properties": { "ID": 3022305400002, "正式名称": "医療法人　仁愛会　ありだがわ眼科医院", "機関区分": 2, "都道府県コード": 30, "市区町村コード": 366, "所在地": "和歌山県有田郡有田川町天満３４２番地１", "緯度": 34.060993, "経度": 135.204448, "url": "https://www.iryou.teikyouseido.mhlw.go.jp/znk-web/juminkanja/S2430/initialize?prefCd=30&kikanCd=2305400002&kikanKbn=2", "url2": null, "内容": "医療法人　仁愛会　ありだがわ眼科医院【2:診療所】【診療科目:眼科】和歌山県有田郡有田川町天満３４２番地１" }, "geometry": { "type": "Point", "coordinates": [ 135.204448, 34.060993 ] } },
{ "type": "Feature", "properties": { "ID": 3022305400003, "正式名称": "にしおかクリニック", "機関区分": 2, "都道府県コード": 30, "市区町村コード": 366, "所在地": "和歌山県有田郡有田川町小島２９１番地９", "緯度": 34.065665, "経度": 135.195369, "url": "https://www.iryou.teikyouseido.mhlw.go.jp/znk-web/juminkanja/S2430/initialize?prefCd=30&kikanCd=2305400003&kikanKbn=2", "url2": "https://www.nishioka-hp.net/cont9/main.html", "内容": "にしおかクリニック【2:診療所】【診療科目:内科_消化器内科】和歌山県有田郡有田川町小島２９１番地９" }, "geometry": { "type": "Point", "coordinates": [ 135.195369, 34.065665 ] } },
{ "type": "Feature", "properties": { "ID": 3022305500001, "正式名称": "井上眼科", "機関区分": 2, "都道府県コード": 30, "市区町村コード": 205, "所在地": "和歌山県御坊市湯川町財部８５２", "緯度": 33.900971, "経度": 135.159885, "url": "https://www.iryou.teikyouseido.mhlw.go.jp/znk-web/juminkanja/S2430/initialize?prefCd=30&kikanCd=2305500001&kikanKbn=2", "url2": "https://www.inoue-ganka-wakayama.jp/", "内容": "井上眼科【2:診療所】【診療科目:眼科】和歌山県御坊市湯川町財部８５２" }, "geometry": { "type": "Point", "coordinates": [ 135.159885, 33.900971 ] } },
{ "type": "Feature", "properties": { "ID": 3022305500002, "正式名称": "おくむら在宅クリニック", "機関区分": 2, "都道府県コード": 30, "市区町村コード": 392, "所在地": "和歌山県日高郡日高川町千津川６１１６－１", "緯度": 33.927444, "経度": 135.18636, "url": "https://www.iryou.teikyouseido.mhlw.go.jp/znk-web/juminkanja/S2430/initialize?prefCd=30&kikanCd=2305500002&kikanKbn=2", "url2": null, "内容": "おくむら在宅クリニック【2:診療所】【診療科目:内科_糖尿病内科_緩和ケア内科_外科_救急科】和歌山県日高郡日高川町千津川６１１６－１" }, "geometry": { "type": "Point", "coordinates": [ 135.18636, 33.927444 ] } },
{ "type": "Feature", "properties": { "ID": 3022305600001, "正式名称": "田辺市中辺路第１診療所", "機関区分": 2, "都道府県コード": 30, "市区町村コード": 206, "所在地": "和歌山県田辺市中辺路町栗栖川２８番地の２", "緯度": 33.78834, "経度": 135.507881, "url": "https://www.iryou.teikyouseido.mhlw.go.jp/znk-web/juminkanja/S2430/initialize?prefCd=30&kikanCd=2305600001&kikanKbn=2", "url2": null, "内容": "田辺市中辺路第１診療所【2:診療所】【診療科目:内科】和歌山県田辺市中辺路町栗栖川２８番地の２" }, "geometry": { "type": "Point", "coordinates": [ 135.507881, 33.78834 ] } },
{ "type": "Feature", "properties": { "ID": 3022305600003, "正式名称": "七彩メディカルクリニック", "機関区分": 2, "都道府県コード": 30, "市区町村コード": 206, "所在地": "和歌山県田辺市稲成町３０６３−１", "緯度": 33.742545, "経度": 135.370836, "url": "https://www.iryou.teikyouseido.mhlw.go.jp/znk-web/juminkanja/S2430/initialize?prefCd=30&kikanCd=2305600003&kikanKbn=2", "url2": null, "内容": "七彩メディカルクリニック【2:診療所】【診療科目:内科_美容皮膚科_精神科】和歌山県田辺市稲成町３０６３−１" }, "geometry": { "type": "Point", "coordinates": [ 135.370836, 33.742545 ] } },
{ "type": "Feature", "properties": { "ID": 3022305800001, "正式名称": "宇宙と大地のクリニック", "機関区分": 2, "都道府県コード": 30, "市区町村コード": 422, "所在地": "和歌山県東牟婁郡太地町太地１４２９", "緯度": 33.583039, "経度": 135.956072, "url": "https://www.iryou.teikyouseido.mhlw.go.jp/znk-web/juminkanja/S2430/initialize?prefCd=30&kikanCd=2305800001&kikanKbn=2", "url2": "https://www.schwann.or.jp/", "内容": "宇宙と大地のクリニック【2:診療所】【診療科目:内科_心療内科】和歌山県東牟婁郡太地町太地１４２９" }, "geometry": { "type": "Point", "coordinates": [ 135.956072, 33.583039 ] } },
{ "type": "Feature", "properties": { "ID": 3022305900001, "正式名称": "串本有田クリニック", "機関区分": 2, "都道府県コード": 30, "市区町村コード": 428, "所在地": "和歌山県東牟婁郡串本町有田４９９－１", "緯度": 33.494655, "経度": 135.738549, "url": "https://www.iryou.teikyouseido.mhlw.go.jp/znk-web/juminkanja/S2430/initialize?prefCd=30&kikanCd=2305900001&kikanKbn=2", "url2": null, "内容": "串本有田クリニック【2:診療所】【診療科目:眼科】和歌山県東牟婁郡串本町有田４９９－１" }, "geometry": { "type": "Point", "coordinates": [ 135.738549, 33.494655 ] } }
]
}
