{
"type": "FeatureCollection",
"name": "geo_30_居宅介護支援",
"crs": { "type": "name", "properties": { "name": "urn:ogc:def:crs:OGC:1.3:CRS84" } },
"features": [
{ "type": "Feature", "properties": { "内容": "ケアランド和歌山【居宅介護支援】和歌山県和歌山市黒田２７９－４", "url": "https://www.kaigokensaku.mhlw.go.jp/30/index.php?action_kouhyou_detail_004_kani=true&JigyosyoCd=3070100015-00&ServiceCd=430&Type=search", "url2": null }, "geometry": { "type": "Point", "coordinates": [ 135.198547400000052, 34.2361892 ] } },
{ "type": "Feature", "properties": { "内容": "ケアプランセンター楓【居宅介護支援】新在家125-11リブハウス・アズ1Ｆ", "url": "https://www.kaigokensaku.mhlw.go.jp/30/index.php?action_kouhyou_detail_004_kani=true&JigyosyoCd=3070111236-00&ServiceCd=430&Type=search", "url2": null }, "geometry": { "type": "Point", "coordinates": [ 135.200758376686508, 34.244544143075863 ] } },
{ "type": "Feature", "properties": { "内容": "ケアプランセンター　あすも【居宅介護支援】和歌山市和歌山市鳴神968-11", "url": "https://www.kaigokensaku.mhlw.go.jp/30/index.php?action_kouhyou_detail_004_kani=true&JigyosyoCd=3070108182-00&ServiceCd=430&Type=search", "url2": null }, "geometry": { "type": "Point", "coordinates": [ 135.209260536078091, 34.231126106866164 ] } },
{ "type": "Feature", "properties": { "内容": "ケアプランサービス　フロムはーと【居宅介護支援】和歌山県和歌山市布施屋320-7", "url": "https://www.kaigokensaku.mhlw.go.jp/30/index.php?action_kouhyou_detail_004_kani=true&JigyosyoCd=3070105402-00&ServiceCd=430&Type=search", "url2": "http://fromheart.wakayama.jp/" }, "geometry": { "type": "Point", "coordinates": [ 135.266925930864687, 34.240478095731355 ] } },
{ "type": "Feature", "properties": { "内容": "ライフサポート原【居宅介護支援】築港2丁目8-2　105西側", "url": "https://www.kaigokensaku.mhlw.go.jp/30/index.php?action_kouhyou_detail_004_kani=true&JigyosyoCd=3070108125-00&ServiceCd=430&Type=search", "url2": null }, "geometry": { "type": "Point", "coordinates": [ 135.1269797, 34.2549719 ] } },
{ "type": "Feature", "properties": { "内容": "ジール【居宅介護支援】園部1611-5", "url": "https://www.kaigokensaku.mhlw.go.jp/30/index.php?action_kouhyou_detail_004_kani=true&JigyosyoCd=3070112929-00&ServiceCd=430&Type=search", "url2": null }, "geometry": { "type": "Point", "coordinates": [ 135.196271600000046, 34.2697561 ] } },
{ "type": "Feature", "properties": { "内容": "居宅介護支援　菜の花【居宅介護支援】和歌山県和歌山市狐島628-69", "url": "https://www.kaigokensaku.mhlw.go.jp/30/index.php?action_kouhyou_detail_004_kani=true&JigyosyoCd=3070111921-00&ServiceCd=430&Type=search", "url2": null }, "geometry": { "type": "Point", "coordinates": [ 135.1462125, 34.2497015 ] } },
{ "type": "Feature", "properties": { "内容": "ケアプランユウユウ【居宅介護支援】和歌山県和歌山市秋月62-11メゾン秋月201", "url": "https://www.kaigokensaku.mhlw.go.jp/30/index.php?action_kouhyou_detail_004_kani=true&JigyosyoCd=3070114214-00&ServiceCd=430&Type=search", "url2": null }, "geometry": { "type": "Point", "coordinates": [ 135.202071600000011, 34.2315609 ] } },
{ "type": "Feature", "properties": { "内容": "ケアプランセンター高積【居宅介護支援】新庄５０１－１０", "url": "https://www.kaigokensaku.mhlw.go.jp/30/index.php?action_kouhyou_detail_004_kani=true&JigyosyoCd=3070111368-00&ServiceCd=430&Type=search", "url2": null }, "geometry": { "type": "Point", "coordinates": [ 135.286743154765276, 34.245389273221626 ] } },
{ "type": "Feature", "properties": { "内容": "タンデムケアネットワーク【居宅介護支援】小野町三丁目15番地サービス付き高齢者向け住宅「タンデム小野町」内", "url": "https://www.kaigokensaku.mhlw.go.jp/30/index.php?action_kouhyou_detail_004_kani=true&JigyosyoCd=3070107325-00&ServiceCd=430&Type=search", "url2": null }, "geometry": { "type": "Point", "coordinates": [ 135.164548069016831, 34.232198715543376 ] } },
{ "type": "Feature", "properties": { "内容": "ナガシマ【居宅介護支援】和歌山県和歌山市田尻199-14", "url": "https://www.kaigokensaku.mhlw.go.jp/30/index.php?action_kouhyou_detail_004_kani=true&JigyosyoCd=3070107440-00&ServiceCd=430&Type=search", "url2": null }, "geometry": { "type": "Point", "coordinates": [ 135.199723100000028, 34.2082507 ] } },
{ "type": "Feature", "properties": { "内容": "ケアプランセンターオアシス【居宅介護支援】和歌山県和歌山市つつじが丘5丁目3-5", "url": "https://www.kaigokensaku.mhlw.go.jp/30/index.php?action_kouhyou_detail_004_kani=true&JigyosyoCd=3070104199-00&ServiceCd=430&Type=search", "url2": null }, "geometry": { "type": "Point", "coordinates": [ 135.102128411461649, 34.266327531466914 ] } },
{ "type": "Feature", "properties": { "内容": "ケアセンターおたっしゃ倶楽部　和歌山ケアプランセンター【居宅介護支援】和歌山市　中之島　758", "url": "https://www.kaigokensaku.mhlw.go.jp/30/index.php?action_kouhyou_detail_004_kani=true&JigyosyoCd=3070105311-00&ServiceCd=430&Type=search", "url2": "http://www.s-co-op.or.jp" }, "geometry": { "type": "Point", "coordinates": [ 135.179796944180339, 34.240326993698837 ] } },
{ "type": "Feature", "properties": { "内容": "居宅介護支援センターつるかめ【居宅介護支援】和歌山市狐島590松鶴内", "url": "https://www.kaigokensaku.mhlw.go.jp/30/index.php?action_kouhyou_detail_004_kani=true&JigyosyoCd=3070103639-00&ServiceCd=430&Type=search", "url2": null }, "geometry": { "type": "Point", "coordinates": [ 135.157685234840386, 34.247151201656138 ] } },
{ "type": "Feature", "properties": { "内容": "伏虎リハビリテーション病院【居宅介護支援】和歌山市屋形町1丁目11番地", "url": "https://www.kaigokensaku.mhlw.go.jp/30/index.php?action_kouhyou_detail_004_kani=true&JigyosyoCd=3010110512-00&ServiceCd=430&Type=search", "url2": "https://nakatani.wakayama.jp/" }, "geometry": { "type": "Point", "coordinates": [ 135.177091, 34.2313808 ] } },
{ "type": "Feature", "properties": { "内容": "居宅介護支援事業所こすも【居宅介護支援】和歌山市つつじが丘7丁目3番2", "url": "https://www.kaigokensaku.mhlw.go.jp/30/index.php?action_kouhyou_detail_004_kani=true&JigyosyoCd=3070105543-00&ServiceCd=430&Type=search", "url2": null }, "geometry": { "type": "Point", "coordinates": [ 135.099466900000039, 34.2653094 ] } },
{ "type": "Feature", "properties": { "内容": "青松会在宅介護支援センタ－【居宅介護支援】和歌山市北島325-106かせいたむら在宅センター", "url": "https://www.kaigokensaku.mhlw.go.jp/30/index.php?action_kouhyou_detail_004_kani=true&JigyosyoCd=3070100155-00&ServiceCd=430&Type=search", "url2": "http://www.seishou-kai.jp" }, "geometry": { "type": "Point", "coordinates": [ 135.152134721179209, 34.241767072340949 ] } },
{ "type": "Feature", "properties": { "内容": "医療法人甃友会　在宅医療総合ケアセンター【居宅介護支援】和歌山市秋月５３５－２", "url": "https://www.kaigokensaku.mhlw.go.jp/30/index.php?action_kouhyou_detail_004_kani=true&JigyosyoCd=3070100197-00&ServiceCd=430&Type=search", "url2": "http://www.syuyukai.com" }, "geometry": { "type": "Point", "coordinates": [ 135.20356670000001, 34.2255294 ] } },
{ "type": "Feature", "properties": { "内容": "居宅介護支援事業所　響【居宅介護支援】和歌山県和歌山市十一番丁18", "url": "https://www.kaigokensaku.mhlw.go.jp/30/index.php?action_kouhyou_detail_004_kani=true&JigyosyoCd=3070111798-00&ServiceCd=430&Type=search", "url2": null }, "geometry": { "type": "Point", "coordinates": [ 135.175753, 34.2322082 ] } },
{ "type": "Feature", "properties": { "内容": "居宅介護支援事業所　紀風【居宅介護支援】和歌山市岩橋１２６７－１風土記の丘　紀風苑", "url": "https://www.kaigokensaku.mhlw.go.jp/30/index.php?action_kouhyou_detail_004_kani=true&JigyosyoCd=3070110972-00&ServiceCd=430&Type=search", "url2": "http://www.kifuen.net/" }, "geometry": { "type": "Point", "coordinates": [ 135.230049524606329, 34.229971251456661 ] } },
{ "type": "Feature", "properties": { "内容": "和歌山市社会福祉協議会　居宅介護支援事業所【居宅介護支援】和歌山県和歌山市八番丁４番地和歌山市八番丁館２階", "url": "https://www.kaigokensaku.mhlw.go.jp/30/index.php?action_kouhyou_detail_004_kani=true&JigyosyoCd=3070101583-00&ServiceCd=430&Type=search", "url2": null }, "geometry": { "type": "Point", "coordinates": [ 135.167830699999968, 34.2311445 ] } },
{ "type": "Feature", "properties": { "内容": "居宅介護支援事業所　らいふこーる【居宅介護支援】松江北３丁目５－１", "url": "https://www.kaigokensaku.mhlw.go.jp/30/index.php?action_kouhyou_detail_004_kani=true&JigyosyoCd=3070114586-00&ServiceCd=430&Type=search", "url2": null }, "geometry": { "type": "Point", "coordinates": [ 139.4342892, 35.6993588 ] } },
{ "type": "Feature", "properties": { "内容": "和柔整・川西接骨院【居宅介護支援】和歌山市三葛２１９", "url": "https://www.kaigokensaku.mhlw.go.jp/30/index.php?action_kouhyou_detail_004_kani=true&JigyosyoCd=3070108075-00&ServiceCd=430&Type=search", "url2": null }, "geometry": { "type": "Point", "coordinates": [ 135.188633211375418, 34.192100081065462 ] } },
{ "type": "Feature", "properties": { "内容": "株式会社しるばあはっぴい【居宅介護支援】和歌山市道場町7番地はっぴいビル3F", "url": "https://www.kaigokensaku.mhlw.go.jp/30/index.php?action_kouhyou_detail_004_kani=true&JigyosyoCd=3070100585-00&ServiceCd=430&Type=search", "url2": null }, "geometry": { "type": "Point", "coordinates": [ 135.164964300000065, 34.2307472 ] } },
{ "type": "Feature", "properties": { "内容": "ケアプランセンター　成幸【居宅介護支援】和歌山県和歌山市岩橋1632番地の9", "url": "https://www.kaigokensaku.mhlw.go.jp/30/index.php?action_kouhyou_detail_004_kani=true&JigyosyoCd=3070110733-00&ServiceCd=430&Type=search", "url2": null }, "geometry": { "type": "Point", "coordinates": [ 135.221337100000028, 34.2308682 ] } },
{ "type": "Feature", "properties": { "内容": "アンジュール居宅介護支援事業所【居宅介護支援】和歌浦南３丁目１番１７号", "url": "https://www.kaigokensaku.mhlw.go.jp/30/index.php?action_kouhyou_detail_004_kani=true&JigyosyoCd=3070108877-00&ServiceCd=430&Type=search", "url2": "http://www.unjour-wakayama.jp" }, "geometry": { "type": "Point", "coordinates": [ 135.169762415843707, 34.187349621233743 ] } },
{ "type": "Feature", "properties": { "内容": "和柔整・おぐら整骨院【居宅介護支援】和歌山県和歌山市新庄326-10", "url": "https://www.kaigokensaku.mhlw.go.jp/30/index.php?action_kouhyou_detail_004_kani=true&JigyosyoCd=3070108000-00&ServiceCd=430&Type=search", "url2": "soutoku.h@fork.ocn.ne.jp" }, "geometry": { "type": "Point", "coordinates": [ 135.286596, 34.2415098 ] } },
{ "type": "Feature", "properties": { "内容": "合同会社ケアプランセンター和加【居宅介護支援】和歌山県和歌山市関戸1丁目5-50-504", "url": "https://www.kaigokensaku.mhlw.go.jp/30/index.php?action_kouhyou_detail_004_kani=true&JigyosyoCd=3070113679-00&ServiceCd=430&Type=search", "url2": null }, "geometry": { "type": "Point", "coordinates": [ 135.167412364418027, 34.199151326494054 ] } },
{ "type": "Feature", "properties": { "内容": "ケアセンターまんぼう【居宅介護支援】加納145番地の3", "url": "https://www.kaigokensaku.mhlw.go.jp/30/index.php?action_kouhyou_detail_004_kani=true&JigyosyoCd=3070109255-00&ServiceCd=430&Type=search", "url2": "http://mannbou-ouchi.com" }, "geometry": { "type": "Point", "coordinates": [ 135.20435395638728, 34.249169044936124 ] } },
{ "type": "Feature", "properties": { "内容": "クラシア居宅介護支援センター【居宅介護支援】和歌山市塩屋５丁目7番６０号クラシア訪問看護ステーション", "url": "https://www.kaigokensaku.mhlw.go.jp/30/index.php?action_kouhyou_detail_004_kani=true&JigyosyoCd=3070114792-00&ServiceCd=430&Type=search", "url2": "https://classia.biz/careplan" }, "geometry": { "type": "Point", "coordinates": [ 135.1780224, 34.199298 ] } },
{ "type": "Feature", "properties": { "内容": "ケアプランセンターふじと台花水木【居宅介護支援】和歌山県和歌山市ふじと台６番地エスタシオンふじと台駅前ビル東棟３階", "url": "https://www.kaigokensaku.mhlw.go.jp/30/index.php?action_kouhyou_detail_004_kani=true&JigyosyoCd=3070114743-00&ServiceCd=430&Type=search", "url2": "https://fujitodai-clinic.jp" }, "geometry": { "type": "Point", "coordinates": [ 135.1474191, 34.2764406 ] } },
{ "type": "Feature", "properties": { "内容": "プランニングオフィスアシスト【居宅介護支援】和歌山市園部110-6", "url": "https://www.kaigokensaku.mhlw.go.jp/30/index.php?action_kouhyou_detail_004_kani=true&JigyosyoCd=3070112770-00&ServiceCd=430&Type=search", "url2": null }, "geometry": { "type": "Point", "coordinates": [ 135.193554715139243, 34.269589591385504 ] } },
{ "type": "Feature", "properties": { "内容": "居宅介護支援ブレスト【居宅介護支援】和歌山県和歌山市畑屋敷端の丁34番地1", "url": "https://www.kaigokensaku.mhlw.go.jp/30/index.php?action_kouhyou_detail_004_kani=true&JigyosyoCd=3070110378-00&ServiceCd=430&Type=search", "url2": null }, "geometry": { "type": "Point", "coordinates": [ 135.184438225437589, 34.236757615487974 ] } },
{ "type": "Feature", "properties": { "内容": "ＮＰＯ法人近畿在宅介護協会ケアプランセンター【居宅介護支援】和歌山県和歌山市吉礼523-211F", "url": "https://www.kaigokensaku.mhlw.go.jp/30/index.php?action_kouhyou_detail_004_kani=true&JigyosyoCd=3070104785-00&ServiceCd=430&Type=search", "url2": "npo-kzkk@naxnet.or.jp" }, "geometry": { "type": "Point", "coordinates": [ 135.236475899999959, 34.2015852 ] } },
{ "type": "Feature", "properties": { "内容": "ケアプランセンター　ハッピーライフ【居宅介護支援】和歌山市金谷206-6", "url": "https://www.kaigokensaku.mhlw.go.jp/30/index.php?action_kouhyou_detail_004_kani=true&JigyosyoCd=3070104504-00&ServiceCd=430&Type=search", "url2": "www.happylife-wakayama.co.jp" }, "geometry": { "type": "Point", "coordinates": [ 135.276219099999906, 34.2393597 ] } },
{ "type": "Feature", "properties": { "内容": "ケアプランセンターイエローハート【居宅介護支援】和歌山県和歌山市古屋84番地の6", "url": "https://www.kaigokensaku.mhlw.go.jp/30/index.php?action_kouhyou_detail_004_kani=true&JigyosyoCd=3070114917-00&ServiceCd=430&Type=search", "url2": null }, "geometry": { "type": "Point", "coordinates": [ 135.1205807, 34.255461 ] } },
{ "type": "Feature", "properties": { "内容": "居宅介護支援事業所ハック【居宅介護支援】和歌山県和歌山市舟津町四丁目28番地の2ブレストビル4階", "url": "https://www.kaigokensaku.mhlw.go.jp/30/index.php?action_kouhyou_detail_004_kani=true&JigyosyoCd=3070113513-00&ServiceCd=430&Type=search", "url2": null }, "geometry": { "type": "Point", "coordinates": [ 135.1592277, 34.2182731 ] } },
{ "type": "Feature", "properties": { "内容": "居宅介護支援事業所たんぽぽ【居宅介護支援】和歌山市塩屋6丁目2-70", "url": "https://www.kaigokensaku.mhlw.go.jp/30/index.php?action_kouhyou_detail_004_kani=true&JigyosyoCd=3070100148-00&ServiceCd=430&Type=search", "url2": "http://wachuohp.or.jp/tanpopo/" }, "geometry": { "type": "Point", "coordinates": [ 135.177811099999985, 34.1953268 ] } },
{ "type": "Feature", "properties": { "内容": "ケアプランセンターまごのて【居宅介護支援】和歌山県和歌山市鳴神２４２番地の２", "url": "https://www.kaigokensaku.mhlw.go.jp/30/index.php?action_kouhyou_detail_004_kani=true&JigyosyoCd=3070110014-00&ServiceCd=430&Type=search", "url2": null }, "geometry": { "type": "Point", "coordinates": [ 135.216723799999954, 34.226724 ] } },
{ "type": "Feature", "properties": { "内容": "居宅介護支援事業所おのみなと【居宅介護支援】和歌山市小人町南ノ丁２０番地", "url": "https://www.kaigokensaku.mhlw.go.jp/30/index.php?action_kouhyou_detail_004_kani=true&JigyosyoCd=3070105386-00&ServiceCd=430&Type=search", "url2": null }, "geometry": { "type": "Point", "coordinates": [ 135.16620869999997, 34.2294585 ] } },
{ "type": "Feature", "properties": { "内容": "半羽胃腸病院【居宅介護支援】和歌山県和歌山市堀止南ノ丁3-29", "url": "https://www.kaigokensaku.mhlw.go.jp/30/index.php?action_kouhyou_detail_004_kani=true&JigyosyoCd=3070111624-00&ServiceCd=430&Type=search", "url2": null }, "geometry": { "type": "Point", "coordinates": [ 135.172361200000068, 34.211883 ] } },
{ "type": "Feature", "properties": { "内容": "介護支援事業所　ウエダ【居宅介護支援】和歌山県和歌山市紀三井寺529-5", "url": "https://www.kaigokensaku.mhlw.go.jp/30/index.php?action_kouhyou_detail_004_kani=true&JigyosyoCd=3070107622-00&ServiceCd=430&Type=search", "url2": null }, "geometry": { "type": "Point", "coordinates": [ 135.18937690000007, 34.1737992 ] } },
{ "type": "Feature", "properties": { "内容": "ケアプランセンターりでんて【居宅介護支援】和歌山県和歌山市湊2丁目11-7", "url": "https://www.kaigokensaku.mhlw.go.jp/30/index.php?action_kouhyou_detail_004_kani=true&JigyosyoCd=3070112655-00&ServiceCd=430&Type=search", "url2": null }, "geometry": { "type": "Point", "coordinates": [ 135.1454685, 34.2340012 ] } },
{ "type": "Feature", "properties": { "内容": "喜成会ケアプランセンター「有本」【居宅介護支援】和歌山県和歌山市有本127-1", "url": "https://www.kaigokensaku.mhlw.go.jp/30/index.php?action_kouhyou_detail_004_kani=true&JigyosyoCd=3070108737-00&ServiceCd=430&Type=search", "url2": "http://www.kiseikai-w.or.jp/" }, "geometry": { "type": "Point", "coordinates": [ 135.195306915344162, 34.247144737296374 ] } },
{ "type": "Feature", "properties": { "内容": "けあせんたーこうざき【居宅介護支援】和歌山県和歌山市神前182-1", "url": "https://www.kaigokensaku.mhlw.go.jp/30/index.php?action_kouhyou_detail_004_kani=true&JigyosyoCd=3070114032-00&ServiceCd=430&Type=search", "url2": "http://www.care-management" }, "geometry": { "type": "Point", "coordinates": [ 135.2029135, 34.21551370000001 ] } },
{ "type": "Feature", "properties": { "内容": "和柔整・北村接骨院【居宅介護支援】和歌山市手平1-10-16", "url": "https://www.kaigokensaku.mhlw.go.jp/30/index.php?action_kouhyou_detail_004_kani=true&JigyosyoCd=3070108117-00&ServiceCd=430&Type=search", "url2": null }, "geometry": { "type": "Point", "coordinates": [ 135.18716, 34.2167495 ] } },
{ "type": "Feature", "properties": { "内容": "ケアプラン　シルバーネスト【居宅介護支援】和歌山市秋葉町43-5", "url": "https://www.kaigokensaku.mhlw.go.jp/30/index.php?action_kouhyou_detail_004_kani=true&JigyosyoCd=3070102151-00&ServiceCd=430&Type=search", "url2": "http://careplan-akiba@ia5.itkeeper.nejp" }, "geometry": { "type": "Point", "coordinates": [ 135.169354200000043, 34.1993722 ] } },
{ "type": "Feature", "properties": { "内容": "クレールケアプランセンター【居宅介護支援】和歌山市松江北7丁目9-18", "url": "https://www.kaigokensaku.mhlw.go.jp/30/index.php?action_kouhyou_detail_004_kani=true&JigyosyoCd=3070108356-00&ServiceCd=430&Type=search", "url2": "http://www.restfrom.com/" }, "geometry": { "type": "Point", "coordinates": [ 135.125752, 34.2526055 ] } },
{ "type": "Feature", "properties": { "内容": "有限会社　ホームヘルパーサービス　かしの木【居宅介護支援】和歌山市舟津町4丁目10-5", "url": "https://www.kaigokensaku.mhlw.go.jp/30/index.php?action_kouhyou_detail_004_kani=true&JigyosyoCd=3070102516-00&ServiceCd=430&Type=search", "url2": "http://kasinoki.in" }, "geometry": { "type": "Point", "coordinates": [ 135.1591148, 34.2189512 ] } },
{ "type": "Feature", "properties": { "内容": "有限会社　成介【居宅介護支援】吉原778-2", "url": "https://www.kaigokensaku.mhlw.go.jp/30/index.php?action_kouhyou_detail_004_kani=true&JigyosyoCd=3070106954-00&ServiceCd=430&Type=search", "url2": "http://wakayamaseikai.jp/" }, "geometry": { "type": "Point", "coordinates": [ 135.202454217358394, 34.194135685516073 ] } },
{ "type": "Feature", "properties": { "内容": "ケアプランセンターつぼみ【居宅介護支援】和歌山市大谷24番地の2メゾンファミーユ　102号", "url": "https://www.kaigokensaku.mhlw.go.jp/30/index.php?action_kouhyou_detail_004_kani=true&JigyosyoCd=3070108901-00&ServiceCd=430&Type=search", "url2": null }, "geometry": { "type": "Point", "coordinates": [ 135.18305620000001, 34.261689199999985 ] } },
{ "type": "Feature", "properties": { "内容": "きらり【居宅介護支援】和歌山市楠見中４７－１９", "url": "https://www.kaigokensaku.mhlw.go.jp/30/index.php?action_kouhyou_detail_004_kani=true&JigyosyoCd=3070103506-00&ServiceCd=430&Type=search", "url2": "http://www.sankoukai-ym.jp" }, "geometry": { "type": "Point", "coordinates": [ 135.172351700000036, 34.2541951 ] } },
{ "type": "Feature", "properties": { "内容": "和柔整・早川整骨院【居宅介護支援】和歌山県和歌山市田尻１２５－１８", "url": "https://www.kaigokensaku.mhlw.go.jp/30/index.php?action_kouhyou_detail_004_kani=true&JigyosyoCd=3070108018-00&ServiceCd=430&Type=search", "url2": null }, "geometry": { "type": "Point", "coordinates": [ 135.197787100000028, 34.2092422 ] } },
{ "type": "Feature", "properties": { "内容": "優ケアプランセンター【居宅介護支援】和歌山県和歌山市大谷831-112", "url": "https://www.kaigokensaku.mhlw.go.jp/30/index.php?action_kouhyou_detail_004_kani=true&JigyosyoCd=3070112390-00&ServiceCd=430&Type=search", "url2": null }, "geometry": { "type": "Point", "coordinates": [ 135.176813399999986, 34.262395 ] } },
{ "type": "Feature", "properties": { "内容": "ほっとケアマネステーション【居宅介護支援】和歌山県和歌山市紀三井寺６５５−１コンフォート紀三井寺１０７", "url": "https://www.kaigokensaku.mhlw.go.jp/30/index.php?action_kouhyou_detail_004_kani=true&JigyosyoCd=3070113174-00&ServiceCd=430&Type=search", "url2": "http://hp.kaipoke.biz/fb2/index.html" }, "geometry": { "type": "Point", "coordinates": [ 135.187262800000013, 34.182059700000018 ] } },
{ "type": "Feature", "properties": { "内容": "居宅介護支援センターつるかめ【居宅介護支援】和歌山県和歌山市狐島５９０", "url": "https://www.kaigokensaku.mhlw.go.jp/30/index.php?action_kouhyou_detail_004_kani=true&JigyosyoCd=3070114966-00&ServiceCd=430&Type=search", "url2": null }, "geometry": { "type": "Point", "coordinates": [ 135.1576695, 34.2471918 ] } },
{ "type": "Feature", "properties": { "内容": "ウィッシュ居宅介護支援事業所【居宅介護支援】和歌山市出口端ノ丁20番地1", "url": "https://www.kaigokensaku.mhlw.go.jp/30/index.php?action_kouhyou_detail_004_kani=true&JigyosyoCd=3070103449-00&ServiceCd=430&Type=search", "url2": "http://care-net.biz/30/wish" }, "geometry": { "type": "Point", "coordinates": [ 135.163469020237699, 34.220714765506521 ] } },
{ "type": "Feature", "properties": { "内容": "ケアプランセンターブレス【居宅介護支援】和歌山県和歌山市布引935-1", "url": "https://www.kaigokensaku.mhlw.go.jp/30/index.php?action_kouhyou_detail_004_kani=true&JigyosyoCd=3070114958-00&ServiceCd=430&Type=search", "url2": null }, "geometry": { "type": "Point", "coordinates": [ 135.187085700000011, 34.1750785 ] } },
{ "type": "Feature", "properties": { "内容": "居宅介護支援事業所　ホース1【居宅介護支援】和歌山市一筋目26", "url": "https://www.kaigokensaku.mhlw.go.jp/30/index.php?action_kouhyou_detail_004_kani=true&JigyosyoCd=3070104835-00&ServiceCd=430&Type=search", "url2": "http://www.vivifala-yukako.co.jp/" }, "geometry": { "type": "Point", "coordinates": [ 135.171472, 34.2374716 ] } },
{ "type": "Feature", "properties": { "内容": "陽葵居宅介護支援事業所【居宅介護支援】和歌山県和歌山市和歌浦東２丁目9-61ネクサス和歌浦Ⅰ302", "url": "https://www.kaigokensaku.mhlw.go.jp/30/index.php?action_kouhyou_detail_004_kani=true&JigyosyoCd=3070114933-00&ServiceCd=430&Type=search", "url2": null }, "geometry": { "type": "Point", "coordinates": [ 135.1756814, 34.1914276 ] } },
{ "type": "Feature", "properties": { "内容": "三寿苑居宅介護支援事業所【居宅介護支援】和歌山県和歌山市島橋南ノ丁６番２１号", "url": "https://www.kaigokensaku.mhlw.go.jp/30/index.php?action_kouhyou_detail_004_kani=true&JigyosyoCd=3070108208-00&ServiceCd=430&Type=search", "url2": "https://www.koufu-kai.or.jp" }, "geometry": { "type": "Point", "coordinates": [ 135.1475351, 34.2431245 ] } },
{ "type": "Feature", "properties": { "内容": "ケアプランセンターきのした【居宅介護支援】和歌山県和歌山市禰宜970-1", "url": "https://www.kaigokensaku.mhlw.go.jp/30/index.php?action_kouhyou_detail_004_kani=true&JigyosyoCd=3070112457-00&ServiceCd=430&Type=search", "url2": "taishin-kinoshita.or.jp" }, "geometry": { "type": "Point", "coordinates": [ 135.248532599999976, 34.2349762 ] } },
{ "type": "Feature", "properties": { "内容": "ケアプランセンターなないろ【居宅介護支援】和歌山県和歌山市布施屋５５７ー１７", "url": "https://www.kaigokensaku.mhlw.go.jp/30/index.php?action_kouhyou_detail_004_kani=true&JigyosyoCd=3070109784-00&ServiceCd=430&Type=search", "url2": "https://colors7716.com/" }, "geometry": { "type": "Point", "coordinates": [ 135.262962268353277, 34.245994730614647 ] } },
{ "type": "Feature", "properties": { "内容": "株式会社　ケアサポート寺井【居宅介護支援】和歌山県和歌山市雑賀崎1332番地", "url": "https://www.kaigokensaku.mhlw.go.jp/30/index.php?action_kouhyou_detail_004_kani=true&JigyosyoCd=3070110758-00&ServiceCd=430&Type=search", "url2": null }, "geometry": { "type": "Point", "coordinates": [ 135.145799485543193, 34.191787889438942 ] } },
{ "type": "Feature", "properties": { "内容": "今福診療所【居宅介護支援】和歌山市今福2丁目1-16　今福診療所", "url": "https://www.kaigokensaku.mhlw.go.jp/30/index.php?action_kouhyou_detail_004_kani=true&JigyosyoCd=3010111114-00&ServiceCd=430&Type=search", "url2": "http://care-net.biz/30/kinokuniiryo/" }, "geometry": { "type": "Point", "coordinates": [ 135.1657755, 34.2117717 ] } },
{ "type": "Feature", "properties": { "内容": "ケアプランセンターソラリス【居宅介護支援】和歌山県和歌山市美園町2丁目109グランメール美園Ⅱ601", "url": "https://www.kaigokensaku.mhlw.go.jp/30/index.php?action_kouhyou_detail_004_kani=true&JigyosyoCd=3070114016-00&ServiceCd=430&Type=search", "url2": null }, "geometry": { "type": "Point", "coordinates": [ 135.187038680395517, 34.22970986475827 ] } },
{ "type": "Feature", "properties": { "内容": "恵みの風【居宅介護支援】和歌山県和歌山市紀三井寺１番地の３８", "url": "https://www.kaigokensaku.mhlw.go.jp/30/index.php?action_kouhyou_detail_004_kani=true&JigyosyoCd=3070110188-00&ServiceCd=430&Type=search", "url2": "http://www.eonet.ne.jp/~meguminokaze" }, "geometry": { "type": "Point", "coordinates": [ 135.198545599999989, 34.1703332 ] } },
{ "type": "Feature", "properties": { "内容": "介護支援センター　サン【居宅介護支援】和歌山市和田1208番地の７", "url": "https://www.kaigokensaku.mhlw.go.jp/30/index.php?action_kouhyou_detail_004_kani=true&JigyosyoCd=3070103241-00&ServiceCd=430&Type=search", "url2": "http://www.sun-mc.or.jp/orthopedic/outline/index.html" }, "geometry": { "type": "Point", "coordinates": [ 135.209101220345957, 34.207057401201169 ] } },
{ "type": "Feature", "properties": { "内容": "あおぞら居宅介護支援センター【居宅介護支援】和歌山県和歌山市手平2丁目5番1号", "url": "https://www.kaigokensaku.mhlw.go.jp/30/index.php?action_kouhyou_detail_004_kani=true&JigyosyoCd=3070109388-00&ServiceCd=430&Type=search", "url2": null }, "geometry": { "type": "Point", "coordinates": [ 135.188718200000039, 34.2179161 ] } },
{ "type": "Feature", "properties": { "内容": "ケアプラン心和【居宅介護支援】和歌山市雄松町一丁目61番地1", "url": "https://www.kaigokensaku.mhlw.go.jp/30/index.php?action_kouhyou_detail_004_kani=true&JigyosyoCd=3070113810-00&ServiceCd=430&Type=search", "url2": null }, "geometry": { "type": "Point", "coordinates": [ 135.183069840006738, 34.222304639367273 ] } },
{ "type": "Feature", "properties": { "内容": "いのうえケアセンター居宅支援【居宅介護支援】和歌山県和歌山市湊通丁南４丁目５番地３", "url": "https://www.kaigokensaku.mhlw.go.jp/30/index.php?action_kouhyou_detail_004_kani=true&JigyosyoCd=3070109990-00&ServiceCd=430&Type=search", "url2": null }, "geometry": { "type": "Point", "coordinates": [ 135.162613658232146, 34.22296920432666 ] } },
{ "type": "Feature", "properties": { "内容": "居宅介護支援事業所　あすか【居宅介護支援】和歌山市新在家165-8", "url": "https://www.kaigokensaku.mhlw.go.jp/30/index.php?action_kouhyou_detail_004_kani=true&JigyosyoCd=3070109198-00&ServiceCd=430&Type=search", "url2": null }, "geometry": { "type": "Point", "coordinates": [ 135.196610584022551, 34.244109757768442 ] } },
{ "type": "Feature", "properties": { "内容": "訪問看護ステーション「西和歌山」【居宅介護支援】和歌山市土入１７６番地", "url": "https://www.kaigokensaku.mhlw.go.jp/30/index.php?action_kouhyou_detail_004_kani=true&JigyosyoCd=3060190109-00&ServiceCd=430&Type=search", "url2": "http://wwwnishiwaka.or.jp" }, "geometry": { "type": "Point", "coordinates": [ 135.140248400000019, 34.2530556 ] } },
{ "type": "Feature", "properties": { "内容": "和柔整・山根接骨院【居宅介護支援】和歌山市古屋６８－４９", "url": "https://www.kaigokensaku.mhlw.go.jp/30/index.php?action_kouhyou_detail_004_kani=true&JigyosyoCd=3070107994-00&ServiceCd=430&Type=search", "url2": "yamane6080@yahoo.co.jp" }, "geometry": { "type": "Point", "coordinates": [ 135.119419899258446, 34.256786726441177 ] } },
{ "type": "Feature", "properties": { "内容": "よろず相談所【居宅介護支援】和歌山県和歌山市関戸3丁目4番23号", "url": "https://www.kaigokensaku.mhlw.go.jp/30/index.php?action_kouhyou_detail_004_kani=true&JigyosyoCd=3070113505-00&ServiceCd=430&Type=search", "url2": null }, "geometry": { "type": "Point", "coordinates": [ 135.1647111, 34.1963914 ] } },
{ "type": "Feature", "properties": { "内容": "居宅介護支援事業所　ケアネット【居宅介護支援】和歌山県和歌山市雑賀屋町12", "url": "https://www.kaigokensaku.mhlw.go.jp/30/index.php?action_kouhyou_detail_004_kani=true&JigyosyoCd=3070111616-00&ServiceCd=430&Type=search", "url2": "http//carenet-wakayama.com" }, "geometry": { "type": "Point", "coordinates": [ 135.1676417, 34.228022300000021 ] } },
{ "type": "Feature", "properties": { "内容": "たかまつ居宅介護支援センター【居宅介護支援】和歌山市西高松１－５－３６", "url": "https://www.kaigokensaku.mhlw.go.jp/30/index.php?action_kouhyou_detail_004_kani=true&JigyosyoCd=3070101146-00&ServiceCd=430&Type=search", "url2": null }, "geometry": { "type": "Point", "coordinates": [ 135.171303, 34.2081112 ] } },
{ "type": "Feature", "properties": { "内容": "和柔整・ケアプランニング辻岡接骨院【居宅介護支援】和歌山市中島５１３－１１", "url": "https://www.kaigokensaku.mhlw.go.jp/30/index.php?action_kouhyou_detail_004_kani=true&JigyosyoCd=3070108042-00&ServiceCd=430&Type=search", "url2": null }, "geometry": { "type": "Point", "coordinates": [ 135.18946, 34.2135139 ] } },
{ "type": "Feature", "properties": { "内容": "社会福祉法人喜成会【居宅介護支援】和歌山市北野１２８番地", "url": "https://www.kaigokensaku.mhlw.go.jp/30/index.php?action_kouhyou_detail_004_kani=true&JigyosyoCd=3070100338-00&ServiceCd=430&Type=search", "url2": "http://www.kiseikai-w.or.jp/" }, "geometry": { "type": "Point", "coordinates": [ 135.24955534907383, 34.264983363265955 ] } },
{ "type": "Feature", "properties": { "内容": "ケアプランハウス　いずみ【居宅介護支援】和歌山県和歌山市新堀東一丁目6番21号", "url": "https://www.kaigokensaku.mhlw.go.jp/30/index.php?action_kouhyou_detail_004_kani=true&JigyosyoCd=3070111889-00&ServiceCd=430&Type=search", "url2": null }, "geometry": { "type": "Point", "coordinates": [ 135.17368, 34.2129609 ] } },
{ "type": "Feature", "properties": { "内容": "花まる【居宅介護支援】和歌山県和歌山市黒田1丁目1-4パインフィールド302", "url": "https://www.kaigokensaku.mhlw.go.jp/30/index.php?action_kouhyou_detail_004_kani=true&JigyosyoCd=3070113802-00&ServiceCd=430&Type=search", "url2": null }, "geometry": { "type": "Point", "coordinates": [ 135.1918111, 34.2330677 ] } },
{ "type": "Feature", "properties": { "内容": "和柔整・畑村接骨院【居宅介護支援】和歌山市松島２２－７", "url": "https://www.kaigokensaku.mhlw.go.jp/30/index.php?action_kouhyou_detail_004_kani=true&JigyosyoCd=3070108026-00&ServiceCd=430&Type=search", "url2": null }, "geometry": { "type": "Point", "coordinates": [ 135.210548900000049, 34.2500439 ] } },
{ "type": "Feature", "properties": { "内容": "ケアプランセンター至福の郷【居宅介護支援】和歌山県和歌山市弘西844-1", "url": "https://www.kaigokensaku.mhlw.go.jp/30/index.php?action_kouhyou_detail_004_kani=true&JigyosyoCd=3070113018-00&ServiceCd=430&Type=search", "url2": "http://www.shifukuno-sato.com" }, "geometry": { "type": "Point", "coordinates": [ 135.240863399999967, 34.2665544 ] } },
{ "type": "Feature", "properties": { "内容": "ケアプランセンターハピネス【居宅介護支援】和歌山県和歌山市直川1700番地3", "url": "https://www.kaigokensaku.mhlw.go.jp/30/index.php?action_kouhyou_detail_004_kani=true&JigyosyoCd=3070113562-00&ServiceCd=430&Type=search", "url2": null }, "geometry": { "type": "Point", "coordinates": [ 135.215074820375094, 34.262772085718417 ] } },
{ "type": "Feature", "properties": { "内容": "ケアプランセンター　風鈴【居宅介護支援】和歌山市太田593クレール大門川207号", "url": "https://www.kaigokensaku.mhlw.go.jp/30/index.php?action_kouhyou_detail_004_kani=true&JigyosyoCd=3070109099-00&ServiceCd=430&Type=search", "url2": null }, "geometry": { "type": "Point", "coordinates": [ 135.1982253, 34.2318369 ] } },
{ "type": "Feature", "properties": { "内容": "ケアプランセンター　ひろ【居宅介護支援】和歌山県和歌山市舟津町四丁目28番地の2", "url": "https://www.kaigokensaku.mhlw.go.jp/30/index.php?action_kouhyou_detail_004_kani=true&JigyosyoCd=3070111517-00&ServiceCd=430&Type=search", "url2": null }, "geometry": { "type": "Point", "coordinates": [ 135.159248199999979, 34.2182541 ] } },
{ "type": "Feature", "properties": { "内容": "ケアプランセンター希望【居宅介護支援】和歌山県和歌山市六十谷86-3リバーサイドマンション704号室", "url": "https://www.kaigokensaku.mhlw.go.jp/30/index.php?action_kouhyou_detail_004_kani=true&JigyosyoCd=3070113265-00&ServiceCd=430&Type=search", "url2": null }, "geometry": { "type": "Point", "coordinates": [ 135.2005819, 34.2584495 ] } },
{ "type": "Feature", "properties": { "内容": "ケアプランセンター花【居宅介護支援】和歌山県和歌山市田野333-3", "url": "https://www.kaigokensaku.mhlw.go.jp/30/index.php?action_kouhyou_detail_004_kani=true&JigyosyoCd=3070112598-00&ServiceCd=430&Type=search", "url2": null }, "geometry": { "type": "Point", "coordinates": [ 135.151443701059435, 34.184989089600442 ] } },
{ "type": "Feature", "properties": { "内容": "介護相談センターピース＆ピース【居宅介護支援】和歌山県和歌山市北出島12-7", "url": "https://www.kaigokensaku.mhlw.go.jp/30/index.php?action_kouhyou_detail_004_kani=true&JigyosyoCd=3070111707-00&ServiceCd=430&Type=search", "url2": "http://wpap.ciao.jp" }, "geometry": { "type": "Point", "coordinates": [ 135.194960841629126, 34.223394911703217 ] } },
{ "type": "Feature", "properties": { "内容": "北水館【居宅介護支援】和歌山県和歌山市北出島88-2", "url": "https://www.kaigokensaku.mhlw.go.jp/30/index.php?action_kouhyou_detail_004_kani=true&JigyosyoCd=3070112044-00&ServiceCd=430&Type=search", "url2": null }, "geometry": { "type": "Point", "coordinates": [ 135.192129118737768, 34.221804379207633 ] } },
{ "type": "Feature", "properties": { "内容": "合同会社ケアサポートちさと【居宅介護支援】和歌山市和田446番地１　　福田住宅３０３", "url": "https://www.kaigokensaku.mhlw.go.jp/30/index.php?action_kouhyou_detail_004_kani=true&JigyosyoCd=3070108711-00&ServiceCd=430&Type=search", "url2": null }, "geometry": { "type": "Point", "coordinates": [ 135.176711100000034, 34.2026759 ] } },
{ "type": "Feature", "properties": { "内容": "合同会社ケアプランセンター虹色【居宅介護支援】和歌山県和歌山市杭ノ瀬２４４番地６", "url": "https://www.kaigokensaku.mhlw.go.jp/30/index.php?action_kouhyou_detail_004_kani=true&JigyosyoCd=3070111442-00&ServiceCd=430&Type=search", "url2": null }, "geometry": { "type": "Point", "coordinates": [ 135.1945819, 34.2070424 ] } },
{ "type": "Feature", "properties": { "内容": "居宅介護支援ぷらむ【居宅介護支援】和歌山県和歌山市六十谷1072-3インペリアル平成101号", "url": "https://www.kaigokensaku.mhlw.go.jp/30/index.php?action_kouhyou_detail_004_kani=true&JigyosyoCd=3070114487-00&ServiceCd=430&Type=search", "url2": null }, "geometry": { "type": "Point", "coordinates": [ 135.199665665281202, 34.264256790981555 ] } },
{ "type": "Feature", "properties": { "内容": "ケアプランセンターぽれぽれ【居宅介護支援】福島498-3光進ハイツ506", "url": "https://www.kaigokensaku.mhlw.go.jp/30/index.php?action_kouhyou_detail_004_kani=true&JigyosyoCd=3070114545-00&ServiceCd=430&Type=search", "url2": null }, "geometry": { "type": "Point", "coordinates": [ 140.4747856, 37.7607991 ] } },
{ "type": "Feature", "properties": { "内容": "在宅ケアセンターしあわせ　居宅介護支援室【居宅介護支援】和歌山市中之島５００－１０", "url": "https://www.kaigokensaku.mhlw.go.jp/30/index.php?action_kouhyou_detail_004_kani=true&JigyosyoCd=3070100130-00&ServiceCd=430&Type=search", "url2": "http://shiawase-kaigo.or.jo" }, "geometry": { "type": "Point", "coordinates": [ 135.187939799999981, 34.2428022 ] } },
{ "type": "Feature", "properties": { "内容": "わかうら園ケアプランセンター【居宅介護支援】和歌山市田野190ケアハウスわかうら園", "url": "https://www.kaigokensaku.mhlw.go.jp/30/index.php?action_kouhyou_detail_004_kani=true&JigyosyoCd=3070108430-00&ServiceCd=430&Type=search", "url2": "https://wakaurakai.or.jp/" }, "geometry": { "type": "Point", "coordinates": [ 135.150377099999986, 34.1852047 ] } },
{ "type": "Feature", "properties": { "内容": "あいの里【居宅介護支援】和歌山市相坂655番地の1", "url": "https://www.kaigokensaku.mhlw.go.jp/30/index.php?action_kouhyou_detail_004_kani=true&JigyosyoCd=3070101914-00&ServiceCd=430&Type=search", "url2": "http://www.ainosato-wa.or.jp" }, "geometry": { "type": "Point", "coordinates": [ 135.224362899336285, 34.195200975641114 ] } },
{ "type": "Feature", "properties": { "内容": "ケアプランセンター　フローレンス三寿【居宅介護支援】和歌山県和歌山市向180番1", "url": "https://www.kaigokensaku.mhlw.go.jp/30/index.php?action_kouhyou_detail_004_kani=true&JigyosyoCd=3070114651-00&ServiceCd=430&Type=search", "url2": "https://www.koufu-kai.or.jp/" }, "geometry": { "type": "Point", "coordinates": [ 135.142664394442789, 34.257987086309832 ] } },
{ "type": "Feature", "properties": { "内容": "ほうらい苑ケアプランセンター【居宅介護支援】和歌山市新和歌浦２番９号", "url": "https://www.kaigokensaku.mhlw.go.jp/30/index.php?action_kouhyou_detail_004_kani=true&JigyosyoCd=3070106418-00&ServiceCd=430&Type=search", "url2": "http://www.horai-en.com" }, "geometry": { "type": "Point", "coordinates": [ 135.156757199999987, 34.1856963 ] } },
{ "type": "Feature", "properties": { "内容": "ケアプランニングセンターソーラス【居宅介護支援】和歌山県和歌山市福島296番地の3", "url": "https://www.kaigokensaku.mhlw.go.jp/30/index.php?action_kouhyou_detail_004_kani=true&JigyosyoCd=3070100460-00&ServiceCd=430&Type=search", "url2": "https://www.fukumikai-solas.com" }, "geometry": { "type": "Point", "coordinates": [ 135.165052400000036, 34.2508036 ] } },
{ "type": "Feature", "properties": { "内容": "あさがおケアプランセンター【居宅介護支援】和歌山市太田2丁目8番21-302号", "url": "https://www.kaigokensaku.mhlw.go.jp/30/index.php?action_kouhyou_detail_004_kani=true&JigyosyoCd=3070114347-00&ServiceCd=430&Type=search", "url2": null }, "geometry": { "type": "Point", "coordinates": [ 135.194680299999987, 34.2313023 ] } },
{ "type": "Feature", "properties": { "内容": "居宅介護支援事業所ゆうゆう福島【居宅介護支援】和歌山市福島269-8", "url": "https://www.kaigokensaku.mhlw.go.jp/30/index.php?action_kouhyou_detail_004_kani=true&JigyosyoCd=3070104124-00&ServiceCd=430&Type=search", "url2": null }, "geometry": { "type": "Point", "coordinates": [ 135.168110500000012, 34.2505981 ] } },
{ "type": "Feature", "properties": { "内容": "和歌山市小倉267-10【居宅介護支援】和歌山県和歌山市小倉267-10", "url": "https://www.kaigokensaku.mhlw.go.jp/30/index.php?action_kouhyou_detail_004_kani=true&JigyosyoCd=3070111863-00&ServiceCd=430&Type=search", "url2": "ｈｔｔｐ：//ｗａｋａｙａｍａ-ｍａｒｉａ.ｊｐ" }, "geometry": { "type": "Point", "coordinates": [ 138.252924, 36.204824 ] } },
{ "type": "Feature", "properties": { "内容": "ケアステーション　たがみ【居宅介護支援】和歌山市友田町3丁目20番地", "url": "https://www.kaigokensaku.mhlw.go.jp/30/index.php?action_kouhyou_detail_004_kani=true&JigyosyoCd=3070101948-00&ServiceCd=430&Type=search", "url2": "https://tagami-joto.co.jp/" }, "geometry": { "type": "Point", "coordinates": [ 135.187220700000012, 34.2335142 ] } },
{ "type": "Feature", "properties": { "内容": "しんわ【居宅介護支援】和歌山市中之島710-3グランドハイツサンシャイン201号", "url": "https://www.kaigokensaku.mhlw.go.jp/30/index.php?action_kouhyou_detail_004_kani=true&JigyosyoCd=3070102607-00&ServiceCd=430&Type=search", "url2": null }, "geometry": { "type": "Point", "coordinates": [ 135.182683, 34.2415497 ] } },
{ "type": "Feature", "properties": { "内容": "ミントケアプランセンター【居宅介護支援】和歌山県和歌山市西庄79番地12", "url": "https://www.kaigokensaku.mhlw.go.jp/30/index.php?action_kouhyou_detail_004_kani=true&JigyosyoCd=3070111004-00&ServiceCd=430&Type=search", "url2": "http://www.sk-walk.co.jp" }, "geometry": { "type": "Point", "coordinates": [ 135.120246700000052, 34.2634402 ] } },
{ "type": "Feature", "properties": { "内容": "かすみ草居宅介護支援事業所【居宅介護支援】和歌山市西浜814番地1グランドハイツ西浜501号", "url": "https://www.kaigokensaku.mhlw.go.jp/30/index.php?action_kouhyou_detail_004_kani=true&JigyosyoCd=3070113638-00&ServiceCd=430&Type=search", "url2": null }, "geometry": { "type": "Point", "coordinates": [ 135.1568609, 34.2105721 ] } },
{ "type": "Feature", "properties": { "内容": "ケアプラン福【居宅介護支援】今福1丁目７番３号", "url": "https://www.kaigokensaku.mhlw.go.jp/30/index.php?action_kouhyou_detail_004_kani=true&JigyosyoCd=3070109966-00&ServiceCd=430&Type=search", "url2": null }, "geometry": { "type": "Point", "coordinates": [ 135.166228199999978, 34.2146047 ] } },
{ "type": "Feature", "properties": { "内容": "在宅介護支援センター　かまやま【居宅介護支援】和歌山市　和田350番地", "url": "https://www.kaigokensaku.mhlw.go.jp/30/index.php?action_kouhyou_detail_004_kani=true&JigyosyoCd=3070100213-00&ServiceCd=430&Type=search", "url2": "http://www.inada-med.or.jp" }, "geometry": { "type": "Point", "coordinates": [ 135.206002559524592, 34.200747950071161 ] } },
{ "type": "Feature", "properties": { "内容": "ケアプランセンター福慈会【居宅介護支援】和歌山市和歌浦東３丁目５番３２号", "url": "https://www.kaigokensaku.mhlw.go.jp/30/index.php?action_kouhyou_detail_004_kani=true&JigyosyoCd=3070106301-00&ServiceCd=430&Type=search", "url2": null }, "geometry": { "type": "Point", "coordinates": [ 135.177594499999941, 34.1890885 ] } },
{ "type": "Feature", "properties": { "内容": "桔梗【居宅介護支援】和歌山市鳴神120番地5", "url": "https://www.kaigokensaku.mhlw.go.jp/30/index.php?action_kouhyou_detail_004_kani=true&JigyosyoCd=3070100254-00&ServiceCd=430&Type=search", "url2": null }, "geometry": { "type": "Point", "coordinates": [ 135.210739688330051, 34.226151278876081 ] } },
{ "type": "Feature", "properties": { "内容": "居宅介護支援事業所　リハ☆いち【居宅介護支援】和歌山県和歌山市宇治鉄砲場１１２フジコーポ１Ｆ", "url": "https://www.kaigokensaku.mhlw.go.jp/30/index.php?action_kouhyou_detail_004_kani=true&JigyosyoCd=3070111053-00&ServiceCd=430&Type=search", "url2": "axissuppo.wix.com/axis.support" }, "geometry": { "type": "Point", "coordinates": [ 135.174656, 34.2429686 ] } },
{ "type": "Feature", "properties": { "内容": "居宅介護支援事業所　ほしや【居宅介護支援】和歌山市上三毛６８５－１", "url": "https://www.kaigokensaku.mhlw.go.jp/30/index.php?action_kouhyou_detail_004_kani=true&JigyosyoCd=3070109750-00&ServiceCd=430&Type=search", "url2": "http://www.murohome.jp" }, "geometry": { "type": "Point", "coordinates": [ 135.300376595075932, 34.243518551575079 ] } },
{ "type": "Feature", "properties": { "内容": "ケアプランセンター福友会【居宅介護支援】和歌山県和歌山市井辺5-15プリシェール井辺103", "url": "https://www.kaigokensaku.mhlw.go.jp/30/index.php?action_kouhyou_detail_004_kani=true&JigyosyoCd=3070108927-00&ServiceCd=430&Type=search", "url2": null }, "geometry": { "type": "Point", "coordinates": [ 135.20843027208204, 34.224169186349343 ] } },
{ "type": "Feature", "properties": { "内容": "スマイル・ステーションケア事業部【居宅介護支援】和歌山市大垣内564-3", "url": "https://www.kaigokensaku.mhlw.go.jp/30/index.php?action_kouhyou_detail_004_kani=true&JigyosyoCd=3070105931-00&ServiceCd=430&Type=search", "url2": null }, "geometry": { "type": "Point", "coordinates": [ 135.273832728836084, 34.246332322469165 ] } },
{ "type": "Feature", "properties": { "内容": "パソナライフケア栄谷【居宅介護支援】和歌山県和歌山市栄谷179-1", "url": "https://www.kaigokensaku.mhlw.go.jp/30/index.php?action_kouhyou_detail_004_kani=true&JigyosyoCd=3070109610-00&ServiceCd=430&Type=search", "url2": "http://www.pasona-lc.co.jp/" }, "geometry": { "type": "Point", "coordinates": [ 135.153495497136646, 34.256631517346527 ] } },
{ "type": "Feature", "properties": { "内容": "紀州リハビリケア　ケアプランセンター【居宅介護支援】和歌山県和歌山市冬野1335-1", "url": "https://www.kaigokensaku.mhlw.go.jp/30/index.php?action_kouhyou_detail_004_kani=true&JigyosyoCd=3070111780-00&ServiceCd=430&Type=search", "url2": "kisyuuriha9261@wit.ocn.ne.jp" }, "geometry": { "type": "Point", "coordinates": [ 135.21640780000007, 34.1864148 ] } },
{ "type": "Feature", "properties": { "内容": "和歌山県和歌山市松江東4丁目12-32【居宅介護支援】和歌山県和歌山市松江東4丁目12-32", "url": "https://www.kaigokensaku.mhlw.go.jp/30/index.php?action_kouhyou_detail_004_kani=true&JigyosyoCd=3070107655-00&ServiceCd=430&Type=search", "url2": null }, "geometry": { "type": "Point", "coordinates": [ 135.1424006, 34.2473633 ] } },
{ "type": "Feature", "properties": { "内容": "ジョイフルホームやつなみ【居宅介護支援】和歌山市西庄527-4", "url": "https://www.kaigokensaku.mhlw.go.jp/30/index.php?action_kouhyou_detail_004_kani=true&JigyosyoCd=3070100346-00&ServiceCd=430&Type=search", "url2": null }, "geometry": { "type": "Point", "coordinates": [ 135.10872489999997, 34.262407 ] } },
{ "type": "Feature", "properties": { "内容": "西庄園【居宅介護支援】和歌山市西庄1133-2", "url": "https://www.kaigokensaku.mhlw.go.jp/30/index.php?action_kouhyou_detail_004_kani=true&JigyosyoCd=3070100353-00&ServiceCd=430&Type=search", "url2": "http://seisyoen-minori.jp/" }, "geometry": { "type": "Point", "coordinates": [ 135.112891399999967, 34.2642096 ] } },
{ "type": "Feature", "properties": { "内容": "オレンジコープ紀伊【居宅介護支援】和歌山県和歌山市弘西579", "url": "https://www.kaigokensaku.mhlw.go.jp/30/index.php?action_kouhyou_detail_004_kani=true&JigyosyoCd=3070111905-00&ServiceCd=430&Type=search", "url2": "http://www.orangecoop.jp/" }, "geometry": { "type": "Point", "coordinates": [ 135.2399964, 34.270954 ] } },
{ "type": "Feature", "properties": { "内容": "有限会社ダイケンハウジング福祉事業部【居宅介護支援】和歌山市三葛521日之出建設本社ビル2Ｆ", "url": "https://www.kaigokensaku.mhlw.go.jp/30/index.php?action_kouhyou_detail_004_kani=true&JigyosyoCd=3070103357-00&ServiceCd=430&Type=search", "url2": null }, "geometry": { "type": "Point", "coordinates": [ 135.1864438, 34.2006042 ] } },
{ "type": "Feature", "properties": { "内容": "ケアプランセンターはやし【居宅介護支援】和歌山県和歌山市宇須2-1-31", "url": "https://www.kaigokensaku.mhlw.go.jp/30/index.php?action_kouhyou_detail_004_kani=true&JigyosyoCd=3070112796-00&ServiceCd=430&Type=search", "url2": "careplan.center.hayashi0801＠gmail.com" }, "geometry": { "type": "Point", "coordinates": [ 135.1747657, 34.204516799999986 ] } },
{ "type": "Feature", "properties": { "内容": "まつい訪問看護ステーション【居宅介護支援】和歌山県和歌山市砂山南四丁目1番37号", "url": "https://www.kaigokensaku.mhlw.go.jp/30/index.php?action_kouhyou_detail_004_kani=true&JigyosyoCd=3060190398-00&ServiceCd=430&Type=search", "url2": "http://matsui-houmonkango.co.jp/" }, "geometry": { "type": "Point", "coordinates": [ 135.159764799999948, 34.2166015 ] } },
{ "type": "Feature", "properties": { "内容": "シニアCOOP和歌山北ケアプランセンター【居宅介護支援】和歌山県和歌山市直川565-7", "url": "https://www.kaigokensaku.mhlw.go.jp/30/index.php?action_kouhyou_detail_004_kani=true&JigyosyoCd=3070114164-00&ServiceCd=430&Type=search", "url2": "http://www.s-co-op.or.jp" }, "geometry": { "type": "Point", "coordinates": [ 135.2193944, 34.2624607 ] } },
{ "type": "Feature", "properties": { "内容": "星の家ケアプランセンター【居宅介護支援】和歌山県和歌山市吉田４３２シティビル太田3階2301", "url": "https://www.kaigokensaku.mhlw.go.jp/30/index.php?action_kouhyou_detail_004_kani=true&JigyosyoCd=3070114610-00&ServiceCd=430&Type=search", "url2": null }, "geometry": { "type": "Point", "coordinates": [ 135.189485458860787, 34.234816655195687 ] } },
{ "type": "Feature", "properties": { "内容": "そうわケアサービス【居宅介護支援】広瀬通丁3‐13‐2コスモ広瀬２０１号", "url": "https://www.kaigokensaku.mhlw.go.jp/30/index.php?action_kouhyou_detail_004_kani=true&JigyosyoCd=3060190737-00&ServiceCd=430&Type=search", "url2": "http://www.souwacare.org/" }, "geometry": { "type": "Point", "coordinates": [ 135.182918400000062, 34.2267343 ] } },
{ "type": "Feature", "properties": { "内容": "ケアプランセンターロング【居宅介護支援】和歌山県和歌山市中之島281-3", "url": "https://www.kaigokensaku.mhlw.go.jp/30/index.php?action_kouhyou_detail_004_kani=true&JigyosyoCd=3070110485-00&ServiceCd=430&Type=search", "url2": null }, "geometry": { "type": "Point", "coordinates": [ 135.195820306798652, 34.243197543835414 ] } },
{ "type": "Feature", "properties": { "内容": "ケアプラン・あうる【居宅介護支援】和歌山県和歌山市堀止西２－７－７デュオ堀止１０１号", "url": "https://www.kaigokensaku.mhlw.go.jp/30/index.php?action_kouhyou_detail_004_kani=true&JigyosyoCd=3070110667-00&ServiceCd=430&Type=search", "url2": null }, "geometry": { "type": "Point", "coordinates": [ 135.169001740475494, 34.211052605678162 ] } },
{ "type": "Feature", "properties": { "内容": "カーサ・デ・ソコロ・アンシアナトー【居宅介護支援】和歌山市松江東1丁目７－２５", "url": "https://www.kaigokensaku.mhlw.go.jp/30/index.php?action_kouhyou_detail_004_kani=true&JigyosyoCd=3070100502-00&ServiceCd=430&Type=search", "url2": "https://www.ancianatio.com/" }, "geometry": { "type": "Point", "coordinates": [ 135.134546099999966, 34.2438399 ] } },
{ "type": "Feature", "properties": { "内容": "グランリーフ　ケアプランセンター【居宅介護支援】和歌山市南片原2丁目12番地", "url": "https://www.kaigokensaku.mhlw.go.jp/30/index.php?action_kouhyou_detail_004_kani=true&JigyosyoCd=3070100544-00&ServiceCd=430&Type=search", "url2": null }, "geometry": { "type": "Point", "coordinates": [ 135.184326700000042, 34.2238236 ] } },
{ "type": "Feature", "properties": { "内容": "居宅介護支援事業所　エスポワール【居宅介護支援】和歌山市楠見中193-7", "url": "https://www.kaigokensaku.mhlw.go.jp/30/index.php?action_kouhyou_detail_004_kani=true&JigyosyoCd=3070105659-00&ServiceCd=430&Type=search", "url2": "http://www.nakae.or.jp" }, "geometry": { "type": "Point", "coordinates": [ 135.180088247885124, 34.253651249625953 ] } },
{ "type": "Feature", "properties": { "内容": "ケアプランセンター　うさぎ【居宅介護支援】和歌山県　和歌山市　湊　五丁目　7番11号", "url": "https://www.kaigokensaku.mhlw.go.jp/30/index.php?action_kouhyou_detail_004_kani=true&JigyosyoCd=3070110204-00&ServiceCd=430&Type=search", "url2": "https://bishin201309.co.jp" }, "geometry": { "type": "Point", "coordinates": [ 135.145715199191301, 34.228002539478915 ] } },
{ "type": "Feature", "properties": { "内容": "社会福祉法人　紀伊松風苑【居宅介護支援】和歌山市園部1668番地の1", "url": "https://www.kaigokensaku.mhlw.go.jp/30/index.php?action_kouhyou_detail_004_kani=true&JigyosyoCd=3070100478-00&ServiceCd=430&Type=search", "url2": "http://www.kii-shoufuuen.jp/" }, "geometry": { "type": "Point", "coordinates": [ 135.18885, 34.2717885 ] } },
{ "type": "Feature", "properties": { "内容": "第二親和園在宅介護支援センター【居宅介護支援】和歌山市杭ノ瀬462番地の2", "url": "https://www.kaigokensaku.mhlw.go.jp/30/index.php?action_kouhyou_detail_004_kani=true&JigyosyoCd=3070100486-00&ServiceCd=430&Type=search", "url2": "honbu@shinwaen.jp" }, "geometry": { "type": "Point", "coordinates": [ 135.189661920237768, 34.202231143897833 ] } },
{ "type": "Feature", "properties": { "内容": "和歌山ケアマネージャーの会【居宅介護支援】和歌山市舟津町3丁目32-3パレ・ロワイヤル舟津1階", "url": "https://www.kaigokensaku.mhlw.go.jp/30/index.php?action_kouhyou_detail_004_kani=true&JigyosyoCd=3070101575-00&ServiceCd=430&Type=search", "url2": "https://wcma.or.jp/" }, "geometry": { "type": "Point", "coordinates": [ 135.160034200000041, 34.2192984 ] } },
{ "type": "Feature", "properties": { "内容": "あっと宝夢【居宅介護支援】和歌山市榎原84-4", "url": "https://www.kaigokensaku.mhlw.go.jp/30/index.php?action_kouhyou_detail_004_kani=true&JigyosyoCd=3070108935-00&ServiceCd=430&Type=search", "url2": "https://wcma.or.jp/" }, "geometry": { "type": "Point", "coordinates": [ 135.1352597, 34.254386 ] } },
{ "type": "Feature", "properties": { "内容": "楠見ケアプランセンターすずらん【居宅介護支援】和歌山市楠見中26-1", "url": "https://www.kaigokensaku.mhlw.go.jp/30/index.php?action_kouhyou_detail_004_kani=true&JigyosyoCd=3070105345-00&ServiceCd=430&Type=search", "url2": null }, "geometry": { "type": "Point", "coordinates": [ 135.1755597, 34.2572366 ] } },
{ "type": "Feature", "properties": { "内容": "居宅介護支援事業所あい船所【居宅介護支援】和歌山県和歌山市楠見中１９３－７", "url": "https://www.kaigokensaku.mhlw.go.jp/30/index.php?action_kouhyou_detail_004_kani=true&JigyosyoCd=3070111483-00&ServiceCd=430&Type=search", "url2": null }, "geometry": { "type": "Point", "coordinates": [ 135.18009840000002, 34.253634300000023 ] } },
{ "type": "Feature", "properties": { "内容": "生協芦原診療所【居宅介護支援】和歌山市雄松町２丁目５５", "url": "https://www.kaigokensaku.mhlw.go.jp/30/index.php?action_kouhyou_detail_004_kani=true&JigyosyoCd=3010111148-00&ServiceCd=430&Type=search", "url2": null }, "geometry": { "type": "Point", "coordinates": [ 135.182685200000037, 34.2218155 ] } },
{ "type": "Feature", "properties": { "内容": "在宅介護支援センター和歌山生協病院【居宅介護支援】和歌山市有本１４３－１在宅総合ケアセンター１階", "url": "https://www.kaigokensaku.mhlw.go.jp/30/index.php?action_kouhyou_detail_004_kani=true&JigyosyoCd=3070100387-00&ServiceCd=430&Type=search", "url2": "http://www.w-iryoseikyo.com/" }, "geometry": { "type": "Point", "coordinates": [ 135.197833299999957, 34.2455661 ] } },
{ "type": "Feature", "properties": { "内容": "居宅介護支援事業所あさか【居宅介護支援】和歌山市新庄465", "url": "https://www.kaigokensaku.mhlw.go.jp/30/index.php?action_kouhyou_detail_004_kani=true&JigyosyoCd=3070104439-00&ServiceCd=430&Type=search", "url2": "https://asaka-c.jp/" }, "geometry": { "type": "Point", "coordinates": [ 135.286957242466769, 34.247545617344954 ] } },
{ "type": "Feature", "properties": { "内容": "居宅介護支援　ラ・エスペランサ【居宅介護支援】和歌山市中島192番地", "url": "https://www.kaigokensaku.mhlw.go.jp/30/index.php?action_kouhyou_detail_004_kani=true&JigyosyoCd=3050180078-00&ServiceCd=430&Type=search", "url2": "http://www.la-esperanza.or.jp" }, "geometry": { "type": "Point", "coordinates": [ 135.186302, 34.2076923 ] } },
{ "type": "Feature", "properties": { "内容": "伏虎リハビリテーション病院【居宅介護支援】畑屋敷東ノ丁1番地", "url": "https://www.kaigokensaku.mhlw.go.jp/30/index.php?action_kouhyou_detail_004_kani=true&JigyosyoCd=3070114826-00&ServiceCd=430&Type=search", "url2": "https://nakatani.wakayama.jp/" }, "geometry": { "type": "Point", "coordinates": [ 135.182796685572498, 34.23527134260717 ] } },
{ "type": "Feature", "properties": { "内容": "紀伊の里【居宅介護支援】和歌山県和歌山市宇田森275-10", "url": "https://www.kaigokensaku.mhlw.go.jp/30/index.php?action_kouhyou_detail_004_kani=true&JigyosyoCd=3070100882-00&ServiceCd=430&Type=search", "url2": "http://www.kiinosatokiiclinic.com" }, "geometry": { "type": "Point", "coordinates": [ 135.249601200000029, 34.2638825 ] } },
{ "type": "Feature", "properties": { "内容": "あんさんぶる【居宅介護支援】和歌山県和歌山市榎原３番地の７", "url": "https://www.kaigokensaku.mhlw.go.jp/30/index.php?action_kouhyou_detail_004_kani=true&JigyosyoCd=3070111400-00&ServiceCd=430&Type=search", "url2": null }, "geometry": { "type": "Point", "coordinates": [ 135.132607099999973, 34.25743 ] } },
{ "type": "Feature", "properties": { "内容": "ケアプランセンター青空【居宅介護支援】和歌山市吐前743-3", "url": "https://www.kaigokensaku.mhlw.go.jp/30/index.php?action_kouhyou_detail_004_kani=true&JigyosyoCd=3070111186-00&ServiceCd=430&Type=search", "url2": null }, "geometry": { "type": "Point", "coordinates": [ 135.2697918, 34.2452425 ] } },
{ "type": "Feature", "properties": { "内容": "春風会ケアプランセンター【居宅介護支援】和歌山県和歌山市和歌浦東4丁目3-51", "url": "https://www.kaigokensaku.mhlw.go.jp/30/index.php?action_kouhyou_detail_004_kani=true&JigyosyoCd=3070114495-00&ServiceCd=430&Type=search", "url2": "http://harukazekai.jp/" }, "geometry": { "type": "Point", "coordinates": [ 135.1753162, 34.1882799 ] } },
{ "type": "Feature", "properties": { "内容": "ケアプランセンター百寿【居宅介護支援】和歌山県和歌山市和歌浦西1丁目7番3号", "url": "https://www.kaigokensaku.mhlw.go.jp/30/index.php?action_kouhyou_detail_004_kani=true&JigyosyoCd=3070111525-00&ServiceCd=430&Type=search", "url2": null }, "geometry": { "type": "Point", "coordinates": [ 135.169037679762226, 34.194804230891656 ] } },
{ "type": "Feature", "properties": { "内容": "ケアプランセンターさんしゃいん【居宅介護支援】和歌山市六十谷1338番地47", "url": "https://www.kaigokensaku.mhlw.go.jp/30/index.php?action_kouhyou_detail_004_kani=true&JigyosyoCd=3070111533-00&ServiceCd=430&Type=search", "url2": null }, "geometry": { "type": "Point", "coordinates": [ 135.210384699999963, 34.2744056 ] } },
{ "type": "Feature", "properties": { "内容": "ケアプランセンター桜季【居宅介護支援】和歌山県和歌山市源蔵馬場2丁目4番地薮田マンション201", "url": "https://www.kaigokensaku.mhlw.go.jp/30/index.php?action_kouhyou_detail_004_kani=true&JigyosyoCd=3070113471-00&ServiceCd=430&Type=search", "url2": null }, "geometry": { "type": "Point", "coordinates": [ 135.1730856, 34.2426268 ] } },
{ "type": "Feature", "properties": { "内容": "ケアプランセンター晴【居宅介護支援】和歌山県和歌山市杭ノ瀬333－27第一広田マンション１０２", "url": "https://www.kaigokensaku.mhlw.go.jp/30/index.php?action_kouhyou_detail_004_kani=true&JigyosyoCd=3070113430-00&ServiceCd=430&Type=search", "url2": null }, "geometry": { "type": "Point", "coordinates": [ 135.1929079, 34.207641399999986 ] } },
{ "type": "Feature", "properties": { "内容": "スミヤ訪問看護ステーション【居宅介護支援】和歌山市納定11-4", "url": "https://www.kaigokensaku.mhlw.go.jp/30/index.php?action_kouhyou_detail_004_kani=true&JigyosyoCd=3060190117-00&ServiceCd=430&Type=search", "url2": "http://www.sumiya.or.jp" }, "geometry": { "type": "Point", "coordinates": [ 135.191267399999987, 34.2370834 ] } },
{ "type": "Feature", "properties": { "内容": "紀三井寺苑居宅介護支援事業所【居宅介護支援】和歌山県和歌山市紀三井寺560-2", "url": "https://www.kaigokensaku.mhlw.go.jp/30/index.php?action_kouhyou_detail_004_kani=true&JigyosyoCd=3070109230-00&ServiceCd=430&Type=search", "url2": "https://www.kisan.or.jp" }, "geometry": { "type": "Point", "coordinates": [ 135.184688021941014, 34.181290984410886 ] } },
{ "type": "Feature", "properties": { "内容": "居宅介護支援事業所バイオレット【居宅介護支援】和歌山市平尾2番地1", "url": "https://www.kaigokensaku.mhlw.go.jp/30/index.php?action_kouhyou_detail_004_kani=true&JigyosyoCd=3070103001-00&ServiceCd=430&Type=search", "url2": "http://www.jukeikai.jp" }, "geometry": { "type": "Point", "coordinates": [ 135.244935555819694, 34.206896198442237 ] } },
{ "type": "Feature", "properties": { "内容": "居宅介護支援事業所ハルジオン【居宅介護支援】和歌山県和歌山市井ノ口302-5", "url": "https://www.kaigokensaku.mhlw.go.jp/30/index.php?action_kouhyou_detail_004_kani=true&JigyosyoCd=3070104827-00&ServiceCd=430&Type=search", "url2": "http://www.jukeikai.jp/" }, "geometry": { "type": "Point", "coordinates": [ 135.24779700987159, 34.239356913352665 ] } },
{ "type": "Feature", "properties": { "内容": "河西診療所【居宅介護支援】和歌山市平井66-1", "url": "https://www.kaigokensaku.mhlw.go.jp/30/index.php?action_kouhyou_detail_004_kani=true&JigyosyoCd=3010110827-00&ServiceCd=430&Type=search", "url2": "http://www.w-iryoseikyo.com/inst/kasei.html" }, "geometry": { "type": "Point", "coordinates": [ 135.166021300000011, 34.2599361 ] } },
{ "type": "Feature", "properties": { "内容": "ケアプランセンター生協中之島【居宅介護支援】和歌山県和歌山市中之島880-2", "url": "https://www.kaigokensaku.mhlw.go.jp/30/index.php?action_kouhyou_detail_004_kani=true&JigyosyoCd=3070113794-00&ServiceCd=430&Type=search", "url2": null }, "geometry": { "type": "Point", "coordinates": [ 135.185969199999988, 34.2434259 ] } },
{ "type": "Feature", "properties": { "内容": "ネクストライフ紀三井寺【居宅介護支援】和歌山県和歌山市三葛243-1", "url": "https://www.kaigokensaku.mhlw.go.jp/30/index.php?action_kouhyou_detail_004_kani=true&JigyosyoCd=3070108364-00&ServiceCd=430&Type=search", "url2": "http://www.ikoinosato-group.com/" }, "geometry": { "type": "Point", "coordinates": [ 135.186052199999949, 34.1919164 ] } },
{ "type": "Feature", "properties": { "内容": "田辺中央病院第2ケアプランセンター【居宅介護支援】和歌山県和歌山市栗栖6-18", "url": "https://www.kaigokensaku.mhlw.go.jp/30/index.php?action_kouhyou_detail_004_kani=true&JigyosyoCd=3070114800-00&ServiceCd=430&Type=search", "url2": null }, "geometry": { "type": "Point", "coordinates": [ 135.224057682682883, 34.236525059207352 ] } },
{ "type": "Feature", "properties": { "内容": "りゅうじん居宅介護支援センター【居宅介護支援】和歌山県和歌山市北中島１丁目5-1", "url": "https://www.kaigokensaku.mhlw.go.jp/30/index.php?action_kouhyou_detail_004_kani=true&JigyosyoCd=3070105535-00&ServiceCd=430&Type=search", "url2": "http://www12.ocn.ne.jp/~ryujin/" }, "geometry": { "type": "Point", "coordinates": [ 135.187410099999965, 34.2136666 ] } },
{ "type": "Feature", "properties": { "内容": "パインドーム介護支援センター【居宅介護支援】和歌山県和歌山市松江東2丁目4-26", "url": "https://www.kaigokensaku.mhlw.go.jp/30/index.php?action_kouhyou_detail_004_kani=true&JigyosyoCd=3050180003-00&ServiceCd=430&Type=search", "url2": "http://www.seishou-kai.jp" }, "geometry": { "type": "Point", "coordinates": [ 135.134748899999977, 34.2453203 ] } },
{ "type": "Feature", "properties": { "内容": "えーる【居宅介護支援】杭ノ瀬113-8", "url": "https://www.kaigokensaku.mhlw.go.jp/30/index.php?action_kouhyou_detail_004_kani=true&JigyosyoCd=3070112309-00&ServiceCd=430&Type=search", "url2": null }, "geometry": { "type": "Point", "coordinates": [ 135.191516099999944, 34.2130553 ] } },
{ "type": "Feature", "properties": { "内容": "株式会社Way【居宅介護支援】和歌山県和歌山市西高松二丁目１５－５", "url": "https://www.kaigokensaku.mhlw.go.jp/30/index.php?action_kouhyou_detail_004_kani=true&JigyosyoCd=3070113257-00&ServiceCd=430&Type=search", "url2": null }, "geometry": { "type": "Point", "coordinates": [ 135.17038029623393, 34.20394174211625 ] } },
{ "type": "Feature", "properties": { "内容": "ケアプランセンター　きづき【居宅介護支援】和歌山県和歌山市南出島74-7　A101", "url": "https://www.kaigokensaku.mhlw.go.jp/30/index.php?action_kouhyou_detail_004_kani=true&JigyosyoCd=3070111434-00&ServiceCd=430&Type=search", "url2": null }, "geometry": { "type": "Point", "coordinates": [ 135.194371423946137, 34.217605579724442 ] } },
{ "type": "Feature", "properties": { "内容": "なのはなケアプランセンター【居宅介護支援】和歌山市吹上３丁目１－６５", "url": "https://www.kaigokensaku.mhlw.go.jp/30/index.php?action_kouhyou_detail_004_kani=true&JigyosyoCd=3070105626-00&ServiceCd=430&Type=search", "url2": "http://www" }, "geometry": { "type": "Point", "coordinates": [ 135.171615374096746, 34.219618575645512 ] } },
{ "type": "Feature", "properties": { "内容": "居宅介護支援事業所オリーブ【居宅介護支援】和歌山県和歌山市舟津町４丁目１４－１ニューハイツ舟津１０４号", "url": "https://www.kaigokensaku.mhlw.go.jp/30/index.php?action_kouhyou_detail_004_kani=true&JigyosyoCd=3070111954-00&ServiceCd=430&Type=search", "url2": null }, "geometry": { "type": "Point", "coordinates": [ 135.158743665081829, 34.219173827283441 ] } },
{ "type": "Feature", "properties": { "内容": "株式会社　向陽【居宅介護支援】和歌山市中之島784番地1", "url": "https://www.kaigokensaku.mhlw.go.jp/30/index.php?action_kouhyou_detail_004_kani=true&JigyosyoCd=3070110865-00&ServiceCd=430&Type=search", "url2": "http://ｗｗｗ.ｋｏｙｏ-ｏｏｔａ.ｃｏ.ｊｐ/" }, "geometry": { "type": "Point", "coordinates": [ 135.179182465907502, 34.239891639686526 ] } },
{ "type": "Feature", "properties": { "内容": "ケアプランセンター紬伎【居宅介護支援】和歌山県和歌山市弘西92番地アヴニール202号", "url": "https://www.kaigokensaku.mhlw.go.jp/30/index.php?action_kouhyou_detail_004_kani=true&JigyosyoCd=3070112275-00&ServiceCd=430&Type=search", "url2": null }, "geometry": { "type": "Point", "coordinates": [ 135.234285355586223, 34.266603399053345 ] } },
{ "type": "Feature", "properties": { "内容": "皆楽園小倉ケアプランセンター【居宅介護支援】和歌山県和歌山市吐前６２０－１", "url": "https://www.kaigokensaku.mhlw.go.jp/30/index.php?action_kouhyou_detail_004_kani=true&JigyosyoCd=3070101831-00&ServiceCd=430&Type=search", "url2": "http://kairakuen.or.jp" }, "geometry": { "type": "Point", "coordinates": [ 135.274702499999989, 34.2429316 ] } },
{ "type": "Feature", "properties": { "内容": "紀伊てまり苑居宅介護支援事業所【居宅介護支援】和歌山市西田井２２４番地", "url": "https://www.kaigokensaku.mhlw.go.jp/30/index.php?action_kouhyou_detail_004_kani=true&JigyosyoCd=3070100056-00&ServiceCd=430&Type=search", "url2": "https://www.kii-fukushikai.or.jp" }, "geometry": { "type": "Point", "coordinates": [ 135.232952699999942, 34.2574743 ] } },
{ "type": "Feature", "properties": { "内容": "琴の浦居宅介護支援センター【居宅介護支援】和歌山市毛見１４５１番地", "url": "https://www.kaigokensaku.mhlw.go.jp/30/index.php?action_kouhyou_detail_004_kani=true&JigyosyoCd=3070100510-00&ServiceCd=430&Type=search", "url2": "http://www.kotonoura.or.jp" }, "geometry": { "type": "Point", "coordinates": [ 135.184342383310906, 34.157651733378671 ] } },
{ "type": "Feature", "properties": { "内容": "竹の里園居宅介護支援事業所【居宅介護支援】和歌山市明王寺３－１", "url": "https://www.kaigokensaku.mhlw.go.jp/30/index.php?action_kouhyou_detail_004_kani=true&JigyosyoCd=3070100296-00&ServiceCd=430&Type=search", "url2": "https://www.takenosatoen.jp" }, "geometry": { "type": "Point", "coordinates": [ 135.254191200000037, 34.2133121 ] } },
{ "type": "Feature", "properties": { "内容": "愛ケアサービス【居宅介護支援】和歌山市下三毛４６４番地１", "url": "https://www.kaigokensaku.mhlw.go.jp/30/index.php?action_kouhyou_detail_004_kani=true&JigyosyoCd=3070103563-00&ServiceCd=430&Type=search", "url2": null }, "geometry": { "type": "Point", "coordinates": [ 135.297167986496447, 34.242725753480443 ] } },
{ "type": "Feature", "properties": { "内容": "光彩ケアプランセンター【居宅介護支援】和歌山市大河内１８８－３", "url": "https://www.kaigokensaku.mhlw.go.jp/30/index.php?action_kouhyou_detail_004_kani=true&JigyosyoCd=3070106392-00&ServiceCd=430&Type=search", "url2": null }, "geometry": { "type": "Point", "coordinates": [ 135.259977378365306, 34.199324634218875 ] } },
{ "type": "Feature", "properties": { "内容": "ケアプランセンター　夢【居宅介護支援】和歌山市築港4丁目9-3", "url": "https://www.kaigokensaku.mhlw.go.jp/30/index.php?action_kouhyou_detail_004_kani=true&JigyosyoCd=3070106384-00&ServiceCd=430&Type=search", "url2": null }, "geometry": { "type": "Point", "coordinates": [ 135.152809499999989, 34.2208655 ] } },
{ "type": "Feature", "properties": { "内容": "ケアプランセンター　ちから【居宅介護支援】和歌山市森小手穂75番地4", "url": "https://www.kaigokensaku.mhlw.go.jp/30/index.php?action_kouhyou_detail_004_kani=true&JigyosyoCd=3070106400-00&ServiceCd=430&Type=search", "url2": null }, "geometry": { "type": "Point", "coordinates": [ 135.224779700000028, 34.206591100000011 ] } },
{ "type": "Feature", "properties": { "内容": "セントケア和歌山【居宅介護支援】和歌山市友田町4丁目130番地A-tower２階207-1号室", "url": "https://www.kaigokensaku.mhlw.go.jp/30/index.php?action_kouhyou_detail_004_kani=true&JigyosyoCd=3070106228-00&ServiceCd=430&Type=search", "url2": "https://www.saint-care.com" }, "geometry": { "type": "Point", "coordinates": [ 135.18857000305897, 34.233134927685498 ] } },
{ "type": "Feature", "properties": { "内容": "ぷらいむ【居宅介護支援】和歌山県和歌山市善明寺268-3", "url": "https://www.kaigokensaku.mhlw.go.jp/30/index.php?action_kouhyou_detail_004_kani=true&JigyosyoCd=3070114263-00&ServiceCd=430&Type=search", "url2": "https://prime.marthers.net/" }, "geometry": { "type": "Point", "coordinates": [ 135.1876222, 34.2603445 ] } },
{ "type": "Feature", "properties": { "内容": "居宅介護支援事業所あい向【居宅介護支援】和歌山県和歌山市向１４３", "url": "https://www.kaigokensaku.mhlw.go.jp/30/index.php?action_kouhyou_detail_004_kani=true&JigyosyoCd=3070108489-00&ServiceCd=430&Type=search", "url2": "http://www.nakae.or.jp/contents/ai_mukai/index.html" }, "geometry": { "type": "Point", "coordinates": [ 135.14251414257501, 34.25958256559754 ] } },
{ "type": "Feature", "properties": { "内容": "医療法人　仁泉会　丸山整形外科【居宅介護支援】和歌山県和歌山市舟大工町12", "url": "https://www.kaigokensaku.mhlw.go.jp/30/index.php?action_kouhyou_detail_004_kani=true&JigyosyoCd=3010112799-00&ServiceCd=430&Type=search", "url2": "http://www.maruyama-seikei.com" }, "geometry": { "type": "Point", "coordinates": [ 135.169280599999979, 34.234583 ] } },
{ "type": "Feature", "properties": { "内容": "居宅介護支援事業所　こだま【居宅介護支援】和歌山県和歌山市友田町四丁目130番地A-tower", "url": "https://www.kaigokensaku.mhlw.go.jp/30/index.php?action_kouhyou_detail_004_kani=true&JigyosyoCd=3070112861-00&ServiceCd=430&Type=search", "url2": "https://www.hakubunkai.com/kodama/" }, "geometry": { "type": "Point", "coordinates": [ 135.18882406878663, 34.233218135057179 ] } },
{ "type": "Feature", "properties": { "内容": "ニチイケアセンター和歌山松江【居宅介護支援】和歌山市松江北3丁目5-34三紀ビル2階", "url": "https://www.kaigokensaku.mhlw.go.jp/30/index.php?action_kouhyou_detail_004_kani=true&JigyosyoCd=3070109248-00&ServiceCd=430&Type=search", "url2": "http://www.nichiigakkan.co.jp" }, "geometry": { "type": "Point", "coordinates": [ 135.136174073016377, 34.254177635689736 ] } },
{ "type": "Feature", "properties": { "内容": "和佐居宅介護支援センターふれあい【居宅介護支援】和歌山県和歌山市禰宜６６", "url": "https://www.kaigokensaku.mhlw.go.jp/30/index.php?action_kouhyou_detail_004_kani=true&JigyosyoCd=3070107507-00&ServiceCd=430&Type=search", "url2": null }, "geometry": { "type": "Point", "coordinates": [ 135.251852574205031, 34.233144363771871 ] } },
{ "type": "Feature", "properties": { "内容": "ケアプランセンター　ほっとらいん【居宅介護支援】和歌山市内原882番地1", "url": "https://www.kaigokensaku.mhlw.go.jp/30/index.php?action_kouhyou_detail_004_kani=true&JigyosyoCd=3070106731-00&ServiceCd=430&Type=search", "url2": null }, "geometry": { "type": "Point", "coordinates": [ 135.19399259574709, 34.169872462648364 ] } },
{ "type": "Feature", "properties": { "内容": "さぎのもり【居宅介護支援】和歌山市鷺ノ森西ノ丁２５番地株式会社家具ノ谷沢内", "url": "https://www.kaigokensaku.mhlw.go.jp/30/index.php?action_kouhyou_detail_004_kani=true&JigyosyoCd=3070104959-00&ServiceCd=430&Type=search", "url2": "http://www.tanizawa.biz" }, "geometry": { "type": "Point", "coordinates": [ 135.170441500000038, 34.2358329 ] } },
{ "type": "Feature", "properties": { "内容": "居宅介護支援事業所シャイニーSmile【居宅介護支援】和歌山市吉礼622番地2-110", "url": "https://www.kaigokensaku.mhlw.go.jp/30/index.php?action_kouhyou_detail_004_kani=true&JigyosyoCd=3070114065-00&ServiceCd=430&Type=search", "url2": null }, "geometry": { "type": "Point", "coordinates": [ 135.233959015205386, 34.199720015209536 ] } },
{ "type": "Feature", "properties": { "内容": "ケアプランセンター　りんく・はーと【居宅介護支援】和歌山県和歌山市中６４９番地の３フォレストヒルズふじと台１１０号", "url": "https://www.kaigokensaku.mhlw.go.jp/30/index.php?action_kouhyou_detail_004_kani=true&JigyosyoCd=3070110428-00&ServiceCd=430&Type=search", "url2": null }, "geometry": { "type": "Point", "coordinates": [ 135.147716670955703, 34.263331344260614 ] } },
{ "type": "Feature", "properties": { "内容": "ケアプランセンター結い【居宅介護支援】和歌山県和歌山市六十谷218カサ・デありたか601", "url": "https://www.kaigokensaku.mhlw.go.jp/30/index.php?action_kouhyou_detail_004_kani=true&JigyosyoCd=3070112671-00&ServiceCd=430&Type=search", "url2": null }, "geometry": { "type": "Point", "coordinates": [ 135.20545489999995, 34.2613407 ] } },
{ "type": "Feature", "properties": { "内容": "くるむケアプランセンター【居宅介護支援】吉田363吉田第三坂本ビル301", "url": "https://www.kaigokensaku.mhlw.go.jp/30/index.php?action_kouhyou_detail_004_kani=true&JigyosyoCd=3070114560-00&ServiceCd=430&Type=search", "url2": null }, "geometry": { "type": "Point", "coordinates": [ 135.18457, 34.234352 ] } },
{ "type": "Feature", "properties": { "内容": "介護の相談窓口きみさと【居宅介護支援】和歌山市木ノ本395-3", "url": "https://www.kaigokensaku.mhlw.go.jp/30/index.php?action_kouhyou_detail_004_kani=true&JigyosyoCd=3070100361-00&ServiceCd=430&Type=search", "url2": null }, "geometry": { "type": "Point", "coordinates": [ 135.131233097396972, 34.261331592176482 ] } },
{ "type": "Feature", "properties": { "内容": "株式会社　彩園【居宅介護支援】和歌山市鳴神870-1", "url": "https://www.kaigokensaku.mhlw.go.jp/30/index.php?action_kouhyou_detail_004_kani=true&JigyosyoCd=3070100247-00&ServiceCd=430&Type=search", "url2": null }, "geometry": { "type": "Point", "coordinates": [ 135.209483222781387, 34.236721188690751 ] } },
{ "type": "Feature", "properties": { "内容": "ケアサポートえいと【居宅介護支援】和歌山県和歌山市太田4丁目5-13", "url": "https://www.kaigokensaku.mhlw.go.jp/30/index.php?action_kouhyou_detail_004_kani=true&JigyosyoCd=3070110659-00&ServiceCd=430&Type=search", "url2": null }, "geometry": { "type": "Point", "coordinates": [ 135.1982837, 34.2294359 ] } },
{ "type": "Feature", "properties": { "内容": "ヘルパーステーション　クローバー【居宅介護支援】和歌山市杭ノ瀬４４９－２", "url": "https://www.kaigokensaku.mhlw.go.jp/30/index.php?action_kouhyou_detail_004_kani=true&JigyosyoCd=3070104231-00&ServiceCd=430&Type=search", "url2": "http://hs-clover.co.jp" }, "geometry": { "type": "Point", "coordinates": [ 135.190301193254072, 34.204838241041855 ] } },
{ "type": "Feature", "properties": { "内容": "居宅介護支援事業所　ぱなさんぶる【居宅介護支援】和歌山市狐島373‐2M狐島1F", "url": "https://www.kaigokensaku.mhlw.go.jp/30/index.php?action_kouhyou_detail_004_kani=true&JigyosyoCd=3070105493-00&ServiceCd=430&Type=search", "url2": "https://www.panasanburu.com" }, "geometry": { "type": "Point", "coordinates": [ 135.152027170324828, 34.243684124587638 ] } },
{ "type": "Feature", "properties": { "内容": "さざんかケアセンター【居宅介護支援】和歌山県和歌山市湊通丁南1-8ハイツ紀ノ国2号館101", "url": "https://www.kaigokensaku.mhlw.go.jp/30/index.php?action_kouhyou_detail_004_kani=true&JigyosyoCd=3070114396-00&ServiceCd=430&Type=search", "url2": null }, "geometry": { "type": "Point", "coordinates": [ 135.1685864, 34.2235368 ] } },
{ "type": "Feature", "properties": { "内容": "ケアプランセンター幹はうす【居宅介護支援】和歌山県和歌山市冬野703番地9", "url": "https://www.kaigokensaku.mhlw.go.jp/30/index.php?action_kouhyou_detail_004_kani=true&JigyosyoCd=3070113422-00&ServiceCd=430&Type=search", "url2": "https://miki-zaitaku.com" }, "geometry": { "type": "Point", "coordinates": [ 135.21072430000001, 34.1910218 ] } },
{ "type": "Feature", "properties": { "内容": "ケアプランセンター花音【居宅介護支援】和歌山県和歌山市冬野1415-1", "url": "https://www.kaigokensaku.mhlw.go.jp/30/index.php?action_kouhyou_detail_004_kani=true&JigyosyoCd=3070113950-00&ServiceCd=430&Type=search", "url2": null }, "geometry": { "type": "Point", "coordinates": [ 135.2090508, 34.1736869 ] } },
{ "type": "Feature", "properties": { "内容": "居宅介護支援事業所こむすび【居宅介護支援】和歌山県和歌山市榎原250－3", "url": "https://www.kaigokensaku.mhlw.go.jp/30/index.php?action_kouhyou_detail_004_kani=true&JigyosyoCd=3070112572-00&ServiceCd=430&Type=search", "url2": "https://carna8.co.jp" }, "geometry": { "type": "Point", "coordinates": [ 135.126632500000028, 34.2562328 ] } },
{ "type": "Feature", "properties": { "内容": "ケアサポートジーリッツ【居宅介護支援】和歌山県和歌山市口須佐169番地3", "url": "https://www.kaigokensaku.mhlw.go.jp/30/index.php?action_kouhyou_detail_004_kani=true&JigyosyoCd=3070114370-00&ServiceCd=430&Type=search", "url2": null }, "geometry": { "type": "Point", "coordinates": [ 135.2466503, 34.203357 ] } },
{ "type": "Feature", "properties": { "内容": "居宅介護支援リーフ【居宅介護支援】田尻４１－５ハイツ和田川２０３号", "url": "https://www.kaigokensaku.mhlw.go.jp/30/index.php?action_kouhyou_detail_004_kani=true&JigyosyoCd=3070113885-00&ServiceCd=430&Type=search", "url2": null }, "geometry": { "type": "Point", "coordinates": [ 135.197210353726774, 34.206139219380553 ] } },
{ "type": "Feature", "properties": { "内容": "和柔整・清水接骨院【居宅介護支援】和歌山市岩橋746-1", "url": "https://www.kaigokensaku.mhlw.go.jp/30/index.php?action_kouhyou_detail_004_kani=true&JigyosyoCd=3070108059-00&ServiceCd=430&Type=search", "url2": null }, "geometry": { "type": "Point", "coordinates": [ 135.231714, 34.24142 ] } },
{ "type": "Feature", "properties": { "内容": "居宅介護支援事業所さくら【居宅介護支援】和歌山県和歌山市市小路30-1", "url": "https://www.kaigokensaku.mhlw.go.jp/30/index.php?action_kouhyou_detail_004_kani=true&JigyosyoCd=3070114107-00&ServiceCd=430&Type=search", "url2": "https://sankuri-n.jp" }, "geometry": { "type": "Point", "coordinates": [ 135.183895779212719, 34.253417026615622 ] } },
{ "type": "Feature", "properties": { "内容": "ケアプランセンター山口葵園【居宅介護支援】和歌山市藤田２５の１", "url": "https://www.kaigokensaku.mhlw.go.jp/30/index.php?action_kouhyou_detail_004_kani=true&JigyosyoCd=3070100312-00&ServiceCd=430&Type=search", "url2": "http：//www.y-aoikai.or.jp" }, "geometry": { "type": "Point", "coordinates": [ 135.262997400000017, 34.2647688 ] } },
{ "type": "Feature", "properties": { "内容": "居宅介護支援事業所レリアン【居宅介護支援】和歌山市湊543-1", "url": "https://www.kaigokensaku.mhlw.go.jp/30/index.php?action_kouhyou_detail_004_kani=true&JigyosyoCd=3070114081-00&ServiceCd=430&Type=search", "url2": null }, "geometry": { "type": "Point", "coordinates": [ 135.157152608563337, 34.215444856587048 ] } },
{ "type": "Feature", "properties": { "内容": "アトム　ケアプランセンター【居宅介護支援】和歌山市宇治家裏286番地1Ｒｅｍａｋｅビル２階", "url": "https://www.kaigokensaku.mhlw.go.jp/30/index.php?action_kouhyou_detail_004_kani=true&JigyosyoCd=3070106590-00&ServiceCd=430&Type=search", "url2": null }, "geometry": { "type": "Point", "coordinates": [ 135.177369900000031, 34.2420686 ] } },
{ "type": "Feature", "properties": { "内容": "あすなろプラン【居宅介護支援】和歌山市久保丁2丁目32", "url": "https://www.kaigokensaku.mhlw.go.jp/30/index.php?action_kouhyou_detail_004_kani=true&JigyosyoCd=3070115385-00&ServiceCd=430&Type=search", "url2": null }, "geometry": { "type": "Point", "coordinates": [ 135.166104900000022, 34.2312219 ] } },
{ "type": "Feature", "properties": { "内容": "ケアプランセンターあきば【居宅介護支援】和歌山県和歌山市塩屋３丁目６番２号", "url": "https://www.kaigokensaku.mhlw.go.jp/30/index.php?action_kouhyou_detail_004_kani=true&JigyosyoCd=3070115369-00&ServiceCd=430&Type=search", "url2": "https://www.fujitami.jp" }, "geometry": { "type": "Point", "coordinates": [ 135.175851482803324, 34.197980765911474 ] } },
{ "type": "Feature", "properties": { "内容": "ケアプランセンター佑【居宅介護支援】和歌山県和歌山市善明寺381番地7", "url": "https://www.kaigokensaku.mhlw.go.jp/30/index.php?action_kouhyou_detail_004_kani=true&JigyosyoCd=3070115302-00&ServiceCd=430&Type=search", "url2": null }, "geometry": { "type": "Point", "coordinates": [ 135.184676, 34.2617343 ] } },
{ "type": "Feature", "properties": { "内容": "ケアプランセンターこうざき【居宅介護支援】和歌山県和歌山市神前182-1", "url": "https://www.kaigokensaku.mhlw.go.jp/30/index.php?action_kouhyou_detail_004_kani=true&JigyosyoCd=3070115351-00&ServiceCd=430&Type=search", "url2": null }, "geometry": { "type": "Point", "coordinates": [ 135.20289, 34.2158703 ] } },
{ "type": "Feature", "properties": { "内容": "ほすぴ小倉【居宅介護支援】和歌山市満屋127番地", "url": "https://www.kaigokensaku.mhlw.go.jp/30/index.php?action_kouhyou_detail_004_kani=true&JigyosyoCd=3070107895-00&ServiceCd=430&Type=search", "url2": "hosupiogura@silver.plala.or.jp" }, "geometry": { "type": "Point", "coordinates": [ 135.278338299999973, 34.2470869 ] } },
{ "type": "Feature", "properties": { "内容": "みどり会ケアプランセンター【居宅介護支援】和歌山市和佐中213番地-1特別養護老人ホームみどりが丘ホーム", "url": "https://www.kaigokensaku.mhlw.go.jp/30/index.php?action_kouhyou_detail_004_kani=true&JigyosyoCd=3070100106-00&ServiceCd=430&Type=search", "url2": "https://www.w-midori.jp" }, "geometry": { "type": "Point", "coordinates": [ 135.237674246318306, 34.234627775202377 ] } },
{ "type": "Feature", "properties": { "内容": "緑風苑居宅介護支援事業所【居宅介護支援】和歌山県海南市孟子字波免709-1", "url": "https://www.kaigokensaku.mhlw.go.jp/30/index.php?action_kouhyou_detail_004_kani=true&JigyosyoCd=3071400935-00&ServiceCd=430&Type=search", "url2": "http://ryoku.tokuyou.jp/" }, "geometry": { "type": "Point", "coordinates": [ 135.299804, 34.190322 ] } },
{ "type": "Feature", "properties": { "内容": "ケアプランセンター　ブレス【居宅介護支援】岡田２１番地　２F", "url": "https://www.kaigokensaku.mhlw.go.jp/30/index.php?action_kouhyou_detail_004_kani=true&JigyosyoCd=3071401446-00&ServiceCd=430&Type=search", "url2": null }, "geometry": { "type": "Point", "coordinates": [ 135.227767, 34.173389 ] } },
{ "type": "Feature", "properties": { "内容": "阪井カルフール・ド・ルポ【居宅介護支援】阪井1769番地1　　1770番地1", "url": "https://www.kaigokensaku.mhlw.go.jp/30/index.php?action_kouhyou_detail_004_kani=true&JigyosyoCd=3071401339-00&ServiceCd=430&Type=search", "url2": "http://www.doujin-kai.or.jp/outline/" }, "geometry": { "type": "Point", "coordinates": [ 135.2540249, 34.1565282 ] } },
{ "type": "Feature", "properties": { "内容": "ケアプランセンター・こころ【居宅介護支援】海南市下津町方2088-32", "url": "https://www.kaigokensaku.mhlw.go.jp/30/index.php?action_kouhyou_detail_004_kani=true&JigyosyoCd=3071400562-00&ServiceCd=430&Type=search", "url2": "http://cocolo4031.com" }, "geometry": { "type": "Point", "coordinates": [ 135.132343936805341, 34.122076360309983 ] } },
{ "type": "Feature", "properties": { "内容": "ケアプランセンター　こんにちは海南【居宅介護支援】和歌山県海南市且来101-3", "url": "https://www.kaigokensaku.mhlw.go.jp/30/index.php?action_kouhyou_detail_004_kani=true&JigyosyoCd=3071401404-00&ServiceCd=430&Type=search", "url2": "https://shokyukai.jp" }, "geometry": { "type": "Point", "coordinates": [ 135.2317013, 34.1721702 ] } },
{ "type": "Feature", "properties": { "内容": "ケアサポートつむぎ【居宅介護支援】和歌山県海南市且来233-8", "url": "https://www.kaigokensaku.mhlw.go.jp/30/index.php?action_kouhyou_detail_004_kani=true&JigyosyoCd=3071401370-00&ServiceCd=430&Type=search", "url2": null }, "geometry": { "type": "Point", "coordinates": [ 135.234145335582014, 34.172716455838078 ] } },
{ "type": "Feature", "properties": { "内容": "和柔整・大田ほねつぎ【居宅介護支援】海南市馬場町3-3-10", "url": "https://www.kaigokensaku.mhlw.go.jp/30/index.php?action_kouhyou_detail_004_kani=true&JigyosyoCd=3071400851-00&ServiceCd=430&Type=search", "url2": null }, "geometry": { "type": "Point", "coordinates": [ 135.213333199999965, 34.159188 ] } },
{ "type": "Feature", "properties": { "内容": "ライフパートナー【居宅介護支援】和歌山県海南市重根348-2ﾗｲﾌﾊﾟｰﾄﾅｰ重根1F", "url": "https://www.kaigokensaku.mhlw.go.jp/30/index.php?action_kouhyou_detail_004_kani=true&JigyosyoCd=3071400034-00&ServiceCd=430&Type=search", "url2": null }, "geometry": { "type": "Point", "coordinates": [ 135.243057657680623, 34.156160972794808 ] } },
{ "type": "Feature", "properties": { "内容": "琴ノ浦訪問看護ステーション【居宅介護支援】和歌山県海南市船尾365番地", "url": "https://www.kaigokensaku.mhlw.go.jp/30/index.php?action_kouhyou_detail_004_kani=true&JigyosyoCd=3061490045-00&ServiceCd=430&Type=search", "url2": null }, "geometry": { "type": "Point", "coordinates": [ 135.196001600000045, 34.1595706 ] } },
{ "type": "Feature", "properties": { "内容": "海南在宅福祉企業組合　居宅介護支援事業所和が家【居宅介護支援】和歌山県海南市木津２８５番地", "url": "https://www.kaigokensaku.mhlw.go.jp/30/index.php?action_kouhyou_detail_004_kani=true&JigyosyoCd=3071401149-00&ServiceCd=430&Type=search", "url2": "wagaya-kyotaku@tune.ocn.ne.jp" }, "geometry": { "type": "Point", "coordinates": [ 135.2761868, 34.1547815 ] } },
{ "type": "Feature", "properties": { "内容": "かぐのみ苑　ケアプランセンター【居宅介護支援】和歌山県海南市下津町丸田１１１１－１", "url": "https://www.kaigokensaku.mhlw.go.jp/30/index.php?action_kouhyou_detail_004_kani=true&JigyosyoCd=3071100113-00&ServiceCd=430&Type=search", "url2": null }, "geometry": { "type": "Point", "coordinates": [ 135.1573522, 34.1340373 ] } },
{ "type": "Feature", "properties": { "内容": "辻秀輝整形外科【居宅介護支援】和歌山県海南市名高178－1", "url": "https://www.kaigokensaku.mhlw.go.jp/30/index.php?action_kouhyou_detail_004_kani=true&JigyosyoCd=3011410143-00&ServiceCd=430&Type=search", "url2": "http://tsujihideki.com" }, "geometry": { "type": "Point", "coordinates": [ 135.215649699999972, 34.1535723 ] } },
{ "type": "Feature", "properties": { "内容": "医療法人晃和会　谷口病院【居宅介護支援】和歌山県海南市日方327-11", "url": "https://www.kaigokensaku.mhlw.go.jp/30/index.php?action_kouhyou_detail_004_kani=true&JigyosyoCd=3011410416-00&ServiceCd=430&Type=search", "url2": "http://www.taniguchi-hp.or.jp/" }, "geometry": { "type": "Point", "coordinates": [ 135.208595599999967, 34.1578148 ] } },
{ "type": "Feature", "properties": { "内容": "ケアプランセンターげんき【居宅介護支援】和歌山県海南市沖野々394-3", "url": "https://www.kaigokensaku.mhlw.go.jp/30/index.php?action_kouhyou_detail_004_kani=true&JigyosyoCd=3071400745-00&ServiceCd=430&Type=search", "url2": "http://www.w-iryouseikyo.com/" }, "geometry": { "type": "Point", "coordinates": [ 135.270595599999979, 34.1604835 ] } },
{ "type": "Feature", "properties": { "内容": "和柔整・たぶせ接骨院【居宅介護支援】和歌山県海南市野上中３７９－５", "url": "https://www.kaigokensaku.mhlw.go.jp/30/index.php?action_kouhyou_detail_004_kani=true&JigyosyoCd=3071401172-00&ServiceCd=430&Type=search", "url2": null }, "geometry": { "type": "Point", "coordinates": [ 135.2846985, 34.1638919 ] } },
{ "type": "Feature", "properties": { "内容": "ケアプランセンター南風園【居宅介護支援】和歌山県海南市木津２３３番地４０", "url": "https://www.kaigokensaku.mhlw.go.jp/30/index.php?action_kouhyou_detail_004_kani=true&JigyosyoCd=3071401305-00&ServiceCd=430&Type=search", "url2": "https://wfj.or.jp" }, "geometry": { "type": "Point", "coordinates": [ 138.252924, 36.204824 ] } },
{ "type": "Feature", "properties": { "内容": "ケアサポートさくら【居宅介護支援】和歌山県海南市鳥居3-1", "url": "https://www.kaigokensaku.mhlw.go.jp/30/index.php?action_kouhyou_detail_004_kani=true&JigyosyoCd=3071400315-00&ServiceCd=430&Type=search", "url2": "http://www.sakuraclinic.org/publics/index/29/" }, "geometry": { "type": "Point", "coordinates": [ 135.219828813093386, 34.153438927896978 ] } },
{ "type": "Feature", "properties": { "内容": "山本クリニック【居宅介護支援】和歌山県海南市名高506-4", "url": "https://www.kaigokensaku.mhlw.go.jp/30/index.php?action_kouhyou_detail_004_kani=true&JigyosyoCd=3011410333-00&ServiceCd=430&Type=search", "url2": "http://care-net.biz/30/kyuseikai/" }, "geometry": { "type": "Point", "coordinates": [ 135.212114899999989, 34.153195500000017 ] } },
{ "type": "Feature", "properties": { "内容": "ケアプラネット下津【居宅介護支援】和歌山県海南市下津町小南125", "url": "https://www.kaigokensaku.mhlw.go.jp/30/index.php?action_kouhyou_detail_004_kani=true&JigyosyoCd=3071100048-00&ServiceCd=430&Type=search", "url2": "http://www.keiyukai.com" }, "geometry": { "type": "Point", "coordinates": [ 135.168096099999957, 34.127952 ] } },
{ "type": "Feature", "properties": { "内容": "ケアプラネット恵友【居宅介護支援】和歌山県海南市船尾265-15介護老人保健施設恵友ライフケアーセンター事務所内", "url": "https://www.kaigokensaku.mhlw.go.jp/30/index.php?action_kouhyou_detail_004_kani=true&JigyosyoCd=3071400018-00&ServiceCd=430&Type=search", "url2": "http;//wwwkeiyukai.com./index.html" }, "geometry": { "type": "Point", "coordinates": [ 135.198998500000016, 34.1594902 ] } },
{ "type": "Feature", "properties": { "内容": "老人保健施設カルフ－ル・ド・ルポ【居宅介護支援】海南市築地1-61", "url": "https://www.kaigokensaku.mhlw.go.jp/30/index.php?action_kouhyou_detail_004_kani=true&JigyosyoCd=3051480014-00&ServiceCd=430&Type=search", "url2": "http://www.doujin-kai.or.jp/" }, "geometry": { "type": "Point", "coordinates": [ 135.2108002, 34.1521223 ] } },
{ "type": "Feature", "properties": { "内容": "居宅介護支援事業所ウェルネス【居宅介護支援】日方1274-76ウェルネス・コート内", "url": "https://www.kaigokensaku.mhlw.go.jp/30/index.php?action_kouhyou_detail_004_kani=true&JigyosyoCd=3071400646-00&ServiceCd=430&Type=search", "url2": "https://www.w428.jp/" }, "geometry": { "type": "Point", "coordinates": [ 135.206225600000039, 34.1570047 ] } },
{ "type": "Feature", "properties": { "内容": "居宅介護支援事業所　バジル【居宅介護支援】和歌山県海南市重根１１２２番地４", "url": "https://www.kaigokensaku.mhlw.go.jp/30/index.php?action_kouhyou_detail_004_kani=true&JigyosyoCd=3071400653-00&ServiceCd=430&Type=search", "url2": "http://www.basil-masｈumaro.coｍ/" }, "geometry": { "type": "Point", "coordinates": [ 135.255530300000061, 34.1527537 ] } },
{ "type": "Feature", "properties": { "内容": "居宅介護支援事業所星に願いを【居宅介護支援】和歌山県海南市木津288-1", "url": "https://www.kaigokensaku.mhlw.go.jp/30/index.php?action_kouhyou_detail_004_kani=true&JigyosyoCd=3071401347-00&ServiceCd=430&Type=search", "url2": "https://www.big-advance.site/.c/206/1292" }, "geometry": { "type": "Point", "coordinates": [ 135.275615706745953, 34.150830793930581 ] } },
{ "type": "Feature", "properties": { "内容": "在宅介護支援センター　天美苑【居宅介護支援】海南市七山964-1", "url": "https://www.kaigokensaku.mhlw.go.jp/30/index.php?action_kouhyou_detail_004_kani=true&JigyosyoCd=3071400042-00&ServiceCd=430&Type=search", "url2": "http://www.tenbien.jp/" }, "geometry": { "type": "Point", "coordinates": [ 135.308888799999977, 34.1961325 ] } },
{ "type": "Feature", "properties": { "内容": "ケアランド橋本【居宅介護支援】橋本市東家1-392-5", "url": "https://www.kaigokensaku.mhlw.go.jp/30/index.php?action_kouhyou_detail_004_kani=true&JigyosyoCd=3071000016-00&ServiceCd=430&Type=search", "url2": "http://www" }, "geometry": { "type": "Point", "coordinates": [ 135.604940599999964, 34.3153331 ] } },
{ "type": "Feature", "properties": { "内容": "居宅介護支援事業所花ごよみ【居宅介護支援】さつき台1-18-6", "url": "https://www.kaigokensaku.mhlw.go.jp/30/index.php?action_kouhyou_detail_004_kani=true&JigyosyoCd=3071000990-00&ServiceCd=430&Type=search", "url2": null }, "geometry": { "type": "Point", "coordinates": [ 135.597527994423729, 34.333586387889241 ] } },
{ "type": "Feature", "properties": { "内容": "まりっくす居宅介護支援センター【居宅介護支援】和歌山県橋本市高野口町伏原1048-1", "url": "https://www.kaigokensaku.mhlw.go.jp/30/index.php?action_kouhyou_detail_004_kani=true&JigyosyoCd=3071300234-00&ServiceCd=430&Type=search", "url2": "http//care-net.biz/30/marix/index..php" }, "geometry": { "type": "Point", "coordinates": [ 135.573349600000029, 34.3075641 ] } },
{ "type": "Feature", "properties": { "内容": "介護老人保健施設　博寿苑【居宅介護支援】橋本市東家６丁目７番５号", "url": "https://www.kaigokensaku.mhlw.go.jp/30/index.php?action_kouhyou_detail_004_kani=true&JigyosyoCd=3051080012-00&ServiceCd=430&Type=search", "url2": "hakujuen-kyotaku@arrow.ocn.ne.jp" }, "geometry": { "type": "Point", "coordinates": [ 135.605651699999953, 34.313250100000026 ] } },
{ "type": "Feature", "properties": { "内容": "居宅介護支援事業所なのはな【居宅介護支援】和歌山県橋本市橋本１－２－１４", "url": "https://www.kaigokensaku.mhlw.go.jp/30/index.php?action_kouhyou_detail_004_kani=true&JigyosyoCd=3071001279-00&ServiceCd=430&Type=search", "url2": null }, "geometry": { "type": "Point", "coordinates": [ 135.612076, 34.3154306 ] } },
{ "type": "Feature", "properties": { "内容": "ニチイケアセンター　はしもと【居宅介護支援】和歌山県橋本市東家６－２－６　２Ｆ", "url": "https://www.kaigokensaku.mhlw.go.jp/30/index.php?action_kouhyou_detail_004_kani=true&JigyosyoCd=3071000420-00&ServiceCd=430&Type=search", "url2": "http://www.nichiigakkan.co.jp" }, "geometry": { "type": "Point", "coordinates": [ 135.606796, 34.314225 ] } },
{ "type": "Feature", "properties": { "内容": "居宅介護支援事業所　さくら苑【居宅介護支援】和歌山県橋本市高野口町大野１８４４－１３３", "url": "https://www.kaigokensaku.mhlw.go.jp/30/index.php?action_kouhyou_detail_004_kani=true&JigyosyoCd=3071300523-00&ServiceCd=430&Type=search", "url2": "https://www.sakuraenn.com" }, "geometry": { "type": "Point", "coordinates": [ 135.559311500000035, 34.3231456 ] } },
{ "type": "Feature", "properties": { "内容": "ウェルプラザ【居宅介護支援】和歌山県橋本市隅田町河瀬433", "url": "https://www.kaigokensaku.mhlw.go.jp/30/index.php?action_kouhyou_detail_004_kani=true&JigyosyoCd=3071001246-00&ServiceCd=430&Type=search", "url2": null }, "geometry": { "type": "Point", "coordinates": [ 135.62845219999997, 34.3230855 ] } },
{ "type": "Feature", "properties": { "内容": "隅田ケアプランセンター【居宅介護支援】和歌山県橋本市隅田町真土325-1", "url": "https://www.kaigokensaku.mhlw.go.jp/30/index.php?action_kouhyou_detail_004_kani=true&JigyosyoCd=3071000404-00&ServiceCd=430&Type=search", "url2": "https://actcare-system.com/" }, "geometry": { "type": "Point", "coordinates": [ 135.658174499999973, 34.3330233 ] } },
{ "type": "Feature", "properties": { "内容": "あんずケアステーション【居宅介護支援】和歌山県橋本市市脇１丁目734-3シノウビル２F－北号室", "url": "https://www.kaigokensaku.mhlw.go.jp/30/index.php?action_kouhyou_detail_004_kani=true&JigyosyoCd=3071001261-00&ServiceCd=430&Type=search", "url2": null }, "geometry": { "type": "Point", "coordinates": [ 135.601682699999969, 34.3161163 ] } },
{ "type": "Feature", "properties": { "内容": "居宅介護支援事業所　きわ【居宅介護支援】神野々1103医療法人南労会　紀和病院旧館3階", "url": "https://www.kaigokensaku.mhlw.go.jp/30/index.php?action_kouhyou_detail_004_kani=true&JigyosyoCd=3071001485-00&ServiceCd=430&Type=search", "url2": "http://www.nanroukai.or.jp" }, "geometry": { "type": "Point", "coordinates": [ 135.581738880950951, 34.305938563408162 ] } },
{ "type": "Feature", "properties": { "内容": "ひまわり福祉サービス橋本事業所【居宅介護支援】和歌山県橋本市隅田町下兵庫514-3", "url": "https://www.kaigokensaku.mhlw.go.jp/30/index.php?action_kouhyou_detail_004_kani=true&JigyosyoCd=3071000636-00&ServiceCd=430&Type=search", "url2": "http://www.himawari-welfare.jp" }, "geometry": { "type": "Point", "coordinates": [ 135.633060099999966, 34.3240576 ] } },
{ "type": "Feature", "properties": { "内容": "ケアネット居宅介護支援事業所【居宅介護支援】和歌山県橋本市神野々１２０１番地の1リヴィエールはしもと102", "url": "https://www.kaigokensaku.mhlw.go.jp/30/index.php?action_kouhyou_detail_004_kani=true&JigyosyoCd=3071000768-00&ServiceCd=430&Type=search", "url2": null }, "geometry": { "type": "Point", "coordinates": [ 135.578324299999963, 34.3007872 ] } },
{ "type": "Feature", "properties": { "内容": "ライフ・パル【居宅介護支援】和歌山県橋本市胡麻生467ジョイ楽園", "url": "https://www.kaigokensaku.mhlw.go.jp/30/index.php?action_kouhyou_detail_004_kani=true&JigyosyoCd=3071001006-00&ServiceCd=430&Type=search", "url2": null }, "geometry": { "type": "Point", "coordinates": [ 135.6074261, 34.3391998 ] } },
{ "type": "Feature", "properties": { "内容": "神野々北ケアプランセンター【居宅介護支援】和歌山県橋本市神野々308-1", "url": "https://www.kaigokensaku.mhlw.go.jp/30/index.php?action_kouhyou_detail_004_kani=true&JigyosyoCd=3071001048-00&ServiceCd=430&Type=search", "url2": null }, "geometry": { "type": "Point", "coordinates": [ 135.582795799999985, 34.3137606 ] } },
{ "type": "Feature", "properties": { "内容": "橋本市訪問看護ステーション【居宅介護支援】和歌山県橋本市小峰台二丁目8番地の1橋本市民病院", "url": "https://www.kaigokensaku.mhlw.go.jp/30/index.php?action_kouhyou_detail_004_kani=true&JigyosyoCd=3061090001-00&ServiceCd=430&Type=search", "url2": "https://hashimoto-hsp.jp/patient/nurse.html" }, "geometry": { "type": "Point", "coordinates": [ 135.634620400000017, 34.354304 ] } },
{ "type": "Feature", "properties": { "内容": "ひかり苑【居宅介護支援】和歌山県橋本市隅田町中島1058-56", "url": "https://www.kaigokensaku.mhlw.go.jp/30/index.php?action_kouhyou_detail_004_kani=true&JigyosyoCd=3071000123-00&ServiceCd=430&Type=search", "url2": "http://care-net.biz/30/koseikai/" }, "geometry": { "type": "Point", "coordinates": [ 135.63717070000007, 34.3381198 ] } },
{ "type": "Feature", "properties": { "内容": "風倶楽部ケアプランセンター【居宅介護支援】和歌山県橋本市高野口町名古曽926-1", "url": "https://www.kaigokensaku.mhlw.go.jp/30/index.php?action_kouhyou_detail_004_kani=true&JigyosyoCd=3071000545-00&ServiceCd=430&Type=search", "url2": "http://www.koyokai.or.jp" }, "geometry": { "type": "Point", "coordinates": [ 135.558520499999986, 34.3021398 ] } },
{ "type": "Feature", "properties": { "内容": "グリーンガーデンケアプランセンター【居宅介護支援】和歌山県橋本市隅田町1921-4", "url": "https://www.kaigokensaku.mhlw.go.jp/30/index.php?action_kouhyou_detail_004_kani=true&JigyosyoCd=3071000164-00&ServiceCd=430&Type=search", "url2": "https://keieikai.com" }, "geometry": { "type": "Point", "coordinates": [ 135.6437277, 34.363264 ] } },
{ "type": "Feature", "properties": { "内容": "メディケアはしもと居宅介護支援事業所【居宅介護支援】和歌山県橋本市神野々877番地の1", "url": "https://www.kaigokensaku.mhlw.go.jp/30/index.php?action_kouhyou_detail_004_kani=true&JigyosyoCd=3071000347-00&ServiceCd=430&Type=search", "url2": "http://www.shitsugu.or.jp" }, "geometry": { "type": "Point", "coordinates": [ 135.57978520000006, 34.3064504 ] } },
{ "type": "Feature", "properties": { "内容": "社会福祉法人橋本市社会福祉協議会【居宅介護支援】和歌山県橋本市東家1-3-1橋本市保健福祉センター２階", "url": "https://www.kaigokensaku.mhlw.go.jp/30/index.php?action_kouhyou_detail_004_kani=true&JigyosyoCd=3071000057-00&ServiceCd=430&Type=search", "url2": null }, "geometry": { "type": "Point", "coordinates": [ 135.603708406637537, 34.315805690554583 ] } },
{ "type": "Feature", "properties": { "内容": "はるす・ケアプランサービス【居宅介護支援】和歌山県橋本市岸上563番地の1", "url": "https://www.kaigokensaku.mhlw.go.jp/30/index.php?action_kouhyou_detail_004_kani=true&JigyosyoCd=3071000305-00&ServiceCd=430&Type=search", "url2": "http://hals-hals,co,jp" }, "geometry": { "type": "Point", "coordinates": [ 135.589620200000013, 34.3116387 ] } },
{ "type": "Feature", "properties": { "内容": "ケアプラザ柚っ子【居宅介護支援】和歌山県橋本市城山台二丁目11-5", "url": "https://www.kaigokensaku.mhlw.go.jp/30/index.php?action_kouhyou_detail_004_kani=true&JigyosyoCd=3071000792-00&ServiceCd=430&Type=search", "url2": null }, "geometry": { "type": "Point", "coordinates": [ 135.612925200000063, 34.3523262 ] } },
{ "type": "Feature", "properties": { "内容": "セントケア橋本【居宅介護支援】和歌山県橋本市岸上558番地2階", "url": "https://www.kaigokensaku.mhlw.go.jp/30/index.php?action_kouhyou_detail_004_kani=true&JigyosyoCd=3071000925-00&ServiceCd=430&Type=search", "url2": "hashimoto_sc30＠saint-care.com" }, "geometry": { "type": "Point", "coordinates": [ 135.591017016532902, 34.311677258869338 ] } },
{ "type": "Feature", "properties": { "内容": "つくしの宿居宅介護支援事業所【居宅介護支援】和歌山県橋本市清水271-1", "url": "https://www.kaigokensaku.mhlw.go.jp/30/index.php?action_kouhyou_detail_004_kani=true&JigyosyoCd=3071001303-00&ServiceCd=430&Type=search", "url2": null }, "geometry": { "type": "Point", "coordinates": [ 135.600360300000034, 34.3071972 ] } },
{ "type": "Feature", "properties": { "内容": "ケアプランセンターかなえ【居宅介護支援】和歌山県橋本市高野口町伏原1011", "url": "https://www.kaigokensaku.mhlw.go.jp/30/index.php?action_kouhyou_detail_004_kani=true&JigyosyoCd=3071001311-00&ServiceCd=430&Type=search", "url2": null }, "geometry": { "type": "Point", "coordinates": [ 135.574094300000013, 34.3098077 ] } },
{ "type": "Feature", "properties": { "内容": "ケアプラザれもん【居宅介護支援】和歌山県橋本市高野口町名倉１１９５番地", "url": "https://www.kaigokensaku.mhlw.go.jp/30/index.php?action_kouhyou_detail_004_kani=true&JigyosyoCd=3071001220-00&ServiceCd=430&Type=search", "url2": "https://www.carelemon.net" }, "geometry": { "type": "Point", "coordinates": [ 135.559481371330207, 34.309892387186338 ] } },
{ "type": "Feature", "properties": { "内容": "生きがい計画【居宅介護支援】和歌山県橋本市御幸辻144－1", "url": "https://www.kaigokensaku.mhlw.go.jp/30/index.php?action_kouhyou_detail_004_kani=true&JigyosyoCd=3071001386-00&ServiceCd=430&Type=search", "url2": "http://ikigaikoubou.sakura.ne.jp/keikaku.html" }, "geometry": { "type": "Point", "coordinates": [ 135.60614480000001, 34.3367576 ] } },
{ "type": "Feature", "properties": { "内容": "春風指定居宅介護支援センター【居宅介護支援】和歌山県橋本市小原田13-2-101", "url": "https://www.kaigokensaku.mhlw.go.jp/30/index.php?action_kouhyou_detail_004_kani=true&JigyosyoCd=3071000222-00&ServiceCd=430&Type=search", "url2": "http://www.carestationharukaze" }, "geometry": { "type": "Point", "coordinates": [ 135.608006899999964, 34.3239961 ] } },
{ "type": "Feature", "properties": { "内容": "ケアプランセンターほのぼの【居宅介護支援】和歌山県橋本市三石台３丁目２７番地の９－５１２", "url": "https://www.kaigokensaku.mhlw.go.jp/30/index.php?action_kouhyou_detail_004_kani=true&JigyosyoCd=3071001584-00&ServiceCd=430&Type=search", "url2": null }, "geometry": { "type": "Point", "coordinates": [ 135.6034814, 34.3593597 ] } },
{ "type": "Feature", "properties": { "内容": "陽葵居宅介護支援事業所【居宅介護支援】和歌山県有田市辻堂976", "url": "https://www.kaigokensaku.mhlw.go.jp/30/index.php?action_kouhyou_detail_004_kani=true&JigyosyoCd=3071500791-00&ServiceCd=430&Type=search", "url2": null }, "geometry": { "type": "Point", "coordinates": [ 135.1396206, 34.0732048 ] } },
{ "type": "Feature", "properties": { "内容": "ゆりのき苑居宅介護支援事業所【居宅介護支援】和歌山県有田市山地44", "url": "https://www.kaigokensaku.mhlw.go.jp/30/index.php?action_kouhyou_detail_004_kani=true&JigyosyoCd=3071500197-00&ServiceCd=430&Type=search", "url2": "http://www16.ocn.ne.jp/-yurinoki/" }, "geometry": { "type": "Point", "coordinates": [ 135.132390500000042, 34.0744327 ] } },
{ "type": "Feature", "properties": { "内容": "ケアプランセンター・あまね【居宅介護支援】和歌山県有田市野301-1", "url": "https://www.kaigokensaku.mhlw.go.jp/30/index.php?action_kouhyou_detail_004_kani=true&JigyosyoCd=3071500775-00&ServiceCd=430&Type=search", "url2": null }, "geometry": { "type": "Point", "coordinates": [ 135.1389154, 34.0771627 ] } },
{ "type": "Feature", "properties": { "内容": "あんしん有限会社【居宅介護支援】和歌山県有田市初島町里1349-3", "url": "https://www.kaigokensaku.mhlw.go.jp/30/index.php?action_kouhyou_detail_004_kani=true&JigyosyoCd=3071500569-00&ServiceCd=430&Type=search", "url2": null }, "geometry": { "type": "Point", "coordinates": [ -8.24389, 53.41291 ] } },
{ "type": "Feature", "properties": { "内容": "有田市在宅介護支援センター【居宅介護支援】有田市宮崎町841番地1", "url": "https://www.kaigokensaku.mhlw.go.jp/30/index.php?action_kouhyou_detail_004_kani=true&JigyosyoCd=3071500031-00&ServiceCd=430&Type=search", "url2": "http://www.shukohkai.or.jp/" }, "geometry": { "type": "Point", "coordinates": [ 135.112892200000033, 34.075893 ] } },
{ "type": "Feature", "properties": { "内容": "ケアマネＨＯＵＳＥしいの実【居宅介護支援】宮崎町30-10", "url": "https://www.kaigokensaku.mhlw.go.jp/30/index.php?action_kouhyou_detail_004_kani=true&JigyosyoCd=3071500486-00&ServiceCd=430&Type=search", "url2": null }, "geometry": { "type": "Point", "coordinates": [ 135.119695430271918, 34.079578739107937 ] } },
{ "type": "Feature", "properties": { "内容": "サザンクロスありだ【居宅介護支援】有田市市野699番地", "url": "https://www.kaigokensaku.mhlw.go.jp/30/index.php?action_kouhyou_detail_004_kani=true&JigyosyoCd=3071500130-00&ServiceCd=430&Type=search", "url2": null }, "geometry": { "type": "Point", "coordinates": [ 135.130994276475803, 34.078071341716914 ] } },
{ "type": "Feature", "properties": { "内容": "アルク居宅介護支援事業所【居宅介護支援】和歌山県有田市辻堂441-5", "url": "https://www.kaigokensaku.mhlw.go.jp/30/index.php?action_kouhyou_detail_004_kani=true&JigyosyoCd=3071500783-00&ServiceCd=430&Type=search", "url2": null }, "geometry": { "type": "Point", "coordinates": [ 135.1483359, 34.0758885 ] } },
{ "type": "Feature", "properties": { "内容": "社会福祉法人　有田市社会福祉協議会【居宅介護支援】和歌山県有田市宮原町東２１５番地有田市福祉館なごみ", "url": "https://www.kaigokensaku.mhlw.go.jp/30/index.php?action_kouhyou_detail_004_kani=true&JigyosyoCd=3071500023-00&ServiceCd=430&Type=search", "url2": "info@aridashi-shakyo.jp" }, "geometry": { "type": "Point", "coordinates": [ 135.178302, 34.0810166 ] } },
{ "type": "Feature", "properties": { "内容": "ケアプランセンター　ＦＯＲＥＳＴ(モリ)【居宅介護支援】有田市　箕島696-3", "url": "https://www.kaigokensaku.mhlw.go.jp/30/index.php?action_kouhyou_detail_004_kani=true&JigyosyoCd=3071500502-00&ServiceCd=430&Type=search", "url2": null }, "geometry": { "type": "Point", "coordinates": [ 135.111805900000036, 34.0867917 ] } },
{ "type": "Feature", "properties": { "内容": "それいゆ【居宅介護支援】有田市新堂97-1", "url": "https://www.kaigokensaku.mhlw.go.jp/30/index.php?action_kouhyou_detail_004_kani=true&JigyosyoCd=3071500528-00&ServiceCd=430&Type=search", "url2": null }, "geometry": { "type": "Point", "coordinates": [ 135.132185872330638, 34.082367336434025 ] } },
{ "type": "Feature", "properties": { "内容": "えにし居宅介護支援事業所【居宅介護支援】和歌山県有田市糸我町中番539", "url": "https://www.kaigokensaku.mhlw.go.jp/30/index.php?action_kouhyou_detail_004_kani=true&JigyosyoCd=3071500809-00&ServiceCd=430&Type=search", "url2": null }, "geometry": { "type": "Point", "coordinates": [ 135.173655700000012, 34.0645479 ] } },
{ "type": "Feature", "properties": { "内容": "ひまわりケアサービス【居宅介護支援】和歌山県有田市箕島22-1", "url": "https://www.kaigokensaku.mhlw.go.jp/30/index.php?action_kouhyou_detail_004_kani=true&JigyosyoCd=3071500288-00&ServiceCd=430&Type=search", "url2": "http://www.primetime.jp" }, "geometry": { "type": "Point", "coordinates": [ 135.122771599999965, 34.0837785 ] } },
{ "type": "Feature", "properties": { "内容": "ケアプランサービスキタデ【居宅介護支援】和歌山県御坊市湯川町財部728-4", "url": "https://www.kaigokensaku.mhlw.go.jp/30/index.php?action_kouhyou_detail_004_kani=true&JigyosyoCd=3072000700-00&ServiceCd=430&Type=search", "url2": "URL：http://www.hck.jp/" }, "geometry": { "type": "Point", "coordinates": [ 135.152799100000038, 33.8984638 ] } },
{ "type": "Feature", "properties": { "内容": "居宅介護支援事業所えくぼ【居宅介護支援】和歌山県御坊市湯川町小松原420-15興土ビル4F", "url": "https://www.kaigokensaku.mhlw.go.jp/30/index.php?action_kouhyou_detail_004_kani=true&JigyosyoCd=3072000841-00&ServiceCd=430&Type=search", "url2": null }, "geometry": { "type": "Point", "coordinates": [ 135.1606682, 33.9080199 ] } },
{ "type": "Feature", "properties": { "内容": "有限会社ライフケアしあわせ【居宅介護支援】和歌山県御坊市御坊184-6", "url": "https://www.kaigokensaku.mhlw.go.jp/30/index.php?action_kouhyou_detail_004_kani=true&JigyosyoCd=3072000312-00&ServiceCd=430&Type=search", "url2": null }, "geometry": { "type": "Point", "coordinates": [ 135.156654399999979, 33.8874263 ] } },
{ "type": "Feature", "properties": { "内容": "和柔整・きたおかケアプランニング【居宅介護支援】薗105-2", "url": "https://www.kaigokensaku.mhlw.go.jp/30/index.php?action_kouhyou_detail_004_kani=true&JigyosyoCd=3072000445-00&ServiceCd=430&Type=search", "url2": null }, "geometry": { "type": "Point", "coordinates": [ 135.153988309925808, 33.894870948946142 ] } },
{ "type": "Feature", "properties": { "内容": "ニチイケアセンター御坊【居宅介護支援】和歌山県御坊市薗42-7", "url": "https://www.kaigokensaku.mhlw.go.jp/30/index.php?action_kouhyou_detail_004_kani=true&JigyosyoCd=3072000239-00&ServiceCd=430&Type=search", "url2": "htto//www.nichiigakkan.co.ip" }, "geometry": { "type": "Point", "coordinates": [ 135.15073442209021, 33.894662803461536 ] } },
{ "type": "Feature", "properties": { "内容": "ケアプランセンターケアランドきのくに【居宅介護支援】和歌山県御坊市熊野44-4", "url": "https://www.kaigokensaku.mhlw.go.jp/30/index.php?action_kouhyou_detail_004_kani=true&JigyosyoCd=3072000726-00&ServiceCd=430&Type=search", "url2": "http://gobo310.sakura.ne.jp/gb310/" }, "geometry": { "type": "Point", "coordinates": [ 135.176403199999982, 33.889893 ] } },
{ "type": "Feature", "properties": { "内容": "リバティ　博愛　指定居宅介護支援事業所【居宅介護支援】和歌山県御坊市薗263番地3", "url": "https://www.kaigokensaku.mhlw.go.jp/30/index.php?action_kouhyou_detail_004_kani=true&JigyosyoCd=3072000064-00&ServiceCd=430&Type=search", "url2": "honbu@hakuai.net" }, "geometry": { "type": "Point", "coordinates": [ 135.154468400000042, 33.8925284 ] } },
{ "type": "Feature", "properties": { "内容": "居宅介護支援事業所中紀【居宅介護支援】和歌山県御坊市藤田町吉田３２４－１", "url": "https://www.kaigokensaku.mhlw.go.jp/30/index.php?action_kouhyou_detail_004_kani=true&JigyosyoCd=3072000189-00&ServiceCd=430&Type=search", "url2": "http:/www.kikyokai.or.jp/" }, "geometry": { "type": "Point", "coordinates": [ 135.170986800000037, 33.9014611 ] } },
{ "type": "Feature", "properties": { "内容": "日高博愛園指定居宅介護支援事業所【居宅介護支援】和歌山県御坊市名田町上野1722番地1", "url": "https://www.kaigokensaku.mhlw.go.jp/30/index.php?action_kouhyou_detail_004_kani=true&JigyosyoCd=3072000056-00&ServiceCd=430&Type=search", "url2": "hakuaikai.net" }, "geometry": { "type": "Point", "coordinates": [ 135.179439199999933, 33.8324565 ] } },
{ "type": "Feature", "properties": { "内容": "ケア・クラフトいなり【居宅介護支援】稲成町186番地ヴィラYS201号室", "url": "https://www.kaigokensaku.mhlw.go.jp/30/index.php?action_kouhyou_detail_004_kani=true&JigyosyoCd=3072201894-00&ServiceCd=430&Type=search", "url2": null }, "geometry": { "type": "Point", "coordinates": [ 135.3739645, 33.7402645 ] } },
{ "type": "Feature", "properties": { "内容": "訪問看護ステーションふるさと【居宅介護支援】和歌山県田辺市高雄三丁目１９番１１号", "url": "https://www.kaigokensaku.mhlw.go.jp/30/index.php?action_kouhyou_detail_004_kani=true&JigyosyoCd=3062290063-00&ServiceCd=430&Type=search", "url2": null }, "geometry": { "type": "Point", "coordinates": [ 135.384081299999906, 33.7403959 ] } },
{ "type": "Feature", "properties": { "内容": "ケアプランサポート彩り【居宅介護支援】和歌山県田辺市中万呂570-2", "url": "https://www.kaigokensaku.mhlw.go.jp/30/index.php?action_kouhyou_detail_004_kani=true&JigyosyoCd=3072201522-00&ServiceCd=430&Type=search", "url2": null }, "geometry": { "type": "Point", "coordinates": [ 135.401706306584572, 33.739120287824846 ] } },
{ "type": "Feature", "properties": { "内容": "居宅介護支援事業所　田辺の郷【居宅介護支援】田辺市芳養松原1丁目31番10号", "url": "https://www.kaigokensaku.mhlw.go.jp/30/index.php?action_kouhyou_detail_004_kani=true&JigyosyoCd=3072201159-00&ServiceCd=430&Type=search", "url2": "http://sanyofukushikai.com/" }, "geometry": { "type": "Point", "coordinates": [ 135.3546725, 33.7443554 ] } },
{ "type": "Feature", "properties": { "内容": "鮎川園指定居宅介護支援事業所【居宅介護支援】和歌山県田辺市鮎川字向越1313番地", "url": "https://www.kaigokensaku.mhlw.go.jp/30/index.php?action_kouhyou_detail_004_kani=true&JigyosyoCd=3072400116-00&ServiceCd=430&Type=search", "url2": "http://www.kiseifukushikai.or.jp" }, "geometry": { "type": "Point", "coordinates": [ 135.482308399999965, 33.7272957 ] } },
{ "type": "Feature", "properties": { "内容": "竹村医院居宅介護支援事業所【居宅介護支援】和歌山県田辺市東山1-7-23", "url": "https://www.kaigokensaku.mhlw.go.jp/30/index.php?action_kouhyou_detail_004_kani=true&JigyosyoCd=3072200086-00&ServiceCd=430&Type=search", "url2": "http://yuuga.blogdehp.ne.jp/category/1299046.html" }, "geometry": { "type": "Point", "coordinates": [ 135.388605807548515, 33.727784595063291 ] } },
{ "type": "Feature", "properties": { "内容": "さくらホームヘルプサービス【居宅介護支援】和歌山県田辺市下三栖1471-10", "url": "https://www.kaigokensaku.mhlw.go.jp/30/index.php?action_kouhyou_detail_004_kani=true&JigyosyoCd=3072200607-00&ServiceCd=430&Type=search", "url2": null }, "geometry": { "type": "Point", "coordinates": [ 135.419959679762314, 33.730100213865967 ] } },
{ "type": "Feature", "properties": { "内容": "田辺市高齢者複合福祉施設たきの里【居宅介護支援】和歌山県田辺市たきない町22-1", "url": "https://www.kaigokensaku.mhlw.go.jp/30/index.php?action_kouhyou_detail_004_kani=true&JigyosyoCd=3072200177-00&ServiceCd=430&Type=search", "url2": "http://www.tanabe-sw-agency.jp/" }, "geometry": { "type": "Point", "coordinates": [ 135.400929799999972, 33.6993651 ] } },
{ "type": "Feature", "properties": { "内容": "あけぼの在宅介護サービス【居宅介護支援】和歌山県田辺市上屋敷1-14-50", "url": "https://www.kaigokensaku.mhlw.go.jp/30/index.php?action_kouhyou_detail_004_kani=true&JigyosyoCd=3072200532-00&ServiceCd=430&Type=search", "url2": "http://pine.icts.jp/" }, "geometry": { "type": "Point", "coordinates": [ 135.373473900000022, 33.7323774 ] } },
{ "type": "Feature", "properties": { "内容": "医療法人研医会田辺中央病院ケアプランセンター【居宅介護支援】和歌山県田辺市新庄町田鶴１７３９－２１田辺中央病院ケアプランセンター", "url": "https://www.kaigokensaku.mhlw.go.jp/30/index.php?action_kouhyou_detail_004_kani=true&JigyosyoCd=3072201639-00&ServiceCd=430&Type=search", "url2": null }, "geometry": { "type": "Point", "coordinates": [ 135.407159, 33.70901 ] } },
{ "type": "Feature", "properties": { "内容": "中辺路町在宅介護支援センター【居宅介護支援】和歌山県田辺市中辺路町川合1800", "url": "https://www.kaigokensaku.mhlw.go.jp/30/index.php?action_kouhyou_detail_004_kani=true&JigyosyoCd=3072400470-00&ServiceCd=430&Type=search", "url2": "http://shirayurihome.org" }, "geometry": { "type": "Point", "coordinates": [ 135.5219846, 33.8004563 ] } },
{ "type": "Feature", "properties": { "内容": "ケアプランピクシス【居宅介護支援】和歌山県田辺市新屋敷町56番地の13", "url": "https://www.kaigokensaku.mhlw.go.jp/30/index.php?action_kouhyou_detail_004_kani=true&JigyosyoCd=3072201902-00&ServiceCd=430&Type=search", "url2": null }, "geometry": { "type": "Point", "coordinates": [ 135.381531, 33.7288232 ] } },
{ "type": "Feature", "properties": { "内容": "在宅介護支援センターあきつの【居宅介護支援】和歌山県田辺市上秋津２３１０－９", "url": "https://www.kaigokensaku.mhlw.go.jp/30/index.php?action_kouhyou_detail_004_kani=true&JigyosyoCd=3072200094-00&ServiceCd=430&Type=search", "url2": "http://care-net.biz/30/akituno/" }, "geometry": { "type": "Point", "coordinates": [ 135.411748, 33.7499864 ] } },
{ "type": "Feature", "properties": { "内容": "紀南在宅介護サービス【居宅介護支援】和歌山県田辺市高雄一丁目6番45号", "url": "https://www.kaigokensaku.mhlw.go.jp/30/index.php?action_kouhyou_detail_004_kani=true&JigyosyoCd=3072200011-00&ServiceCd=430&Type=search", "url2": null }, "geometry": { "type": "Point", "coordinates": [ 135.380231699999968, 33.7357048 ] } },
{ "type": "Feature", "properties": { "内容": "ケアサポートカタチ【居宅介護支援】目良37-28", "url": "https://www.kaigokensaku.mhlw.go.jp/30/index.php?action_kouhyou_detail_004_kani=true&JigyosyoCd=3072201928-00&ServiceCd=430&Type=search", "url2": "https://www.catachi.co.jp/" }, "geometry": { "type": "Point", "coordinates": [ 135.355113, 33.7359436 ] } },
{ "type": "Feature", "properties": { "内容": "ケアプランセンターつむぐ【居宅介護支援】和歌山県田辺市神島台12-13スペースルーム205号", "url": "https://www.kaigokensaku.mhlw.go.jp/30/index.php?action_kouhyou_detail_004_kani=true&JigyosyoCd=3072201787-00&ServiceCd=430&Type=search", "url2": "https://www.tumugu-kanade.com/" }, "geometry": { "type": "Point", "coordinates": [ 135.403172917075693, 33.706779975111097 ] } },
{ "type": "Feature", "properties": { "内容": "真寿苑ケアプランセンター【居宅介護支援】和歌山県田辺市神島台６番１３号", "url": "https://www.kaigokensaku.mhlw.go.jp/30/index.php?action_kouhyou_detail_004_kani=true&JigyosyoCd=3072200037-00&ServiceCd=430&Type=search", "url2": "http://www.sjk-tanabe.or.jp/" }, "geometry": { "type": "Point", "coordinates": [ 135.403291187460553, 33.707803111191154 ] } },
{ "type": "Feature", "properties": { "内容": "あじさい介護センター【居宅介護支援】和歌山県田辺市秋津町　330-7", "url": "https://www.kaigokensaku.mhlw.go.jp/30/index.php?action_kouhyou_detail_004_kani=true&JigyosyoCd=3072200458-00&ServiceCd=430&Type=search", "url2": null }, "geometry": { "type": "Point", "coordinates": [ 135.393894300000056, 33.7498364 ] } },
{ "type": "Feature", "properties": { "内容": "古道まごころ【居宅介護支援】和歌山県田辺市中辺路町栗栖川275-1", "url": "https://www.kaigokensaku.mhlw.go.jp/30/index.php?action_kouhyou_detail_004_kani=true&JigyosyoCd=3072201423-00&ServiceCd=430&Type=search", "url2": null }, "geometry": { "type": "Point", "coordinates": [ 135.512277199999971, 33.7887604 ] } },
{ "type": "Feature", "properties": { "内容": "スマイリング訪問看護ステーション【居宅介護支援】和歌山県田辺市稲成町411番地の２", "url": "https://www.kaigokensaku.mhlw.go.jp/30/index.php?action_kouhyou_detail_004_kani=true&JigyosyoCd=3062290071-00&ServiceCd=430&Type=search", "url2": null }, "geometry": { "type": "Point", "coordinates": [ 135.377529099999947, 33.7385489 ] } },
{ "type": "Feature", "properties": { "内容": "ゆぅみ介護サービス【居宅介護支援】和歌山県田辺市新屋敷町42-2", "url": "https://www.kaigokensaku.mhlw.go.jp/30/index.php?action_kouhyou_detail_004_kani=true&JigyosyoCd=3072200896-00&ServiceCd=430&Type=search", "url2": "https://youmikaigo.wixsite.com/home" }, "geometry": { "type": "Point", "coordinates": [ 135.381298199999947, 33.7273586 ] } },
{ "type": "Feature", "properties": { "内容": "ニチイケアセンター田辺【居宅介護支援】和歌山県田辺市稲成町77-1", "url": "https://www.kaigokensaku.mhlw.go.jp/30/index.php?action_kouhyou_detail_004_kani=true&JigyosyoCd=3072200292-00&ServiceCd=430&Type=search", "url2": "http://nichiigakkan./co.jp" }, "geometry": { "type": "Point", "coordinates": [ 135.371082500000057, 33.7401097 ] } },
{ "type": "Feature", "properties": { "内容": "ケアプランセンターあゆむ【居宅介護支援】和歌山県田辺市神島台1-13", "url": "https://www.kaigokensaku.mhlw.go.jp/30/index.php?action_kouhyou_detail_004_kani=true&JigyosyoCd=3072401445-00&ServiceCd=430&Type=search", "url2": null }, "geometry": { "type": "Point", "coordinates": [ 135.4011386, 33.7083863 ] } },
{ "type": "Feature", "properties": { "内容": "田辺市社会福祉協議会田辺事業所【居宅介護支援】和歌山県田辺市高雄一丁目２３－１田辺市民総合センター内", "url": "https://www.kaigokensaku.mhlw.go.jp/30/index.php?action_kouhyou_detail_004_kani=true&JigyosyoCd=3072200169-00&ServiceCd=430&Type=search", "url2": "https://tanabeshi-syakyo.jp/" }, "geometry": { "type": "Point", "coordinates": [ 135.377379099999985, 33.7354965 ] } },
{ "type": "Feature", "properties": { "内容": "田辺市社会福祉協議会　大塔事業所【居宅介護支援】和歌山県田辺市鮎川５８３番地の9", "url": "https://www.kaigokensaku.mhlw.go.jp/30/index.php?action_kouhyou_detail_004_kani=true&JigyosyoCd=3072400041-00&ServiceCd=430&Type=search", "url2": null }, "geometry": { "type": "Point", "coordinates": [ 135.483622200000013, 33.7292982 ] } },
{ "type": "Feature", "properties": { "内容": "田辺市社会福祉協議会　中辺路事業所【居宅介護支援】和歌山県田辺市中辺路町栗栖川329番地の1", "url": "https://www.kaigokensaku.mhlw.go.jp/30/index.php?action_kouhyou_detail_004_kani=true&JigyosyoCd=3072400066-00&ServiceCd=430&Type=search", "url2": null }, "geometry": { "type": "Point", "coordinates": [ 135.516574, 33.7906519 ] } },
{ "type": "Feature", "properties": { "内容": "ケアセンターめばえ【居宅介護支援】和歌山県田辺市芳養町808-35エクセルピュア　1F", "url": "https://www.kaigokensaku.mhlw.go.jp/30/index.php?action_kouhyou_detail_004_kani=true&JigyosyoCd=3072201654-00&ServiceCd=430&Type=search", "url2": null }, "geometry": { "type": "Point", "coordinates": [ 135.3463864, 33.7482849 ] } },
{ "type": "Feature", "properties": { "内容": "ケアーセンターひまわり【居宅介護支援】和歌山県田辺市高雄三丁目8番17号", "url": "https://www.kaigokensaku.mhlw.go.jp/30/index.php?action_kouhyou_detail_004_kani=true&JigyosyoCd=3072200391-00&ServiceCd=430&Type=search", "url2": null }, "geometry": { "type": "Point", "coordinates": [ 135.383956300000023, 33.7382906 ] } },
{ "type": "Feature", "properties": { "内容": "居宅介護支援事業所　自彊館【居宅介護支援】田辺市神島台７番１号", "url": "https://www.kaigokensaku.mhlw.go.jp/30/index.php?action_kouhyou_detail_004_kani=true&JigyosyoCd=3072200813-00&ServiceCd=430&Type=search", "url2": null }, "geometry": { "type": "Point", "coordinates": [ 135.404221199999938, 33.7058366 ] } },
{ "type": "Feature", "properties": { "内容": "田辺市社会福祉協議会　本宮事業所【居宅介護支援】和歌山県田辺市本宮町本宮921番地の2", "url": "https://www.kaigokensaku.mhlw.go.jp/30/index.php?action_kouhyou_detail_004_kani=true&JigyosyoCd=3072500238-00&ServiceCd=430&Type=search", "url2": null }, "geometry": { "type": "Point", "coordinates": [ 135.7718896, 33.8382502 ] } },
{ "type": "Feature", "properties": { "内容": "居宅介護支援リンカ【居宅介護支援】和歌山県田辺市上万呂146-6", "url": "https://www.kaigokensaku.mhlw.go.jp/30/index.php?action_kouhyou_detail_004_kani=true&JigyosyoCd=3072201795-00&ServiceCd=430&Type=search", "url2": null }, "geometry": { "type": "Point", "coordinates": [ 135.404790391803374, 33.735646011311715 ] } },
{ "type": "Feature", "properties": { "内容": "田辺市社会福祉協議会　龍神事業所【居宅介護支援】田辺市龍神村柳瀬1134", "url": "https://www.kaigokensaku.mhlw.go.jp/30/index.php?action_kouhyou_detail_004_kani=true&JigyosyoCd=3072100070-00&ServiceCd=430&Type=search", "url2": "https://tanabeshi-syakyo.jp/" }, "geometry": { "type": "Point", "coordinates": [ 135.470053, 33.8800607 ] } },
{ "type": "Feature", "properties": { "内容": "指定居宅介護支援事業所ミライ【居宅介護支援】和歌山県田辺市文里２丁目35-2-4102号室", "url": "https://www.kaigokensaku.mhlw.go.jp/30/index.php?action_kouhyou_detail_004_kani=true&JigyosyoCd=3072202025-00&ServiceCd=430&Type=search", "url2": null }, "geometry": { "type": "Point", "coordinates": [ 135.3855068, 33.7188661 ] } },
{ "type": "Feature", "properties": { "内容": "ケアサポートセンターほほえみ【居宅介護支援】和歌山県田辺市下万呂481", "url": "https://www.kaigokensaku.mhlw.go.jp/30/index.php?action_kouhyou_detail_004_kani=true&JigyosyoCd=3072200482-00&ServiceCd=430&Type=search", "url2": null }, "geometry": { "type": "Point", "coordinates": [ 135.392577800000026, 33.7387461 ] } },
{ "type": "Feature", "properties": { "内容": "在宅介護支援センター　田辺メディカル【居宅介護支援】和歌山県田辺市新万３－１９", "url": "https://www.kaigokensaku.mhlw.go.jp/30/index.php?action_kouhyou_detail_004_kani=true&JigyosyoCd=3072200904-00&ServiceCd=430&Type=search", "url2": "https://m3918494976.wixsite.com/tanabemedical" }, "geometry": { "type": "Point", "coordinates": [ 135.3947915, 33.7326191 ] } },
{ "type": "Feature", "properties": { "内容": "居宅介護支援事業者　潮風【居宅介護支援】和歌山県田辺市上屋敷二丁目３番３３号", "url": "https://www.kaigokensaku.mhlw.go.jp/30/index.php?action_kouhyou_detail_004_kani=true&JigyosyoCd=3072201803-00&ServiceCd=430&Type=search", "url2": null }, "geometry": { "type": "Point", "coordinates": [ 135.375848600000012, 33.7302851 ] } },
{ "type": "Feature", "properties": { "内容": "ときめきケアプランセンター【居宅介護支援】下万呂16番地の6", "url": "https://www.kaigokensaku.mhlw.go.jp/30/index.php?action_kouhyou_detail_004_kani=true&JigyosyoCd=3072201514-00&ServiceCd=430&Type=search", "url2": null }, "geometry": { "type": "Point", "coordinates": [ 135.394874699999946, 33.7430483 ] } },
{ "type": "Feature", "properties": { "内容": "ケアプランセンターリプラス【居宅介護支援】和歌山県新宮市下田１丁目１番２号マサキビル１Ｆ", "url": "https://www.kaigokensaku.mhlw.go.jp/30/index.php?action_kouhyou_detail_004_kani=true&JigyosyoCd=3072300761-00&ServiceCd=430&Type=search", "url2": null }, "geometry": { "type": "Point", "coordinates": [ 135.99452169999995, 33.7215273 ] } },
{ "type": "Feature", "properties": { "内容": "丹鶴介護サービスセンター【居宅介護支援】和歌山県新宮市仲之町三丁目1番地の5", "url": "https://www.kaigokensaku.mhlw.go.jp/30/index.php?action_kouhyou_detail_004_kani=true&JigyosyoCd=3072300605-00&ServiceCd=430&Type=search", "url2": "ｈｔｔｐｓ：//www.tankaku-kaigo.com" }, "geometry": { "type": "Point", "coordinates": [ 135.989997, 33.7287876 ] } },
{ "type": "Feature", "properties": { "内容": "ひだまり居宅介護支援【居宅介護支援】和歌山県新宮市井の沢9-10", "url": "https://www.kaigokensaku.mhlw.go.jp/30/index.php?action_kouhyou_detail_004_kani=true&JigyosyoCd=3072300506-00&ServiceCd=430&Type=search", "url2": "http://kaigo-hidamari.com/" }, "geometry": { "type": "Point", "coordinates": [ 135.991293282037304, 33.722395308078262 ] } },
{ "type": "Feature", "properties": { "内容": "介護サービススマイル【居宅介護支援】和歌山県新宮市蓬莱3丁目2番27号", "url": "https://www.kaigokensaku.mhlw.go.jp/30/index.php?action_kouhyou_detail_004_kani=true&JigyosyoCd=3072300621-00&ServiceCd=430&Type=search", "url2": null }, "geometry": { "type": "Point", "coordinates": [ 135.997273908212236, 33.724376387502922 ] } },
{ "type": "Feature", "properties": { "内容": "社会福祉法人　新宮市社会福祉協議会【居宅介護支援】和歌山県新宮市春日2-12ふくろくビル2階", "url": "https://www.kaigokensaku.mhlw.go.jp/30/index.php?action_kouhyou_detail_004_kani=true&JigyosyoCd=3062390020-00&ServiceCd=430&Type=search", "url2": null }, "geometry": { "type": "Point", "coordinates": [ 135.99253269999997, 33.724802100000019 ] } },
{ "type": "Feature", "properties": { "内容": "介護支援センター紀の風【居宅介護支援】和歌山県新宮市佐野1322-1グランドール紀の風", "url": "https://www.kaigokensaku.mhlw.go.jp/30/index.php?action_kouhyou_detail_004_kani=true&JigyosyoCd=3072300787-00&ServiceCd=430&Type=search", "url2": "http://www.kinokaze.net/" }, "geometry": { "type": "Point", "coordinates": [ 135.965774600000032, 33.689700799999983 ] } },
{ "type": "Feature", "properties": { "内容": "居宅介護支援　はるかぜ【居宅介護支援】和歌山県新宮市佐野3丁目１１－５", "url": "https://www.kaigokensaku.mhlw.go.jp/30/index.php?action_kouhyou_detail_004_kani=true&JigyosyoCd=3072300969-00&ServiceCd=430&Type=search", "url2": null }, "geometry": { "type": "Point", "coordinates": [ 135.969415734393351, 33.677225884215993 ] } },
{ "type": "Feature", "properties": { "内容": "はまゆう　ケアプランセンター【居宅介護支援】和歌山県新宮市千穂一丁目3番19号", "url": "https://www.kaigokensaku.mhlw.go.jp/30/index.php?action_kouhyou_detail_004_kani=true&JigyosyoCd=3072301108-00&ServiceCd=430&Type=search", "url2": "http://shinpukukai.or.jp" }, "geometry": { "type": "Point", "coordinates": [ 135.9841021, 33.7254004 ] } },
{ "type": "Feature", "properties": { "内容": "ケアプランセンターふじだな【居宅介護支援】和歌山県新宮市橋本2-2-19", "url": "https://www.kaigokensaku.mhlw.go.jp/30/index.php?action_kouhyou_detail_004_kani=true&JigyosyoCd=3072300936-00&ServiceCd=430&Type=search", "url2": "http://www.wisteria-fujidana.com/" }, "geometry": { "type": "Point", "coordinates": [ 135.9879694, 33.71785 ] } },
{ "type": "Feature", "properties": { "内容": "介護支援センターきしゅう【居宅介護支援】和歌山県新宮市熊野地２－１７－１４", "url": "https://www.kaigokensaku.mhlw.go.jp/30/index.php?action_kouhyou_detail_004_kani=true&JigyosyoCd=3072301033-00&ServiceCd=430&Type=search", "url2": null }, "geometry": { "type": "Point", "coordinates": [ 136.003993688430029, 33.721043145360149 ] } },
{ "type": "Feature", "properties": { "内容": "アイトワケアサービス【居宅介護支援】蓬莱３丁目６番２１号", "url": "https://www.kaigokensaku.mhlw.go.jp/30/index.php?action_kouhyou_detail_004_kani=true&JigyosyoCd=3072300514-00&ServiceCd=430&Type=search", "url2": "https://aitowa21.jimdofree.com/" }, "geometry": { "type": "Point", "coordinates": [ 135.998046400000021, 33.723735300000016 ] } },
{ "type": "Feature", "properties": { "内容": "ケアプランセンターあみ【居宅介護支援】和歌山県新宮市徐福２－１－２５　プリンスプラザ２階", "url": "https://www.kaigokensaku.mhlw.go.jp/30/index.php?action_kouhyou_detail_004_kani=true&JigyosyoCd=3072301090-00&ServiceCd=430&Type=search", "url2": null }, "geometry": { "type": "Point", "coordinates": [ 135.995340199999987, 33.72464 ] } },
{ "type": "Feature", "properties": { "内容": "ケアサポートおりーぶ【居宅介護支援】和歌山県新宮市神倉2丁目9-1　1階", "url": "https://www.kaigokensaku.mhlw.go.jp/30/index.php?action_kouhyou_detail_004_kani=true&JigyosyoCd=3072301066-00&ServiceCd=430&Type=search", "url2": null }, "geometry": { "type": "Point", "coordinates": [ 135.987075299999987, 33.7225078 ] } },
{ "type": "Feature", "properties": { "内容": "在宅ケアプランセンター仁智【居宅介護支援】和歌山県新宮市下本町2丁目4-22まちかど福祉相談所", "url": "https://www.kaigokensaku.mhlw.go.jp/30/index.php?action_kouhyou_detail_004_kani=true&JigyosyoCd=3072300910-00&ServiceCd=430&Type=search", "url2": "https://jinchi.co.jp/" }, "geometry": { "type": "Point", "coordinates": [ 135.988706737351833, 33.729997974581444 ] } },
{ "type": "Feature", "properties": { "内容": "在宅介護支援センター悠久【居宅介護支援】和歌山県新宮市三輪崎1960-2", "url": "https://www.kaigokensaku.mhlw.go.jp/30/index.php?action_kouhyou_detail_004_kani=true&JigyosyoCd=3072300191-00&ServiceCd=430&Type=search", "url2": "https://www.kuroshioen.or.jp" }, "geometry": { "type": "Point", "coordinates": [ 135.9866419, 33.6989496 ] } },
{ "type": "Feature", "properties": { "内容": "特別養護老人ホーム熊野川園【居宅介護支援】和歌山県新宮市熊野川町西204番地1", "url": "https://www.kaigokensaku.mhlw.go.jp/30/index.php?action_kouhyou_detail_004_kani=true&JigyosyoCd=3072500048-00&ServiceCd=430&Type=search", "url2": null }, "geometry": { "type": "Point", "coordinates": [ 135.839851100000033, 33.7581293 ] } },
{ "type": "Feature", "properties": { "内容": "ケアプランセンター　はまの【居宅介護支援】和歌山県新宮市井の沢1番28号", "url": "https://www.kaigokensaku.mhlw.go.jp/30/index.php?action_kouhyou_detail_004_kani=true&JigyosyoCd=3072300795-00&ServiceCd=430&Type=search", "url2": null }, "geometry": { "type": "Point", "coordinates": [ 135.991908, 33.7245881 ] } },
{ "type": "Feature", "properties": { "内容": "しんぐうケアプランセンター【居宅介護支援】和歌山県新宮市清水元一丁目１番１９号しんぐうショートステイセンター内", "url": "https://www.kaigokensaku.mhlw.go.jp/30/index.php?action_kouhyou_detail_004_kani=true&JigyosyoCd=3072300902-00&ServiceCd=430&Type=search", "url2": null }, "geometry": { "type": "Point", "coordinates": [ 135.996667819573986, 33.720363366291529 ] } },
{ "type": "Feature", "properties": { "内容": "さら介護サービス【居宅介護支援】新宮市佐野1010-8", "url": "https://www.kaigokensaku.mhlw.go.jp/30/index.php?action_kouhyou_detail_004_kani=true&JigyosyoCd=3072300423-00&ServiceCd=430&Type=search", "url2": "www.sarakaigo.info" }, "geometry": { "type": "Point", "coordinates": [ 135.972502, 33.6851928 ] } },
{ "type": "Feature", "properties": { "内容": "居宅介護支援なだい【居宅介護支援】下井阪605", "url": "https://www.kaigokensaku.mhlw.go.jp/30/index.php?action_kouhyou_detail_004_kani=true&JigyosyoCd=3071700409-00&ServiceCd=430&Type=search", "url2": "http://www.tcc-nadai.com" }, "geometry": { "type": "Point", "coordinates": [ 135.33880350000004, 34.2586307 ] } },
{ "type": "Feature", "properties": { "内容": "ケアプランセンターこはる【居宅介護支援】和歌山県紀の川市西三谷10-38", "url": "https://www.kaigokensaku.mhlw.go.jp/30/index.php?action_kouhyou_detail_004_kani=true&JigyosyoCd=3071701142-00&ServiceCd=430&Type=search", "url2": "https://www.sowan-lien.net/" }, "geometry": { "type": "Point", "coordinates": [ 135.3390229, 34.2717907 ] } },
{ "type": "Feature", "properties": { "内容": "聖アンナケアプランセンター【居宅介護支援】和歌山県紀の川市貴志川町尼寺359特別養護老人ホーム　きしがわ園", "url": "https://www.kaigokensaku.mhlw.go.jp/30/index.php?action_kouhyou_detail_004_kani=true&JigyosyoCd=3071200095-00&ServiceCd=430&Type=search", "url2": "http://seianna.jp" }, "geometry": { "type": "Point", "coordinates": [ 135.312830720720342, 34.225803103267779 ] } },
{ "type": "Feature", "properties": { "内容": "ケアプランセンターグリーンスマイル【居宅介護支援】東野70-1", "url": "https://www.kaigokensaku.mhlw.go.jp/30/index.php?action_kouhyou_detail_004_kani=true&JigyosyoCd=3071700615-00&ServiceCd=430&Type=search", "url2": null }, "geometry": { "type": "Point", "coordinates": [ 135.431288156074544, 34.275453430647808 ] } },
{ "type": "Feature", "properties": { "内容": "長雄ケアプランセンター【居宅介護支援】和歌山県紀の川市下井阪447-1", "url": "https://www.kaigokensaku.mhlw.go.jp/30/index.php?action_kouhyou_detail_004_kani=true&JigyosyoCd=3071700987-00&ServiceCd=430&Type=search", "url2": null }, "geometry": { "type": "Point", "coordinates": [ 135.341092500000059, 34.2572828 ] } },
{ "type": "Feature", "properties": { "内容": "居宅支援事業所ヒューマン・ケア【居宅介護支援】和歌山県紀の川市貴志川町長原1037-4", "url": "https://www.kaigokensaku.mhlw.go.jp/30/index.php?action_kouhyou_detail_004_kani=true&JigyosyoCd=3071201267-00&ServiceCd=430&Type=search", "url2": "http://human-pc.com/wp1" }, "geometry": { "type": "Point", "coordinates": [ 135.305186300000059, 34.2082114 ] } },
{ "type": "Feature", "properties": { "内容": "医療法人　慈愛会　勝田胃腸内科外科医院【居宅介護支援】和歌山県紀の川市粉河２１８５", "url": "https://www.kaigokensaku.mhlw.go.jp/30/index.php?action_kouhyou_detail_004_kani=true&JigyosyoCd=3071700029-00&ServiceCd=430&Type=search", "url2": "http://www.katsuda-ichouka.or.jp" }, "geometry": { "type": "Point", "coordinates": [ 135.403548099999966, 34.276141 ] } },
{ "type": "Feature", "properties": { "内容": "OCEAN【居宅介護支援】和歌山県紀の川市貴志川町丸栖662番地", "url": "https://www.kaigokensaku.mhlw.go.jp/30/index.php?action_kouhyou_detail_004_kani=true&JigyosyoCd=3071700961-00&ServiceCd=430&Type=search", "url2": null }, "geometry": { "type": "Point", "coordinates": [ 135.323721465220643, 34.232093419244066 ] } },
{ "type": "Feature", "properties": { "内容": "まりっくす居宅介護支援センター打田【居宅介護支援】和歌山県紀の川市打田１３３６－１", "url": "https://www.kaigokensaku.mhlw.go.jp/30/index.php?action_kouhyou_detail_004_kani=true&JigyosyoCd=3071200947-00&ServiceCd=430&Type=search", "url2": "https://www.marix317.com" }, "geometry": { "type": "Point", "coordinates": [ 135.36538459999997, 34.2621058 ] } },
{ "type": "Feature", "properties": { "内容": "さわやか福祉会居宅介護支援事業所【居宅介護支援】西脇176-6", "url": "https://www.kaigokensaku.mhlw.go.jp/30/index.php?action_kouhyou_detail_004_kani=true&JigyosyoCd=3071700755-00&ServiceCd=430&Type=search", "url2": "http://nokyo-group.com/" }, "geometry": { "type": "Point", "coordinates": [ 135.436834, 34.2621404 ] } },
{ "type": "Feature", "properties": { "内容": "OAO【居宅介護支援】和歌山県紀の川市西三谷10-16", "url": "https://www.kaigokensaku.mhlw.go.jp/30/index.php?action_kouhyou_detail_004_kani=true&JigyosyoCd=3071701209-00&ServiceCd=430&Type=search", "url2": null }, "geometry": { "type": "Point", "coordinates": [ 135.3389516, 34.2713443 ] } },
{ "type": "Feature", "properties": { "内容": "稲穂会病院【居宅介護支援】和歌山県紀の川市粉河756-3", "url": "https://www.kaigokensaku.mhlw.go.jp/30/index.php?action_kouhyou_detail_004_kani=true&JigyosyoCd=3011710138-00&ServiceCd=430&Type=search", "url2": "http/www.myclinic.ne.jp/inahokai/pc/" }, "geometry": { "type": "Point", "coordinates": [ 135.40425983677062, 34.26789034611059 ] } },
{ "type": "Feature", "properties": { "内容": "ケアプランセンター愛夢【居宅介護支援】和歌山県紀の川市西井阪139-2", "url": "https://www.kaigokensaku.mhlw.go.jp/30/index.php?action_kouhyou_detail_004_kani=true&JigyosyoCd=3071700995-00&ServiceCd=430&Type=search", "url2": null }, "geometry": { "type": "Point", "coordinates": [ 135.337514700000014, 34.2576406 ] } },
{ "type": "Feature", "properties": { "内容": "栄寿苑居宅介護支援センター【居宅介護支援】和歌山県紀の川市麻生津中字飯盛1279番地", "url": "https://www.kaigokensaku.mhlw.go.jp/30/index.php?action_kouhyou_detail_004_kani=true&JigyosyoCd=3071200558-00&ServiceCd=430&Type=search", "url2": "http://koueikai-nate.com/" }, "geometry": { "type": "Point", "coordinates": [ 135.462148800000023, 34.248245 ] } },
{ "type": "Feature", "properties": { "内容": "髙陽会居宅介護支援事業所【居宅介護支援】紀の川市粉河951-1", "url": "https://www.kaigokensaku.mhlw.go.jp/30/index.php?action_kouhyou_detail_004_kani=true&JigyosyoCd=3071200152-00&ServiceCd=430&Type=search", "url2": "http://www.koyokai.or.jp" }, "geometry": { "type": "Point", "coordinates": [ 135.402501199999961, 34.2689057 ] } },
{ "type": "Feature", "properties": { "内容": "紀の川市社会福祉協議会ケアプランセンター【居宅介護支援】和歌山県紀の川市桃山町最上1253番地2桃山保健福祉センター内", "url": "https://www.kaigokensaku.mhlw.go.jp/30/index.php?action_kouhyou_detail_004_kani=true&JigyosyoCd=3071700128-00&ServiceCd=430&Type=search", "url2": "http:://kinokawashishakyo.jp" }, "geometry": { "type": "Point", "coordinates": [ 135.349778300000025, 34.21958 ] } },
{ "type": "Feature", "properties": { "内容": "ケアプランセンター赤ひげ【居宅介護支援】和歌山県紀の川市桃山町神田378番地", "url": "https://www.kaigokensaku.mhlw.go.jp/30/index.php?action_kouhyou_detail_004_kani=true&JigyosyoCd=3071700797-00&ServiceCd=430&Type=search", "url2": "http://www.mikurumakai.or.jp" }, "geometry": { "type": "Point", "coordinates": [ 135.353655600000025, 34.2286039 ] } },
{ "type": "Feature", "properties": { "内容": "皆楽園打田ケアプランセンター【居宅介護支援】和歌山県紀の川市重行３１番地", "url": "https://www.kaigokensaku.mhlw.go.jp/30/index.php?action_kouhyou_detail_004_kani=true&JigyosyoCd=3071200038-00&ServiceCd=430&Type=search", "url2": "http://www.kairakuen.or.jp" }, "geometry": { "type": "Point", "coordinates": [ 135.370153399999907, 34.280612200000029 ] } },
{ "type": "Feature", "properties": { "内容": "ケアプランセンターみくるま【居宅介護支援】貴志川町丸栖1423-3（貴志川リハビリテーション病院内）", "url": "https://www.kaigokensaku.mhlw.go.jp/30/index.php?action_kouhyou_detail_004_kani=true&JigyosyoCd=3071701191-00&ServiceCd=430&Type=search", "url2": "https://www.mikurumakai.or.jp" }, "geometry": { "type": "Point", "coordinates": [ 135.3271863, 34.2407523 ] } },
{ "type": "Feature", "properties": { "内容": "ケアプランセンター　りんく【居宅介護支援】和歌山県紀の川市畑野上333番地1", "url": "https://www.kaigokensaku.mhlw.go.jp/30/index.php?action_kouhyou_detail_004_kani=true&JigyosyoCd=3071701084-00&ServiceCd=430&Type=search", "url2": null }, "geometry": { "type": "Point", "coordinates": [ 135.3476494, 34.2601499 ] } },
{ "type": "Feature", "properties": { "内容": "ケアプランセンターももの里【居宅介護支援】和歌山県紀の川市桃山町最上１２５４－１", "url": "https://www.kaigokensaku.mhlw.go.jp/30/index.php?action_kouhyou_detail_004_kani=true&JigyosyoCd=3071200137-00&ServiceCd=430&Type=search", "url2": "https://syokyukai.jp" }, "geometry": { "type": "Point", "coordinates": [ 135.35046710000006, 34.2197716 ] } },
{ "type": "Feature", "properties": { "内容": "奥クリニック【居宅介護支援】和歌山県紀の川市黒土２６３番地１", "url": "https://www.kaigokensaku.mhlw.go.jp/30/index.php?action_kouhyou_detail_004_kani=true&JigyosyoCd=3011710070-00&ServiceCd=430&Type=search", "url2": "https://oku-cl.jp/" }, "geometry": { "type": "Point", "coordinates": [ 135.378822799999966, 34.2606536 ] } },
{ "type": "Feature", "properties": { "内容": "ケアセンター憩いの里　船戸【居宅介護支援】和歌山県岩出市船戸１１６番地", "url": "https://www.kaigokensaku.mhlw.go.jp/30/index.php?action_kouhyou_detail_004_kani=true&JigyosyoCd=3071800100-00&ServiceCd=430&Type=search", "url2": "http://www.ikoi-sato.jp" }, "geometry": { "type": "Point", "coordinates": [ 135.309009800000013, 34.248987 ] } },
{ "type": "Feature", "properties": { "内容": "ケプランセンターヴィラ桜【居宅介護支援】和歌山県岩出市桜台607", "url": "https://www.kaigokensaku.mhlw.go.jp/30/index.php?action_kouhyou_detail_004_kani=true&JigyosyoCd=3071800605-00&ServiceCd=430&Type=search", "url2": "https://syokyukai.jp" }, "geometry": { "type": "Point", "coordinates": [ 135.319002400000045, 34.2809757 ] } },
{ "type": "Feature", "properties": { "内容": "ケアプランセンターこはる【居宅介護支援】和歌山県岩出市堀口5-7", "url": "https://www.kaigokensaku.mhlw.go.jp/30/index.php?action_kouhyou_detail_004_kani=true&JigyosyoCd=3071800704-00&ServiceCd=430&Type=search", "url2": "http://www.sowan-lien.net" }, "geometry": { "type": "Point", "coordinates": [ 135.305832525325513, 34.271849948374502 ] } },
{ "type": "Feature", "properties": { "内容": "ケアセンターひなの【居宅介護支援】森3番地の31", "url": "https://www.kaigokensaku.mhlw.go.jp/30/index.php?action_kouhyou_detail_004_kani=true&JigyosyoCd=3071800498-00&ServiceCd=430&Type=search", "url2": null }, "geometry": { "type": "Point", "coordinates": [ 135.313419899999985, 34.2716155 ] } },
{ "type": "Feature", "properties": { "内容": "ケアプランセンターうらら【居宅介護支援】和歌山県岩出市山878-5メインストリート豊和ⅢB棟東号室", "url": "https://www.kaigokensaku.mhlw.go.jp/30/index.php?action_kouhyou_detail_004_kani=true&JigyosyoCd=3071800845-00&ServiceCd=430&Type=search", "url2": null }, "geometry": { "type": "Point", "coordinates": [ 135.2783652, 34.2724251 ] } },
{ "type": "Feature", "properties": { "内容": "居宅介護支援事業所ソレイユ【居宅介護支援】岩出市清水439-2", "url": "https://www.kaigokensaku.mhlw.go.jp/30/index.php?action_kouhyou_detail_004_kani=true&JigyosyoCd=3071800860-00&ServiceCd=430&Type=search", "url2": "https://soleil-day.com/" }, "geometry": { "type": "Point", "coordinates": [ 135.319528600000012, 34.2567775 ] } },
{ "type": "Feature", "properties": { "内容": "介護支援心【居宅介護支援】西国分32", "url": "https://www.kaigokensaku.mhlw.go.jp/30/index.php?action_kouhyou_detail_004_kani=true&JigyosyoCd=3071800407-00&ServiceCd=430&Type=search", "url2": "hinatabocco.dsc.sin@gmail.com" }, "geometry": { "type": "Point", "coordinates": [ 135.336931199999981, 34.2674909 ] } },
{ "type": "Feature", "properties": { "内容": "きのくに介護支援センター【居宅介護支援】和歌山県岩出市水栖145-5", "url": "https://www.kaigokensaku.mhlw.go.jp/30/index.php?action_kouhyou_detail_004_kani=true&JigyosyoCd=3071201085-00&ServiceCd=430&Type=search", "url2": null }, "geometry": { "type": "Point", "coordinates": [ 135.323774, 34.2677603 ] } },
{ "type": "Feature", "properties": { "内容": "居宅介護支援事業所いつよ【居宅介護支援】和歌山県岩出市金屋249-16", "url": "https://www.kaigokensaku.mhlw.go.jp/30/index.php?action_kouhyou_detail_004_kani=true&JigyosyoCd=3071800506-00&ServiceCd=430&Type=search", "url2": null }, "geometry": { "type": "Point", "coordinates": [ 135.297138593325712, 34.263080762164805 ] } },
{ "type": "Feature", "properties": { "内容": "居宅介護支援事業所とみた【居宅介護支援】岩出市紀泉台432", "url": "https://www.kaigokensaku.mhlw.go.jp/30/index.php?action_kouhyou_detail_004_kani=true&JigyosyoCd=3071201424-00&ServiceCd=430&Type=search", "url2": "http://www.tomita.or.jp." }, "geometry": { "type": "Point", "coordinates": [ 135.293031199999973, 34.2809699 ] } },
{ "type": "Feature", "properties": { "内容": "ケアプランセンター金池【居宅介護支援】和歌山県　岩出市　金池　15-7", "url": "https://www.kaigokensaku.mhlw.go.jp/30/index.php?action_kouhyou_detail_004_kani=true&JigyosyoCd=3071800449-00&ServiceCd=430&Type=search", "url2": "www.bananahome.jp" }, "geometry": { "type": "Point", "coordinates": [ 135.293850600000042, 34.274076300000011 ] } },
{ "type": "Feature", "properties": { "内容": "介護老人保健施設　やすらぎ苑【居宅介護支援】和歌山県岩出市清水311番地の1", "url": "https://www.kaigokensaku.mhlw.go.jp/30/index.php?action_kouhyou_detail_004_kani=true&JigyosyoCd=3051280026-00&ServiceCd=430&Type=search", "url2": "www.tonodakai.or.jp/yasuragien.html" }, "geometry": { "type": "Point", "coordinates": [ 135.316067100000026, 34.2543893 ] } },
{ "type": "Feature", "properties": { "内容": "おおみや診療所【居宅介護支援】岩出市宮50-1", "url": "https://www.kaigokensaku.mhlw.go.jp/30/index.php?action_kouhyou_detail_004_kani=true&JigyosyoCd=3011810144-00&ServiceCd=430&Type=search", "url2": null }, "geometry": { "type": "Point", "coordinates": [ 135.315753200000017, 34.2550476 ] } },
{ "type": "Feature", "properties": { "内容": "居宅介護支援事業所やよい【居宅介護支援】和歌山県岩出市中迫380", "url": "https://www.kaigokensaku.mhlw.go.jp/30/index.php?action_kouhyou_detail_004_kani=true&JigyosyoCd=3051280018-00&ServiceCd=430&Type=search", "url2": "http://www.yaeikai.com" }, "geometry": { "type": "Point", "coordinates": [ 135.31500589999996, 34.2618108 ] } },
{ "type": "Feature", "properties": { "内容": "ここいろ【居宅介護支援】和歌山県岩出市荊本２６９-５", "url": "https://www.kaigokensaku.mhlw.go.jp/30/index.php?action_kouhyou_detail_004_kani=true&JigyosyoCd=3071800811-00&ServiceCd=430&Type=search", "url2": null }, "geometry": { "type": "Point", "coordinates": [ 135.30598950000001, 34.2643357 ] } },
{ "type": "Feature", "properties": { "内容": "憩い園　ケアプランセンター【居宅介護支援】和歌山県岩出市溝川22番地", "url": "https://www.kaigokensaku.mhlw.go.jp/30/index.php?action_kouhyou_detail_004_kani=true&JigyosyoCd=3071800399-00&ServiceCd=430&Type=search", "url2": "iwadeikoien@voice.ocn.ne.jp" }, "geometry": { "type": "Point", "coordinates": [ 135.325738099999967, 34.2550532 ] } },
{ "type": "Feature", "properties": { "内容": "皆楽園岩出ケアプランセンター【居宅介護支援】岩出市西国分668番地", "url": "https://www.kaigokensaku.mhlw.go.jp/30/index.php?action_kouhyou_detail_004_kani=true&JigyosyoCd=3071200012-00&ServiceCd=430&Type=search", "url2": "http://www.kairakuen.or.jp" }, "geometry": { "type": "Point", "coordinates": [ 135.330754, 34.2651772 ] } },
{ "type": "Feature", "properties": { "内容": "アサヒケアプランセンター【居宅介護支援】和歌山県岩出市紀泉台341番地", "url": "https://www.kaigokensaku.mhlw.go.jp/30/index.php?action_kouhyou_detail_004_kani=true&JigyosyoCd=3071800977-00&ServiceCd=430&Type=search", "url2": null }, "geometry": { "type": "Point", "coordinates": [ 135.292852, 34.284505600000017 ] } },
{ "type": "Feature", "properties": { "内容": "天寿苑指定居宅介護支援事業所【居宅介護支援】和歌山県海草郡紀美野町下佐々３８５番地１", "url": "https://www.kaigokensaku.mhlw.go.jp/30/index.php?action_kouhyou_detail_004_kani=true&JigyosyoCd=3071100055-00&ServiceCd=430&Type=search", "url2": "http://www.tenchikukai.jp" }, "geometry": { "type": "Point", "coordinates": [ 135.31853209999997, 34.1578068 ] } },
{ "type": "Feature", "properties": { "内容": "居宅介護支援事業所　万寿【居宅介護支援】和歌山県海草郡紀美野町小畑312さうすういんぐ203", "url": "https://www.kaigokensaku.mhlw.go.jp/30/index.php?action_kouhyou_detail_004_kani=true&JigyosyoCd=3071100469-00&ServiceCd=430&Type=search", "url2": null }, "geometry": { "type": "Point", "coordinates": [ 135.297663, 34.1637312 ] } },
{ "type": "Feature", "properties": { "内容": "たんぽぽ居宅介護支援事業所【居宅介護支援】和歌山県海草郡紀美野町下佐々１３３８－２メゾンアクア１０２号", "url": "https://www.kaigokensaku.mhlw.go.jp/30/index.php?action_kouhyou_detail_004_kani=true&JigyosyoCd=3071100402-00&ServiceCd=430&Type=search", "url2": null }, "geometry": { "type": "Point", "coordinates": [ 135.313401699999986, 34.1523029 ] } },
{ "type": "Feature", "properties": { "内容": "国保野上厚生総合病院【居宅介護支援】和歌山県海草郡紀美野町小畑１９８", "url": "https://www.kaigokensaku.mhlw.go.jp/30/index.php?action_kouhyou_detail_004_kani=true&JigyosyoCd=3011110081-00&ServiceCd=430&Type=search", "url2": "http://www.nokami-hospital.jp/" }, "geometry": { "type": "Point", "coordinates": [ 135.2953099, 34.1638444 ] } },
{ "type": "Feature", "properties": { "内容": "ケアプランセンターうらら【居宅介護支援】和歌山県海草郡紀美野町小畑371-3", "url": "https://www.kaigokensaku.mhlw.go.jp/30/index.php?action_kouhyou_detail_004_kani=true&JigyosyoCd=3071100444-00&ServiceCd=430&Type=search", "url2": null }, "geometry": { "type": "Point", "coordinates": [ 135.302901668647763, 34.166055119148751 ] } },
{ "type": "Feature", "properties": { "内容": "社会福祉法人　紀美野町社会福祉協議会　紀美野居宅介護支援事業所【居宅介護支援】和歌山県海草郡紀美野町下佐々1408番地4紀美野町総合福祉センター", "url": "https://www.kaigokensaku.mhlw.go.jp/30/index.php?action_kouhyou_detail_004_kani=true&JigyosyoCd=3071100022-00&ServiceCd=430&Type=search", "url2": "http://kimino.shakyo-w.jp/" }, "geometry": { "type": "Point", "coordinates": [ 135.3109025, 34.1521352 ] } },
{ "type": "Feature", "properties": { "内容": "美里園指定居宅介護支援事業所【居宅介護支援】和歌山県　海草郡　紀美野町　安井　6-1", "url": "https://www.kaigokensaku.mhlw.go.jp/30/index.php?action_kouhyou_detail_004_kani=true&JigyosyoCd=3071100014-00&ServiceCd=430&Type=search", "url2": "https://seiwa-sws.or.jp" }, "geometry": { "type": "Point", "coordinates": [ 135.34661559999995, 34.1490559 ] } },
{ "type": "Feature", "properties": { "内容": "ケアプランセンターはなぶさ【居宅介護支援】和歌山県伊都郡かつらぎ町笠田東446", "url": "https://www.kaigokensaku.mhlw.go.jp/30/index.php?action_kouhyou_detail_004_kani=true&JigyosyoCd=3071300937-00&ServiceCd=430&Type=search", "url2": "http://www.hanabusa.wakayama.jp" }, "geometry": { "type": "Point", "coordinates": [ 135.477121899999929, 34.2869712 ] } },
{ "type": "Feature", "properties": { "内容": "かつらぎ町社会福祉協議会【居宅介護支援】和歌山県伊都郡かつらぎ町大字丁ノ町２３３８番地の２", "url": "https://www.kaigokensaku.mhlw.go.jp/30/index.php?action_kouhyou_detail_004_kani=true&JigyosyoCd=3071300069-00&ServiceCd=430&Type=search", "url2": "https://katuragishakyo.or.jp/" }, "geometry": { "type": "Point", "coordinates": [ 135.504377799999929, 34.2956817 ] } },
{ "type": "Feature", "properties": { "内容": "愛光園在宅介護支援センター【居宅介護支援】和歌山県伊都郡かつらぎ町佐野1401-2", "url": "https://www.kaigokensaku.mhlw.go.jp/30/index.php?action_kouhyou_detail_004_kani=true&JigyosyoCd=3071300010-00&ServiceCd=430&Type=search", "url2": null }, "geometry": { "type": "Point", "coordinates": [ 135.484954799999969, 34.2866657 ] } },
{ "type": "Feature", "properties": { "内容": "九度山町社会福祉協議会【居宅介護支援】和歌山県伊都郡九度山町大字河根732-1九度山町地域福祉センター内", "url": "https://www.kaigokensaku.mhlw.go.jp/30/index.php?action_kouhyou_detail_004_kani=true&JigyosyoCd=3071300028-00&ServiceCd=430&Type=search", "url2": "http://www.shakyo.or.jp/hp/1295" }, "geometry": { "type": "Point", "coordinates": [ 135.5622452, 34.2871694 ] } },
{ "type": "Feature", "properties": { "内容": "聖愛会事業所【居宅介護支援】和歌山県伊都郡高野町高野山44-22", "url": "https://www.kaigokensaku.mhlw.go.jp/30/index.php?action_kouhyou_detail_004_kani=true&JigyosyoCd=3071300044-00&ServiceCd=430&Type=search", "url2": "https://seiaikai.jimdofree.com/" }, "geometry": { "type": "Point", "coordinates": [ 135.592627099999959, 34.2206737 ] } },
{ "type": "Feature", "properties": { "内容": "社会福祉法人高野町社会福祉協議会【居宅介護支援】和歌山県伊都郡高野町高野山２６－８高野町保健福祉センター内", "url": "https://www.kaigokensaku.mhlw.go.jp/30/index.php?action_kouhyou_detail_004_kani=true&JigyosyoCd=3071300036-00&ServiceCd=430&Type=search", "url2": "http://koyasyakyo.ec-net.jp/" }, "geometry": { "type": "Point", "coordinates": [ 135.591683603735419, 34.221492474413779 ] } },
{ "type": "Feature", "properties": { "内容": "なつあけの里ささゆり苑居宅介護支援事業【居宅介護支援】和歌山県有田郡湯浅町湯浅456", "url": "https://www.kaigokensaku.mhlw.go.jp/30/index.php?action_kouhyou_detail_004_kani=true&JigyosyoCd=3071600369-00&ServiceCd=430&Type=search", "url2": "http://www.kitabakai.jp/" }, "geometry": { "type": "Point", "coordinates": [ 135.175562929834058, 34.035277081366829 ] } },
{ "type": "Feature", "properties": { "内容": "和柔整・原接骨院【居宅介護支援】和歌山県有田郡湯浅町湯浅２１３８－３", "url": "https://www.kaigokensaku.mhlw.go.jp/30/index.php?action_kouhyou_detail_004_kani=true&JigyosyoCd=3071601011-00&ServiceCd=430&Type=search", "url2": "http://www.eonet.ne.jp/~ekimaesanpo/kyotaku.htm" }, "geometry": { "type": "Point", "coordinates": [ 135.187804298878717, 34.037567763362858 ] } },
{ "type": "Feature", "properties": { "内容": "居宅介護支援事業所ふるさと【居宅介護支援】和歌山県有田郡湯浅町湯浅454", "url": "https://www.kaigokensaku.mhlw.go.jp/30/index.php?action_kouhyou_detail_004_kani=true&JigyosyoCd=3071601441-00&ServiceCd=430&Type=search", "url2": "http://sites.google.com/view/go-furusato" }, "geometry": { "type": "Point", "coordinates": [ 135.175251399999979, 34.0359053 ] } },
{ "type": "Feature", "properties": { "内容": "湯浅町社会福祉協議会【居宅介護支援】和歌山県有田郡湯浅町栖原１２６", "url": "https://www.kaigokensaku.mhlw.go.jp/30/index.php?action_kouhyou_detail_004_kani=true&JigyosyoCd=3071600070-00&ServiceCd=430&Type=search", "url2": "http://www.yuasa-shakyo.or.jp/" }, "geometry": { "type": "Point", "coordinates": [ 135.177425399999947, 34.0375644 ] } },
{ "type": "Feature", "properties": { "内容": "済生会有田居宅介護支援事業所【居宅介護支援】和歌山県有田郡湯浅町吉川52の6", "url": "https://www.kaigokensaku.mhlw.go.jp/30/index.php?action_kouhyou_detail_004_kani=true&JigyosyoCd=3071600179-00&ServiceCd=430&Type=search", "url2": "http://www.saiseikai-arida.jp/" }, "geometry": { "type": "Point", "coordinates": [ 135.193196, 34.0455721 ] } },
{ "type": "Feature", "properties": { "内容": "ケアプランセンター　広川苑【居宅介護支援】和歌山県　有田郡　広川町　和田18", "url": "https://www.kaigokensaku.mhlw.go.jp/30/index.php?action_kouhyou_detail_004_kani=true&JigyosyoCd=3071600583-00&ServiceCd=430&Type=search", "url2": "http://w-himawarikai.or.jp/" }, "geometry": { "type": "Point", "coordinates": [ 135.1640741, 34.0253103 ] } },
{ "type": "Feature", "properties": { "内容": "ｹｱﾌﾟﾗﾝｾﾝﾀｰ和の郷【居宅介護支援】和歌山県有田郡広川町広81-3", "url": "https://www.kaigokensaku.mhlw.go.jp/30/index.php?action_kouhyou_detail_004_kani=true&JigyosyoCd=3071601466-00&ServiceCd=430&Type=search", "url2": null }, "geometry": { "type": "Point", "coordinates": [ 135.1814233, 34.0255159 ] } },
{ "type": "Feature", "properties": { "内容": "広川町指定居宅介護支援事業所【居宅介護支援】和歌山県有田郡広川町大字広1500番地広川町保健福祉センター", "url": "https://www.kaigokensaku.mhlw.go.jp/30/index.php?action_kouhyou_detail_004_kani=true&JigyosyoCd=3071600625-00&ServiceCd=430&Type=search", "url2": "http://www.town.hirogawa.wakayama.jp/" }, "geometry": { "type": "Point", "coordinates": [ 135.172814900000049, 34.029496 ] } },
{ "type": "Feature", "properties": { "内容": "有田川町社会福祉協議会清水事務所居宅介護支援【居宅介護支援】和歌山県有田郡有田川町大字二川　820番地1", "url": "https://www.kaigokensaku.mhlw.go.jp/30/index.php?action_kouhyou_detail_004_kani=true&JigyosyoCd=3071600062-00&ServiceCd=430&Type=search", "url2": null }, "geometry": { "type": "Point", "coordinates": [ 135.355626255819772, 34.061030473253886 ] } },
{ "type": "Feature", "properties": { "内容": "きび在宅介護支援センター【居宅介護支援】和歌山県有田郡有田川町大字小島16", "url": "https://www.kaigokensaku.mhlw.go.jp/30/index.php?action_kouhyou_detail_004_kani=true&JigyosyoCd=3071600203-00&ServiceCd=430&Type=search", "url2": "http://www.akemikai.or.jp" }, "geometry": { "type": "Point", "coordinates": [ 135.201550099999963, 34.0681387 ] } },
{ "type": "Feature", "properties": { "内容": "JAありだ清水ケアプランセンター【居宅介護支援】和歌山県有田郡有田川町清水３４３－１", "url": "https://www.kaigokensaku.mhlw.go.jp/30/index.php?action_kouhyou_detail_004_kani=true&JigyosyoCd=3071600385-00&ServiceCd=430&Type=search", "url2": "http://www.ja-arida.or.jp/" }, "geometry": { "type": "Point", "coordinates": [ 135.42949079999994, 34.0828005 ] } },
{ "type": "Feature", "properties": { "内容": "寿楽園【居宅介護支援】和歌山県有田郡有田川町大字小川992番地", "url": "https://www.kaigokensaku.mhlw.go.jp/30/index.php?action_kouhyou_detail_004_kani=true&JigyosyoCd=3071600039-00&ServiceCd=430&Type=search", "url2": "https://ikkeikai.recruitment.jp" }, "geometry": { "type": "Point", "coordinates": [ 135.269966100000033, 34.0737956 ] } },
{ "type": "Feature", "properties": { "内容": "特別養護老人ホーム吉備苑ケアプランセンター【居宅介護支援】和歌山県有田郡有田川町大字奥222-1", "url": "https://www.kaigokensaku.mhlw.go.jp/30/index.php?action_kouhyou_detail_004_kani=true&JigyosyoCd=3071600443-00&ServiceCd=430&Type=search", "url2": "http://www.kibien.com/" }, "geometry": { "type": "Point", "coordinates": [ 135.209766599999966, 34.0484421 ] } },
{ "type": "Feature", "properties": { "内容": "わかばの郷【居宅介護支援】和歌山県有田郡有田川町西丹生図125-1", "url": "https://www.kaigokensaku.mhlw.go.jp/30/index.php?action_kouhyou_detail_004_kani=true&JigyosyoCd=3071600617-00&ServiceCd=430&Type=search", "url2": null }, "geometry": { "type": "Point", "coordinates": [ 135.224795299999982, 34.0659014 ] } },
{ "type": "Feature", "properties": { "内容": "しみず園ケアプランセンター【居宅介護支援】和歌山県有田郡有田川町大字粟生710番地4", "url": "https://www.kaigokensaku.mhlw.go.jp/30/index.php?action_kouhyou_detail_004_kani=true&JigyosyoCd=3071601078-00&ServiceCd=430&Type=search", "url2": "https://kibien.com" }, "geometry": { "type": "Point", "coordinates": [ 135.355794101202406, 34.061558154965994 ] } },
{ "type": "Feature", "properties": { "内容": "サンライズケアありだ川【居宅介護支援】和歌山県有田郡有田川町東丹生図73-3", "url": "https://www.kaigokensaku.mhlw.go.jp/30/index.php?action_kouhyou_detail_004_kani=true&JigyosyoCd=3071601417-00&ServiceCd=430&Type=search", "url2": "http://www.sunrisecare.co.jp/" }, "geometry": { "type": "Point", "coordinates": [ 135.230137, 34.065449 ] } },
{ "type": "Feature", "properties": { "内容": "有田川町社会福祉協議会居宅介護支援【居宅介護支援】和歌山県有田郡有田川町角７５番地1有田川町きび保健福祉センター内", "url": "https://www.kaigokensaku.mhlw.go.jp/30/index.php?action_kouhyou_detail_004_kani=true&JigyosyoCd=3071600047-00&ServiceCd=430&Type=search", "url2": "http://www.aridagawa-syakyo.or.jp/" }, "geometry": { "type": "Point", "coordinates": [ 135.216184800000065, 34.0736388 ] } },
{ "type": "Feature", "properties": { "内容": "ありだケアプランセンター【居宅介護支援】和歌山県有田郡有田川町清水343-1", "url": "https://www.kaigokensaku.mhlw.go.jp/30/index.php?action_kouhyou_detail_004_kani=true&JigyosyoCd=3071601573-00&ServiceCd=430&Type=search", "url2": null }, "geometry": { "type": "Point", "coordinates": [ 135.429477600000013, 34.0828182 ] } },
{ "type": "Feature", "properties": { "内容": "居宅介護支援事業所有田リハビリセンター【居宅介護支援】和歌山県有田郡有田川町庄17-1", "url": "https://www.kaigokensaku.mhlw.go.jp/30/index.php?action_kouhyou_detail_004_kani=true&JigyosyoCd=3071601599-00&ServiceCd=430&Type=search", "url2": null }, "geometry": { "type": "Point", "coordinates": [ 135.242397021715419, 34.0628280952021 ] } },
{ "type": "Feature", "properties": { "内容": "みのり居宅介護支援事業所【居宅介護支援】和歌山県有田郡有田川町吉原９０８", "url": "https://www.kaigokensaku.mhlw.go.jp/30/index.php?action_kouhyou_detail_004_kani=true&JigyosyoCd=3071600682-00&ServiceCd=430&Type=search", "url2": null }, "geometry": { "type": "Point", "coordinates": [ 135.2526292, 34.054501800000018 ] } },
{ "type": "Feature", "properties": { "内容": "指定介護支援事業所　オレンジの郷【居宅介護支援】和歌山県有田郡有田川町吉原522", "url": "https://www.kaigokensaku.mhlw.go.jp/30/index.php?action_kouhyou_detail_004_kani=true&JigyosyoCd=3071601508-00&ServiceCd=430&Type=search", "url2": null }, "geometry": { "type": "Point", "coordinates": [ 135.2578638, 34.04866 ] } },
{ "type": "Feature", "properties": { "内容": "あうる居宅介護支援事業所【居宅介護支援】和歌山県有田郡有田川町庄849-1", "url": "https://www.kaigokensaku.mhlw.go.jp/30/index.php?action_kouhyou_detail_004_kani=true&JigyosyoCd=3071601474-00&ServiceCd=430&Type=search", "url2": null }, "geometry": { "type": "Point", "coordinates": [ 135.230955126397077, 34.070165383924163 ] } },
{ "type": "Feature", "properties": { "内容": "ライフサポート　リボン【居宅介護支援】和歌山県日高郡美浜町吉原1094番地6", "url": "https://www.kaigokensaku.mhlw.go.jp/30/index.php?action_kouhyou_detail_004_kani=true&JigyosyoCd=3072101078-00&ServiceCd=430&Type=search", "url2": null }, "geometry": { "type": "Point", "coordinates": [ 135.1411041, 33.8875662 ] } },
{ "type": "Feature", "properties": { "内容": "特別養護老人ホーム美浜在宅介護支援センター【居宅介護支援】和歌山県日高郡美浜町大字三尾９番地", "url": "https://www.kaigokensaku.mhlw.go.jp/30/index.php?action_kouhyou_detail_004_kani=true&JigyosyoCd=3072100138-00&ServiceCd=430&Type=search", "url2": "http://www.tokiwa-roujin.jp" }, "geometry": { "type": "Point", "coordinates": [ 135.105831053963527, 33.893926393508359 ] } },
{ "type": "Feature", "properties": { "内容": "居宅介護支援事業所日高リハビリセンター【居宅介護支援】和歌山県日高郡美浜町和田1902", "url": "https://www.kaigokensaku.mhlw.go.jp/30/index.php?action_kouhyou_detail_004_kani=true&JigyosyoCd=3072100971-00&ServiceCd=430&Type=search", "url2": null }, "geometry": { "type": "Point", "coordinates": [ 135.119352835443124, 33.894192060519735 ] } },
{ "type": "Feature", "properties": { "内容": "訪問看護ステーションはしもと【居宅介護支援】和歌山県日高郡美浜町田井400-1", "url": "https://www.kaigokensaku.mhlw.go.jp/30/index.php?action_kouhyou_detail_004_kani=true&JigyosyoCd=3062190008-00&ServiceCd=430&Type=search", "url2": null }, "geometry": { "type": "Point", "coordinates": [ 135.1500188, 33.889701 ] } },
{ "type": "Feature", "properties": { "内容": "プランハウス　樹【居宅介護支援】和歌山県日高郡美浜町和田1312小川マンション２０２号室", "url": "https://www.kaigokensaku.mhlw.go.jp/30/index.php?action_kouhyou_detail_004_kani=true&JigyosyoCd=3072101060-00&ServiceCd=430&Type=search", "url2": null }, "geometry": { "type": "Point", "coordinates": [ 135.129446880693848, 33.89924379816194 ] } },
{ "type": "Feature", "properties": { "内容": "社会福祉法人日高町社会福祉協議会【居宅介護支援】和歌山県日高郡日高町大字小中１３０８番地日高町保健福祉総合センター", "url": "https://www.kaigokensaku.mhlw.go.jp/30/index.php?action_kouhyou_detail_004_kani=true&JigyosyoCd=3072100047-00&ServiceCd=430&Type=search", "url2": "http://www.naxnet.or.jp/~hidakas/" }, "geometry": { "type": "Point", "coordinates": [ 135.126156499999979, 33.9249217 ] } },
{ "type": "Feature", "properties": { "内容": "ケアサポートなごみ【居宅介護支援】和歌山県日高郡由良町里２２１－１", "url": "https://www.kaigokensaku.mhlw.go.jp/30/index.php?action_kouhyou_detail_004_kani=true&JigyosyoCd=3072100880-00&ServiceCd=430&Type=search", "url2": null }, "geometry": { "type": "Point", "coordinates": [ 135.120188740025355, 33.959953666404523 ] } },
{ "type": "Feature", "properties": { "内容": "社会福祉法人　由良町社会福祉協議会【居宅介護支援】和歌山県日高郡由良町吹井80-88", "url": "https://www.kaigokensaku.mhlw.go.jp/30/index.php?action_kouhyou_detail_004_kani=true&JigyosyoCd=3072100088-00&ServiceCd=430&Type=search", "url2": "http://www.shakyo.or.jp/hp/1302/" }, "geometry": { "type": "Point", "coordinates": [ 135.1089799, 33.970233 ] } },
{ "type": "Feature", "properties": { "内容": "ゆら博愛園指定居宅介護支援事業所【居宅介護支援】和歌山県日高郡由良町大字吹井９１０番地の１", "url": "https://www.kaigokensaku.mhlw.go.jp/30/index.php?action_kouhyou_detail_004_kani=true&JigyosyoCd=3072100427-00&ServiceCd=430&Type=search", "url2": "http://www.hakuaikai.net/" }, "geometry": { "type": "Point", "coordinates": [ 135.105844100000013, 33.9698641 ] } },
{ "type": "Feature", "properties": { "内容": "社会福祉法人　印南町社会福祉協議会【居宅介護支援】和歌山県日高郡印南町山口145-1印南町防災福祉センター", "url": "https://www.kaigokensaku.mhlw.go.jp/30/index.php?action_kouhyou_detail_004_kani=true&JigyosyoCd=3072100013-00&ServiceCd=430&Type=search", "url2": "http://www.inami-syakyo.jp" }, "geometry": { "type": "Point", "coordinates": [ 135.222516020635425, 33.820518926829763 ] } },
{ "type": "Feature", "properties": { "内容": "和柔整・ふじ接骨院【居宅介護支援】和歌山県日高郡印南町島田１１００－６", "url": "https://www.kaigokensaku.mhlw.go.jp/30/index.php?action_kouhyou_detail_004_kani=true&JigyosyoCd=3072100765-00&ServiceCd=430&Type=search", "url2": null }, "geometry": { "type": "Point", "coordinates": [ 135.238169, 33.7994167 ] } },
{ "type": "Feature", "properties": { "内容": "カルフール・ド・ルポ印南　在宅介護支援センター【居宅介護支援】和歌山県日高郡印南町山口１５０番地１", "url": "https://www.kaigokensaku.mhlw.go.jp/30/index.php?action_kouhyou_detail_004_kani=true&JigyosyoCd=3072100278-00&ServiceCd=430&Type=search", "url2": "http://carrefour-inami.jp/" }, "geometry": { "type": "Point", "coordinates": [ 135.221591600000011, 33.8219697 ] } },
{ "type": "Feature", "properties": { "内容": "みなべ町社協ふれ愛【居宅介護支援】和歌山県日高郡みなべ町東本庄100", "url": "https://www.kaigokensaku.mhlw.go.jp/30/index.php?action_kouhyou_detail_004_kani=true&JigyosyoCd=3072100302-00&ServiceCd=430&Type=search", "url2": "http://www.wakayamanet.or.jp/minabeshakyo/" }, "geometry": { "type": "Point", "coordinates": [ 135.33031619999997, 33.7930497 ] } },
{ "type": "Feature", "properties": { "内容": "特別養護老人ホームときわ寮梅の里　居宅介護支援事業所【居宅介護支援】和歌山県日高郡みなべ町滝４３７番地", "url": "https://www.kaigokensaku.mhlw.go.jp/30/index.php?action_kouhyou_detail_004_kani=true&JigyosyoCd=3072100146-00&ServiceCd=430&Type=search", "url2": "http://www.tokiwa-roujin.jp/" }, "geometry": { "type": "Point", "coordinates": [ 135.34938139999997, 33.841553 ] } },
{ "type": "Feature", "properties": { "内容": "ケアプランニング　あるく【居宅介護支援】和歌山県日高郡みなべ町山内字西魚崎１４４４番地", "url": "https://www.kaigokensaku.mhlw.go.jp/30/index.php?action_kouhyou_detail_004_kani=true&JigyosyoCd=3072101136-00&ServiceCd=430&Type=search", "url2": null }, "geometry": { "type": "Point", "coordinates": [ 135.3040795, 33.7771349 ] } },
{ "type": "Feature", "properties": { "内容": "みなべ町社協はあとプラン【居宅介護支援】みなべ町芝447番地2みなべ町社会福祉センターはあと館", "url": "https://www.kaigokensaku.mhlw.go.jp/30/index.php?action_kouhyou_detail_004_kani=true&JigyosyoCd=3072100310-00&ServiceCd=430&Type=search", "url2": "http://www.wakayamanet.or.jp/minabeshakyo/index.htm" }, "geometry": { "type": "Point", "coordinates": [ 135.3235118, 33.7660335 ] } },
{ "type": "Feature", "properties": { "内容": "中津在宅介護支援センター【居宅介護支援】和歌山県日高郡日高川町大字船津字岩ノ谷１６６４番地", "url": "https://www.kaigokensaku.mhlw.go.jp/30/index.php?action_kouhyou_detail_004_kani=true&JigyosyoCd=3072100104-00&ServiceCd=430&Type=search", "url2": null }, "geometry": { "type": "Point", "coordinates": [ 135.268708299999957, 33.9582033 ] } },
{ "type": "Feature", "properties": { "内容": "ケアプランきたで・和佐の里【居宅介護支援】和歌山県日高郡日高川町土生1158-1", "url": "https://www.kaigokensaku.mhlw.go.jp/30/index.php?action_kouhyou_detail_004_kani=true&JigyosyoCd=3072100054-00&ServiceCd=430&Type=search", "url2": "https://reimeikai.com/pages/461/" }, "geometry": { "type": "Point", "coordinates": [ 135.17805451510003, 33.912834139658926 ] } },
{ "type": "Feature", "properties": { "内容": "特別養護老人ホームときわ寮川辺園【居宅介護支援】和歌山県日高郡日高川町大字和佐２０８１番地の１０", "url": "https://www.kaigokensaku.mhlw.go.jp/30/index.php?action_kouhyou_detail_004_kani=true&JigyosyoCd=3072100120-00&ServiceCd=430&Type=search", "url2": "http://www.tokiwa-roujin.jp/" }, "geometry": { "type": "Point", "coordinates": [ 135.212416399999938, 33.8978265 ] } },
{ "type": "Feature", "properties": { "内容": "はるす・ケアプランサービス【居宅介護支援】和歌山県日高郡日高川町川原河２６４", "url": "https://www.kaigokensaku.mhlw.go.jp/30/index.php?action_kouhyou_detail_004_kani=true&JigyosyoCd=3072100393-00&ServiceCd=430&Type=search", "url2": "https//hals-hals.co.jp/" }, "geometry": { "type": "Point", "coordinates": [ 135.367859899999985, 33.9829039 ] } },
{ "type": "Feature", "properties": { "内容": "博愛指定居宅介護支援事業所日高川【居宅介護支援】和歌山県日高郡日高川町土生127番地6", "url": "https://www.kaigokensaku.mhlw.go.jp/30/index.php?action_kouhyou_detail_004_kani=true&JigyosyoCd=3072100989-00&ServiceCd=430&Type=search", "url2": "http://www.hakuaikai.net/" }, "geometry": { "type": "Point", "coordinates": [ 135.185656549073769, 33.911182779258461 ] } },
{ "type": "Feature", "properties": { "内容": "ケアプランセンター日高川町社協【居宅介護支援】和歌山県日高郡日高川町大字川原河２６４番地日高川町保健福祉センター", "url": "https://www.kaigokensaku.mhlw.go.jp/30/index.php?action_kouhyou_detail_004_kani=true&JigyosyoCd=3072100633-00&ServiceCd=430&Type=search", "url2": "http://www.hidakagawa-shakyo.or.jp/" }, "geometry": { "type": "Point", "coordinates": [ 135.367468297483839, 33.982739316478487 ] } },
{ "type": "Feature", "properties": { "内容": "居宅介護支援事業所　白浜日置の郷【居宅介護支援】和歌山県西牟婁郡白浜町日置2037番地", "url": "https://www.kaigokensaku.mhlw.go.jp/30/index.php?action_kouhyou_detail_004_kani=true&JigyosyoCd=3072400728-00&ServiceCd=430&Type=search", "url2": "http://www.sanyohukushikai.com/" }, "geometry": { "type": "Point", "coordinates": [ 135.430432699999983, 33.5723337 ] } },
{ "type": "Feature", "properties": { "内容": "在宅介護支援センター内の川【居宅介護支援】和歌山県西牟婁郡白浜町保呂252", "url": "https://www.kaigokensaku.mhlw.go.jp/30/index.php?action_kouhyou_detail_004_kani=true&JigyosyoCd=3072401171-00&ServiceCd=430&Type=search", "url2": null }, "geometry": { "type": "Point", "coordinates": [ 135.414859100000058, 33.6824231 ] } },
{ "type": "Feature", "properties": { "内容": "公益財団法人白浜医療福祉財団白浜はまゆう病院地域ケア室在宅介護支援センター【居宅介護支援】和歌山県西牟婁郡白浜町1447", "url": "https://www.kaigokensaku.mhlw.go.jp/30/index.php?action_kouhyou_detail_004_kani=true&JigyosyoCd=3072400033-00&ServiceCd=430&Type=search", "url2": "http://www.hamayu-hp.or.jp/" }, "geometry": { "type": "Point", "coordinates": [ 135.348163952698656, 33.681872209512541 ] } },
{ "type": "Feature", "properties": { "内容": "ケアサポートセンターぱる【居宅介護支援】西牟婁郡白浜町2927-80", "url": "https://www.kaigokensaku.mhlw.go.jp/30/index.php?action_kouhyou_detail_004_kani=true&JigyosyoCd=3072400827-00&ServiceCd=430&Type=search", "url2": null }, "geometry": { "type": "Point", "coordinates": [ 135.355039600000026, 33.6684541 ] } },
{ "type": "Feature", "properties": { "内容": "ケアセンターおたっしゃ倶楽部白浜ケアプランセンター【居宅介護支援】西牟婁郡白浜町才野1322", "url": "https://www.kaigokensaku.mhlw.go.jp/30/index.php?action_kouhyou_detail_004_kani=true&JigyosyoCd=3072200763-00&ServiceCd=430&Type=search", "url2": "http://www.s-co-op.or.jp/" }, "geometry": { "type": "Point", "coordinates": [ 135.379181575500866, 33.661997867047376 ] } },
{ "type": "Feature", "properties": { "内容": "あるくケアセンター【居宅介護支援】和歌山県西牟婁郡白浜町美ノ浦1089-7", "url": "https://www.kaigokensaku.mhlw.go.jp/30/index.php?action_kouhyou_detail_004_kani=true&JigyosyoCd=3072401478-00&ServiceCd=430&Type=search", "url2": "https://www.aruku1218.com/" }, "geometry": { "type": "Point", "coordinates": [ 135.348487112393087, 33.687578330255043 ] } },
{ "type": "Feature", "properties": { "内容": "在宅介護支援センター　成華苑【居宅介護支援】和歌山県西牟婁郡白浜町富田１３６０－２０", "url": "https://www.kaigokensaku.mhlw.go.jp/30/index.php?action_kouhyou_detail_004_kani=true&JigyosyoCd=3072400322-00&ServiceCd=430&Type=search", "url2": "https://www.nankishirahama-fukushikai.or.jp/" }, "geometry": { "type": "Point", "coordinates": [ 135.3991466, 33.6385473 ] } },
{ "type": "Feature", "properties": { "内容": "白浜町社会福祉協議会指定居宅介護支援白浜事業所【居宅介護支援】和歌山県西牟婁郡白浜町十九渕２７４番地の１", "url": "https://www.kaigokensaku.mhlw.go.jp/30/index.php?action_kouhyou_detail_004_kani=true&JigyosyoCd=3072400397-00&ServiceCd=430&Type=search", "url2": "http://www.shirahama-syakyo.jp/" }, "geometry": { "type": "Point", "coordinates": [ 135.4044017, 33.6607254 ] } },
{ "type": "Feature", "properties": { "内容": "森音-MORION-居宅介護支援事業所【居宅介護支援】和歌山県西牟婁郡白浜町堅田2578-305", "url": "https://www.kaigokensaku.mhlw.go.jp/30/index.php?action_kouhyou_detail_004_kani=true&JigyosyoCd=3072201597-00&ServiceCd=430&Type=search", "url2": null }, "geometry": { "type": "Point", "coordinates": [ 135.386597773782569, 33.679888033715542 ] } },
{ "type": "Feature", "properties": { "内容": "ケアプランセンター　ピースフル【居宅介護支援】和歌山県西牟婁郡上富田町市ノ瀬2407-4", "url": "https://www.kaigokensaku.mhlw.go.jp/30/index.php?action_kouhyou_detail_004_kani=true&JigyosyoCd=3072401262-00&ServiceCd=430&Type=search", "url2": "http://peaceful-mirai.com/" }, "geometry": { "type": "Point", "coordinates": [ 135.45980453886699, 33.720693677149796 ] } },
{ "type": "Feature", "properties": { "内容": "社会福祉法人　上富田町社会福祉協議会【居宅介護支援】和歌山県西牟婁郡上富田町朝来７５５－１上富田福祉センター", "url": "https://www.kaigokensaku.mhlw.go.jp/30/index.php?action_kouhyou_detail_004_kani=true&JigyosyoCd=3072400058-00&ServiceCd=430&Type=search", "url2": "http://kamitonda.shakyo-w.jp/" }, "geometry": { "type": "Point", "coordinates": [ 135.430207699999983, 33.6963994 ] } },
{ "type": "Feature", "properties": { "内容": "ケアセンターあやとり【居宅介護支援】和歌山県西牟婁郡上富田町岡1406-1", "url": "https://www.kaigokensaku.mhlw.go.jp/30/index.php?action_kouhyou_detail_004_kani=true&JigyosyoCd=3072400850-00&ServiceCd=430&Type=search", "url2": "https://ayatori-fa.com/carecenter/" }, "geometry": { "type": "Point", "coordinates": [ 135.443913935447739, 33.724021206597754 ] } },
{ "type": "Feature", "properties": { "内容": "居宅介護支援事業者　愛の園【居宅介護支援】和歌山県西牟婁郡上富田町生馬316-56", "url": "https://www.kaigokensaku.mhlw.go.jp/30/index.php?action_kouhyou_detail_004_kani=true&JigyosyoCd=3072401502-00&ServiceCd=430&Type=search", "url2": "http://sanyofukushikai.com" }, "geometry": { "type": "Point", "coordinates": [ 135.427786, 33.7187189 ] } },
{ "type": "Feature", "properties": { "内容": "居宅介護支援事業所けんゆう【居宅介護支援】和歌山県西牟婁郡すさみ町江住上ミ平見800", "url": "https://www.kaigokensaku.mhlw.go.jp/30/index.php?action_kouhyou_detail_004_kani=true&JigyosyoCd=3072400488-00&ServiceCd=430&Type=search", "url2": "http://www.i-kenyukai.com" }, "geometry": { "type": "Point", "coordinates": [ 135.6052085, 33.5101363 ] } },
{ "type": "Feature", "properties": { "内容": "社会福祉法人すさみ町社会福祉協議会【居宅介護支援】西牟婁郡すさみ町周参見４１３３すさみ町地域福祉センター", "url": "https://www.kaigokensaku.mhlw.go.jp/30/index.php?action_kouhyou_detail_004_kani=true&JigyosyoCd=3072400074-00&ServiceCd=430&Type=search", "url2": "http://www.shakyo.or.jp/hp/index.php?s=1308" }, "geometry": { "type": "Point", "coordinates": [ 135.495598400000063, 33.5499592 ] } },
{ "type": "Feature", "properties": { "内容": "介護サービスえがおの杜【居宅介護支援】和歌山県東牟婁郡那智勝浦町天満826-1", "url": "https://www.kaigokensaku.mhlw.go.jp/30/index.php?action_kouhyou_detail_004_kani=true&JigyosyoCd=3072501020-00&ServiceCd=430&Type=search", "url2": null }, "geometry": { "type": "Point", "coordinates": [ 135.939964706658628, 33.632147031947895 ] } },
{ "type": "Feature", "properties": { "内容": "南紀ケアプランセンター那智勝浦【居宅介護支援】和歌山県東牟婁郡那智勝浦町湯川６１番地", "url": "https://www.kaigokensaku.mhlw.go.jp/30/index.php?action_kouhyou_detail_004_kani=true&JigyosyoCd=3072500568-00&ServiceCd=430&Type=search", "url2": "http://www.takasekai.or.jp/" }, "geometry": { "type": "Point", "coordinates": [ 135.926954908598304, 33.619431114025595 ] } },
{ "type": "Feature", "properties": { "内容": "有限会社勝浦介護サービス【居宅介護支援】和歌山県東牟婁郡那智勝浦町北浜2丁目51番地", "url": "https://www.kaigokensaku.mhlw.go.jp/30/index.php?action_kouhyou_detail_004_kani=true&JigyosyoCd=3072500147-00&ServiceCd=430&Type=search", "url2": null }, "geometry": { "type": "Point", "coordinates": [ 135.9432273, 33.6319794 ] } },
{ "type": "Feature", "properties": { "内容": "ケアプランサービスつなぎ【居宅介護支援】和歌山県東牟婁郡那智勝浦町天満1595-15", "url": "https://www.kaigokensaku.mhlw.go.jp/30/index.php?action_kouhyou_detail_004_kani=true&JigyosyoCd=3072501038-00&ServiceCd=430&Type=search", "url2": null }, "geometry": { "type": "Point", "coordinates": [ 135.933039548287837, 33.635349242647621 ] } },
{ "type": "Feature", "properties": { "内容": "社会福祉法人那智勝浦町社会福祉協議会【居宅介護支援】東牟婁郡那智勝浦町天満1418-2福祉健康センター内", "url": "https://www.kaigokensaku.mhlw.go.jp/30/index.php?action_kouhyou_detail_004_kani=true&JigyosyoCd=3072500030-00&ServiceCd=430&Type=search", "url2": "https://nachikatsushakyo.jimdo.com/" }, "geometry": { "type": "Point", "coordinates": [ 135.9343245558197, 33.63178245111277 ] } },
{ "type": "Feature", "properties": { "内容": "あゆみ【居宅介護支援】和歌山県東牟婁郡那智勝浦町大字天満1丁目75", "url": "https://www.kaigokensaku.mhlw.go.jp/30/index.php?action_kouhyou_detail_004_kani=true&JigyosyoCd=3072500584-00&ServiceCd=430&Type=search", "url2": null }, "geometry": { "type": "Point", "coordinates": [ 135.936091900000065, 33.6319237 ] } },
{ "type": "Feature", "properties": { "内容": "ケアプランセンターやたがらす【居宅介護支援】和歌山県東牟婁郡那智勝浦町宇久井１７３０番地３２４", "url": "https://www.kaigokensaku.mhlw.go.jp/30/index.php?action_kouhyou_detail_004_kani=true&JigyosyoCd=3072500998-00&ServiceCd=430&Type=search", "url2": null }, "geometry": { "type": "Point", "coordinates": [ 135.961768112303162, 33.657853236521696 ] } },
{ "type": "Feature", "properties": { "内容": "居宅介護支援事業所　ルピナス【居宅介護支援】和歌山県東牟婁郡那智勝浦町宇久井714-3", "url": "https://www.kaigokensaku.mhlw.go.jp/30/index.php?action_kouhyou_detail_004_kani=true&JigyosyoCd=3072500360-00&ServiceCd=430&Type=search", "url2": "http://rupinasu.jp" }, "geometry": { "type": "Point", "coordinates": [ 135.982915600000069, 33.6594993 ] } },
{ "type": "Feature", "properties": { "内容": "社会福祉法人太地町社会福祉協議会【居宅介護支援】和歌山県東牟婁郡太地町太地2991-1太地町多目的センター内", "url": "https://www.kaigokensaku.mhlw.go.jp/30/index.php?action_kouhyou_detail_004_kani=true&JigyosyoCd=3072500063-00&ServiceCd=430&Type=search", "url2": "http://www.taiji-shakyo.or.jp" }, "geometry": { "type": "Point", "coordinates": [ 135.946286699999973, 33.589701 ] } },
{ "type": "Feature", "properties": { "内容": "南紀ケアプランセンター【居宅介護支援】和歌山県東牟婁郡古座川町高瀬４０６番地", "url": "https://www.kaigokensaku.mhlw.go.jp/30/index.php?action_kouhyou_detail_004_kani=true&JigyosyoCd=3072500014-00&ServiceCd=430&Type=search", "url2": "http://www.takasekai.or.jp" }, "geometry": { "type": "Point", "coordinates": [ 135.778202, 33.535302 ] } },
{ "type": "Feature", "properties": { "内容": "北山村社会福祉協議会【居宅介護支援】和歌山県東牟婁郡北山村大沼３１２番地北山村高齢者生活福祉センター内", "url": "https://www.kaigokensaku.mhlw.go.jp/30/index.php?action_kouhyou_detail_004_kani=true&JigyosyoCd=3072500154-00&ServiceCd=430&Type=search", "url2": "http://www.za.ztv.ne.jp/k-fukusi.yamasaki/" }, "geometry": { "type": "Point", "coordinates": [ 135.966907399999968, 33.9295413 ] } },
{ "type": "Feature", "properties": { "内容": "南紀ケアプランセンター串本【居宅介護支援】和歌山県東牟婁郡串本町串本256番地", "url": "https://www.kaigokensaku.mhlw.go.jp/30/index.php?action_kouhyou_detail_004_kani=true&JigyosyoCd=3072401064-00&ServiceCd=430&Type=search", "url2": "http://www.takasekai.or.jp" }, "geometry": { "type": "Point", "coordinates": [ 135.78062060000002, 33.4727894 ] } },
{ "type": "Feature", "properties": { "内容": "明日葉の郷【居宅介護支援】和歌山県東牟婁郡串本町潮岬2688番地の7明日葉の郷", "url": "https://www.kaigokensaku.mhlw.go.jp/30/index.php?action_kouhyou_detail_004_kani=true&JigyosyoCd=3072501046-00&ServiceCd=430&Type=search", "url2": "https://ashitaba.c-co.jp/" }, "geometry": { "type": "Point", "coordinates": [ 135.763572035801673, 33.440935278792473 ] } },
{ "type": "Feature", "properties": { "内容": "串本町社会福祉協議会居宅介護支援事業所【居宅介護支援】和歌山県東牟婁郡串本町サンゴ台783-7", "url": "https://www.kaigokensaku.mhlw.go.jp/30/index.php?action_kouhyou_detail_004_kani=true&JigyosyoCd=3072400439-00&ServiceCd=430&Type=search", "url2": "nantan@dune.ocn.ne.jp" }, "geometry": { "type": "Point", "coordinates": [ 135.782761821287494, 33.483776441996113 ] } },
{ "type": "Feature", "properties": { "内容": "けんゆう相談センター【居宅介護支援】和歌山県東牟婁郡串本町串本1767", "url": "https://www.kaigokensaku.mhlw.go.jp/30/index.php?action_kouhyou_detail_004_kani=true&JigyosyoCd=3072500519-00&ServiceCd=430&Type=search", "url2": "http://www.i-kenyukai.com" }, "geometry": { "type": "Point", "coordinates": [ 135.7808868, 33.4720434 ] } },
{ "type": "Feature", "properties": { "内容": "にしき園指定居宅介護支援事業所【居宅介護支援】和歌山県東牟婁郡串本町二色160番地", "url": "https://www.kaigokensaku.mhlw.go.jp/30/index.php?action_kouhyou_detail_004_kani=true&JigyosyoCd=3072400090-00&ServiceCd=430&Type=search", "url2": "http://www.nishikien.ne.jp/" }, "geometry": { "type": "Point", "coordinates": [ 135.768860600000039, 33.489038 ] } }
]
}
