{
"type": "FeatureCollection",
"name": "geo_30_5",
"crs": { "type": "name", "properties": { "name": "urn:ogc:def:crs:OGC:1.3:CRS84" } },
"features": [
{ "type": "Feature", "properties": { "ID": 305010402, "正式名称": "ふゆの薬局", "機関区分": 5, "都道府県コード": 30, "市区町村コード": 201, "所在地": "和歌山県和歌山市冬野１７６４－１", "緯度": 34.181849, "経度": 135.20797, "url": "https://www.iryou.teikyouseido.mhlw.go.jp/znk-web/juminkanja/S2430/initialize?prefCd=30&kikanCd=010402&kikanKbn=5", "url2": "https://www.rainbow-bridge.jp/", "内容": "ふゆの薬局【5:薬局】和歌山県和歌山市冬野１７６４－１" }, "geometry": { "type": "Point", "coordinates": [ 135.20797, 34.181849 ] } },
{ "type": "Feature", "properties": { "ID": 305010530, "正式名称": "エグチ薬局秋月店", "機関区分": 5, "都道府県コード": 30, "市区町村コード": 201, "所在地": "和歌山県和歌山市秋月５４５－２", "緯度": 34.226272, "経度": 135.20309, "url": "https://www.iryou.teikyouseido.mhlw.go.jp/znk-web/juminkanja/S2430/initialize?prefCd=30&kikanCd=010530&kikanKbn=5", "url2": null, "内容": "エグチ薬局秋月店【5:薬局】和歌山県和歌山市秋月５４５－２" }, "geometry": { "type": "Point", "coordinates": [ 135.20309, 34.226272 ] } },
{ "type": "Feature", "properties": { "ID": 305010531, "正式名称": "エグチ薬局", "機関区分": 5, "都道府県コード": 30, "市区町村コード": 201, "所在地": "和歌山県和歌山市黒田１２０　アソートクロダ１Ｆ", "緯度": 34.23605, "経度": 135.192422, "url": "https://www.iryou.teikyouseido.mhlw.go.jp/znk-web/juminkanja/S2430/initialize?prefCd=30&kikanCd=010531&kikanKbn=5", "url2": null, "内容": "エグチ薬局【5:薬局】和歌山県和歌山市黒田１２０　アソートクロダ１Ｆ" }, "geometry": { "type": "Point", "coordinates": [ 135.192422, 34.23605 ] } },
{ "type": "Feature", "properties": { "ID": 305010536, "正式名称": "かるがも薬局和歌山駅前店", "機関区分": 5, "都道府県コード": 30, "市区町村コード": 201, "所在地": "和歌山県和歌山市友田町５丁目４５", "緯度": 34.233111, "経度": 135.189441, "url": "https://www.iryou.teikyouseido.mhlw.go.jp/znk-web/juminkanja/S2430/initialize?prefCd=30&kikanCd=010536&kikanKbn=5", "url2": null, "内容": "かるがも薬局和歌山駅前店【5:薬局】和歌山県和歌山市友田町５丁目４５" }, "geometry": { "type": "Point", "coordinates": [ 135.189441, 34.233111 ] } },
{ "type": "Feature", "properties": { "ID": 305010825, "正式名称": "江本薬局", "機関区分": 5, "都道府県コード": 30, "市区町村コード": 201, "所在地": "和歌山県和歌山市毛見２９５－９", "緯度": 34.168376, "経度": 135.198052, "url": "https://www.iryou.teikyouseido.mhlw.go.jp/znk-web/juminkanja/S2430/initialize?prefCd=30&kikanCd=010825&kikanKbn=5", "url2": "http://emotoyakkyoku.com/", "内容": "江本薬局【5:薬局】和歌山県和歌山市毛見２９５－９" }, "geometry": { "type": "Point", "coordinates": [ 135.198052, 34.168376 ] } },
{ "type": "Feature", "properties": { "ID": 305010988, "正式名称": "エース薬局北島店", "機関区分": 5, "都道府県コード": 30, "市区町村コード": 201, "所在地": "和歌山県和歌山市北島１００－６", "緯度": 34.241863, "経度": 135.158686, "url": "https://www.iryou.teikyouseido.mhlw.go.jp/znk-web/juminkanja/S2430/initialize?prefCd=30&kikanCd=010988&kikanKbn=5", "url2": "http://www.ginmeido.co.jp/", "内容": "エース薬局北島店【5:薬局】和歌山県和歌山市北島１００－６" }, "geometry": { "type": "Point", "coordinates": [ 135.158686, 34.241863 ] } },
{ "type": "Feature", "properties": { "ID": 305011168, "正式名称": "すみれ調剤薬局", "機関区分": 5, "都道府県コード": 30, "市区町村コード": 201, "所在地": "和歌山県和歌山市塩屋６－２－６５", "緯度": 34.197193, "経度": 135.177236, "url": "https://www.iryou.teikyouseido.mhlw.go.jp/znk-web/juminkanja/S2430/initialize?prefCd=30&kikanCd=011168&kikanKbn=5", "url2": "https://shohosen.jp/pharmacy/#sumire", "内容": "すみれ調剤薬局【5:薬局】和歌山県和歌山市塩屋６－２－６５" }, "geometry": { "type": "Point", "coordinates": [ 135.177236, 34.197193 ] } },
{ "type": "Feature", "properties": { "ID": 305011185, "正式名称": "ふたば調剤薬局", "機関区分": 5, "都道府県コード": 30, "市区町村コード": 201, "所在地": "和歌山県和歌山市木ノ本１１６－３", "緯度": 34.257043, "経度": 135.12414, "url": "https://www.iryou.teikyouseido.mhlw.go.jp/znk-web/juminkanja/S2430/initialize?prefCd=30&kikanCd=011185&kikanKbn=5", "url2": null, "内容": "ふたば調剤薬局【5:薬局】和歌山県和歌山市木ノ本１１６－３" }, "geometry": { "type": "Point", "coordinates": [ 135.12414, 34.257043 ] } },
{ "type": "Feature", "properties": { "ID": 305011269, "正式名称": "森の薬局　花山店", "機関区分": 5, "都道府県コード": 30, "市区町村コード": 201, "所在地": "和歌山県和歌山市秋月４８４", "緯度": 34.225041, "経度": 135.207339, "url": "https://www.iryou.teikyouseido.mhlw.go.jp/znk-web/juminkanja/S2430/initialize?prefCd=30&kikanCd=011269&kikanKbn=5", "url2": null, "内容": "森の薬局　花山店【5:薬局】和歌山県和歌山市秋月４８４" }, "geometry": { "type": "Point", "coordinates": [ 135.207339, 34.225041 ] } },
{ "type": "Feature", "properties": { "ID": 305011829, "正式名称": "調剤薬局ツルハドラッグ琴の浦店", "機関区分": 5, "都道府県コード": 30, "市区町村コード": 201, "所在地": "和歌山県和歌山市毛見９２８－６", "緯度": 34.158441, "経度": 135.185365, "url": "https://www.iryou.teikyouseido.mhlw.go.jp/znk-web/juminkanja/S2430/initialize?prefCd=30&kikanCd=011829&kikanKbn=5", "url2": "http://www.tsuruha.co.jp/shop/?cm=v&amp;id=1499", "内容": "調剤薬局ツルハドラッグ琴の浦店【5:薬局】和歌山県和歌山市毛見９２８－６" }, "geometry": { "type": "Point", "coordinates": [ 135.185365, 34.158441 ] } },
{ "type": "Feature", "properties": { "ID": 305011917, "正式名称": "たんぽぽ薬局　和歌山医大前店", "機関区分": 5, "都道府県コード": 30, "市区町村コード": 201, "所在地": "和歌山県和歌山市紀三井寺８１１番地の６２", "緯度": 34.1884, "経度": 135.183242, "url": "https://www.iryou.teikyouseido.mhlw.go.jp/znk-web/juminkanja/S2430/initialize?prefCd=30&kikanCd=011917&kikanKbn=5", "url2": "https://www.tanpopo-ph.co.jp/", "内容": "たんぽぽ薬局　和歌山医大前店【5:薬局】和歌山県和歌山市紀三井寺８１１番地の６２" }, "geometry": { "type": "Point", "coordinates": [ 135.183242, 34.1884 ] } },
{ "type": "Feature", "properties": { "ID": 305011962, "正式名称": "エグチ薬局内原店", "機関区分": 5, "都道府県コード": 30, "市区町村コード": 201, "所在地": "和歌山県和歌山市内原９４１－２３", "緯度": 34.171242, "経度": 135.190588, "url": "https://www.iryou.teikyouseido.mhlw.go.jp/znk-web/juminkanja/S2430/initialize?prefCd=30&kikanCd=011962&kikanKbn=5", "url2": null, "内容": "エグチ薬局内原店【5:薬局】和歌山県和歌山市内原９４１－２３" }, "geometry": { "type": "Point", "coordinates": [ 135.190588, 34.171242 ] } },
{ "type": "Feature", "properties": { "ID": 305012046, "正式名称": "株式会社第一薬局黒田", "機関区分": 5, "都道府県コード": 30, "市区町村コード": 201, "所在地": "和歌山県和歌山市黒田１３９－３", "緯度": 34.235598, "経度": 135.19387, "url": "https://www.iryou.teikyouseido.mhlw.go.jp/znk-web/juminkanja/S2430/initialize?prefCd=30&kikanCd=012046&kikanKbn=5", "url2": "https://d1p.co.jp/", "内容": "株式会社第一薬局黒田【5:薬局】和歌山県和歌山市黒田１３９－３" }, "geometry": { "type": "Point", "coordinates": [ 135.19387, 34.235598 ] } },
{ "type": "Feature", "properties": { "ID": 305012077, "正式名称": "真進堂薬局", "機関区分": 5, "都道府県コード": 30, "市区町村コード": 201, "所在地": "和歌山県和歌山市松ケ丘１－８－２３", "緯度": 34.20432, "経度": 135.166288, "url": "https://www.iryou.teikyouseido.mhlw.go.jp/znk-web/juminkanja/S2430/initialize?prefCd=30&kikanCd=012077&kikanKbn=5", "url2": null, "内容": "真進堂薬局【5:薬局】和歌山県和歌山市松ケ丘１－８－２３" }, "geometry": { "type": "Point", "coordinates": [ 135.166288, 34.20432 ] } },
{ "type": "Feature", "properties": { "ID": 305012422, "正式名称": "ほのぼの薬局", "機関区分": 5, "都道府県コード": 30, "市区町村コード": 201, "所在地": "和歌山県和歌山市新在家１６２", "緯度": 34.244938, "経度": 135.196265, "url": "https://www.iryou.teikyouseido.mhlw.go.jp/znk-web/juminkanja/S2430/initialize?prefCd=30&kikanCd=012422&kikanKbn=5", "url2": "http://www.honobono-pharmacy.com/", "内容": "ほのぼの薬局【5:薬局】和歌山県和歌山市新在家１６２" }, "geometry": { "type": "Point", "coordinates": [ 135.196265, 34.244938 ] } },
{ "type": "Feature", "properties": { "ID": 305012669, "正式名称": "イオン薬局和歌山店", "機関区分": 5, "都道府県コード": 30, "市区町村コード": 201, "所在地": "和歌山県和歌山市ふじと台２３番地イオン和歌山店１階", "緯度": 34.274824, "経度": 135.149454, "url": "https://www.iryou.teikyouseido.mhlw.go.jp/znk-web/juminkanja/S2430/initialize?prefCd=30&kikanCd=012669&kikanKbn=5", "url2": null, "内容": "イオン薬局和歌山店【5:薬局】和歌山県和歌山市ふじと台２３番地イオン和歌山店１階" }, "geometry": { "type": "Point", "coordinates": [ 135.149454, 34.274824 ] } },
{ "type": "Feature", "properties": { "ID": 305012747, "正式名称": "なかい薬局", "機関区分": 5, "都道府県コード": 30, "市区町村コード": 201, "所在地": "和歌山県和歌山市松江北７－１２５９－１７２", "緯度": 34.251681, "経度": 135.127609, "url": "https://www.iryou.teikyouseido.mhlw.go.jp/znk-web/juminkanja/S2430/initialize?prefCd=30&kikanCd=012747&kikanKbn=5", "url2": null, "内容": "なかい薬局【5:薬局】和歌山県和歌山市松江北７－１２５９－１７２" }, "geometry": { "type": "Point", "coordinates": [ 135.127609, 34.251681 ] } },
{ "type": "Feature", "properties": { "ID": 305012816, "正式名称": "マリン調剤薬局", "機関区分": 5, "都道府県コード": 30, "市区町村コード": 201, "所在地": "和歌山県和歌山市黒田１丁目１－１６", "緯度": 34.233151, "経度": 135.192706, "url": "https://www.iryou.teikyouseido.mhlw.go.jp/znk-web/juminkanja/S2430/initialize?prefCd=30&kikanCd=012816&kikanKbn=5", "url2": "http://sanmi-g.co.jp/", "内容": "マリン調剤薬局【5:薬局】和歌山県和歌山市黒田１丁目１－１６" }, "geometry": { "type": "Point", "coordinates": [ 135.192706, 34.233151 ] } },
{ "type": "Feature", "properties": { "ID": 305020211, "正式名称": "関西薬局　和歌山店", "機関区分": 5, "都道府県コード": 30, "市区町村コード": 201, "所在地": "和歌山県和歌山市友田町４丁目１３０番　１階", "緯度": 34.233176, "経度": 135.188353, "url": "https://www.iryou.teikyouseido.mhlw.go.jp/znk-web/juminkanja/S2430/initialize?prefCd=30&kikanCd=020211&kikanKbn=5", "url2": "https://www.kyowa-gr.jp/", "内容": "関西薬局　和歌山店【5:薬局】和歌山県和歌山市友田町４丁目１３０番　１階" }, "geometry": { "type": "Point", "coordinates": [ 135.188353, 34.233176 ] } },
{ "type": "Feature", "properties": { "ID": 305020327, "正式名称": "有限会社　松本薬局　雄湊店", "機関区分": 5, "都道府県コード": 30, "市区町村コード": 201, "所在地": "和歌山県和歌山市網屋町９６", "緯度": 34.22852, "経度": 135.162357, "url": "https://www.iryou.teikyouseido.mhlw.go.jp/znk-web/juminkanja/S2430/initialize?prefCd=30&kikanCd=020327&kikanKbn=5", "url2": "https://www.m-d-s.jp/", "内容": "有限会社　松本薬局　雄湊店【5:薬局】和歌山県和歌山市網屋町９６" }, "geometry": { "type": "Point", "coordinates": [ 135.162357, 34.22852 ] } },
{ "type": "Feature", "properties": { "ID": 305020458, "正式名称": "株式会社第一薬局　小雑賀", "機関区分": 5, "都道府県コード": 30, "市区町村コード": 201, "所在地": "和歌山県和歌山市小雑賀７２６－８", "緯度": 34.199319, "経度": 135.185882, "url": "https://www.iryou.teikyouseido.mhlw.go.jp/znk-web/juminkanja/S2430/initialize?prefCd=30&kikanCd=020458&kikanKbn=5", "url2": "https://d1p.co.jp/", "内容": "株式会社第一薬局　小雑賀【5:薬局】和歌山県和歌山市小雑賀７２６－８" }, "geometry": { "type": "Point", "coordinates": [ 135.185882, 34.199319 ] } },
{ "type": "Feature", "properties": { "ID": 305020985, "正式名称": "アハト調剤薬局", "機関区分": 5, "都道府県コード": 30, "市区町村コード": 201, "所在地": "和歌山県和歌山市狐島３８８－３", "緯度": 34.244154, "経度": 135.152657, "url": "https://www.iryou.teikyouseido.mhlw.go.jp/znk-web/juminkanja/S2430/initialize?prefCd=30&kikanCd=020985&kikanKbn=5", "url2": "http://www.cosmo-ph.co.jp/", "内容": "アハト調剤薬局【5:薬局】和歌山県和歌山市狐島３８８－３" }, "geometry": { "type": "Point", "coordinates": [ 135.152657, 34.244154 ] } },
{ "type": "Feature", "properties": { "ID": 305020986, "正式名称": "コスモファーマ薬局　三木町店", "機関区分": 5, "都道府県コード": 30, "市区町村コード": 201, "所在地": "和歌山県和歌山市南休賀町８番地", "緯度": 34.230597, "経度": 135.179757, "url": "https://www.iryou.teikyouseido.mhlw.go.jp/znk-web/juminkanja/S2430/initialize?prefCd=30&kikanCd=020986&kikanKbn=5", "url2": "http://www.cosmo-ph.co.jp/", "内容": "コスモファーマ薬局　三木町店【5:薬局】和歌山県和歌山市南休賀町８番地" }, "geometry": { "type": "Point", "coordinates": [ 135.179757, 34.230597 ] } },
{ "type": "Feature", "properties": { "ID": 305020987, "正式名称": "調剤薬局ピース", "機関区分": 5, "都道府県コード": 30, "市区町村コード": 201, "所在地": "和歌山県和歌山市北島４５３", "緯度": 34.238013, "経度": 135.15535, "url": "https://www.iryou.teikyouseido.mhlw.go.jp/znk-web/juminkanja/S2430/initialize?prefCd=30&kikanCd=020987&kikanKbn=5", "url2": "http://www.cosmo-ph.co.jp/", "内容": "調剤薬局ピース【5:薬局】和歌山県和歌山市北島４５３" }, "geometry": { "type": "Point", "coordinates": [ 135.15535, 34.238013 ] } },
{ "type": "Feature", "properties": { "ID": 305020988, "正式名称": "コスモファーマ薬局　太田店", "機関区分": 5, "都道府県コード": 30, "市区町村コード": 201, "所在地": "和歌山県和歌山市太田二丁目１３番１０号　ヒロメディカル第２ビル", "緯度": 34.231829, "経度": 135.19478, "url": "https://www.iryou.teikyouseido.mhlw.go.jp/znk-web/juminkanja/S2430/initialize?prefCd=30&kikanCd=020988&kikanKbn=5", "url2": "http://www.cosmo-ph.co.jp/", "内容": "コスモファーマ薬局　太田店【5:薬局】和歌山県和歌山市太田二丁目１３番１０号　ヒロメディカル第２ビル" }, "geometry": { "type": "Point", "coordinates": [ 135.19478, 34.231829 ] } },
{ "type": "Feature", "properties": { "ID": 305020990, "正式名称": "コスモファーマ薬局　日赤前店", "機関区分": 5, "都道府県コード": 30, "市区町村コード": 201, "所在地": "和歌山県和歌山市小松原通４丁目２３", "緯度": 34.21998, "経度": 135.169018, "url": "https://www.iryou.teikyouseido.mhlw.go.jp/znk-web/juminkanja/S2430/initialize?prefCd=30&kikanCd=020990&kikanKbn=5", "url2": "http://www.cosmo-ph.co.jp/", "内容": "コスモファーマ薬局　日赤前店【5:薬局】和歌山県和歌山市小松原通４丁目２３" }, "geometry": { "type": "Point", "coordinates": [ 135.169018, 34.21998 ] } },
{ "type": "Feature", "properties": { "ID": 305021015, "正式名称": "ウエルシア薬局　和歌山楠見中店", "機関区分": 5, "都道府県コード": 30, "市区町村コード": 201, "所在地": "和歌山県和歌山市楠見中２８番地３", "緯度": 34.252995, "経度": 135.176007, "url": "https://www.iryou.teikyouseido.mhlw.go.jp/znk-web/juminkanja/S2430/initialize?prefCd=30&kikanCd=021015&kikanKbn=5", "url2": "http://www.welcia-yakkyoku.co.jp/", "内容": "ウエルシア薬局　和歌山楠見中店【5:薬局】和歌山県和歌山市楠見中２８番地３" }, "geometry": { "type": "Point", "coordinates": [ 135.176007, 34.252995 ] } },
{ "type": "Feature", "properties": { "ID": 305021043, "正式名称": "紀伊調剤薬局", "機関区分": 5, "都道府県コード": 30, "市区町村コード": 201, "所在地": "和歌山県和歌山市北野３０６", "緯度": 34.268989, "経度": 135.247692, "url": "https://www.iryou.teikyouseido.mhlw.go.jp/znk-web/juminkanja/S2430/initialize?prefCd=30&kikanCd=021043&kikanKbn=5", "url2": null, "内容": "紀伊調剤薬局【5:薬局】和歌山県和歌山市北野３０６" }, "geometry": { "type": "Point", "coordinates": [ 135.247692, 34.268989 ] } },
{ "type": "Feature", "properties": { "ID": 305021044, "正式名称": "アルテ調剤薬局", "機関区分": 5, "都道府県コード": 30, "市区町村コード": 201, "所在地": "和歌山県和歌山市北島５５８－７", "緯度": 34.24415, "経度": 135.16278, "url": "https://www.iryou.teikyouseido.mhlw.go.jp/znk-web/juminkanja/S2430/initialize?prefCd=30&kikanCd=021044&kikanKbn=5", "url2": null, "内容": "アルテ調剤薬局【5:薬局】和歌山県和歌山市北島５５８－７" }, "geometry": { "type": "Point", "coordinates": [ 135.16278, 34.24415 ] } },
{ "type": "Feature", "properties": { "ID": 305021068, "正式名称": "タイガー薬局　県庁前店", "機関区分": 5, "都道府県コード": 30, "市区町村コード": 201, "所在地": "和歌山県和歌山市久右衛門丁４６　ＴＢＡビル１階", "緯度": 34.225431, "経度": 135.16585, "url": "https://www.iryou.teikyouseido.mhlw.go.jp/znk-web/juminkanja/S2430/initialize?prefCd=30&kikanCd=021068&kikanKbn=5", "url2": "http://www.tiger-pharmacy.co.jp/", "内容": "タイガー薬局　県庁前店【5:薬局】和歌山県和歌山市久右衛門丁４６　ＴＢＡビル１階" }, "geometry": { "type": "Point", "coordinates": [ 135.16585, 34.225431 ] } },
{ "type": "Feature", "properties": { "ID": 305021205, "正式名称": "たんぽぽ薬局　和歌山日赤前店", "機関区分": 5, "都道府県コード": 30, "市区町村コード": 201, "所在地": "和歌山県和歌山市小松原通四丁目２２番地　トーホービル１階", "緯度": 34.220038, "経度": 135.169011, "url": "https://www.iryou.teikyouseido.mhlw.go.jp/znk-web/juminkanja/S2430/initialize?prefCd=30&kikanCd=021205&kikanKbn=5", "url2": "https://www.tanpopo-ph.co.jp/", "内容": "たんぽぽ薬局　和歌山日赤前店【5:薬局】和歌山県和歌山市小松原通四丁目２２番地　トーホービル１階" }, "geometry": { "type": "Point", "coordinates": [ 135.169011, 34.220038 ] } },
{ "type": "Feature", "properties": { "ID": 305021443, "正式名称": "けやき通り漢方薬局", "機関区分": 5, "都道府県コード": 30, "市区町村コード": 201, "所在地": "和歌山県和歌山市北ノ新地中六軒丁１１　１Ｆ", "緯度": 34.231638, "経度": 135.183224, "url": "https://www.iryou.teikyouseido.mhlw.go.jp/znk-web/juminkanja/S2430/initialize?prefCd=30&kikanCd=021443&kikanKbn=5", "url2": null, "内容": "けやき通り漢方薬局【5:薬局】和歌山県和歌山市北ノ新地中六軒丁１１　１Ｆ" }, "geometry": { "type": "Point", "coordinates": [ 135.183224, 34.231638 ] } },
{ "type": "Feature", "properties": { "ID": 305021485, "正式名称": "フロンティア薬局和歌山日赤前店", "機関区分": 5, "都道府県コード": 30, "市区町村コード": 201, "所在地": "和歌山県和歌山市小松原通４－１９", "緯度": 34.220715, "経度": 135.168942, "url": "https://www.iryou.teikyouseido.mhlw.go.jp/znk-web/juminkanja/S2430/initialize?prefCd=30&kikanCd=021485&kikanKbn=5", "url2": "https://www.frontier-ph.com/", "内容": "フロンティア薬局和歌山日赤前店【5:薬局】和歌山県和歌山市小松原通４－１９" }, "geometry": { "type": "Point", "coordinates": [ 135.168942, 34.220715 ] } },
{ "type": "Feature", "properties": { "ID": 305021501, "正式名称": "マリーン薬局小雑賀店", "機関区分": 5, "都道府県コード": 30, "市区町村コード": 201, "所在地": "和歌山県和歌山市小雑賀１５８－４", "緯度": 34.204222, "経度": 135.183916, "url": "https://www.iryou.teikyouseido.mhlw.go.jp/znk-web/juminkanja/S2430/initialize?prefCd=30&kikanCd=021501&kikanKbn=5", "url2": null, "内容": "マリーン薬局小雑賀店【5:薬局】和歌山県和歌山市小雑賀１５８－４" }, "geometry": { "type": "Point", "coordinates": [ 135.183916, 34.204222 ] } },
{ "type": "Feature", "properties": { "ID": 305021502, "正式名称": "調剤薬局ネットワーク栄谷店", "機関区分": 5, "都道府県コード": 30, "市区町村コード": 201, "所在地": "和歌山県和歌山市栄谷１６４－２４", "緯度": 34.254782, "経度": 135.153733, "url": "https://www.iryou.teikyouseido.mhlw.go.jp/znk-web/juminkanja/S2430/initialize?prefCd=30&kikanCd=021502&kikanKbn=5", "url2": null, "内容": "調剤薬局ネットワーク栄谷店【5:薬局】和歌山県和歌山市栄谷１６４－２４" }, "geometry": { "type": "Point", "coordinates": [ 135.153733, 34.254782 ] } },
{ "type": "Feature", "properties": { "ID": 305021626, "正式名称": "エグチ薬局堀止店", "機関区分": 5, "都道府県コード": 30, "市区町村コード": 201, "所在地": "和歌山県和歌山市堀止南ノ丁４－３７", "緯度": 34.21264, "経度": 135.170942, "url": "https://www.iryou.teikyouseido.mhlw.go.jp/znk-web/juminkanja/S2430/initialize?prefCd=30&kikanCd=021626&kikanKbn=5", "url2": null, "内容": "エグチ薬局堀止店【5:薬局】和歌山県和歌山市堀止南ノ丁４－３７" }, "geometry": { "type": "Point", "coordinates": [ 135.170942, 34.21264 ] } },
{ "type": "Feature", "properties": { "ID": 305021870, "正式名称": "ワン・ツー・スリー薬局", "機関区分": 5, "都道府県コード": 30, "市区町村コード": 201, "所在地": "和歌山県和歌山市手平５－１－１９", "緯度": 34.215491, "経度": 135.186616, "url": "https://www.iryou.teikyouseido.mhlw.go.jp/znk-web/juminkanja/S2430/initialize?prefCd=30&kikanCd=021870&kikanKbn=5", "url2": null, "内容": "ワン・ツー・スリー薬局【5:薬局】和歌山県和歌山市手平５－１－１９" }, "geometry": { "type": "Point", "coordinates": [ 135.186616, 34.215491 ] } },
{ "type": "Feature", "properties": { "ID": 305021951, "正式名称": "株式会社第一薬局医大前", "機関区分": 5, "都道府県コード": 30, "市区町村コード": 201, "所在地": "和歌山県和歌山市紀三井寺８６３－２６", "緯度": 34.188408, "経度": 135.183776, "url": "https://www.iryou.teikyouseido.mhlw.go.jp/znk-web/juminkanja/S2430/initialize?prefCd=30&kikanCd=021951&kikanKbn=5", "url2": "https://d1p.co.jp/", "内容": "株式会社第一薬局医大前【5:薬局】和歌山県和歌山市紀三井寺８６３－２６" }, "geometry": { "type": "Point", "coordinates": [ 135.183776, 34.188408 ] } },
{ "type": "Feature", "properties": { "ID": 305022009, "正式名称": "コスモファーマ薬局美園店", "機関区分": 5, "都道府県コード": 30, "市区町村コード": 201, "所在地": "和歌山県和歌山市田中町３－２８", "緯度": 34.228858, "経度": 135.187656, "url": "https://www.iryou.teikyouseido.mhlw.go.jp/znk-web/juminkanja/S2430/initialize?prefCd=30&kikanCd=022009&kikanKbn=5", "url2": "http://www.cosmo-ph.co.jp/", "内容": "コスモファーマ薬局美園店【5:薬局】和歌山県和歌山市田中町３－２８" }, "geometry": { "type": "Point", "coordinates": [ 135.187656, 34.228858 ] } },
{ "type": "Feature", "properties": { "ID": 305022173, "正式名称": "日本調剤和歌山西薬局", "機関区分": 5, "都道府県コード": 30, "市区町村コード": 201, "所在地": "和歌山県和歌山市古屋６０", "緯度": 34.256864, "経度": 135.120901, "url": "https://www.iryou.teikyouseido.mhlw.go.jp/znk-web/juminkanja/S2430/initialize?prefCd=30&kikanCd=022173&kikanKbn=5", "url2": "https://www.nicho.co.jp/", "内容": "日本調剤和歌山西薬局【5:薬局】和歌山県和歌山市古屋６０" }, "geometry": { "type": "Point", "coordinates": [ 135.120901, 34.256864 ] } },
{ "type": "Feature", "properties": { "ID": 305022512, "正式名称": "ファーマシィ薬局アゼリア", "機関区分": 5, "都道府県コード": 30, "市区町村コード": 201, "所在地": "和歌山県和歌山市木ノ本１０３－３", "緯度": 34.257048, "経度": 135.122181, "url": "https://www.iryou.teikyouseido.mhlw.go.jp/znk-web/juminkanja/S2430/initialize?prefCd=30&kikanCd=022512&kikanKbn=5", "url2": "http://www.pharmacy-net.co.jp/", "内容": "ファーマシィ薬局アゼリア【5:薬局】和歌山県和歌山市木ノ本１０３－３" }, "geometry": { "type": "Point", "coordinates": [ 135.122181, 34.257048 ] } },
{ "type": "Feature", "properties": { "ID": 305022794, "正式名称": "調剤薬局コスモス", "機関区分": 5, "都道府県コード": 30, "市区町村コード": 201, "所在地": "和歌山県和歌山市十三番丁３８番地", "緯度": 34.231734, "経度": 135.170392, "url": "https://www.iryou.teikyouseido.mhlw.go.jp/znk-web/juminkanja/S2430/initialize?prefCd=30&kikanCd=022794&kikanKbn=5", "url2": null, "内容": "調剤薬局コスモス【5:薬局】和歌山県和歌山市十三番丁３８番地" }, "geometry": { "type": "Point", "coordinates": [ 135.170392, 34.231734 ] } },
{ "type": "Feature", "properties": { "ID": 305022822, "正式名称": "テビラ薬局", "機関区分": 5, "都道府県コード": 30, "市区町村コード": 201, "所在地": "和歌山県和歌山市手平４丁目２番２６号", "緯度": 34.217675, "経度": 135.186546, "url": "https://www.iryou.teikyouseido.mhlw.go.jp/znk-web/juminkanja/S2430/initialize?prefCd=30&kikanCd=022822&kikanKbn=5", "url2": null, "内容": "テビラ薬局【5:薬局】和歌山県和歌山市手平４丁目２番２６号" }, "geometry": { "type": "Point", "coordinates": [ 135.186546, 34.217675 ] } },
{ "type": "Feature", "properties": { "ID": 305022885, "正式名称": "あやめ調剤薬局", "機関区分": 5, "都道府県コード": 30, "市区町村コード": 201, "所在地": "和歌山県和歌山市岩橋３１３", "緯度": 34.238163, "経度": 135.232352, "url": "https://www.iryou.teikyouseido.mhlw.go.jp/znk-web/juminkanja/S2430/initialize?prefCd=30&kikanCd=022885&kikanKbn=5", "url2": "https://shohosen.jp/", "内容": "あやめ調剤薬局【5:薬局】和歌山県和歌山市岩橋３１３" }, "geometry": { "type": "Point", "coordinates": [ 135.232352, 34.238163 ] } },
{ "type": "Feature", "properties": { "ID": 305022960, "正式名称": "そうごう薬局古屋店", "機関区分": 5, "都道府県コード": 30, "市区町村コード": 201, "所在地": "和歌山県和歌山市古屋５９", "緯度": 34.257095, "経度": 135.120982, "url": "https://www.iryou.teikyouseido.mhlw.go.jp/znk-web/juminkanja/S2430/initialize?prefCd=30&kikanCd=022960&kikanKbn=5", "url2": "https://www.sogo-medical.co.jp/", "内容": "そうごう薬局古屋店【5:薬局】和歌山県和歌山市古屋５９" }, "geometry": { "type": "Point", "coordinates": [ 135.120982, 34.257095 ] } },
{ "type": "Feature", "properties": { "ID": 305023031, "正式名称": "あおば調剤薬局", "機関区分": 5, "都道府県コード": 30, "市区町村コード": 201, "所在地": "和歌山県和歌山市黒田２８１－５", "緯度": 34.236204, "経度": 135.199064, "url": "https://www.iryou.teikyouseido.mhlw.go.jp/znk-web/juminkanja/S2430/initialize?prefCd=30&kikanCd=023031&kikanKbn=5", "url2": "http://shohosen.jp/", "内容": "あおば調剤薬局【5:薬局】和歌山県和歌山市黒田２８１－５" }, "geometry": { "type": "Point", "coordinates": [ 135.199064, 34.236204 ] } },
{ "type": "Feature", "properties": { "ID": 305023461, "正式名称": "エグチ薬局中之島店", "機関区分": 5, "都道府県コード": 30, "市区町村コード": 201, "所在地": "和歌山県和歌山市中之島２１２－１３", "緯度": 34.237493, "経度": 135.190555, "url": "https://www.iryou.teikyouseido.mhlw.go.jp/znk-web/juminkanja/S2430/initialize?prefCd=30&kikanCd=023461&kikanKbn=5", "url2": null, "内容": "エグチ薬局中之島店【5:薬局】和歌山県和歌山市中之島２１２－１３" }, "geometry": { "type": "Point", "coordinates": [ 135.190555, 34.237493 ] } },
{ "type": "Feature", "properties": { "ID": 305023607, "正式名称": "やよい堂薬局十番丁店", "機関区分": 5, "都道府県コード": 30, "市区町村コード": 201, "所在地": "和歌山県和歌山市十番丁６１番地", "緯度": 34.230762, "経度": 135.176239, "url": "https://www.iryou.teikyouseido.mhlw.go.jp/znk-web/juminkanja/S2430/initialize?prefCd=30&kikanCd=023607&kikanKbn=5", "url2": null, "内容": "やよい堂薬局十番丁店【5:薬局】和歌山県和歌山市十番丁６１番地" }, "geometry": { "type": "Point", "coordinates": [ 135.176239, 34.230762 ] } },
{ "type": "Feature", "properties": { "ID": 305030175, "正式名称": "皇漢堂薬局", "機関区分": 5, "都道府県コード": 30, "市区町村コード": 201, "所在地": "和歌山県和歌山市毛見２９５－４２", "緯度": 34.167646, "経度": 135.196198, "url": "https://www.iryou.teikyouseido.mhlw.go.jp/znk-web/juminkanja/S2430/initialize?prefCd=30&kikanCd=030175&kikanKbn=5", "url2": null, "内容": "皇漢堂薬局【5:薬局】和歌山県和歌山市毛見２９５－４２" }, "geometry": { "type": "Point", "coordinates": [ 135.196198, 34.167646 ] } },
{ "type": "Feature", "properties": { "ID": 305030605, "正式名称": "オードラッグメッサガーデンパーク薬局", "機関区分": 5, "都道府県コード": 30, "市区町村コード": 201, "所在地": "和歌山県和歌山市松江向鵜ノ島１４６９－１", "緯度": 34.239291, "経度": 135.153432, "url": "https://www.iryou.teikyouseido.mhlw.go.jp/znk-web/juminkanja/S2430/initialize?prefCd=30&kikanCd=030605&kikanKbn=5", "url2": null, "内容": "オードラッグメッサガーデンパーク薬局【5:薬局】和歌山県和歌山市松江向鵜ノ島１４６９－１" }, "geometry": { "type": "Point", "coordinates": [ 135.153432, 34.239291 ] } },
{ "type": "Feature", "properties": { "ID": 305030684, "正式名称": "ユニスマイル薬局たくみ店", "機関区分": 5, "都道府県コード": 30, "市区町村コード": 201, "所在地": "和歌山県和歌山市匠町２５　ポポロビル１階", "緯度": 34.233957, "経度": 135.175485, "url": "https://www.iryou.teikyouseido.mhlw.go.jp/znk-web/juminkanja/S2430/initialize?prefCd=30&kikanCd=030684&kikanKbn=5", "url2": "https://www.unismile.co.jp/", "内容": "ユニスマイル薬局たくみ店【5:薬局】和歌山県和歌山市匠町２５　ポポロビル１階" }, "geometry": { "type": "Point", "coordinates": [ 135.175485, 34.233957 ] } },
{ "type": "Feature", "properties": { "ID": 305030721, "正式名称": "そうごう薬局　榎原中央店", "機関区分": 5, "都道府県コード": 30, "市区町村コード": 201, "所在地": "和歌山県和歌山市榎原７３－１", "緯度": 34.255263, "経度": 135.133777, "url": "https://www.iryou.teikyouseido.mhlw.go.jp/znk-web/juminkanja/S2430/initialize?prefCd=30&kikanCd=030721&kikanKbn=5", "url2": "https://www.sogo-medical.co.jp/", "内容": "そうごう薬局　榎原中央店【5:薬局】和歌山県和歌山市榎原７３－１" }, "geometry": { "type": "Point", "coordinates": [ 135.133777, 34.255263 ] } },
{ "type": "Feature", "properties": { "ID": 305030722, "正式名称": "そうごう薬局　六十谷店", "機関区分": 5, "都道府県コード": 30, "市区町村コード": 201, "所在地": "和歌山県和歌山市六十谷１０２３－１－４", "緯度": 34.262369, "経度": 135.201444, "url": "https://www.iryou.teikyouseido.mhlw.go.jp/znk-web/juminkanja/S2430/initialize?prefCd=30&kikanCd=030722&kikanKbn=5", "url2": "https://www.sogo-medical.co.jp/", "内容": "そうごう薬局　六十谷店【5:薬局】和歌山県和歌山市六十谷１０２３－１－４" }, "geometry": { "type": "Point", "coordinates": [ 135.201444, 34.262369 ] } },
{ "type": "Feature", "properties": { "ID": 305030723, "正式名称": "そうごう薬局　榎原店", "機関区分": 5, "都道府県コード": 30, "市区町村コード": 201, "所在地": "和歌山県和歌山市榎原８３－１０", "緯度": 34.254843, "経度": 135.135324, "url": "https://www.iryou.teikyouseido.mhlw.go.jp/znk-web/juminkanja/S2430/initialize?prefCd=30&kikanCd=030723&kikanKbn=5", "url2": "https://www.sogo-medical.co.jp/", "内容": "そうごう薬局　榎原店【5:薬局】和歌山県和歌山市榎原８３－１０" }, "geometry": { "type": "Point", "coordinates": [ 135.135324, 34.254843 ] } },
{ "type": "Feature", "properties": { "ID": 305030724, "正式名称": "そうごう薬局　こまつばら通店", "機関区分": 5, "都道府県コード": 30, "市区町村コード": 201, "所在地": "和歌山県和歌山市小松原通５－１５　イケジリテナントビル１Ｆ", "緯度": 34.21917, "経度": 135.167122, "url": "https://www.iryou.teikyouseido.mhlw.go.jp/znk-web/juminkanja/S2430/initialize?prefCd=30&kikanCd=030724&kikanKbn=5", "url2": "https://www.sogo-medical.co.jp/", "内容": "そうごう薬局　こまつばら通店【5:薬局】和歌山県和歌山市小松原通５－１５　イケジリテナントビル１Ｆ" }, "geometry": { "type": "Point", "coordinates": [ 135.167122, 34.21917 ] } },
{ "type": "Feature", "properties": { "ID": 305030726, "正式名称": "そうごう薬局　きのもと店", "機関区分": 5, "都道府県コード": 30, "市区町村コード": 201, "所在地": "和歌山県和歌山市木ノ本２６１－２２", "緯度": 34.260636, "経度": 135.127486, "url": "https://www.iryou.teikyouseido.mhlw.go.jp/znk-web/juminkanja/S2430/initialize?prefCd=30&kikanCd=030726&kikanKbn=5", "url2": "https://www.sogo-medical.co.jp/", "内容": "そうごう薬局　きのもと店【5:薬局】和歌山県和歌山市木ノ本２６１－２２" }, "geometry": { "type": "Point", "coordinates": [ 135.127486, 34.260636 ] } },
{ "type": "Feature", "properties": { "ID": 305030727, "正式名称": "そうごう薬局次郎丸店", "機関区分": 5, "都道府県コード": 30, "市区町村コード": 201, "所在地": "和歌山県和歌山市次郎丸６９－１", "緯度": 34.254932, "経度": 135.148728, "url": "https://www.iryou.teikyouseido.mhlw.go.jp/znk-web/juminkanja/S2430/initialize?prefCd=30&kikanCd=030727&kikanKbn=5", "url2": "https://shop.sogo-pharmacy.jp/detail/595/", "内容": "そうごう薬局次郎丸店【5:薬局】和歌山県和歌山市次郎丸６９－１" }, "geometry": { "type": "Point", "coordinates": [ 135.148728, 34.254932 ] } },
{ "type": "Feature", "properties": { "ID": 305030835, "正式名称": "ホーム薬局", "機関区分": 5, "都道府県コード": 30, "市区町村コード": 201, "所在地": "和歌山県和歌山市野崎２０－１１", "緯度": 34.244217, "経度": 135.153206, "url": "https://www.iryou.teikyouseido.mhlw.go.jp/znk-web/juminkanja/S2430/initialize?prefCd=30&kikanCd=030835&kikanKbn=5", "url2": null, "内容": "ホーム薬局【5:薬局】和歌山県和歌山市野崎２０－１１" }, "geometry": { "type": "Point", "coordinates": [ 135.153206, 34.244217 ] } },
{ "type": "Feature", "properties": { "ID": 305030891, "正式名称": "和歌山県薬剤師会おくすりセンター薬局", "機関区分": 5, "都道府県コード": 30, "市区町村コード": 201, "所在地": "和歌山県和歌山市本町２－１　フォルテワジマ５Ｆ", "緯度": 34.234101, "経度": 135.174023, "url": "https://www.iryou.teikyouseido.mhlw.go.jp/znk-web/juminkanja/S2430/initialize?prefCd=30&kikanCd=030891&kikanKbn=5", "url2": "https://www.wpa.or.jp/okusuri-center/", "内容": "和歌山県薬剤師会おくすりセンター薬局【5:薬局】和歌山県和歌山市本町２－１　フォルテワジマ５Ｆ" }, "geometry": { "type": "Point", "coordinates": [ 135.174023, 34.234101 ] } },
{ "type": "Feature", "properties": { "ID": 305031306, "正式名称": "塩屋調剤薬局", "機関区分": 5, "都道府県コード": 30, "市区町村コード": 201, "所在地": "和歌山県和歌山市和歌浦東２－９－４６", "緯度": 34.192695, "経度": 135.176396, "url": "https://www.iryou.teikyouseido.mhlw.go.jp/znk-web/juminkanja/S2430/initialize?prefCd=30&kikanCd=031306&kikanKbn=5", "url2": "https://shohosen.jp/", "内容": "塩屋調剤薬局【5:薬局】和歌山県和歌山市和歌浦東２－９－４６" }, "geometry": { "type": "Point", "coordinates": [ 135.176396, 34.192695 ] } },
{ "type": "Feature", "properties": { "ID": 305031341, "正式名称": "エバグリーン薬局　新中島店", "機関区分": 5, "都道府県コード": 30, "市区町村コード": 201, "所在地": "和歌山県和歌山市新中島１２４", "緯度": 34.214789, "経度": 135.197085, "url": "https://www.iryou.teikyouseido.mhlw.go.jp/znk-web/juminkanja/S2430/initialize?prefCd=30&kikanCd=031341&kikanKbn=5", "url2": null, "内容": "エバグリーン薬局　新中島店【5:薬局】和歌山県和歌山市新中島１２４" }, "geometry": { "type": "Point", "coordinates": [ 135.197085, 34.214789 ] } },
{ "type": "Feature", "properties": { "ID": 305031342, "正式名称": "エバグリーン薬局古屋店", "機関区分": 5, "都道府県コード": 30, "市区町村コード": 201, "所在地": "和歌山県和歌山市古屋８２－１", "緯度": 34.255568, "経度": 135.119707, "url": "https://www.iryou.teikyouseido.mhlw.go.jp/znk-web/juminkanja/S2430/initialize?prefCd=30&kikanCd=031342&kikanKbn=5", "url2": null, "内容": "エバグリーン薬局古屋店【5:薬局】和歌山県和歌山市古屋８２－１" }, "geometry": { "type": "Point", "coordinates": [ 135.119707, 34.255568 ] } },
{ "type": "Feature", "properties": { "ID": 305031451, "正式名称": "そうごう薬局　柳通り店", "機関区分": 5, "都道府県コード": 30, "市区町村コード": 201, "所在地": "和歌山県和歌山市蔵小路１５－２", "緯度": 34.229764, "経度": 135.185006, "url": "https://www.iryou.teikyouseido.mhlw.go.jp/znk-web/juminkanja/S2430/initialize?prefCd=30&kikanCd=031451&kikanKbn=5", "url2": "https://www.sogo-medical.co.jp/", "内容": "そうごう薬局　柳通り店【5:薬局】和歌山県和歌山市蔵小路１５－２" }, "geometry": { "type": "Point", "coordinates": [ 135.185006, 34.229764 ] } },
{ "type": "Feature", "properties": { "ID": 305031452, "正式名称": "そうごう薬局　直川店", "機関区分": 5, "都道府県コード": 30, "市区町村コード": 201, "所在地": "和歌山県和歌山市直川９５４－１", "緯度": 34.262324, "経度": 135.220515, "url": "https://www.iryou.teikyouseido.mhlw.go.jp/znk-web/juminkanja/S2430/initialize?prefCd=30&kikanCd=031452&kikanKbn=5", "url2": "https://www.sogo-medical.co.jp/", "内容": "そうごう薬局　直川店【5:薬局】和歌山県和歌山市直川９５４－１" }, "geometry": { "type": "Point", "coordinates": [ 135.220515, 34.262324 ] } },
{ "type": "Feature", "properties": { "ID": 305031453, "正式名称": "そうごう薬局太田南店", "機関区分": 5, "都道府県コード": 30, "市区町村コード": 201, "所在地": "和歌山県和歌山市太田３８－１４", "緯度": 34.225269, "経度": 135.194607, "url": "https://www.iryou.teikyouseido.mhlw.go.jp/znk-web/juminkanja/S2430/initialize?prefCd=30&kikanCd=031453&kikanKbn=5", "url2": "https://www.sogo-medical.co.jp/", "内容": "そうごう薬局太田南店【5:薬局】和歌山県和歌山市太田３８－１４" }, "geometry": { "type": "Point", "coordinates": [ 135.194607, 34.225269 ] } },
{ "type": "Feature", "properties": { "ID": 305031664, "正式名称": "エバグリーン薬局塩屋店", "機関区分": 5, "都道府県コード": 30, "市区町村コード": 201, "所在地": "和歌山県和歌山市塩屋５丁目６７－１", "緯度": 34.2011, "経度": 135.178727, "url": "https://www.iryou.teikyouseido.mhlw.go.jp/znk-web/juminkanja/S2430/initialize?prefCd=30&kikanCd=031664&kikanKbn=5", "url2": null, "内容": "エバグリーン薬局塩屋店【5:薬局】和歌山県和歌山市塩屋５丁目６７－１" }, "geometry": { "type": "Point", "coordinates": [ 135.178727, 34.2011 ] } },
{ "type": "Feature", "properties": { "ID": 305031665, "正式名称": "エバグリーン薬局福島店", "機関区分": 5, "都道府県コード": 30, "市区町村コード": 201, "所在地": "和歌山県和歌山市福島８９－１", "緯度": 34.249967, "経度": 135.161576, "url": "https://www.iryou.teikyouseido.mhlw.go.jp/znk-web/juminkanja/S2430/initialize?prefCd=30&kikanCd=031665&kikanKbn=5", "url2": null, "内容": "エバグリーン薬局福島店【5:薬局】和歌山県和歌山市福島８９－１" }, "geometry": { "type": "Point", "coordinates": [ 135.161576, 34.249967 ] } },
{ "type": "Feature", "properties": { "ID": 305031745, "正式名称": "有限会社河西薬局", "機関区分": 5, "都道府県コード": 30, "市区町村コード": 201, "所在地": "和歌山県和歌山市島橋東ノ丁１番１７号", "緯度": 34.242911, "経度": 135.150298, "url": "https://www.iryou.teikyouseido.mhlw.go.jp/znk-web/juminkanja/S2430/initialize?prefCd=30&kikanCd=031745&kikanKbn=5", "url2": null, "内容": "有限会社河西薬局【5:薬局】和歌山県和歌山市島橋東ノ丁１番１７号" }, "geometry": { "type": "Point", "coordinates": [ 135.150298, 34.242911 ] } },
{ "type": "Feature", "properties": { "ID": 305031884, "正式名称": "エバグリーン薬局　宮街道店", "機関区分": 5, "都道府県コード": 30, "市区町村コード": 201, "所在地": "和歌山県和歌山市秋月２２７－２", "緯度": 34.230554, "経度": 135.203308, "url": "https://www.iryou.teikyouseido.mhlw.go.jp/znk-web/juminkanja/S2430/initialize?prefCd=30&kikanCd=031884&kikanKbn=5", "url2": null, "内容": "エバグリーン薬局　宮街道店【5:薬局】和歌山県和歌山市秋月２２７－２" }, "geometry": { "type": "Point", "coordinates": [ 135.203308, 34.230554 ] } },
{ "type": "Feature", "properties": { "ID": 305031947, "正式名称": "梅北薬局紀ノ川店", "機関区分": 5, "都道府県コード": 30, "市区町村コード": 201, "所在地": "和歌山県和歌山市梶取１－３２", "緯度": 34.253564, "経度": 135.163598, "url": "https://www.iryou.teikyouseido.mhlw.go.jp/znk-web/juminkanja/S2430/initialize?prefCd=30&kikanCd=031947&kikanKbn=5", "url2": null, "内容": "梅北薬局紀ノ川店【5:薬局】和歌山県和歌山市梶取１－３２" }, "geometry": { "type": "Point", "coordinates": [ 135.163598, 34.253564 ] } },
{ "type": "Feature", "properties": { "ID": 305032026, "正式名称": "タバタ薬局", "機関区分": 5, "都道府県コード": 30, "市区町村コード": 201, "所在地": "和歌山県和歌山市毛見１１０３－４", "緯度": 34.166668, "経度": 135.186924, "url": "https://www.iryou.teikyouseido.mhlw.go.jp/znk-web/juminkanja/S2430/initialize?prefCd=30&kikanCd=032026&kikanKbn=5", "url2": null, "内容": "タバタ薬局【5:薬局】和歌山県和歌山市毛見１１０３－４" }, "geometry": { "type": "Point", "coordinates": [ 135.186924, 34.166668 ] } },
{ "type": "Feature", "properties": { "ID": 305032094, "正式名称": "銀明堂薬局川辺店", "機関区分": 5, "都道府県コード": 30, "市区町村コード": 201, "所在地": "和歌山県和歌山市川辺１８２", "緯度": 34.258404, "経度": 135.263093, "url": "https://www.iryou.teikyouseido.mhlw.go.jp/znk-web/juminkanja/S2430/initialize?prefCd=30&kikanCd=032094&kikanKbn=5", "url2": null, "内容": "銀明堂薬局川辺店【5:薬局】和歌山県和歌山市川辺１８２" }, "geometry": { "type": "Point", "coordinates": [ 135.263093, 34.258404 ] } },
{ "type": "Feature", "properties": { "ID": 305032101, "正式名称": "エバグリーン薬局　高松店", "機関区分": 5, "都道府県コード": 30, "市区町村コード": 201, "所在地": "和歌山県和歌山市東高松３丁目８４－１", "緯度": 34.205906, "経度": 135.171497, "url": "https://www.iryou.teikyouseido.mhlw.go.jp/znk-web/juminkanja/S2430/initialize?prefCd=30&kikanCd=032101&kikanKbn=5", "url2": null, "内容": "エバグリーン薬局　高松店【5:薬局】和歌山県和歌山市東高松３丁目８４－１" }, "geometry": { "type": "Point", "coordinates": [ 135.171497, 34.205906 ] } },
{ "type": "Feature", "properties": { "ID": 305032155, "正式名称": "のぞみ薬局日赤前店", "機関区分": 5, "都道府県コード": 30, "市区町村コード": 201, "所在地": "和歌山県和歌山市吹上２－４－４６", "緯度": 34.22037, "経度": 135.169569, "url": "https://www.iryou.teikyouseido.mhlw.go.jp/znk-web/juminkanja/S2430/initialize?prefCd=30&kikanCd=032155&kikanKbn=5", "url2": "http://www.nichihos.co.jp/", "内容": "のぞみ薬局日赤前店【5:薬局】和歌山県和歌山市吹上２－４－４６" }, "geometry": { "type": "Point", "coordinates": [ 135.169569, 34.22037 ] } },
{ "type": "Feature", "properties": { "ID": 305032156, "正式名称": "きのくに薬局", "機関区分": 5, "都道府県コード": 30, "市区町村コード": 201, "所在地": "和歌山県和歌山市藤田１５番１", "緯度": 34.263584, "経度": 135.263723, "url": "https://www.iryou.teikyouseido.mhlw.go.jp/znk-web/juminkanja/S2430/initialize?prefCd=30&kikanCd=032156&kikanKbn=5", "url2": "https://www.youtsuki.com/", "内容": "きのくに薬局【5:薬局】和歌山県和歌山市藤田１５番１" }, "geometry": { "type": "Point", "coordinates": [ 135.263723, 34.263584 ] } },
{ "type": "Feature", "properties": { "ID": 305032255, "正式名称": "エバグリーン薬局広瀬店", "機関区分": 5, "都道府県コード": 30, "市区町村コード": 201, "所在地": "和歌山県和歌山市元町奉行丁２丁目６６", "緯度": 34.224114, "経度": 135.183617, "url": "https://www.iryou.teikyouseido.mhlw.go.jp/znk-web/juminkanja/S2430/initialize?prefCd=30&kikanCd=032255&kikanKbn=5", "url2": null, "内容": "エバグリーン薬局広瀬店【5:薬局】和歌山県和歌山市元町奉行丁２丁目６６" }, "geometry": { "type": "Point", "coordinates": [ 135.183617, 34.224114 ] } },
{ "type": "Feature", "properties": { "ID": 305032298, "正式名称": "ウエルシア薬局　和歌山有本店", "機関区分": 5, "都道府県コード": 30, "市区町村コード": 201, "所在地": "和歌山県和歌山市有本１０２番地７", "緯度": 34.244773, "経度": 135.194222, "url": "https://www.iryou.teikyouseido.mhlw.go.jp/znk-web/juminkanja/S2430/initialize?prefCd=30&kikanCd=032298&kikanKbn=5", "url2": "http://www.welcia-yakkyoku.co.jp/", "内容": "ウエルシア薬局　和歌山有本店【5:薬局】和歌山県和歌山市有本１０２番地７" }, "geometry": { "type": "Point", "coordinates": [ 135.194222, 34.244773 ] } },
{ "type": "Feature", "properties": { "ID": 305032436, "正式名称": "城南薬局よろずまち店", "機関区分": 5, "都道府県コード": 30, "市区町村コード": 201, "所在地": "和歌山県和歌山市万町７　サピリア石倉ビル１Ｆ", "緯度": 34.233968, "経度": 135.172881, "url": "https://www.iryou.teikyouseido.mhlw.go.jp/znk-web/juminkanja/S2430/initialize?prefCd=30&kikanCd=032436&kikanKbn=5", "url2": null, "内容": "城南薬局よろずまち店【5:薬局】和歌山県和歌山市万町７　サピリア石倉ビル１Ｆ" }, "geometry": { "type": "Point", "coordinates": [ 135.172881, 34.233968 ] } },
{ "type": "Feature", "properties": { "ID": 305032496, "正式名称": "保険調剤薬局コーワ", "機関区分": 5, "都道府県コード": 30, "市区町村コード": 201, "所在地": "和歌山県和歌山市黒田１－４－１", "緯度": 34.233228, "経度": 135.191745, "url": "https://www.iryou.teikyouseido.mhlw.go.jp/znk-web/juminkanja/S2430/initialize?prefCd=30&kikanCd=032496&kikanKbn=5", "url2": null, "内容": "保険調剤薬局コーワ【5:薬局】和歌山県和歌山市黒田１－４－１" }, "geometry": { "type": "Point", "coordinates": [ 135.191745, 34.233228 ] } },
{ "type": "Feature", "properties": { "ID": 305032635, "正式名称": "アニマ薬局", "機関区分": 5, "都道府県コード": 30, "市区町村コード": 201, "所在地": "和歌山県和歌山市十三番丁５", "緯度": 34.23209, "経度": 135.168166, "url": "https://www.iryou.teikyouseido.mhlw.go.jp/znk-web/juminkanja/S2430/initialize?prefCd=30&kikanCd=032635&kikanKbn=5", "url2": "http://www.e-classa.net/anima/index.html", "内容": "アニマ薬局【5:薬局】和歌山県和歌山市十三番丁５" }, "geometry": { "type": "Point", "coordinates": [ 135.168166, 34.23209 ] } },
{ "type": "Feature", "properties": { "ID": 305032859, "正式名称": "ミモザ調剤薬局", "機関区分": 5, "都道府県コード": 30, "市区町村コード": 201, "所在地": "和歌山県和歌山市中之島字向芝２３４７－１", "緯度": 34.235317, "経度": 135.184874, "url": "https://www.iryou.teikyouseido.mhlw.go.jp/znk-web/juminkanja/S2430/initialize?prefCd=30&kikanCd=032859&kikanKbn=5", "url2": "https://www.tkc-pharmacy.com/", "内容": "ミモザ調剤薬局【5:薬局】和歌山県和歌山市中之島字向芝２３４７－１" }, "geometry": { "type": "Point", "coordinates": [ 135.184874, 34.235317 ] } },
{ "type": "Feature", "properties": { "ID": 305032955, "正式名称": "コスモファーマ薬局　大新店", "機関区分": 5, "都道府県コード": 30, "市区町村コード": 201, "所在地": "和歌山県和歌山市新大工町５番地", "緯度": 34.233805, "経度": 135.180386, "url": "https://www.iryou.teikyouseido.mhlw.go.jp/znk-web/juminkanja/S2430/initialize?prefCd=30&kikanCd=032955&kikanKbn=5", "url2": "http://www.cosmo-ph.co.jp/", "内容": "コスモファーマ薬局　大新店【5:薬局】和歌山県和歌山市新大工町５番地" }, "geometry": { "type": "Point", "coordinates": [ 135.180386, 34.233805 ] } },
{ "type": "Feature", "properties": { "ID": 305033654, "正式名称": "メロン調剤薬局", "機関区分": 5, "都道府県コード": 30, "市区町村コード": 201, "所在地": "和歌山県和歌山市吹上２－５－４０", "緯度": 34.219833, "経度": 135.169567, "url": "https://www.iryou.teikyouseido.mhlw.go.jp/znk-web/juminkanja/S2430/initialize?prefCd=30&kikanCd=033654&kikanKbn=5", "url2": "https://www.tkc-pharmacy.com/", "内容": "メロン調剤薬局【5:薬局】和歌山県和歌山市吹上２－５－４０" }, "geometry": { "type": "Point", "coordinates": [ 135.169567, 34.219833 ] } },
{ "type": "Feature", "properties": { "ID": 305033722, "正式名称": "調剤薬局ホンダ　西庄中央店", "機関区分": 5, "都道府県コード": 30, "市区町村コード": 201, "所在地": "和歌山県和歌山市西庄３３８－４０", "緯度": 34.258284, "経度": 135.116046, "url": "https://www.iryou.teikyouseido.mhlw.go.jp/znk-web/juminkanja/S2430/initialize?prefCd=30&kikanCd=033722&kikanKbn=5", "url2": "https://www.big-advance.site/c/206/1596", "内容": "調剤薬局ホンダ　西庄中央店【5:薬局】和歌山県和歌山市西庄３３８－４０" }, "geometry": { "type": "Point", "coordinates": [ 135.116046, 34.258284 ] } },
{ "type": "Feature", "properties": { "ID": 305040158, "正式名称": "エバグリーン薬局四ヶ郷店", "機関区分": 5, "都道府県コード": 30, "市区町村コード": 201, "所在地": "和歌山県和歌山市加納２９５－１", "緯度": 34.243698, "経度": 135.205843, "url": "https://www.iryou.teikyouseido.mhlw.go.jp/znk-web/juminkanja/S2430/initialize?prefCd=30&kikanCd=040158&kikanKbn=5", "url2": null, "内容": "エバグリーン薬局四ヶ郷店【5:薬局】和歌山県和歌山市加納２９５－１" }, "geometry": { "type": "Point", "coordinates": [ 135.205843, 34.243698 ] } },
{ "type": "Feature", "properties": { "ID": 305040176, "正式名称": "真進堂薬局　高松店", "機関区分": 5, "都道府県コード": 30, "市区町村コード": 201, "所在地": "和歌山県和歌山市西高松１丁目３－２１－１", "緯度": 34.209306, "経度": 135.171326, "url": "https://www.iryou.teikyouseido.mhlw.go.jp/znk-web/juminkanja/S2430/initialize?prefCd=30&kikanCd=040176&kikanKbn=5", "url2": null, "内容": "真進堂薬局　高松店【5:薬局】和歌山県和歌山市西高松１丁目３－２１－１" }, "geometry": { "type": "Point", "coordinates": [ 135.171326, 34.209306 ] } },
{ "type": "Feature", "properties": { "ID": 305040332, "正式名称": "津井薬局", "機関区分": 5, "都道府県コード": 30, "市区町村コード": 201, "所在地": "和歌山県和歌山市市小路１９４－１５", "緯度": 34.25507, "経度": 135.164046, "url": "https://www.iryou.teikyouseido.mhlw.go.jp/znk-web/juminkanja/S2430/initialize?prefCd=30&kikanCd=040332&kikanKbn=5", "url2": null, "内容": "津井薬局【5:薬局】和歌山県和歌山市市小路１９４－１５" }, "geometry": { "type": "Point", "coordinates": [ 135.164046, 34.25507 ] } },
{ "type": "Feature", "properties": { "ID": 305040382, "正式名称": "株式会社第一薬局　吉田", "機関区分": 5, "都道府県コード": 30, "市区町村コード": 201, "所在地": "和歌山県和歌山市吉田５８６　小澤ビル１階", "緯度": 34.235399, "経度": 135.187222, "url": "https://www.iryou.teikyouseido.mhlw.go.jp/znk-web/juminkanja/S2430/initialize?prefCd=30&kikanCd=040382&kikanKbn=5", "url2": "https://d1p.co.jp/", "内容": "株式会社第一薬局　吉田【5:薬局】和歌山県和歌山市吉田５８６　小澤ビル１階" }, "geometry": { "type": "Point", "coordinates": [ 135.187222, 34.235399 ] } },
{ "type": "Feature", "properties": { "ID": 305040452, "正式名称": "大昇堂薬局", "機関区分": 5, "都道府県コード": 30, "市区町村コード": 201, "所在地": "和歌山県和歌山市榎原２１４－６", "緯度": 34.255573, "経度": 135.125734, "url": "https://www.iryou.teikyouseido.mhlw.go.jp/znk-web/juminkanja/S2430/initialize?prefCd=30&kikanCd=040452&kikanKbn=5", "url2": null, "内容": "大昇堂薬局【5:薬局】和歌山県和歌山市榎原２１４－６" }, "geometry": { "type": "Point", "coordinates": [ 135.125734, 34.255573 ] } },
{ "type": "Feature", "properties": { "ID": 305040581, "正式名称": "エース薬局延時支店", "機関区分": 5, "都道府県コード": 30, "市区町村コード": 201, "所在地": "和歌山県和歌山市向１５３－１", "緯度": 34.257904, "経度": 135.14411, "url": "https://www.iryou.teikyouseido.mhlw.go.jp/znk-web/juminkanja/S2430/initialize?prefCd=30&kikanCd=040581&kikanKbn=5", "url2": "http://www.ginmeido.co.jp/", "内容": "エース薬局延時支店【5:薬局】和歌山県和歌山市向１５３－１" }, "geometry": { "type": "Point", "coordinates": [ 135.14411, 34.257904 ] } },
{ "type": "Feature", "properties": { "ID": 305040587, "正式名称": "浜の宮和漢薬局", "機関区分": 5, "都道府県コード": 30, "市区町村コード": 201, "所在地": "和歌山県和歌山市毛見３４２－４７", "緯度": 34.170712, "経度": 135.200564, "url": "https://www.iryou.teikyouseido.mhlw.go.jp/znk-web/juminkanja/S2430/initialize?prefCd=30&kikanCd=040587&kikanKbn=5", "url2": null, "内容": "浜の宮和漢薬局【5:薬局】和歌山県和歌山市毛見３４２－４７" }, "geometry": { "type": "Point", "coordinates": [ 135.200564, 34.170712 ] } },
{ "type": "Feature", "properties": { "ID": 305040689, "正式名称": "善明寺薬局", "機関区分": 5, "都道府県コード": 30, "市区町村コード": 201, "所在地": "和歌山県和歌山市善明寺３０１番地", "緯度": 34.261613, "経度": 135.186445, "url": "https://www.iryou.teikyouseido.mhlw.go.jp/znk-web/juminkanja/S2430/initialize?prefCd=30&kikanCd=040689&kikanKbn=5", "url2": null, "内容": "善明寺薬局【5:薬局】和歌山県和歌山市善明寺３０１番地" }, "geometry": { "type": "Point", "coordinates": [ 135.186445, 34.261613 ] } },
{ "type": "Feature", "properties": { "ID": 305040943, "正式名称": "国道薬局", "機関区分": 5, "都道府県コード": 30, "市区町村コード": 201, "所在地": "和歌山県和歌山市小雑賀３－１－１６", "緯度": 34.213091, "経度": 135.185537, "url": "https://www.iryou.teikyouseido.mhlw.go.jp/znk-web/juminkanja/S2430/initialize?prefCd=30&kikanCd=040943&kikanKbn=5", "url2": null, "内容": "国道薬局【5:薬局】和歌山県和歌山市小雑賀３－１－１６" }, "geometry": { "type": "Point", "coordinates": [ 135.185537, 34.213091 ] } },
{ "type": "Feature", "properties": { "ID": 305041284, "正式名称": "サン調剤薬局", "機関区分": 5, "都道府県コード": 30, "市区町村コード": 201, "所在地": "和歌山県和歌山市三木町堀詰４１　スカイハイツ三木町１Ｆ", "緯度": 34.231389, "経度": 135.177882, "url": "https://www.iryou.teikyouseido.mhlw.go.jp/znk-web/juminkanja/S2430/initialize?prefCd=30&kikanCd=041284&kikanKbn=5", "url2": null, "内容": "サン調剤薬局【5:薬局】和歌山県和歌山市三木町堀詰４１　スカイハイツ三木町１Ｆ" }, "geometry": { "type": "Point", "coordinates": [ 135.177882, 34.231389 ] } },
{ "type": "Feature", "properties": { "ID": 305041331, "正式名称": "アトム調剤薬局", "機関区分": 5, "都道府県コード": 30, "市区町村コード": 201, "所在地": "和歌山県和歌山市西庄５５８－１８", "緯度": 34.260778, "経度": 135.105264, "url": "https://www.iryou.teikyouseido.mhlw.go.jp/znk-web/juminkanja/S2430/initialize?prefCd=30&kikanCd=041331&kikanKbn=5", "url2": null, "内容": "アトム調剤薬局【5:薬局】和歌山県和歌山市西庄５５８－１８" }, "geometry": { "type": "Point", "coordinates": [ 135.105264, 34.260778 ] } },
{ "type": "Feature", "properties": { "ID": 305041418, "正式名称": "エース薬局高松店", "機関区分": 5, "都道府県コード": 30, "市区町村コード": 201, "所在地": "和歌山県和歌山市宇須１丁目６－３", "緯度": 34.210452, "経度": 135.174444, "url": "https://www.iryou.teikyouseido.mhlw.go.jp/znk-web/juminkanja/S2430/initialize?prefCd=30&kikanCd=041418&kikanKbn=5", "url2": "http://www.ginmeido.co.jp/", "内容": "エース薬局高松店【5:薬局】和歌山県和歌山市宇須１丁目６－３" }, "geometry": { "type": "Point", "coordinates": [ 135.174444, 34.210452 ] } },
{ "type": "Feature", "properties": { "ID": 305041459, "正式名称": "安原薬局", "機関区分": 5, "都道府県コード": 30, "市区町村コード": 201, "所在地": "和歌山県和歌山市和田４６３－２", "緯度": 34.201577, "経度": 135.206117, "url": "https://www.iryou.teikyouseido.mhlw.go.jp/znk-web/juminkanja/S2430/initialize?prefCd=30&kikanCd=041459&kikanKbn=5", "url2": null, "内容": "安原薬局【5:薬局】和歌山県和歌山市和田４６３－２" }, "geometry": { "type": "Point", "coordinates": [ 135.206117, 34.201577 ] } },
{ "type": "Feature", "properties": { "ID": 305041475, "正式名称": "銀明堂薬局中之島店", "機関区分": 5, "都道府県コード": 30, "市区町村コード": 201, "所在地": "和歌山県和歌山市中之島７７２－１５", "緯度": 34.24154, "経度": 135.180563, "url": "https://www.iryou.teikyouseido.mhlw.go.jp/znk-web/juminkanja/S2430/initialize?prefCd=30&kikanCd=041475&kikanKbn=5", "url2": "http://www.ginmeido.co.jp/", "内容": "銀明堂薬局中之島店【5:薬局】和歌山県和歌山市中之島７７２－１５" }, "geometry": { "type": "Point", "coordinates": [ 135.180563, 34.24154 ] } },
{ "type": "Feature", "properties": { "ID": 305041707, "正式名称": "有限会社松本薬局西浜店", "機関区分": 5, "都道府県コード": 30, "市区町村コード": 201, "所在地": "和歌山県和歌山市西浜１０２６－１", "緯度": 34.196443, "経度": 135.158594, "url": "https://www.iryou.teikyouseido.mhlw.go.jp/znk-web/juminkanja/S2430/initialize?prefCd=30&kikanCd=041707&kikanKbn=5", "url2": "https://www.m-d-s.jp/", "内容": "有限会社松本薬局西浜店【5:薬局】和歌山県和歌山市西浜１０２６－１" }, "geometry": { "type": "Point", "coordinates": [ 135.158594, 34.196443 ] } },
{ "type": "Feature", "properties": { "ID": 305041793, "正式名称": "中六薬局", "機関区分": 5, "都道府県コード": 30, "市区町村コード": 201, "所在地": "和歌山県和歌山市新通７－４５", "緯度": 34.233366, "経度": 135.179328, "url": "https://www.iryou.teikyouseido.mhlw.go.jp/znk-web/juminkanja/S2430/initialize?prefCd=30&kikanCd=041793&kikanKbn=5", "url2": "http://www.nakarokuph.com/", "内容": "中六薬局【5:薬局】和歌山県和歌山市新通７－４５" }, "geometry": { "type": "Point", "coordinates": [ 135.179328, 34.233366 ] } },
{ "type": "Feature", "properties": { "ID": 305041856, "正式名称": "ともに薬局", "機関区分": 5, "都道府県コード": 30, "市区町村コード": 201, "所在地": "和歌山県和歌山市小松原通４－３０　小松原丸岩ビル１階１０２", "緯度": 34.219584, "経度": 135.169072, "url": "https://www.iryou.teikyouseido.mhlw.go.jp/znk-web/juminkanja/S2430/initialize?prefCd=30&kikanCd=041856&kikanKbn=5", "url2": null, "内容": "ともに薬局【5:薬局】和歌山県和歌山市小松原通４－３０　小松原丸岩ビル１階１０２" }, "geometry": { "type": "Point", "coordinates": [ 135.169072, 34.219584 ] } },
{ "type": "Feature", "properties": { "ID": 305041893, "正式名称": "タイガー薬局　本店", "機関区分": 5, "都道府県コード": 30, "市区町村コード": 201, "所在地": "和歌山県和歌山市東長町５－４０", "緯度": 34.225379, "経度": 135.165207, "url": "https://www.iryou.teikyouseido.mhlw.go.jp/znk-web/juminkanja/S2430/initialize?prefCd=30&kikanCd=041893&kikanKbn=5", "url2": "http://www.tiger-pharmacy.co.jp/", "内容": "タイガー薬局　本店【5:薬局】和歌山県和歌山市東長町５－４０" }, "geometry": { "type": "Point", "coordinates": [ 135.165207, 34.225379 ] } },
{ "type": "Feature", "properties": { "ID": 305042077, "正式名称": "銀明堂薬局鳴神支店", "機関区分": 5, "都道府県コード": 30, "市区町村コード": 201, "所在地": "和歌山県和歌山市津秦３－３２", "緯度": 34.223, "経度": 135.207354, "url": "https://www.iryou.teikyouseido.mhlw.go.jp/znk-web/juminkanja/S2430/initialize?prefCd=30&kikanCd=042077&kikanKbn=5", "url2": "http://www.ginmeido.co.jp/", "内容": "銀明堂薬局鳴神支店【5:薬局】和歌山県和歌山市津秦３－３２" }, "geometry": { "type": "Point", "coordinates": [ 135.207354, 34.223 ] } },
{ "type": "Feature", "properties": { "ID": 305042128, "正式名称": "城南薬局東長町店", "機関区分": 5, "都道府県コード": 30, "市区町村コード": 201, "所在地": "和歌山県和歌山市東長町６－２０", "緯度": 34.224194, "経度": 135.165925, "url": "https://www.iryou.teikyouseido.mhlw.go.jp/znk-web/juminkanja/S2430/initialize?prefCd=30&kikanCd=042128&kikanKbn=5", "url2": null, "内容": "城南薬局東長町店【5:薬局】和歌山県和歌山市東長町６－２０" }, "geometry": { "type": "Point", "coordinates": [ 135.165925, 34.224194 ] } },
{ "type": "Feature", "properties": { "ID": 305042481, "正式名称": "中央薬局小倉", "機関区分": 5, "都道府県コード": 30, "市区町村コード": 201, "所在地": "和歌山県和歌山市大垣内５９９", "緯度": 34.24728, "経度": 135.276813, "url": "https://www.iryou.teikyouseido.mhlw.go.jp/znk-web/juminkanja/S2430/initialize?prefCd=30&kikanCd=042481&kikanKbn=5", "url2": "https://chuoyakkyoku.com", "内容": "中央薬局小倉【5:薬局】和歌山県和歌山市大垣内５９９" }, "geometry": { "type": "Point", "coordinates": [ 135.276813, 34.24728 ] } },
{ "type": "Feature", "properties": { "ID": 305042972, "正式名称": "ヤカタ薬局", "機関区分": 5, "都道府県コード": 30, "市区町村コード": 201, "所在地": "和歌山県和歌山市三木町南ノ丁３３", "緯度": 34.226941, "経度": 135.165655, "url": "https://www.iryou.teikyouseido.mhlw.go.jp/znk-web/juminkanja/S2430/initialize?prefCd=30&kikanCd=042972&kikanKbn=5", "url2": null, "内容": "ヤカタ薬局【5:薬局】和歌山県和歌山市三木町南ノ丁３３" }, "geometry": { "type": "Point", "coordinates": [ 135.165655, 34.226941 ] } },
{ "type": "Feature", "properties": { "ID": 305043016, "正式名称": "リンドウ調剤薬局", "機関区分": 5, "都道府県コード": 30, "市区町村コード": 201, "所在地": "和歌山県和歌山市堀止東１丁目２－９", "緯度": 34.214517, "経度": 135.171099, "url": "https://www.iryou.teikyouseido.mhlw.go.jp/znk-web/juminkanja/S2430/initialize?prefCd=30&kikanCd=043016&kikanKbn=5", "url2": "https://sanmi-g.co.jp/", "内容": "リンドウ調剤薬局【5:薬局】和歌山県和歌山市堀止東１丁目２－９" }, "geometry": { "type": "Point", "coordinates": [ 135.171099, 34.214517 ] } },
{ "type": "Feature", "properties": { "ID": 305043061, "正式名称": "サカエ薬局", "機関区分": 5, "都道府県コード": 30, "市区町村コード": 201, "所在地": "和歌山県和歌山市楠本７２－４", "緯度": 34.260478, "経度": 135.253339, "url": "https://www.iryou.teikyouseido.mhlw.go.jp/znk-web/juminkanja/S2430/initialize?prefCd=30&kikanCd=043061&kikanKbn=5", "url2": null, "内容": "サカエ薬局【5:薬局】和歌山県和歌山市楠本７２－４" }, "geometry": { "type": "Point", "coordinates": [ 135.253339, 34.260478 ] } },
{ "type": "Feature", "properties": { "ID": 305043093, "正式名称": "かるがも薬局和歌山店", "機関区分": 5, "都道府県コード": 30, "市区町村コード": 201, "所在地": "和歌山県和歌山市美園町３－３４　けやきＯＮＥ", "緯度": 34.231506, "経度": 135.186888, "url": "https://www.iryou.teikyouseido.mhlw.go.jp/znk-web/juminkanja/S2430/initialize?prefCd=30&kikanCd=043093&kikanKbn=5", "url2": "http://www14.ocn.ne.jp/~kalugamo/", "内容": "かるがも薬局和歌山店【5:薬局】和歌山県和歌山市美園町３－３４　けやきＯＮＥ" }, "geometry": { "type": "Point", "coordinates": [ 135.186888, 34.231506 ] } },
{ "type": "Feature", "properties": { "ID": 305043102, "正式名称": "ユニスマイル薬局そのべ店", "機関区分": 5, "都道府県コード": 30, "市区町村コード": 201, "所在地": "和歌山県和歌山市園部５９６－１６", "緯度": 34.265286, "経度": 135.18864, "url": "https://www.iryou.teikyouseido.mhlw.go.jp/znk-web/juminkanja/S2430/initialize?prefCd=30&kikanCd=043102&kikanKbn=5", "url2": "https://unismile.co.jp/", "内容": "ユニスマイル薬局そのべ店【5:薬局】和歌山県和歌山市園部５９６－１６" }, "geometry": { "type": "Point", "coordinates": [ 135.18864, 34.265286 ] } },
{ "type": "Feature", "properties": { "ID": 305043106, "正式名称": "ナンゴウ薬局楠見店", "機関区分": 5, "都道府県コード": 30, "市区町村コード": 201, "所在地": "和歌山県和歌山市粟２４８－３", "緯度": 34.252932, "経度": 135.17323, "url": "https://www.iryou.teikyouseido.mhlw.go.jp/znk-web/juminkanja/S2430/initialize?prefCd=30&kikanCd=043106&kikanKbn=5", "url2": null, "内容": "ナンゴウ薬局楠見店【5:薬局】和歌山県和歌山市粟２４８－３" }, "geometry": { "type": "Point", "coordinates": [ 135.17323, 34.252932 ] } },
{ "type": "Feature", "properties": { "ID": 305043153, "正式名称": "あけぼの薬局和歌山ろうさい病院前店", "機関区分": 5, "都道府県コード": 30, "市区町村コード": 201, "所在地": "和歌山県和歌山市古屋５７－３", "緯度": 34.257268, "経度": 135.121083, "url": "https://www.iryou.teikyouseido.mhlw.go.jp/znk-web/juminkanja/S2430/initialize?prefCd=30&kikanCd=043153&kikanKbn=5", "url2": "http://www.akebono.co.jp/", "内容": "あけぼの薬局和歌山ろうさい病院前店【5:薬局】和歌山県和歌山市古屋５７－３" }, "geometry": { "type": "Point", "coordinates": [ 135.121083, 34.257268 ] } },
{ "type": "Feature", "properties": { "ID": 305043159, "正式名称": "ライフ調剤薬局", "機関区分": 5, "都道府県コード": 30, "市区町村コード": 201, "所在地": "和歌山県和歌山市木ノ本５５２－６", "緯度": 34.261741, "経度": 135.13288, "url": "https://www.iryou.teikyouseido.mhlw.go.jp/znk-web/juminkanja/S2430/initialize?prefCd=30&kikanCd=043159&kikanKbn=5", "url2": null, "内容": "ライフ調剤薬局【5:薬局】和歌山県和歌山市木ノ本５５２－６" }, "geometry": { "type": "Point", "coordinates": [ 135.13288, 34.261741 ] } },
{ "type": "Feature", "properties": { "ID": 305043208, "正式名称": "エイ・ディー薬局太田店", "機関区分": 5, "都道府県コード": 30, "市区町村コード": 201, "所在地": "和歌山県和歌山市太田１－４－７", "緯度": 34.230226, "経度": 135.193512, "url": "https://www.iryou.teikyouseido.mhlw.go.jp/znk-web/juminkanja/S2430/initialize?prefCd=30&kikanCd=043208&kikanKbn=5", "url2": null, "内容": "エイ・ディー薬局太田店【5:薬局】和歌山県和歌山市太田１－４－７" }, "geometry": { "type": "Point", "coordinates": [ 135.193512, 34.230226 ] } },
{ "type": "Feature", "properties": { "ID": 305043245, "正式名称": "フタツカ薬局　キーノ和歌山", "機関区分": 5, "都道府県コード": 30, "市区町村コード": 201, "所在地": "和歌山県和歌山市東蔵前丁３９　キーノ和歌山３階", "緯度": 34.236242, "経度": 135.166777, "url": "https://www.iryou.teikyouseido.mhlw.go.jp/znk-web/juminkanja/S2430/initialize?prefCd=30&kikanCd=043245&kikanKbn=5", "url2": "https://www.cocokarafine.co.jp/", "内容": "フタツカ薬局　キーノ和歌山【5:薬局】和歌山県和歌山市東蔵前丁３９　キーノ和歌山３階" }, "geometry": { "type": "Point", "coordinates": [ 135.166777, 34.236242 ] } },
{ "type": "Feature", "properties": { "ID": 305043288, "正式名称": "みやま薬局", "機関区分": 5, "都道府県コード": 30, "市区町村コード": 201, "所在地": "和歌山県和歌山市田中町５－５－４", "緯度": 34.228386, "経度": 135.191425, "url": "https://www.iryou.teikyouseido.mhlw.go.jp/znk-web/juminkanja/S2430/initialize?prefCd=30&kikanCd=043288&kikanKbn=5", "url2": null, "内容": "みやま薬局【5:薬局】和歌山県和歌山市田中町５－５－４" }, "geometry": { "type": "Point", "coordinates": [ 135.191425, 34.228386 ] } },
{ "type": "Feature", "properties": { "ID": 305050150, "正式名称": "有限会社岩本薬局市駅前店", "機関区分": 5, "都道府県コード": 30, "市区町村コード": 201, "所在地": "和歌山県和歌山市東蔵前丁４　ファーストビル１階", "緯度": 34.235441, "経度": 135.166912, "url": "https://www.iryou.teikyouseido.mhlw.go.jp/znk-web/juminkanja/S2430/initialize?prefCd=30&kikanCd=050150&kikanKbn=5", "url2": null, "内容": "有限会社岩本薬局市駅前店【5:薬局】和歌山県和歌山市東蔵前丁４　ファーストビル１階" }, "geometry": { "type": "Point", "coordinates": [ 135.166912, 34.235441 ] } },
{ "type": "Feature", "properties": { "ID": 305050158, "正式名称": "紀北調剤薬局　なかのしま店", "機関区分": 5, "都道府県コード": 30, "市区町村コード": 201, "所在地": "和歌山県和歌山市中之島３０７－１", "緯度": 34.244353, "経度": 135.191997, "url": "https://www.iryou.teikyouseido.mhlw.go.jp/znk-web/juminkanja/S2430/initialize?prefCd=30&kikanCd=050158&kikanKbn=5", "url2": "http://www.amsupport.co.jp/", "内容": "紀北調剤薬局　なかのしま店【5:薬局】和歌山県和歌山市中之島３０７－１" }, "geometry": { "type": "Point", "coordinates": [ 135.191997, 34.244353 ] } },
{ "type": "Feature", "properties": { "ID": 305050225, "正式名称": "ルピナス調剤薬局", "機関区分": 5, "都道府県コード": 30, "市区町村コード": 201, "所在地": "和歌山県和歌山市九番丁２４", "緯度": 34.231425, "経度": 135.173304, "url": "https://www.iryou.teikyouseido.mhlw.go.jp/znk-web/juminkanja/S2430/initialize?prefCd=30&kikanCd=050225&kikanKbn=5", "url2": "https://www.rainbow-bridge.jp/", "内容": "ルピナス調剤薬局【5:薬局】和歌山県和歌山市九番丁２４" }, "geometry": { "type": "Point", "coordinates": [ 135.173304, 34.231425 ] } },
{ "type": "Feature", "properties": { "ID": 305052230, "正式名称": "アットホーム薬局", "機関区分": 5, "都道府県コード": 30, "市区町村コード": 201, "所在地": "和歌山県和歌山市和佐関戸２２－１", "緯度": 34.240625, "経度": 135.255748, "url": "https://www.iryou.teikyouseido.mhlw.go.jp/znk-web/juminkanja/S2430/initialize?prefCd=30&kikanCd=052230&kikanKbn=5", "url2": null, "内容": "アットホーム薬局【5:薬局】和歌山県和歌山市和佐関戸２２－１" }, "geometry": { "type": "Point", "coordinates": [ 135.255748, 34.240625 ] } },
{ "type": "Feature", "properties": { "ID": 305052461, "正式名称": "おれんじ薬局", "機関区分": 5, "都道府県コード": 30, "市区町村コード": 201, "所在地": "和歌山県和歌山市和歌川町９－４１", "緯度": 34.193782, "経度": 135.177401, "url": "https://www.iryou.teikyouseido.mhlw.go.jp/znk-web/juminkanja/S2430/initialize?prefCd=30&kikanCd=052461&kikanKbn=5", "url2": null, "内容": "おれんじ薬局【5:薬局】和歌山県和歌山市和歌川町９－４１" }, "geometry": { "type": "Point", "coordinates": [ 135.177401, 34.193782 ] } },
{ "type": "Feature", "properties": { "ID": 305053064, "正式名称": "エバグリーン薬局紀三井寺店", "機関区分": 5, "都道府県コード": 30, "市区町村コード": 201, "所在地": "和歌山県和歌山市布引７４３－２", "緯度": 34.170772, "経度": 135.186497, "url": "https://www.iryou.teikyouseido.mhlw.go.jp/znk-web/juminkanja/S2430/initialize?prefCd=30&kikanCd=053064&kikanKbn=5", "url2": null, "内容": "エバグリーン薬局紀三井寺店【5:薬局】和歌山県和歌山市布引７４３－２" }, "geometry": { "type": "Point", "coordinates": [ 135.186497, 34.170772 ] } },
{ "type": "Feature", "properties": { "ID": 305053268, "正式名称": "スズラン調剤薬局", "機関区分": 5, "都道府県コード": 30, "市区町村コード": 201, "所在地": "和歌山県和歌山市津秦４１－１", "緯度": 34.222522, "経度": 135.204738, "url": "https://www.iryou.teikyouseido.mhlw.go.jp/znk-web/juminkanja/S2430/initialize?prefCd=30&kikanCd=053268&kikanKbn=5", "url2": "https://:www.rainbow-bridge.jp/", "内容": "スズラン調剤薬局【5:薬局】和歌山県和歌山市津秦４１－１" }, "geometry": { "type": "Point", "coordinates": [ 135.204738, 34.222522 ] } },
{ "type": "Feature", "properties": { "ID": 305053285, "正式名称": "調剤薬局ネットワーク", "機関区分": 5, "都道府県コード": 30, "市区町村コード": 201, "所在地": "和歌山県和歌山市古屋８５－１", "緯度": 34.254764, "経度": 135.120272, "url": "https://www.iryou.teikyouseido.mhlw.go.jp/znk-web/juminkanja/S2430/initialize?prefCd=30&kikanCd=053285&kikanKbn=5", "url2": null, "内容": "調剤薬局ネットワーク【5:薬局】和歌山県和歌山市古屋８５－１" }, "geometry": { "type": "Point", "coordinates": [ 135.120272, 34.254764 ] } },
{ "type": "Feature", "properties": { "ID": 305053332, "正式名称": "秋葉山エス調剤薬局", "機関区分": 5, "都道府県コード": 30, "市区町村コード": 201, "所在地": "和歌山県和歌山市秋葉町２－１８", "緯度": 34.200212, "経度": 135.169756, "url": "https://www.iryou.teikyouseido.mhlw.go.jp/znk-web/juminkanja/S2430/initialize?prefCd=30&kikanCd=053332&kikanKbn=5", "url2": null, "内容": "秋葉山エス調剤薬局【5:薬局】和歌山県和歌山市秋葉町２－１８" }, "geometry": { "type": "Point", "coordinates": [ 135.169756, 34.200212 ] } },
{ "type": "Feature", "properties": { "ID": 305053362, "正式名称": "さつき調剤薬局", "機関区分": 5, "都道府県コード": 30, "市区町村コード": 201, "所在地": "和歌山県和歌山市塩屋５－７３－９", "緯度": 34.201798, "経度": 135.178868, "url": "https://www.iryou.teikyouseido.mhlw.go.jp/znk-web/juminkanja/S2430/initialize?prefCd=30&kikanCd=053362&kikanKbn=5", "url2": "http://shohosen.jp/", "内容": "さつき調剤薬局【5:薬局】和歌山県和歌山市塩屋５－７３－９" }, "geometry": { "type": "Point", "coordinates": [ 135.178868, 34.201798 ] } },
{ "type": "Feature", "properties": { "ID": 305061010056, "正式名称": "わかば薬局", "機関区分": 5, "都道府県コード": 30, "市区町村コード": 205, "所在地": "和歌山県御坊市湯川町財部７２２－５", "緯度": 33.896771, "経度": 135.153766, "url": "https://www.iryou.teikyouseido.mhlw.go.jp/znk-web/juminkanja/S2430/initialize?prefCd=30&kikanCd=061010056&kikanKbn=5", "url2": null, "内容": "わかば薬局【5:薬局】和歌山県御坊市湯川町財部７２２－５" }, "geometry": { "type": "Point", "coordinates": [ 135.153766, 33.896771 ] } },
{ "type": "Feature", "properties": { "ID": 305061452, "正式名称": "健幸薬局　和歌山ＬＡＢＯ", "機関区分": 5, "都道府県コード": 30, "市区町村コード": 201, "所在地": "和歌山県和歌山市畑屋敷兵庫ノ丁２２", "緯度": 34.235408, "経度": 135.18258, "url": "https://www.iryou.teikyouseido.mhlw.go.jp/znk-web/juminkanja/S2430/initialize?prefCd=30&kikanCd=061452&kikanKbn=5", "url2": null, "内容": "健幸薬局　和歌山ＬＡＢＯ【5:薬局】和歌山県和歌山市畑屋敷兵庫ノ丁２２" }, "geometry": { "type": "Point", "coordinates": [ 135.18258, 34.235408 ] } },
{ "type": "Feature", "properties": { "ID": 305061490, "正式名称": "小山薬局", "機関区分": 5, "都道府県コード": 30, "市区町村コード": 201, "所在地": "和歌山県和歌山市市小路４０３番地６", "緯度": 34.255217, "経度": 135.167261, "url": "https://www.iryou.teikyouseido.mhlw.go.jp/znk-web/juminkanja/S2430/initialize?prefCd=30&kikanCd=061490&kikanKbn=5", "url2": null, "内容": "小山薬局【5:薬局】和歌山県和歌山市市小路４０３番地６" }, "geometry": { "type": "Point", "coordinates": [ 135.167261, 34.255217 ] } },
{ "type": "Feature", "properties": { "ID": 305062364, "正式名称": "みやび調剤薬局", "機関区分": 5, "都道府県コード": 30, "市区町村コード": 201, "所在地": "和歌山県和歌山市大谷４０３－３", "緯度": 34.26057, "経度": 135.179506, "url": "https://www.iryou.teikyouseido.mhlw.go.jp/znk-web/juminkanja/S2430/initialize?prefCd=30&kikanCd=062364&kikanKbn=5", "url2": "https://www.karugamo.net", "内容": "みやび調剤薬局【5:薬局】和歌山県和歌山市大谷４０３－３" }, "geometry": { "type": "Point", "coordinates": [ 135.179506, 34.26057 ] } },
{ "type": "Feature", "properties": { "ID": 305062376, "正式名称": "調剤薬局ホンダ　土入店", "機関区分": 5, "都道府県コード": 30, "市区町村コード": 201, "所在地": "和歌山県和歌山市土入２１－１８", "緯度": 34.253594, "経度": 135.141853, "url": "https://www.iryou.teikyouseido.mhlw.go.jp/znk-web/juminkanja/S2430/initialize?prefCd=30&kikanCd=062376&kikanKbn=5", "url2": null, "内容": "調剤薬局ホンダ　土入店【5:薬局】和歌山県和歌山市土入２１－１８" }, "geometry": { "type": "Point", "coordinates": [ 135.141853, 34.253594 ] } },
{ "type": "Feature", "properties": { "ID": 305062501, "正式名称": "本町薬局", "機関区分": 5, "都道府県コード": 30, "市区町村コード": 201, "所在地": "和歌山県和歌山市本町５丁目２８", "緯度": 34.238482, "経度": 135.174562, "url": "https://www.iryou.teikyouseido.mhlw.go.jp/znk-web/juminkanja/S2430/initialize?prefCd=30&kikanCd=062501&kikanKbn=5", "url2": null, "内容": "本町薬局【5:薬局】和歌山県和歌山市本町５丁目２８" }, "geometry": { "type": "Point", "coordinates": [ 135.174562, 34.238482 ] } },
{ "type": "Feature", "properties": { "ID": 305063024, "正式名称": "阪神調剤薬局和歌山日赤店", "機関区分": 5, "都道府県コード": 30, "市区町村コード": 201, "所在地": "和歌山県和歌山市小松原通４丁目２１番", "緯度": 34.220108, "経度": 135.168988, "url": "https://www.iryou.teikyouseido.mhlw.go.jp/znk-web/juminkanja/S2430/initialize?prefCd=30&kikanCd=063024&kikanKbn=5", "url2": "https://www.sugi-net.jp/stores/005123", "内容": "阪神調剤薬局和歌山日赤店【5:薬局】和歌山県和歌山市小松原通４丁目２１番" }, "geometry": { "type": "Point", "coordinates": [ 135.168988, 34.220108 ] } },
{ "type": "Feature", "properties": { "ID": 305063025, "正式名称": "阪神調剤薬局　和歌山医大店", "機関区分": 5, "都道府県コード": 30, "市区町村コード": 201, "所在地": "和歌山県和歌山市紀三井寺８１１－７７", "緯度": 34.187956, "経度": 135.181986, "url": "https://www.iryou.teikyouseido.mhlw.go.jp/znk-web/juminkanja/S2430/initialize?prefCd=30&kikanCd=063025&kikanKbn=5", "url2": null, "内容": "阪神調剤薬局　和歌山医大店【5:薬局】和歌山県和歌山市紀三井寺８１１－７７" }, "geometry": { "type": "Point", "coordinates": [ 135.181986, 34.187956 ] } },
{ "type": "Feature", "properties": { "ID": 305063026, "正式名称": "阪神調剤薬局紀の川店", "機関区分": 5, "都道府県コード": 30, "市区町村コード": 201, "所在地": "和歌山県和歌山市西田井３９１", "緯度": 34.254762, "経度": 135.236192, "url": "https://www.iryou.teikyouseido.mhlw.go.jp/znk-web/juminkanja/S2430/initialize?prefCd=30&kikanCd=063026&kikanKbn=5", "url2": null, "内容": "阪神調剤薬局紀の川店【5:薬局】和歌山県和歌山市西田井３９１" }, "geometry": { "type": "Point", "coordinates": [ 135.236192, 34.254762 ] } },
{ "type": "Feature", "properties": { "ID": 305070564, "正式名称": "サクラ調剤薬局", "機関区分": 5, "都道府県コード": 30, "市区町村コード": 201, "所在地": "和歌山県和歌山市新庄４６６－２", "緯度": 34.247747, "経度": 135.287031, "url": "https://www.iryou.teikyouseido.mhlw.go.jp/znk-web/juminkanja/S2430/initialize?prefCd=30&kikanCd=070564&kikanKbn=5", "url2": "https://sanmi-g.co.jp/shop/", "内容": "サクラ調剤薬局【5:薬局】和歌山県和歌山市新庄４６６－２" }, "geometry": { "type": "Point", "coordinates": [ 135.287031, 34.247747 ] } },
{ "type": "Feature", "properties": { "ID": 305071717, "正式名称": "ソワン薬局堀止店", "機関区分": 5, "都道府県コード": 30, "市区町村コード": 201, "所在地": "和歌山県和歌山市堀止西１－２－６", "緯度": 34.213939, "経度": 135.169733, "url": "https://www.iryou.teikyouseido.mhlw.go.jp/znk-web/juminkanja/S2430/initialize?prefCd=30&kikanCd=071717&kikanKbn=5", "url2": null, "内容": "ソワン薬局堀止店【5:薬局】和歌山県和歌山市堀止西１－２－６" }, "geometry": { "type": "Point", "coordinates": [ 135.169733, 34.213939 ] } },
{ "type": "Feature", "properties": { "ID": 305072120, "正式名称": "株式会社第一薬局土入", "機関区分": 5, "都道府県コード": 30, "市区町村コード": 201, "所在地": "和歌山県和歌山市土入１６８－３０", "緯度": 34.253362, "経度": 135.141158, "url": "https://www.iryou.teikyouseido.mhlw.go.jp/znk-web/juminkanja/S2430/initialize?prefCd=30&kikanCd=072120&kikanKbn=5", "url2": "https://d1p.co.jp", "内容": "株式会社第一薬局土入【5:薬局】和歌山県和歌山市土入１６８－３０" }, "geometry": { "type": "Point", "coordinates": [ 135.141158, 34.253362 ] } },
{ "type": "Feature", "properties": { "ID": 305072770, "正式名称": "コスモス調剤薬局神前店", "機関区分": 5, "都道府県コード": 30, "市区町村コード": 201, "所在地": "和歌山県和歌山市神前１２３−１", "緯度": 34.215067, "経度": 135.206643, "url": "https://www.iryou.teikyouseido.mhlw.go.jp/znk-web/juminkanja/S2430/initialize?prefCd=30&kikanCd=072770&kikanKbn=5", "url2": "https://www.cosmospc.co.jp/shop/kansai/wakayama/12409.html", "内容": "コスモス調剤薬局神前店【5:薬局】和歌山県和歌山市神前１２３−１" }, "geometry": { "type": "Point", "coordinates": [ 135.206643, 34.215067 ] } },
{ "type": "Feature", "properties": { "ID": 305073149, "正式名称": "保険調剤薬局トーワ", "機関区分": 5, "都道府県コード": 30, "市区町村コード": 201, "所在地": "和歌山県和歌山市北中島１丁目５－７", "緯度": 34.213689, "経度": 135.187683, "url": "https://www.iryou.teikyouseido.mhlw.go.jp/znk-web/juminkanja/S2430/initialize?prefCd=30&kikanCd=073149&kikanKbn=5", "url2": "www.aisei.co.jp", "内容": "保険調剤薬局トーワ【5:薬局】和歌山県和歌山市北中島１丁目５－７" }, "geometry": { "type": "Point", "coordinates": [ 135.187683, 34.213689 ] } },
{ "type": "Feature", "properties": { "ID": 305073151, "正式名称": "保険調剤薬局トーワ　和田店", "機関区分": 5, "都道府県コード": 30, "市区町村コード": 201, "所在地": "和歌山県和歌山市和田１２０２－１０", "緯度": 34.207397, "経度": 135.208661, "url": "https://www.iryou.teikyouseido.mhlw.go.jp/znk-web/juminkanja/S2430/initialize?prefCd=30&kikanCd=073151&kikanKbn=5", "url2": null, "内容": "保険調剤薬局トーワ　和田店【5:薬局】和歌山県和歌山市和田１２０２－１０" }, "geometry": { "type": "Point", "coordinates": [ 135.208661, 34.207397 ] } },
{ "type": "Feature", "properties": { "ID": 305073152, "正式名称": "保険調剤薬局トーワ加納店", "機関区分": 5, "都道府県コード": 30, "市区町村コード": 201, "所在地": "和歌山県和歌山市加納２４８－４", "緯度": 34.2462, "経度": 135.205953, "url": "https://www.iryou.teikyouseido.mhlw.go.jp/znk-web/juminkanja/S2430/initialize?prefCd=30&kikanCd=073152&kikanKbn=5", "url2": "https://www.aisei.co.jp/store/s-wakayama/s-wakayama-wakayama/0787/", "内容": "保険調剤薬局トーワ加納店【5:薬局】和歌山県和歌山市加納２４８－４" }, "geometry": { "type": "Point", "coordinates": [ 135.205953, 34.2462 ] } },
{ "type": "Feature", "properties": { "ID": 305073393, "正式名称": "エバグリーン薬局和佐店", "機関区分": 5, "都道府県コード": 30, "市区町村コード": 201, "所在地": "和歌山県和歌山市和佐中１０２－１", "緯度": 34.2026, "経度": 135.178485, "url": "https://www.iryou.teikyouseido.mhlw.go.jp/znk-web/juminkanja/S2430/initialize?prefCd=30&kikanCd=073393&kikanKbn=5", "url2": null, "内容": "エバグリーン薬局和佐店【5:薬局】和歌山県和歌山市和佐中１０２－１" }, "geometry": { "type": "Point", "coordinates": [ 135.178485, 34.2026 ] } },
{ "type": "Feature", "properties": { "ID": 305073450, "正式名称": "ＣＯＣＯ漢方薬局", "機関区分": 5, "都道府県コード": 30, "市区町村コード": 201, "所在地": "和歌山県和歌山市太田４丁目１１－１８リベラルパレス太田１０１", "緯度": 34.227985, "経度": 135.193778, "url": "https://www.iryou.teikyouseido.mhlw.go.jp/znk-web/juminkanja/S2430/initialize?prefCd=30&kikanCd=073450&kikanKbn=5", "url2": "https://www.cocokanpo.com/", "内容": "ＣＯＣＯ漢方薬局【5:薬局】和歌山県和歌山市太田４丁目１１－１８リベラルパレス太田１０１" }, "geometry": { "type": "Point", "coordinates": [ 135.193778, 34.227985 ] } },
{ "type": "Feature", "properties": { "ID": 30521010001, "正式名称": "テラウチ薬局　岩出店", "機関区分": 5, "都道府県コード": 30, "市区町村コード": 209, "所在地": "和歌山県岩出市中迫２７５－９", "緯度": 34.264152, "経度": 135.311753, "url": "https://www.iryou.teikyouseido.mhlw.go.jp/znk-web/juminkanja/S2430/initialize?prefCd=30&kikanCd=21010001&kikanKbn=5", "url2": "https://www.terauchi-pharmacy.co.jp/", "内容": "テラウチ薬局　岩出店【5:薬局】和歌山県岩出市中迫２７５－９" }, "geometry": { "type": "Point", "coordinates": [ 135.311753, 34.264152 ] } },
{ "type": "Feature", "properties": { "ID": 30521010003, "正式名称": "銀明堂薬局　打田国道店", "機関区分": 5, "都道府県コード": 30, "市区町村コード": 208, "所在地": "和歌山県紀の川市上野７７－３", "緯度": 34.261981, "経度": 135.362054, "url": "https://www.iryou.teikyouseido.mhlw.go.jp/znk-web/juminkanja/S2430/initialize?prefCd=30&kikanCd=21010003&kikanKbn=5", "url2": "http://www.ginmeido.co.jp/", "内容": "銀明堂薬局　打田国道店【5:薬局】和歌山県紀の川市上野７７－３" }, "geometry": { "type": "Point", "coordinates": [ 135.362054, 34.261981 ] } },
{ "type": "Feature", "properties": { "ID": 30521010005, "正式名称": "紀北薬局うちた店", "機関区分": 5, "都道府県コード": 30, "市区町村コード": 208, "所在地": "和歌山県紀の川市打田１３４０－５", "緯度": 34.262592, "経度": 135.365364, "url": "https://www.iryou.teikyouseido.mhlw.go.jp/znk-web/juminkanja/S2430/initialize?prefCd=30&kikanCd=21010005&kikanKbn=5", "url2": null, "内容": "紀北薬局うちた店【5:薬局】和歌山県紀の川市打田１３４０－５" }, "geometry": { "type": "Point", "coordinates": [ 135.365364, 34.262592 ] } },
{ "type": "Feature", "properties": { "ID": 30521010007, "正式名称": "株式会社調剤薬局ホンダ　貴志川店", "機関区分": 5, "都道府県コード": 30, "市区町村コード": 208, "所在地": "和歌山県紀の川市貴志川町丸栖１４２０", "緯度": 34.240721, "経度": 135.328088, "url": "https://www.iryou.teikyouseido.mhlw.go.jp/znk-web/juminkanja/S2430/initialize?prefCd=30&kikanCd=21010007&kikanKbn=5", "url2": "https://www.big-advance.site/c/206/1596/profile", "内容": "株式会社調剤薬局ホンダ　貴志川店【5:薬局】和歌山県紀の川市貴志川町丸栖１４２０" }, "geometry": { "type": "Point", "coordinates": [ 135.328088, 34.240721 ] } },
{ "type": "Feature", "properties": { "ID": 30521010010, "正式名称": "エール薬局", "機関区分": 5, "都道府県コード": 30, "市区町村コード": 208, "所在地": "和歌山県紀の川市西大井２１１－２", "緯度": 34.266851, "経度": 135.358389, "url": "https://www.iryou.teikyouseido.mhlw.go.jp/znk-web/juminkanja/S2430/initialize?prefCd=30&kikanCd=21010010&kikanKbn=5", "url2": null, "内容": "エール薬局【5:薬局】和歌山県紀の川市西大井２１１－２" }, "geometry": { "type": "Point", "coordinates": [ 135.358389, 34.266851 ] } },
{ "type": "Feature", "properties": { "ID": 30521010016, "正式名称": "矢田薬局", "機関区分": 5, "都道府県コード": 30, "市区町村コード": 208, "所在地": "和歌山県紀の川市貴志川町長原９８０", "緯度": 34.207882, "経度": 135.301412, "url": "https://www.iryou.teikyouseido.mhlw.go.jp/znk-web/juminkanja/S2430/initialize?prefCd=30&kikanCd=21010016&kikanKbn=5", "url2": null, "内容": "矢田薬局【5:薬局】和歌山県紀の川市貴志川町長原９８０" }, "geometry": { "type": "Point", "coordinates": [ 135.301412, 34.207882 ] } },
{ "type": "Feature", "properties": { "ID": 30521010017, "正式名称": "銀明堂薬局　打田支店", "機関区分": 5, "都道府県コード": 30, "市区町村コード": 208, "所在地": "和歌山県紀の川市上野１４－７", "緯度": 34.260112, "経度": 135.363142, "url": "https://www.iryou.teikyouseido.mhlw.go.jp/znk-web/juminkanja/S2430/initialize?prefCd=30&kikanCd=21010017&kikanKbn=5", "url2": "http://www.ginmeido.co.jp/", "内容": "銀明堂薬局　打田支店【5:薬局】和歌山県紀の川市上野１４－７" }, "geometry": { "type": "Point", "coordinates": [ 135.363142, 34.260112 ] } },
{ "type": "Feature", "properties": { "ID": 30521010022, "正式名称": "とまつ薬局", "機関区分": 5, "都道府県コード": 30, "市区町村コード": 209, "所在地": "和歌山県岩出市備前４２　プチツール１Ｆ", "緯度": 34.259571, "経度": 135.312626, "url": "https://www.iryou.teikyouseido.mhlw.go.jp/znk-web/juminkanja/S2430/initialize?prefCd=30&kikanCd=21010022&kikanKbn=5", "url2": null, "内容": "とまつ薬局【5:薬局】和歌山県岩出市備前４２　プチツール１Ｆ" }, "geometry": { "type": "Point", "coordinates": [ 135.312626, 34.259571 ] } },
{ "type": "Feature", "properties": { "ID": 30521010027, "正式名称": "松浦薬局", "機関区分": 5, "都道府県コード": 30, "市区町村コード": 208, "所在地": "和歌山県紀の川市粉河９８４", "緯度": 34.267811, "経度": 135.403825, "url": "https://www.iryou.teikyouseido.mhlw.go.jp/znk-web/juminkanja/S2430/initialize?prefCd=30&kikanCd=21010027&kikanKbn=5", "url2": null, "内容": "松浦薬局【5:薬局】和歌山県紀の川市粉河９８４" }, "geometry": { "type": "Point", "coordinates": [ 135.403825, 34.267811 ] } },
{ "type": "Feature", "properties": { "ID": 30521010029, "正式名称": "ユニバーサル薬局", "機関区分": 5, "都道府県コード": 30, "市区町村コード": 209, "所在地": "和歌山県岩出市荊本４１－５", "緯度": 34.264938, "経度": 135.311333, "url": "https://www.iryou.teikyouseido.mhlw.go.jp/znk-web/juminkanja/S2430/initialize?prefCd=30&kikanCd=21010029&kikanKbn=5", "url2": null, "内容": "ユニバーサル薬局【5:薬局】和歌山県岩出市荊本４１－５" }, "geometry": { "type": "Point", "coordinates": [ 135.311333, 34.264938 ] } },
{ "type": "Feature", "properties": { "ID": 30521010033, "正式名称": "テラウチ薬局　上岩出店", "機関区分": 5, "都道府県コード": 30, "市区町村コード": 209, "所在地": "和歌山県岩出市野上野６４－１", "緯度": 34.276264, "経度": 135.320173, "url": "https://www.iryou.teikyouseido.mhlw.go.jp/znk-web/juminkanja/S2430/initialize?prefCd=30&kikanCd=21010033&kikanKbn=5", "url2": "https://www.terauchi-pharmacy.co.jp/", "内容": "テラウチ薬局　上岩出店【5:薬局】和歌山県岩出市野上野６４－１" }, "geometry": { "type": "Point", "coordinates": [ 135.320173, 34.276264 ] } },
{ "type": "Feature", "properties": { "ID": 30521010035, "正式名称": "タカダ薬局", "機関区分": 5, "都道府県コード": 30, "市区町村コード": 208, "所在地": "和歌山県紀の川市名手市場１１５", "緯度": 34.273841, "経度": 135.435417, "url": "https://www.iryou.teikyouseido.mhlw.go.jp/znk-web/juminkanja/S2430/initialize?prefCd=30&kikanCd=21010035&kikanKbn=5", "url2": null, "内容": "タカダ薬局【5:薬局】和歌山県紀の川市名手市場１１５" }, "geometry": { "type": "Point", "coordinates": [ 135.435417, 34.273841 ] } },
{ "type": "Feature", "properties": { "ID": 30521010038, "正式名称": "こがね薬局", "機関区分": 5, "都道府県コード": 30, "市区町村コード": 208, "所在地": "和歌山県紀の川市貴志川町国主４２－６", "緯度": 34.207467, "経度": 135.312667, "url": "https://www.iryou.teikyouseido.mhlw.go.jp/znk-web/juminkanja/S2430/initialize?prefCd=30&kikanCd=21010038&kikanKbn=5", "url2": null, "内容": "こがね薬局【5:薬局】和歌山県紀の川市貴志川町国主４２－６" }, "geometry": { "type": "Point", "coordinates": [ 135.312667, 34.207467 ] } },
{ "type": "Feature", "properties": { "ID": 30521010039, "正式名称": "タケベ薬局", "機関区分": 5, "都道府県コード": 30, "市区町村コード": 209, "所在地": "和歌山県岩出市清水３８０－６", "緯度": 34.254881, "経度": 135.318722, "url": "https://www.iryou.teikyouseido.mhlw.go.jp/znk-web/juminkanja/S2430/initialize?prefCd=30&kikanCd=21010039&kikanKbn=5", "url2": null, "内容": "タケベ薬局【5:薬局】和歌山県岩出市清水３８０－６" }, "geometry": { "type": "Point", "coordinates": [ 135.318722, 34.254881 ] } },
{ "type": "Feature", "properties": { "ID": 30521010042, "正式名称": "ツジ薬局", "機関区分": 5, "都道府県コード": 30, "市区町村コード": 209, "所在地": "和歌山県岩出市新田広芝３３０－１", "緯度": 34.276292, "経度": 135.330247, "url": "https://www.iryou.teikyouseido.mhlw.go.jp/znk-web/juminkanja/S2430/initialize?prefCd=30&kikanCd=21010042&kikanKbn=5", "url2": null, "内容": "ツジ薬局【5:薬局】和歌山県岩出市新田広芝３３０－１" }, "geometry": { "type": "Point", "coordinates": [ 135.330247, 34.276292 ] } },
{ "type": "Feature", "properties": { "ID": 30521010043, "正式名称": "金尾製薬株式会社　薬局部", "機関区分": 5, "都道府県コード": 30, "市区町村コード": 208, "所在地": "和歌山県紀の川市粉河８４５", "緯度": 34.271749, "経度": 135.406081, "url": "https://www.iryou.teikyouseido.mhlw.go.jp/znk-web/juminkanja/S2430/initialize?prefCd=30&kikanCd=21010043&kikanKbn=5", "url2": null, "内容": "金尾製薬株式会社　薬局部【5:薬局】和歌山県紀の川市粉河８４５" }, "geometry": { "type": "Point", "coordinates": [ 135.406081, 34.271749 ] } },
{ "type": "Feature", "properties": { "ID": 30521010044, "正式名称": "みどり薬局", "機関区分": 5, "都道府県コード": 30, "市区町村コード": 208, "所在地": "和歌山県紀の川市上野２９４", "緯度": 34.258593, "経度": 135.362506, "url": "https://www.iryou.teikyouseido.mhlw.go.jp/znk-web/juminkanja/S2430/initialize?prefCd=30&kikanCd=21010044&kikanKbn=5", "url2": null, "内容": "みどり薬局【5:薬局】和歌山県紀の川市上野２９４" }, "geometry": { "type": "Point", "coordinates": [ 135.362506, 34.258593 ] } },
{ "type": "Feature", "properties": { "ID": 30521010051, "正式名称": "有限会社ファミリー薬局", "機関区分": 5, "都道府県コード": 30, "市区町村コード": 208, "所在地": "和歌山県紀の川市貴志川町長山２７７－２１０", "緯度": 34.20854, "経度": 135.288836, "url": "https://www.iryou.teikyouseido.mhlw.go.jp/znk-web/juminkanja/S2430/initialize?prefCd=30&kikanCd=21010051&kikanKbn=5", "url2": null, "内容": "有限会社ファミリー薬局【5:薬局】和歌山県紀の川市貴志川町長山２７７－２１０" }, "geometry": { "type": "Point", "coordinates": [ 135.288836, 34.20854 ] } },
{ "type": "Feature", "properties": { "ID": 30521010056, "正式名称": "粉河本町薬局", "機関区分": 5, "都道府県コード": 30, "市区町村コード": 208, "所在地": "和歌山県紀の川市粉河２１８４", "緯度": 34.276198, "経度": 135.403597, "url": "https://www.iryou.teikyouseido.mhlw.go.jp/znk-web/juminkanja/S2430/initialize?prefCd=30&kikanCd=21010056&kikanKbn=5", "url2": null, "内容": "粉河本町薬局【5:薬局】和歌山県紀の川市粉河２１８４" }, "geometry": { "type": "Point", "coordinates": [ 135.403597, 34.276198 ] } },
{ "type": "Feature", "properties": { "ID": 30521010057, "正式名称": "名手駅前　薬局", "機関区分": 5, "都道府県コード": 30, "市区町村コード": 208, "所在地": "和歌山県紀の川市名手市場１１６", "緯度": 34.273726, "経度": 135.434507, "url": "https://www.iryou.teikyouseido.mhlw.go.jp/znk-web/juminkanja/S2430/initialize?prefCd=30&kikanCd=21010057&kikanKbn=5", "url2": "http://www.potup.co.jp/", "内容": "名手駅前　薬局【5:薬局】和歌山県紀の川市名手市場１１６" }, "geometry": { "type": "Point", "coordinates": [ 135.434507, 34.273726 ] } },
{ "type": "Feature", "properties": { "ID": 30521010058, "正式名称": "銀明堂薬局　ねごろ支店", "機関区分": 5, "都道府県コード": 30, "市区町村コード": 209, "所在地": "和歌山県岩出市根来１５", "緯度": 34.277237, "経度": 135.310476, "url": "https://www.iryou.teikyouseido.mhlw.go.jp/znk-web/juminkanja/S2430/initialize?prefCd=30&kikanCd=21010058&kikanKbn=5", "url2": "http://www.ginmeido.co.jp/", "内容": "銀明堂薬局　ねごろ支店【5:薬局】和歌山県岩出市根来１５" }, "geometry": { "type": "Point", "coordinates": [ 135.310476, 34.277237 ] } },
{ "type": "Feature", "properties": { "ID": 30521010064, "正式名称": "エール薬局　岩出店", "機関区分": 5, "都道府県コード": 30, "市区町村コード": 209, "所在地": "和歌山県岩出市吉田３０５", "緯度": 34.267174, "経度": 135.279445, "url": "https://www.iryou.teikyouseido.mhlw.go.jp/znk-web/juminkanja/S2430/initialize?prefCd=30&kikanCd=21010064&kikanKbn=5", "url2": null, "内容": "エール薬局　岩出店【5:薬局】和歌山県岩出市吉田３０５" }, "geometry": { "type": "Point", "coordinates": [ 135.279445, 34.267174 ] } },
{ "type": "Feature", "properties": { "ID": 30521010065, "正式名称": "ローズ調剤薬局", "機関区分": 5, "都道府県コード": 30, "市区町村コード": 208, "所在地": "和歌山県紀の川市北大井１９８－８", "緯度": 34.273534, "経度": 135.36833, "url": "https://www.iryou.teikyouseido.mhlw.go.jp/znk-web/juminkanja/S2430/initialize?prefCd=30&kikanCd=21010065&kikanKbn=5", "url2": null, "内容": "ローズ調剤薬局【5:薬局】和歌山県紀の川市北大井１９８－８" }, "geometry": { "type": "Point", "coordinates": [ 135.36833, 34.273534 ] } },
{ "type": "Feature", "properties": { "ID": 30521010068, "正式名称": "銀明堂薬局　東国分支店", "機関区分": 5, "都道府県コード": 30, "市区町村コード": 208, "所在地": "和歌山県紀の川市東国分４３０－５", "緯度": 34.269533, "経度": 135.343361, "url": "https://www.iryou.teikyouseido.mhlw.go.jp/znk-web/juminkanja/S2430/initialize?prefCd=30&kikanCd=21010068&kikanKbn=5", "url2": null, "内容": "銀明堂薬局　東国分支店【5:薬局】和歌山県紀の川市東国分４３０－５" }, "geometry": { "type": "Point", "coordinates": [ 135.343361, 34.269533 ] } },
{ "type": "Feature", "properties": { "ID": 30521010069, "正式名称": "ゆうあい薬局", "機関区分": 5, "都道府県コード": 30, "市区町村コード": 209, "所在地": "和歌山県岩出市川尻５４－１", "緯度": 34.267972, "経度": 135.309902, "url": "https://www.iryou.teikyouseido.mhlw.go.jp/znk-web/juminkanja/S2430/initialize?prefCd=30&kikanCd=21010069&kikanKbn=5", "url2": "http://www.e-classa.net/yuuai-medical/", "内容": "ゆうあい薬局【5:薬局】和歌山県岩出市川尻５４－１" }, "geometry": { "type": "Point", "coordinates": [ 135.309902, 34.267972 ] } },
{ "type": "Feature", "properties": { "ID": 30521010071, "正式名称": "コスモス薬局", "機関区分": 5, "都道府県コード": 30, "市区町村コード": 209, "所在地": "和歌山県岩出市中黒５２６－４", "緯度": 34.269083, "経度": 135.286036, "url": "https://www.iryou.teikyouseido.mhlw.go.jp/znk-web/juminkanja/S2430/initialize?prefCd=30&kikanCd=21010071&kikanKbn=5", "url2": null, "内容": "コスモス薬局【5:薬局】和歌山県岩出市中黒５２６－４" }, "geometry": { "type": "Point", "coordinates": [ 135.286036, 34.269083 ] } },
{ "type": "Feature", "properties": { "ID": 30521010073, "正式名称": "ジップドラッグ東洋岩出薬局", "機関区分": 5, "都道府県コード": 30, "市区町村コード": 209, "所在地": "和歌山県岩出市野上野９８－３", "緯度": 34.274997, "経度": 135.317657, "url": "https://www.iryou.teikyouseido.mhlw.go.jp/znk-web/juminkanja/S2430/initialize?prefCd=30&kikanCd=21010073&kikanKbn=5", "url2": "https://www.cocokarafine.co.jp/", "内容": "ジップドラッグ東洋岩出薬局【5:薬局】和歌山県岩出市野上野９８－３" }, "geometry": { "type": "Point", "coordinates": [ 135.317657, 34.274997 ] } },
{ "type": "Feature", "properties": { "ID": 30521010074, "正式名称": "ジップドラッグ長山薬局", "機関区分": 5, "都道府県コード": 30, "市区町村コード": 208, "所在地": "和歌山県紀の川市貴志川町長山２４５番１", "緯度": 34.210835, "経度": 135.292806, "url": "https://www.iryou.teikyouseido.mhlw.go.jp/znk-web/juminkanja/S2430/initialize?prefCd=30&kikanCd=21010074&kikanKbn=5", "url2": "https://www.matsukiyococokara.com/", "内容": "ジップドラッグ長山薬局【5:薬局】和歌山県紀の川市貴志川町長山２４５番１" }, "geometry": { "type": "Point", "coordinates": [ 135.292806, 34.210835 ] } },
{ "type": "Feature", "properties": { "ID": 30521010077, "正式名称": "わかば薬局　打田店", "機関区分": 5, "都道府県コード": 30, "市区町村コード": 208, "所在地": "和歌山県紀の川市上野１３－１２", "緯度": 34.259641, "経度": 135.363167, "url": "https://www.iryou.teikyouseido.mhlw.go.jp/znk-web/juminkanja/S2430/initialize?prefCd=30&kikanCd=21010077&kikanKbn=5", "url2": null, "内容": "わかば薬局　打田店【5:薬局】和歌山県紀の川市上野１３－１２" }, "geometry": { "type": "Point", "coordinates": [ 135.363167, 34.259641 ] } },
{ "type": "Feature", "properties": { "ID": 30521010078, "正式名称": "日本調剤　紀の川薬局", "機関区分": 5, "都道府県コード": 30, "市区町村コード": 208, "所在地": "和歌山県紀の川市打田１３４３－１", "緯度": 34.262645, "経度": 135.365019, "url": "https://www.iryou.teikyouseido.mhlw.go.jp/znk-web/juminkanja/S2430/initialize?prefCd=30&kikanCd=21010078&kikanKbn=5", "url2": "https://www.nicho.co.jp/tenpo/kinokawa/", "内容": "日本調剤　紀の川薬局【5:薬局】和歌山県紀の川市打田１３４３－１" }, "geometry": { "type": "Point", "coordinates": [ 135.365019, 34.262645 ] } },
{ "type": "Feature", "properties": { "ID": 30521010080, "正式名称": "ウエルシア薬局　岩出中黒店", "機関区分": 5, "都道府県コード": 30, "市区町村コード": 209, "所在地": "和歌山県岩出市中黒５４６", "緯度": 34.2661, "経度": 135.2847, "url": "https://www.iryou.teikyouseido.mhlw.go.jp/znk-web/juminkanja/S2430/initialize?prefCd=30&kikanCd=21010080&kikanKbn=5", "url2": "http://www.welcia-yakkyoku.co.jp/", "内容": "ウエルシア薬局　岩出中黒店【5:薬局】和歌山県岩出市中黒５４６" }, "geometry": { "type": "Point", "coordinates": [ 135.2847, 34.2661 ] } },
{ "type": "Feature", "properties": { "ID": 30521010083, "正式名称": "薬局　きい", "機関区分": 5, "都道府県コード": 30, "市区町村コード": 208, "所在地": "和歌山県紀の川市打田１９－１１", "緯度": 34.258597, "経度": 135.373382, "url": "https://www.iryou.teikyouseido.mhlw.go.jp/znk-web/juminkanja/S2430/initialize?prefCd=30&kikanCd=21010083&kikanKbn=5", "url2": "https://www.kusurinomadoguchi.com/wakayama/s820278", "内容": "薬局　きい【5:薬局】和歌山県紀の川市打田１９－１１" }, "geometry": { "type": "Point", "coordinates": [ 135.373382, 34.258597 ] } },
{ "type": "Feature", "properties": { "ID": 30521010084, "正式名称": "テラウチ薬局　岩出中央店", "機関区分": 5, "都道府県コード": 30, "市区町村コード": 209, "所在地": "和歌山県岩出市中迫５５７－１", "緯度": 34.265498, "経度": 135.316127, "url": "https://www.iryou.teikyouseido.mhlw.go.jp/znk-web/juminkanja/S2430/initialize?prefCd=30&kikanCd=21010084&kikanKbn=5", "url2": "https://www.terauchi-pharmacy.co.jp/", "内容": "テラウチ薬局　岩出中央店【5:薬局】和歌山県岩出市中迫５５７－１" }, "geometry": { "type": "Point", "coordinates": [ 135.316127, 34.265498 ] } },
{ "type": "Feature", "properties": { "ID": 30521010086, "正式名称": "ローズマリー薬局", "機関区分": 5, "都道府県コード": 30, "市区町村コード": 209, "所在地": "和歌山県岩出市西安上字林前６２－３", "緯度": 34.279509, "経度": 135.29291, "url": "https://www.iryou.teikyouseido.mhlw.go.jp/znk-web/juminkanja/S2430/initialize?prefCd=30&kikanCd=21010086&kikanKbn=5", "url2": "https://sanmi-g.co.jp/", "内容": "ローズマリー薬局【5:薬局】和歌山県岩出市西安上字林前６２－３" }, "geometry": { "type": "Point", "coordinates": [ 135.29291, 34.279509 ] } },
{ "type": "Feature", "properties": { "ID": 30521010087, "正式名称": "さくら薬局", "機関区分": 5, "都道府県コード": 30, "市区町村コード": 208, "所在地": "和歌山県紀の川市名手市場３０３－２", "緯度": 34.273061, "経度": 135.438588, "url": "https://www.iryou.teikyouseido.mhlw.go.jp/znk-web/juminkanja/S2430/initialize?prefCd=30&kikanCd=21010087&kikanKbn=5", "url2": "https://www.pharmarise.com/", "内容": "さくら薬局【5:薬局】和歌山県紀の川市名手市場３０３－２" }, "geometry": { "type": "Point", "coordinates": [ 135.438588, 34.273061 ] } },
{ "type": "Feature", "properties": { "ID": 30521010088, "正式名称": "ヤスイ薬局", "機関区分": 5, "都道府県コード": 30, "市区町村コード": 208, "所在地": "和歌山県紀の川市中井阪２０４－１", "緯度": 34.26022, "経度": 135.341162, "url": "https://www.iryou.teikyouseido.mhlw.go.jp/znk-web/juminkanja/S2430/initialize?prefCd=30&kikanCd=21010088&kikanKbn=5", "url2": null, "内容": "ヤスイ薬局【5:薬局】和歌山県紀の川市中井阪２０４－１" }, "geometry": { "type": "Point", "coordinates": [ 135.341162, 34.26022 ] } },
{ "type": "Feature", "properties": { "ID": 30521010089, "正式名称": "田端薬局", "機関区分": 5, "都道府県コード": 30, "市区町村コード": 208, "所在地": "和歌山県紀の川市打田１２４１", "緯度": 34.265516, "経度": 135.36409, "url": "https://www.iryou.teikyouseido.mhlw.go.jp/znk-web/juminkanja/S2430/initialize?prefCd=30&kikanCd=21010089&kikanKbn=5", "url2": null, "内容": "田端薬局【5:薬局】和歌山県紀の川市打田１２４１" }, "geometry": { "type": "Point", "coordinates": [ 135.36409, 34.265516 ] } },
{ "type": "Feature", "properties": { "ID": 30521010090, "正式名称": "テラウチ薬局　岩出国道店", "機関区分": 5, "都道府県コード": 30, "市区町村コード": 209, "所在地": "和歌山県岩出市中迫１３８－１", "緯度": 34.261178, "経度": 135.316125, "url": "https://www.iryou.teikyouseido.mhlw.go.jp/znk-web/juminkanja/S2430/initialize?prefCd=30&kikanCd=21010090&kikanKbn=5", "url2": "https://www.terauchi-pharmacy.co.jp/", "内容": "テラウチ薬局　岩出国道店【5:薬局】和歌山県岩出市中迫１３８－１" }, "geometry": { "type": "Point", "coordinates": [ 135.316125, 34.261178 ] } },
{ "type": "Feature", "properties": { "ID": 30521010091, "正式名称": "コスモファーマ薬局　丸栖店", "機関区分": 5, "都道府県コード": 30, "市区町村コード": 208, "所在地": "和歌山県紀の川市貴志川町丸栖６５２", "緯度": 34.235893, "経度": 135.325201, "url": "https://www.iryou.teikyouseido.mhlw.go.jp/znk-web/juminkanja/S2430/initialize?prefCd=30&kikanCd=21010091&kikanKbn=5", "url2": "https://www.cosmo-ph.co.jp/", "内容": "コスモファーマ薬局　丸栖店【5:薬局】和歌山県紀の川市貴志川町丸栖６５２" }, "geometry": { "type": "Point", "coordinates": [ 135.325201, 34.235893 ] } },
{ "type": "Feature", "properties": { "ID": 30521010092, "正式名称": "コスモファーマ薬局　井ノ口店", "機関区分": 5, "都道府県コード": 30, "市区町村コード": 208, "所在地": "和歌山県紀の川市貴志川町井ノ口１５７６番地１", "緯度": 34.200519, "経度": 135.319521, "url": "https://www.iryou.teikyouseido.mhlw.go.jp/znk-web/juminkanja/S2430/initialize?prefCd=30&kikanCd=21010092&kikanKbn=5", "url2": "https://www.cosmo-ph.co.jp/shop/h024/", "内容": "コスモファーマ薬局　井ノ口店【5:薬局】和歌山県紀の川市貴志川町井ノ口１５７６番地１" }, "geometry": { "type": "Point", "coordinates": [ 135.319521, 34.200519 ] } },
{ "type": "Feature", "properties": { "ID": 30521010093, "正式名称": "データボックス薬局", "機関区分": 5, "都道府県コード": 30, "市区町村コード": 208, "所在地": "和歌山県紀の川市打田１２９６－５", "緯度": 34.263153, "経度": 135.364924, "url": "https://www.iryou.teikyouseido.mhlw.go.jp/znk-web/juminkanja/S2430/initialize?prefCd=30&kikanCd=21010093&kikanKbn=5", "url2": null, "内容": "データボックス薬局【5:薬局】和歌山県紀の川市打田１２９６－５" }, "geometry": { "type": "Point", "coordinates": [ 135.364924, 34.263153 ] } },
{ "type": "Feature", "properties": { "ID": 30521010095, "正式名称": "そうごう薬局　紀の川粉河店", "機関区分": 5, "都道府県コード": 30, "市区町村コード": 208, "所在地": "和歌山県紀の川市粉河４５１－１１", "緯度": 34.269062, "経度": 135.409233, "url": "https://www.iryou.teikyouseido.mhlw.go.jp/znk-web/juminkanja/S2430/initialize?prefCd=30&kikanCd=21010095&kikanKbn=5", "url2": "https://www.sogo-medical.co.jp/", "内容": "そうごう薬局　紀の川粉河店【5:薬局】和歌山県紀の川市粉河４５１－１１" }, "geometry": { "type": "Point", "coordinates": [ 135.409233, 34.269062 ] } },
{ "type": "Feature", "properties": { "ID": 30521010096, "正式名称": "エバグリーン薬局　岩出高塚店", "機関区分": 5, "都道府県コード": 30, "市区町村コード": 209, "所在地": "和歌山県岩出市高塚１８８－１", "緯度": 34.261404, "経度": 135.324304, "url": "https://www.iryou.teikyouseido.mhlw.go.jp/znk-web/juminkanja/S2430/initialize?prefCd=30&kikanCd=21010096&kikanKbn=5", "url2": null, "内容": "エバグリーン薬局　岩出高塚店【5:薬局】和歌山県岩出市高塚１８８－１" }, "geometry": { "type": "Point", "coordinates": [ 135.324304, 34.261404 ] } },
{ "type": "Feature", "properties": { "ID": 30521010098, "正式名称": "なぎさ薬局", "機関区分": 5, "都道府県コード": 30, "市区町村コード": 209, "所在地": "和歌山県岩出市中黒２４３－３", "緯度": 34.270294, "経度": 135.294617, "url": "https://www.iryou.teikyouseido.mhlw.go.jp/znk-web/juminkanja/S2430/initialize?prefCd=30&kikanCd=21010098&kikanKbn=5", "url2": "https://nagisa-pharmacy.com/", "内容": "なぎさ薬局【5:薬局】和歌山県岩出市中黒２４３－３" }, "geometry": { "type": "Point", "coordinates": [ 135.294617, 34.270294 ] } },
{ "type": "Feature", "properties": { "ID": 30521010099, "正式名称": "バイオレット調剤薬局", "機関区分": 5, "都道府県コード": 30, "市区町村コード": 208, "所在地": "和歌山県紀の川市花野４９６－２４", "緯度": 34.261951, "経度": 135.356467, "url": "https://www.iryou.teikyouseido.mhlw.go.jp/znk-web/juminkanja/S2430/initialize?prefCd=30&kikanCd=21010099&kikanKbn=5", "url2": "https://www.tkc-pharmacy.com/", "内容": "バイオレット調剤薬局【5:薬局】和歌山県紀の川市花野４９６－２４" }, "geometry": { "type": "Point", "coordinates": [ 135.356467, 34.261951 ] } },
{ "type": "Feature", "properties": { "ID": 30521010100, "正式名称": "山路薬局　岩出店", "機関区分": 5, "都道府県コード": 30, "市区町村コード": 209, "所在地": "和歌山県岩出市森２９４", "緯度": 34.274524, "経度": 135.309581, "url": "https://www.iryou.teikyouseido.mhlw.go.jp/znk-web/juminkanja/S2430/initialize?prefCd=30&kikanCd=21010100&kikanKbn=5", "url2": "https://ggwh.jp/", "内容": "山路薬局　岩出店【5:薬局】和歌山県岩出市森２９４" }, "geometry": { "type": "Point", "coordinates": [ 135.309581, 34.274524 ] } },
{ "type": "Feature", "properties": { "ID": 30521010101, "正式名称": "サンドラッグフォレストモール岩出薬局", "機関区分": 5, "都道府県コード": 30, "市区町村コード": 209, "所在地": "和歌山県岩出市中迫１４７", "緯度": 34.259566, "経度": 135.315524, "url": "https://www.iryou.teikyouseido.mhlw.go.jp/znk-web/juminkanja/S2430/initialize?prefCd=30&kikanCd=21010101&kikanKbn=5", "url2": "https://sundrug-online.com/blogs/search-store/5916", "内容": "サンドラッグフォレストモール岩出薬局【5:薬局】和歌山県岩出市中迫１４７" }, "geometry": { "type": "Point", "coordinates": [ 135.315524, 34.259566 ] } },
{ "type": "Feature", "properties": { "ID": 30521010102, "正式名称": "きぼう薬局粉河店", "機関区分": 5, "都道府県コード": 30, "市区町村コード": 208, "所在地": "和歌山県紀の川市粉河３－２", "緯度": 34.275766, "経度": 135.405947, "url": "https://www.iryou.teikyouseido.mhlw.go.jp/znk-web/juminkanja/S2430/initialize?prefCd=30&kikanCd=21010102&kikanKbn=5", "url2": null, "内容": "きぼう薬局粉河店【5:薬局】和歌山県紀の川市粉河３－２" }, "geometry": { "type": "Point", "coordinates": [ 135.405947, 34.275766 ] } },
{ "type": "Feature", "properties": { "ID": 30521010103, "正式名称": "岩出メディカルタウン調剤薬局", "機関区分": 5, "都道府県コード": 30, "市区町村コード": 209, "所在地": "和歌山県岩出市吉田４１１－１", "緯度": 34.263539, "経度": 135.275635, "url": "https://www.iryou.teikyouseido.mhlw.go.jp/znk-web/juminkanja/S2430/initialize?prefCd=30&kikanCd=21010103&kikanKbn=5", "url2": null, "内容": "岩出メディカルタウン調剤薬局【5:薬局】和歌山県岩出市吉田４１１－１" }, "geometry": { "type": "Point", "coordinates": [ 135.275635, 34.263539 ] } },
{ "type": "Feature", "properties": { "ID": 30521010104, "正式名称": "はんなり堂薬局", "機関区分": 5, "都道府県コード": 30, "市区町村コード": 209, "所在地": "和歌山県岩出市高瀬１３７−１Ｎ＇Ｓ　Ａ号室", "緯度": 34.255608, "経度": 135.31268, "url": "https://www.iryou.teikyouseido.mhlw.go.jp/znk-web/juminkanja/S2430/initialize?prefCd=30&kikanCd=21010104&kikanKbn=5", "url2": "hannari-pharmacy.com", "内容": "はんなり堂薬局【5:薬局】和歌山県岩出市高瀬１３７−１Ｎ＇Ｓ　Ａ号室" }, "geometry": { "type": "Point", "coordinates": [ 135.31268, 34.255608 ] } },
{ "type": "Feature", "properties": { "ID": 30521010105, "正式名称": "オリーブ薬局", "機関区分": 5, "都道府県コード": 30, "市区町村コード": 208, "所在地": "和歌山県紀の川市打田１４１５－４", "緯度": 34.258899, "経度": 135.364968, "url": "https://www.iryou.teikyouseido.mhlw.go.jp/znk-web/juminkanja/S2430/initialize?prefCd=30&kikanCd=21010105&kikanKbn=5", "url2": null, "内容": "オリーブ薬局【5:薬局】和歌山県紀の川市打田１４１５－４" }, "geometry": { "type": "Point", "coordinates": [ 135.364968, 34.258899 ] } },
{ "type": "Feature", "properties": { "ID": 30521010109, "正式名称": "エコ薬局　岩出店", "機関区分": 5, "都道府県コード": 30, "市区町村コード": 209, "所在地": "和歌山県岩出市清水４０１－９", "緯度": 34.255003, "経度": 135.320217, "url": "https://www.iryou.teikyouseido.mhlw.go.jp/znk-web/juminkanja/S2430/initialize?prefCd=30&kikanCd=21010109&kikanKbn=5", "url2": null, "内容": "エコ薬局　岩出店【5:薬局】和歌山県岩出市清水４０１－９" }, "geometry": { "type": "Point", "coordinates": [ 135.320217, 34.255003 ] } },
{ "type": "Feature", "properties": { "ID": 30521010110, "正式名称": "やよい堂薬局岩出店", "機関区分": 5, "都道府県コード": 30, "市区町村コード": 209, "所在地": "和歌山県岩出市岡田", "緯度": 34.26321, "経度": 135.32773, "url": "https://www.iryou.teikyouseido.mhlw.go.jp/znk-web/juminkanja/S2430/initialize?prefCd=30&kikanCd=21010110&kikanKbn=5", "url2": null, "内容": "やよい堂薬局岩出店【5:薬局】和歌山県岩出市岡田" }, "geometry": { "type": "Point", "coordinates": [ 135.32773, 34.26321 ] } },
{ "type": "Feature", "properties": { "ID": 30521010111, "正式名称": "あおば薬局", "機関区分": 5, "都道府県コード": 30, "市区町村コード": 209, "所在地": "和歌山県岩出市金池３９０－１　グリーンヒル金池１０１", "緯度": 34.274136, "経度": 135.28761, "url": "https://www.iryou.teikyouseido.mhlw.go.jp/znk-web/juminkanja/S2430/initialize?prefCd=30&kikanCd=21010111&kikanKbn=5", "url2": null, "内容": "あおば薬局【5:薬局】和歌山県岩出市金池３９０－１　グリーンヒル金池１０１" }, "geometry": { "type": "Point", "coordinates": [ 135.28761, 34.274136 ] } },
{ "type": "Feature", "properties": { "ID": 305290458, "正式名称": "オレンジ薬局　加太店", "機関区分": 5, "都道府県コード": 30, "市区町村コード": 201, "所在地": "和歌山県和歌山市加太１０８６番６２", "緯度": 34.275062, "経度": 135.082229, "url": "https://www.iryou.teikyouseido.mhlw.go.jp/znk-web/juminkanja/S2430/initialize?prefCd=30&kikanCd=290458&kikanKbn=5", "url2": "https://genkiorange.com/", "内容": "オレンジ薬局　加太店【5:薬局】和歌山県和歌山市加太１０８６番６２" }, "geometry": { "type": "Point", "coordinates": [ 135.082229, 34.275062 ] } },
{ "type": "Feature", "properties": { "ID": 305290791, "正式名称": "宮前薬局", "機関区分": 5, "都道府県コード": 30, "市区町村コード": 201, "所在地": "和歌山県和歌山市北中島１－７１", "緯度": 34.212366, "経度": 135.187503, "url": "https://www.iryou.teikyouseido.mhlw.go.jp/znk-web/juminkanja/S2430/initialize?prefCd=30&kikanCd=290791&kikanKbn=5", "url2": null, "内容": "宮前薬局【5:薬局】和歌山県和歌山市北中島１－７１" }, "geometry": { "type": "Point", "coordinates": [ 135.187503, 34.212366 ] } },
{ "type": "Feature", "properties": { "ID": 305290839, "正式名称": "ファミー薬局", "機関区分": 5, "都道府県コード": 30, "市区町村コード": 201, "所在地": "和歌山県和歌山市和歌浦西１－７－１", "緯度": 34.195247, "経度": 135.169465, "url": "https://www.iryou.teikyouseido.mhlw.go.jp/znk-web/juminkanja/S2430/initialize?prefCd=30&kikanCd=290839&kikanKbn=5", "url2": null, "内容": "ファミー薬局【5:薬局】和歌山県和歌山市和歌浦西１－７－１" }, "geometry": { "type": "Point", "coordinates": [ 135.169465, 34.195247 ] } },
{ "type": "Feature", "properties": { "ID": 305290870, "正式名称": "株式会社くまの薬局松江店", "機関区分": 5, "都道府県コード": 30, "市区町村コード": 201, "所在地": "和歌山県和歌山市松江北６丁目２番２０号", "緯度": 34.250957, "経度": 135.128343, "url": "https://www.iryou.teikyouseido.mhlw.go.jp/znk-web/juminkanja/S2430/initialize?prefCd=30&kikanCd=290870&kikanKbn=5", "url2": null, "内容": "株式会社くまの薬局松江店【5:薬局】和歌山県和歌山市松江北６丁目２番２０号" }, "geometry": { "type": "Point", "coordinates": [ 135.128343, 34.250957 ] } },
{ "type": "Feature", "properties": { "ID": 305291041, "正式名称": "藤井薬局", "機関区分": 5, "都道府県コード": 30, "市区町村コード": 201, "所在地": "和歌山県和歌山市神前１３６－４", "緯度": 34.214283, "経度": 135.205863, "url": "https://www.iryou.teikyouseido.mhlw.go.jp/znk-web/juminkanja/S2430/initialize?prefCd=30&kikanCd=291041&kikanKbn=5", "url2": "https://www.e-classa.net/fujii-yakkyoku/link.html", "内容": "藤井薬局【5:薬局】和歌山県和歌山市神前１３６－４" }, "geometry": { "type": "Point", "coordinates": [ 135.205863, 34.214283 ] } },
{ "type": "Feature", "properties": { "ID": 305291066, "正式名称": "そうごう薬局友田店", "機関区分": 5, "都道府県コード": 30, "市区町村コード": 201, "所在地": "和歌山県和歌山市友田町５－３３　１階", "緯度": 34.233573, "経度": 135.189971, "url": "https://www.iryou.teikyouseido.mhlw.go.jp/znk-web/juminkanja/S2430/initialize?prefCd=30&kikanCd=291066&kikanKbn=5", "url2": "https://www.sogo-medical.co.jp/", "内容": "そうごう薬局友田店【5:薬局】和歌山県和歌山市友田町５－３３　１階" }, "geometry": { "type": "Point", "coordinates": [ 135.189971, 34.233573 ] } },
{ "type": "Feature", "properties": { "ID": 305291326, "正式名称": "アンリ薬局", "機関区分": 5, "都道府県コード": 30, "市区町村コード": 201, "所在地": "和歌山県和歌山市中島５７３－１", "緯度": 34.214364, "経度": 135.193873, "url": "https://www.iryou.teikyouseido.mhlw.go.jp/znk-web/juminkanja/S2430/initialize?prefCd=30&kikanCd=291326&kikanKbn=5", "url2": null, "内容": "アンリ薬局【5:薬局】和歌山県和歌山市中島５７３－１" }, "geometry": { "type": "Point", "coordinates": [ 135.193873, 34.214364 ] } },
{ "type": "Feature", "properties": { "ID": 305291330, "正式名称": "株式会社第一薬局", "機関区分": 5, "都道府県コード": 30, "市区町村コード": 201, "所在地": "和歌山県和歌山市吹屋町４－１４－２", "緯度": 34.2256, "経度": 135.189603, "url": "https://www.iryou.teikyouseido.mhlw.go.jp/znk-web/juminkanja/S2430/initialize?prefCd=30&kikanCd=291330&kikanKbn=5", "url2": "https://d1p.co.jp/", "内容": "株式会社第一薬局【5:薬局】和歌山県和歌山市吹屋町４－１４－２" }, "geometry": { "type": "Point", "coordinates": [ 135.189603, 34.2256 ] } },
{ "type": "Feature", "properties": { "ID": 305291556, "正式名称": "銀明堂薬局　六十谷支店", "機関区分": 5, "都道府県コード": 30, "市区町村コード": 201, "所在地": "和歌山県和歌山市六十谷２２２－９", "緯度": 34.261629, "経度": 135.203842, "url": "https://www.iryou.teikyouseido.mhlw.go.jp/znk-web/juminkanja/S2430/initialize?prefCd=30&kikanCd=291556&kikanKbn=5", "url2": "http://www.ginmeido.co.jp/", "内容": "銀明堂薬局　六十谷支店【5:薬局】和歌山県和歌山市六十谷２２２－９" }, "geometry": { "type": "Point", "coordinates": [ 135.203842, 34.261629 ] } },
{ "type": "Feature", "properties": { "ID": 305291581, "正式名称": "調剤薬局ツルハドラッグ紀三井寺店", "機関区分": 5, "都道府県コード": 30, "市区町村コード": 201, "所在地": "和歌山県和歌山市紀三井寺６５３番地", "緯度": 34.181998, "経度": 135.187064, "url": "https://www.iryou.teikyouseido.mhlw.go.jp/znk-web/juminkanja/S2430/initialize?prefCd=30&kikanCd=291581&kikanKbn=5", "url2": "http://www.tsuruha.co.jp/shop/chouzai/?id=1474", "内容": "調剤薬局ツルハドラッグ紀三井寺店【5:薬局】和歌山県和歌山市紀三井寺６５３番地" }, "geometry": { "type": "Point", "coordinates": [ 135.187064, 34.181998 ] } },
{ "type": "Feature", "properties": { "ID": 305291715, "正式名称": "有限会社松本薬局", "機関区分": 5, "都道府県コード": 30, "市区町村コード": 201, "所在地": "和歌山県和歌山市和歌川町１０－１８", "緯度": 34.192521, "経度": 135.178591, "url": "https://www.iryou.teikyouseido.mhlw.go.jp/znk-web/juminkanja/S2430/initialize?prefCd=30&kikanCd=291715&kikanKbn=5", "url2": null, "内容": "有限会社松本薬局【5:薬局】和歌山県和歌山市和歌川町１０－１８" }, "geometry": { "type": "Point", "coordinates": [ 135.178591, 34.192521 ] } },
{ "type": "Feature", "properties": { "ID": 305291874, "正式名称": "あおぞら薬局　岩橋店", "機関区分": 5, "都道府県コード": 30, "市区町村コード": 201, "所在地": "和歌山県和歌山市岩橋１５８３－１３", "緯度": 34.232061, "経度": 135.224185, "url": "https://www.iryou.teikyouseido.mhlw.go.jp/znk-web/juminkanja/S2430/initialize?prefCd=30&kikanCd=291874&kikanKbn=5", "url2": null, "内容": "あおぞら薬局　岩橋店【5:薬局】和歌山県和歌山市岩橋１５８３－１３" }, "geometry": { "type": "Point", "coordinates": [ 135.224185, 34.232061 ] } },
{ "type": "Feature", "properties": { "ID": 305291966, "正式名称": "あすなろ薬局　そのべ調剤", "機関区分": 5, "都道府県コード": 30, "市区町村コード": 201, "所在地": "和歌山県和歌山市園部９４３－１０", "緯度": 34.261498, "経度": 135.190381, "url": "https://www.iryou.teikyouseido.mhlw.go.jp/znk-web/juminkanja/S2430/initialize?prefCd=30&kikanCd=291966&kikanKbn=5", "url2": "http://www.ginmeido.co.jp/", "内容": "あすなろ薬局　そのべ調剤【5:薬局】和歌山県和歌山市園部９４３－１０" }, "geometry": { "type": "Point", "coordinates": [ 135.190381, 34.261498 ] } },
{ "type": "Feature", "properties": { "ID": 305291996, "正式名称": "マリーン薬局", "機関区分": 5, "都道府県コード": 30, "市区町村コード": 201, "所在地": "和歌山県和歌山市和田１１７９－１８", "緯度": 34.20707, "経度": 135.207018, "url": "https://www.iryou.teikyouseido.mhlw.go.jp/znk-web/juminkanja/S2430/initialize?prefCd=30&kikanCd=291996&kikanKbn=5", "url2": null, "内容": "マリーン薬局【5:薬局】和歌山県和歌山市和田１１７９－１８" }, "geometry": { "type": "Point", "coordinates": [ 135.207018, 34.20707 ] } },
{ "type": "Feature", "properties": { "ID": 305292168, "正式名称": "株式会社　第一薬局　宮", "機関区分": 5, "都道府県コード": 30, "市区町村コード": 201, "所在地": "和歌山県和歌山市鳴神１２２－１２", "緯度": 34.22609, "経度": 135.211108, "url": "https://www.iryou.teikyouseido.mhlw.go.jp/znk-web/juminkanja/S2430/initialize?prefCd=30&kikanCd=292168&kikanKbn=5", "url2": "https://d1p.co.jp/", "内容": "株式会社　第一薬局　宮【5:薬局】和歌山県和歌山市鳴神１２２－１２" }, "geometry": { "type": "Point", "coordinates": [ 135.211108, 34.22609 ] } },
{ "type": "Feature", "properties": { "ID": 305292169, "正式名称": "株式会社第一薬局鳴神", "機関区分": 5, "都道府県コード": 30, "市区町村コード": 201, "所在地": "和歌山県和歌山市鳴神４９１－３", "緯度": 34.226989, "経度": 135.214572, "url": "https://www.iryou.teikyouseido.mhlw.go.jp/znk-web/juminkanja/S2430/initialize?prefCd=30&kikanCd=292169&kikanKbn=5", "url2": "https://d1p.co.jp/", "内容": "株式会社第一薬局鳴神【5:薬局】和歌山県和歌山市鳴神４９１－３" }, "geometry": { "type": "Point", "coordinates": [ 135.214572, 34.226989 ] } },
{ "type": "Feature", "properties": { "ID": 305292259, "正式名称": "大陸薬局野崎支店", "機関区分": 5, "都道府県コード": 30, "市区町村コード": 201, "所在地": "和歌山県和歌山市北島８９－３", "緯度": 34.243013, "経度": 135.159218, "url": "https://www.iryou.teikyouseido.mhlw.go.jp/znk-web/juminkanja/S2430/initialize?prefCd=30&kikanCd=292259&kikanKbn=5", "url2": "https://tairiku-pharmacy.x0.com/", "内容": "大陸薬局野崎支店【5:薬局】和歌山県和歌山市北島８９－３" }, "geometry": { "type": "Point", "coordinates": [ 135.159218, 34.243013 ] } },
{ "type": "Feature", "properties": { "ID": 305292294, "正式名称": "城南薬局　築港店", "機関区分": 5, "都道府県コード": 30, "市区町村コード": 201, "所在地": "和歌山県和歌山市築港３－２２", "緯度": 34.222272, "経度": 135.15412, "url": "https://www.iryou.teikyouseido.mhlw.go.jp/znk-web/juminkanja/S2430/initialize?prefCd=30&kikanCd=292294&kikanKbn=5", "url2": null, "内容": "城南薬局　築港店【5:薬局】和歌山県和歌山市築港３－２２" }, "geometry": { "type": "Point", "coordinates": [ 135.15412, 34.222272 ] } },
{ "type": "Feature", "properties": { "ID": 305292412, "正式名称": "中央薬局", "機関区分": 5, "都道府県コード": 30, "市区町村コード": 201, "所在地": "和歌山県和歌山市祢宜９７１－４", "緯度": 34.234912, "経度": 135.248766, "url": "https://www.iryou.teikyouseido.mhlw.go.jp/znk-web/juminkanja/S2430/initialize?prefCd=30&kikanCd=292412&kikanKbn=5", "url2": "https://chuoyakkyoku.com/", "内容": "中央薬局【5:薬局】和歌山県和歌山市祢宜９７１－４" }, "geometry": { "type": "Point", "coordinates": [ 135.248766, 34.234912 ] } },
{ "type": "Feature", "properties": { "ID": 305292838, "正式名称": "有限会社大陸薬局楠見支店", "機関区分": 5, "都道府県コード": 30, "市区町村コード": 201, "所在地": "和歌山県和歌山市楠見中１５－１３", "緯度": 34.253357, "経度": 135.177573, "url": "https://www.iryou.teikyouseido.mhlw.go.jp/znk-web/juminkanja/S2430/initialize?prefCd=30&kikanCd=292838&kikanKbn=5", "url2": "http://tairiku-pharmacy.x0.com/", "内容": "有限会社大陸薬局楠見支店【5:薬局】和歌山県和歌山市楠見中１５－１３" }, "geometry": { "type": "Point", "coordinates": [ 135.177573, 34.253357 ] } },
{ "type": "Feature", "properties": { "ID": 305300446, "正式名称": "七曲薬局", "機関区分": 5, "都道府県コード": 30, "市区町村コード": 201, "所在地": "和歌山県和歌山市東長町２－２９", "緯度": 34.227686, "経度": 135.163341, "url": "https://www.iryou.teikyouseido.mhlw.go.jp/znk-web/juminkanja/S2430/initialize?prefCd=30&kikanCd=300446&kikanKbn=5", "url2": "http://www.nanamagariyakkyoku.com/", "内容": "七曲薬局【5:薬局】和歌山県和歌山市東長町２－２９" }, "geometry": { "type": "Point", "coordinates": [ 135.163341, 34.227686 ] } },
{ "type": "Feature", "properties": { "ID": 305300812, "正式名称": "有限会社松本薬局旭橋店", "機関区分": 5, "都道府県コード": 30, "市区町村コード": 201, "所在地": "和歌山県和歌山市和歌浦東３－６－２１", "緯度": 34.188946, "経度": 135.178092, "url": "https://www.iryou.teikyouseido.mhlw.go.jp/znk-web/juminkanja/S2430/initialize?prefCd=30&kikanCd=300812&kikanKbn=5", "url2": "https://www.m-d-s.jp/", "内容": "有限会社松本薬局旭橋店【5:薬局】和歌山県和歌山市和歌浦東３－６－２１" }, "geometry": { "type": "Point", "coordinates": [ 135.178092, 34.188946 ] } },
{ "type": "Feature", "properties": { "ID": 305301019, "正式名称": "カイセイ薬局", "機関区分": 5, "都道府県コード": 30, "市区町村コード": 201, "所在地": "和歌山県和歌山市紀三井寺８６３－２９", "緯度": 34.188099, "経度": 135.1835, "url": "https://www.iryou.teikyouseido.mhlw.go.jp/znk-web/juminkanja/S2430/initialize?prefCd=30&kikanCd=301019&kikanKbn=5", "url2": "https://ikuseikai.org/", "内容": "カイセイ薬局【5:薬局】和歌山県和歌山市紀三井寺８６３－２９" }, "geometry": { "type": "Point", "coordinates": [ 135.1835, 34.188099 ] } },
{ "type": "Feature", "properties": { "ID": 305301029, "正式名称": "有限会社岩本薬局　ふじと台店", "機関区分": 5, "都道府県コード": 30, "市区町村コード": 201, "所在地": "和歌山県和歌山市ふじと台６番地　ふじと台駅前ビル「エスタシオン」４階", "緯度": 34.276441, "経度": 135.147523, "url": "https://www.iryou.teikyouseido.mhlw.go.jp/znk-web/juminkanja/S2430/initialize?prefCd=30&kikanCd=301029&kikanKbn=5", "url2": null, "内容": "有限会社岩本薬局　ふじと台店【5:薬局】和歌山県和歌山市ふじと台６番地　ふじと台駅前ビル「エスタシオン」４階" }, "geometry": { "type": "Point", "coordinates": [ 135.147523, 34.276441 ] } },
{ "type": "Feature", "properties": { "ID": 305301138, "正式名称": "キウイ調剤薬局", "機関区分": 5, "都道府県コード": 30, "市区町村コード": 201, "所在地": "和歌山県和歌山市直川３７５－１", "緯度": 34.260617, "経度": 135.221103, "url": "https://www.iryou.teikyouseido.mhlw.go.jp/znk-web/juminkanja/S2430/initialize?prefCd=30&kikanCd=301138&kikanKbn=5", "url2": null, "内容": "キウイ調剤薬局【5:薬局】和歌山県和歌山市直川３７５－１" }, "geometry": { "type": "Point", "coordinates": [ 135.221103, 34.260617 ] } },
{ "type": "Feature", "properties": { "ID": 305301139, "正式名称": "日本調剤九番丁薬局", "機関区分": 5, "都道府県コード": 30, "市区町村コード": 201, "所在地": "和歌山県和歌山市九番丁２６番地", "緯度": 34.231451, "経度": 135.173453, "url": "https://www.iryou.teikyouseido.mhlw.go.jp/znk-web/juminkanja/S2430/initialize?prefCd=30&kikanCd=301139&kikanKbn=5", "url2": "https://www.nicho.co.jp/tenpo/kyuubanchou/", "内容": "日本調剤九番丁薬局【5:薬局】和歌山県和歌山市九番丁２６番地" }, "geometry": { "type": "Point", "coordinates": [ 135.173453, 34.231451 ] } },
{ "type": "Feature", "properties": { "ID": 305301182, "正式名称": "有限会社松本薬局和歌浦店", "機関区分": 5, "都道府県コード": 30, "市区町村コード": 201, "所在地": "和歌山県和歌山市和歌浦東３丁目４－４４", "緯度": 34.190709, "経度": 135.177436, "url": "https://www.iryou.teikyouseido.mhlw.go.jp/znk-web/juminkanja/S2430/initialize?prefCd=30&kikanCd=301182&kikanKbn=5", "url2": "https://www.m-d-s.jp/", "内容": "有限会社松本薬局和歌浦店【5:薬局】和歌山県和歌山市和歌浦東３丁目４－４４" }, "geometry": { "type": "Point", "coordinates": [ 135.177436, 34.190709 ] } },
{ "type": "Feature", "properties": { "ID": 305301282, "正式名称": "サンテ薬局", "機関区分": 5, "都道府県コード": 30, "市区町村コード": 201, "所在地": "和歌山県和歌山市秋葉町１－１７", "緯度": 34.202059, "経度": 135.169331, "url": "https://www.iryou.teikyouseido.mhlw.go.jp/znk-web/juminkanja/S2430/initialize?prefCd=30&kikanCd=301282&kikanKbn=5", "url2": null, "内容": "サンテ薬局【5:薬局】和歌山県和歌山市秋葉町１－１７" }, "geometry": { "type": "Point", "coordinates": [ 135.169331, 34.202059 ] } },
{ "type": "Feature", "properties": { "ID": 305301290, "正式名称": "テラウチ調剤薬局　北野店", "機関区分": 5, "都道府県コード": 30, "市区町村コード": 201, "所在地": "和歌山県和歌山市北野４５４", "緯度": 34.268071, "経度": 135.24671, "url": "https://www.iryou.teikyouseido.mhlw.go.jp/znk-web/juminkanja/S2430/initialize?prefCd=30&kikanCd=301290&kikanKbn=5", "url2": "https://www.terauchi-pharmacy.co.jp/", "内容": "テラウチ調剤薬局　北野店【5:薬局】和歌山県和歌山市北野４５４" }, "geometry": { "type": "Point", "coordinates": [ 135.24671, 34.268071 ] } },
{ "type": "Feature", "properties": { "ID": 305301315, "正式名称": "ステーション薬局", "機関区分": 5, "都道府県コード": 30, "市区町村コード": 201, "所在地": "和歌山県和歌山市美園町５丁目６１", "緯度": 34.232176, "経度": 135.191102, "url": "https://www.iryou.teikyouseido.mhlw.go.jp/znk-web/juminkanja/S2430/initialize?prefCd=30&kikanCd=301315&kikanKbn=5", "url2": "https://genkiorange.com/", "内容": "ステーション薬局【5:薬局】和歌山県和歌山市美園町５丁目６１" }, "geometry": { "type": "Point", "coordinates": [ 135.191102, 34.232176 ] } },
{ "type": "Feature", "properties": { "ID": 305301321, "正式名称": "三協薬局", "機関区分": 5, "都道府県コード": 30, "市区町村コード": 201, "所在地": "和歌山県和歌山市材木丁７１", "緯度": 34.2283, "経度": 135.161713, "url": "https://www.iryou.teikyouseido.mhlw.go.jp/znk-web/juminkanja/S2430/initialize?prefCd=30&kikanCd=301321&kikanKbn=5", "url2": null, "内容": "三協薬局【5:薬局】和歌山県和歌山市材木丁７１" }, "geometry": { "type": "Point", "coordinates": [ 135.161713, 34.2283 ] } },
{ "type": "Feature", "properties": { "ID": 305301347, "正式名称": "調剤薬局ホンダ直川店", "機関区分": 5, "都道府県コード": 30, "市区町村コード": 201, "所在地": "和歌山県和歌山市直川５６９－３", "緯度": 34.261831, "経度": 135.218408, "url": "https://www.iryou.teikyouseido.mhlw.go.jp/znk-web/juminkanja/S2430/initialize?prefCd=30&kikanCd=301347&kikanKbn=5", "url2": "https://www.big-advance.site/c/206/1596", "内容": "調剤薬局ホンダ直川店【5:薬局】和歌山県和歌山市直川５６９－３" }, "geometry": { "type": "Point", "coordinates": [ 135.218408, 34.261831 ] } },
{ "type": "Feature", "properties": { "ID": 305301867, "正式名称": "紀三井寺薬局", "機関区分": 5, "都道府県コード": 30, "市区町村コード": 201, "所在地": "和歌山県和歌山市紀三井寺６７３", "緯度": 34.184366, "経度": 135.187206, "url": "https://www.iryou.teikyouseido.mhlw.go.jp/znk-web/juminkanja/S2430/initialize?prefCd=30&kikanCd=301867&kikanKbn=5", "url2": "http://www.kigusuri.com/shop/kimiidera/", "内容": "紀三井寺薬局【5:薬局】和歌山県和歌山市紀三井寺６７３" }, "geometry": { "type": "Point", "coordinates": [ 135.187206, 34.184366 ] } },
{ "type": "Feature", "properties": { "ID": 305301875, "正式名称": "イサオ薬局", "機関区分": 5, "都道府県コード": 30, "市区町村コード": 201, "所在地": "和歌山県和歌山市六十谷３６９－２", "緯度": 34.262606, "経度": 135.205936, "url": "https://www.iryou.teikyouseido.mhlw.go.jp/znk-web/juminkanja/S2430/initialize?prefCd=30&kikanCd=301875&kikanKbn=5", "url2": "http://isao-pharmacy.com/", "内容": "イサオ薬局【5:薬局】和歌山県和歌山市六十谷３６９－２" }, "geometry": { "type": "Point", "coordinates": [ 135.205936, 34.262606 ] } },
{ "type": "Feature", "properties": { "ID": 305301939, "正式名称": "銀明堂薬局くすみ調剤", "機関区分": 5, "都道府県コード": 30, "市区町村コード": 201, "所在地": "和歌山県和歌山市船所２９－６", "緯度": 34.253906, "経度": 135.180967, "url": "https://www.iryou.teikyouseido.mhlw.go.jp/znk-web/juminkanja/S2430/initialize?prefCd=30&kikanCd=301939&kikanKbn=5", "url2": "http://www.ginmeido.co.jp/", "内容": "銀明堂薬局くすみ調剤【5:薬局】和歌山県和歌山市船所２９－６" }, "geometry": { "type": "Point", "coordinates": [ 135.180967, 34.253906 ] } },
{ "type": "Feature", "properties": { "ID": 305302054, "正式名称": "タイガー薬局十番丁店", "機関区分": 5, "都道府県コード": 30, "市区町村コード": 201, "所在地": "和歌山県和歌山市十番丁１２　十番丁ビル１階", "緯度": 34.230876, "経度": 135.173995, "url": "https://www.iryou.teikyouseido.mhlw.go.jp/znk-web/juminkanja/S2430/initialize?prefCd=30&kikanCd=302054&kikanKbn=5", "url2": "http://www.tiger-pharmacy.co.jp/", "内容": "タイガー薬局十番丁店【5:薬局】和歌山県和歌山市十番丁１２　十番丁ビル１階" }, "geometry": { "type": "Point", "coordinates": [ 135.173995, 34.230876 ] } },
{ "type": "Feature", "properties": { "ID": 305302128, "正式名称": "調剤薬局ネットワーク榎原店", "機関区分": 5, "都道府県コード": 30, "市区町村コード": 201, "所在地": "和歌山県和歌山市榎原２０４－２０", "緯度": 34.254345, "経度": 135.125242, "url": "https://www.iryou.teikyouseido.mhlw.go.jp/znk-web/juminkanja/S2430/initialize?prefCd=30&kikanCd=302128&kikanKbn=5", "url2": null, "内容": "調剤薬局ネットワーク榎原店【5:薬局】和歌山県和歌山市榎原２０４－２０" }, "geometry": { "type": "Point", "coordinates": [ 135.125242, 34.254345 ] } },
{ "type": "Feature", "properties": { "ID": 305302135, "正式名称": "そうごう薬局木枕店", "機関区分": 5, "都道府県コード": 30, "市区町村コード": 201, "所在地": "和歌山県和歌山市木枕４１－６", "緯度": 34.205878, "経度": 135.258381, "url": "https://www.iryou.teikyouseido.mhlw.go.jp/znk-web/juminkanja/S2430/initialize?prefCd=30&kikanCd=302135&kikanKbn=5", "url2": "https://www.sogo-medical.co.jp/", "内容": "そうごう薬局木枕店【5:薬局】和歌山県和歌山市木枕４１－６" }, "geometry": { "type": "Point", "coordinates": [ 135.258381, 34.205878 ] } },
{ "type": "Feature", "properties": { "ID": 305302277, "正式名称": "株式会社第一薬局　和佐", "機関区分": 5, "都道府県コード": 30, "市区町村コード": 201, "所在地": "和歌山県和歌山市岩橋８７１－１", "緯度": 34.237928, "経度": 135.229636, "url": "https://www.iryou.teikyouseido.mhlw.go.jp/znk-web/juminkanja/S2430/initialize?prefCd=30&kikanCd=302277&kikanKbn=5", "url2": "https://d1p.co.jp/", "内容": "株式会社第一薬局　和佐【5:薬局】和歌山県和歌山市岩橋８７１－１" }, "geometry": { "type": "Point", "coordinates": [ 135.229636, 34.237928 ] } },
{ "type": "Feature", "properties": { "ID": 305302304, "正式名称": "株式会社めいよう薬局", "機関区分": 5, "都道府県コード": 30, "市区町村コード": 201, "所在地": "和歌山県和歌山市小野町３－４７", "緯度": 34.231844, "経度": 135.162279, "url": "https://www.iryou.teikyouseido.mhlw.go.jp/znk-web/juminkanja/S2430/initialize?prefCd=30&kikanCd=302304&kikanKbn=5", "url2": null, "内容": "株式会社めいよう薬局【5:薬局】和歌山県和歌山市小野町３－４７" }, "geometry": { "type": "Point", "coordinates": [ 135.162279, 34.231844 ] } },
{ "type": "Feature", "properties": { "ID": 305302352, "正式名称": "ガーデン薬局", "機関区分": 5, "都道府県コード": 30, "市区町村コード": 201, "所在地": "和歌山県和歌山市北島４５３－１", "緯度": 34.237995, "経度": 135.15527, "url": "https://www.iryou.teikyouseido.mhlw.go.jp/znk-web/juminkanja/S2430/initialize?prefCd=30&kikanCd=302352&kikanKbn=5", "url2": null, "内容": "ガーデン薬局【5:薬局】和歌山県和歌山市北島４５３－１" }, "geometry": { "type": "Point", "coordinates": [ 135.15527, 34.237995 ] } },
{ "type": "Feature", "properties": { "ID": 305302421, "正式名称": "菖蒲ヶ丘薬局", "機関区分": 5, "都道府県コード": 30, "市区町村コード": 201, "所在地": "和歌山県和歌山市津秦５－１", "緯度": 34.223782, "経度": 135.207254, "url": "https://www.iryou.teikyouseido.mhlw.go.jp/znk-web/juminkanja/S2430/initialize?prefCd=30&kikanCd=302421&kikanKbn=5", "url2": "http://www.syo-bu.com/", "内容": "菖蒲ヶ丘薬局【5:薬局】和歌山県和歌山市津秦５－１" }, "geometry": { "type": "Point", "coordinates": [ 135.207254, 34.223782 ] } },
{ "type": "Feature", "properties": { "ID": 305302751, "正式名称": "サン調剤薬局　東長町店", "機関区分": 5, "都道府県コード": 30, "市区町村コード": 201, "所在地": "和歌山県和歌山市湊桶屋町８", "緯度": 34.220265, "経度": 135.167423, "url": "https://www.iryou.teikyouseido.mhlw.go.jp/znk-web/juminkanja/S2430/initialize?prefCd=30&kikanCd=302751&kikanKbn=5", "url2": null, "内容": "サン調剤薬局　東長町店【5:薬局】和歌山県和歌山市湊桶屋町８" }, "geometry": { "type": "Point", "coordinates": [ 135.167423, 34.220265 ] } },
{ "type": "Feature", "properties": { "ID": 305302868, "正式名称": "城南薬局　古屋店", "機関区分": 5, "都道府県コード": 30, "市区町村コード": 201, "所在地": "和歌山県和歌山市古屋１５３－３１", "緯度": 34.25394, "経度": 135.121777, "url": "https://www.iryou.teikyouseido.mhlw.go.jp/znk-web/juminkanja/S2430/initialize?prefCd=30&kikanCd=302868&kikanKbn=5", "url2": null, "内容": "城南薬局　古屋店【5:薬局】和歌山県和歌山市古屋１５３－３１" }, "geometry": { "type": "Point", "coordinates": [ 135.121777, 34.25394 ] } },
{ "type": "Feature", "properties": { "ID": 305302872, "正式名称": "のぞみ薬局", "機関区分": 5, "都道府県コード": 30, "市区町村コード": 201, "所在地": "和歌山県和歌山市吐前２８２－１", "緯度": 34.240503, "経度": 135.271752, "url": "https://www.iryou.teikyouseido.mhlw.go.jp/znk-web/juminkanja/S2430/initialize?prefCd=30&kikanCd=302872&kikanKbn=5", "url2": null, "内容": "のぞみ薬局【5:薬局】和歌山県和歌山市吐前２８２－１" }, "geometry": { "type": "Point", "coordinates": [ 135.271752, 34.240503 ] } },
{ "type": "Feature", "properties": { "ID": 305302913, "正式名称": "株式会社第一薬局川永", "機関区分": 5, "都道府県コード": 30, "市区町村コード": 201, "所在地": "和歌山県和歌山市島２３４－７", "緯度": 34.256524, "経度": 135.252372, "url": "https://www.iryou.teikyouseido.mhlw.go.jp/znk-web/juminkanja/S2430/initialize?prefCd=30&kikanCd=302913&kikanKbn=5", "url2": "https://d1p.co.jp/", "内容": "株式会社第一薬局川永【5:薬局】和歌山県和歌山市島２３４－７" }, "geometry": { "type": "Point", "coordinates": [ 135.252372, 34.256524 ] } },
{ "type": "Feature", "properties": { "ID": 305303036, "正式名称": "銀明堂薬局", "機関区分": 5, "都道府県コード": 30, "市区町村コード": 201, "所在地": "和歌山県和歌山市北野５１７", "緯度": 34.267396, "経度": 135.244076, "url": "https://www.iryou.teikyouseido.mhlw.go.jp/znk-web/juminkanja/S2430/initialize?prefCd=30&kikanCd=303036&kikanKbn=5", "url2": "http://www.ginmeido.co.jp/", "内容": "銀明堂薬局【5:薬局】和歌山県和歌山市北野５１７" }, "geometry": { "type": "Point", "coordinates": [ 135.244076, 34.267396 ] } },
{ "type": "Feature", "properties": { "ID": 3053041710454, "正式名称": "みふく薬局", "機関区分": 5, "都道府県コード": 30, "市区町村コード": 208, "所在地": "和歌山県紀の川市桃山町元３６１ー１　第一ビル１階", "緯度": 34.239604, "経度": 135.351442, "url": "https://www.iryou.teikyouseido.mhlw.go.jp/znk-web/juminkanja/S2430/initialize?prefCd=30&kikanCd=3041710454&kikanKbn=5", "url2": "https://genkiorange.com", "内容": "みふく薬局【5:薬局】和歌山県紀の川市桃山町元３６１ー１　第一ビル１階" }, "geometry": { "type": "Point", "coordinates": [ 135.351442, 34.239604 ] } },
{ "type": "Feature", "properties": { "ID": 3053041710462, "正式名称": "みふく薬局　粉河店", "機関区分": 5, "都道府県コード": 30, "市区町村コード": 208, "所在地": "和歌山県紀の川市粉河４２０ー２", "緯度": 34.269126, "経度": 135.408003, "url": "https://www.iryou.teikyouseido.mhlw.go.jp/znk-web/juminkanja/S2430/initialize?prefCd=30&kikanCd=3041710462&kikanKbn=5", "url2": "http://genkiorange.com", "内容": "みふく薬局　粉河店【5:薬局】和歌山県紀の川市粉河４２０ー２" }, "geometry": { "type": "Point", "coordinates": [ 135.408003, 34.269126 ] } },
{ "type": "Feature", "properties": { "ID": 30531010005, "正式名称": "大竹薬局", "機関区分": 5, "都道府県コード": 30, "市区町村コード": 203, "所在地": "和歌山県橋本市高野口町名倉２００－２", "緯度": 34.303173, "経度": 135.554428, "url": "https://www.iryou.teikyouseido.mhlw.go.jp/znk-web/juminkanja/S2430/initialize?prefCd=30&kikanCd=31010005&kikanKbn=5", "url2": null, "内容": "大竹薬局【5:薬局】和歌山県橋本市高野口町名倉２００－２" }, "geometry": { "type": "Point", "coordinates": [ 135.554428, 34.303173 ] } },
{ "type": "Feature", "properties": { "ID": 30531010007, "正式名称": "ヨシダ薬局", "機関区分": 5, "都道府県コード": 30, "市区町村コード": 203, "所在地": "和歌山県橋本市胡麻生３５８－４", "緯度": 34.338331, "経度": 135.60967, "url": "https://www.iryou.teikyouseido.mhlw.go.jp/znk-web/juminkanja/S2430/initialize?prefCd=30&kikanCd=31010007&kikanKbn=5", "url2": null, "内容": "ヨシダ薬局【5:薬局】和歌山県橋本市胡麻生３５８－４" }, "geometry": { "type": "Point", "coordinates": [ 135.60967, 34.338331 ] } },
{ "type": "Feature", "properties": { "ID": 30531010009, "正式名称": "三平薬局かつらぎ", "機関区分": 5, "都道府県コード": 30, "市区町村コード": 341, "所在地": "和歌山県伊都郡かつらぎ町佐野１００８－４", "緯度": 34.291638, "経度": 135.488058, "url": "https://www.iryou.teikyouseido.mhlw.go.jp/znk-web/juminkanja/S2430/initialize?prefCd=30&kikanCd=31010009&kikanKbn=5", "url2": null, "内容": "三平薬局かつらぎ【5:薬局】和歌山県伊都郡かつらぎ町佐野１００８－４" }, "geometry": { "type": "Point", "coordinates": [ 135.488058, 34.291638 ] } },
{ "type": "Feature", "properties": { "ID": 30531010012, "正式名称": "橋本うめ薬局", "機関区分": 5, "都道府県コード": 30, "市区町村コード": 203, "所在地": "和歌山県橋本市小峰台２－１２－４０", "緯度": 34.353295, "経度": 135.634162, "url": "https://www.iryou.teikyouseido.mhlw.go.jp/znk-web/juminkanja/S2430/initialize?prefCd=30&kikanCd=31010012&kikanKbn=5", "url2": "http://www.umeyaku.co.jp/", "内容": "橋本うめ薬局【5:薬局】和歌山県橋本市小峰台２－１２－４０" }, "geometry": { "type": "Point", "coordinates": [ 135.634162, 34.353295 ] } },
{ "type": "Feature", "properties": { "ID": 30531010013, "正式名称": "紀北薬局おみね店", "機関区分": 5, "都道府県コード": 30, "市区町村コード": 203, "所在地": "和歌山県橋本市小峰台２－１２－３９", "緯度": 34.353401, "経度": 135.63446, "url": "https://www.iryou.teikyouseido.mhlw.go.jp/znk-web/juminkanja/S2430/initialize?prefCd=30&kikanCd=31010013&kikanKbn=5", "url2": "http://www.amsupport.co.jp/", "内容": "紀北薬局おみね店【5:薬局】和歌山県橋本市小峰台２－１２－３９" }, "geometry": { "type": "Point", "coordinates": [ 135.63446, 34.353401 ] } },
{ "type": "Feature", "properties": { "ID": 30531010014, "正式名称": "伊都薬局小峰台", "機関区分": 5, "都道府県コード": 30, "市区町村コード": 203, "所在地": "和歌山県橋本市小峰台２－１２－４３", "緯度": 34.35266, "経度": 135.633295, "url": "https://www.iryou.teikyouseido.mhlw.go.jp/znk-web/juminkanja/S2430/initialize?prefCd=30&kikanCd=31010014&kikanKbn=5", "url2": null, "内容": "伊都薬局小峰台【5:薬局】和歌山県橋本市小峰台２－１２－４３" }, "geometry": { "type": "Point", "coordinates": [ 135.633295, 34.35266 ] } },
{ "type": "Feature", "properties": { "ID": 30531010016, "正式名称": "玉清丹調剤薬局", "機関区分": 5, "都道府県コード": 30, "市区町村コード": 203, "所在地": "和歌山県橋本市小峰台二丁目１２番４１", "緯度": 34.353022, "経度": 135.633696, "url": "https://www.iryou.teikyouseido.mhlw.go.jp/znk-web/juminkanja/S2430/initialize?prefCd=30&kikanCd=31010016&kikanKbn=5", "url2": "https://www.gyokuseitan.co.jp/", "内容": "玉清丹調剤薬局【5:薬局】和歌山県橋本市小峰台二丁目１２番４１" }, "geometry": { "type": "Point", "coordinates": [ 135.633696, 34.353022 ] } },
{ "type": "Feature", "properties": { "ID": 30531010017, "正式名称": "調剤薬局ショウワしらさぎ台店", "機関区分": 5, "都道府県コード": 30, "市区町村コード": 203, "所在地": "和歌山県橋本市しらさぎ台１２番地の９", "緯度": 34.339075, "経度": 135.612299, "url": "https://www.iryou.teikyouseido.mhlw.go.jp/znk-web/juminkanja/S2430/initialize?prefCd=30&kikanCd=31010017&kikanKbn=5", "url2": null, "内容": "調剤薬局ショウワしらさぎ台店【5:薬局】和歌山県橋本市しらさぎ台１２番地の９" }, "geometry": { "type": "Point", "coordinates": [ 135.612299, 34.339075 ] } },
{ "type": "Feature", "properties": { "ID": 30531010024, "正式名称": "薬局ボン・サンテ", "機関区分": 5, "都道府県コード": 30, "市区町村コード": 203, "所在地": "和歌山県橋本市三石台１丁目３番１", "緯度": 34.356029, "経度": 135.602466, "url": "https://www.iryou.teikyouseido.mhlw.go.jp/znk-web/juminkanja/S2430/initialize?prefCd=30&kikanCd=31010024&kikanKbn=5", "url2": "https://www.gyokuseitan.co.jp/", "内容": "薬局ボン・サンテ【5:薬局】和歌山県橋本市三石台１丁目３番１" }, "geometry": { "type": "Point", "coordinates": [ 135.602466, 34.356029 ] } },
{ "type": "Feature", "properties": { "ID": 30531010026, "正式名称": "コジマ調剤薬局", "機関区分": 5, "都道府県コード": 30, "市区町村コード": 203, "所在地": "和歌山県橋本市市脇４－７－６", "緯度": 34.31083, "経度": 135.599414, "url": "https://www.iryou.teikyouseido.mhlw.go.jp/znk-web/juminkanja/S2430/initialize?prefCd=30&kikanCd=31010026&kikanKbn=5", "url2": "https://ph-kojima.com", "内容": "コジマ調剤薬局【5:薬局】和歌山県橋本市市脇４－７－６" }, "geometry": { "type": "Point", "coordinates": [ 135.599414, 34.31083 ] } },
{ "type": "Feature", "properties": { "ID": 30531010027, "正式名称": "調剤薬局ショウワ東家店", "機関区分": 5, "都道府県コード": 30, "市区町村コード": 203, "所在地": "和歌山県橋本市市脇１丁目１－２７　岡田屋ビル１Ｆ１０１", "緯度": 34.314319, "経度": 135.603519, "url": "https://www.iryou.teikyouseido.mhlw.go.jp/znk-web/juminkanja/S2430/initialize?prefCd=30&kikanCd=31010027&kikanKbn=5", "url2": null, "内容": "調剤薬局ショウワ東家店【5:薬局】和歌山県橋本市市脇１丁目１－２７　岡田屋ビル１Ｆ１０１" }, "geometry": { "type": "Point", "coordinates": [ 135.603519, 34.314319 ] } },
{ "type": "Feature", "properties": { "ID": 30531010035, "正式名称": "株式会社中谷薬局", "機関区分": 5, "都道府県コード": 30, "市区町村コード": 341, "所在地": "和歌山県伊都郡かつらぎ町大字西飯降３－１２", "緯度": 34.302783, "経度": 135.529772, "url": "https://www.iryou.teikyouseido.mhlw.go.jp/znk-web/juminkanja/S2430/initialize?prefCd=30&kikanCd=31010035&kikanKbn=5", "url2": null, "内容": "株式会社中谷薬局【5:薬局】和歌山県伊都郡かつらぎ町大字西飯降３－１２" }, "geometry": { "type": "Point", "coordinates": [ 135.529772, 34.302783 ] } },
{ "type": "Feature", "properties": { "ID": 30531010038, "正式名称": "合資会社玉清丹薬局", "機関区分": 5, "都道府県コード": 30, "市区町村コード": 203, "所在地": "和歌山県橋本市橋本二丁目２番１７号", "緯度": 34.315959, "経度": 135.613496, "url": "https://www.iryou.teikyouseido.mhlw.go.jp/znk-web/juminkanja/S2430/initialize?prefCd=30&kikanCd=31010038&kikanKbn=5", "url2": "https://www.gyokuseitan.co.jp/", "内容": "合資会社玉清丹薬局【5:薬局】和歌山県橋本市橋本二丁目２番１７号" }, "geometry": { "type": "Point", "coordinates": [ 135.613496, 34.315959 ] } },
{ "type": "Feature", "properties": { "ID": 30531010042, "正式名称": "三平薬局", "機関区分": 5, "都道府県コード": 30, "市区町村コード": 343, "所在地": "和歌山県伊都郡九度山町九度山１６１６", "緯度": 34.292279, "経度": 135.559863, "url": "https://www.iryou.teikyouseido.mhlw.go.jp/znk-web/juminkanja/S2430/initialize?prefCd=30&kikanCd=31010042&kikanKbn=5", "url2": null, "内容": "三平薬局【5:薬局】和歌山県伊都郡九度山町九度山１６１６" }, "geometry": { "type": "Point", "coordinates": [ 135.559863, 34.292279 ] } },
{ "type": "Feature", "properties": { "ID": 30531010044, "正式名称": "三宝堂薬局", "機関区分": 5, "都道府県コード": 30, "市区町村コード": 203, "所在地": "和歌山県橋本市高野口町名倉３９２－１１", "緯度": 34.304781, "経度": 135.555966, "url": "https://www.iryou.teikyouseido.mhlw.go.jp/znk-web/juminkanja/S2430/initialize?prefCd=30&kikanCd=31010044&kikanKbn=5", "url2": null, "内容": "三宝堂薬局【5:薬局】和歌山県橋本市高野口町名倉３９２－１１" }, "geometry": { "type": "Point", "coordinates": [ 135.555966, 34.304781 ] } },
{ "type": "Feature", "properties": { "ID": 30531010045, "正式名称": "コスモス薬局", "機関区分": 5, "都道府県コード": 30, "市区町村コード": 203, "所在地": "和歌山県橋本市東家４－１２－６", "緯度": 34.317282, "経度": 135.610723, "url": "https://www.iryou.teikyouseido.mhlw.go.jp/znk-web/juminkanja/S2430/initialize?prefCd=30&kikanCd=31010045&kikanKbn=5", "url2": "https://itp.ne.jp/info/510000000000049860/", "内容": "コスモス薬局【5:薬局】和歌山県橋本市東家４－１２－６" }, "geometry": { "type": "Point", "coordinates": [ 135.610723, 34.317282 ] } },
{ "type": "Feature", "properties": { "ID": 30531010048, "正式名称": "保険調剤ハーブ薬局", "機関区分": 5, "都道府県コード": 30, "市区町村コード": 203, "所在地": "和歌山県橋本市高野口町伏原１８８－１", "緯度": 34.306689, "経度": 135.57041, "url": "https://www.iryou.teikyouseido.mhlw.go.jp/znk-web/juminkanja/S2430/initialize?prefCd=30&kikanCd=31010048&kikanKbn=5", "url2": null, "内容": "保険調剤ハーブ薬局【5:薬局】和歌山県橋本市高野口町伏原１８８－１" }, "geometry": { "type": "Point", "coordinates": [ 135.57041, 34.306689 ] } },
{ "type": "Feature", "properties": { "ID": 30531010051, "正式名称": "メイプル薬局", "機関区分": 5, "都道府県コード": 30, "市区町村コード": 341, "所在地": "和歌山県伊都郡かつらぎ町笠田東２２５－６", "緯度": 34.285815, "経度": 135.480773, "url": "https://www.iryou.teikyouseido.mhlw.go.jp/znk-web/juminkanja/S2430/initialize?prefCd=30&kikanCd=31010051&kikanKbn=5", "url2": null, "内容": "メイプル薬局【5:薬局】和歌山県伊都郡かつらぎ町笠田東２２５－６" }, "geometry": { "type": "Point", "coordinates": [ 135.480773, 34.285815 ] } },
{ "type": "Feature", "properties": { "ID": 30531010052, "正式名称": "フロンティア薬局　かつらぎ店", "機関区分": 5, "都道府県コード": 30, "市区町村コード": 341, "所在地": "和歌山県伊都郡かつらぎ町妙寺１８４－５", "緯度": 34.302011, "経度": 135.529579, "url": "https://www.iryou.teikyouseido.mhlw.go.jp/znk-web/juminkanja/S2430/initialize?prefCd=30&kikanCd=31010052&kikanKbn=5", "url2": "https://www.frontier-ph.com/", "内容": "フロンティア薬局　かつらぎ店【5:薬局】和歌山県伊都郡かつらぎ町妙寺１８４－５" }, "geometry": { "type": "Point", "coordinates": [ 135.529579, 34.302011 ] } },
{ "type": "Feature", "properties": { "ID": 30531010053, "正式名称": "西山薬局", "機関区分": 5, "都道府県コード": 30, "市区町村コード": 203, "所在地": "和歌山県橋本市高野口町大野２３７－５", "緯度": 34.30477, "経度": 135.548729, "url": "https://www.iryou.teikyouseido.mhlw.go.jp/znk-web/juminkanja/S2430/initialize?prefCd=30&kikanCd=31010053&kikanKbn=5", "url2": null, "内容": "西山薬局【5:薬局】和歌山県橋本市高野口町大野２３７－５" }, "geometry": { "type": "Point", "coordinates": [ 135.548729, 34.30477 ] } },
{ "type": "Feature", "properties": { "ID": 30531010056, "正式名称": "紀北薬局このの店", "機関区分": 5, "都道府県コード": 30, "市区町村コード": 203, "所在地": "和歌山県橋本市神野々１１０７－６", "緯度": 34.305003, "経度": 135.581969, "url": "https://www.iryou.teikyouseido.mhlw.go.jp/znk-web/juminkanja/S2430/initialize?prefCd=30&kikanCd=31010056&kikanKbn=5", "url2": "http://www.amsupport.co.jp/", "内容": "紀北薬局このの店【5:薬局】和歌山県橋本市神野々１１０７－６" }, "geometry": { "type": "Point", "coordinates": [ 135.581969, 34.305003 ] } },
{ "type": "Feature", "properties": { "ID": 30531010059, "正式名称": "けやき薬局", "機関区分": 5, "都道府県コード": 30, "市区町村コード": 203, "所在地": "和歌山県橋本市城山台２－４５－６９", "緯度": 34.348181, "経度": 135.607214, "url": "https://www.iryou.teikyouseido.mhlw.go.jp/znk-web/juminkanja/S2430/initialize?prefCd=30&kikanCd=31010059&kikanKbn=5", "url2": "https://akitsushima-gr.com/", "内容": "けやき薬局【5:薬局】和歌山県橋本市城山台２－４５－６９" }, "geometry": { "type": "Point", "coordinates": [ 135.607214, 34.348181 ] } },
{ "type": "Feature", "properties": { "ID": 30531010060, "正式名称": "こうや総合調剤薬局", "機関区分": 5, "都道府県コード": 30, "市区町村コード": 344, "所在地": "和歌山県伊都郡高野町高野山６３６", "緯度": 34.216293, "経度": 135.586379, "url": "https://www.iryou.teikyouseido.mhlw.go.jp/znk-web/juminkanja/S2430/initialize?prefCd=30&kikanCd=31010060&kikanKbn=5", "url2": "https://ph-koya.com", "内容": "こうや総合調剤薬局【5:薬局】和歌山県伊都郡高野町高野山６３６" }, "geometry": { "type": "Point", "coordinates": [ 135.586379, 34.216293 ] } },
{ "type": "Feature", "properties": { "ID": 30531010065, "正式名称": "ウェーブ薬局紀伊山田店", "機関区分": 5, "都道府県コード": 30, "市区町村コード": 203, "所在地": "和歌山県橋本市神野々字大道南３８２－１７", "緯度": 34.312485, "経度": 135.583753, "url": "https://www.iryou.teikyouseido.mhlw.go.jp/znk-web/juminkanja/S2430/initialize?prefCd=30&kikanCd=31010065&kikanKbn=5", "url2": "http://wave-pharmacy.com/", "内容": "ウェーブ薬局紀伊山田店【5:薬局】和歌山県橋本市神野々字大道南３８２－１７" }, "geometry": { "type": "Point", "coordinates": [ 135.583753, 34.312485 ] } },
{ "type": "Feature", "properties": { "ID": 30531010067, "正式名称": "アオイ薬局", "機関区分": 5, "都道府県コード": 30, "市区町村コード": 203, "所在地": "和歌山県橋本市高野口町伏原１０４３－１", "緯度": 34.30925, "経度": 135.573602, "url": "https://www.iryou.teikyouseido.mhlw.go.jp/znk-web/juminkanja/S2430/initialize?prefCd=30&kikanCd=31010067&kikanKbn=5", "url2": "https://www.big-advance.site/s/145/2211/company", "内容": "アオイ薬局【5:薬局】和歌山県橋本市高野口町伏原１０４３－１" }, "geometry": { "type": "Point", "coordinates": [ 135.573602, 34.30925 ] } },
{ "type": "Feature", "properties": { "ID": 30531010068, "正式名称": "キリン堂薬局　御幸辻店", "機関区分": 5, "都道府県コード": 30, "市区町村コード": 203, "所在地": "和歌山県橋本市御幸辻１３７－１", "緯度": 34.336394, "経度": 135.60536, "url": "https://www.iryou.teikyouseido.mhlw.go.jp/znk-web/juminkanja/S2430/initialize?prefCd=30&kikanCd=31010068&kikanKbn=5", "url2": "https://www.kirindo-shop.com/managa/shop/DG0696.html", "内容": "キリン堂薬局　御幸辻店【5:薬局】和歌山県橋本市御幸辻１３７－１" }, "geometry": { "type": "Point", "coordinates": [ 135.60536, 34.336394 ] } },
{ "type": "Feature", "properties": { "ID": 30531010071, "正式名称": "ヒラノ薬局", "機関区分": 5, "都道府県コード": 30, "市区町村コード": 344, "所在地": "和歌山県伊都郡高野町高野山７３０", "緯度": 34.21286, "経度": 135.588984, "url": "https://www.iryou.teikyouseido.mhlw.go.jp/znk-web/juminkanja/S2430/initialize?prefCd=30&kikanCd=31010071&kikanKbn=5", "url2": null, "内容": "ヒラノ薬局【5:薬局】和歌山県伊都郡高野町高野山７３０" }, "geometry": { "type": "Point", "coordinates": [ 135.588984, 34.21286 ] } },
{ "type": "Feature", "properties": { "ID": 30531010072, "正式名称": "ごんべえドリ薬局　紀見店", "機関区分": 5, "都道府県コード": 30, "市区町村コード": 203, "所在地": "和歌山県橋本市紀見字椿原５９１－１", "緯度": 34.34023, "経度": 135.617498, "url": "https://www.iryou.teikyouseido.mhlw.go.jp/znk-web/juminkanja/S2430/initialize?prefCd=30&kikanCd=31010072&kikanKbn=5", "url2": "http://www.gonbeedori.co.jp/", "内容": "ごんべえドリ薬局　紀見店【5:薬局】和歌山県橋本市紀見字椿原５９１－１" }, "geometry": { "type": "Point", "coordinates": [ 135.617498, 34.34023 ] } },
{ "type": "Feature", "properties": { "ID": 30531010075, "正式名称": "森下薬局", "機関区分": 5, "都道府県コード": 30, "市区町村コード": 203, "所在地": "和歌山県橋本市東家４丁目１８－１５", "緯度": 34.315216, "経度": 135.610256, "url": "https://www.iryou.teikyouseido.mhlw.go.jp/znk-web/juminkanja/S2430/initialize?prefCd=30&kikanCd=31010075&kikanKbn=5", "url2": null, "内容": "森下薬局【5:薬局】和歌山県橋本市東家４丁目１８－１５" }, "geometry": { "type": "Point", "coordinates": [ 135.610256, 34.315216 ] } },
{ "type": "Feature", "properties": { "ID": 30531010076, "正式名称": "有限会社いしい薬局", "機関区分": 5, "都道府県コード": 30, "市区町村コード": 203, "所在地": "和歌山県橋本市高野口町名倉２７２－１", "緯度": 34.303089, "経度": 135.552632, "url": "https://www.iryou.teikyouseido.mhlw.go.jp/znk-web/juminkanja/S2430/initialize?prefCd=30&kikanCd=31010076&kikanKbn=5", "url2": null, "内容": "有限会社いしい薬局【5:薬局】和歌山県橋本市高野口町名倉２７２－１" }, "geometry": { "type": "Point", "coordinates": [ 135.552632, 34.303089 ] } },
{ "type": "Feature", "properties": { "ID": 30531010077, "正式名称": "さくら薬局伊都笠田東店", "機関区分": 5, "都道府県コード": 30, "市区町村コード": 341, "所在地": "和歌山県伊都郡かつらぎ町笠田東１７４－４", "緯度": 34.287552, "経度": 135.479274, "url": "https://www.iryou.teikyouseido.mhlw.go.jp/znk-web/juminkanja/S2430/initialize?prefCd=30&kikanCd=31010077&kikanKbn=5", "url2": "https://www.kraft-net.co.jp/sakura/store/4131/", "内容": "さくら薬局伊都笠田東店【5:薬局】和歌山県伊都郡かつらぎ町笠田東１７４－４" }, "geometry": { "type": "Point", "coordinates": [ 135.479274, 34.287552 ] } },
{ "type": "Feature", "properties": { "ID": 30531010078, "正式名称": "さくら薬局　伊都九度山店", "機関区分": 5, "都道府県コード": 30, "市区町村コード": 343, "所在地": "和歌山県伊都郡九度山町九度山７８８－４　メゾンプラクミン１Ｆ", "緯度": 34.283097, "経度": 135.566732, "url": "https://www.iryou.teikyouseido.mhlw.go.jp/znk-web/juminkanja/S2430/initialize?prefCd=30&kikanCd=31010078&kikanKbn=5", "url2": "https://www.kraft-net.co.jp/sakura/store/4133/", "内容": "さくら薬局　伊都九度山店【5:薬局】和歌山県伊都郡九度山町九度山７８８－４　メゾンプラクミン１Ｆ" }, "geometry": { "type": "Point", "coordinates": [ 135.566732, 34.283097 ] } },
{ "type": "Feature", "properties": { "ID": 30531010079, "正式名称": "さくら薬局橋本高野口店", "機関区分": 5, "都道府県コード": 30, "市区町村コード": 203, "所在地": "和歌山県橋本市高野口町名古曽９１６番地の４", "緯度": 34.301626, "経度": 135.560879, "url": "https://www.iryou.teikyouseido.mhlw.go.jp/znk-web/juminkanja/S2430/initialize?prefCd=30&kikanCd=31010079&kikanKbn=5", "url2": "https://www.kraft-net.co.jp/sakura/store/4132/", "内容": "さくら薬局橋本高野口店【5:薬局】和歌山県橋本市高野口町名古曽９１６番地の４" }, "geometry": { "type": "Point", "coordinates": [ 135.560879, 34.301626 ] } },
{ "type": "Feature", "properties": { "ID": 30531010080, "正式名称": "順敬堂薬局", "機関区分": 5, "都道府県コード": 30, "市区町村コード": 344, "所在地": "和歌山県伊都郡高野町高野山７２３", "緯度": 34.213654, "経度": 135.586108, "url": "https://www.iryou.teikyouseido.mhlw.go.jp/znk-web/juminkanja/S2430/initialize?prefCd=30&kikanCd=31010080&kikanKbn=5", "url2": null, "内容": "順敬堂薬局【5:薬局】和歌山県伊都郡高野町高野山７２３" }, "geometry": { "type": "Point", "coordinates": [ 135.586108, 34.213654 ] } },
{ "type": "Feature", "properties": { "ID": 30531010082, "正式名称": "大谷薬局", "機関区分": 5, "都道府県コード": 30, "市区町村コード": 203, "所在地": "和歌山県橋本市古佐田１－３－１７", "緯度": 34.317626, "経度": 135.613242, "url": "https://www.iryou.teikyouseido.mhlw.go.jp/znk-web/juminkanja/S2430/initialize?prefCd=30&kikanCd=31010082&kikanKbn=5", "url2": "https://medical.jinsyoudou.com/", "内容": "大谷薬局【5:薬局】和歌山県橋本市古佐田１－３－１７" }, "geometry": { "type": "Point", "coordinates": [ 135.613242, 34.317626 ] } },
{ "type": "Feature", "properties": { "ID": 30531010083, "正式名称": "すまいる薬局", "機関区分": 5, "都道府県コード": 30, "市区町村コード": 203, "所在地": "和歌山県橋本市東家１丁目３６７－５", "緯度": 34.315114, "経度": 135.604675, "url": "https://www.iryou.teikyouseido.mhlw.go.jp/znk-web/juminkanja/S2430/initialize?prefCd=30&kikanCd=31010083&kikanKbn=5", "url2": null, "内容": "すまいる薬局【5:薬局】和歌山県橋本市東家１丁目３６７－５" }, "geometry": { "type": "Point", "coordinates": [ 135.604675, 34.315114 ] } },
{ "type": "Feature", "properties": { "ID": 30531010084, "正式名称": "大竹薬局　妙寺店", "機関区分": 5, "都道府県コード": 30, "市区町村コード": 341, "所在地": "和歌山県伊都郡かつらぎ町妙寺９１９－４", "緯度": 34.303079, "経度": 135.524164, "url": "https://www.iryou.teikyouseido.mhlw.go.jp/znk-web/juminkanja/S2430/initialize?prefCd=30&kikanCd=31010084&kikanKbn=5", "url2": null, "内容": "大竹薬局　妙寺店【5:薬局】和歌山県伊都郡かつらぎ町妙寺９１９－４" }, "geometry": { "type": "Point", "coordinates": [ 135.524164, 34.303079 ] } },
{ "type": "Feature", "properties": { "ID": 30531010085, "正式名称": "エバグリーン薬局　橋本店", "機関区分": 5, "都道府県コード": 30, "市区町村コード": 203, "所在地": "和歌山県橋本市東家６丁目３４３－２", "緯度": 34.313238, "経度": 135.605114, "url": "https://www.iryou.teikyouseido.mhlw.go.jp/znk-web/juminkanja/S2430/initialize?prefCd=30&kikanCd=31010085&kikanKbn=5", "url2": null, "内容": "エバグリーン薬局　橋本店【5:薬局】和歌山県橋本市東家６丁目３４３－２" }, "geometry": { "type": "Point", "coordinates": [ 135.605114, 34.313238 ] } },
{ "type": "Feature", "properties": { "ID": 30531010086, "正式名称": "カメリア調剤薬局", "機関区分": 5, "都道府県コード": 30, "市区町村コード": 341, "所在地": "和歌山県伊都郡かつらぎ町大谷１２５４－１", "緯度": 34.29252, "経度": 135.490544, "url": "https://www.iryou.teikyouseido.mhlw.go.jp/znk-web/juminkanja/S2430/initialize?prefCd=30&kikanCd=31010086&kikanKbn=5", "url2": "https://sanmi-g.co.jp/shop/%E3%82%AB%E3%83%A1%E3%83%AA%E3%82%A2%E8%AA%BF%E5%89%A4%E8%96%AC%E5%B1%80/", "内容": "カメリア調剤薬局【5:薬局】和歌山県伊都郡かつらぎ町大谷１２５４－１" }, "geometry": { "type": "Point", "coordinates": [ 135.490544, 34.29252 ] } },
{ "type": "Feature", "properties": { "ID": 30531010088, "正式名称": "萩原薬局", "機関区分": 5, "都道府県コード": 30, "市区町村コード": 341, "所在地": "和歌山県伊都郡かつらぎ町佐野１８５", "緯度": 34.28925, "経度": 135.482853, "url": "https://www.iryou.teikyouseido.mhlw.go.jp/znk-web/juminkanja/S2430/initialize?prefCd=30&kikanCd=31010088&kikanKbn=5", "url2": null, "内容": "萩原薬局【5:薬局】和歌山県伊都郡かつらぎ町佐野１８５" }, "geometry": { "type": "Point", "coordinates": [ 135.482853, 34.28925 ] } },
{ "type": "Feature", "properties": { "ID": 30531010089, "正式名称": "ポプラ薬局", "機関区分": 5, "都道府県コード": 30, "市区町村コード": 203, "所在地": "和歌山県橋本市高野口町向島４２－１５", "緯度": 34.299808, "経度": 135.555779, "url": "https://www.iryou.teikyouseido.mhlw.go.jp/znk-web/juminkanja/S2430/initialize?prefCd=30&kikanCd=31010089&kikanKbn=5", "url2": null, "内容": "ポプラ薬局【5:薬局】和歌山県橋本市高野口町向島４２－１５" }, "geometry": { "type": "Point", "coordinates": [ 135.555779, 34.299808 ] } },
{ "type": "Feature", "properties": { "ID": 30531010090, "正式名称": "たけのこ薬局", "機関区分": 5, "都道府県コード": 30, "市区町村コード": 203, "所在地": "和歌山県橋本市光陽台１丁目５−１６", "緯度": 34.368764, "経度": 135.606849, "url": "https://www.iryou.teikyouseido.mhlw.go.jp/znk-web/juminkanja/S2430/initialize?prefCd=30&kikanCd=31010090&kikanKbn=5", "url2": "https://neumond-p.com", "内容": "たけのこ薬局【5:薬局】和歌山県橋本市光陽台１丁目５−１６" }, "geometry": { "type": "Point", "coordinates": [ 135.606849, 34.368764 ] } },
{ "type": "Feature", "properties": { "ID": 30531010091, "正式名称": "エバグリーン薬局橋本店", "機関区分": 5, "都道府県コード": 30, "市区町村コード": 203, "所在地": "和歌山県橋本市東家６丁目３４０－１", "緯度": 34.313656, "経度": 135.605642, "url": "https://www.iryou.teikyouseido.mhlw.go.jp/znk-web/juminkanja/S2430/initialize?prefCd=30&kikanCd=31010091&kikanKbn=5", "url2": null, "内容": "エバグリーン薬局橋本店【5:薬局】和歌山県橋本市東家６丁目３４０－１" }, "geometry": { "type": "Point", "coordinates": [ 135.605642, 34.313656 ] } },
{ "type": "Feature", "properties": { "ID": 30531010092, "正式名称": "グレープ薬局", "機関区分": 5, "都道府県コード": 30, "市区町村コード": 203, "所在地": "和歌山県橋本市市脇４－１７５－１１", "緯度": 34.312357, "経度": 135.601812, "url": "https://www.iryou.teikyouseido.mhlw.go.jp/znk-web/juminkanja/S2430/initialize?prefCd=30&kikanCd=31010092&kikanKbn=5", "url2": "http://www.amsupport.co.jp/company/", "内容": "グレープ薬局【5:薬局】和歌山県橋本市市脇４－１７５－１１" }, "geometry": { "type": "Point", "coordinates": [ 135.601812, 34.312357 ] } },
{ "type": "Feature", "properties": { "ID": 30531010093, "正式名称": "たけのこ薬局妙寺店", "機関区分": 5, "都道府県コード": 30, "市区町村コード": 341, "所在地": "和歌山県伊都郡かつらぎ町妙寺４３９−１２", "緯度": 34.298737, "経度": 135.52267, "url": "https://www.iryou.teikyouseido.mhlw.go.jp/znk-web/juminkanja/S2430/initialize?prefCd=30&kikanCd=31010093&kikanKbn=5", "url2": "https://neumond-p.com/pharmacy/", "内容": "たけのこ薬局妙寺店【5:薬局】和歌山県伊都郡かつらぎ町妙寺４３９−１２" }, "geometry": { "type": "Point", "coordinates": [ 135.52267, 34.298737 ] } },
{ "type": "Feature", "properties": { "ID": 30531010094, "正式名称": "カモメ薬局", "機関区分": 5, "都道府県コード": 30, "市区町村コード": 203, "所在地": "和歌山県橋本市清水５１２－１３", "緯度": 34.307169, "経度": 135.600705, "url": "https://www.iryou.teikyouseido.mhlw.go.jp/znk-web/juminkanja/S2430/initialize?prefCd=30&kikanCd=31010094&kikanKbn=5", "url2": null, "内容": "カモメ薬局【5:薬局】和歌山県橋本市清水５１２－１３" }, "geometry": { "type": "Point", "coordinates": [ 135.600705, 34.307169 ] } },
{ "type": "Feature", "properties": { "ID": 30531010095, "正式名称": "くすのき薬局", "機関区分": 5, "都道府県コード": 30, "市区町村コード": 341, "所在地": "和歌山県伊都郡かつらぎ町笠田東９７番地２", "緯度": 34.28794, "経度": 135.482674, "url": "https://www.iryou.teikyouseido.mhlw.go.jp/znk-web/juminkanja/S2430/initialize?prefCd=30&kikanCd=31010095&kikanKbn=5", "url2": null, "内容": "くすのき薬局【5:薬局】和歌山県伊都郡かつらぎ町笠田東９７番地２" }, "geometry": { "type": "Point", "coordinates": [ 135.482674, 34.28794 ] } },
{ "type": "Feature", "properties": { "ID": 30531010096, "正式名称": "伊都薬局　市脇", "機関区分": 5, "都道府県コード": 30, "市区町村コード": 203, "所在地": "和歌山県橋本市市脇１丁目６５", "緯度": 34.314705, "経度": 135.600806, "url": "https://www.iryou.teikyouseido.mhlw.go.jp/znk-web/juminkanja/S2430/initialize?prefCd=30&kikanCd=31010096&kikanKbn=5", "url2": null, "内容": "伊都薬局　市脇【5:薬局】和歌山県橋本市市脇１丁目６５" }, "geometry": { "type": "Point", "coordinates": [ 135.600806, 34.314705 ] } },
{ "type": "Feature", "properties": { "ID": 30531010097, "正式名称": "バイカル薬局", "機関区分": 5, "都道府県コード": 30, "市区町村コード": 203, "所在地": "和歌山県橋本市岸上２８番地の１", "緯度": 34.311416, "経度": 135.586064, "url": "https://www.iryou.teikyouseido.mhlw.go.jp/znk-web/juminkanja/S2430/initialize?prefCd=30&kikanCd=31010097&kikanKbn=5", "url2": null, "内容": "バイカル薬局【5:薬局】和歌山県橋本市岸上２８番地の１" }, "geometry": { "type": "Point", "coordinates": [ 135.586064, 34.311416 ] } },
{ "type": "Feature", "properties": { "ID": 305310118, "正式名称": "ジョイントキュア　こうしん堂薬局", "機関区分": 5, "都道府県コード": 30, "市区町村コード": 201, "所在地": "和歌山県和歌山市太田１丁目１３－８　エヌ・アイ・シービル１Ｆ", "緯度": 34.23217, "経度": 135.193395, "url": "https://www.iryou.teikyouseido.mhlw.go.jp/znk-web/juminkanja/S2430/initialize?prefCd=30&kikanCd=310118&kikanKbn=5", "url2": "http://www.koshin-do.jp/", "内容": "ジョイントキュア　こうしん堂薬局【5:薬局】和歌山県和歌山市太田１丁目１３－８　エヌ・アイ・シービル１Ｆ" }, "geometry": { "type": "Point", "coordinates": [ 135.193395, 34.23217 ] } },
{ "type": "Feature", "properties": { "ID": 305313173, "正式名称": "和駅東調剤薬局", "機関区分": 5, "都道府県コード": 30, "市区町村コード": 201, "所在地": "和歌山県和歌山市黒田１－３－２４", "緯度": 34.233151, "経度": 135.193531, "url": "https://www.iryou.teikyouseido.mhlw.go.jp/znk-web/juminkanja/S2430/initialize?prefCd=30&kikanCd=313173&kikanKbn=5", "url2": "http://www.ginmeido.co.jp/", "内容": "和駅東調剤薬局【5:薬局】和歌山県和歌山市黒田１－３－２４" }, "geometry": { "type": "Point", "coordinates": [ 135.193531, 34.233151 ] } },
{ "type": "Feature", "properties": { "ID": 30541010005, "正式名称": "株式会社　第一薬局　海南駅前", "機関区分": 5, "都道府県コード": 30, "市区町村コード": 202, "所在地": "和歌山県海南市名高５３１－４　Ｙ．Ｔ．ビル１階北側", "緯度": 34.154138, "経度": 135.212805, "url": "https://www.iryou.teikyouseido.mhlw.go.jp/znk-web/juminkanja/S2430/initialize?prefCd=30&kikanCd=41010005&kikanKbn=5", "url2": "https://d1p.co.jp/", "内容": "株式会社　第一薬局　海南駅前【5:薬局】和歌山県海南市名高５３１－４　Ｙ．Ｔ．ビル１階北側" }, "geometry": { "type": "Point", "coordinates": [ 135.212805, 34.154138 ] } },
{ "type": "Feature", "properties": { "ID": 30541010009, "正式名称": "センター薬局", "機関区分": 5, "都道府県コード": 30, "市区町村コード": 202, "所在地": "和歌山県海南市名高５３６　センタープラザビル１階", "緯度": 34.15482, "経度": 135.212104, "url": "https://www.iryou.teikyouseido.mhlw.go.jp/znk-web/juminkanja/S2430/initialize?prefCd=30&kikanCd=41010009&kikanKbn=5", "url2": null, "内容": "センター薬局【5:薬局】和歌山県海南市名高５３６　センタープラザビル１階" }, "geometry": { "type": "Point", "coordinates": [ 135.212104, 34.15482 ] } },
{ "type": "Feature", "properties": { "ID": 30541010010, "正式名称": "薬局　天狗堂", "機関区分": 5, "都道府県コード": 30, "市区町村コード": 304, "所在地": "和歌山県海草郡紀美野町小畑３１０－１２", "緯度": 34.16418, "経度": 135.297457, "url": "https://www.iryou.teikyouseido.mhlw.go.jp/znk-web/juminkanja/S2430/initialize?prefCd=30&kikanCd=41010010&kikanKbn=5", "url2": null, "内容": "薬局　天狗堂【5:薬局】和歌山県海草郡紀美野町小畑３１０－１２" }, "geometry": { "type": "Point", "coordinates": [ 135.297457, 34.16418 ] } },
{ "type": "Feature", "properties": { "ID": 30541010021, "正式名称": "マエダ薬局", "機関区分": 5, "都道府県コード": 30, "市区町村コード": 304, "所在地": "和歌山県海草郡紀美野町動木２９－３", "緯度": 34.166131, "経度": 135.305035, "url": "https://www.iryou.teikyouseido.mhlw.go.jp/znk-web/juminkanja/S2430/initialize?prefCd=30&kikanCd=41010021&kikanKbn=5", "url2": null, "内容": "マエダ薬局【5:薬局】和歌山県海草郡紀美野町動木２９－３" }, "geometry": { "type": "Point", "coordinates": [ 135.305035, 34.166131 ] } },
{ "type": "Feature", "properties": { "ID": 30541010024, "正式名称": "あおぞら薬局", "機関区分": 5, "都道府県コード": 30, "市区町村コード": 202, "所在地": "和歌山県海南市名高１７９－５", "緯度": 34.154147, "経度": 135.216151, "url": "https://www.iryou.teikyouseido.mhlw.go.jp/znk-web/juminkanja/S2430/initialize?prefCd=30&kikanCd=41010024&kikanKbn=5", "url2": null, "内容": "あおぞら薬局【5:薬局】和歌山県海南市名高１７９－５" }, "geometry": { "type": "Point", "coordinates": [ 135.216151, 34.154147 ] } },
{ "type": "Feature", "properties": { "ID": 30541010029, "正式名称": "有限会社　ヤマモト薬局", "機関区分": 5, "都道府県コード": 30, "市区町村コード": 202, "所在地": "和歌山県海南市名高５３７－９", "緯度": 34.154629, "経度": 135.211404, "url": "https://www.iryou.teikyouseido.mhlw.go.jp/znk-web/juminkanja/S2430/initialize?prefCd=30&kikanCd=41010029&kikanKbn=5", "url2": "http://www.yamamotoyakkyoku.co.jp/", "内容": "有限会社　ヤマモト薬局【5:薬局】和歌山県海南市名高５３７－９" }, "geometry": { "type": "Point", "coordinates": [ 135.211404, 34.154629 ] } },
{ "type": "Feature", "properties": { "ID": 30541010030, "正式名称": "わかば薬局", "機関区分": 5, "都道府県コード": 30, "市区町村コード": 202, "所在地": "和歌山県海南市井田１４６－４", "緯度": 34.159395, "経度": 135.224361, "url": "https://www.iryou.teikyouseido.mhlw.go.jp/znk-web/juminkanja/S2430/initialize?prefCd=30&kikanCd=41010030&kikanKbn=5", "url2": null, "内容": "わかば薬局【5:薬局】和歌山県海南市井田１４６－４" }, "geometry": { "type": "Point", "coordinates": [ 135.224361, 34.159395 ] } },
{ "type": "Feature", "properties": { "ID": 30541010031, "正式名称": "ゆうゆう薬局", "機関区分": 5, "都道府県コード": 30, "市区町村コード": 202, "所在地": "和歌山県海南市重根東１－７－６", "緯度": 34.155106, "経度": 135.247643, "url": "https://www.iryou.teikyouseido.mhlw.go.jp/znk-web/juminkanja/S2430/initialize?prefCd=30&kikanCd=41010031&kikanKbn=5", "url2": "http://www.ginmeido.co.jp/", "内容": "ゆうゆう薬局【5:薬局】和歌山県海南市重根東１－７－６" }, "geometry": { "type": "Point", "coordinates": [ 135.247643, 34.155106 ] } },
{ "type": "Feature", "properties": { "ID": 30541010032, "正式名称": "下津薬局", "機関区分": 5, "都道府県コード": 30, "市区町村コード": 202, "所在地": "和歌山県海南市下津町下津３０６６", "緯度": 34.109938, "経度": 135.145557, "url": "https://www.iryou.teikyouseido.mhlw.go.jp/znk-web/juminkanja/S2430/initialize?prefCd=30&kikanCd=41010032&kikanKbn=5", "url2": null, "内容": "下津薬局【5:薬局】和歌山県海南市下津町下津３０６６" }, "geometry": { "type": "Point", "coordinates": [ 135.145557, 34.109938 ] } },
{ "type": "Feature", "properties": { "ID": 30541010033, "正式名称": "七山調剤薬局", "機関区分": 5, "都道府県コード": 30, "市区町村コード": 202, "所在地": "和歌山県海南市七山３５４－１", "緯度": 34.188285, "経度": 135.303573, "url": "https://www.iryou.teikyouseido.mhlw.go.jp/znk-web/juminkanja/S2430/initialize?prefCd=30&kikanCd=41010033&kikanKbn=5", "url2": "http://www.ginmeido.co.jp/", "内容": "七山調剤薬局【5:薬局】和歌山県海南市七山３５４－１" }, "geometry": { "type": "Point", "coordinates": [ 135.303573, 34.188285 ] } },
{ "type": "Feature", "properties": { "ID": 30541010034, "正式名称": "新町調剤薬局", "機関区分": 5, "都道府県コード": 30, "市区町村コード": 202, "所在地": "和歌山県海南市日方１２７２－５１　新町ビル１Ｆ", "緯度": 34.157101, "経度": 135.208706, "url": "https://www.iryou.teikyouseido.mhlw.go.jp/znk-web/juminkanja/S2430/initialize?prefCd=30&kikanCd=41010034&kikanKbn=5", "url2": "http://shohosen.jp/", "内容": "新町調剤薬局【5:薬局】和歌山県海南市日方１２７２－５１　新町ビル１Ｆ" }, "geometry": { "type": "Point", "coordinates": [ 135.208706, 34.157101 ] } },
{ "type": "Feature", "properties": { "ID": 30541010035, "正式名称": "保険調剤薬局　朝日　海南店", "機関区分": 5, "都道府県コード": 30, "市区町村コード": 202, "所在地": "和歌山県海南市名高５０７－４", "緯度": 34.153419, "経度": 135.212701, "url": "https://www.iryou.teikyouseido.mhlw.go.jp/znk-web/juminkanja/S2430/initialize?prefCd=30&kikanCd=41010035&kikanKbn=5", "url2": null, "内容": "保険調剤薬局　朝日　海南店【5:薬局】和歌山県海南市名高５０７－４" }, "geometry": { "type": "Point", "coordinates": [ 135.212701, 34.153419 ] } },
{ "type": "Feature", "properties": { "ID": 30541010039, "正式名称": "みき薬局", "機関区分": 5, "都道府県コード": 30, "市区町村コード": 202, "所在地": "和歌山県海南市日方１２９０－６６", "緯度": 34.154385, "経度": 135.208874, "url": "https://www.iryou.teikyouseido.mhlw.go.jp/znk-web/juminkanja/S2430/initialize?prefCd=30&kikanCd=41010039&kikanKbn=5", "url2": null, "内容": "みき薬局【5:薬局】和歌山県海南市日方１２９０－６６" }, "geometry": { "type": "Point", "coordinates": [ 135.208874, 34.154385 ] } },
{ "type": "Feature", "properties": { "ID": 30541010043, "正式名称": "株式会社　第一薬局日方", "機関区分": 5, "都道府県コード": 30, "市区町村コード": 202, "所在地": "和歌山県海南市日方１５２１－３", "緯度": 34.154267, "経度": 135.210852, "url": "https://www.iryou.teikyouseido.mhlw.go.jp/znk-web/juminkanja/S2430/initialize?prefCd=30&kikanCd=41010043&kikanKbn=5", "url2": "https://d1p.co.jp/", "内容": "株式会社　第一薬局日方【5:薬局】和歌山県海南市日方１５２１－３" }, "geometry": { "type": "Point", "coordinates": [ 135.210852, 34.154267 ] } },
{ "type": "Feature", "properties": { "ID": 30541010046, "正式名称": "ヒカタ薬局", "機関区分": 5, "都道府県コード": 30, "市区町村コード": 202, "所在地": "和歌山県海南市日方１５２１－６", "緯度": 34.154248, "経度": 135.21064, "url": "https://www.iryou.teikyouseido.mhlw.go.jp/znk-web/juminkanja/S2430/initialize?prefCd=30&kikanCd=41010046&kikanKbn=5", "url2": "http://www.ginmeido.co.jp/", "内容": "ヒカタ薬局【5:薬局】和歌山県海南市日方１５２１－６" }, "geometry": { "type": "Point", "coordinates": [ 135.21064, 34.154248 ] } },
{ "type": "Feature", "properties": { "ID": 30541010047, "正式名称": "調剤薬局　ツルハドラッグ　海南駅前店", "機関区分": 5, "都道府県コード": 30, "市区町村コード": 202, "所在地": "和歌山県海南市名高５５５－７", "緯度": 34.155103, "経度": 135.213526, "url": "https://www.iryou.teikyouseido.mhlw.go.jp/znk-web/juminkanja/S2430/initialize?prefCd=30&kikanCd=41010047&kikanKbn=5", "url2": "http://www.tsuruha.co.jp/shop/?cm=v&amp;id=1501", "内容": "調剤薬局　ツルハドラッグ　海南駅前店【5:薬局】和歌山県海南市名高５５５－７" }, "geometry": { "type": "Point", "coordinates": [ 135.213526, 34.155103 ] } },
{ "type": "Feature", "properties": { "ID": 30541010048, "正式名称": "調剤薬局　ツルハドラッグ　温山荘前店", "機関区分": 5, "都道府県コード": 30, "市区町村コード": 202, "所在地": "和歌山県海南市船尾３６５－１６", "緯度": 34.159743, "経度": 135.196174, "url": "https://www.iryou.teikyouseido.mhlw.go.jp/znk-web/juminkanja/S2430/initialize?prefCd=30&kikanCd=41010048&kikanKbn=5", "url2": "http://www.tsuruha.co.jp", "内容": "調剤薬局　ツルハドラッグ　温山荘前店【5:薬局】和歌山県海南市船尾３６５－１６" }, "geometry": { "type": "Point", "coordinates": [ 135.196174, 34.159743 ] } },
{ "type": "Feature", "properties": { "ID": 30541010050, "正式名称": "日本調剤　紀美野薬局", "機関区分": 5, "都道府県コード": 30, "市区町村コード": 304, "所在地": "和歌山県海草郡紀美野町小畑９６－１", "緯度": 34.163722, "経度": 135.294931, "url": "https://www.iryou.teikyouseido.mhlw.go.jp/znk-web/juminkanja/S2430/initialize?prefCd=30&kikanCd=41010050&kikanKbn=5", "url2": "https://www.nicho.co.jp/", "内容": "日本調剤　紀美野薬局【5:薬局】和歌山県海草郡紀美野町小畑９６－１" }, "geometry": { "type": "Point", "coordinates": [ 135.294931, 34.163722 ] } },
{ "type": "Feature", "properties": { "ID": 30541010053, "正式名称": "うつみ薬局", "機関区分": 5, "都道府県コード": 30, "市区町村コード": 202, "所在地": "和歌山県海南市名高２４３－４", "緯度": 34.152299, "経度": 135.21582, "url": "https://www.iryou.teikyouseido.mhlw.go.jp/znk-web/juminkanja/S2430/initialize?prefCd=30&kikanCd=41010053&kikanKbn=5", "url2": "https://www.rainbow-bridge.jp/", "内容": "うつみ薬局【5:薬局】和歌山県海南市名高２４３－４" }, "geometry": { "type": "Point", "coordinates": [ 135.21582, 34.152299 ] } },
{ "type": "Feature", "properties": { "ID": 30541010054, "正式名称": "つくし薬局", "機関区分": 5, "都道府県コード": 30, "市区町村コード": 202, "所在地": "和歌山県海南市幡川１８７－１８", "緯度": 34.153068, "経度": 135.230884, "url": "https://www.iryou.teikyouseido.mhlw.go.jp/znk-web/juminkanja/S2430/initialize?prefCd=30&kikanCd=41010054&kikanKbn=5", "url2": "https://www.tkc-pharmacy.com/", "内容": "つくし薬局【5:薬局】和歌山県海南市幡川１８７－１８" }, "geometry": { "type": "Point", "coordinates": [ 135.230884, 34.153068 ] } },
{ "type": "Feature", "properties": { "ID": 30541010055, "正式名称": "黒江調剤薬局", "機関区分": 5, "都道府県コード": 30, "市区町村コード": 202, "所在地": "和歌山県海南市船尾２１５－３", "緯度": 34.158998, "経度": 135.20331, "url": "https://www.iryou.teikyouseido.mhlw.go.jp/znk-web/juminkanja/S2430/initialize?prefCd=30&kikanCd=41010055&kikanKbn=5", "url2": "http://shohosen.jp/", "内容": "黒江調剤薬局【5:薬局】和歌山県海南市船尾２１５－３" }, "geometry": { "type": "Point", "coordinates": [ 135.20331, 34.158998 ] } },
{ "type": "Feature", "properties": { "ID": 30541010056, "正式名称": "日本調剤小畑薬局", "機関区分": 5, "都道府県コード": 30, "市区町村コード": 304, "所在地": "和歌山県海草郡紀美野町小畑字森ノ坪６０番１", "緯度": 34.164002, "経度": 135.291751, "url": "https://www.iryou.teikyouseido.mhlw.go.jp/znk-web/juminkanja/S2430/initialize?prefCd=30&kikanCd=41010056&kikanKbn=5", "url2": "https://www.nicho.co.jp/tenpo/shobata/", "内容": "日本調剤小畑薬局【5:薬局】和歌山県海草郡紀美野町小畑字森ノ坪６０番１" }, "geometry": { "type": "Point", "coordinates": [ 135.291751, 34.164002 ] } },
{ "type": "Feature", "properties": { "ID": 30541010057, "正式名称": "セイムス海南名高薬局", "機関区分": 5, "都道府県コード": 30, "市区町村コード": 202, "所在地": "和歌山県海南市名高１５２－１", "緯度": 34.153582, "経度": 135.217574, "url": "https://www.iryou.teikyouseido.mhlw.go.jp/znk-web/juminkanja/S2430/initialize?prefCd=30&kikanCd=41010057&kikanKbn=5", "url2": "https://www.tokai-seims.co.jp/", "内容": "セイムス海南名高薬局【5:薬局】和歌山県海南市名高１５２－１" }, "geometry": { "type": "Point", "coordinates": [ 135.217574, 34.153582 ] } },
{ "type": "Feature", "properties": { "ID": 30541010058, "正式名称": "サンドラッグ海南薬局", "機関区分": 5, "都道府県コード": 30, "市区町村コード": 202, "所在地": "和歌山県海南市日方１５２４－４", "緯度": 34.154321, "経度": 135.209478, "url": "https://www.iryou.teikyouseido.mhlw.go.jp/znk-web/juminkanja/S2430/initialize?prefCd=30&kikanCd=41010058&kikanKbn=5", "url2": "https://sundrug-online.com/blogs/search-store/5921", "内容": "サンドラッグ海南薬局【5:薬局】和歌山県海南市日方１５２４－４" }, "geometry": { "type": "Point", "coordinates": [ 135.209478, 34.154321 ] } },
{ "type": "Feature", "properties": { "ID": 30541010059, "正式名称": "平成薬局", "機関区分": 5, "都道府県コード": 30, "市区町村コード": 202, "所在地": "和歌山県海南市船尾２６５－７", "緯度": 34.159766, "経度": 135.199115, "url": "https://www.iryou.teikyouseido.mhlw.go.jp/znk-web/juminkanja/S2430/initialize?prefCd=30&kikanCd=41010059&kikanKbn=5", "url2": "http://shohosen.jp/heisei.html", "内容": "平成薬局【5:薬局】和歌山県海南市船尾２６５－７" }, "geometry": { "type": "Point", "coordinates": [ 135.199115, 34.159766 ] } },
{ "type": "Feature", "properties": { "ID": 30541010060, "正式名称": "ユーコー薬局", "機関区分": 5, "都道府県コード": 30, "市区町村コード": 202, "所在地": "和歌山県海南市下津町小南１２６－４", "緯度": 34.127513, "経度": 135.168001, "url": "https://www.iryou.teikyouseido.mhlw.go.jp/znk-web/juminkanja/S2430/initialize?prefCd=30&kikanCd=41010060&kikanKbn=5", "url2": "https://e-bond.info/withs/", "内容": "ユーコー薬局【5:薬局】和歌山県海南市下津町小南１２６－４" }, "geometry": { "type": "Point", "coordinates": [ 135.168001, 34.127513 ] } },
{ "type": "Feature", "properties": { "ID": 30541010061, "正式名称": "ユーコー薬局海南", "機関区分": 5, "都道府県コード": 30, "市区町村コード": 202, "所在地": "和歌山県海南市築地１－５８", "緯度": 34.152833, "経度": 135.210268, "url": "https://www.iryou.teikyouseido.mhlw.go.jp/znk-web/juminkanja/S2430/initialize?prefCd=30&kikanCd=41010061&kikanKbn=5", "url2": null, "内容": "ユーコー薬局海南【5:薬局】和歌山県海南市築地１－５８" }, "geometry": { "type": "Point", "coordinates": [ 135.210268, 34.152833 ] } },
{ "type": "Feature", "properties": { "ID": 30541010062, "正式名称": "エバグリーン薬局ヒロ海南重根店", "機関区分": 5, "都道府県コード": 30, "市区町村コード": 202, "所在地": "和歌山県海南市重根５０－１", "緯度": 34.152599, "経度": 135.249619, "url": "https://www.iryou.teikyouseido.mhlw.go.jp/znk-web/juminkanja/S2430/initialize?prefCd=30&kikanCd=41010062&kikanKbn=5", "url2": null, "内容": "エバグリーン薬局ヒロ海南重根店【5:薬局】和歌山県海南市重根５０－１" }, "geometry": { "type": "Point", "coordinates": [ 135.249619, 34.152599 ] } },
{ "type": "Feature", "properties": { "ID": 30551010009, "正式名称": "金屋調剤薬局", "機関区分": 5, "都道府県コード": 30, "市区町村コード": 366, "所在地": "和歌山県有田郡有田川町徳田１５９－１", "緯度": 34.06457, "経度": 135.248193, "url": "https://www.iryou.teikyouseido.mhlw.go.jp/znk-web/juminkanja/S2430/initialize?prefCd=30&kikanCd=51010009&kikanKbn=5", "url2": "https://shohosen.jp/", "内容": "金屋調剤薬局【5:薬局】和歌山県有田郡有田川町徳田１５９－１" }, "geometry": { "type": "Point", "coordinates": [ 135.248193, 34.06457 ] } },
{ "type": "Feature", "properties": { "ID": 30551010013, "正式名称": "初島薬局", "機関区分": 5, "都道府県コード": 30, "市区町村コード": 204, "所在地": "和歌山県有田市初島町浜１３１２－３", "緯度": 34.101364, "経度": 135.118416, "url": "https://www.iryou.teikyouseido.mhlw.go.jp/znk-web/juminkanja/S2430/initialize?prefCd=30&kikanCd=51010013&kikanKbn=5", "url2": null, "内容": "初島薬局【5:薬局】和歌山県有田市初島町浜１３１２－３" }, "geometry": { "type": "Point", "coordinates": [ 135.118416, 34.101364 ] } },
{ "type": "Feature", "properties": { "ID": 30551010015, "正式名称": "エース薬局　みのしま店", "機関区分": 5, "都道府県コード": 30, "市区町村コード": 204, "所在地": "和歌山県有田市新堂５５－１", "緯度": 34.084245, "経度": 135.128896, "url": "https://www.iryou.teikyouseido.mhlw.go.jp/znk-web/juminkanja/S2430/initialize?prefCd=30&kikanCd=51010015&kikanKbn=5", "url2": "http://www.ginmeido.co.jp/", "内容": "エース薬局　みのしま店【5:薬局】和歌山県有田市新堂５５－１" }, "geometry": { "type": "Point", "coordinates": [ 135.128896, 34.084245 ] } },
{ "type": "Feature", "properties": { "ID": 30551010016, "正式名称": "小野田薬局", "機関区分": 5, "都道府県コード": 30, "市区町村コード": 361, "所在地": "和歌山県有田郡湯浅町湯浅９６８", "緯度": 34.035292, "経度": 135.179802, "url": "https://www.iryou.teikyouseido.mhlw.go.jp/znk-web/juminkanja/S2430/initialize?prefCd=30&kikanCd=51010016&kikanKbn=5", "url2": null, "内容": "小野田薬局【5:薬局】和歌山県有田郡湯浅町湯浅９６８" }, "geometry": { "type": "Point", "coordinates": [ 135.179802, 34.035292 ] } },
{ "type": "Feature", "properties": { "ID": 30551010019, "正式名称": "天満薬局", "機関区分": 5, "都道府県コード": 30, "市区町村コード": 366, "所在地": "和歌山県有田郡有田川町天満６７９", "緯度": 34.063338, "経度": 135.208033, "url": "https://www.iryou.teikyouseido.mhlw.go.jp/znk-web/juminkanja/S2430/initialize?prefCd=30&kikanCd=51010019&kikanKbn=5", "url2": null, "内容": "天満薬局【5:薬局】和歌山県有田郡有田川町天満６７９" }, "geometry": { "type": "Point", "coordinates": [ 135.208033, 34.063338 ] } },
{ "type": "Feature", "properties": { "ID": 30551010020, "正式名称": "フジヤ薬局", "機関区分": 5, "都道府県コード": 30, "市区町村コード": 366, "所在地": "和歌山県有田郡有田川町下津野２８７", "緯度": 34.06651, "経度": 135.21825, "url": "https://www.iryou.teikyouseido.mhlw.go.jp/znk-web/juminkanja/S2430/initialize?prefCd=30&kikanCd=51010020&kikanKbn=5", "url2": null, "内容": "フジヤ薬局【5:薬局】和歌山県有田郡有田川町下津野２８７" }, "geometry": { "type": "Point", "coordinates": [ 135.21825, 34.06651 ] } },
{ "type": "Feature", "properties": { "ID": 30551010024, "正式名称": "たちばな薬局", "機関区分": 5, "都道府県コード": 30, "市区町村コード": 362, "所在地": "和歌山県有田郡広川町広２７２－１", "緯度": 34.029051, "経度": 135.176115, "url": "https://www.iryou.teikyouseido.mhlw.go.jp/znk-web/juminkanja/S2430/initialize?prefCd=30&kikanCd=51010024&kikanKbn=5", "url2": null, "内容": "たちばな薬局【5:薬局】和歌山県有田郡広川町広２７２－１" }, "geometry": { "type": "Point", "coordinates": [ 135.176115, 34.029051 ] } },
{ "type": "Feature", "properties": { "ID": 30551010030, "正式名称": "粟生調剤薬局", "機関区分": 5, "都道府県コード": 30, "市区町村コード": 366, "所在地": "和歌山県有田郡有田川町粟生５４２－５", "緯度": 34.049515, "経度": 135.349585, "url": "https://www.iryou.teikyouseido.mhlw.go.jp/znk-web/juminkanja/S2430/initialize?prefCd=30&kikanCd=51010030&kikanKbn=5", "url2": "https://shohosen.jp/", "内容": "粟生調剤薬局【5:薬局】和歌山県有田郡有田川町粟生５４２－５" }, "geometry": { "type": "Point", "coordinates": [ 135.349585, 34.049515 ] } },
{ "type": "Feature", "properties": { "ID": 30551010033, "正式名称": "下津薬局　初島店", "機関区分": 5, "都道府県コード": 30, "市区町村コード": 204, "所在地": "和歌山県有田市初島町里１７０４", "緯度": 34.096901, "経度": 135.116781, "url": "https://www.iryou.teikyouseido.mhlw.go.jp/znk-web/juminkanja/S2430/initialize?prefCd=30&kikanCd=51010033&kikanKbn=5", "url2": null, "内容": "下津薬局　初島店【5:薬局】和歌山県有田市初島町里１７０４" }, "geometry": { "type": "Point", "coordinates": [ 135.116781, 34.096901 ] } },
{ "type": "Feature", "properties": { "ID": 30551010035, "正式名称": "ヒラオ薬局", "機関区分": 5, "都道府県コード": 30, "市区町村コード": 366, "所在地": "和歌山県有田郡有田川町金屋７２２－１", "緯度": 34.063291, "経度": 135.252497, "url": "https://www.iryou.teikyouseido.mhlw.go.jp/znk-web/juminkanja/S2430/initialize?prefCd=30&kikanCd=51010035&kikanKbn=5", "url2": null, "内容": "ヒラオ薬局【5:薬局】和歌山県有田郡有田川町金屋７２２－１" }, "geometry": { "type": "Point", "coordinates": [ 135.252497, 34.063291 ] } },
{ "type": "Feature", "properties": { "ID": 30551010037, "正式名称": "橋爪薬局", "機関区分": 5, "都道府県コード": 30, "市区町村コード": 204, "所在地": "和歌山県有田市箕島４４４", "緯度": 34.084778, "経度": 135.11641, "url": "https://www.iryou.teikyouseido.mhlw.go.jp/znk-web/juminkanja/S2430/initialize?prefCd=30&kikanCd=51010037&kikanKbn=5", "url2": null, "内容": "橋爪薬局【5:薬局】和歌山県有田市箕島４４４" }, "geometry": { "type": "Point", "coordinates": [ 135.11641, 34.084778 ] } },
{ "type": "Feature", "properties": { "ID": 30551010038, "正式名称": "イケナガ薬局", "機関区分": 5, "都道府県コード": 30, "市区町村コード": 366, "所在地": "和歌山県有田郡有田川町徳田２１５－１", "緯度": 34.062688, "経度": 135.25059, "url": "https://www.iryou.teikyouseido.mhlw.go.jp/znk-web/juminkanja/S2430/initialize?prefCd=30&kikanCd=51010038&kikanKbn=5", "url2": null, "内容": "イケナガ薬局【5:薬局】和歌山県有田郡有田川町徳田２１５－１" }, "geometry": { "type": "Point", "coordinates": [ 135.25059, 34.062688 ] } },
{ "type": "Feature", "properties": { "ID": 30551010039, "正式名称": "アーク薬局", "機関区分": 5, "都道府県コード": 30, "市区町村コード": 204, "所在地": "和歌山県有田市古江見１８０－４", "緯度": 34.079268, "経度": 135.123228, "url": "https://www.iryou.teikyouseido.mhlw.go.jp/znk-web/juminkanja/S2430/initialize?prefCd=30&kikanCd=51010039&kikanKbn=5", "url2": "http://www.e-classa.net/ark/", "内容": "アーク薬局【5:薬局】和歌山県有田市古江見１８０－４" }, "geometry": { "type": "Point", "coordinates": [ 135.123228, 34.079268 ] } },
{ "type": "Feature", "properties": { "ID": 30551010040, "正式名称": "モリ薬局", "機関区分": 5, "都道府県コード": 30, "市区町村コード": 366, "所在地": "和歌山県有田郡有田川町庄３４", "緯度": 34.066378, "経度": 135.238916, "url": "https://www.iryou.teikyouseido.mhlw.go.jp/znk-web/juminkanja/S2430/initialize?prefCd=30&kikanCd=51010040&kikanKbn=5", "url2": "https://7gcgl.hp.peraichi.com/?_ga=2.206787219.1439104708.1676619214-1566571754.1676619214", "内容": "モリ薬局【5:薬局】和歌山県有田郡有田川町庄３４" }, "geometry": { "type": "Point", "coordinates": [ 135.238916, 34.066378 ] } },
{ "type": "Feature", "properties": { "ID": 30551010041, "正式名称": "しみず薬局", "機関区分": 5, "都道府県コード": 30, "市区町村コード": 366, "所在地": "和歌山県有田郡有田川町清水９８０－３", "緯度": 34.085608, "経度": 135.432246, "url": "https://www.iryou.teikyouseido.mhlw.go.jp/znk-web/juminkanja/S2430/initialize?prefCd=30&kikanCd=51010041&kikanKbn=5", "url2": null, "内容": "しみず薬局【5:薬局】和歌山県有田郡有田川町清水９８０－３" }, "geometry": { "type": "Point", "coordinates": [ 135.432246, 34.085608 ] } },
{ "type": "Feature", "properties": { "ID": 30551010043, "正式名称": "アイリス調剤薬局", "機関区分": 5, "都道府県コード": 30, "市区町村コード": 366, "所在地": "和歌山県有田郡有田川町金屋９１－２", "緯度": 34.0594, "経度": 135.256162, "url": "https://www.iryou.teikyouseido.mhlw.go.jp/znk-web/juminkanja/S2430/initialize?prefCd=30&kikanCd=51010043&kikanKbn=5", "url2": "http://sanmi-g.co.jp/", "内容": "アイリス調剤薬局【5:薬局】和歌山県有田郡有田川町金屋９１－２" }, "geometry": { "type": "Point", "coordinates": [ 135.256162, 34.0594 ] } },
{ "type": "Feature", "properties": { "ID": 30551010045, "正式名称": "かもめ薬局", "機関区分": 5, "都道府県コード": 30, "市区町村コード": 361, "所在地": "和歌山県有田郡湯浅町湯浅１３５－１０", "緯度": 34.034675, "経度": 135.173822, "url": "https://www.iryou.teikyouseido.mhlw.go.jp/znk-web/juminkanja/S2430/initialize?prefCd=30&kikanCd=51010045&kikanKbn=5", "url2": null, "内容": "かもめ薬局【5:薬局】和歌山県有田郡湯浅町湯浅１３５－１０" }, "geometry": { "type": "Point", "coordinates": [ 135.173822, 34.034675 ] } },
{ "type": "Feature", "properties": { "ID": 30551010048, "正式名称": "オレンジ調剤薬局", "機関区分": 5, "都道府県コード": 30, "市区町村コード": 366, "所在地": "和歌山県有田郡有田川町庄３１－１７８", "緯度": 34.064998, "経度": 135.242161, "url": "https://www.iryou.teikyouseido.mhlw.go.jp/znk-web/juminkanja/S2430/initialize?prefCd=30&kikanCd=51010048&kikanKbn=5", "url2": null, "内容": "オレンジ調剤薬局【5:薬局】和歌山県有田郡有田川町庄３１－１７８" }, "geometry": { "type": "Point", "coordinates": [ 135.242161, 34.064998 ] } },
{ "type": "Feature", "properties": { "ID": 30551010053, "正式名称": "サハラ薬局", "機関区分": 5, "都道府県コード": 30, "市区町村コード": 204, "所在地": "和歌山県有田市箕島９３－４", "緯度": 34.08466, "経度": 135.127487, "url": "https://www.iryou.teikyouseido.mhlw.go.jp/znk-web/juminkanja/S2430/initialize?prefCd=30&kikanCd=51010053&kikanKbn=5", "url2": null, "内容": "サハラ薬局【5:薬局】和歌山県有田市箕島９３－４" }, "geometry": { "type": "Point", "coordinates": [ 135.127487, 34.08466 ] } },
{ "type": "Feature", "properties": { "ID": 30551010057, "正式名称": "中野薬局", "機関区分": 5, "都道府県コード": 30, "市区町村コード": 204, "所在地": "和歌山県有田市箕島８７３－３", "緯度": 34.085404, "経度": 135.123909, "url": "https://www.iryou.teikyouseido.mhlw.go.jp/znk-web/juminkanja/S2430/initialize?prefCd=30&kikanCd=51010057&kikanKbn=5", "url2": null, "内容": "中野薬局【5:薬局】和歌山県有田市箕島８７３－３" }, "geometry": { "type": "Point", "coordinates": [ 135.123909, 34.085404 ] } },
{ "type": "Feature", "properties": { "ID": 30551010058, "正式名称": "そまの薬局", "機関区分": 5, "都道府県コード": 30, "市区町村コード": 361, "所在地": "和歌山県有田郡湯浅町湯浅９３５－１", "緯度": 34.036163, "経度": 135.178989, "url": "https://www.iryou.teikyouseido.mhlw.go.jp/znk-web/juminkanja/S2430/initialize?prefCd=30&kikanCd=51010058&kikanKbn=5", "url2": null, "内容": "そまの薬局【5:薬局】和歌山県有田郡湯浅町湯浅９３５－１" }, "geometry": { "type": "Point", "coordinates": [ 135.178989, 34.036163 ] } },
{ "type": "Feature", "properties": { "ID": 30551010060, "正式名称": "やよい堂薬局アリダ店", "機関区分": 5, "都道府県コード": 30, "市区町村コード": 204, "所在地": "和歌山県有田市糸我町西５６０－１", "緯度": 34.073997, "経度": 135.17016, "url": "https://www.iryou.teikyouseido.mhlw.go.jp/znk-web/juminkanja/S2430/initialize?prefCd=30&kikanCd=51010060&kikanKbn=5", "url2": null, "内容": "やよい堂薬局アリダ店【5:薬局】和歌山県有田市糸我町西５６０－１" }, "geometry": { "type": "Point", "coordinates": [ 135.17016, 34.073997 ] } },
{ "type": "Feature", "properties": { "ID": 30551010063, "正式名称": "宮原薬局", "機関区分": 5, "都道府県コード": 30, "市区町村コード": 204, "所在地": "和歌山県有田市宮原町新町４７３", "緯度": 34.077336, "経度": 135.173054, "url": "https://www.iryou.teikyouseido.mhlw.go.jp/znk-web/juminkanja/S2430/initialize?prefCd=30&kikanCd=51010063&kikanKbn=5", "url2": "https://www7b.biglobe.ne.jp/~miyahara_pha7183/", "内容": "宮原薬局【5:薬局】和歌山県有田市宮原町新町４７３" }, "geometry": { "type": "Point", "coordinates": [ 135.173054, 34.077336 ] } },
{ "type": "Feature", "properties": { "ID": 30551010064, "正式名称": "エバグリーン薬局　吉備店", "機関区分": 5, "都道府県コード": 30, "市区町村コード": 366, "所在地": "和歌山県有田郡有田川町天満５６２", "緯度": 34.062586, "経度": 135.203082, "url": "https://www.iryou.teikyouseido.mhlw.go.jp/znk-web/juminkanja/S2430/initialize?prefCd=30&kikanCd=51010064&kikanKbn=5", "url2": null, "内容": "エバグリーン薬局　吉備店【5:薬局】和歌山県有田郡有田川町天満５６２" }, "geometry": { "type": "Point", "coordinates": [ 135.203082, 34.062586 ] } },
{ "type": "Feature", "properties": { "ID": 30551010066, "正式名称": "エバグリーン薬局　デリシャス有田店", "機関区分": 5, "都道府県コード": 30, "市区町村コード": 204, "所在地": "和歌山県有田市宮崎町１２３－１", "緯度": 34.07942, "経度": 135.118017, "url": "https://www.iryou.teikyouseido.mhlw.go.jp/znk-web/juminkanja/S2430/initialize?prefCd=30&kikanCd=51010066&kikanKbn=5", "url2": null, "内容": "エバグリーン薬局　デリシャス有田店【5:薬局】和歌山県有田市宮崎町１２３－１" }, "geometry": { "type": "Point", "coordinates": [ 135.118017, 34.07942 ] } },
{ "type": "Feature", "properties": { "ID": 30551010068, "正式名称": "アリダ薬局", "機関区分": 5, "都道府県コード": 30, "市区町村コード": 204, "所在地": "和歌山県有田市辻堂６２６", "緯度": 34.074637, "経度": 135.14591, "url": "https://www.iryou.teikyouseido.mhlw.go.jp/znk-web/juminkanja/S2430/initialize?prefCd=30&kikanCd=51010068&kikanKbn=5", "url2": null, "内容": "アリダ薬局【5:薬局】和歌山県有田市辻堂６２６" }, "geometry": { "type": "Point", "coordinates": [ 135.14591, 34.074637 ] } },
{ "type": "Feature", "properties": { "ID": 30551010069, "正式名称": "アリダ薬局　湯浅店", "機関区分": 5, "都道府県コード": 30, "市区町村コード": 361, "所在地": "和歌山県有田郡湯浅町湯浅９０５－３", "緯度": 34.037178, "経度": 135.179353, "url": "https://www.iryou.teikyouseido.mhlw.go.jp/znk-web/juminkanja/S2430/initialize?prefCd=30&kikanCd=51010069&kikanKbn=5", "url2": "https://www.kusurinomadoguchi.com/wakayama/s93325", "内容": "アリダ薬局　湯浅店【5:薬局】和歌山県有田郡湯浅町湯浅９０５－３" }, "geometry": { "type": "Point", "coordinates": [ 135.179353, 34.037178 ] } },
{ "type": "Feature", "properties": { "ID": 30551010071, "正式名称": "さくら薬局", "機関区分": 5, "都道府県コード": 30, "市区町村コード": 204, "所在地": "和歌山県有田市宮原町須谷５３５－１", "緯度": 34.07305, "経度": 135.182525, "url": "https://www.iryou.teikyouseido.mhlw.go.jp/znk-web/juminkanja/S2430/initialize?prefCd=30&kikanCd=51010071&kikanKbn=5", "url2": null, "内容": "さくら薬局【5:薬局】和歌山県有田市宮原町須谷５３５－１" }, "geometry": { "type": "Point", "coordinates": [ 135.182525, 34.07305 ] } },
{ "type": "Feature", "properties": { "ID": 30551010072, "正式名称": "ごんべえドリ薬局有田川店", "機関区分": 5, "都道府県コード": 30, "市区町村コード": 366, "所在地": "和歌山県有田郡有田川町天満３４２－４", "緯度": 34.060993, "経度": 135.204448, "url": "https://www.iryou.teikyouseido.mhlw.go.jp/znk-web/juminkanja/S2430/initialize?prefCd=30&kikanCd=51010072&kikanKbn=5", "url2": "http://www.gonbeedori.co.jp", "内容": "ごんべえドリ薬局有田川店【5:薬局】和歌山県有田郡有田川町天満３４２－４" }, "geometry": { "type": "Point", "coordinates": [ 135.204448, 34.060993 ] } },
{ "type": "Feature", "properties": { "ID": 30561010004, "正式名称": "ゴボウ薬局　美浜店", "機関区分": 5, "都道府県コード": 30, "市区町村コード": 381, "所在地": "和歌山県日高郡美浜町田井５４４－１", "緯度": 33.886293, "経度": 135.150317, "url": "https://www.iryou.teikyouseido.mhlw.go.jp/znk-web/juminkanja/S2430/initialize?prefCd=30&kikanCd=61010004&kikanKbn=5", "url2": null, "内容": "ゴボウ薬局　美浜店【5:薬局】和歌山県日高郡美浜町田井５４４－１" }, "geometry": { "type": "Point", "coordinates": [ 135.150317, 33.886293 ] } },
{ "type": "Feature", "properties": { "ID": 30561010006, "正式名称": "有限会社　北野薬局", "機関区分": 5, "都道府県コード": 30, "市区町村コード": 205, "所在地": "和歌山県御坊市薗２４４", "緯度": 33.891404, "経度": 135.156287, "url": "https://www.iryou.teikyouseido.mhlw.go.jp/znk-web/juminkanja/S2430/initialize?prefCd=30&kikanCd=61010006&kikanKbn=5", "url2": null, "内容": "有限会社　北野薬局【5:薬局】和歌山県御坊市薗２４４" }, "geometry": { "type": "Point", "coordinates": [ 135.156287, 33.891404 ] } },
{ "type": "Feature", "properties": { "ID": 30561010013, "正式名称": "北出薬局", "機関区分": 5, "都道府県コード": 30, "市区町村コード": 382, "所在地": "和歌山県日高郡日高町比井６５０", "緯度": 33.921092, "経度": 135.082341, "url": "https://www.iryou.teikyouseido.mhlw.go.jp/znk-web/juminkanja/S2430/initialize?prefCd=30&kikanCd=61010013&kikanKbn=5", "url2": null, "内容": "北出薬局【5:薬局】和歌山県日高郡日高町比井６５０" }, "geometry": { "type": "Point", "coordinates": [ 135.082341, 33.921092 ] } },
{ "type": "Feature", "properties": { "ID": 30561010017, "正式名称": "古久保薬局", "機関区分": 5, "都道府県コード": 30, "市区町村コード": 205, "所在地": "和歌山県御坊市湯川町財部６６１－７", "緯度": 33.898925, "経度": 135.153083, "url": "https://www.iryou.teikyouseido.mhlw.go.jp/znk-web/juminkanja/S2430/initialize?prefCd=30&kikanCd=61010017&kikanKbn=5", "url2": null, "内容": "古久保薬局【5:薬局】和歌山県御坊市湯川町財部６６１－７" }, "geometry": { "type": "Point", "coordinates": [ 135.153083, 33.898925 ] } },
{ "type": "Feature", "properties": { "ID": 30561010018, "正式名称": "オレンジ薬局", "機関区分": 5, "都道府県コード": 30, "市区町村コード": 205, "所在地": "和歌山県御坊市湯川町財部７２１－２", "緯度": 33.896416, "経度": 135.153535, "url": "https://www.iryou.teikyouseido.mhlw.go.jp/znk-web/juminkanja/S2430/initialize?prefCd=30&kikanCd=61010018&kikanKbn=5", "url2": null, "内容": "オレンジ薬局【5:薬局】和歌山県御坊市湯川町財部７２１－２" }, "geometry": { "type": "Point", "coordinates": [ 135.153535, 33.896416 ] } },
{ "type": "Feature", "properties": { "ID": 30561010020, "正式名称": "薬局スーパードラッグキリン御坊店", "機関区分": 5, "都道府県コード": 30, "市区町村コード": 205, "所在地": "和歌山県御坊市湯川町財部１０５３－１", "緯度": 33.901524, "経度": 135.167674, "url": "https://www.iryou.teikyouseido.mhlw.go.jp/znk-web/juminkanja/S2430/initialize?prefCd=30&kikanCd=61010020&kikanKbn=5", "url2": "https://www.tokai-seims.co.jp/", "内容": "薬局スーパードラッグキリン御坊店【5:薬局】和歌山県御坊市湯川町財部１０５３－１" }, "geometry": { "type": "Point", "coordinates": [ 135.167674, 33.901524 ] } },
{ "type": "Feature", "properties": { "ID": 30561010021, "正式名称": "みさお薬局", "機関区分": 5, "都道府県コード": 30, "市区町村コード": 381, "所在地": "和歌山県日高郡美浜町和田１１３８－１８５", "緯度": 33.894318, "経度": 135.134479, "url": "https://www.iryou.teikyouseido.mhlw.go.jp/znk-web/juminkanja/S2430/initialize?prefCd=30&kikanCd=61010021&kikanKbn=5", "url2": "http:/www.naxnet.or.jp/~misao330", "内容": "みさお薬局【5:薬局】和歌山県日高郡美浜町和田１１３８－１８５" }, "geometry": { "type": "Point", "coordinates": [ 135.134479, 33.894318 ] } },
{ "type": "Feature", "properties": { "ID": 30561010022, "正式名称": "株式会社　薗徹薬局", "機関区分": 5, "都道府県コード": 30, "市区町村コード": 205, "所在地": "和歌山県御坊市御坊１２１", "緯度": 33.889581, "経度": 135.158111, "url": "https://www.iryou.teikyouseido.mhlw.go.jp/znk-web/juminkanja/S2430/initialize?prefCd=30&kikanCd=61010022&kikanKbn=5", "url2": null, "内容": "株式会社　薗徹薬局【5:薬局】和歌山県御坊市御坊１２１" }, "geometry": { "type": "Point", "coordinates": [ 135.158111, 33.889581 ] } },
{ "type": "Feature", "properties": { "ID": 30561010023, "正式名称": "古川薬局", "機関区分": 5, "都道府県コード": 30, "市区町村コード": 390, "所在地": "和歌山県日高郡印南町印南３１４８－３", "緯度": 33.813038, "経度": 135.22012, "url": "https://www.iryou.teikyouseido.mhlw.go.jp/znk-web/juminkanja/S2430/initialize?prefCd=30&kikanCd=61010023&kikanKbn=5", "url2": null, "内容": "古川薬局【5:薬局】和歌山県日高郡印南町印南３１４８－３" }, "geometry": { "type": "Point", "coordinates": [ 135.22012, 33.813038 ] } },
{ "type": "Feature", "properties": { "ID": 30561010024, "正式名称": "メディカルステーションそのてつ薬局", "機関区分": 5, "都道府県コード": 30, "市区町村コード": 205, "所在地": "和歌山県御坊市湯川町財部６３６－２", "緯度": 33.896749, "経度": 135.150489, "url": "https://www.iryou.teikyouseido.mhlw.go.jp/znk-web/juminkanja/S2430/initialize?prefCd=30&kikanCd=61010024&kikanKbn=5", "url2": null, "内容": "メディカルステーションそのてつ薬局【5:薬局】和歌山県御坊市湯川町財部６３６－２" }, "geometry": { "type": "Point", "coordinates": [ 135.150489, 33.896749 ] } },
{ "type": "Feature", "properties": { "ID": 30561010025, "正式名称": "みかん薬局", "機関区分": 5, "都道府県コード": 30, "市区町村コード": 382, "所在地": "和歌山県日高郡日高町荊木５６２－１", "緯度": 33.924892, "経度": 135.14474, "url": "https://www.iryou.teikyouseido.mhlw.go.jp/znk-web/juminkanja/S2430/initialize?prefCd=30&kikanCd=61010025&kikanKbn=5", "url2": null, "内容": "みかん薬局【5:薬局】和歌山県日高郡日高町荊木５６２－１" }, "geometry": { "type": "Point", "coordinates": [ 135.14474, 33.924892 ] } },
{ "type": "Feature", "properties": { "ID": 30561010026, "正式名称": "三ツ星薬局", "機関区分": 5, "都道府県コード": 30, "市区町村コード": 381, "所在地": "和歌山県日高郡美浜町吉原２６１", "緯度": 33.891957, "経度": 135.144933, "url": "https://www.iryou.teikyouseido.mhlw.go.jp/znk-web/juminkanja/S2430/initialize?prefCd=30&kikanCd=61010026&kikanKbn=5", "url2": null, "内容": "三ツ星薬局【5:薬局】和歌山県日高郡美浜町吉原２６１" }, "geometry": { "type": "Point", "coordinates": [ 135.144933, 33.891957 ] } },
{ "type": "Feature", "properties": { "ID": 30561010027, "正式名称": "しらい薬局", "機関区分": 5, "都道府県コード": 30, "市区町村コード": 205, "所在地": "和歌山県御坊市湯川町財部５２１－７", "緯度": 33.900533, "経度": 135.153237, "url": "https://www.iryou.teikyouseido.mhlw.go.jp/znk-web/juminkanja/S2430/initialize?prefCd=30&kikanCd=61010027&kikanKbn=5", "url2": null, "内容": "しらい薬局【5:薬局】和歌山県御坊市湯川町財部５２１－７" }, "geometry": { "type": "Point", "coordinates": [ 135.153237, 33.900533 ] } },
{ "type": "Feature", "properties": { "ID": 30561010028, "正式名称": "なんかい薬局", "機関区分": 5, "都道府県コード": 30, "市区町村コード": 205, "所在地": "和歌山県御坊市湯川町財部７１７－１", "緯度": 33.89626, "経度": 135.152855, "url": "https://www.iryou.teikyouseido.mhlw.go.jp/znk-web/juminkanja/S2430/initialize?prefCd=30&kikanCd=61010028&kikanKbn=5", "url2": null, "内容": "なんかい薬局【5:薬局】和歌山県御坊市湯川町財部７１７－１" }, "geometry": { "type": "Point", "coordinates": [ 135.152855, 33.89626 ] } },
{ "type": "Feature", "properties": { "ID": 30561010030, "正式名称": "幸生堂薬局", "機関区分": 5, "都道府県コード": 30, "市区町村コード": 205, "所在地": "和歌山県御坊市藤田町吉田６２７", "緯度": 33.903445, "経度": 135.165173, "url": "https://www.iryou.teikyouseido.mhlw.go.jp/znk-web/juminkanja/S2430/initialize?prefCd=30&kikanCd=61010030&kikanKbn=5", "url2": "https://www.pharmarise.com/company/group/store.php?group_id=35", "内容": "幸生堂薬局【5:薬局】和歌山県御坊市藤田町吉田６２７" }, "geometry": { "type": "Point", "coordinates": [ 135.165173, 33.903445 ] } },
{ "type": "Feature", "properties": { "ID": 30561010032, "正式名称": "三ツ星薬局　御坊店", "機関区分": 5, "都道府県コード": 30, "市区町村コード": 205, "所在地": "和歌山県御坊市薗５１２－６", "緯度": 33.887526, "経度": 135.154639, "url": "https://www.iryou.teikyouseido.mhlw.go.jp/znk-web/juminkanja/S2430/initialize?prefCd=30&kikanCd=61010032&kikanKbn=5", "url2": null, "内容": "三ツ星薬局　御坊店【5:薬局】和歌山県御坊市薗５１２－６" }, "geometry": { "type": "Point", "coordinates": [ 135.154639, 33.887526 ] } },
{ "type": "Feature", "properties": { "ID": 30561010035, "正式名称": "アイン薬局　御坊店", "機関区分": 5, "都道府県コード": 30, "市区町村コード": 205, "所在地": "和歌山県御坊市湯川町財部７２６－８", "緯度": 33.896667, "経度": 135.154814, "url": "https://www.iryou.teikyouseido.mhlw.go.jp/znk-web/juminkanja/S2430/initialize?prefCd=30&kikanCd=61010035&kikanKbn=5", "url2": "https://www.ainj.co.jp/", "内容": "アイン薬局　御坊店【5:薬局】和歌山県御坊市湯川町財部７２６－８" }, "geometry": { "type": "Point", "coordinates": [ 135.154814, 33.896667 ] } },
{ "type": "Feature", "properties": { "ID": 30561010036, "正式名称": "Ｙａｍａｓｈｉｔａ　Ｐｈａｒｍａｃｙ", "機関区分": 5, "都道府県コード": 30, "市区町村コード": 205, "所在地": "和歌山県御坊市名田町野島１－６", "緯度": 33.83372, "経度": 135.178986, "url": "https://www.iryou.teikyouseido.mhlw.go.jp/znk-web/juminkanja/S2430/initialize?prefCd=30&kikanCd=61010036&kikanKbn=5", "url2": null, "内容": "Ｙａｍａｓｈｉｔａ　Ｐｈａｒｍａｃｙ【5:薬局】和歌山県御坊市名田町野島１－６" }, "geometry": { "type": "Point", "coordinates": [ 135.178986, 33.83372 ] } },
{ "type": "Feature", "properties": { "ID": 30561010038, "正式名称": "薬局スーパードラッグキリン御坊国道店", "機関区分": 5, "都道府県コード": 30, "市区町村コード": 205, "所在地": "和歌山県御坊市薗３８－１", "緯度": 33.894727, "経度": 135.151438, "url": "https://www.iryou.teikyouseido.mhlw.go.jp/znk-web/juminkanja/S2430/initialize?prefCd=30&kikanCd=61010038&kikanKbn=5", "url2": "https://www.tokai-seims.co.jp/", "内容": "薬局スーパードラッグキリン御坊国道店【5:薬局】和歌山県御坊市薗３８－１" }, "geometry": { "type": "Point", "coordinates": [ 135.151438, 33.894727 ] } },
{ "type": "Feature", "properties": { "ID": 30561010040, "正式名称": "ひょうたん印の薬局", "機関区分": 5, "都道府県コード": 30, "市区町村コード": 205, "所在地": "和歌山県御坊市湯川町小松原５３０番５", "緯度": 33.905446, "経度": 135.153783, "url": "https://www.iryou.teikyouseido.mhlw.go.jp/znk-web/juminkanja/S2430/initialize?prefCd=30&kikanCd=61010040&kikanKbn=5", "url2": "https://www.hyoutanjirushi.com/", "内容": "ひょうたん印の薬局【5:薬局】和歌山県御坊市湯川町小松原５３０番５" }, "geometry": { "type": "Point", "coordinates": [ 135.153783, 33.905446 ] } },
{ "type": "Feature", "properties": { "ID": 30561010041, "正式名称": "アイム薬局　ごぼうひだか店", "機関区分": 5, "都道府県コード": 30, "市区町村コード": 205, "所在地": "和歌山県御坊市薗３８１－１０", "緯度": 33.890715, "経度": 135.154068, "url": "https://www.iryou.teikyouseido.mhlw.go.jp/znk-web/juminkanja/S2430/initialize?prefCd=30&kikanCd=61010041&kikanKbn=5", "url2": null, "内容": "アイム薬局　ごぼうひだか店【5:薬局】和歌山県御坊市薗３８１－１０" }, "geometry": { "type": "Point", "coordinates": [ 135.154068, 33.890715 ] } },
{ "type": "Feature", "properties": { "ID": 30561010043, "正式名称": "株式会社　喜多芳雲堂薬局", "機関区分": 5, "都道府県コード": 30, "市区町村コード": 205, "所在地": "和歌山県御坊市御坊２４０", "緯度": 33.887724, "経度": 135.156294, "url": "https://www.iryou.teikyouseido.mhlw.go.jp/znk-web/juminkanja/S2430/initialize?prefCd=30&kikanCd=61010043&kikanKbn=5", "url2": null, "内容": "株式会社　喜多芳雲堂薬局【5:薬局】和歌山県御坊市御坊２４０" }, "geometry": { "type": "Point", "coordinates": [ 135.156294, 33.887724 ] } },
{ "type": "Feature", "properties": { "ID": 30561010044, "正式名称": "そうごう薬局　川辺店", "機関区分": 5, "都道府県コード": 30, "市区町村コード": 392, "所在地": "和歌山県日高郡日高川町土生１６０－４", "緯度": 33.912186, "経度": 135.186227, "url": "https://www.iryou.teikyouseido.mhlw.go.jp/znk-web/juminkanja/S2430/initialize?prefCd=30&kikanCd=61010044&kikanKbn=5", "url2": "https://www.sogo-medical.co.jp/", "内容": "そうごう薬局　川辺店【5:薬局】和歌山県日高郡日高川町土生１６０－４" }, "geometry": { "type": "Point", "coordinates": [ 135.186227, 33.912186 ] } },
{ "type": "Feature", "properties": { "ID": 30561010045, "正式名称": "そうごう薬局　印南店", "機関区分": 5, "都道府県コード": 30, "市区町村コード": 390, "所在地": "和歌山県日高郡印南町島田１１６４－１", "緯度": 33.796864, "経度": 135.240593, "url": "https://www.iryou.teikyouseido.mhlw.go.jp/znk-web/juminkanja/S2430/initialize?prefCd=30&kikanCd=61010045&kikanKbn=5", "url2": "https://www.sogo-pharmacy.jp/shop/view/743", "内容": "そうごう薬局　印南店【5:薬局】和歌山県日高郡印南町島田１１６４－１" }, "geometry": { "type": "Point", "coordinates": [ 135.240593, 33.796864 ] } },
{ "type": "Feature", "properties": { "ID": 30561010046, "正式名称": "ひなた薬局", "機関区分": 5, "都道府県コード": 30, "市区町村コード": 205, "所在地": "和歌山県御坊市湯川町財部２２１－１１", "緯度": 33.90145, "経度": 135.149732, "url": "https://www.iryou.teikyouseido.mhlw.go.jp/znk-web/juminkanja/S2430/initialize?prefCd=30&kikanCd=61010046&kikanKbn=5", "url2": null, "内容": "ひなた薬局【5:薬局】和歌山県御坊市湯川町財部２２１－１１" }, "geometry": { "type": "Point", "coordinates": [ 135.149732, 33.90145 ] } },
{ "type": "Feature", "properties": { "ID": 30561010048, "正式名称": "あい薬局", "機関区分": 5, "都道府県コード": 30, "市区町村コード": 383, "所在地": "和歌山県日高郡由良町里３４９－１", "緯度": 33.964202, "経度": 135.123386, "url": "https://www.iryou.teikyouseido.mhlw.go.jp/znk-web/juminkanja/S2430/initialize?prefCd=30&kikanCd=61010048&kikanKbn=5", "url2": null, "内容": "あい薬局【5:薬局】和歌山県日高郡由良町里３４９－１" }, "geometry": { "type": "Point", "coordinates": [ 135.123386, 33.964202 ] } },
{ "type": "Feature", "properties": { "ID": 30561010049, "正式名称": "日高会営調剤薬局", "機関区分": 5, "都道府県コード": 30, "市区町村コード": 381, "所在地": "和歌山県日高郡美浜町和田１１３８－３４１", "緯度": 33.892681, "経度": 135.138048, "url": "https://www.iryou.teikyouseido.mhlw.go.jp/znk-web/juminkanja/S2430/initialize?prefCd=30&kikanCd=61010049&kikanKbn=5", "url2": null, "内容": "日高会営調剤薬局【5:薬局】和歌山県日高郡美浜町和田１１３８－３４１" }, "geometry": { "type": "Point", "coordinates": [ 135.138048, 33.892681 ] } },
{ "type": "Feature", "properties": { "ID": 30561010050, "正式名称": "サンドラッグ御坊調剤薬局", "機関区分": 5, "都道府県コード": 30, "市区町村コード": 205, "所在地": "和歌山県御坊市薗９８－１", "緯度": 33.895955, "経度": 135.153573, "url": "https://www.iryou.teikyouseido.mhlw.go.jp/znk-web/juminkanja/S2430/initialize?prefCd=30&kikanCd=61010050&kikanKbn=5", "url2": "https://sundrug-online.com/blogs/search-store/5954", "内容": "サンドラッグ御坊調剤薬局【5:薬局】和歌山県御坊市薗９８－１" }, "geometry": { "type": "Point", "coordinates": [ 135.153573, 33.895955 ] } },
{ "type": "Feature", "properties": { "ID": 30561010051, "正式名称": "大堀薬局", "機関区分": 5, "都道府県コード": 30, "市区町村コード": 205, "所在地": "和歌山県御坊市薗１５６－４", "緯度": 33.892782, "経度": 135.156379, "url": "https://www.iryou.teikyouseido.mhlw.go.jp/znk-web/juminkanja/S2430/initialize?prefCd=30&kikanCd=61010051&kikanKbn=5", "url2": null, "内容": "大堀薬局【5:薬局】和歌山県御坊市薗１５６－４" }, "geometry": { "type": "Point", "coordinates": [ 135.156379, 33.892782 ] } },
{ "type": "Feature", "properties": { "ID": 30561010052, "正式名称": "エバグリーン薬局御坊店", "機関区分": 5, "都道府県コード": 30, "市区町村コード": 205, "所在地": "和歌山県御坊市湯川町財部８４０－１", "緯度": 33.900939, "経度": 135.159919, "url": "https://www.iryou.teikyouseido.mhlw.go.jp/znk-web/juminkanja/S2430/initialize?prefCd=30&kikanCd=61010052&kikanKbn=5", "url2": null, "内容": "エバグリーン薬局御坊店【5:薬局】和歌山県御坊市湯川町財部８４０－１" }, "geometry": { "type": "Point", "coordinates": [ 135.159919, 33.900939 ] } },
{ "type": "Feature", "properties": { "ID": 30561010053, "正式名称": "阪神調剤薬局　和歌山御坊店", "機関区分": 5, "都道府県コード": 30, "市区町村コード": 205, "所在地": "和歌山県御坊市薗９６－１", "緯度": 33.895972, "経度": 135.153053, "url": "https://www.iryou.teikyouseido.mhlw.go.jp/znk-web/juminkanja/S2430/initialize?prefCd=30&kikanCd=61010053&kikanKbn=5", "url2": "https://www.sugi-net.jp/", "内容": "阪神調剤薬局　和歌山御坊店【5:薬局】和歌山県御坊市薗９６－１" }, "geometry": { "type": "Point", "coordinates": [ 135.153053, 33.895972 ] } },
{ "type": "Feature", "properties": { "ID": 30561010054, "正式名称": "ひょうたん印の薬局藤田店", "機関区分": 5, "都道府県コード": 30, "市区町村コード": 205, "所在地": "和歌山県御坊市藤田町吉田６２７", "緯度": 33.90342, "経度": 135.165086, "url": "https://www.iryou.teikyouseido.mhlw.go.jp/znk-web/juminkanja/S2430/initialize?prefCd=30&kikanCd=61010054&kikanKbn=5", "url2": null, "内容": "ひょうたん印の薬局藤田店【5:薬局】和歌山県御坊市藤田町吉田６２７" }, "geometry": { "type": "Point", "coordinates": [ 135.165086, 33.90342 ] } },
{ "type": "Feature", "properties": { "ID": 30571010001, "正式名称": "ダック調剤薬局", "機関区分": 5, "都道府県コード": 30, "市区町村コード": 206, "所在地": "和歌山県田辺市高雄一丁目２２－１６", "緯度": 33.735158, "経度": 135.375723, "url": "https://www.iryou.teikyouseido.mhlw.go.jp/znk-web/juminkanja/S2430/initialize?prefCd=30&kikanCd=71010001&kikanKbn=5", "url2": null, "内容": "ダック調剤薬局【5:薬局】和歌山県田辺市高雄一丁目２２－１６" }, "geometry": { "type": "Point", "coordinates": [ 135.375723, 33.735158 ] } },
{ "type": "Feature", "properties": { "ID": 30571010010, "正式名称": "赤木薬草園薬局", "機関区分": 5, "都道府県コード": 30, "市区町村コード": 206, "所在地": "和歌山県田辺市あけぼの２－４１", "緯度": 33.730182, "経度": 135.390326, "url": "https://www.iryou.teikyouseido.mhlw.go.jp/znk-web/juminkanja/S2430/initialize?prefCd=30&kikanCd=71010010&kikanKbn=5", "url2": null, "内容": "赤木薬草園薬局【5:薬局】和歌山県田辺市あけぼの２－４１" }, "geometry": { "type": "Point", "coordinates": [ 135.390326, 33.730182 ] } },
{ "type": "Feature", "properties": { "ID": 30571010011, "正式名称": "ケイ・ユー薬局", "機関区分": 5, "都道府県コード": 30, "市区町村コード": 404, "所在地": "和歌山県西牟婁郡上富田町岩田２４３２－４", "緯度": 33.7117, "経度": 135.444061, "url": "https://www.iryou.teikyouseido.mhlw.go.jp/znk-web/juminkanja/S2430/initialize?prefCd=30&kikanCd=71010011&kikanKbn=5", "url2": null, "内容": "ケイ・ユー薬局【5:薬局】和歌山県西牟婁郡上富田町岩田２４３２－４" }, "geometry": { "type": "Point", "coordinates": [ 135.444061, 33.7117 ] } },
{ "type": "Feature", "properties": { "ID": 30571010014, "正式名称": "駅前薬局", "機関区分": 5, "都道府県コード": 30, "市区町村コード": 391, "所在地": "和歌山県日高郡みなべ町芝４０９－１１", "緯度": 33.766591, "経度": 135.323752, "url": "https://www.iryou.teikyouseido.mhlw.go.jp/znk-web/juminkanja/S2430/initialize?prefCd=30&kikanCd=71010014&kikanKbn=5", "url2": null, "内容": "駅前薬局【5:薬局】和歌山県日高郡みなべ町芝４０９－１１" }, "geometry": { "type": "Point", "coordinates": [ 135.323752, 33.766591 ] } },
{ "type": "Feature", "properties": { "ID": 30571010023, "正式名称": "オードラッグ　スーパーセンター　上富田薬局", "機関区分": 5, "都道府県コード": 30, "市区町村コード": 404, "所在地": "和歌山県西牟婁郡上富田町朝来１５４－１", "緯度": 33.699132, "経度": 135.427788, "url": "https://www.iryou.teikyouseido.mhlw.go.jp/znk-web/juminkanja/S2430/initialize?prefCd=30&kikanCd=71010023&kikanKbn=5", "url2": null, "内容": "オードラッグ　スーパーセンター　上富田薬局【5:薬局】和歌山県西牟婁郡上富田町朝来１５４－１" }, "geometry": { "type": "Point", "coordinates": [ 135.427788, 33.699132 ] } },
{ "type": "Feature", "properties": { "ID": 30571010025, "正式名称": "くちい薬局", "機関区分": 5, "都道府県コード": 30, "市区町村コード": 206, "所在地": "和歌山県田辺市あけぼの４５－５", "緯度": 33.731471, "経度": 135.393471, "url": "https://www.iryou.teikyouseido.mhlw.go.jp/znk-web/juminkanja/S2430/initialize?prefCd=30&kikanCd=71010025&kikanKbn=5", "url2": null, "内容": "くちい薬局【5:薬局】和歌山県田辺市あけぼの４５－５" }, "geometry": { "type": "Point", "coordinates": [ 135.393471, 33.731471 ] } },
{ "type": "Feature", "properties": { "ID": 30571010026, "正式名称": "おおぐす薬局", "機関区分": 5, "都道府県コード": 30, "市区町村コード": 391, "所在地": "和歌山県日高郡みなべ町北道", "緯度": 33.769184, "経度": 135.321403, "url": "https://www.iryou.teikyouseido.mhlw.go.jp/znk-web/juminkanja/S2430/initialize?prefCd=30&kikanCd=71010026&kikanKbn=5", "url2": null, "内容": "おおぐす薬局【5:薬局】和歌山県日高郡みなべ町北道" }, "geometry": { "type": "Point", "coordinates": [ 135.321403, 33.769184 ] } },
{ "type": "Feature", "properties": { "ID": 30571010029, "正式名称": "紀南病院前会営調剤薬局", "機関区分": 5, "都道府県コード": 30, "市区町村コード": 206, "所在地": "和歌山県田辺市新庄町２２５－１６０", "緯度": 33.73048, "経度": 135.407327, "url": "https://www.iryou.teikyouseido.mhlw.go.jp/znk-web/juminkanja/S2430/initialize?prefCd=30&kikanCd=71010029&kikanKbn=5", "url2": "http://www.tanabe-kaiei.jp", "内容": "紀南病院前会営調剤薬局【5:薬局】和歌山県田辺市新庄町２２５－１６０" }, "geometry": { "type": "Point", "coordinates": [ 135.407327, 33.73048 ] } },
{ "type": "Feature", "properties": { "ID": 30571010030, "正式名称": "切目屋調剤薬局", "機関区分": 5, "都道府県コード": 30, "市区町村コード": 206, "所在地": "和歌山県田辺市新万２３－１４－１", "緯度": 33.732134, "経度": 135.399268, "url": "https://www.iryou.teikyouseido.mhlw.go.jp/znk-web/juminkanja/S2430/initialize?prefCd=30&kikanCd=71010030&kikanKbn=5", "url2": null, "内容": "切目屋調剤薬局【5:薬局】和歌山県田辺市新万２３－１４－１" }, "geometry": { "type": "Point", "coordinates": [ 135.399268, 33.732134 ] } },
{ "type": "Feature", "properties": { "ID": 30571010037, "正式名称": "有限会社　ウエムラ薬局", "機関区分": 5, "都道府県コード": 30, "市区町村コード": 206, "所在地": "和歌山県田辺市東陽３４－３", "緯度": 33.726343, "経度": 135.383448, "url": "https://www.iryou.teikyouseido.mhlw.go.jp/znk-web/juminkanja/S2430/initialize?prefCd=30&kikanCd=71010037&kikanKbn=5", "url2": null, "内容": "有限会社　ウエムラ薬局【5:薬局】和歌山県田辺市東陽３４－３" }, "geometry": { "type": "Point", "coordinates": [ 135.383448, 33.726343 ] } },
{ "type": "Feature", "properties": { "ID": 30571010038, "正式名称": "みなと薬局", "機関区分": 5, "都道府県コード": 30, "市区町村コード": 206, "所在地": "和歌山県田辺市湊３４－２５", "緯度": 33.731559, "経度": 135.384754, "url": "https://www.iryou.teikyouseido.mhlw.go.jp/znk-web/juminkanja/S2430/initialize?prefCd=30&kikanCd=71010038&kikanKbn=5", "url2": null, "内容": "みなと薬局【5:薬局】和歌山県田辺市湊３４－２５" }, "geometry": { "type": "Point", "coordinates": [ 135.384754, 33.731559 ] } },
{ "type": "Feature", "properties": { "ID": 30571010047, "正式名称": "有限会社　出嶋調剤薬局", "機関区分": 5, "都道府県コード": 30, "市区町村コード": 404, "所在地": "和歌山県西牟婁郡上富田町朝来７９５－５", "緯度": 33.695252, "経度": 135.427995, "url": "https://www.iryou.teikyouseido.mhlw.go.jp/znk-web/juminkanja/S2430/initialize?prefCd=30&kikanCd=71010047&kikanKbn=5", "url2": "https://dejima-pharmacy.com/", "内容": "有限会社　出嶋調剤薬局【5:薬局】和歌山県西牟婁郡上富田町朝来７９５－５" }, "geometry": { "type": "Point", "coordinates": [ 135.427995, 33.695252 ] } },
{ "type": "Feature", "properties": { "ID": 30571010048, "正式名称": "有限会社出嶋薬局駅前店", "機関区分": 5, "都道府県コード": 30, "市区町村コード": 404, "所在地": "和歌山県西牟婁郡上富田町朝来１３３８－１", "緯度": 33.695173, "経度": 135.418917, "url": "https://www.iryou.teikyouseido.mhlw.go.jp/znk-web/juminkanja/S2430/initialize?prefCd=30&kikanCd=71010048&kikanKbn=5", "url2": "https://dejima-pharmacy.com/", "内容": "有限会社出嶋薬局駅前店【5:薬局】和歌山県西牟婁郡上富田町朝来１３３８－１" }, "geometry": { "type": "Point", "coordinates": [ 135.418917, 33.695173 ] } },
{ "type": "Feature", "properties": { "ID": 30571010052, "正式名称": "ナリタ薬局", "機関区分": 5, "都道府県コード": 30, "市区町村コード": 206, "所在地": "和歌山県田辺市末広町１７－２４", "緯度": 33.724253, "経度": 135.382687, "url": "https://www.iryou.teikyouseido.mhlw.go.jp/znk-web/juminkanja/S2430/initialize?prefCd=30&kikanCd=71010052&kikanKbn=5", "url2": null, "内容": "ナリタ薬局【5:薬局】和歌山県田辺市末広町１７－２４" }, "geometry": { "type": "Point", "coordinates": [ 135.382687, 33.724253 ] } },
{ "type": "Feature", "properties": { "ID": 30571010054, "正式名称": "有限会社　出嶋薬局　朝来店", "機関区分": 5, "都道府県コード": 30, "市区町村コード": 404, "所在地": "和歌山県西牟婁郡上富田町朝来９９５－６", "緯度": 33.695773, "経度": 135.422713, "url": "https://www.iryou.teikyouseido.mhlw.go.jp/znk-web/juminkanja/S2430/initialize?prefCd=30&kikanCd=71010054&kikanKbn=5", "url2": "https://dejima-pharmacy.com/", "内容": "有限会社　出嶋薬局　朝来店【5:薬局】和歌山県西牟婁郡上富田町朝来９９５－６" }, "geometry": { "type": "Point", "coordinates": [ 135.422713, 33.695773 ] } },
{ "type": "Feature", "properties": { "ID": 30571010058, "正式名称": "薬局スーパードラッグキリン万呂店", "機関区分": 5, "都道府県コード": 30, "市区町村コード": 206, "所在地": "和歌山県田辺市下万呂４１８", "緯度": 33.738768, "経度": 135.39568, "url": "https://www.iryou.teikyouseido.mhlw.go.jp/znk-web/juminkanja/S2430/initialize?prefCd=30&kikanCd=71010058&kikanKbn=5", "url2": "https://www.tokai-seims.co.jp/", "内容": "薬局スーパードラッグキリン万呂店【5:薬局】和歌山県田辺市下万呂４１８" }, "geometry": { "type": "Point", "coordinates": [ 135.39568, 33.738768 ] } },
{ "type": "Feature", "properties": { "ID": 30571010060, "正式名称": "切目屋調剤薬局　下三栖岩屋支店", "機関区分": 5, "都道府県コード": 30, "市区町村コード": 206, "所在地": "和歌山県田辺市下三栖岩屋１４８３－２３", "緯度": 33.730138, "経度": 135.420625, "url": "https://www.iryou.teikyouseido.mhlw.go.jp/znk-web/juminkanja/S2430/initialize?prefCd=30&kikanCd=71010060&kikanKbn=5", "url2": null, "内容": "切目屋調剤薬局　下三栖岩屋支店【5:薬局】和歌山県田辺市下三栖岩屋１４８３－２３" }, "geometry": { "type": "Point", "coordinates": [ 135.420625, 33.730138 ] } },
{ "type": "Feature", "properties": { "ID": 30571010062, "正式名称": "上西薬局", "機関区分": 5, "都道府県コード": 30, "市区町村コード": 401, "所在地": "和歌山県西牟婁郡白浜町２１８４", "緯度": 33.676897, "経度": 135.342182, "url": "https://www.iryou.teikyouseido.mhlw.go.jp/znk-web/juminkanja/S2430/initialize?prefCd=30&kikanCd=71010062&kikanKbn=5", "url2": null, "内容": "上西薬局【5:薬局】和歌山県西牟婁郡白浜町２１８４" }, "geometry": { "type": "Point", "coordinates": [ 135.342182, 33.676897 ] } },
{ "type": "Feature", "properties": { "ID": 30571010066, "正式名称": "田辺会営調剤薬局", "機関区分": 5, "都道府県コード": 30, "市区町村コード": 206, "所在地": "和歌山県田辺市たきない町２１－２２", "緯度": 33.700042, "経度": 135.400385, "url": "https://www.iryou.teikyouseido.mhlw.go.jp/znk-web/juminkanja/S2430/initialize?prefCd=30&kikanCd=71010066&kikanKbn=5", "url2": "http://www.tanabe-kaiei.jp/original.html", "内容": "田辺会営調剤薬局【5:薬局】和歌山県田辺市たきない町２１－２２" }, "geometry": { "type": "Point", "coordinates": [ 135.400385, 33.700042 ] } },
{ "type": "Feature", "properties": { "ID": 30571010068, "正式名称": "株式会社切目屋薬局　中屋敷支店", "機関区分": 5, "都道府県コード": 30, "市区町村コード": 206, "所在地": "和歌山県田辺市中屋敷町６８－４", "緯度": 33.729473, "経度": 135.378785, "url": "https://www.iryou.teikyouseido.mhlw.go.jp/znk-web/juminkanja/S2430/initialize?prefCd=30&kikanCd=71010068&kikanKbn=5", "url2": "http://www.kieimwya-pharmacy.jp/", "内容": "株式会社切目屋薬局　中屋敷支店【5:薬局】和歌山県田辺市中屋敷町６８－４" }, "geometry": { "type": "Point", "coordinates": [ 135.378785, 33.729473 ] } },
{ "type": "Feature", "properties": { "ID": 30571010069, "正式名称": "アトム調剤薬局", "機関区分": 5, "都道府県コード": 30, "市区町村コード": 401, "所在地": "和歌山県西牟婁郡白浜町堅田７６５－１", "緯度": 33.662993, "経度": 135.385525, "url": "https://www.iryou.teikyouseido.mhlw.go.jp/znk-web/juminkanja/S2430/initialize?prefCd=30&kikanCd=71010069&kikanKbn=5", "url2": null, "内容": "アトム調剤薬局【5:薬局】和歌山県西牟婁郡白浜町堅田７６５－１" }, "geometry": { "type": "Point", "coordinates": [ 135.385525, 33.662993 ] } },
{ "type": "Feature", "properties": { "ID": 30571010071, "正式名称": "有限会社　出嶋薬局　たきない店", "機関区分": 5, "都道府県コード": 30, "市区町村コード": 206, "所在地": "和歌山県田辺市たきない町２０－８", "緯度": 33.701861, "経度": 135.401959, "url": "https://www.iryou.teikyouseido.mhlw.go.jp/znk-web/juminkanja/S2430/initialize?prefCd=30&kikanCd=71010071&kikanKbn=5", "url2": "http://dejima-pharmacy.sakura.ne.jp/", "内容": "有限会社　出嶋薬局　たきない店【5:薬局】和歌山県田辺市たきない町２０－８" }, "geometry": { "type": "Point", "coordinates": [ 135.401959, 33.701861 ] } },
{ "type": "Feature", "properties": { "ID": 30571010072, "正式名称": "株式会社　くまの薬局", "機関区分": 5, "都道府県コード": 30, "市区町村コード": 206, "所在地": "和歌山県田辺市本宮町本宮２５６－１", "緯度": 33.837475, "経度": 135.774038, "url": "https://www.iryou.teikyouseido.mhlw.go.jp/znk-web/juminkanja/S2430/initialize?prefCd=30&kikanCd=71010072&kikanKbn=5", "url2": null, "内容": "株式会社　くまの薬局【5:薬局】和歌山県田辺市本宮町本宮２５６－１" }, "geometry": { "type": "Point", "coordinates": [ 135.774038, 33.837475 ] } },
{ "type": "Feature", "properties": { "ID": 30571010075, "正式名称": "ナカヤドラッグ薬局", "機関区分": 5, "都道府県コード": 30, "市区町村コード": 206, "所在地": "和歌山県田辺市上の山２丁目１７－８", "緯度": 33.733961, "経度": 135.363996, "url": "https://www.iryou.teikyouseido.mhlw.go.jp/znk-web/juminkanja/S2430/initialize?prefCd=30&kikanCd=71010075&kikanKbn=5", "url2": null, "内容": "ナカヤドラッグ薬局【5:薬局】和歌山県田辺市上の山２丁目１７－８" }, "geometry": { "type": "Point", "coordinates": [ 135.363996, 33.733961 ] } },
{ "type": "Feature", "properties": { "ID": 30571010078, "正式名称": "松屋薬局", "機関区分": 5, "都道府県コード": 30, "市区町村コード": 206, "所在地": "和歌山県田辺市神子浜２－２１－２１", "緯度": 33.72276, "経度": 135.387624, "url": "https://www.iryou.teikyouseido.mhlw.go.jp/znk-web/juminkanja/S2430/initialize?prefCd=30&kikanCd=71010078&kikanKbn=5", "url2": null, "内容": "松屋薬局【5:薬局】和歌山県田辺市神子浜２－２１－２１" }, "geometry": { "type": "Point", "coordinates": [ 135.387624, 33.72276 ] } },
{ "type": "Feature", "properties": { "ID": 30571010079, "正式名称": "サカエ薬局", "機関区分": 5, "都道府県コード": 30, "市区町村コード": 401, "所在地": "和歌山県西牟婁郡白浜町栄７３２－４", "緯度": 33.652839, "経度": 135.397532, "url": "https://www.iryou.teikyouseido.mhlw.go.jp/znk-web/juminkanja/S2430/initialize?prefCd=30&kikanCd=71010079&kikanKbn=5", "url2": null, "内容": "サカエ薬局【5:薬局】和歌山県西牟婁郡白浜町栄７３２－４" }, "geometry": { "type": "Point", "coordinates": [ 135.397532, 33.652839 ] } },
{ "type": "Feature", "properties": { "ID": 30571010080, "正式名称": "調剤薬局花みかん　すくま店", "機関区分": 5, "都道府県コード": 30, "市区町村コード": 404, "所在地": "和歌山県西牟婁郡上富田町生馬４０５－２", "緯度": 33.701819, "経度": 135.429609, "url": "https://www.iryou.teikyouseido.mhlw.go.jp/znk-web/juminkanja/S2430/initialize?prefCd=30&kikanCd=71010080&kikanKbn=5", "url2": "http://www.ztv.ne.jp/gxumpfiz/index.html", "内容": "調剤薬局花みかん　すくま店【5:薬局】和歌山県西牟婁郡上富田町生馬４０５－２" }, "geometry": { "type": "Point", "coordinates": [ 135.429609, 33.701819 ] } },
{ "type": "Feature", "properties": { "ID": 30571010083, "正式名称": "サンライトげんき薬局上富田店", "機関区分": 5, "都道府県コード": 30, "市区町村コード": 404, "所在地": "和歌山県西牟婁郡上富田町朝来１４０６－１", "緯度": 33.693722, "経度": 135.417741, "url": "https://www.iryou.teikyouseido.mhlw.go.jp/znk-web/juminkanja/S2430/initialize?prefCd=30&kikanCd=71010083&kikanKbn=5", "url2": "http://.accesslife.co.jp/", "内容": "サンライトげんき薬局上富田店【5:薬局】和歌山県西牟婁郡上富田町朝来１４０６－１" }, "geometry": { "type": "Point", "coordinates": [ 135.417741, 33.693722 ] } },
{ "type": "Feature", "properties": { "ID": 30571010088, "正式名称": "かるがも薬局　田辺店", "機関区分": 5, "都道府県コード": 30, "市区町村コード": 206, "所在地": "和歌山県田辺市朝日ヶ丘１３－１　朝日ヶ丘センタービル１０３", "緯度": 33.73434, "経度": 135.391831, "url": "https://www.iryou.teikyouseido.mhlw.go.jp/znk-web/juminkanja/S2430/initialize?prefCd=30&kikanCd=71010088&kikanKbn=5", "url2": "https://www.karugamo.net/", "内容": "かるがも薬局　田辺店【5:薬局】和歌山県田辺市朝日ヶ丘１３－１　朝日ヶ丘センタービル１０３" }, "geometry": { "type": "Point", "coordinates": [ 135.391831, 33.73434 ] } },
{ "type": "Feature", "properties": { "ID": 30571010090, "正式名称": "プライム薬局　田辺店", "機関区分": 5, "都道府県コード": 30, "市区町村コード": 206, "所在地": "和歌山県田辺市新万２３－１４－２", "緯度": 33.732067, "経度": 135.399013, "url": "https://www.iryou.teikyouseido.mhlw.go.jp/znk-web/juminkanja/S2430/initialize?prefCd=30&kikanCd=71010090&kikanKbn=5", "url2": null, "内容": "プライム薬局　田辺店【5:薬局】和歌山県田辺市新万２３－１４－２" }, "geometry": { "type": "Point", "coordinates": [ 135.399013, 33.732067 ] } },
{ "type": "Feature", "properties": { "ID": 30571010091, "正式名称": "プライム薬局　上富田店", "機関区分": 5, "都道府県コード": 30, "市区町村コード": 404, "所在地": "和歌山県西牟婁郡上富田町岩田１７７４－１", "緯度": 33.707258, "経度": 135.444597, "url": "https://www.iryou.teikyouseido.mhlw.go.jp/znk-web/juminkanja/S2430/initialize?prefCd=30&kikanCd=71010091&kikanKbn=5", "url2": null, "内容": "プライム薬局　上富田店【5:薬局】和歌山県西牟婁郡上富田町岩田１７７４－１" }, "geometry": { "type": "Point", "coordinates": [ 135.444597, 33.707258 ] } },
{ "type": "Feature", "properties": { "ID": 30571010092, "正式名称": "プライム薬局　三栖店", "機関区分": 5, "都道府県コード": 30, "市区町村コード": 206, "所在地": "和歌山県田辺市下三栖１２５７－７", "緯度": 33.734751, "経度": 135.420425, "url": "https://www.iryou.teikyouseido.mhlw.go.jp/znk-web/juminkanja/S2430/initialize?prefCd=30&kikanCd=71010092&kikanKbn=5", "url2": null, "内容": "プライム薬局　三栖店【5:薬局】和歌山県田辺市下三栖１２５７－７" }, "geometry": { "type": "Point", "coordinates": [ 135.420425, 33.734751 ] } },
{ "type": "Feature", "properties": { "ID": 30571010094, "正式名称": "ヒロセ調剤薬局", "機関区分": 5, "都道府県コード": 30, "市区町村コード": 206, "所在地": "和歌山県田辺市高雄３－１２－８", "緯度": 33.739905, "経度": 135.382197, "url": "https://www.iryou.teikyouseido.mhlw.go.jp/znk-web/juminkanja/S2430/initialize?prefCd=30&kikanCd=71010094&kikanKbn=5", "url2": "https://meron-net.shop/ds/hirose-chouzai", "内容": "ヒロセ調剤薬局【5:薬局】和歌山県田辺市高雄３－１２－８" }, "geometry": { "type": "Point", "coordinates": [ 135.382197, 33.739905 ] } },
{ "type": "Feature", "properties": { "ID": 30571010095, "正式名称": "サンライトなかよし薬局　たきない店", "機関区分": 5, "都道府県コード": 30, "市区町村コード": 206, "所在地": "和歌山県田辺市たきない町３２－５", "緯度": 33.703375, "経度": 135.398973, "url": "https://www.iryou.teikyouseido.mhlw.go.jp/znk-web/juminkanja/S2430/initialize?prefCd=30&kikanCd=71010095&kikanKbn=5", "url2": "http://www.accesslife.co.jp/", "内容": "サンライトなかよし薬局　たきない店【5:薬局】和歌山県田辺市たきない町３２－５" }, "geometry": { "type": "Point", "coordinates": [ 135.398973, 33.703375 ] } },
{ "type": "Feature", "properties": { "ID": 30571010096, "正式名称": "調剤薬局花みかん　てんてん店", "機関区分": 5, "都道府県コード": 30, "市区町村コード": 206, "所在地": "和歌山県田辺市たきない町２８－３３", "緯度": 33.701499, "経度": 135.401155, "url": "https://www.iryou.teikyouseido.mhlw.go.jp/znk-web/juminkanja/S2430/initialize?prefCd=30&kikanCd=71010096&kikanKbn=5", "url2": "http://www.ztv.ne.jp/gxumpfiz/index.html", "内容": "調剤薬局花みかん　てんてん店【5:薬局】和歌山県田辺市たきない町２８－３３" }, "geometry": { "type": "Point", "coordinates": [ 135.401155, 33.701499 ] } },
{ "type": "Feature", "properties": { "ID": 30571010101, "正式名称": "とらや薬局", "機関区分": 5, "都道府県コード": 30, "市区町村コード": 206, "所在地": "和歌山県田辺市上の山２－３０－１７", "緯度": 33.733437, "経度": 135.366331, "url": "https://www.iryou.teikyouseido.mhlw.go.jp/znk-web/juminkanja/S2430/initialize?prefCd=30&kikanCd=71010101&kikanKbn=5", "url2": null, "内容": "とらや薬局【5:薬局】和歌山県田辺市上の山２－３０－１７" }, "geometry": { "type": "Point", "coordinates": [ 135.366331, 33.733437 ] } },
{ "type": "Feature", "properties": { "ID": 30571010102, "正式名称": "とらや薬局　目良店", "機関区分": 5, "都道府県コード": 30, "市区町村コード": 206, "所在地": "和歌山県田辺市目良３１－９", "緯度": 33.733916, "経度": 135.355101, "url": "https://www.iryou.teikyouseido.mhlw.go.jp/znk-web/juminkanja/S2430/initialize?prefCd=30&kikanCd=71010102&kikanKbn=5", "url2": null, "内容": "とらや薬局　目良店【5:薬局】和歌山県田辺市目良３１－９" }, "geometry": { "type": "Point", "coordinates": [ 135.355101, 33.733916 ] } },
{ "type": "Feature", "properties": { "ID": 30571010103, "正式名称": "下地薬局", "機関区分": 5, "都道府県コード": 30, "市区町村コード": 401, "所在地": "和歌山県西牟婁郡白浜町椿１０５", "緯度": 33.607075, "経度": 135.39291, "url": "https://www.iryou.teikyouseido.mhlw.go.jp/znk-web/juminkanja/S2430/initialize?prefCd=30&kikanCd=71010103&kikanKbn=5", "url2": null, "内容": "下地薬局【5:薬局】和歌山県西牟婁郡白浜町椿１０５" }, "geometry": { "type": "Point", "coordinates": [ 135.39291, 33.607075 ] } },
{ "type": "Feature", "properties": { "ID": 30571010104, "正式名称": "ポプラ調剤薬局", "機関区分": 5, "都道府県コード": 30, "市区町村コード": 404, "所在地": "和歌山県西牟婁郡上富田町岩田１９０３－７", "緯度": 33.70797, "経度": 135.438247, "url": "https://www.iryou.teikyouseido.mhlw.go.jp/znk-web/juminkanja/S2430/initialize?prefCd=30&kikanCd=71010104&kikanKbn=5", "url2": null, "内容": "ポプラ調剤薬局【5:薬局】和歌山県西牟婁郡上富田町岩田１９０３－７" }, "geometry": { "type": "Point", "coordinates": [ 135.438247, 33.70797 ] } },
{ "type": "Feature", "properties": { "ID": 30571010105, "正式名称": "和み調剤薬局", "機関区分": 5, "都道府県コード": 30, "市区町村コード": 206, "所在地": "和歌山県田辺市末広町１７－１４", "緯度": 33.724482, "経度": 135.382294, "url": "https://www.iryou.teikyouseido.mhlw.go.jp/znk-web/juminkanja/S2430/initialize?prefCd=30&kikanCd=71010105&kikanKbn=5", "url2": null, "内容": "和み調剤薬局【5:薬局】和歌山県田辺市末広町１７－１４" }, "geometry": { "type": "Point", "coordinates": [ 135.382294, 33.724482 ] } },
{ "type": "Feature", "properties": { "ID": 30571010106, "正式名称": "株式会社　くまの薬局　明洋店", "機関区分": 5, "都道府県コード": 30, "市区町村コード": 206, "所在地": "和歌山県田辺市明洋１－１９－１８", "緯度": 33.735955, "経度": 135.35948, "url": "https://www.iryou.teikyouseido.mhlw.go.jp/znk-web/juminkanja/S2430/initialize?prefCd=30&kikanCd=71010106&kikanKbn=5", "url2": null, "内容": "株式会社　くまの薬局　明洋店【5:薬局】和歌山県田辺市明洋１－１９－１８" }, "geometry": { "type": "Point", "coordinates": [ 135.35948, 33.735955 ] } },
{ "type": "Feature", "properties": { "ID": 30571010107, "正式名称": "切目屋調剤薬局　神島台支店", "機関区分": 5, "都道府県コード": 30, "市区町村コード": 206, "所在地": "和歌山県田辺市神島台３－８", "緯度": 33.707421, "経度": 135.402666, "url": "https://www.iryou.teikyouseido.mhlw.go.jp/znk-web/juminkanja/S2430/initialize?prefCd=30&kikanCd=71010107&kikanKbn=5", "url2": null, "内容": "切目屋調剤薬局　神島台支店【5:薬局】和歌山県田辺市神島台３－８" }, "geometry": { "type": "Point", "coordinates": [ 135.402666, 33.707421 ] } },
{ "type": "Feature", "properties": { "ID": 30571010108, "正式名称": "有限会社調剤薬局花みかん　はるる店", "機関区分": 5, "都道府県コード": 30, "市区町村コード": 206, "所在地": "和歌山県田辺市東陽２６－３", "緯度": 33.728641, "経度": 135.382359, "url": "https://www.iryou.teikyouseido.mhlw.go.jp/znk-web/juminkanja/S2430/initialize?prefCd=30&kikanCd=71010108&kikanKbn=5", "url2": "http://www.ztv.ne.jp/gxumpfiz/index.html", "内容": "有限会社調剤薬局花みかん　はるる店【5:薬局】和歌山県田辺市東陽２６－３" }, "geometry": { "type": "Point", "coordinates": [ 135.382359, 33.728641 ] } },
{ "type": "Feature", "properties": { "ID": 30571010109, "正式名称": "切目屋調剤薬局　上屋敷支店", "機関区分": 5, "都道府県コード": 30, "市区町村コード": 206, "所在地": "和歌山県田辺市上屋敷１－９－１", "緯度": 33.732637, "経度": 135.37521, "url": "https://www.iryou.teikyouseido.mhlw.go.jp/znk-web/juminkanja/S2430/initialize?prefCd=30&kikanCd=71010109&kikanKbn=5", "url2": null, "内容": "切目屋調剤薬局　上屋敷支店【5:薬局】和歌山県田辺市上屋敷１－９－１" }, "geometry": { "type": "Point", "coordinates": [ 135.37521, 33.732637 ] } },
{ "type": "Feature", "properties": { "ID": 30571010110, "正式名称": "アイン薬局　南紀白浜店", "機関区分": 5, "都道府県コード": 30, "市区町村コード": 401, "所在地": "和歌山県西牟婁郡白浜町１４６２－３", "緯度": 33.68131, "経度": 135.34885, "url": "https://www.iryou.teikyouseido.mhlw.go.jp/znk-web/juminkanja/S2430/initialize?prefCd=30&kikanCd=71010110&kikanKbn=5", "url2": "https://www.ainj.co.jp/", "内容": "アイン薬局　南紀白浜店【5:薬局】和歌山県西牟婁郡白浜町１４６２－３" }, "geometry": { "type": "Point", "coordinates": [ 135.34885, 33.68131 ] } },
{ "type": "Feature", "properties": { "ID": 30571010111, "正式名称": "八仙堂薬局", "機関区分": 5, "都道府県コード": 30, "市区町村コード": 206, "所在地": "和歌山県田辺市たきない町１－１２", "緯度": 33.705107, "経度": 135.399759, "url": "https://www.iryou.teikyouseido.mhlw.go.jp/znk-web/juminkanja/S2430/initialize?prefCd=30&kikanCd=71010111&kikanKbn=5", "url2": null, "内容": "八仙堂薬局【5:薬局】和歌山県田辺市たきない町１－１２" }, "geometry": { "type": "Point", "coordinates": [ 135.399759, 33.705107 ] } },
{ "type": "Feature", "properties": { "ID": 30571010112, "正式名称": "ナニワ薬局", "機関区分": 5, "都道府県コード": 30, "市区町村コード": 391, "所在地": "和歌山県日高郡みなべ町北道１９１", "緯度": 33.768996, "経度": 135.321426, "url": "https://www.iryou.teikyouseido.mhlw.go.jp/znk-web/juminkanja/S2430/initialize?prefCd=30&kikanCd=71010112&kikanKbn=5", "url2": null, "内容": "ナニワ薬局【5:薬局】和歌山県日高郡みなべ町北道１９１" }, "geometry": { "type": "Point", "coordinates": [ 135.321426, 33.768996 ] } },
{ "type": "Feature", "properties": { "ID": 30571010113, "正式名称": "ポプラ調剤薬局神島店", "機関区分": 5, "都道府県コード": 30, "市区町村コード": 206, "所在地": "和歌山県田辺市文里１－２０－２４", "緯度": 33.717477, "経度": 135.389377, "url": "https://www.iryou.teikyouseido.mhlw.go.jp/znk-web/juminkanja/S2430/initialize?prefCd=30&kikanCd=71010113&kikanKbn=5", "url2": null, "内容": "ポプラ調剤薬局神島店【5:薬局】和歌山県田辺市文里１－２０－２４" }, "geometry": { "type": "Point", "coordinates": [ 135.389377, 33.717477 ] } },
{ "type": "Feature", "properties": { "ID": 30571010114, "正式名称": "楠本薬局", "機関区分": 5, "都道府県コード": 30, "市区町村コード": 206, "所在地": "和歌山県田辺市秋津町１０２－８", "緯度": 33.744398, "経度": 135.388346, "url": "https://www.iryou.teikyouseido.mhlw.go.jp/znk-web/juminkanja/S2430/initialize?prefCd=30&kikanCd=71010114&kikanKbn=5", "url2": null, "内容": "楠本薬局【5:薬局】和歌山県田辺市秋津町１０２－８" }, "geometry": { "type": "Point", "coordinates": [ 135.388346, 33.744398 ] } },
{ "type": "Feature", "properties": { "ID": 30571010115, "正式名称": "幸生堂薬局", "機関区分": 5, "都道府県コード": 30, "市区町村コード": 391, "所在地": "和歌山県日高郡みなべ町芝５０３", "緯度": 33.765357, "経度": 135.322583, "url": "https://www.iryou.teikyouseido.mhlw.go.jp/znk-web/juminkanja/S2430/initialize?prefCd=30&kikanCd=71010115&kikanKbn=5", "url2": "https://www.healthywork.website/", "内容": "幸生堂薬局【5:薬局】和歌山県日高郡みなべ町芝５０３" }, "geometry": { "type": "Point", "coordinates": [ 135.322583, 33.765357 ] } },
{ "type": "Feature", "properties": { "ID": 30571010117, "正式名称": "さくらの薬局", "機関区分": 5, "都道府県コード": 30, "市区町村コード": 404, "所在地": "和歌山県西牟婁郡上富田町市ノ瀬２５０４－５７", "緯度": 33.715389, "経度": 135.46063, "url": "https://www.iryou.teikyouseido.mhlw.go.jp/znk-web/juminkanja/S2430/initialize?prefCd=30&kikanCd=71010117&kikanKbn=5", "url2": "https://meron-net.shop/ds/sakuranoyakkyoku", "内容": "さくらの薬局【5:薬局】和歌山県西牟婁郡上富田町市ノ瀬２５０４－５７" }, "geometry": { "type": "Point", "coordinates": [ 135.46063, 33.715389 ] } },
{ "type": "Feature", "properties": { "ID": 30571010118, "正式名称": "さくらの薬局　鮎川支店", "機関区分": 5, "都道府県コード": 30, "市区町村コード": 206, "所在地": "和歌山県田辺市鮎川５６５－１", "緯度": 33.727304, "経度": 135.482356, "url": "https://www.iryou.teikyouseido.mhlw.go.jp/znk-web/juminkanja/S2430/initialize?prefCd=30&kikanCd=71010118&kikanKbn=5", "url2": null, "内容": "さくらの薬局　鮎川支店【5:薬局】和歌山県田辺市鮎川５６５－１" }, "geometry": { "type": "Point", "coordinates": [ 135.482356, 33.727304 ] } },
{ "type": "Feature", "properties": { "ID": 30571010119, "正式名称": "幸生堂薬局", "機関区分": 5, "都道府県コード": 30, "市区町村コード": 401, "所在地": "和歌山県西牟婁郡白浜町日置９８１", "緯度": 33.568122, "経度": 135.438195, "url": "https://www.iryou.teikyouseido.mhlw.go.jp/znk-web/juminkanja/S2430/initialize?prefCd=30&kikanCd=71010119&kikanKbn=5", "url2": "https://www.pharmarise.com/company/group/store.php?group_id=35", "内容": "幸生堂薬局【5:薬局】和歌山県西牟婁郡白浜町日置９８１" }, "geometry": { "type": "Point", "coordinates": [ 135.438195, 33.568122 ] } },
{ "type": "Feature", "properties": { "ID": 30571010120, "正式名称": "さくらの薬局　上の山支店", "機関区分": 5, "都道府県コード": 30, "市区町村コード": 206, "所在地": "和歌山県田辺市上の山１－１４－３３", "緯度": 33.739921, "経度": 135.365178, "url": "https://www.iryou.teikyouseido.mhlw.go.jp/znk-web/juminkanja/S2430/initialize?prefCd=30&kikanCd=71010120&kikanKbn=5", "url2": "https://meron-net.shop/ds/sakuranoyakkyoku", "内容": "さくらの薬局　上の山支店【5:薬局】和歌山県田辺市上の山１－１４－３３" }, "geometry": { "type": "Point", "coordinates": [ 135.365178, 33.739921 ] } },
{ "type": "Feature", "properties": { "ID": 30571010122, "正式名称": "さんばし薬局", "機関区分": 5, "都道府県コード": 30, "市区町村コード": 401, "所在地": "和歌山県西牟婁郡白浜町１０６３－１５", "緯度": 33.686869, "経度": 135.353813, "url": "https://www.iryou.teikyouseido.mhlw.go.jp/znk-web/juminkanja/S2430/initialize?prefCd=30&kikanCd=71010122&kikanKbn=5", "url2": null, "内容": "さんばし薬局【5:薬局】和歌山県西牟婁郡白浜町１０６３－１５" }, "geometry": { "type": "Point", "coordinates": [ 135.353813, 33.686869 ] } },
{ "type": "Feature", "properties": { "ID": 30571010123, "正式名称": "サンライトげんき薬局あきづ店", "機関区分": 5, "都道府県コード": 30, "市区町村コード": 206, "所在地": "和歌山県田辺市秋津町１８９－３５", "緯度": 33.746247, "経度": 135.392243, "url": "https://www.iryou.teikyouseido.mhlw.go.jp/znk-web/juminkanja/S2430/initialize?prefCd=30&kikanCd=71010123&kikanKbn=5", "url2": "http://www.accesslife.co.jp", "内容": "サンライトげんき薬局あきづ店【5:薬局】和歌山県田辺市秋津町１８９－３５" }, "geometry": { "type": "Point", "coordinates": [ 135.392243, 33.746247 ] } },
{ "type": "Feature", "properties": { "ID": 30571010124, "正式名称": "しらら調剤薬局", "機関区分": 5, "都道府県コード": 30, "市区町村コード": 401, "所在地": "和歌山県西牟婁郡白浜町１４０４－４", "緯度": 33.681798, "経度": 135.347054, "url": "https://www.iryou.teikyouseido.mhlw.go.jp/znk-web/juminkanja/S2430/initialize?prefCd=30&kikanCd=71010124&kikanKbn=5", "url2": null, "内容": "しらら調剤薬局【5:薬局】和歌山県西牟婁郡白浜町１４０４－４" }, "geometry": { "type": "Point", "coordinates": [ 135.347054, 33.681798 ] } },
{ "type": "Feature", "properties": { "ID": 30571010125, "正式名称": "みなべ川薬局", "機関区分": 5, "都道府県コード": 30, "市区町村コード": 391, "所在地": "和歌山県日高郡みなべ町徳蔵１５５－６", "緯度": 33.782991, "経度": 135.324193, "url": "https://www.iryou.teikyouseido.mhlw.go.jp/znk-web/juminkanja/S2430/initialize?prefCd=30&kikanCd=71010125&kikanKbn=5", "url2": null, "内容": "みなべ川薬局【5:薬局】和歌山県日高郡みなべ町徳蔵１５５－６" }, "geometry": { "type": "Point", "coordinates": [ 135.324193, 33.782991 ] } },
{ "type": "Feature", "properties": { "ID": 30571010126, "正式名称": "はな薬局田辺店", "機関区分": 5, "都道府県コード": 30, "市区町村コード": 206, "所在地": "和歌山県田辺市中万呂６１－５", "緯度": 33.738327, "経度": 135.402179, "url": "https://www.iryou.teikyouseido.mhlw.go.jp/znk-web/juminkanja/S2430/initialize?prefCd=30&kikanCd=71010126&kikanKbn=5", "url2": null, "内容": "はな薬局田辺店【5:薬局】和歌山県田辺市中万呂６１－５" }, "geometry": { "type": "Point", "coordinates": [ 135.402179, 33.738327 ] } },
{ "type": "Feature", "properties": { "ID": 30571010127, "正式名称": "戎薬局　明洋店", "機関区分": 5, "都道府県コード": 30, "市区町村コード": 206, "所在地": "和歌山県田辺市明洋２丁目１７－３", "緯度": 33.741947, "経度": 135.358333, "url": "https://www.iryou.teikyouseido.mhlw.go.jp/znk-web/juminkanja/S2430/initialize?prefCd=30&kikanCd=71010127&kikanKbn=5", "url2": "https://shichifukumedical.com", "内容": "戎薬局　明洋店【5:薬局】和歌山県田辺市明洋２丁目１７－３" }, "geometry": { "type": "Point", "coordinates": [ 135.358333, 33.741947 ] } },
{ "type": "Feature", "properties": { "ID": 30571010128, "正式名称": "池田薬局", "機関区分": 5, "都道府県コード": 30, "市区町村コード": 391, "所在地": "和歌山県日高郡みなべ町南道５０", "緯度": 33.768781, "経度": 135.319306, "url": "https://www.iryou.teikyouseido.mhlw.go.jp/znk-web/juminkanja/S2430/initialize?prefCd=30&kikanCd=71010128&kikanKbn=5", "url2": null, "内容": "池田薬局【5:薬局】和歌山県日高郡みなべ町南道５０" }, "geometry": { "type": "Point", "coordinates": [ 135.319306, 33.768781 ] } },
{ "type": "Feature", "properties": { "ID": 30571010129, "正式名称": "薬局スーパードラッグキリン田辺東山店", "機関区分": 5, "都道府県コード": 30, "市区町村コード": 206, "所在地": "和歌山県田辺市東山２－２７－１７", "緯度": 33.722984, "経度": 135.395223, "url": "https://www.iryou.teikyouseido.mhlw.go.jp/znk-web/juminkanja/S2430/initialize?prefCd=30&kikanCd=71010129&kikanKbn=5", "url2": "https://www.tokai-seims.co.jp/", "内容": "薬局スーパードラッグキリン田辺東山店【5:薬局】和歌山県田辺市東山２－２７－１７" }, "geometry": { "type": "Point", "coordinates": [ 135.395223, 33.722984 ] } },
{ "type": "Feature", "properties": { "ID": 30571010130, "正式名称": "薬局スーパードラッグキリン下万呂西店", "機関区分": 5, "都道府県コード": 30, "市区町村コード": 206, "所在地": "和歌山県田辺市下万呂５６０－１", "緯度": 33.740333, "経度": 135.390781, "url": "https://www.iryou.teikyouseido.mhlw.go.jp/znk-web/juminkanja/S2430/initialize?prefCd=30&kikanCd=71010130&kikanKbn=5", "url2": "https://www.tokai-seims.co.jp/", "内容": "薬局スーパードラッグキリン下万呂西店【5:薬局】和歌山県田辺市下万呂５６０－１" }, "geometry": { "type": "Point", "coordinates": [ 135.390781, 33.740333 ] } },
{ "type": "Feature", "properties": { "ID": 30571010131, "正式名称": "しろ薬局", "機関区分": 5, "都道府県コード": 30, "市区町村コード": 206, "所在地": "和歌山県田辺市湊４１番２８号", "緯度": 33.732192, "経度": 135.383467, "url": "https://www.iryou.teikyouseido.mhlw.go.jp/znk-web/juminkanja/S2430/initialize?prefCd=30&kikanCd=71010131&kikanKbn=5", "url2": null, "内容": "しろ薬局【5:薬局】和歌山県田辺市湊４１番２８号" }, "geometry": { "type": "Point", "coordinates": [ 135.383467, 33.732192 ] } },
{ "type": "Feature", "properties": { "ID": 30571010132, "正式名称": "新万薬局", "機関区分": 5, "都道府県コード": 30, "市区町村コード": 206, "所在地": "和歌山県田辺市新万２２ー１８", "緯度": 33.73283, "経度": 135.398186, "url": "https://www.iryou.teikyouseido.mhlw.go.jp/znk-web/juminkanja/S2430/initialize?prefCd=30&kikanCd=71010132&kikanKbn=5", "url2": null, "内容": "新万薬局【5:薬局】和歌山県田辺市新万２２ー１８" }, "geometry": { "type": "Point", "coordinates": [ 135.398186, 33.73283 ] } },
{ "type": "Feature", "properties": { "ID": 30571010133, "正式名称": "エバグリーン薬局みなべ店", "機関区分": 5, "都道府県コード": 30, "市区町村コード": 391, "所在地": "和歌山県日高郡みなべ町東吉田５０－１", "緯度": 33.774213, "経度": 135.327238, "url": "https://www.iryou.teikyouseido.mhlw.go.jp/znk-web/juminkanja/S2430/initialize?prefCd=30&kikanCd=71010133&kikanKbn=5", "url2": null, "内容": "エバグリーン薬局みなべ店【5:薬局】和歌山県日高郡みなべ町東吉田５０－１" }, "geometry": { "type": "Point", "coordinates": [ 135.327238, 33.774213 ] } },
{ "type": "Feature", "properties": { "ID": 30571010134, "正式名称": "調剤薬局花みかんすくま店", "機関区分": 5, "都道府県コード": 30, "市区町村コード": 404, "所在地": "和歌山県西牟婁郡上富田町生馬４０５－２", "緯度": 33.701873, "経度": 135.429633, "url": "https://www.iryou.teikyouseido.mhlw.go.jp/znk-web/juminkanja/S2430/initialize?prefCd=30&kikanCd=71010134&kikanKbn=5", "url2": "https://www.yuai-pharmacy.com/", "内容": "調剤薬局花みかんすくま店【5:薬局】和歌山県西牟婁郡上富田町生馬４０５－２" }, "geometry": { "type": "Point", "coordinates": [ 135.429633, 33.701873 ] } },
{ "type": "Feature", "properties": { "ID": 30571010135, "正式名称": "調剤薬局花みかんてんてん店", "機関区分": 5, "都道府県コード": 30, "市区町村コード": 206, "所在地": "和歌山県田辺市たきない町２８－３３", "緯度": 33.70144, "経度": 135.401105, "url": "https://www.iryou.teikyouseido.mhlw.go.jp/znk-web/juminkanja/S2430/initialize?prefCd=30&kikanCd=71010135&kikanKbn=5", "url2": "https://www.yuai-pharmacy.com/", "内容": "調剤薬局花みかんてんてん店【5:薬局】和歌山県田辺市たきない町２８－３３" }, "geometry": { "type": "Point", "coordinates": [ 135.401105, 33.70144 ] } },
{ "type": "Feature", "properties": { "ID": 30571010136, "正式名称": "調剤薬局花みかんはるる店", "機関区分": 5, "都道府県コード": 30, "市区町村コード": 206, "所在地": "和歌山県田辺市東陽２６ー３", "緯度": 33.728686, "経度": 135.382294, "url": "https://www.iryou.teikyouseido.mhlw.go.jp/znk-web/juminkanja/S2430/initialize?prefCd=30&kikanCd=71010136&kikanKbn=5", "url2": "https://www.yuai-pharmacy.com/", "内容": "調剤薬局花みかんはるる店【5:薬局】和歌山県田辺市東陽２６ー３" }, "geometry": { "type": "Point", "coordinates": [ 135.382294, 33.728686 ] } },
{ "type": "Feature", "properties": { "ID": 30581010001, "正式名称": "ひがし薬局", "機関区分": 5, "都道府県コード": 30, "市区町村コード": 428, "所在地": "和歌山県東牟婁郡串本町中湊４９５", "緯度": 33.521653, "経度": 135.824911, "url": "https://www.iryou.teikyouseido.mhlw.go.jp/znk-web/juminkanja/S2430/initialize?prefCd=30&kikanCd=81010001&kikanKbn=5", "url2": null, "内容": "ひがし薬局【5:薬局】和歌山県東牟婁郡串本町中湊４９５" }, "geometry": { "type": "Point", "coordinates": [ 135.824911, 33.521653 ] } },
{ "type": "Feature", "properties": { "ID": 30581010002, "正式名称": "きのした薬局", "機関区分": 5, "都道府県コード": 30, "市区町村コード": 428, "所在地": "和歌山県東牟婁郡串本町西向８３７", "緯度": 33.513899, "経度": 135.821562, "url": "https://www.iryou.teikyouseido.mhlw.go.jp/znk-web/juminkanja/S2430/initialize?prefCd=30&kikanCd=81010002&kikanKbn=5", "url2": null, "内容": "きのした薬局【5:薬局】和歌山県東牟婁郡串本町西向８３７" }, "geometry": { "type": "Point", "coordinates": [ 135.821562, 33.513899 ] } },
{ "type": "Feature", "properties": { "ID": 30581010003, "正式名称": "有限会社ササヤ薬局", "機関区分": 5, "都道府県コード": 30, "市区町村コード": 428, "所在地": "和歌山県東牟婁郡串本町串本１５４７－２", "緯度": 33.470052, "経度": 135.780852, "url": "https://www.iryou.teikyouseido.mhlw.go.jp/znk-web/juminkanja/S2430/initialize?prefCd=30&kikanCd=81010003&kikanKbn=5", "url2": null, "内容": "有限会社ササヤ薬局【5:薬局】和歌山県東牟婁郡串本町串本１５４７－２" }, "geometry": { "type": "Point", "coordinates": [ 135.780852, 33.470052 ] } },
{ "type": "Feature", "properties": { "ID": 30581010004, "正式名称": "サンライトげんき薬局串本店", "機関区分": 5, "都道府県コード": 30, "市区町村コード": 428, "所在地": "和歌山県東牟婁郡串本町串本１７９１－１", "緯度": 33.472136, "経度": 135.781229, "url": "https://www.iryou.teikyouseido.mhlw.go.jp/znk-web/juminkanja/S2430/initialize?prefCd=30&kikanCd=81010004&kikanKbn=5", "url2": "http://accesslife.co.jp/", "内容": "サンライトげんき薬局串本店【5:薬局】和歌山県東牟婁郡串本町串本１７９１－１" }, "geometry": { "type": "Point", "coordinates": [ 135.781229, 33.472136 ] } },
{ "type": "Feature", "properties": { "ID": 30581010005, "正式名称": "みさき薬局", "機関区分": 5, "都道府県コード": 30, "市区町村コード": 428, "所在地": "和歌山県東牟婁郡串本町上野山２０９", "緯度": 33.517199, "経度": 135.832517, "url": "https://www.iryou.teikyouseido.mhlw.go.jp/znk-web/juminkanja/S2430/initialize?prefCd=30&kikanCd=81010005&kikanKbn=5", "url2": null, "内容": "みさき薬局【5:薬局】和歌山県東牟婁郡串本町上野山２０９" }, "geometry": { "type": "Point", "coordinates": [ 135.832517, 33.517199 ] } },
{ "type": "Feature", "properties": { "ID": 30581010006, "正式名称": "中根薬局", "機関区分": 5, "都道府県コード": 30, "市区町村コード": 428, "所在地": "和歌山県東牟婁郡串本町串本２０９８", "緯度": 33.477678, "経度": 135.785454, "url": "https://www.iryou.teikyouseido.mhlw.go.jp/znk-web/juminkanja/S2430/initialize?prefCd=30&kikanCd=81010006&kikanKbn=5", "url2": null, "内容": "中根薬局【5:薬局】和歌山県東牟婁郡串本町串本２０９８" }, "geometry": { "type": "Point", "coordinates": [ 135.785454, 33.477678 ] } },
{ "type": "Feature", "properties": { "ID": 30581010011, "正式名称": "さんご薬局", "機関区分": 5, "都道府県コード": 30, "市区町村コード": 428, "所在地": "和歌山県東牟婁郡串本町サンゴ台６９１－７", "緯度": 33.485124, "経度": 135.784112, "url": "https://www.iryou.teikyouseido.mhlw.go.jp/znk-web/juminkanja/S2430/initialize?prefCd=30&kikanCd=81010011&kikanKbn=5", "url2": null, "内容": "さんご薬局【5:薬局】和歌山県東牟婁郡串本町サンゴ台６９１－７" }, "geometry": { "type": "Point", "coordinates": [ 135.784112, 33.485124 ] } },
{ "type": "Feature", "properties": { "ID": 30591010019, "正式名称": "じねん堂　松村薬局", "機関区分": 5, "都道府県コード": 30, "市区町村コード": 207, "所在地": "和歌山県新宮市佐野９７５－５", "緯度": 33.684241, "経度": 135.971198, "url": "https://www.iryou.teikyouseido.mhlw.go.jp/znk-web/juminkanja/S2430/initialize?prefCd=30&kikanCd=91010019&kikanKbn=5", "url2": null, "内容": "じねん堂　松村薬局【5:薬局】和歌山県新宮市佐野９７５－５" }, "geometry": { "type": "Point", "coordinates": [ 135.971198, 33.684241 ] } },
{ "type": "Feature", "properties": { "ID": 30591010025, "正式名称": "はまぐち薬局", "機関区分": 5, "都道府県コード": 30, "市区町村コード": 421, "所在地": "和歌山県東牟婁郡那智勝浦町宇久井２９９－２", "緯度": 33.660228, "経度": 135.974414, "url": "https://www.iryou.teikyouseido.mhlw.go.jp/znk-web/juminkanja/S2430/initialize?prefCd=30&kikanCd=91010025&kikanKbn=5", "url2": null, "内容": "はまぐち薬局【5:薬局】和歌山県東牟婁郡那智勝浦町宇久井２９９－２" }, "geometry": { "type": "Point", "coordinates": [ 135.974414, 33.660228 ] } },
{ "type": "Feature", "properties": { "ID": 30591010029, "正式名称": "はまゆう調剤薬局", "機関区分": 5, "都道府県コード": 30, "市区町村コード": 207, "所在地": "和歌山県新宮市熊野地２－１８－２７", "緯度": 33.721631, "経度": 136.004503, "url": "https://www.iryou.teikyouseido.mhlw.go.jp/znk-web/juminkanja/S2430/initialize?prefCd=30&kikanCd=91010029&kikanKbn=5", "url2": null, "内容": "はまゆう調剤薬局【5:薬局】和歌山県新宮市熊野地２－１８－２７" }, "geometry": { "type": "Point", "coordinates": [ 136.004503, 33.721631 ] } },
{ "type": "Feature", "properties": { "ID": 30591010032, "正式名称": "なごみ薬局", "機関区分": 5, "都道府県コード": 30, "市区町村コード": 421, "所在地": "和歌山県東牟婁郡那智勝浦町大字朝日１丁目６１番地", "緯度": 33.625977, "経度": 135.939394, "url": "https://www.iryou.teikyouseido.mhlw.go.jp/znk-web/juminkanja/S2430/initialize?prefCd=30&kikanCd=91010032&kikanKbn=5", "url2": null, "内容": "なごみ薬局【5:薬局】和歌山県東牟婁郡那智勝浦町大字朝日１丁目６１番地" }, "geometry": { "type": "Point", "coordinates": [ 135.939394, 33.625977 ] } },
{ "type": "Feature", "properties": { "ID": 30591010033, "正式名称": "新宮薬剤師会会営薬局", "機関区分": 5, "都道府県コード": 30, "市区町村コード": 207, "所在地": "和歌山県新宮市蜂伏１４－１９", "緯度": 33.686943, "経度": 135.963063, "url": "https://www.iryou.teikyouseido.mhlw.go.jp/znk-web/juminkanja/S2430/initialize?prefCd=30&kikanCd=91010033&kikanKbn=5", "url2": null, "内容": "新宮薬剤師会会営薬局【5:薬局】和歌山県新宮市蜂伏１４－１９" }, "geometry": { "type": "Point", "coordinates": [ 135.963063, 33.686943 ] } },
{ "type": "Feature", "properties": { "ID": 30591010035, "正式名称": "貴船薬局天満店", "機関区分": 5, "都道府県コード": 30, "市区町村コード": 421, "所在地": "和歌山県東牟婁郡那智勝浦町天満１５９５－２０", "緯度": 33.635685, "経度": 135.933226, "url": "https://www.iryou.teikyouseido.mhlw.go.jp/znk-web/juminkanja/S2430/initialize?prefCd=30&kikanCd=91010035&kikanKbn=5", "url2": null, "内容": "貴船薬局天満店【5:薬局】和歌山県東牟婁郡那智勝浦町天満１５９５－２０" }, "geometry": { "type": "Point", "coordinates": [ 135.933226, 33.635685 ] } },
{ "type": "Feature", "properties": { "ID": 30591010036, "正式名称": "天使の空薬局　下里店", "機関区分": 5, "都道府県コード": 30, "市区町村コード": 421, "所在地": "和歌山県東牟婁郡那智勝浦町下里８０１－６", "緯度": 33.581554, "経度": 135.924708, "url": "https://www.iryou.teikyouseido.mhlw.go.jp/znk-web/juminkanja/S2430/initialize?prefCd=30&kikanCd=91010036&kikanKbn=5", "url2": "https://sky-and-angel.com/index.html", "内容": "天使の空薬局　下里店【5:薬局】和歌山県東牟婁郡那智勝浦町下里８０１－６" }, "geometry": { "type": "Point", "coordinates": [ 135.924708, 33.581554 ] } },
{ "type": "Feature", "properties": { "ID": 30591010039, "正式名称": "加治薬局天満店", "機関区分": 5, "都道府県コード": 30, "市区町村コード": 421, "所在地": "和歌山県東牟婁郡那智勝浦町天満７０３", "緯度": 33.63393, "経度": 135.935808, "url": "https://www.iryou.teikyouseido.mhlw.go.jp/znk-web/juminkanja/S2430/initialize?prefCd=30&kikanCd=91010039&kikanKbn=5", "url2": null, "内容": "加治薬局天満店【5:薬局】和歌山県東牟婁郡那智勝浦町天満７０３" }, "geometry": { "type": "Point", "coordinates": [ 135.935808, 33.63393 ] } },
{ "type": "Feature", "properties": { "ID": 30591010040, "正式名称": "太地薬局", "機関区分": 5, "都道府県コード": 30, "市区町村コード": 422, "所在地": "和歌山県東牟婁郡太地町太地３０５３－１０", "緯度": 33.594353, "経度": 135.941906, "url": "https://www.iryou.teikyouseido.mhlw.go.jp/znk-web/juminkanja/S2430/initialize?prefCd=30&kikanCd=91010040&kikanKbn=5", "url2": "https://e-bond.info/withs", "内容": "太地薬局【5:薬局】和歌山県東牟婁郡太地町太地３０５３－１０" }, "geometry": { "type": "Point", "coordinates": [ 135.941906, 33.594353 ] } },
{ "type": "Feature", "properties": { "ID": 30591010044, "正式名称": "モーリ薬局", "機関区分": 5, "都道府県コード": 30, "市区町村コード": 207, "所在地": "和歌山県新宮市千穂１－１－５６", "緯度": 33.724519, "経度": 135.986393, "url": "https://www.iryou.teikyouseido.mhlw.go.jp/znk-web/juminkanja/S2430/initialize?prefCd=30&kikanCd=91010044&kikanKbn=5", "url2": null, "内容": "モーリ薬局【5:薬局】和歌山県新宮市千穂１－１－５６" }, "geometry": { "type": "Point", "coordinates": [ 135.986393, 33.724519 ] } },
{ "type": "Feature", "properties": { "ID": 30591010046, "正式名称": "緑ヶ丘薬局", "機関区分": 5, "都道府県コード": 30, "市区町村コード": 207, "所在地": "和歌山県新宮市緑ケ丘１－８－４３", "緯度": 33.718694, "経度": 135.991937, "url": "https://www.iryou.teikyouseido.mhlw.go.jp/znk-web/juminkanja/S2430/initialize?prefCd=30&kikanCd=91010046&kikanKbn=5", "url2": null, "内容": "緑ヶ丘薬局【5:薬局】和歌山県新宮市緑ケ丘１－８－４３" }, "geometry": { "type": "Point", "coordinates": [ 135.991937, 33.718694 ] } },
{ "type": "Feature", "properties": { "ID": 30591010054, "正式名称": "すみれ調剤薬局", "機関区分": 5, "都道府県コード": 30, "市区町村コード": 207, "所在地": "和歌山県新宮市新宮５４７－１", "緯度": 33.727333, "経度": 135.98642, "url": "https://www.iryou.teikyouseido.mhlw.go.jp/znk-web/juminkanja/S2430/initialize?prefCd=30&kikanCd=91010054&kikanKbn=5", "url2": null, "内容": "すみれ調剤薬局【5:薬局】和歌山県新宮市新宮５４７－１" }, "geometry": { "type": "Point", "coordinates": [ 135.98642, 33.727333 ] } },
{ "type": "Feature", "properties": { "ID": 30591010059, "正式名称": "あおい薬局", "機関区分": 5, "都道府県コード": 30, "市区町村コード": 207, "所在地": "和歌山県新宮市緑ケ丘３－１－３", "緯度": 33.718379, "経度": 135.991479, "url": "https://www.iryou.teikyouseido.mhlw.go.jp/znk-web/juminkanja/S2430/initialize?prefCd=30&kikanCd=91010059&kikanKbn=5", "url2": null, "内容": "あおい薬局【5:薬局】和歌山県新宮市緑ケ丘３－１－３" }, "geometry": { "type": "Point", "coordinates": [ 135.991479, 33.718379 ] } },
{ "type": "Feature", "properties": { "ID": 30591010060, "正式名称": "メディカル　ネオ", "機関区分": 5, "都道府県コード": 30, "市区町村コード": 207, "所在地": "和歌山県新宮市谷王子町", "緯度": 33.727403, "経度": 135.987802, "url": "https://www.iryou.teikyouseido.mhlw.go.jp/znk-web/juminkanja/S2430/initialize?prefCd=30&kikanCd=91010060&kikanKbn=5", "url2": "http://medicalneo.web.fc2.com/", "内容": "メディカル　ネオ【5:薬局】和歌山県新宮市谷王子町" }, "geometry": { "type": "Point", "coordinates": [ 135.987802, 33.727403 ] } },
{ "type": "Feature", "properties": { "ID": 30591010061, "正式名称": "聖薬局新宮店", "機関区分": 5, "都道府県コード": 30, "市区町村コード": 207, "所在地": "和歌山県新宮市蜂伏２０－２４", "緯度": 33.687889, "経度": 135.964673, "url": "https://www.iryou.teikyouseido.mhlw.go.jp/znk-web/juminkanja/S2430/initialize?prefCd=30&kikanCd=91010061&kikanKbn=5", "url2": "http://ggwh.jp/", "内容": "聖薬局新宮店【5:薬局】和歌山県新宮市蜂伏２０－２４" }, "geometry": { "type": "Point", "coordinates": [ 135.964673, 33.687889 ] } },
{ "type": "Feature", "properties": { "ID": 30591010062, "正式名称": "吉田薬局", "機関区分": 5, "都道府県コード": 30, "市区町村コード": 207, "所在地": "和歌山県新宮市三輪崎２－２－２３", "緯度": 33.687802, "経度": 135.983522, "url": "https://www.iryou.teikyouseido.mhlw.go.jp/znk-web/juminkanja/S2430/initialize?prefCd=30&kikanCd=91010062&kikanKbn=5", "url2": null, "内容": "吉田薬局【5:薬局】和歌山県新宮市三輪崎２－２－２３" }, "geometry": { "type": "Point", "coordinates": [ 135.983522, 33.687802 ] } },
{ "type": "Feature", "properties": { "ID": 30591010063, "正式名称": "みらい薬局", "機関区分": 5, "都道府県コード": 30, "市区町村コード": 421, "所在地": "和歌山県東牟婁郡那智勝浦町朝日１丁目８１番地", "緯度": 33.626635, "経度": 135.939422, "url": "https://www.iryou.teikyouseido.mhlw.go.jp/znk-web/juminkanja/S2430/initialize?prefCd=30&kikanCd=91010063&kikanKbn=5", "url2": null, "内容": "みらい薬局【5:薬局】和歌山県東牟婁郡那智勝浦町朝日１丁目８１番地" }, "geometry": { "type": "Point", "coordinates": [ 135.939422, 33.626635 ] } },
{ "type": "Feature", "properties": { "ID": 30591010064, "正式名称": "セイムス那智勝浦朝日薬局", "機関区分": 5, "都道府県コード": 30, "市区町村コード": 421, "所在地": "和歌山県東牟婁郡那智勝浦町朝日１－２２１", "緯度": 33.629633, "経度": 135.937191, "url": "https://www.iryou.teikyouseido.mhlw.go.jp/znk-web/juminkanja/S2430/initialize?prefCd=30&kikanCd=91010064&kikanKbn=5", "url2": "https://www.tokai-seims.co.jp/", "内容": "セイムス那智勝浦朝日薬局【5:薬局】和歌山県東牟婁郡那智勝浦町朝日１－２２１" }, "geometry": { "type": "Point", "coordinates": [ 135.937191, 33.629633 ] } },
{ "type": "Feature", "properties": { "ID": 30591010065, "正式名称": "あまね薬局", "機関区分": 5, "都道府県コード": 30, "市区町村コード": 207, "所在地": "和歌山県新宮市緑ケ丘２丁目２－５６", "緯度": 33.721669, "経度": 135.989898, "url": "https://www.iryou.teikyouseido.mhlw.go.jp/znk-web/juminkanja/S2430/initialize?prefCd=30&kikanCd=91010065&kikanKbn=5", "url2": null, "内容": "あまね薬局【5:薬局】和歌山県新宮市緑ケ丘２丁目２－５６" }, "geometry": { "type": "Point", "coordinates": [ 135.989898, 33.721669 ] } },
{ "type": "Feature", "properties": { "ID": 30591010066, "正式名称": "リリーフ薬局　くろしお店", "機関区分": 5, "都道府県コード": 30, "市区町村コード": 207, "所在地": "和歌山県新宮市三輪崎１９５６－１０", "緯度": 33.698796, "経度": 135.988284, "url": "https://www.iryou.teikyouseido.mhlw.go.jp/znk-web/juminkanja/S2430/initialize?prefCd=30&kikanCd=91010066&kikanKbn=5", "url2": null, "内容": "リリーフ薬局　くろしお店【5:薬局】和歌山県新宮市三輪崎１９５６－１０" }, "geometry": { "type": "Point", "coordinates": [ 135.988284, 33.698796 ] } },
{ "type": "Feature", "properties": { "ID": 30591010067, "正式名称": "かりん薬局", "機関区分": 5, "都道府県コード": 30, "市区町村コード": 207, "所在地": "和歌山県新宮市下田２－３－５０", "緯度": 33.717972, "経度": 135.993098, "url": "https://www.iryou.teikyouseido.mhlw.go.jp/znk-web/juminkanja/S2430/initialize?prefCd=30&kikanCd=91010067&kikanKbn=5", "url2": null, "内容": "かりん薬局【5:薬局】和歌山県新宮市下田２－３－５０" }, "geometry": { "type": "Point", "coordinates": [ 135.993098, 33.717972 ] } },
{ "type": "Feature", "properties": { "ID": 30591010068, "正式名称": "こじか漢方堂薬局", "機関区分": 5, "都道府県コード": 30, "市区町村コード": 207, "所在地": "和歌山県新宮市緑ケ丘１－１－３４", "緯度": 33.721248, "経度": 135.990937, "url": "https://www.iryou.teikyouseido.mhlw.go.jp/znk-web/juminkanja/S2430/initialize?prefCd=30&kikanCd=91010068&kikanKbn=5", "url2": "https://kojika-kanpo.com/", "内容": "こじか漢方堂薬局【5:薬局】和歌山県新宮市緑ケ丘１－１－３４" }, "geometry": { "type": "Point", "coordinates": [ 135.990937, 33.721248 ] } },
{ "type": "Feature", "properties": { "ID": 30591010069, "正式名称": "セイムス新宮緑ヶ丘薬局", "機関区分": 5, "都道府県コード": 30, "市区町村コード": 207, "所在地": "和歌山県新宮市緑ケ丘１丁目１０－６３", "緯度": 33.719472, "経度": 135.993265, "url": "https://www.iryou.teikyouseido.mhlw.go.jp/znk-web/juminkanja/S2430/initialize?prefCd=30&kikanCd=91010069&kikanKbn=5", "url2": "http://www.tokai-seims.co.jp/", "内容": "セイムス新宮緑ヶ丘薬局【5:薬局】和歌山県新宮市緑ケ丘１丁目１０－６３" }, "geometry": { "type": "Point", "coordinates": [ 135.993265, 33.719472 ] } },
{ "type": "Feature", "properties": { "ID": 30591010070, "正式名称": "燦燦薬局", "機関区分": 5, "都道府県コード": 30, "市区町村コード": 207, "所在地": "和歌山県新宮市橋本２丁目５番５６号", "緯度": 33.716774, "経度": 135.987803, "url": "https://www.iryou.teikyouseido.mhlw.go.jp/znk-web/juminkanja/S2430/initialize?prefCd=30&kikanCd=91010070&kikanKbn=5", "url2": "https://maps.app.goo.gl/tFJCRJtMAE9rvAu57", "内容": "燦燦薬局【5:薬局】和歌山県新宮市橋本２丁目５番５６号" }, "geometry": { "type": "Point", "coordinates": [ 135.987803, 33.716774 ] } },
{ "type": "Feature", "properties": { "ID": 30591010071, "正式名称": "聖薬局新宮店", "機関区分": 5, "都道府県コード": 30, "市区町村コード": 207, "所在地": "和歌山県新宮市蜂伏２０－２４", "緯度": 33.687848, "経度": 135.964728, "url": "https://www.iryou.teikyouseido.mhlw.go.jp/znk-web/juminkanja/S2430/initialize?prefCd=30&kikanCd=91010071&kikanKbn=5", "url2": null, "内容": "聖薬局新宮店【5:薬局】和歌山県新宮市蜂伏２０－２４" }, "geometry": { "type": "Point", "coordinates": [ 135.964728, 33.687848 ] } },
{ "type": "Feature", "properties": { "ID": 30591010072, "正式名称": "ひかり調剤薬局いのさわ店", "機関区分": 5, "都道府県コード": 30, "市区町村コード": 207, "所在地": "和歌山県新宮市井の沢１１－１３", "緯度": 33.721817, "経度": 135.990042, "url": "https://www.iryou.teikyouseido.mhlw.go.jp/znk-web/juminkanja/S2430/initialize?prefCd=30&kikanCd=91010072&kikanKbn=5", "url2": "https://www.pharmarise.com/company/store/store.php?store_id=171", "内容": "ひかり調剤薬局いのさわ店【5:薬局】和歌山県新宮市井の沢１１－１３" }, "geometry": { "type": "Point", "coordinates": [ 135.990042, 33.721817 ] } }
]
}
