{
"type": "FeatureCollection",
"name": "geo_30_訪問介護",
"crs": { "type": "name", "properties": { "name": "urn:ogc:def:crs:OGC:1.3:CRS84" } },
"features": [
{ "type": "Feature", "properties": { "内容": "ケアセクション和歌山【訪問介護】和歌山市黒田２７９－４", "url": "https://www.kaigokensaku.mhlw.go.jp/30/index.php?action_kouhyou_detail_004_kani=true&JigyosyoCd=3070105717-00&ServiceCd=110&Type=search", "url2": "http://www.npo-comnet.jp" }, "geometry": { "type": "Point", "coordinates": [ 135.198547400000052, 34.2361892 ] } },
{ "type": "Feature", "properties": { "内容": "へるぱーすてーしょんあすも【訪問介護】和歌山県和歌山市鳴神968-11", "url": "https://www.kaigokensaku.mhlw.go.jp/30/index.php?action_kouhyou_detail_004_kani=true&JigyosyoCd=3070108745-00&ServiceCd=110&Type=search", "url2": null }, "geometry": { "type": "Point", "coordinates": [ 135.2092632, 34.2311206 ] } },
{ "type": "Feature", "properties": { "内容": "訪問介護ヘルパーステーション　ナノハナ【訪問介護】和歌山県和歌山市狐島628-69", "url": "https://www.kaigokensaku.mhlw.go.jp/30/index.php?action_kouhyou_detail_004_kani=true&JigyosyoCd=3070107382-00&ServiceCd=110&Type=search", "url2": null }, "geometry": { "type": "Point", "coordinates": [ 135.145673200000061, 34.2491394 ] } },
{ "type": "Feature", "properties": { "内容": "ヘルパーステーションくま【訪問介護】和歌山県和歌山市福島５５０番地の６", "url": "https://www.kaigokensaku.mhlw.go.jp/30/index.php?action_kouhyou_detail_004_kani=true&JigyosyoCd=3070103969-00&ServiceCd=110&Type=search", "url2": null }, "geometry": { "type": "Point", "coordinates": [ 135.1643828, 34.2475528 ] } },
{ "type": "Feature", "properties": { "内容": "ヘルパーステーション楓【訪問介護】和歌山県和歌山市黒田２９７番地13", "url": "https://www.kaigokensaku.mhlw.go.jp/30/index.php?action_kouhyou_detail_004_kani=true&JigyosyoCd=3070111228-00&ServiceCd=110&Type=search", "url2": null }, "geometry": { "type": "Point", "coordinates": [ 135.20074626564147, 34.244532488003664 ] } },
{ "type": "Feature", "properties": { "内容": "ヘルパーステーション幹はうす【訪問介護】和歌山県和歌山市冬野703番地9", "url": "https://www.kaigokensaku.mhlw.go.jp/30/index.php?action_kouhyou_detail_004_kani=true&JigyosyoCd=3070114115-00&ServiceCd=110&Type=search", "url2": "https://miki-zaitaku.com/" }, "geometry": { "type": "Point", "coordinates": [ 135.2107283, 34.1910299 ] } },
{ "type": "Feature", "properties": { "内容": "ヘルパーステーション　エレック【訪問介護】和歌山市堀止東一丁目1-9", "url": "https://www.kaigokensaku.mhlw.go.jp/30/index.php?action_kouhyou_detail_004_kani=true&JigyosyoCd=3070114313-00&ServiceCd=110&Type=search", "url2": null }, "geometry": { "type": "Point", "coordinates": [ 135.1708319, 34.2153797 ] } },
{ "type": "Feature", "properties": { "内容": "けあビジョンホーム和歌山木ノ本訪問介護【訪問介護】和歌山県和歌山市木ノ本476-2", "url": "https://www.kaigokensaku.mhlw.go.jp/30/index.php?action_kouhyou_detail_004_kani=true&JigyosyoCd=3070114354-00&ServiceCd=110&Type=search", "url2": null }, "geometry": { "type": "Point", "coordinates": [ 135.127166, 34.262715 ] } },
{ "type": "Feature", "properties": { "内容": "グリーンケア【訪問介護】和歌山県和歌山市冬野1332-3", "url": "https://www.kaigokensaku.mhlw.go.jp/30/index.php?action_kouhyou_detail_004_kani=true&JigyosyoCd=3070109446-00&ServiceCd=110&Type=search", "url2": null }, "geometry": { "type": "Point", "coordinates": [ 135.211561345403652, 34.176466566314176 ] } },
{ "type": "Feature", "properties": { "内容": "ヘルパーステーション　あんず【訪問介護】和歌山市東田中字山角３０７", "url": "https://www.kaigokensaku.mhlw.go.jp/30/index.php?action_kouhyou_detail_004_kani=true&JigyosyoCd=3070104801-00&ServiceCd=110&Type=search", "url2": null }, "geometry": { "type": "Point", "coordinates": [ 135.281943599999977, 34.2371267 ] } },
{ "type": "Feature", "properties": { "内容": "タンデムケアネットワーク【訪問介護】和歌山市小野町三丁目15番地サービス付き高齢者向け住宅「タンデム小野町」内", "url": "https://www.kaigokensaku.mhlw.go.jp/30/index.php?action_kouhyou_detail_004_kani=true&JigyosyoCd=3070107325-00&ServiceCd=110&Type=search", "url2": null }, "geometry": { "type": "Point", "coordinates": [ 135.164422267597956, 34.23220411066719 ] } },
{ "type": "Feature", "properties": { "内容": "ホームケア土屋　和歌山【訪問介護】和歌山県和歌山市六十谷732-1ロビンコート203号室", "url": "https://www.kaigokensaku.mhlw.go.jp/30/index.php?action_kouhyou_detail_004_kani=true&JigyosyoCd=3070113604-00&ServiceCd=110&Type=search", "url2": "https://homecare-tsuchiya.com" }, "geometry": { "type": "Point", "coordinates": [ 135.2051984, 34.2653093 ] } },
{ "type": "Feature", "properties": { "内容": "サンライトケア株式会社【訪問介護】和歌山県和歌山市太田4丁目5-162階", "url": "https://www.kaigokensaku.mhlw.go.jp/30/index.php?action_kouhyou_detail_004_kani=true&JigyosyoCd=3070112291-00&ServiceCd=110&Type=search", "url2": null }, "geometry": { "type": "Point", "coordinates": [ 135.198617, 34.2295594 ] } },
{ "type": "Feature", "properties": { "内容": "ヘルパーステーション　集い【訪問介護】和歌山県和歌山市手平1丁目7-27", "url": "https://www.kaigokensaku.mhlw.go.jp/30/index.php?action_kouhyou_detail_004_kani=true&JigyosyoCd=3070105691-00&ServiceCd=110&Type=search", "url2": "http://www.silvernest.biz/" }, "geometry": { "type": "Point", "coordinates": [ 135.178041600000029, 34.1989069 ] } },
{ "type": "Feature", "properties": { "内容": "アースサポート和歌山【訪問介護】和歌山県和歌山市吉田470番地", "url": "https://www.kaigokensaku.mhlw.go.jp/30/index.php?action_kouhyou_detail_004_kani=true&JigyosyoCd=3070106830-00&ServiceCd=110&Type=search", "url2": "http://www.earthsupport.co.jp" }, "geometry": { "type": "Point", "coordinates": [ 135.1877733, 34.2356723 ] } },
{ "type": "Feature", "properties": { "内容": "訪問介護事業所ぴぃーぷる【訪問介護】和歌山県和歌山市島崎町3丁目26番地スリールドゥソレイユ　505号", "url": "https://www.kaigokensaku.mhlw.go.jp/30/index.php?action_kouhyou_detail_004_kani=true&JigyosyoCd=3070111418-00&ServiceCd=110&Type=search", "url2": null }, "geometry": { "type": "Point", "coordinates": [ 135.178774400000066, 34.2214959 ] } },
{ "type": "Feature", "properties": { "内容": "株式会社しるばあはっぴい【訪問介護】和歌山市道場町7番地はっぴいビル3Ｆ", "url": "https://www.kaigokensaku.mhlw.go.jp/30/index.php?action_kouhyou_detail_004_kani=true&JigyosyoCd=3070100585-00&ServiceCd=110&Type=search", "url2": null }, "geometry": { "type": "Point", "coordinates": [ 135.164964300000065, 34.2307472 ] } },
{ "type": "Feature", "properties": { "内容": "ホームケア紬伎【訪問介護】和歌山県和歌山市弘西92アヴニール202号", "url": "https://www.kaigokensaku.mhlw.go.jp/30/index.php?action_kouhyou_detail_004_kani=true&JigyosyoCd=3070113182-00&ServiceCd=110&Type=search", "url2": null }, "geometry": { "type": "Point", "coordinates": [ 135.2344084, 34.266725 ] } },
{ "type": "Feature", "properties": { "内容": "有限会社　ボディーサポート　賛佳【訪問介護】和歌山市神前227-6", "url": "https://www.kaigokensaku.mhlw.go.jp/30/index.php?action_kouhyou_detail_004_kani=true&JigyosyoCd=3070104116-00&ServiceCd=110&Type=search", "url2": null }, "geometry": { "type": "Point", "coordinates": [ 135.202028299999938, 34.2139278 ] } },
{ "type": "Feature", "properties": { "内容": "ヘルパーステーションSunny【訪問介護】和歌山県和歌山市手平２丁目５番４７号フレグランス手平２０１", "url": "https://www.kaigokensaku.mhlw.go.jp/30/index.php?action_kouhyou_detail_004_kani=true&JigyosyoCd=3070114529-00&ServiceCd=110&Type=search", "url2": null }, "geometry": { "type": "Point", "coordinates": [ 135.188506222090155, 34.217806212040685 ] } },
{ "type": "Feature", "properties": { "内容": "ヘルパーステーションつるかめ【訪問介護】和歌山市狐島590", "url": "https://www.kaigokensaku.mhlw.go.jp/30/index.php?action_kouhyou_detail_004_kani=true&JigyosyoCd=3070102433-00&ServiceCd=110&Type=search", "url2": null }, "geometry": { "type": "Point", "coordinates": [ 135.157681, 34.2471981 ] } },
{ "type": "Feature", "properties": { "内容": "ヘルパーステーションてんまり【訪問介護】和歌山県和歌山市西浜1407－1", "url": "https://www.kaigokensaku.mhlw.go.jp/30/index.php?action_kouhyou_detail_004_kani=true&JigyosyoCd=3070113695-00&ServiceCd=110&Type=search", "url2": null }, "geometry": { "type": "Point", "coordinates": [ 135.15380873396083, 34.206854642669711 ] } },
{ "type": "Feature", "properties": { "内容": "ダイバーシティ島橋【訪問介護】和歌山県和歌山市島橋東ノ丁2-22", "url": "https://www.kaigokensaku.mhlw.go.jp/30/index.php?action_kouhyou_detail_004_kani=true&JigyosyoCd=3070114602-00&ServiceCd=110&Type=search", "url2": null }, "geometry": { "type": "Point", "coordinates": [ 135.1497063, 34.2440323 ] } },
{ "type": "Feature", "properties": { "内容": "訪問介護ステーションふたば【訪問介護】和歌山県和歌山市毛見１４３４－１", "url": "https://www.kaigokensaku.mhlw.go.jp/30/index.php?action_kouhyou_detail_004_kani=true&JigyosyoCd=3070113331-00&ServiceCd=110&Type=search", "url2": null }, "geometry": { "type": "Point", "coordinates": [ 135.188772699999987, 34.1597285 ] } },
{ "type": "Feature", "properties": { "内容": "ヘルパーステーションナチュレ【訪問介護】和歌山県和歌山市北新金屋丁76‐8", "url": "https://www.kaigokensaku.mhlw.go.jp/30/index.php?action_kouhyou_detail_004_kani=true&JigyosyoCd=3070114735-00&ServiceCd=110&Type=search", "url2": "https://amidahome.com/" }, "geometry": { "type": "Point", "coordinates": [ 135.178928, 34.2362874 ] } },
{ "type": "Feature", "properties": { "内容": "つた介護サービス【訪問介護】和歌山県和歌山市杭ノ瀬１３２－１８", "url": "https://www.kaigokensaku.mhlw.go.jp/30/index.php?action_kouhyou_detail_004_kani=true&JigyosyoCd=3070104322-00&ServiceCd=110&Type=search", "url2": null }, "geometry": { "type": "Point", "coordinates": [ 135.1911182, 34.2110086 ] } },
{ "type": "Feature", "properties": { "内容": "一般社団法人和歌山県聴覚障害者協会なごみの手【訪問介護】加納407-1有料老人ホームきのくにの手", "url": "https://www.kaigokensaku.mhlw.go.jp/30/index.php?action_kouhyou_detail_004_kani=true&JigyosyoCd=3070112622-00&ServiceCd=110&Type=search", "url2": "https://www.watyosyokyo.or.jp/" }, "geometry": { "type": "Point", "coordinates": [ 135.2038, 34.24488 ] } },
{ "type": "Feature", "properties": { "内容": "ヘルパ－ステ－ションまんぼう【訪問介護】和歌山市加納145番地の3", "url": "https://www.kaigokensaku.mhlw.go.jp/30/index.php?action_kouhyou_detail_004_kani=true&JigyosyoCd=3070109263-00&ServiceCd=110&Type=search", "url2": "http://mannbou-ouchi.com" }, "geometry": { "type": "Point", "coordinates": [ 135.207479799999987, 34.2432083 ] } },
{ "type": "Feature", "properties": { "内容": "ヘルパーステーション　Ｒ＆Ｃ【訪問介護】和歌山県　和歌山市　江南331-1", "url": "https://www.kaigokensaku.mhlw.go.jp/30/index.php?action_kouhyou_detail_004_kani=true&JigyosyoCd=3070110394-00&ServiceCd=110&Type=search", "url2": null }, "geometry": { "type": "Point", "coordinates": [ 135.228268902239563, 34.187484767662298 ] } },
{ "type": "Feature", "properties": { "内容": "ヘルパーステーションしろ【訪問介護】和歌山県和歌山市園部1142-3シアラplus園部426号", "url": "https://www.kaigokensaku.mhlw.go.jp/30/index.php?action_kouhyou_detail_004_kani=true&JigyosyoCd=3070114628-00&ServiceCd=110&Type=search", "url2": null }, "geometry": { "type": "Point", "coordinates": [ 135.1903493, 34.258402600000011 ] } },
{ "type": "Feature", "properties": { "内容": "クラシア訪問ケアサービス【訪問介護】和歌山市塩屋５丁目7番６０号クラシア訪問看護ステーション", "url": "https://www.kaigokensaku.mhlw.go.jp/30/index.php?action_kouhyou_detail_004_kani=true&JigyosyoCd=3070114784-00&ServiceCd=110&Type=search", "url2": "https://classia.biz/caretaxi" }, "geometry": { "type": "Point", "coordinates": [ 135.1780224, 34.199298 ] } },
{ "type": "Feature", "properties": { "内容": "つぼみ介護サービス【訪問介護】和歌山市坂田７４４番地３２", "url": "https://www.kaigokensaku.mhlw.go.jp/30/index.php?action_kouhyou_detail_004_kani=true&JigyosyoCd=3070106046-00&ServiceCd=110&Type=search", "url2": null }, "geometry": { "type": "Point", "coordinates": [ 135.193313986725798, 34.205155186915128 ] } },
{ "type": "Feature", "properties": { "内容": "株式会社ほっこり【訪問介護】和歌山県和歌山市湊４丁目6-10", "url": "https://www.kaigokensaku.mhlw.go.jp/30/index.php?action_kouhyou_detail_004_kani=true&JigyosyoCd=3070114156-00&ServiceCd=110&Type=search", "url2": null }, "geometry": { "type": "Point", "coordinates": [ 135.143366, 34.231868 ] } },
{ "type": "Feature", "properties": { "内容": "訪問介護てんとうむし【訪問介護】和歌山県和歌山市松島52番地の3", "url": "https://www.kaigokensaku.mhlw.go.jp/30/index.php?action_kouhyou_detail_004_kani=true&JigyosyoCd=3070110477-00&ServiceCd=110&Type=search", "url2": "https//tentomushi-wakayama.jp" }, "geometry": { "type": "Point", "coordinates": [ 135.2115794, 34.2501883 ] } },
{ "type": "Feature", "properties": { "内容": "訪問介護ステーションあいおん【訪問介護】和歌山市伊太祈曽77-6", "url": "https://www.kaigokensaku.mhlw.go.jp/30/index.php?action_kouhyou_detail_004_kani=true&JigyosyoCd=3070112648-00&ServiceCd=110&Type=search", "url2": null }, "geometry": { "type": "Point", "coordinates": [ 135.251215600000023, 34.2044375 ] } },
{ "type": "Feature", "properties": { "内容": "樫の木ケアステーション訪問介護【訪問介護】和歌山県和歌山市栗栖273-16", "url": "https://www.kaigokensaku.mhlw.go.jp/30/index.php?action_kouhyou_detail_004_kani=true&JigyosyoCd=3070113778-00&ServiceCd=110&Type=search", "url2": null }, "geometry": { "type": "Point", "coordinates": [ 135.226362, 34.2435386 ] } },
{ "type": "Feature", "properties": { "内容": "地域介護福祉交流センターNPO法人近畿在宅介護協会【訪問介護】和歌山県和歌山市吉礼523-21-1F", "url": "https://www.kaigokensaku.mhlw.go.jp/30/index.php?action_kouhyou_detail_004_kani=true&JigyosyoCd=3070101443-00&ServiceCd=110&Type=search", "url2": "http:/www.naxnet.or.jp/~npo-kzkk/" }, "geometry": { "type": "Point", "coordinates": [ 135.236475899999959, 34.2015852 ] } },
{ "type": "Feature", "properties": { "内容": "ヘルパーステーション　フロムはーと【訪問介護】和歌山市布施屋320-7", "url": "https://www.kaigokensaku.mhlw.go.jp/30/index.php?action_kouhyou_detail_004_kani=true&JigyosyoCd=3070101997-00&ServiceCd=110&Type=search", "url2": "http://fromheart.wakayama.jp/" }, "geometry": { "type": "Point", "coordinates": [ 135.266931, 34.2403789 ] } },
{ "type": "Feature", "properties": { "内容": "ライフパートナー内原訪問介護【訪問介護】和歌山市内原６３４－１", "url": "https://www.kaigokensaku.mhlw.go.jp/30/index.php?action_kouhyou_detail_004_kani=true&JigyosyoCd=3070105170-00&ServiceCd=110&Type=search", "url2": null }, "geometry": { "type": "Point", "coordinates": [ 135.19848449999995, 34.1751382 ] } },
{ "type": "Feature", "properties": { "内容": "訪問介護ステーションあゆみ【訪問介護】和歌山市津秦26-3", "url": "https://www.kaigokensaku.mhlw.go.jp/30/index.php?action_kouhyou_detail_004_kani=true&JigyosyoCd=3070105055-00&ServiceCd=110&Type=search", "url2": null }, "geometry": { "type": "Point", "coordinates": [ 135.205419276786898, 34.224321326417247 ] } },
{ "type": "Feature", "properties": { "内容": "和歌山県和歌山市西浜1017-7【訪問介護】和歌山県和歌山市西浜1017-7", "url": "https://www.kaigokensaku.mhlw.go.jp/30/index.php?action_kouhyou_detail_004_kani=true&JigyosyoCd=3070114834-00&ServiceCd=110&Type=search", "url2": "https://yumio-gls.com/" }, "geometry": { "type": "Point", "coordinates": [ 135.1568883, 34.1957301 ] } },
{ "type": "Feature", "properties": { "内容": "有限会社イナ・コーポレーションにこにこケアセンター【訪問介護】和歌山市直川608-３", "url": "https://www.kaigokensaku.mhlw.go.jp/30/index.php?action_kouhyou_detail_004_kani=true&JigyosyoCd=3070104710-00&ServiceCd=110&Type=search", "url2": null }, "geometry": { "type": "Point", "coordinates": [ 135.222173, 34.2629181 ] } },
{ "type": "Feature", "properties": { "内容": "すみれ訪問介護事業所【訪問介護】和歌山県和歌山市堀止南ノ丁3-29", "url": "https://www.kaigokensaku.mhlw.go.jp/30/index.php?action_kouhyou_detail_004_kani=true&JigyosyoCd=3070106863-00&ServiceCd=110&Type=search", "url2": null }, "geometry": { "type": "Point", "coordinates": [ 135.172361200000068, 34.211883 ] } },
{ "type": "Feature", "properties": { "内容": "ヘルパーステーション　オリーブ【訪問介護】園部110-6", "url": "https://www.kaigokensaku.mhlw.go.jp/30/index.php?action_kouhyou_detail_004_kani=true&JigyosyoCd=3070109156-00&ServiceCd=110&Type=search", "url2": null }, "geometry": { "type": "Point", "coordinates": [ 135.193556877473867, 34.269586032451478 ] } },
{ "type": "Feature", "properties": { "内容": "ヘルパーステーション　パステル【訪問介護】和歌山県和歌山市田尻693-1サービス付き高齢者向け住宅　ポーラ", "url": "https://www.kaigokensaku.mhlw.go.jp/30/index.php?action_kouhyou_detail_004_kani=true&JigyosyoCd=3070114438-00&ServiceCd=110&Type=search", "url2": null }, "geometry": { "type": "Point", "coordinates": [ 135.1978996, 34.2009894 ] } },
{ "type": "Feature", "properties": { "内容": "ライフケア　そよかぜ【訪問介護】和歌山市西高松１丁目２番２号　１F", "url": "https://www.kaigokensaku.mhlw.go.jp/30/index.php?action_kouhyou_detail_004_kani=true&JigyosyoCd=3070105774-00&ServiceCd=110&Type=search", "url2": "http://www.lifecare-soyokaze.jp/" }, "geometry": { "type": "Point", "coordinates": [ 135.167991700000016, 34.2369493 ] } },
{ "type": "Feature", "properties": { "内容": "訪問介護ステーションSYK【訪問介護】和歌山県和歌山市１７１４　セントラル第二ビル二階", "url": "https://www.kaigokensaku.mhlw.go.jp/30/index.php?action_kouhyou_detail_004_kani=true&JigyosyoCd=3070105741-00&ServiceCd=110&Type=search", "url2": null }, "geometry": { "type": "Point", "coordinates": [ 135.170808299999976, 34.230511300000011 ] } },
{ "type": "Feature", "properties": { "内容": "ケアサービス喜楽【訪問介護】和歌山市狐島691-17", "url": "https://www.kaigokensaku.mhlw.go.jp/30/index.php?action_kouhyou_detail_004_kani=true&JigyosyoCd=3070108562-00&ServiceCd=110&Type=search", "url2": "yugenngaisyakiraku@gmail.com" }, "geometry": { "type": "Point", "coordinates": [ 135.149263098533652, 34.241838714969838 ] } },
{ "type": "Feature", "properties": { "内容": "訪問介護ステーション菜の華【訪問介護】和歌山市善明寺５９５－１", "url": "https://www.kaigokensaku.mhlw.go.jp/30/index.php?action_kouhyou_detail_004_kani=true&JigyosyoCd=3070101880-00&ServiceCd=110&Type=search", "url2": null }, "geometry": { "type": "Point", "coordinates": [ 135.187722328623494, 34.262597292995338 ] } },
{ "type": "Feature", "properties": { "内容": "有限会社ヤマックス【訪問介護】和歌山県和歌山市松江東１丁目７番３６号", "url": "https://www.kaigokensaku.mhlw.go.jp/30/index.php?action_kouhyou_detail_004_kani=true&JigyosyoCd=3070101732-00&ServiceCd=110&Type=search", "url2": "https://yamax.bsj.jp/" }, "geometry": { "type": "Point", "coordinates": [ 135.135838392659707, 34.243433435052879 ] } },
{ "type": "Feature", "properties": { "内容": "訪問介護事業所　ほのか【訪問介護】和歌山県和歌山市加納220", "url": "https://www.kaigokensaku.mhlw.go.jp/30/index.php?action_kouhyou_detail_004_kani=true&JigyosyoCd=3070110964-00&ServiceCd=110&Type=search", "url2": null }, "geometry": { "type": "Point", "coordinates": [ 135.201955199999929, 34.2484354 ] } },
{ "type": "Feature", "properties": { "内容": "ヘルパーステーション紀風【訪問介護】和歌山県和歌山市岩橋1267-1", "url": "https://www.kaigokensaku.mhlw.go.jp/30/index.php?action_kouhyou_detail_004_kani=true&JigyosyoCd=3070110980-00&ServiceCd=110&Type=search", "url2": "https://www.kifuen.net/" }, "geometry": { "type": "Point", "coordinates": [ 135.230068300069433, 34.229941313661804 ] } },
{ "type": "Feature", "properties": { "内容": "ヘルパーステーションじぞう【訪問介護】和歌山県和歌山市南出島74-7プチハ99　A102", "url": "https://www.kaigokensaku.mhlw.go.jp/30/index.php?action_kouhyou_detail_004_kani=true&JigyosyoCd=3070113992-00&ServiceCd=110&Type=search", "url2": "https://lita-family.com/" }, "geometry": { "type": "Point", "coordinates": [ 135.1944114, 34.2176208 ] } },
{ "type": "Feature", "properties": { "内容": "訪問介護いずみヒルズ【訪問介護】和歌山市毛見342-26", "url": "https://www.kaigokensaku.mhlw.go.jp/30/index.php?action_kouhyou_detail_004_kani=true&JigyosyoCd=3070106376-00&ServiceCd=110&Type=search", "url2": null }, "geometry": { "type": "Point", "coordinates": [ 135.19950524152523, 34.169648889728869 ] } },
{ "type": "Feature", "properties": { "内容": "ケアステーションべるてんぽ【訪問介護】和歌山市松江北7丁目１１－１３", "url": "https://www.kaigokensaku.mhlw.go.jp/30/index.php?action_kouhyou_detail_004_kani=true&JigyosyoCd=3070107101-00&ServiceCd=110&Type=search", "url2": "http://www.restfrom.com/" }, "geometry": { "type": "Point", "coordinates": [ 135.126068700000019, 34.253011 ] } },
{ "type": "Feature", "properties": { "内容": "ヘルパーステーションかなえ【訪問介護】和歌山県和歌山市向２２８番地１８ライフドリームかなえ", "url": "https://www.kaigokensaku.mhlw.go.jp/30/index.php?action_kouhyou_detail_004_kani=true&JigyosyoCd=3070111558-00&ServiceCd=110&Type=search", "url2": null }, "geometry": { "type": "Point", "coordinates": [ 135.146359, 34.2551277 ] } },
{ "type": "Feature", "properties": { "内容": "有限会社成介【訪問介護】和歌山県和歌山市吉原778番地2", "url": "https://www.kaigokensaku.mhlw.go.jp/30/index.php?action_kouhyou_detail_004_kani=true&JigyosyoCd=3070100445-00&ServiceCd=110&Type=search", "url2": "http://wakayamaseikai.jp/" }, "geometry": { "type": "Point", "coordinates": [ 135.20247043987797, 34.194139783614879 ] } },
{ "type": "Feature", "properties": { "内容": "つくし介護センター【訪問介護】和歌山市東高松１丁目３番４号", "url": "https://www.kaigokensaku.mhlw.go.jp/30/index.php?action_kouhyou_detail_004_kani=true&JigyosyoCd=3070105246-00&ServiceCd=110&Type=search", "url2": null }, "geometry": { "type": "Point", "coordinates": [ 135.174473177909817, 34.209666058872152 ] } },
{ "type": "Feature", "properties": { "内容": "有交れもんケアステーション【訪問介護】太田105-1", "url": "https://www.kaigokensaku.mhlw.go.jp/30/index.php?action_kouhyou_detail_004_kani=true&JigyosyoCd=3070113786-00&ServiceCd=110&Type=search", "url2": null }, "geometry": { "type": "Point", "coordinates": [ 139.3760432, 36.2909373 ] } },
{ "type": "Feature", "properties": { "内容": "あおいヘルパー【訪問介護】和歌山県和歌山市和歌浦中１丁目２－１１", "url": "https://www.kaigokensaku.mhlw.go.jp/30/index.php?action_kouhyou_detail_004_kani=true&JigyosyoCd=3070101807-00&ServiceCd=110&Type=search", "url2": null }, "geometry": { "type": "Point", "coordinates": [ 135.16944066932885, 34.193503510322635 ] } },
{ "type": "Feature", "properties": { "内容": "はまゆう２４【訪問介護】和歌山市狐島371-3松島コーポ305", "url": "https://www.kaigokensaku.mhlw.go.jp/30/index.php?action_kouhyou_detail_004_kani=true&JigyosyoCd=3070115005-00&ServiceCd=110&Type=search", "url2": null }, "geometry": { "type": "Point", "coordinates": [ 135.1522478, 34.2442076 ] } },
{ "type": "Feature", "properties": { "内容": "COCOプランニング訪問介護【訪問介護】中之島1611", "url": "https://www.kaigokensaku.mhlw.go.jp/30/index.php?action_kouhyou_detail_004_kani=true&JigyosyoCd=3070113984-00&ServiceCd=110&Type=search", "url2": null }, "geometry": { "type": "Point", "coordinates": [ 135.1843196, 34.2393413 ] } },
{ "type": "Feature", "properties": { "内容": "ヘルパーステーションこころ和歌山【訪問介護】和歌山県和歌山市西田井３６６番地の８", "url": "https://www.kaigokensaku.mhlw.go.jp/30/index.php?action_kouhyou_detail_004_kani=true&JigyosyoCd=3070113570-00&ServiceCd=110&Type=search", "url2": null }, "geometry": { "type": "Point", "coordinates": [ 135.2384312, 34.2550396 ] } },
{ "type": "Feature", "properties": { "内容": "ケアステーションさつき【訪問介護】和歌山県和歌山市中島52-1アスリートＯＮＥ　テナント１", "url": "https://www.kaigokensaku.mhlw.go.jp/30/index.php?action_kouhyou_detail_004_kani=true&JigyosyoCd=3070112739-00&ServiceCd=110&Type=search", "url2": null }, "geometry": { "type": "Point", "coordinates": [ 135.1891683, 34.2133278 ] } },
{ "type": "Feature", "properties": { "内容": "ライフ【訪問介護】和歌山県和歌山市松江1325-8", "url": "https://www.kaigokensaku.mhlw.go.jp/30/index.php?action_kouhyou_detail_004_kani=true&JigyosyoCd=3070114453-00&ServiceCd=110&Type=search", "url2": null }, "geometry": { "type": "Point", "coordinates": [ 135.144296700000012, 34.2434954 ] } },
{ "type": "Feature", "properties": { "内容": "ヘルパーステーション　ハッピーライフ【訪問介護】和歌山市金谷206-6", "url": "https://www.kaigokensaku.mhlw.go.jp/30/index.php?action_kouhyou_detail_004_kani=true&JigyosyoCd=3070103282-00&ServiceCd=110&Type=search", "url2": null }, "geometry": { "type": "Point", "coordinates": [ 135.276219099999906, 34.2393597 ] } },
{ "type": "Feature", "properties": { "内容": "ケアセンターCH和歌山【訪問介護】和歌山県和歌山市元寺町3-21", "url": "https://www.kaigokensaku.mhlw.go.jp/30/index.php?action_kouhyou_detail_004_kani=true&JigyosyoCd=3070115062-00&ServiceCd=110&Type=search", "url2": "和歌山市元寺町3-21" }, "geometry": { "type": "Point", "coordinates": [ 135.1771569, 34.2372584 ] } },
{ "type": "Feature", "properties": { "内容": "ウィッシュ訪問介護サービス【訪問介護】和歌山市出口端ノ丁20番地1", "url": "https://www.kaigokensaku.mhlw.go.jp/30/index.php?action_kouhyou_detail_004_kani=true&JigyosyoCd=3070103514-00&ServiceCd=110&Type=search", "url2": "care-net.biz/30/wish/" }, "geometry": { "type": "Point", "coordinates": [ 135.163517299999967, 34.2202845 ] } },
{ "type": "Feature", "properties": { "内容": "ヘルパステーション蒲輪の里【訪問介護】和歌山県和歌山市紀三井寺516番1-202", "url": "https://www.kaigokensaku.mhlw.go.jp/30/index.php?action_kouhyou_detail_004_kani=true&JigyosyoCd=3070113372-00&ServiceCd=110&Type=search", "url2": "https://www.horinnosato.com" }, "geometry": { "type": "Point", "coordinates": [ 135.188229384640834, 34.175939088023945 ] } },
{ "type": "Feature", "properties": { "内容": "なぐさ介護センター【訪問介護】和歌山県和歌山市紀三井寺516番1-201", "url": "https://www.kaigokensaku.mhlw.go.jp/30/index.php?action_kouhyou_detail_004_kani=true&JigyosyoCd=3070113380-00&ServiceCd=110&Type=search", "url2": "https://www.horinnosato.com" }, "geometry": { "type": "Point", "coordinates": [ 135.188583438142274, 34.17576381767018 ] } },
{ "type": "Feature", "properties": { "内容": "ヘルパーステーション夕陽【訪問介護】和歌山県和歌山市吹屋町二丁目６９－１", "url": "https://www.kaigokensaku.mhlw.go.jp/30/index.php?action_kouhyou_detail_004_kani=true&JigyosyoCd=3070112176-00&ServiceCd=110&Type=search", "url2": null }, "geometry": { "type": "Point", "coordinates": [ 135.186974757787993, 34.225060881952999 ] } },
{ "type": "Feature", "properties": { "内容": "株式会社　ぱせり【訪問介護】和歌山市狐島388-4メゾンKITSUNEJIMA101号", "url": "https://www.kaigokensaku.mhlw.go.jp/30/index.php?action_kouhyou_detail_004_kani=true&JigyosyoCd=3070107390-00&ServiceCd=110&Type=search", "url2": "http://nttbj.itp.ne.jp/0734805151/index.html" }, "geometry": { "type": "Point", "coordinates": [ 135.152937, 34.2439594 ] } },
{ "type": "Feature", "properties": { "内容": "ヘルパーステーションともに【訪問介護】和歌山市加納246－1-202パルム加納２０２号", "url": "https://www.kaigokensaku.mhlw.go.jp/30/index.php?action_kouhyou_detail_004_kani=true&JigyosyoCd=3070111285-00&ServiceCd=110&Type=search", "url2": null }, "geometry": { "type": "Point", "coordinates": [ 135.206900300000029, 34.2450169 ] } },
{ "type": "Feature", "properties": { "内容": "ケアステーションしおり【訪問介護】和歌山市園部1363番地中村マンション102号", "url": "https://www.kaigokensaku.mhlw.go.jp/30/index.php?action_kouhyou_detail_004_kani=true&JigyosyoCd=3070112960-00&ServiceCd=110&Type=search", "url2": null }, "geometry": { "type": "Point", "coordinates": [ 135.195417139286747, 34.259562180626503 ] } },
{ "type": "Feature", "properties": { "内容": "株式会社　桜【訪問介護】和歌山県和歌山市大垣内107-1", "url": "https://www.kaigokensaku.mhlw.go.jp/30/index.php?action_kouhyou_detail_004_kani=true&JigyosyoCd=3070113109-00&ServiceCd=110&Type=search", "url2": null }, "geometry": { "type": "Point", "coordinates": [ 135.2849793, 34.2440682 ] } },
{ "type": "Feature", "properties": { "内容": "ヘルパーステーションまんかい【訪問介護】和歌山県和歌山市中116-11102号室", "url": "https://www.kaigokensaku.mhlw.go.jp/30/index.php?action_kouhyou_detail_004_kani=true&JigyosyoCd=3070111970-00&ServiceCd=110&Type=search", "url2": null }, "geometry": { "type": "Point", "coordinates": [ 135.143291799999986, 34.2611828 ] } },
{ "type": "Feature", "properties": { "内容": "ヘルパーステーション誠心【訪問介護】湊御殿1-5-4", "url": "https://www.kaigokensaku.mhlw.go.jp/30/index.php?action_kouhyou_detail_004_kani=true&JigyosyoCd=3070110071-00&ServiceCd=110&Type=search", "url2": null }, "geometry": { "type": "Point", "coordinates": [ 135.158334299999979, 34.2211426 ] } },
{ "type": "Feature", "properties": { "内容": "訪問介護にちか【訪問介護】有家379", "url": "https://www.kaigokensaku.mhlw.go.jp/30/index.php?action_kouhyou_detail_004_kani=true&JigyosyoCd=3070115054-00&ServiceCd=110&Type=search", "url2": null }, "geometry": { "type": "Point", "coordinates": [ 135.201341343910372, 34.218256914697662 ] } },
{ "type": "Feature", "properties": { "内容": "ダイバーシティ島橋【訪問介護】和歌山県和歌山市島橋東ノ丁2－22ダイバーシティ島橋", "url": "https://www.kaigokensaku.mhlw.go.jp/30/index.php?action_kouhyou_detail_004_kani=true&JigyosyoCd=3070115013-00&ServiceCd=110&Type=search", "url2": "https://diversity-shimabashi.jp/" }, "geometry": { "type": "Point", "coordinates": [ 135.149711, 34.2440555 ] } },
{ "type": "Feature", "properties": { "内容": "アプリ株式会社　訪問介護事業部【訪問介護】和歌山市有本４５８番地９", "url": "https://www.kaigokensaku.mhlw.go.jp/30/index.php?action_kouhyou_detail_004_kani=true&JigyosyoCd=3070106061-00&ServiceCd=110&Type=search", "url2": "https://accomplish-corp.net/" }, "geometry": { "type": "Point", "coordinates": [ 135.1970856, 34.2509442 ] } },
{ "type": "Feature", "properties": { "内容": "訪問介護ぽっけ【訪問介護】和歌山県和歌山市西浜1439-7", "url": "https://www.kaigokensaku.mhlw.go.jp/30/index.php?action_kouhyou_detail_004_kani=true&JigyosyoCd=3070112473-00&ServiceCd=110&Type=search", "url2": null }, "geometry": { "type": "Point", "coordinates": [ 135.154876300000069, 34.2087357 ] } },
{ "type": "Feature", "properties": { "内容": "ヘルパーステーションほてい【訪問介護】和歌山県和歌山市湊３１１９番地", "url": "https://www.kaigokensaku.mhlw.go.jp/30/index.php?action_kouhyou_detail_004_kani=true&JigyosyoCd=3070115104-00&ServiceCd=110&Type=search", "url2": null }, "geometry": { "type": "Point", "coordinates": [ 135.163203900000042, 34.219773899999979 ] } },
{ "type": "Feature", "properties": { "内容": "ヘルパーステーション陽葵【訪問介護】和歌山県和歌山市和歌浦東２丁目9-61ネクサス和歌浦Ⅰ302", "url": "https://www.kaigokensaku.mhlw.go.jp/30/index.php?action_kouhyou_detail_004_kani=true&JigyosyoCd=3070115021-00&ServiceCd=110&Type=search", "url2": null }, "geometry": { "type": "Point", "coordinates": [ 135.1756814, 34.1914276 ] } },
{ "type": "Feature", "properties": { "内容": "ヘルパーステーションホース【訪問介護】和歌山市一筋目26", "url": "https://www.kaigokensaku.mhlw.go.jp/30/index.php?action_kouhyou_detail_004_kani=true&JigyosyoCd=3070104926-00&ServiceCd=110&Type=search", "url2": "http://www.vivifala-yukako.co.jp/" }, "geometry": { "type": "Point", "coordinates": [ 135.171439813491816, 34.23751594831846 ] } },
{ "type": "Feature", "properties": { "内容": "指定訪問介護事業所フリージア【訪問介護】和歌山市岩橋1597-1", "url": "https://www.kaigokensaku.mhlw.go.jp/30/index.php?action_kouhyou_detail_004_kani=true&JigyosyoCd=3070104272-00&ServiceCd=110&Type=search", "url2": "http://www.ichigonosato.jp" }, "geometry": { "type": "Point", "coordinates": [ 135.22348420000003, 34.2320014 ] } },
{ "type": "Feature", "properties": { "内容": "ケアランド和歌山【訪問介護】和歌山市黒田２７９－４", "url": "https://www.kaigokensaku.mhlw.go.jp/30/index.php?action_kouhyou_detail_004_kani=true&JigyosyoCd=3070100015-00&ServiceCd=110&Type=search", "url2": null }, "geometry": { "type": "Point", "coordinates": [ 135.198547400000052, 34.2361892 ] } },
{ "type": "Feature", "properties": { "内容": "訪問介護ステーション悠惺【訪問介護】和歌山市坂田462福田住宅３０７号室", "url": "https://www.kaigokensaku.mhlw.go.jp/30/index.php?action_kouhyou_detail_004_kani=true&JigyosyoCd=3070101971-00&ServiceCd=110&Type=search", "url2": "https://hp.kaipoke.biz/fxe/" }, "geometry": { "type": "Point", "coordinates": [ 135.203682417860335, 34.199825454711466 ] } },
{ "type": "Feature", "properties": { "内容": "訪問介護　たま【訪問介護】和歌山県和歌山市六十谷208-21３階", "url": "https://www.kaigokensaku.mhlw.go.jp/30/index.php?action_kouhyou_detail_004_kani=true&JigyosyoCd=3070114172-00&ServiceCd=110&Type=search", "url2": null }, "geometry": { "type": "Point", "coordinates": [ 135.2016473, 34.26084 ] } },
{ "type": "Feature", "properties": { "内容": "ヘルパーステーションよしはら【訪問介護】和歌山県和歌山市吉原735", "url": "https://www.kaigokensaku.mhlw.go.jp/30/index.php?action_kouhyou_detail_004_kani=true&JigyosyoCd=3070110329-00&ServiceCd=110&Type=search", "url2": "http://hp.kaipoke.biz/07x/80457/index_0003.html" }, "geometry": { "type": "Point", "coordinates": [ 135.20309240000006, 34.1960077 ] } },
{ "type": "Feature", "properties": { "内容": "紀の国医療生活協同組合【訪問介護】和歌山市新堀東２丁目２－２ほっと生活館しんぼり・紀の国ヘルパーステーション", "url": "https://www.kaigokensaku.mhlw.go.jp/30/index.php?action_kouhyou_detail_004_kani=true&JigyosyoCd=3070101310-00&ServiceCd=110&Type=search", "url2": "http://care-net.biz/30/kinokuniiryo/" }, "geometry": { "type": "Point", "coordinates": [ 135.172713899999962, 34.2142689 ] } },
{ "type": "Feature", "properties": { "内容": "きのもと訪問介護【訪問介護】和歌山市木ノ本１０５４－１レオパレス１０７号室", "url": "https://www.kaigokensaku.mhlw.go.jp/30/index.php?action_kouhyou_detail_004_kani=true&JigyosyoCd=3070110535-00&ServiceCd=110&Type=search", "url2": "http://kaigo-kinomoto.amsstudio.jp/" }, "geometry": { "type": "Point", "coordinates": [ 135.126173393917838, 34.262676564894143 ] } },
{ "type": "Feature", "properties": { "内容": "トータルケアYMA【訪問介護】和歌山県和歌山市西庄８７－１", "url": "https://www.kaigokensaku.mhlw.go.jp/30/index.php?action_kouhyou_detail_004_kani=true&JigyosyoCd=3070112010-00&ServiceCd=110&Type=search", "url2": "https://yamane-corp.jp/" }, "geometry": { "type": "Point", "coordinates": [ 135.11838974952289, 34.262783296239249 ] } },
{ "type": "Feature", "properties": { "内容": "喜望園訪問介護事業所【訪問介護】和歌山市楠本２６６番地（養護盲老人ホーム喜望園内）養護盲老人ホーム喜望園", "url": "https://www.kaigokensaku.mhlw.go.jp/30/index.php?action_kouhyou_detail_004_kani=true&JigyosyoCd=3070105436-00&ServiceCd=110&Type=search", "url2": "http://www.kiboen.or.jp/" }, "geometry": { "type": "Point", "coordinates": [ 135.257874750293013, 34.257423676006432 ] } },
{ "type": "Feature", "properties": { "内容": "ヘルパーステーションひろみ【訪問介護】和歌山県和歌山市中116-11101号室", "url": "https://www.kaigokensaku.mhlw.go.jp/30/index.php?action_kouhyou_detail_004_kani=true&JigyosyoCd=3070109016-00&ServiceCd=110&Type=search", "url2": null }, "geometry": { "type": "Point", "coordinates": [ 135.143241039211489, 34.261252432968064 ] } },
{ "type": "Feature", "properties": { "内容": "ヘルパーステーションかがやき【訪問介護】和歌山県和歌山市禰宜９２０－１", "url": "https://www.kaigokensaku.mhlw.go.jp/30/index.php?action_kouhyou_detail_004_kani=true&JigyosyoCd=3070105709-00&ServiceCd=110&Type=search", "url2": null }, "geometry": { "type": "Point", "coordinates": [ 135.249113099999931, 34.234076299999984 ] } },
{ "type": "Feature", "properties": { "内容": "心和ケアステーション【訪問介護】和歌山県和歌山市雄松町一丁目61番地1", "url": "https://www.kaigokensaku.mhlw.go.jp/30/index.php?action_kouhyou_detail_004_kani=true&JigyosyoCd=3070114339-00&ServiceCd=110&Type=search", "url2": null }, "geometry": { "type": "Point", "coordinates": [ 135.1828362, 34.2224081 ] } },
{ "type": "Feature", "properties": { "内容": "いのうえケアセンター訪問介護【訪問介護】和歌山県和歌山市湊通丁北４丁目２３番地通り丁ハイツ２０１", "url": "https://www.kaigokensaku.mhlw.go.jp/30/index.php?action_kouhyou_detail_004_kani=true&JigyosyoCd=3070110006-00&ServiceCd=110&Type=search", "url2": null }, "geometry": { "type": "Point", "coordinates": [ 135.163328564611533, 34.223282681497487 ] } },
{ "type": "Feature", "properties": { "内容": "訪問介護Cuoreゆたか【訪問介護】和歌山県和歌山市新雑賀町５番地", "url": "https://www.kaigokensaku.mhlw.go.jp/30/index.php?action_kouhyou_detail_004_kani=true&JigyosyoCd=3070112721-00&ServiceCd=110&Type=search", "url2": null }, "geometry": { "type": "Point", "coordinates": [ 135.17877070000003, 34.2347935 ] } },
{ "type": "Feature", "properties": { "内容": "北浦ヘルパーステーション【訪問介護】和歌山県和歌山市森小手穂７３８－３", "url": "https://www.kaigokensaku.mhlw.go.jp/30/index.php?action_kouhyou_detail_004_kani=true&JigyosyoCd=3070111822-00&ServiceCd=110&Type=search", "url2": null }, "geometry": { "type": "Point", "coordinates": [ 135.223814164375284, 34.209286419099435 ] } },
{ "type": "Feature", "properties": { "内容": "あすか訪問介護サービス【訪問介護】和歌山市新在家165-8", "url": "https://www.kaigokensaku.mhlw.go.jp/30/index.php?action_kouhyou_detail_004_kani=true&JigyosyoCd=3070104306-00&ServiceCd=110&Type=search", "url2": null }, "geometry": { "type": "Point", "coordinates": [ 135.196980728866606, 34.244096454317649 ] } },
{ "type": "Feature", "properties": { "内容": "訪問介護サービスカインド【訪問介護】和歌山市和歌町12番地", "url": "https://www.kaigokensaku.mhlw.go.jp/30/index.php?action_kouhyou_detail_004_kani=true&JigyosyoCd=3070102458-00&ServiceCd=110&Type=search", "url2": "http://www.tba-net.co.jp" }, "geometry": { "type": "Point", "coordinates": [ 135.179735299999948, 34.2293728 ] } },
{ "type": "Feature", "properties": { "内容": "ヘルパーステーション結【訪問介護】和歌山県和歌山市冬野1415番地1", "url": "https://www.kaigokensaku.mhlw.go.jp/30/index.php?action_kouhyou_detail_004_kani=true&JigyosyoCd=3070114123-00&ServiceCd=110&Type=search", "url2": null }, "geometry": { "type": "Point", "coordinates": [ 135.2090508, 34.1736869 ] } },
{ "type": "Feature", "properties": { "内容": "訪問介護ステーション　グラシアス【訪問介護】和歌山市神波30番地119", "url": "https://www.kaigokensaku.mhlw.go.jp/30/index.php?action_kouhyou_detail_004_kani=true&JigyosyoCd=3070114461-00&ServiceCd=110&Type=search", "url2": null }, "geometry": { "type": "Point", "coordinates": [ 135.2546525, 34.2645119 ] } },
{ "type": "Feature", "properties": { "内容": "訪問介護センターやわらぎ【訪問介護】和歌山市葵町６番１１号", "url": "https://www.kaigokensaku.mhlw.go.jp/30/index.php?action_kouhyou_detail_004_kani=true&JigyosyoCd=3070102599-00&ServiceCd=110&Type=search", "url2": null }, "geometry": { "type": "Point", "coordinates": [ 135.16280750302883, 34.213261659728822 ] } },
{ "type": "Feature", "properties": { "内容": "訪問介護事業所ケアネット和歌山【訪問介護】和歌山市雑賀屋町12", "url": "https://www.kaigokensaku.mhlw.go.jp/30/index.php?action_kouhyou_detail_004_kani=true&JigyosyoCd=3070110337-00&ServiceCd=110&Type=search", "url2": "http//carenet-wakayama.com/" }, "geometry": { "type": "Point", "coordinates": [ 135.1676417, 34.228022300000021 ] } },
{ "type": "Feature", "properties": { "内容": "たかまつヘルパーステーション【訪問介護】和歌山市西高松１－５－３６", "url": "https://www.kaigokensaku.mhlw.go.jp/30/index.php?action_kouhyou_detail_004_kani=true&JigyosyoCd=3070101567-00&ServiceCd=110&Type=search", "url2": "js-miyamoto-iin.jp" }, "geometry": { "type": "Point", "coordinates": [ 135.171303, 34.2081112 ] } },
{ "type": "Feature", "properties": { "内容": "花明かり訪問介護【訪問介護】和歌山県和歌山市北野741－5", "url": "https://www.kaigokensaku.mhlw.go.jp/30/index.php?action_kouhyou_detail_004_kani=true&JigyosyoCd=3070114222-00&ServiceCd=110&Type=search", "url2": null }, "geometry": { "type": "Point", "coordinates": [ 135.2511161, 34.2726777 ] } },
{ "type": "Feature", "properties": { "内容": "有限会社ヘルパーステーションひまわり【訪問介護】和歌山市雑賀町98", "url": "https://www.kaigokensaku.mhlw.go.jp/30/index.php?action_kouhyou_detail_004_kani=true&JigyosyoCd=3070101625-00&ServiceCd=110&Type=search", "url2": null }, "geometry": { "type": "Point", "coordinates": [ 135.177318799999966, 34.2327196 ] } },
{ "type": "Feature", "properties": { "内容": "空いろ介護サービス【訪問介護】和歌山市延時87-2", "url": "https://www.kaigokensaku.mhlw.go.jp/30/index.php?action_kouhyou_detail_004_kani=true&JigyosyoCd=3070102649-00&ServiceCd=110&Type=search", "url2": "https://www.yutakacommunications.co.jp/" }, "geometry": { "type": "Point", "coordinates": [ 135.149505300000015, 34.2516393 ] } },
{ "type": "Feature", "properties": { "内容": "ライフケアサポート　至福の郷【訪問介護】弘西844-1", "url": "https://www.kaigokensaku.mhlw.go.jp/30/index.php?action_kouhyou_detail_004_kani=true&JigyosyoCd=3070109487-00&ServiceCd=110&Type=search", "url2": "http://www.shifukuno-sato.com" }, "geometry": { "type": "Point", "coordinates": [ 135.240843600000062, 34.2664599 ] } },
{ "type": "Feature", "properties": { "内容": "ひまわり福祉サービス【訪問介護】和歌山県和歌山市新中島63-5", "url": "https://www.kaigokensaku.mhlw.go.jp/30/index.php?action_kouhyou_detail_004_kani=true&JigyosyoCd=3070105816-00&ServiceCd=110&Type=search", "url2": "http://www.hiwamari-welfare.jp" }, "geometry": { "type": "Point", "coordinates": [ 135.198442399999976, 34.2157248 ] } },
{ "type": "Feature", "properties": { "内容": "アクア和歌山訪問介護【訪問介護】和歌山県和歌山市栄谷431番地1", "url": "https://www.kaigokensaku.mhlw.go.jp/30/index.php?action_kouhyou_detail_004_kani=true&JigyosyoCd=3070115039-00&ServiceCd=110&Type=search", "url2": null }, "geometry": { "type": "Point", "coordinates": [ 135.162402899999989, 34.2591928 ] } },
{ "type": "Feature", "properties": { "内容": "株式会社たいよう【訪問介護】和歌山市太田667-1", "url": "https://www.kaigokensaku.mhlw.go.jp/30/index.php?action_kouhyou_detail_004_kani=true&JigyosyoCd=3070103522-00&ServiceCd=110&Type=search", "url2": null }, "geometry": { "type": "Point", "coordinates": [ 135.204210699999976, 34.2358644 ] } },
{ "type": "Feature", "properties": { "内容": "ヘルパーステーションたいようⅡ【訪問介護】和歌山県和歌山市六十谷１０２１－１", "url": "https://www.kaigokensaku.mhlw.go.jp/30/index.php?action_kouhyou_detail_004_kani=true&JigyosyoCd=3070113141-00&ServiceCd=110&Type=search", "url2": null }, "geometry": { "type": "Point", "coordinates": [ 135.201585755285578, 34.262809913441529 ] } },
{ "type": "Feature", "properties": { "内容": "ヘルパーステーション　みつ【訪問介護】和歌山県和歌山市舟津町四丁目28番地の2ブレストビル　3階", "url": "https://www.kaigokensaku.mhlw.go.jp/30/index.php?action_kouhyou_detail_004_kani=true&JigyosyoCd=3070113133-00&ServiceCd=110&Type=search", "url2": null }, "geometry": { "type": "Point", "coordinates": [ 135.1592647, 34.2182579 ] } },
{ "type": "Feature", "properties": { "内容": "ふれ愛【訪問介護】和歌山市吐前263-1デイサービスわをん", "url": "https://www.kaigokensaku.mhlw.go.jp/30/index.php?action_kouhyou_detail_004_kani=true&JigyosyoCd=3070106962-00&ServiceCd=110&Type=search", "url2": "https://minori-kaigo.net" }, "geometry": { "type": "Point", "coordinates": [ 135.273731712533618, 34.240410262742515 ] } },
{ "type": "Feature", "properties": { "内容": "株式会社やすらぎ介護事業部【訪問介護】和歌山市府中１０５－１", "url": "https://www.kaigokensaku.mhlw.go.jp/30/index.php?action_kouhyou_detail_004_kani=true&JigyosyoCd=3070103886-00&ServiceCd=110&Type=search", "url2": null }, "geometry": { "type": "Point", "coordinates": [ 135.222261900000035, 34.2665761 ] } },
{ "type": "Feature", "properties": { "内容": "ヘルパーステーション笑福【訪問介護】和歌山県　和歌山市　向　88-2セゾン8　103号", "url": "https://www.kaigokensaku.mhlw.go.jp/30/index.php?action_kouhyou_detail_004_kani=true&JigyosyoCd=3070112424-00&ServiceCd=110&Type=search", "url2": null }, "geometry": { "type": "Point", "coordinates": [ 135.147786858826095, 34.258436084249006 ] } },
{ "type": "Feature", "properties": { "内容": "訪問介護ステーション　ひいらぎ【訪問介護】和歌山市和佐関戸20", "url": "https://www.kaigokensaku.mhlw.go.jp/30/index.php?action_kouhyou_detail_004_kani=true&JigyosyoCd=3070106004-00&ServiceCd=110&Type=search", "url2": null }, "geometry": { "type": "Point", "coordinates": [ 135.262663825300592, 34.239953211041509 ] } },
{ "type": "Feature", "properties": { "内容": "ヘルパーステーション花【訪問介護】和歌山県和歌山市田野333-3", "url": "https://www.kaigokensaku.mhlw.go.jp/30/index.php?action_kouhyou_detail_004_kani=true&JigyosyoCd=3070113117-00&ServiceCd=110&Type=search", "url2": null }, "geometry": { "type": "Point", "coordinates": [ 135.151535702810094, 34.184984696605291 ] } },
{ "type": "Feature", "properties": { "内容": "介護相談センターピース＆ピース　大谷【訪問介護】和歌山県和歌山市大谷16-7", "url": "https://www.kaigokensaku.mhlw.go.jp/30/index.php?action_kouhyou_detail_004_kani=true&JigyosyoCd=3070112549-00&ServiceCd=110&Type=search", "url2": "http://wpap.ciao.jp" }, "geometry": { "type": "Point", "coordinates": [ 135.181207207934563, 34.260018021658709 ] } },
{ "type": "Feature", "properties": { "内容": "訪問介護ｽﾃｰｼｮﾝなごみの里【訪問介護】和歌山市松江東２丁目１番７２号", "url": "https://www.kaigokensaku.mhlw.go.jp/30/index.php?action_kouhyou_detail_004_kani=true&JigyosyoCd=3070114255-00&ServiceCd=110&Type=search", "url2": null }, "geometry": { "type": "Point", "coordinates": [ 135.138080596958929, 34.244303173252881 ] } },
{ "type": "Feature", "properties": { "内容": "ヘルパーステーション絆【訪問介護】和歌山県和歌山市馬場２２５番地１０", "url": "https://www.kaigokensaku.mhlw.go.jp/30/index.php?action_kouhyou_detail_004_kani=true&JigyosyoCd=3070113737-00&ServiceCd=110&Type=search", "url2": null }, "geometry": { "type": "Point", "coordinates": [ 135.223922888929025, 34.203714934245966 ] } },
{ "type": "Feature", "properties": { "内容": "喜成会ホームヘルプサービス【訪問介護】和歌山市北野１１８－２高齢者総合ケアセンターみらい", "url": "https://www.kaigokensaku.mhlw.go.jp/30/index.php?action_kouhyou_detail_004_kani=true&JigyosyoCd=3070101195-00&ServiceCd=110&Type=search", "url2": "http://www.kiseikai-w.or.jp/" }, "geometry": { "type": "Point", "coordinates": [ 135.247648600000048, 34.2654352 ] } },
{ "type": "Feature", "properties": { "内容": "喜成会ホームヘルプサービス有本【訪問介護】和歌山市有本127-1", "url": "https://www.kaigokensaku.mhlw.go.jp/30/index.php?action_kouhyou_detail_004_kani=true&JigyosyoCd=3070104041-00&ServiceCd=110&Type=search", "url2": "http://www.kiseikai-w.or.jp/" }, "geometry": { "type": "Point", "coordinates": [ 135.195244600000024, 34.2470826 ] } },
{ "type": "Feature", "properties": { "内容": "訪問介護ステーション心晴【訪問介護】和歌山市鳴神13-29朝日プラザ611", "url": "https://www.kaigokensaku.mhlw.go.jp/30/index.php?action_kouhyou_detail_004_kani=true&JigyosyoCd=3070104496-00&ServiceCd=110&Type=search", "url2": null }, "geometry": { "type": "Point", "coordinates": [ 135.2086567, 34.2255804 ] } },
{ "type": "Feature", "properties": { "内容": "ヘルパーステーションあかり中島【訪問介護】和歌山県和歌山市中島6番地の1", "url": "https://www.kaigokensaku.mhlw.go.jp/30/index.php?action_kouhyou_detail_004_kani=true&JigyosyoCd=3070110121-00&ServiceCd=110&Type=search", "url2": null }, "geometry": { "type": "Point", "coordinates": [ 135.188724099999945, 34.2090033 ] } },
{ "type": "Feature", "properties": { "内容": "あおぞらヘルパーステーション【訪問介護】和歌山市手平2丁目5番1号", "url": "https://www.kaigokensaku.mhlw.go.jp/30/index.php?action_kouhyou_detail_004_kani=true&JigyosyoCd=3070109859-00&ServiceCd=110&Type=search", "url2": "http://asukaen.jp" }, "geometry": { "type": "Point", "coordinates": [ 135.18841242817237, 34.218164507955017 ] } },
{ "type": "Feature", "properties": { "内容": "在宅ケアセンターしあわせ　ヘルパーステーション【訪問介護】和歌山市中之島５００－１０", "url": "https://www.kaigokensaku.mhlw.go.jp/30/index.php?action_kouhyou_detail_004_kani=true&JigyosyoCd=3070101328-00&ServiceCd=110&Type=search", "url2": "http://shiawase-kaigo.or.jp/" }, "geometry": { "type": "Point", "coordinates": [ 135.187939799999981, 34.2428022 ] } },
{ "type": "Feature", "properties": { "内容": "わかうら園ホームヘルパー【訪問介護】和歌山市田野175番地", "url": "https://www.kaigokensaku.mhlw.go.jp/30/index.php?action_kouhyou_detail_004_kani=true&JigyosyoCd=3070108448-00&ServiceCd=110&Type=search", "url2": "https://wakaurakai.or.jp/" }, "geometry": { "type": "Point", "coordinates": [ 135.150309859524526, 34.185409219745054 ] } },
{ "type": "Feature", "properties": { "内容": "ホームヘルプサービスきみさと【訪問介護】和歌山県和歌山市つつじが丘５丁目３－２", "url": "https://www.kaigokensaku.mhlw.go.jp/30/index.php?action_kouhyou_detail_004_kani=true&JigyosyoCd=3070101138-00&ServiceCd=110&Type=search", "url2": "http://www.medi-wel.jp/" }, "geometry": { "type": "Point", "coordinates": [ 135.101475100000016, 34.265976 ] } },
{ "type": "Feature", "properties": { "内容": "デイサービス　たがみ【訪問介護】和歌山市友田町3丁目20番地", "url": "https://www.kaigokensaku.mhlw.go.jp/30/index.php?action_kouhyou_detail_004_kani=true&JigyosyoCd=3070101609-00&ServiceCd=110&Type=search", "url2": "http://hp.kaipoke.biz/924/" }, "geometry": { "type": "Point", "coordinates": [ 135.187220700000012, 34.2335142 ] } },
{ "type": "Feature", "properties": { "内容": "しんわ【訪問介護】和歌山市中之島710-3グランドハイツサンシャイン201号", "url": "https://www.kaigokensaku.mhlw.go.jp/30/index.php?action_kouhyou_detail_004_kani=true&JigyosyoCd=3070102607-00&ServiceCd=110&Type=search", "url2": "www.shinwa-fukusi.jp" }, "geometry": { "type": "Point", "coordinates": [ 135.182683, 34.2415497 ] } },
{ "type": "Feature", "properties": { "内容": "ヘルパーステーション　ミント【訪問介護】和歌山県和歌山市西庄７９番地12", "url": "https://www.kaigokensaku.mhlw.go.jp/30/index.php?action_kouhyou_detail_004_kani=true&JigyosyoCd=3070111012-00&ServiceCd=110&Type=search", "url2": "http://www.sk-walk.co.jp" }, "geometry": { "type": "Point", "coordinates": [ 135.120246700000052, 34.2634402 ] } },
{ "type": "Feature", "properties": { "内容": "ヘルパーステーションりゅうじん【訪問介護】和歌山市手平3-6-7", "url": "https://www.kaigokensaku.mhlw.go.jp/30/index.php?action_kouhyou_detail_004_kani=true&JigyosyoCd=3070107929-00&ServiceCd=110&Type=search", "url2": null }, "geometry": { "type": "Point", "coordinates": [ 135.1866824, 34.2143637 ] } },
{ "type": "Feature", "properties": { "内容": "ヘルパーステーションオリオン【訪問介護】和歌山市鳴神120番地の5", "url": "https://www.kaigokensaku.mhlw.go.jp/30/index.php?action_kouhyou_detail_004_kani=true&JigyosyoCd=3070101856-00&ServiceCd=110&Type=search", "url2": null }, "geometry": { "type": "Point", "coordinates": [ 135.210707501821872, 34.226173456019112 ] } },
{ "type": "Feature", "properties": { "内容": "ヘルパーステーションココア【訪問介護】和歌山県和歌山市冬野1305-1", "url": "https://www.kaigokensaku.mhlw.go.jp/30/index.php?action_kouhyou_detail_004_kani=true&JigyosyoCd=3070108422-00&ServiceCd=110&Type=search", "url2": null }, "geometry": { "type": "Point", "coordinates": [ 135.207462124095173, 34.176322656492459 ] } },
{ "type": "Feature", "properties": { "内容": "訪問介護　みつばち【訪問介護】和歌山市上三毛６８５－１", "url": "https://www.kaigokensaku.mhlw.go.jp/30/index.php?action_kouhyou_detail_004_kani=true&JigyosyoCd=3070109743-00&ServiceCd=110&Type=search", "url2": "http://www.murohome.jp" }, "geometry": { "type": "Point", "coordinates": [ 135.300435603674259, 34.243491944485783 ] } },
{ "type": "Feature", "properties": { "内容": "ケア・オフィスあんさんぶる【訪問介護】和歌山県和歌山市西浜８１４番地１グランドハイツ西浜201号", "url": "https://www.kaigokensaku.mhlw.go.jp/30/index.php?action_kouhyou_detail_004_kani=true&JigyosyoCd=3070105519-00&ServiceCd=110&Type=search", "url2": null }, "geometry": { "type": "Point", "coordinates": [ 135.156767800000011, 34.2103994 ] } },
{ "type": "Feature", "properties": { "内容": "ヘルパーステーションあかり紀ノ川【訪問介護】和歌山市有本481-3", "url": "https://www.kaigokensaku.mhlw.go.jp/30/index.php?action_kouhyou_detail_004_kani=true&JigyosyoCd=3070110139-00&ServiceCd=110&Type=search", "url2": "https://www.akarihome.com/akarien/facility.php" }, "geometry": { "type": "Point", "coordinates": [ 135.194869499999982, 34.2510183 ] } },
{ "type": "Feature", "properties": { "内容": "ヘルパーステーションせせらぎの里【訪問介護】和歌山県和歌山市園部1446番地1", "url": "https://www.kaigokensaku.mhlw.go.jp/30/index.php?action_kouhyou_detail_004_kani=true&JigyosyoCd=3070113893-00&ServiceCd=110&Type=search", "url2": "www.sowan-lien.net" }, "geometry": { "type": "Point", "coordinates": [ 135.1969301, 34.2629664 ] } },
{ "type": "Feature", "properties": { "内容": "パソナライフケア栄谷【訪問介護】和歌山県和歌山市栄谷179-1", "url": "https://www.kaigokensaku.mhlw.go.jp/30/index.php?action_kouhyou_detail_004_kani=true&JigyosyoCd=3070109610-00&ServiceCd=110&Type=search", "url2": "http://www.pasona-lc.co.jp/" }, "geometry": { "type": "Point", "coordinates": [ 135.153401695348293, 34.256655731649438 ] } },
{ "type": "Feature", "properties": { "内容": "ﾍﾙﾊﾟｰｽﾃｰｼｮﾝ紙ひこうき【訪問介護】和歌山県和歌山市中之島1325第3ミヤタマンション1階1B", "url": "https://www.kaigokensaku.mhlw.go.jp/30/index.php?action_kouhyou_detail_004_kani=true&JigyosyoCd=3070114511-00&ServiceCd=110&Type=search", "url2": null }, "geometry": { "type": "Point", "coordinates": [ 135.188760300000013, 34.2408752 ] } },
{ "type": "Feature", "properties": { "内容": "ヘルパーステーション　さいわい【訪問介護】和歌山県和歌山市島橋北ノ丁11-26", "url": "https://www.kaigokensaku.mhlw.go.jp/30/index.php?action_kouhyou_detail_004_kani=true&JigyosyoCd=3070112911-00&ServiceCd=110&Type=search", "url2": null }, "geometry": { "type": "Point", "coordinates": [ 135.145997, 34.246157 ] } },
{ "type": "Feature", "properties": { "内容": "株式会社　美真【訪問介護】和歌山県和歌山市湊5丁目7番11号", "url": "https://www.kaigokensaku.mhlw.go.jp/30/index.php?action_kouhyou_detail_004_kani=true&JigyosyoCd=3070110030-00&ServiceCd=110&Type=search", "url2": "https://bishin201309.co.jp/" }, "geometry": { "type": "Point", "coordinates": [ 135.145850230752387, 34.227959406491657 ] } },
{ "type": "Feature", "properties": { "内容": "ヘルパーステーション北斗星【訪問介護】和歌山市松江東４丁目１２番３２号", "url": "https://www.kaigokensaku.mhlw.go.jp/30/index.php?action_kouhyou_detail_004_kani=true&JigyosyoCd=3070108539-00&ServiceCd=110&Type=search", "url2": null }, "geometry": { "type": "Point", "coordinates": [ 135.142356800000016, 34.2473646 ] } },
{ "type": "Feature", "properties": { "内容": "訪問介護ホームヘルパー有佑【訪問介護】和歌山県和歌山市小雑賀631番地18", "url": "https://www.kaigokensaku.mhlw.go.jp/30/index.php?action_kouhyou_detail_004_kani=true&JigyosyoCd=3070114883-00&ServiceCd=110&Type=search", "url2": "https://www.homehelper-yusuke.com" }, "geometry": { "type": "Point", "coordinates": [ 135.183377799999988, 34.2050343 ] } },
{ "type": "Feature", "properties": { "内容": "ヘルパーステーションきさらぎ【訪問介護】和歌山県和歌山市土佐町2丁目29-1Ｕビル３０５号", "url": "https://www.kaigokensaku.mhlw.go.jp/30/index.php?action_kouhyou_detail_004_kani=true&JigyosyoCd=3070113307-00&ServiceCd=110&Type=search", "url2": null }, "geometry": { "type": "Point", "coordinates": [ 135.1617147, 34.2225862 ] } },
{ "type": "Feature", "properties": { "内容": "あいの里【訪問介護】和歌山市松原306-5", "url": "https://www.kaigokensaku.mhlw.go.jp/30/index.php?action_kouhyou_detail_004_kani=true&JigyosyoCd=3070113349-00&ServiceCd=110&Type=search", "url2": "http://www.ainosato-wa.or.jp/" }, "geometry": { "type": "Point", "coordinates": [ 135.2244565, 34.1949052 ] } },
{ "type": "Feature", "properties": { "内容": "オレンジコープ紀伊【訪問介護】弘西571介護付き住宅みのり紀伊", "url": "https://www.kaigokensaku.mhlw.go.jp/30/index.php?action_kouhyou_detail_004_kani=true&JigyosyoCd=3070107416-00&ServiceCd=110&Type=search", "url2": "minori@orangecoop.jp" }, "geometry": { "type": "Point", "coordinates": [ 135.240201899999988, 34.2712789 ] } },
{ "type": "Feature", "properties": { "内容": "ヘルパーステーション　あゆむ【訪問介護】和歌山県和歌山市西庄79番地の12", "url": "https://www.kaigokensaku.mhlw.go.jp/30/index.php?action_kouhyou_detail_004_kani=true&JigyosyoCd=3070107598-00&ServiceCd=110&Type=search", "url2": "http://www.kaigo-ayumu.co.jp/" }, "geometry": { "type": "Point", "coordinates": [ 135.120261958491284, 34.263432324853575 ] } },
{ "type": "Feature", "properties": { "内容": "ヘルパーステーション　ハートフル【訪問介護】和歌山市黒田1丁目4-1-2F", "url": "https://www.kaigokensaku.mhlw.go.jp/30/index.php?action_kouhyou_detail_004_kani=true&JigyosyoCd=3070105261-00&ServiceCd=110&Type=search", "url2": "https://www.big-advance.site/s/206/1267" }, "geometry": { "type": "Point", "coordinates": [ 135.191729400000014, 34.2332823 ] } },
{ "type": "Feature", "properties": { "内容": "有限会社　ホームヘルパーステーション　げんき【訪問介護】和歌山市楠見中55-6", "url": "https://www.kaigokensaku.mhlw.go.jp/30/index.php?action_kouhyou_detail_004_kani=true&JigyosyoCd=3070102227-00&ServiceCd=110&Type=search", "url2": null }, "geometry": { "type": "Point", "coordinates": [ 135.172357199999965, 34.254859 ] } },
{ "type": "Feature", "properties": { "内容": "ヘルパーステーション内原【訪問介護】和歌山市毛見１６８番地７", "url": "https://www.kaigokensaku.mhlw.go.jp/30/index.php?action_kouhyou_detail_004_kani=true&JigyosyoCd=3070102334-00&ServiceCd=110&Type=search", "url2": null }, "geometry": { "type": "Point", "coordinates": [ 135.187216199999966, 34.165030700000017 ] } },
{ "type": "Feature", "properties": { "内容": "ヘルパーステーションアローズ【訪問介護】和歌山市松江東三丁目２－６０", "url": "https://www.kaigokensaku.mhlw.go.jp/30/index.php?action_kouhyou_detail_004_kani=true&JigyosyoCd=3070103951-00&ServiceCd=110&Type=search", "url2": null }, "geometry": { "type": "Point", "coordinates": [ 135.137857, 34.2475839 ] } },
{ "type": "Feature", "properties": { "内容": "ケアセンターおたっしゃ俱楽部やまぐち訪問介護【訪問介護】和歌山市里198-2", "url": "https://www.kaigokensaku.mhlw.go.jp/30/index.php?action_kouhyou_detail_004_kani=true&JigyosyoCd=3070113646-00&ServiceCd=110&Type=search", "url2": "http://www.s-co-op.or.jp" }, "geometry": { "type": "Point", "coordinates": [ 135.267230637959273, 34.269301266302058 ] } },
{ "type": "Feature", "properties": { "内容": "ヘルパーステーション一音【訪問介護】和歌山市中島610-6新中島コーポ5号室", "url": "https://www.kaigokensaku.mhlw.go.jp/30/index.php?action_kouhyou_detail_004_kani=true&JigyosyoCd=3070115211-00&ServiceCd=110&Type=search", "url2": "https://itollchsito.studio.site/" }, "geometry": { "type": "Point", "coordinates": [ 135.1997826, 34.2153426 ] } },
{ "type": "Feature", "properties": { "内容": "セントケア　和歌山【訪問介護】和歌山市友田町4丁目130番地A-tower２階207-1号室", "url": "https://www.kaigokensaku.mhlw.go.jp/30/index.php?action_kouhyou_detail_004_kani=true&JigyosyoCd=3070106228-00&ServiceCd=110&Type=search", "url2": "https://www.saint-care.com/" }, "geometry": { "type": "Point", "coordinates": [ 135.193032998841886, 34.232948393922825 ] } },
{ "type": "Feature", "properties": { "内容": "セントケア紀の川【訪問介護】和歌山市福島361－1サーパス福島3号", "url": "https://www.kaigokensaku.mhlw.go.jp/30/index.php?action_kouhyou_detail_004_kani=true&JigyosyoCd=3070106244-00&ServiceCd=110&Type=search", "url2": "http://wwwsaint-sare.com/" }, "geometry": { "type": "Point", "coordinates": [ 135.165312750787393, 34.249189717366875 ] } },
{ "type": "Feature", "properties": { "内容": "ヘルパーステーション　サン【訪問介護】和歌山県和歌山市和田1208番地の７", "url": "https://www.kaigokensaku.mhlw.go.jp/30/index.php?action_kouhyou_detail_004_kani=true&JigyosyoCd=3070106632-00&ServiceCd=110&Type=search", "url2": null }, "geometry": { "type": "Point", "coordinates": [ 135.209099792453657, 34.207109337252035 ] } },
{ "type": "Feature", "properties": { "内容": "ヘルパーステーションあかり和歌浦【訪問介護】和歌山県和歌山市和歌浦東３丁目４－４３", "url": "https://www.kaigokensaku.mhlw.go.jp/30/index.php?action_kouhyou_detail_004_kani=true&JigyosyoCd=3070112465-00&ServiceCd=110&Type=search", "url2": null }, "geometry": { "type": "Point", "coordinates": [ 135.177175, 34.1906078 ] } },
{ "type": "Feature", "properties": { "内容": "訪問介護みその【訪問介護】和歌山市美園町5丁目11-14", "url": "https://www.kaigokensaku.mhlw.go.jp/30/index.php?action_kouhyou_detail_004_kani=true&JigyosyoCd=3070111871-00&ServiceCd=110&Type=search", "url2": "http://www.168wakayama.com" }, "geometry": { "type": "Point", "coordinates": [ 135.191245400000071, 34.2306091 ] } },
{ "type": "Feature", "properties": { "内容": "生活応援隊　さわらび【訪問介護】松江東2丁目878番地１", "url": "https://www.kaigokensaku.mhlw.go.jp/30/index.php?action_kouhyou_detail_004_kani=true&JigyosyoCd=3070109008-00&ServiceCd=110&Type=search", "url2": null }, "geometry": { "type": "Point", "coordinates": [ 135.134620246418791, 34.244609146896757 ] } },
{ "type": "Feature", "properties": { "内容": "ヘルパーステーション　ロコ【訪問介護】和歌山県和歌山市畑屋敷端ノ丁34番地1", "url": "https://www.kaigokensaku.mhlw.go.jp/30/index.php?action_kouhyou_detail_004_kani=true&JigyosyoCd=3070107770-00&ServiceCd=110&Type=search", "url2": null }, "geometry": { "type": "Point", "coordinates": [ 135.184388188417444, 34.23684927542903 ] } },
{ "type": "Feature", "properties": { "内容": "ヘルパーステーションロング【訪問介護】和歌山県和歌山市中之島281-3", "url": "https://www.kaigokensaku.mhlw.go.jp/30/index.php?action_kouhyou_detail_004_kani=true&JigyosyoCd=3070110410-00&ServiceCd=110&Type=search", "url2": null }, "geometry": { "type": "Point", "coordinates": [ 135.195814942380622, 34.243199761057234 ] } },
{ "type": "Feature", "properties": { "内容": "ヘルパーステーション　アンダンテ【訪問介護】和歌山県和歌山市東高松３丁目３－３９Ｃａｓａ・東高松", "url": "https://www.kaigokensaku.mhlw.go.jp/30/index.php?action_kouhyou_detail_004_kani=true&JigyosyoCd=3070111590-00&ServiceCd=110&Type=search", "url2": null }, "geometry": { "type": "Point", "coordinates": [ 135.172525534918236, 34.205872763254398 ] } },
{ "type": "Feature", "properties": { "内容": "合同会社紀成【訪問介護】和歌山県和歌山市田尻１８８", "url": "https://www.kaigokensaku.mhlw.go.jp/30/index.php?action_kouhyou_detail_004_kani=true&JigyosyoCd=3070113869-00&ServiceCd=110&Type=search", "url2": null }, "geometry": { "type": "Point", "coordinates": [ 135.198837, 34.2092292 ] } },
{ "type": "Feature", "properties": { "内容": "カーサ・デ・ソコロ・アンシアナトー【訪問介護】和歌山市松江東1丁目７－２５", "url": "https://www.kaigokensaku.mhlw.go.jp/30/index.php?action_kouhyou_detail_004_kani=true&JigyosyoCd=3070100502-00&ServiceCd=110&Type=search", "url2": "https://www.ancianatio.com/" }, "geometry": { "type": "Point", "coordinates": [ 135.134546099999966, 34.2438399 ] } },
{ "type": "Feature", "properties": { "内容": "湊ヘルパーステーションひぐち【訪問介護】和歌山県和歌山市湊1丁目8番33号", "url": "https://www.kaigokensaku.mhlw.go.jp/30/index.php?action_kouhyou_detail_004_kani=true&JigyosyoCd=3070113216-00&ServiceCd=110&Type=search", "url2": null }, "geometry": { "type": "Point", "coordinates": [ 135.1503094, 34.2358805 ] } },
{ "type": "Feature", "properties": { "内容": "訪問介護サービス　草原【訪問介護】和歌山市田尻１５３番地の５", "url": "https://www.kaigokensaku.mhlw.go.jp/30/index.php?action_kouhyou_detail_004_kani=true&JigyosyoCd=3070102011-00&ServiceCd=110&Type=search", "url2": null }, "geometry": { "type": "Point", "coordinates": [ 135.197764799999959, 34.2121947 ] } },
{ "type": "Feature", "properties": { "内容": "訪問介護オレンジ【訪問介護】和歌山市相坂534-22", "url": "https://www.kaigokensaku.mhlw.go.jp/30/index.php?action_kouhyou_detail_004_kani=true&JigyosyoCd=3070105410-00&ServiceCd=110&Type=search", "url2": null }, "geometry": { "type": "Point", "coordinates": [ 135.2264626, 34.2021571 ] } },
{ "type": "Feature", "properties": { "内容": "ほほえみ介護サービス【訪問介護】和歌山市紀三井寺1455", "url": "https://www.kaigokensaku.mhlw.go.jp/30/index.php?action_kouhyou_detail_004_kani=true&JigyosyoCd=3070106491-00&ServiceCd=110&Type=search", "url2": "https://www.hohoemikaigo.net/" }, "geometry": { "type": "Point", "coordinates": [ 135.20443350000005, 34.2173608 ] } },
{ "type": "Feature", "properties": { "内容": "ヘルパーステーション協同【訪問介護】和歌山市有本１４３－１", "url": "https://www.kaigokensaku.mhlw.go.jp/30/index.php?action_kouhyou_detail_004_kani=true&JigyosyoCd=3070101187-00&ServiceCd=110&Type=search", "url2": "http://www.w-iryoseikyo.com/" }, "geometry": { "type": "Point", "coordinates": [ 135.197833299999957, 34.2455661 ] } },
{ "type": "Feature", "properties": { "内容": "セントケア　紀三井寺【訪問介護】和歌山県和歌山市紀三井寺８４０番地３９メゾン山水Ⅰ-102", "url": "https://www.kaigokensaku.mhlw.go.jp/30/index.php?action_kouhyou_detail_004_kani=true&JigyosyoCd=3070106236-00&ServiceCd=110&Type=search", "url2": "http://www.saint-care.com/" }, "geometry": { "type": "Point", "coordinates": [ 135.182930199999987, 34.1859697 ] } },
{ "type": "Feature", "properties": { "内容": "訪問介護吉祥【訪問介護】和歌山県和歌山市禰宜1027-1", "url": "https://www.kaigokensaku.mhlw.go.jp/30/index.php?action_kouhyou_detail_004_kani=true&JigyosyoCd=3070109867-00&ServiceCd=110&Type=search", "url2": null }, "geometry": { "type": "Point", "coordinates": [ 135.246167492048642, 34.239253590551741 ] } },
{ "type": "Feature", "properties": { "内容": "ヘルパーステーション花りぼん鳴神【訪問介護】和歌山県和歌山市鳴神771有料老人ホーム花りぼん鳴神", "url": "https://www.kaigokensaku.mhlw.go.jp/30/index.php?action_kouhyou_detail_004_kani=true&JigyosyoCd=3070112366-00&ServiceCd=110&Type=search", "url2": "http://hanaribon.net/" }, "geometry": { "type": "Point", "coordinates": [ 135.211755169496797, 34.238822161267279 ] } },
{ "type": "Feature", "properties": { "内容": "訪問介護事業所　あけぼの【訪問介護】和歌山県和歌山市和歌川町3番1号", "url": "https://www.kaigokensaku.mhlw.go.jp/30/index.php?action_kouhyou_detail_004_kani=true&JigyosyoCd=3070110790-00&ServiceCd=110&Type=search", "url2": "http://www.wachuohp.or.jp/" }, "geometry": { "type": "Point", "coordinates": [ 135.180333240614345, 34.196757471921678 ] } },
{ "type": "Feature", "properties": { "内容": "ヘルパーステーションあかり西庄【訪問介護】西庄1036-215あかり苑西庄", "url": "https://www.kaigokensaku.mhlw.go.jp/30/index.php?action_kouhyou_detail_004_kani=true&JigyosyoCd=3070112374-00&ServiceCd=110&Type=search", "url2": null }, "geometry": { "type": "Point", "coordinates": [ 135.10975, 34.2549051 ] } },
{ "type": "Feature", "properties": { "内容": "イーデンハート【訪問介護】和歌山県和歌山市湊北町3丁目29-1Ａ号棟", "url": "https://www.kaigokensaku.mhlw.go.jp/30/index.php?action_kouhyou_detail_004_kani=true&JigyosyoCd=3070112135-00&ServiceCd=110&Type=search", "url2": null }, "geometry": { "type": "Point", "coordinates": [ 135.164431022684454, 34.232445381552679 ] } },
{ "type": "Feature", "properties": { "内容": "ヘルパーステーション　いきいき【訪問介護】和歌山県和歌山市宇治家裏167番地の9", "url": "https://www.kaigokensaku.mhlw.go.jp/30/index.php?action_kouhyou_detail_004_kani=true&JigyosyoCd=3070111467-00&ServiceCd=110&Type=search", "url2": null }, "geometry": { "type": "Point", "coordinates": [ 135.179700993254045, 34.24173057708267 ] } },
{ "type": "Feature", "properties": { "内容": "はーつ訪問介護ステーション【訪問介護】和歌山県和歌山市榎原250-3", "url": "https://www.kaigokensaku.mhlw.go.jp/30/index.php?action_kouhyou_detail_004_kani=true&JigyosyoCd=3070113752-00&ServiceCd=110&Type=search", "url2": null }, "geometry": { "type": "Point", "coordinates": [ 135.1266882, 34.2561884 ] } },
{ "type": "Feature", "properties": { "内容": "訪問介護そうわケアサービス【訪問介護】広瀬通丁３丁目１３－２コスモ広瀬　２０２号", "url": "https://www.kaigokensaku.mhlw.go.jp/30/index.php?action_kouhyou_detail_004_kani=true&JigyosyoCd=3070113067-00&ServiceCd=110&Type=search", "url2": "http://www.souwacare.org/" }, "geometry": { "type": "Point", "coordinates": [ 135.182920700000068, 34.2267561 ] } },
{ "type": "Feature", "properties": { "内容": "ケアセンターみなみかぜ【訪問介護】和歌山県和歌山市新中島１５５番地８", "url": "https://www.kaigokensaku.mhlw.go.jp/30/index.php?action_kouhyou_detail_004_kani=true&JigyosyoCd=3070111079-00&ServiceCd=110&Type=search", "url2": null }, "geometry": { "type": "Point", "coordinates": [ 135.194464354854063, 34.21740051262698 ] } },
{ "type": "Feature", "properties": { "内容": "ほくすいかん【訪問介護】和歌山県和歌山市福島248-7グリーンフル小畑2-A", "url": "https://www.kaigokensaku.mhlw.go.jp/30/index.php?action_kouhyou_detail_004_kani=true&JigyosyoCd=3070114297-00&ServiceCd=110&Type=search", "url2": null }, "geometry": { "type": "Point", "coordinates": [ 135.1698777, 34.2514887 ] } },
{ "type": "Feature", "properties": { "内容": "訪問介護事業所さつきケアサービス【訪問介護】和歌山県和歌山市杭ノ瀬333-27第一広田マンション103号", "url": "https://www.kaigokensaku.mhlw.go.jp/30/index.php?action_kouhyou_detail_004_kani=true&JigyosyoCd=3070112812-00&ServiceCd=110&Type=search", "url2": null }, "geometry": { "type": "Point", "coordinates": [ 135.1928987, 34.2073924 ] } },
{ "type": "Feature", "properties": { "内容": "ヘルパーステーションさくら【訪問介護】和歌山市市小路160-2", "url": "https://www.kaigokensaku.mhlw.go.jp/30/index.php?action_kouhyou_detail_004_kani=true&JigyosyoCd=3070106871-00&ServiceCd=110&Type=search", "url2": "https://sankuri-n.jp" }, "geometry": { "type": "Point", "coordinates": [ 135.164746918784687, 34.254843214142753 ] } },
{ "type": "Feature", "properties": { "内容": "GreenHeart【訪問介護】福島２３２番地８", "url": "https://www.kaigokensaku.mhlw.go.jp/30/index.php?action_kouhyou_detail_004_kani=true&JigyosyoCd=3070113836-00&ServiceCd=110&Type=search", "url2": null }, "geometry": { "type": "Point", "coordinates": [ 135.1646562, 34.2475763 ] } },
{ "type": "Feature", "properties": { "内容": "OrangeHeart【訪問介護】関戸1-3-13サイカプラザ105", "url": "https://www.kaigokensaku.mhlw.go.jp/30/index.php?action_kouhyou_detail_004_kani=true&JigyosyoCd=3070114149-00&ServiceCd=110&Type=search", "url2": null }, "geometry": { "type": "Point", "coordinates": [ 139.4461139, 35.6526816 ] } },
{ "type": "Feature", "properties": { "内容": "和歌山市紀三井寺７３４-１０１【訪問介護】和歌山県和歌山市紀三井寺７３４-１０１", "url": "https://www.kaigokensaku.mhlw.go.jp/30/index.php?action_kouhyou_detail_004_kani=true&JigyosyoCd=3070114636-00&ServiceCd=110&Type=search", "url2": null }, "geometry": { "type": "Point", "coordinates": [ 135.1866685, 34.1879534 ] } },
{ "type": "Feature", "properties": { "内容": "ヘルパーステーション　GoodLife【訪問介護】和歌山県和歌山市塩屋1丁目2－40", "url": "https://www.kaigokensaku.mhlw.go.jp/30/index.php?action_kouhyou_detail_004_kani=true&JigyosyoCd=3070113125-00&ServiceCd=110&Type=search", "url2": null }, "geometry": { "type": "Point", "coordinates": [ 135.178395, 34.204845700000014 ] } },
{ "type": "Feature", "properties": { "内容": "紀伊松風苑ホームヘルプサービス【訪問介護】和歌山市園部1668番地の1", "url": "https://www.kaigokensaku.mhlw.go.jp/30/index.php?action_kouhyou_detail_004_kani=true&JigyosyoCd=3070101526-00&ServiceCd=110&Type=search", "url2": "http://www.kii-shoufuuen.jp/" }, "geometry": { "type": "Point", "coordinates": [ 135.188927292329367, 34.272163935408543 ] } },
{ "type": "Feature", "properties": { "内容": "西庄園【訪問介護】和歌山市西庄１１３３－２", "url": "https://www.kaigokensaku.mhlw.go.jp/30/index.php?action_kouhyou_detail_004_kani=true&JigyosyoCd=3070100353-00&ServiceCd=110&Type=search", "url2": "http://seisyoen-minori.jp/" }, "geometry": { "type": "Point", "coordinates": [ 135.112891399999967, 34.2642096 ] } },
{ "type": "Feature", "properties": { "内容": "訪問介護ひだまり【訪問介護】福島898番地6", "url": "https://www.kaigokensaku.mhlw.go.jp/30/index.php?action_kouhyou_detail_004_kani=true&JigyosyoCd=3070114404-00&ServiceCd=110&Type=search", "url2": "https://fukumikai-wakayama.com/" }, "geometry": { "type": "Point", "coordinates": [ 140.4747856, 37.7607991 ] } },
{ "type": "Feature", "properties": { "内容": "和歌山市社会福祉協議会　訪問介護事業所【訪問介護】和歌山県和歌山市新生町2-12新南交流館", "url": "https://www.kaigokensaku.mhlw.go.jp/30/index.php?action_kouhyou_detail_004_kani=true&JigyosyoCd=3070100072-00&ServiceCd=110&Type=search", "url2": null }, "geometry": { "type": "Point", "coordinates": [ 135.190032028709368, 34.223465474609924 ] } },
{ "type": "Feature", "properties": { "内容": "ヘルパーステーションカーム【訪問介護】和歌山市舟津町3丁目32-3　パレ・ロワイヤル舟津1階", "url": "https://www.kaigokensaku.mhlw.go.jp/30/index.php?action_kouhyou_detail_004_kani=true&JigyosyoCd=3070101740-00&ServiceCd=110&Type=search", "url2": "https://wcma.or.jp/" }, "geometry": { "type": "Point", "coordinates": [ 135.159867399999939, 34.2194557 ] } },
{ "type": "Feature", "properties": { "内容": "ヘルパーステーション宝夢【訪問介護】榎原84-4", "url": "https://www.kaigokensaku.mhlw.go.jp/30/index.php?action_kouhyou_detail_004_kani=true&JigyosyoCd=3070108570-00&ServiceCd=110&Type=search", "url2": "https://wcma.or.jp/" }, "geometry": { "type": "Point", "coordinates": [ 135.1352597, 34.254386 ] } },
{ "type": "Feature", "properties": { "内容": "ヘルパーステーション　あんあん【訪問介護】和歌山市有本５５５番地の８プランドールビル２０２号室", "url": "https://www.kaigokensaku.mhlw.go.jp/30/index.php?action_kouhyou_detail_004_kani=true&JigyosyoCd=3070104702-00&ServiceCd=110&Type=search", "url2": "http//kaigo-anan.co.jp/" }, "geometry": { "type": "Point", "coordinates": [ 135.194005379909527, 34.248801311438058 ] } },
{ "type": "Feature", "properties": { "内容": "訪問介護やすらぎ【訪問介護】和歌山県和歌山市築港四丁目9-1", "url": "https://www.kaigokensaku.mhlw.go.jp/30/index.php?action_kouhyou_detail_004_kani=true&JigyosyoCd=3070102706-00&ServiceCd=110&Type=search", "url2": null }, "geometry": { "type": "Point", "coordinates": [ 135.152843, 34.2209037 ] } },
{ "type": "Feature", "properties": { "内容": "有限会社ヘルパーステーションローズマリー【訪問介護】和歌山県和歌山市大谷３５１番地ウイング山路２０３", "url": "https://www.kaigokensaku.mhlw.go.jp/30/index.php?action_kouhyou_detail_004_kani=true&JigyosyoCd=3070102987-00&ServiceCd=110&Type=search", "url2": null }, "geometry": { "type": "Point", "coordinates": [ 135.175612300000012, 34.2599697 ] } },
{ "type": "Feature", "properties": { "内容": "ヘルパーステーションあさか【訪問介護】和歌山市新庄465", "url": "https://www.kaigokensaku.mhlw.go.jp/30/index.php?action_kouhyou_detail_004_kani=true&JigyosyoCd=3070104579-00&ServiceCd=110&Type=search", "url2": "https://asaka-c.jp/" }, "geometry": { "type": "Point", "coordinates": [ 135.28695187804874, 34.247558920250896 ] } },
{ "type": "Feature", "properties": { "内容": "ヘルパーステーションとき【訪問介護】和歌山県和歌山市新庄565", "url": "https://www.kaigokensaku.mhlw.go.jp/30/index.php?action_kouhyou_detail_004_kani=true&JigyosyoCd=3070111772-00&ServiceCd=110&Type=search", "url2": "https://asaka-c.jp/" }, "geometry": { "type": "Point", "coordinates": [ 135.286104300000034, 34.245865 ] } },
{ "type": "Feature", "properties": { "内容": "ヘルパーステーション福慈会【訪問介護】和歌山市和歌浦東3丁目5番32号住宅型有料老人ホーム福の里", "url": "https://www.kaigokensaku.mhlw.go.jp/30/index.php?action_kouhyou_detail_004_kani=true&JigyosyoCd=3070106319-00&ServiceCd=110&Type=search", "url2": "https://www.fukugeka.jp/" }, "geometry": { "type": "Point", "coordinates": [ 135.177069500000016, 34.1891052 ] } },
{ "type": "Feature", "properties": { "内容": "訪問介護ステーション　えみろっと　和歌山【訪問介護】和歌山県和歌山市西高松1丁目5番28号プレゼンス西高松503号室", "url": "https://www.kaigokensaku.mhlw.go.jp/30/index.php?action_kouhyou_detail_004_kani=true&JigyosyoCd=3070114677-00&ServiceCd=110&Type=search", "url2": "https://www.emi-rot.co.jp/" }, "geometry": { "type": "Point", "coordinates": [ 135.1713652, 34.2075371 ] } },
{ "type": "Feature", "properties": { "内容": "アンジュール訪問介護事業所【訪問介護】和歌山市和歌浦南３丁目１番１７号", "url": "https://www.kaigokensaku.mhlw.go.jp/30/index.php?action_kouhyou_detail_004_kani=true&JigyosyoCd=3070108869-00&ServiceCd=110&Type=search", "url2": "http://www.unjour.org/" }, "geometry": { "type": "Point", "coordinates": [ 135.169725133072944, 34.18735738684218 ] } },
{ "type": "Feature", "properties": { "内容": "ベタートゥモロー【訪問介護】和歌山県和歌山市加納２０８番地１２", "url": "https://www.kaigokensaku.mhlw.go.jp/30/index.php?action_kouhyou_detail_004_kani=true&JigyosyoCd=3070113547-00&ServiceCd=110&Type=search", "url2": "https://care-cosmos.com" }, "geometry": { "type": "Point", "coordinates": [ 135.203552300000013, 34.2451924 ] } },
{ "type": "Feature", "properties": { "内容": "訪問介護シルバーネスト秋葉【訪問介護】和歌山市秋葉町43-5", "url": "https://www.kaigokensaku.mhlw.go.jp/30/index.php?action_kouhyou_detail_004_kani=true&JigyosyoCd=3070100064-00&ServiceCd=110&Type=search", "url2": "https://www.silvernest.biz/" }, "geometry": { "type": "Point", "coordinates": [ 135.169354200000043, 34.1993722 ] } },
{ "type": "Feature", "properties": { "内容": "ニチイケアセンター大浦【訪問介護】和歌山県和歌山市西小二里3丁目6-46　ＡＹビル3Ｆ", "url": "https://www.kaigokensaku.mhlw.go.jp/30/index.php?action_kouhyou_detail_004_kani=true&JigyosyoCd=3070101666-00&ServiceCd=110&Type=search", "url2": "http://www.nichiigakkan.co.jp" }, "geometry": { "type": "Point", "coordinates": [ 135.159648, 34.209199 ] } },
{ "type": "Feature", "properties": { "内容": "ニチイケアセンターワカヤマジョウホク【訪問介護】和歌山県和歌山市二筋目11番", "url": "https://www.kaigokensaku.mhlw.go.jp/30/index.php?action_kouhyou_detail_004_kani=true&JigyosyoCd=3070104157-00&ServiceCd=110&Type=search", "url2": "http://www.nichiigakkann.co.jp" }, "geometry": { "type": "Point", "coordinates": [ 135.170363700000024, 34.238121500000034 ] } },
{ "type": "Feature", "properties": { "内容": "訪問介護ステーション元気【訪問介護】和歌山市吐前743-3", "url": "https://www.kaigokensaku.mhlw.go.jp/30/index.php?action_kouhyou_detail_004_kani=true&JigyosyoCd=3070111178-00&ServiceCd=110&Type=search", "url2": null }, "geometry": { "type": "Point", "coordinates": [ 135.2697918, 34.2452425 ] } },
{ "type": "Feature", "properties": { "内容": "訪問介護ステーションオアシス【訪問介護】和歌山県和歌山市西庄1086-43", "url": "https://www.kaigokensaku.mhlw.go.jp/30/index.php?action_kouhyou_detail_004_kani=true&JigyosyoCd=3070102698-00&ServiceCd=110&Type=search", "url2": null }, "geometry": { "type": "Point", "coordinates": [ 135.118255099999942, 34.2656872 ] } },
{ "type": "Feature", "properties": { "内容": "春風会【訪問介護】和歌山県和歌山市和歌浦中1丁目1-15", "url": "https://www.kaigokensaku.mhlw.go.jp/30/index.php?action_kouhyou_detail_004_kani=true&JigyosyoCd=3070103134-00&ServiceCd=110&Type=search", "url2": "https://harukazekai.bsj.jp/" }, "geometry": { "type": "Point", "coordinates": [ 135.1752808, 34.188283 ] } },
{ "type": "Feature", "properties": { "内容": "訪問介護ハートランド和歌山【訪問介護】布引874番地1", "url": "https://www.kaigokensaku.mhlw.go.jp/30/index.php?action_kouhyou_detail_004_kani=true&JigyosyoCd=3070108836-00&ServiceCd=110&Type=search", "url2": "http://kawasho-hl.jp" }, "geometry": { "type": "Point", "coordinates": [ 135.188063525131184, 34.170940188893844 ] } },
{ "type": "Feature", "properties": { "内容": "ヘルパーステーション百寿【訪問介護】和歌山県和歌山市和歌浦西一丁目７番３号", "url": "https://www.kaigokensaku.mhlw.go.jp/30/index.php?action_kouhyou_detail_004_kani=true&JigyosyoCd=3070112242-00&ServiceCd=110&Type=search", "url2": null }, "geometry": { "type": "Point", "coordinates": [ 138.252924, 36.204824 ] } },
{ "type": "Feature", "properties": { "内容": "ヘルパーステーション紀三井寺苑【訪問介護】和歌山市紀三井寺560-2", "url": "https://www.kaigokensaku.mhlw.go.jp/30/index.php?action_kouhyou_detail_004_kani=true&JigyosyoCd=3070109214-00&ServiceCd=110&Type=search", "url2": "http://www.kisan.or.jp" }, "geometry": { "type": "Point", "coordinates": [ 135.184724499999987, 34.1813398 ] } },
{ "type": "Feature", "properties": { "内容": "訪問ヘルパーステーションバイオレット【訪問介護】和歌山市吉礼179", "url": "https://www.kaigokensaku.mhlw.go.jp/30/index.php?action_kouhyou_detail_004_kani=true&JigyosyoCd=3070100932-00&ServiceCd=110&Type=search", "url2": "http://www.jukeikai.jp/" }, "geometry": { "type": "Point", "coordinates": [ 135.243493880812167, 34.207559589078421 ] } },
{ "type": "Feature", "properties": { "内容": "ホームヘルプサービス「花組」【訪問介護】和歌山市広瀬通丁３丁目１３－２コスモ広瀬５０３号５０５号", "url": "https://www.kaigokensaku.mhlw.go.jp/30/index.php?action_kouhyou_detail_004_kani=true&JigyosyoCd=3070103845-00&ServiceCd=110&Type=search", "url2": null }, "geometry": { "type": "Point", "coordinates": [ 135.182918400000062, 34.2267343 ] } },
{ "type": "Feature", "properties": { "内容": "ヘルパーステーションはるぞら【訪問介護】和歌山市福島200-10", "url": "https://www.kaigokensaku.mhlw.go.jp/30/index.php?action_kouhyou_detail_004_kani=true&JigyosyoCd=3070115153-00&ServiceCd=110&Type=search", "url2": "https://sowan-lien.jp/" }, "geometry": { "type": "Point", "coordinates": [ 135.1666999, 34.2516799 ] } },
{ "type": "Feature", "properties": { "内容": "ネクストライフ【訪問介護】延時147-39", "url": "https://www.kaigokensaku.mhlw.go.jp/30/index.php?action_kouhyou_detail_004_kani=true&JigyosyoCd=3070108893-00&ServiceCd=110&Type=search", "url2": "http://www.ikoinosato-group.com/" }, "geometry": { "type": "Point", "coordinates": [ 135.146384099999977, 34.2522391 ] } },
{ "type": "Feature", "properties": { "内容": "訪問介護事業所　ささら【訪問介護】和歌山県和歌山市湊3丁目16-5憩いの郷　御膳松", "url": "https://www.kaigokensaku.mhlw.go.jp/30/index.php?action_kouhyou_detail_004_kani=true&JigyosyoCd=3070110949-00&ServiceCd=110&Type=search", "url2": null }, "geometry": { "type": "Point", "coordinates": [ 135.145798799999966, 34.2303831 ] } },
{ "type": "Feature", "properties": { "内容": "訪問介護事業所　うららか【訪問介護】和歌山県和歌山市三葛243憩いの郷　紀三井寺", "url": "https://www.kaigokensaku.mhlw.go.jp/30/index.php?action_kouhyou_detail_004_kani=true&JigyosyoCd=3070110956-00&ServiceCd=110&Type=search", "url2": null }, "geometry": { "type": "Point", "coordinates": [ 135.1860494, 34.1919052 ] } },
{ "type": "Feature", "properties": { "内容": "ケアステーションひかり【訪問介護】和歌山県和歌山市粟237", "url": "https://www.kaigokensaku.mhlw.go.jp/30/index.php?action_kouhyou_detail_004_kani=true&JigyosyoCd=3070107291-00&ServiceCd=110&Type=search", "url2": "http://sankoukai-ym.jp" }, "geometry": { "type": "Point", "coordinates": [ 135.172689658335912, 34.252399330322511 ] } },
{ "type": "Feature", "properties": { "内容": "株式会社Way【訪問介護】和歌山市西高松二丁目１５‐５", "url": "https://www.kaigokensaku.mhlw.go.jp/30/index.php?action_kouhyou_detail_004_kani=true&JigyosyoCd=3070113240-00&ServiceCd=110&Type=search", "url2": null }, "geometry": { "type": "Point", "coordinates": [ 135.170333697076671, 34.203881248260444 ] } },
{ "type": "Feature", "properties": { "内容": "ヘルパーステーション　きづき【訪問介護】和歌山県和歌山市南出島74-7　A101", "url": "https://www.kaigokensaku.mhlw.go.jp/30/index.php?action_kouhyou_detail_004_kani=true&JigyosyoCd=3070112267-00&ServiceCd=110&Type=search", "url2": null }, "geometry": { "type": "Point", "coordinates": [ 135.194356986011258, 34.217580918961104 ] } },
{ "type": "Feature", "properties": { "内容": "サニーサイドケア【訪問介護】和歌山市畑屋敷新道丁９番地セレブ畑屋敷２０８", "url": "https://www.kaigokensaku.mhlw.go.jp/30/index.php?action_kouhyou_detail_004_kani=true&JigyosyoCd=3070106186-00&ServiceCd=110&Type=search", "url2": null }, "geometry": { "type": "Point", "coordinates": [ 135.181713800000011, 34.236284899999966 ] } },
{ "type": "Feature", "properties": { "内容": "ヘルパーステーションつむぎの里【訪問介護】和歌山県和歌山市鷹匠町6丁目34-9", "url": "https://www.kaigokensaku.mhlw.go.jp/30/index.php?action_kouhyou_detail_004_kani=true&JigyosyoCd=3070114578-00&ServiceCd=110&Type=search", "url2": "https://www.sowan-lien.net/" }, "geometry": { "type": "Point", "coordinates": [ 135.176914, 34.2172236 ] } },
{ "type": "Feature", "properties": { "内容": "訪問介護リーフ【訪問介護】和歌山県和歌山市田尻４１－５　ハイツ和田川２０３号", "url": "https://www.kaigokensaku.mhlw.go.jp/30/index.php?action_kouhyou_detail_004_kani=true&JigyosyoCd=3070110774-00&ServiceCd=110&Type=search", "url2": "https://leaf-kaigo.com" }, "geometry": { "type": "Point", "coordinates": [ 135.197195328374846, 34.206145575454251 ] } },
{ "type": "Feature", "properties": { "内容": "ユア訪問介護サービス【訪問介護】小雑賀１３４－５", "url": "https://www.kaigokensaku.mhlw.go.jp/30/index.php?action_kouhyou_detail_004_kani=true&JigyosyoCd=3070107846-00&ServiceCd=110&Type=search", "url2": "http://www.minnanokaigo.com/corp/F753000/" }, "geometry": { "type": "Point", "coordinates": [ 135.182791951728859, 34.203575038465829 ] } },
{ "type": "Feature", "properties": { "内容": "ヘルパーステーション向陽【訪問介護】和歌山県和歌山市中之島784番地1", "url": "https://www.kaigokensaku.mhlw.go.jp/30/index.php?action_kouhyou_detail_004_kani=true&JigyosyoCd=3070110873-00&ServiceCd=110&Type=search", "url2": "https://www.kaigokensaku.mhlw.go.jp/houkoku/30/" }, "geometry": { "type": "Point", "coordinates": [ 135.179196629494015, 34.239863889787806 ] } },
{ "type": "Feature", "properties": { "内容": "訪問介護サービス実りの花【訪問介護】和歌山市狐島510番地", "url": "https://www.kaigokensaku.mhlw.go.jp/30/index.php?action_kouhyou_detail_004_kani=true&JigyosyoCd=3070110998-00&ServiceCd=110&Type=search", "url2": null }, "geometry": { "type": "Point", "coordinates": [ 135.153142300000013, 34.2480368 ] } },
{ "type": "Feature", "properties": { "内容": "HomeCareはみんぐ【訪問介護】和歌山県和歌山市野崎72-26", "url": "https://www.kaigokensaku.mhlw.go.jp/30/index.php?action_kouhyou_detail_004_kani=true&JigyosyoCd=3070114685-00&ServiceCd=110&Type=search", "url2": null }, "geometry": { "type": "Point", "coordinates": [ 135.1572459, 34.241518 ] } },
{ "type": "Feature", "properties": { "内容": "紀伊てまり苑　訪問介護【訪問介護】和歌山市西田井２２４番地", "url": "https://www.kaigokensaku.mhlw.go.jp/30/index.php?action_kouhyou_detail_004_kani=true&JigyosyoCd=3070100833-00&ServiceCd=110&Type=search", "url2": null }, "geometry": { "type": "Point", "coordinates": [ 135.232952699999942, 34.2574743 ] } },
{ "type": "Feature", "properties": { "内容": "親和園ホームヘルパー【訪問介護】和歌山市杭ノ瀬255-2", "url": "https://www.kaigokensaku.mhlw.go.jp/30/index.php?action_kouhyou_detail_004_kani=true&JigyosyoCd=3070101039-00&ServiceCd=110&Type=search", "url2": "shinwaen.jp" }, "geometry": { "type": "Point", "coordinates": [ 135.191225368717141, 34.20912555459325 ] } },
{ "type": "Feature", "properties": { "内容": "グランリーフヘルパーステーション【訪問介護】和歌山市雄松町３丁目１８", "url": "https://www.kaigokensaku.mhlw.go.jp/30/index.php?action_kouhyou_detail_004_kani=true&JigyosyoCd=3070100841-00&ServiceCd=110&Type=search", "url2": "ashibe-so＠crocus.ocn.ne.jp" }, "geometry": { "type": "Point", "coordinates": [ 135.182451899999933, 34.2209156 ] } },
{ "type": "Feature", "properties": { "内容": "愛ケアサービス【訪問介護】和歌山市下三毛４６４番地１", "url": "https://www.kaigokensaku.mhlw.go.jp/30/index.php?action_kouhyou_detail_004_kani=true&JigyosyoCd=3070103563-00&ServiceCd=110&Type=search", "url2": null }, "geometry": { "type": "Point", "coordinates": [ 135.297162179257725, 34.24270786957576 ] } },
{ "type": "Feature", "properties": { "内容": "有限会社　光彩【訪問介護】和歌山市大河内１８８－３", "url": "https://www.kaigokensaku.mhlw.go.jp/30/index.php?action_kouhyou_detail_004_kani=true&JigyosyoCd=3070103944-00&ServiceCd=110&Type=search", "url2": null }, "geometry": { "type": "Point", "coordinates": [ 135.259969331738262, 34.199327961847594 ] } },
{ "type": "Feature", "properties": { "内容": "桜園【訪問介護】和歌山市紀三井寺437-1", "url": "https://www.kaigokensaku.mhlw.go.jp/30/index.php?action_kouhyou_detail_004_kani=true&JigyosyoCd=3070100551-00&ServiceCd=110&Type=search", "url2": "http://w-sakuraen.com" }, "geometry": { "type": "Point", "coordinates": [ 135.188555596188166, 34.176693245496111 ] } },
{ "type": "Feature", "properties": { "内容": "介護ステーション　めぐみ【訪問介護】和歌山市駕町56番地", "url": "https://www.kaigokensaku.mhlw.go.jp/30/index.php?action_kouhyou_detail_004_kani=true&JigyosyoCd=3070102532-00&ServiceCd=110&Type=search", "url2": null }, "geometry": { "type": "Point", "coordinates": [ 135.162741524742501, 34.225694336669299 ] } },
{ "type": "Feature", "properties": { "内容": "ヘルパーステーション　ちから【訪問介護】和歌山市森小手穂75番地4", "url": "https://www.kaigokensaku.mhlw.go.jp/30/index.php?action_kouhyou_detail_004_kani=true&JigyosyoCd=3070104488-00&ServiceCd=110&Type=search", "url2": null }, "geometry": { "type": "Point", "coordinates": [ 135.224797829742784, 34.206539959511559 ] } },
{ "type": "Feature", "properties": { "内容": "和歌山すみれ訪問介護ステーション【訪問介護】栗栖6-18", "url": "https://www.kaigokensaku.mhlw.go.jp/30/index.php?action_kouhyou_detail_004_kani=true&JigyosyoCd=3070113224-00&ServiceCd=110&Type=search", "url2": "https://wakayama-sumire.jp/houmon2/" }, "geometry": { "type": "Point", "coordinates": [ 139.6960832, 35.7377436 ] } },
{ "type": "Feature", "properties": { "内容": "ヘルパーステーションゆうゆう福島【訪問介護】和歌山市福島269-8", "url": "https://www.kaigokensaku.mhlw.go.jp/30/index.php?action_kouhyou_detail_004_kani=true&JigyosyoCd=3070108950-00&ServiceCd=110&Type=search", "url2": null }, "geometry": { "type": "Point", "coordinates": [ 135.168110500000012, 34.2505981 ] } },
{ "type": "Feature", "properties": { "内容": "ヘルパーステーションアーク【訪問介護】和歌山市野崎3番地4", "url": "https://www.kaigokensaku.mhlw.go.jp/30/index.php?action_kouhyou_detail_004_kani=true&JigyosyoCd=3070106921-00&ServiceCd=110&Type=search", "url2": null }, "geometry": { "type": "Point", "coordinates": [ 135.153584100000018, 34.245201 ] } },
{ "type": "Feature", "properties": { "内容": "医心館訪問介護ステーション和歌山【訪問介護】和歌山県和歌山市津秦223番１", "url": "https://www.kaigokensaku.mhlw.go.jp/30/index.php?action_kouhyou_detail_004_kani=true&JigyosyoCd=3070114891-00&ServiceCd=110&Type=search", "url2": null }, "geometry": { "type": "Point", "coordinates": [ 135.206876898180013, 34.219851402461622 ] } },
{ "type": "Feature", "properties": { "内容": "へルーパーステーションふたばの里【訪問介護】和歌山県和歌山市北新4丁目11番地2サービス付き高齢者住宅ふたばの里", "url": "https://www.kaigokensaku.mhlw.go.jp/30/index.php?action_kouhyou_detail_004_kani=true&JigyosyoCd=3070114982-00&ServiceCd=110&Type=search", "url2": "https://sowan-lien.jp/" }, "geometry": { "type": "Point", "coordinates": [ 135.1776118, 34.2376966 ] } },
{ "type": "Feature", "properties": { "内容": "ニチイケアセンター和歌山松江【訪問介護】和歌山市松江北3丁目5-34三紀ビル2階", "url": "https://www.kaigokensaku.mhlw.go.jp/30/index.php?action_kouhyou_detail_004_kani=true&JigyosyoCd=3070109248-00&ServiceCd=110&Type=search", "url2": "http://www.nichiigakkan.co.jp" }, "geometry": { "type": "Point", "coordinates": [ 135.136168708598348, 34.254164333830275 ] } },
{ "type": "Feature", "properties": { "内容": "ヘルパーステーションぴゅあ【訪問介護】和歌山市下和佐４００番１", "url": "https://www.kaigokensaku.mhlw.go.jp/30/index.php?action_kouhyou_detail_004_kani=true&JigyosyoCd=3070107853-00&ServiceCd=110&Type=search", "url2": null }, "geometry": { "type": "Point", "coordinates": [ 135.222213316976905, 34.237642383692751 ] } },
{ "type": "Feature", "properties": { "内容": "チームケア楽楽【訪問介護】和歌山県和歌山市塩屋4-5-44プレジール大和屋207", "url": "https://www.kaigokensaku.mhlw.go.jp/30/index.php?action_kouhyou_detail_004_kani=true&JigyosyoCd=3070111376-00&ServiceCd=110&Type=search", "url2": null }, "geometry": { "type": "Point", "coordinates": [ 135.177469400000064, 34.2002679 ] } },
{ "type": "Feature", "properties": { "内容": "訪問介護ステーションケアハーツ【訪問介護】和歌山県和歌山市中93番地5HAKビル３０１号", "url": "https://www.kaigokensaku.mhlw.go.jp/30/index.php?action_kouhyou_detail_004_kani=true&JigyosyoCd=3070113760-00&ServiceCd=110&Type=search", "url2": null }, "geometry": { "type": "Point", "coordinates": [ 135.143503, 34.2606183 ] } },
{ "type": "Feature", "properties": { "内容": "彩園【訪問介護】和歌山市鳴神870-1", "url": "https://www.kaigokensaku.mhlw.go.jp/30/index.php?action_kouhyou_detail_004_kani=true&JigyosyoCd=3070100940-00&ServiceCd=110&Type=search", "url2": null }, "geometry": { "type": "Point", "coordinates": [ 135.170333699999986, 34.2038923 ] } },
{ "type": "Feature", "properties": { "内容": "ケアチームシャイニーSmile【訪問介護】和歌山県和歌山市吉礼622番地2-110", "url": "https://www.kaigokensaku.mhlw.go.jp/30/index.php?action_kouhyou_detail_004_kani=true&JigyosyoCd=3070114057-00&ServiceCd=110&Type=search", "url2": "https://hp.kaipoke.biz/3g9/" }, "geometry": { "type": "Point", "coordinates": [ 135.197737, 34.2247426 ] } },
{ "type": "Feature", "properties": { "内容": "さくらそう和歌山【訪問介護】和歌山県和歌山市四番丁20", "url": "https://www.kaigokensaku.mhlw.go.jp/30/index.php?action_kouhyou_detail_004_kani=true&JigyosyoCd=3070113034-00&ServiceCd=110&Type=search", "url2": "http://www.elderly.jp/" }, "geometry": { "type": "Point", "coordinates": [ 135.177435100000025, 34.22836 ] } },
{ "type": "Feature", "properties": { "内容": "くるむヘルパーステーション【訪問介護】和歌山市吉田363吉田第三坂本ビル301号室", "url": "https://www.kaigokensaku.mhlw.go.jp/30/index.php?action_kouhyou_detail_004_kani=true&JigyosyoCd=3070114552-00&ServiceCd=110&Type=search", "url2": null }, "geometry": { "type": "Point", "coordinates": [ 135.187157, 34.2363671 ] } },
{ "type": "Feature", "properties": { "内容": "ハートケアサービス【訪問介護】和歌山市南出島２８－１６", "url": "https://www.kaigokensaku.mhlw.go.jp/30/index.php?action_kouhyou_detail_004_kani=true&JigyosyoCd=3070104470-00&ServiceCd=110&Type=search", "url2": "http://www.heart-careservice.jp/" }, "geometry": { "type": "Point", "coordinates": [ 135.191543, 34.216994 ] } },
{ "type": "Feature", "properties": { "内容": "有限会社　ホームヘルパーサービス　かしの木【訪問介護】和歌山市舟津町4丁目10-5", "url": "https://www.kaigokensaku.mhlw.go.jp/30/index.php?action_kouhyou_detail_004_kani=true&JigyosyoCd=3070102516-00&ServiceCd=110&Type=search", "url2": "http://www.kasioki.in" }, "geometry": { "type": "Point", "coordinates": [ 135.1591148, 34.2189512 ] } },
{ "type": "Feature", "properties": { "内容": "ゆたか訪問介護【訪問介護】和歌山県和歌山市元寺町3丁目55番地Cuoreゆたかー元寺町の家ー", "url": "https://www.kaigokensaku.mhlw.go.jp/30/index.php?action_kouhyou_detail_004_kani=true&JigyosyoCd=3070115237-00&ServiceCd=110&Type=search", "url2": null }, "geometry": { "type": "Point", "coordinates": [ 135.1766672, 34.2371519 ] } },
{ "type": "Feature", "properties": { "内容": "ライフ【訪問介護】和歌山県和歌山市松江1325-8", "url": "https://www.kaigokensaku.mhlw.go.jp/30/index.php?action_kouhyou_detail_004_kani=true&JigyosyoCd=3070115260-00&ServiceCd=110&Type=search", "url2": null }, "geometry": { "type": "Point", "coordinates": [ 135.144296699999984, 34.2434954 ] } },
{ "type": "Feature", "properties": { "内容": "ヘルパーステーションつるかめ【訪問介護】和歌山県和歌山市狐島５９０", "url": "https://www.kaigokensaku.mhlw.go.jp/30/index.php?action_kouhyou_detail_004_kani=true&JigyosyoCd=3070114974-00&ServiceCd=110&Type=search", "url2": null }, "geometry": { "type": "Point", "coordinates": [ 135.157634310295862, 34.247273510505579 ] } },
{ "type": "Feature", "properties": { "内容": "訪問介護まごころ【訪問介護】１３７番地の４パインリーフ紀ノ川２０３号室", "url": "https://www.kaigokensaku.mhlw.go.jp/30/index.php?action_kouhyou_detail_004_kani=true&JigyosyoCd=3070109685-00&ServiceCd=110&Type=search", "url2": null }, "geometry": { "type": "Point", "coordinates": [ 19.975688799999944, 60.238163 ] } },
{ "type": "Feature", "properties": { "内容": "まつい訪問看護ステーション【訪問介護】和歌山県和歌山市西浜1223番地18", "url": "https://www.kaigokensaku.mhlw.go.jp/30/index.php?action_kouhyou_detail_004_kani=true&JigyosyoCd=3070114321-00&ServiceCd=110&Type=search", "url2": "http://www.matsui-houmonkango.co.jp/" }, "geometry": { "type": "Point", "coordinates": [ 135.154368852778617, 34.196759936976591 ] } },
{ "type": "Feature", "properties": { "内容": "ヘルパーステーション　オリーブ【訪問介護】和歌山県和歌山市舟津町4丁目14－1ニューハイツ舟津104号", "url": "https://www.kaigokensaku.mhlw.go.jp/30/index.php?action_kouhyou_detail_004_kani=true&JigyosyoCd=3070109164-00&ServiceCd=110&Type=search", "url2": null }, "geometry": { "type": "Point", "coordinates": [ 135.158460008598354, 34.2192067 ] } },
{ "type": "Feature", "properties": { "内容": "ケアチーム　おたすけママ【訪問介護】湊通丁南一丁目８ハイツ紀ノ国２号館１０１", "url": "https://www.kaigokensaku.mhlw.go.jp/30/index.php?action_kouhyou_detail_004_kani=true&JigyosyoCd=3070105568-00&ServiceCd=110&Type=search", "url2": "otasukemama-inc.com" }, "geometry": { "type": "Point", "coordinates": [ 135.167538510084825, 34.223567678744303 ] } },
{ "type": "Feature", "properties": { "内容": "ケアサポートジーリッツ【訪問介護】和歌山県和歌山市口須佐169番地3", "url": "https://www.kaigokensaku.mhlw.go.jp/30/index.php?action_kouhyou_detail_004_kani=true&JigyosyoCd=3070114388-00&ServiceCd=110&Type=search", "url2": null }, "geometry": { "type": "Point", "coordinates": [ 135.2466503, 34.203357 ] } },
{ "type": "Feature", "properties": { "内容": "ヘルパーステーションかに【訪問介護】湊3213番地", "url": "https://www.kaigokensaku.mhlw.go.jp/30/index.php?action_kouhyou_detail_004_kani=true&JigyosyoCd=3070106608-00&ServiceCd=110&Type=search", "url2": null }, "geometry": { "type": "Point", "coordinates": [ 135.163329388164186, 34.219773436456578 ] } },
{ "type": "Feature", "properties": { "内容": "訪問介護事業所ナンバーワンふじと台【訪問介護】和歌山県和歌山市ふじと台59番地ライフサイズふじと台", "url": "https://www.kaigokensaku.mhlw.go.jp/30/index.php?action_kouhyou_detail_004_kani=true&JigyosyoCd=3070114537-00&ServiceCd=110&Type=search", "url2": null }, "geometry": { "type": "Point", "coordinates": [ 135.148431864418029, 34.28034025605325 ] } },
{ "type": "Feature", "properties": { "内容": "ホームヘルプサービス山口葵園【訪問介護】和歌山県和歌山市藤田28-1", "url": "https://www.kaigokensaku.mhlw.go.jp/30/index.php?action_kouhyou_detail_004_kani=true&JigyosyoCd=3070110543-00&ServiceCd=110&Type=search", "url2": "http://www.y-aoikai.or.jp" }, "geometry": { "type": "Point", "coordinates": [ 135.263413391401627, 34.264956834862559 ] } },
{ "type": "Feature", "properties": { "内容": "エンジェルはぁと【訪問介護】和歌山県和歌山市有家230番地", "url": "https://www.kaigokensaku.mhlw.go.jp/30/index.php?action_kouhyou_detail_004_kani=true&JigyosyoCd=3070113091-00&ServiceCd=110&Type=search", "url2": null }, "geometry": { "type": "Point", "coordinates": [ 135.198988, 34.2251429 ] } },
{ "type": "Feature", "properties": { "内容": "訪問サービスステーションLifeCall【訪問介護】和歌山市松江北3丁目5－1", "url": "https://www.kaigokensaku.mhlw.go.jp/30/index.php?action_kouhyou_detail_004_kani=true&JigyosyoCd=3070113042-00&ServiceCd=110&Type=search", "url2": null }, "geometry": { "type": "Point", "coordinates": [ 135.136541200000011, 34.254185900000024 ] } },
{ "type": "Feature", "properties": { "内容": "グリーン介護センター【訪問介護】和歌山市黒田３５９番地", "url": "https://www.kaigokensaku.mhlw.go.jp/30/index.php?action_kouhyou_detail_004_kani=true&JigyosyoCd=3070106335-00&ServiceCd=110&Type=search", "url2": null }, "geometry": { "type": "Point", "coordinates": [ 135.1942282, 34.2387888 ] } },
{ "type": "Feature", "properties": { "内容": "ヘルパーステーションクローバー【訪問介護】和歌山市杭ノ瀬449-2", "url": "https://www.kaigokensaku.mhlw.go.jp/30/index.php?action_kouhyou_detail_004_kani=true&JigyosyoCd=3070104231-00&ServiceCd=110&Type=search", "url2": "http://hs-clover.co.jp" }, "geometry": { "type": "Point", "coordinates": [ 135.19034410859831, 34.204836022766131 ] } },
{ "type": "Feature", "properties": { "内容": "訪問介護事業所　ナンバーワン【訪問介護】古屋97-1", "url": "https://www.kaigokensaku.mhlw.go.jp/30/index.php?action_kouhyou_detail_004_kani=true&JigyosyoCd=3070113075-00&ServiceCd=110&Type=search", "url2": "http://kinjito.jp/" }, "geometry": { "type": "Point", "coordinates": [ 135.119043199999965, 34.2549843 ] } },
{ "type": "Feature", "properties": { "内容": "訪問介護アガペー【訪問介護】和歌山県和歌山市内原930-31", "url": "https://www.kaigokensaku.mhlw.go.jp/30/index.php?action_kouhyou_detail_004_kani=true&JigyosyoCd=3070113059-00&ServiceCd=110&Type=search", "url2": "http://www.helpercomfort-agapee.com/" }, "geometry": { "type": "Point", "coordinates": [ 135.191724339170293, 34.170907890991465 ] } },
{ "type": "Feature", "properties": { "内容": "ケアーセンター虹【訪問介護】和歌山市岩橋1043-5", "url": "https://www.kaigokensaku.mhlw.go.jp/30/index.php?action_kouhyou_detail_004_kani=true&JigyosyoCd=3070104223-00&ServiceCd=110&Type=search", "url2": null }, "geometry": { "type": "Point", "coordinates": [ 135.228786600000035, 34.2343484 ] } },
{ "type": "Feature", "properties": { "内容": "ヘルパーステーションほほえみの里【訪問介護】和歌山県和歌山市井戸266-5", "url": "https://www.kaigokensaku.mhlw.go.jp/30/index.php?action_kouhyou_detail_004_kani=true&JigyosyoCd=3070108729-00&ServiceCd=110&Type=search", "url2": null }, "geometry": { "type": "Point", "coordinates": [ 135.2274903, 34.205040099999984 ] } },
{ "type": "Feature", "properties": { "内容": "ヘルパーステーションあさつき【訪問介護】和歌山県和歌山市船所１０８番３", "url": "https://www.kaigokensaku.mhlw.go.jp/30/index.php?action_kouhyou_detail_004_kani=true&JigyosyoCd=3070114669-00&ServiceCd=110&Type=search", "url2": "https://www.wakayama-asatsuki.com/" }, "geometry": { "type": "Point", "coordinates": [ 135.183467830349088, 34.254543158775483 ] } },
{ "type": "Feature", "properties": { "内容": "天和会【訪問介護】和歌山市北野669-1", "url": "https://www.kaigokensaku.mhlw.go.jp/30/index.php?action_kouhyou_detail_004_kani=true&JigyosyoCd=3070104090-00&ServiceCd=110&Type=search", "url2": "http://www.amawakai.com/" }, "geometry": { "type": "Point", "coordinates": [ 135.249734399999966, 34.2755704 ] } },
{ "type": "Feature", "properties": { "内容": "介護ステーション　アトム【訪問介護】和歌山市本渡　870", "url": "https://www.kaigokensaku.mhlw.go.jp/30/index.php?action_kouhyou_detail_004_kani=true&JigyosyoCd=3070105063-00&ServiceCd=110&Type=search", "url2": null }, "geometry": { "type": "Point", "coordinates": [ 135.22547940000004, 34.1797576 ] } },
{ "type": "Feature", "properties": { "内容": "訪問介護　Jin【訪問介護】和歌山県和歌山市布施屋783-3ハピネス松下107号", "url": "https://www.kaigokensaku.mhlw.go.jp/30/index.php?action_kouhyou_detail_004_kani=true&JigyosyoCd=3070115328-00&ServiceCd=110&Type=search", "url2": null }, "geometry": { "type": "Point", "coordinates": [ 135.26020650000001, 34.2453127 ] } },
{ "type": "Feature", "properties": { "内容": "アイムヘルパーステーション【訪問介護】和歌山県和歌山市井辺144-57", "url": "https://www.kaigokensaku.mhlw.go.jp/30/index.php?action_kouhyou_detail_004_kani=true&JigyosyoCd=3070115278-00&ServiceCd=110&Type=search", "url2": null }, "geometry": { "type": "Point", "coordinates": [ 135.212347599999987, 34.2181473 ] } },
{ "type": "Feature", "properties": { "内容": "訪問介護ステーション紀のいえ【訪問介護】1360-5", "url": "https://www.kaigokensaku.mhlw.go.jp/30/index.php?action_kouhyou_detail_004_kani=true&JigyosyoCd=3070114867-00&ServiceCd=110&Type=search", "url2": "https://kinoie-wakayama.jimdofree.com/" }, "geometry": { "type": "Point", "coordinates": [ -79.7330976, 40.5434876 ] } },
{ "type": "Feature", "properties": { "内容": "Good訪問介護ステーション【訪問介護】和歌山県和歌山市狐島399-5グリーンフル狐島101", "url": "https://www.kaigokensaku.mhlw.go.jp/30/index.php?action_kouhyou_detail_004_kani=true&JigyosyoCd=3070115310-00&ServiceCd=110&Type=search", "url2": null }, "geometry": { "type": "Point", "coordinates": [ 135.1520542, 34.245811300000035 ] } },
{ "type": "Feature", "properties": { "内容": "ほすぴ小倉【訪問介護】和歌山市太田三丁目５番５号", "url": "https://www.kaigokensaku.mhlw.go.jp/30/index.php?action_kouhyou_detail_004_kani=true&JigyosyoCd=3070112887-00&ServiceCd=110&Type=search", "url2": null }, "geometry": { "type": "Point", "coordinates": [ 135.5809826, 34.8406431 ] } },
{ "type": "Feature", "properties": { "内容": "ケアステーション絆【訪問介護】和歌山県和歌山市小倉129-1", "url": "https://www.kaigokensaku.mhlw.go.jp/30/index.php?action_kouhyou_detail_004_kani=true&JigyosyoCd=3070114701-00&ServiceCd=110&Type=search", "url2": null }, "geometry": { "type": "Point", "coordinates": [ 135.287121667499434, 34.249878746054726 ] } },
{ "type": "Feature", "properties": { "内容": "ケアステーションあゆむ【訪問介護】大野中747番地１ハウスリット202号室", "url": "https://www.kaigokensaku.mhlw.go.jp/30/index.php?action_kouhyou_detail_004_kani=true&JigyosyoCd=3071401198-00&ServiceCd=110&Type=search", "url2": null }, "geometry": { "type": "Point", "coordinates": [ 135.20772809999994, 34.1705085 ] } },
{ "type": "Feature", "properties": { "内容": "Leoサポート【訪問介護】和歌山県海南市山崎町３丁目２番４", "url": "https://www.kaigokensaku.mhlw.go.jp/30/index.php?action_kouhyou_detail_004_kani=true&JigyosyoCd=3071401453-00&ServiceCd=110&Type=search", "url2": null }, "geometry": { "type": "Point", "coordinates": [ 135.2154022, 34.1597055 ] } },
{ "type": "Feature", "properties": { "内容": "訪問介護ステーション　グッデイ【訪問介護】重根530-1フレグランス大谷フレグランス大谷102号", "url": "https://www.kaigokensaku.mhlw.go.jp/30/index.php?action_kouhyou_detail_004_kani=true&JigyosyoCd=3071401420-00&ServiceCd=110&Type=search", "url2": "http://hp.kaipoke.biz/dav/" }, "geometry": { "type": "Point", "coordinates": [ 135.2453557, 34.1520084 ] } },
{ "type": "Feature", "properties": { "内容": "ケアサポートつむぎ【訪問介護】和歌山県海南市且来233-8", "url": "https://www.kaigokensaku.mhlw.go.jp/30/index.php?action_kouhyou_detail_004_kani=true&JigyosyoCd=3071401370-00&ServiceCd=110&Type=search", "url2": null }, "geometry": { "type": "Point", "coordinates": [ 135.2341376, 34.1727403 ] } },
{ "type": "Feature", "properties": { "内容": "訪問介護サービス・こころ【訪問介護】和歌山県海南市下津町丸田232番地4", "url": "https://www.kaigokensaku.mhlw.go.jp/30/index.php?action_kouhyou_detail_004_kani=true&JigyosyoCd=3071400596-00&ServiceCd=110&Type=search", "url2": "http://cocolo4031.com" }, "geometry": { "type": "Point", "coordinates": [ 135.155898616230047, 34.123383756740019 ] } },
{ "type": "Feature", "properties": { "内容": "オスカーケアセンター【訪問介護】和歌山県海南市重根東1-11-7", "url": "https://www.kaigokensaku.mhlw.go.jp/30/index.php?action_kouhyou_detail_004_kani=true&JigyosyoCd=3071400521-00&ServiceCd=110&Type=search", "url2": null }, "geometry": { "type": "Point", "coordinates": [ 135.249198696889493, 34.154289143403169 ] } },
{ "type": "Feature", "properties": { "内容": "ケアステーションエール【訪問介護】且来584番地", "url": "https://www.kaigokensaku.mhlw.go.jp/30/index.php?action_kouhyou_detail_004_kani=true&JigyosyoCd=3071401479-00&ServiceCd=110&Type=search", "url2": null }, "geometry": { "type": "Point", "coordinates": [ 135.2411444, 34.1720098 ] } },
{ "type": "Feature", "properties": { "内容": "ライフパートナー【訪問介護】海南市重根348-2ライフパートナー重根1F", "url": "https://www.kaigokensaku.mhlw.go.jp/30/index.php?action_kouhyou_detail_004_kani=true&JigyosyoCd=3071400125-00&ServiceCd=110&Type=search", "url2": null }, "geometry": { "type": "Point", "coordinates": [ 135.243051976351722, 34.156161071742702 ] } },
{ "type": "Feature", "properties": { "内容": "ケアセンター和が家【訪問介護】和歌山県海南市木津273", "url": "https://www.kaigokensaku.mhlw.go.jp/30/index.php?action_kouhyou_detail_004_kani=true&JigyosyoCd=3071400679-00&ServiceCd=110&Type=search", "url2": null }, "geometry": { "type": "Point", "coordinates": [ 135.27555069999994, 34.1518403 ] } },
{ "type": "Feature", "properties": { "内容": "かぐのみ苑ホームヘルプサービス【訪問介護】和歌山県海南市下津町丸田２２１", "url": "https://www.kaigokensaku.mhlw.go.jp/30/index.php?action_kouhyou_detail_004_kani=true&JigyosyoCd=3071100089-00&ServiceCd=110&Type=search", "url2": null }, "geometry": { "type": "Point", "coordinates": [ 135.155358505557302, 34.12494275963364 ] } },
{ "type": "Feature", "properties": { "内容": "ニチイケアセンター　海南【訪問介護】海南市　名高534-5　ナビオミカサビル２F", "url": "https://www.kaigokensaku.mhlw.go.jp/30/index.php?action_kouhyou_detail_004_kani=true&JigyosyoCd=3071400158-00&ServiceCd=110&Type=search", "url2": "http://www.nichigakkan.co.jp" }, "geometry": { "type": "Point", "coordinates": [ 135.21297770000001, 34.1543304 ] } },
{ "type": "Feature", "properties": { "内容": "セントケアかいなん【訪問介護】海南市日方1167-1日方スクエアB", "url": "https://www.kaigokensaku.mhlw.go.jp/30/index.php?action_kouhyou_detail_004_kani=true&JigyosyoCd=3071400638-00&ServiceCd=110&Type=search", "url2": "http://www.saint-care.com/" }, "geometry": { "type": "Point", "coordinates": [ 135.213935536805366, 34.153901537309615 ] } },
{ "type": "Feature", "properties": { "内容": "特別養護老人ホーム　天美苑【訪問介護】海南市七山964番地1", "url": "https://www.kaigokensaku.mhlw.go.jp/30/index.php?action_kouhyou_detail_004_kani=true&JigyosyoCd=3071400075-00&ServiceCd=110&Type=search", "url2": "http//tenbien.naxnet.jp/" }, "geometry": { "type": "Point", "coordinates": [ 135.308888799999977, 34.1961325 ] } },
{ "type": "Feature", "properties": { "内容": "ヘルパーステーション　はるな【訪問介護】和歌山県海南市椋木173", "url": "https://www.kaigokensaku.mhlw.go.jp/30/index.php?action_kouhyou_detail_004_kani=true&JigyosyoCd=3071401321-00&ServiceCd=110&Type=search", "url2": "https://wcma.or.jp/" }, "geometry": { "type": "Point", "coordinates": [ 135.281530800000041, 34.160403 ] } },
{ "type": "Feature", "properties": { "内容": "ニチイケアセンター下津【訪問介護】和歌山県海南市下津町丁字竹ノ下103-1", "url": "https://www.kaigokensaku.mhlw.go.jp/30/index.php?action_kouhyou_detail_004_kani=true&JigyosyoCd=3071401354-00&ServiceCd=110&Type=search", "url2": "http://www.nichiigakkann.co.jp" }, "geometry": { "type": "Point", "coordinates": [ 135.155529607070036, 34.121949898881098 ] } },
{ "type": "Feature", "properties": { "内容": "ヘルパーステーション　ひだまり【訪問介護】和歌山県海南市下津町方498-25", "url": "https://www.kaigokensaku.mhlw.go.jp/30/index.php?action_kouhyou_detail_004_kani=true&JigyosyoCd=3071400794-00&ServiceCd=110&Type=search", "url2": "https://www.kisan.or.jp" }, "geometry": { "type": "Point", "coordinates": [ 135.144530262182656, 34.12429265669082 ] } },
{ "type": "Feature", "properties": { "内容": "ヘルパーステーション　きら【訪問介護】椋木１３１－３", "url": "https://www.kaigokensaku.mhlw.go.jp/30/index.php?action_kouhyou_detail_004_kani=true&JigyosyoCd=3071400869-00&ServiceCd=110&Type=search", "url2": null }, "geometry": { "type": "Point", "coordinates": [ 135.282338688224257, 34.159194741836728 ] } },
{ "type": "Feature", "properties": { "内容": "ニチイケアセンター黒江【訪問介護】和歌山県海南市船尾213-1新　前田ビル２F", "url": "https://www.kaigokensaku.mhlw.go.jp/30/index.php?action_kouhyou_detail_004_kani=true&JigyosyoCd=3071401008-00&ServiceCd=110&Type=search", "url2": "http://www.nichiigakkan.co.jp" }, "geometry": { "type": "Point", "coordinates": [ 135.2036147, 34.1586016 ] } },
{ "type": "Feature", "properties": { "内容": "訪問介護ステーション恵友【訪問介護】海南市船尾２４９－１７", "url": "https://www.kaigokensaku.mhlw.go.jp/30/index.php?action_kouhyou_detail_004_kani=true&JigyosyoCd=3071400430-00&ServiceCd=110&Type=search", "url2": null }, "geometry": { "type": "Point", "coordinates": [ 135.200201200000038, 34.1590486 ] } },
{ "type": "Feature", "properties": { "内容": "訪問介護ステーションウェルネス【訪問介護】日方1274－76ウェルネス・コート海南", "url": "https://www.kaigokensaku.mhlw.go.jp/30/index.php?action_kouhyou_detail_004_kani=true&JigyosyoCd=3071400612-00&ServiceCd=110&Type=search", "url2": "https://www.w428.jp/" }, "geometry": { "type": "Point", "coordinates": [ 135.206225600000039, 34.1570047 ] } },
{ "type": "Feature", "properties": { "内容": "訪問介護ステーション　星に願いを【訪問介護】木津288-1", "url": "https://www.kaigokensaku.mhlw.go.jp/30/index.php?action_kouhyou_detail_004_kani=true&JigyosyoCd=3071401164-00&ServiceCd=110&Type=search", "url2": "https://www.big-advance.site/.c/206/1292" }, "geometry": { "type": "Point", "coordinates": [ 135.27567625436717, 34.15085261686405 ] } },
{ "type": "Feature", "properties": { "内容": "ケアステーションきみこ【訪問介護】下津町下津1579", "url": "https://www.kaigokensaku.mhlw.go.jp/30/index.php?action_kouhyou_detail_004_kani=true&JigyosyoCd=3071401461-00&ServiceCd=110&Type=search", "url2": null }, "geometry": { "type": "Point", "coordinates": [ 135.1385793, 34.1086677 ] } },
{ "type": "Feature", "properties": { "内容": "ヘルパーステーションげんき【訪問介護】和歌山県海南市沖野々394-3", "url": "https://www.kaigokensaku.mhlw.go.jp/30/index.php?action_kouhyou_detail_004_kani=true&JigyosyoCd=3071401495-00&ServiceCd=110&Type=search", "url2": null }, "geometry": { "type": "Point", "coordinates": [ 135.2706134, 34.1604855 ] } },
{ "type": "Feature", "properties": { "内容": "ケアセクション伊都【訪問介護】和歌山県橋本市高野口町名倉２３４", "url": "https://www.kaigokensaku.mhlw.go.jp/30/index.php?action_kouhyou_detail_004_kani=true&JigyosyoCd=3071000602-00&ServiceCd=110&Type=search", "url2": "http://www.npo-comnet.jp" }, "geometry": { "type": "Point", "coordinates": [ 135.553598599999987, 34.3040618 ] } },
{ "type": "Feature", "properties": { "内容": "ケアランド橋本【訪問介護】和歌山県橋本市高野口町名倉234", "url": "https://www.kaigokensaku.mhlw.go.jp/30/index.php?action_kouhyou_detail_004_kani=true&JigyosyoCd=3071000016-00&ServiceCd=110&Type=search", "url2": "http://www" }, "geometry": { "type": "Point", "coordinates": [ 135.553488098788648, 34.304153630391752 ] } },
{ "type": "Feature", "properties": { "内容": "ベリー介護サービス【訪問介護】和歌山県橋本市隅田町河瀬　７９１－３３", "url": "https://www.kaigokensaku.mhlw.go.jp/30/index.php?action_kouhyou_detail_004_kani=true&JigyosyoCd=3071001493-00&ServiceCd=110&Type=search", "url2": null }, "geometry": { "type": "Point", "coordinates": [ 135.624536299999988, 34.3226189 ] } },
{ "type": "Feature", "properties": { "内容": "介護ステーションめばえ【訪問介護】野296番地‐39", "url": "https://www.kaigokensaku.mhlw.go.jp/30/index.php?action_kouhyou_detail_004_kani=true&JigyosyoCd=3071300713-00&ServiceCd=110&Type=search", "url2": null }, "geometry": { "type": "Point", "coordinates": [ 135.557720600000039, 34.2931075 ] } },
{ "type": "Feature", "properties": { "内容": "ヘルパーステーションもも【訪問介護】清水160-2", "url": "https://www.kaigokensaku.mhlw.go.jp/30/index.php?action_kouhyou_detail_004_kani=true&JigyosyoCd=3071001345-00&ServiceCd=110&Type=search", "url2": null }, "geometry": { "type": "Point", "coordinates": [ 138.471854300000018, 35.0055697 ] } },
{ "type": "Feature", "properties": { "内容": "セントケア橋本【訪問介護】橋本市岸上５５８番地3　２階", "url": "https://www.kaigokensaku.mhlw.go.jp/30/index.php?action_kouhyou_detail_004_kani=true&JigyosyoCd=3071000925-00&ServiceCd=110&Type=search", "url2": "http://www.saint-care.com" }, "geometry": { "type": "Point", "coordinates": [ 135.591172900000032, 34.3115259 ] } },
{ "type": "Feature", "properties": { "内容": "訪問介護ステーション千樹木【訪問介護】和歌山県橋本市市脇1-1-6ＪＡ橋本支店ビル　５号室", "url": "https://www.kaigokensaku.mhlw.go.jp/30/index.php?action_kouhyou_detail_004_kani=true&JigyosyoCd=3071000537-00&ServiceCd=110&Type=search", "url2": null }, "geometry": { "type": "Point", "coordinates": [ 135.602519, 34.314902 ] } },
{ "type": "Feature", "properties": { "内容": "愛があるケアサポート【訪問介護】和歌山県橋本市高野口町向島200番地の10", "url": "https://www.kaigokensaku.mhlw.go.jp/30/index.php?action_kouhyou_detail_004_kani=true&JigyosyoCd=3071001253-00&ServiceCd=110&Type=search", "url2": null }, "geometry": { "type": "Point", "coordinates": [ 135.556342368101099, 34.301627328347003 ] } },
{ "type": "Feature", "properties": { "内容": "あんずケアステーション【訪問介護】和歌山県橋本市市脇1丁目734-3シノウビル２F北号室", "url": "https://www.kaigokensaku.mhlw.go.jp/30/index.php?action_kouhyou_detail_004_kani=true&JigyosyoCd=3071001261-00&ServiceCd=110&Type=search", "url2": null }, "geometry": { "type": "Point", "coordinates": [ 135.601682699999969, 34.3161635 ] } },
{ "type": "Feature", "properties": { "内容": "ヘルパーステーション　幸【訪問介護】和歌山県橋本市隅田町山内1919－2", "url": "https://www.kaigokensaku.mhlw.go.jp/30/index.php?action_kouhyou_detail_004_kani=true&JigyosyoCd=3071000776-00&ServiceCd=110&Type=search", "url2": "www.keieikai.com." }, "geometry": { "type": "Point", "coordinates": [ 135.643539945368957, 34.362985023187946 ] } },
{ "type": "Feature", "properties": { "内容": "株式会社　マリックスホームヘルプサービスセンター【訪問介護】和歌山県橋本市高野口町伏原1048-1", "url": "https://www.kaigokensaku.mhlw.go.jp/30/index.php?action_kouhyou_detail_004_kani=true&JigyosyoCd=3071300168-00&ServiceCd=110&Type=search", "url2": "http://www.marix317.com" }, "geometry": { "type": "Point", "coordinates": [ 135.573349600000029, 34.3075641 ] } },
{ "type": "Feature", "properties": { "内容": "訪問介護ごもうのいえ【訪問介護】和歌山県橋本市胡麻生700-20", "url": "https://www.kaigokensaku.mhlw.go.jp/30/index.php?action_kouhyou_detail_004_kani=true&JigyosyoCd=3071000842-00&ServiceCd=110&Type=search", "url2": "http://jinsyoudou.wix.com/gomounoie" }, "geometry": { "type": "Point", "coordinates": [ 135.610654926536313, 34.338749211256882 ] } },
{ "type": "Feature", "properties": { "内容": "ヘルパーステーションケアネット【訪問介護】和歌山県橋本市神野々１２０１番地の１", "url": "https://www.kaigokensaku.mhlw.go.jp/30/index.php?action_kouhyou_detail_004_kani=true&JigyosyoCd=3071000503-00&ServiceCd=110&Type=search", "url2": null }, "geometry": { "type": "Point", "coordinates": [ 135.578324299999963, 34.3007872 ] } },
{ "type": "Feature", "properties": { "内容": "ライフガーデン【訪問介護】和歌山県橋本市御幸辻176-1ライフガーデン御幸", "url": "https://www.kaigokensaku.mhlw.go.jp/30/index.php?action_kouhyou_detail_004_kani=true&JigyosyoCd=3071000891-00&ServiceCd=110&Type=search", "url2": "https://lifegarden.blog/" }, "geometry": { "type": "Point", "coordinates": [ 135.6053624, 34.3386359 ] } },
{ "type": "Feature", "properties": { "内容": "ライフ・パル【訪問介護】橋本市胡麻生467", "url": "https://www.kaigokensaku.mhlw.go.jp/30/index.php?action_kouhyou_detail_004_kani=true&JigyosyoCd=3071000974-00&ServiceCd=110&Type=search", "url2": null }, "geometry": { "type": "Point", "coordinates": [ 135.607209499999954, 34.3390554 ] } },
{ "type": "Feature", "properties": { "内容": "はいケア橋本【訪問介護】和歌山県橋本市胡麻生542-4グリーンハイツ21、101", "url": "https://www.kaigokensaku.mhlw.go.jp/30/index.php?action_kouhyou_detail_004_kani=true&JigyosyoCd=3071001469-00&ServiceCd=110&Type=search", "url2": "https://www.highcare-2022.com" }, "geometry": { "type": "Point", "coordinates": [ 135.6087006, 34.3398696 ] } },
{ "type": "Feature", "properties": { "内容": "ホームヘルプ紀和【訪問介護】和歌山県橋本市神野々字東深ケ１１０９番地２", "url": "https://www.kaigokensaku.mhlw.go.jp/30/index.php?action_kouhyou_detail_004_kani=true&JigyosyoCd=3071000131-00&ServiceCd=110&Type=search", "url2": "bical-corporation.jimdofree.com" }, "geometry": { "type": "Point", "coordinates": [ 135.581956341705165, 34.304437897753083 ] } },
{ "type": "Feature", "properties": { "内容": "ケアプラザ柚っ子【訪問介護】橋本市城山台2丁目１1－5", "url": "https://www.kaigokensaku.mhlw.go.jp/30/index.php?action_kouhyou_detail_004_kani=true&JigyosyoCd=3071000792-00&ServiceCd=110&Type=search", "url2": null }, "geometry": { "type": "Point", "coordinates": [ 135.613155696295138, 34.348343926034083 ] } },
{ "type": "Feature", "properties": { "内容": "ケアセンター和の里【訪問介護】和歌山県橋本市紀見ヶ丘2丁目2番1号", "url": "https://www.kaigokensaku.mhlw.go.jp/30/index.php?action_kouhyou_detail_004_kani=true&JigyosyoCd=3071001063-00&ServiceCd=110&Type=search", "url2": "http://wanosato-kowa.com/" }, "geometry": { "type": "Point", "coordinates": [ 135.609519163229351, 34.365415006148886 ] } },
{ "type": "Feature", "properties": { "内容": "訪問介護すず【訪問介護】和歌山県橋本市清水２９番地の２", "url": "https://www.kaigokensaku.mhlw.go.jp/30/index.php?action_kouhyou_detail_004_kani=true&JigyosyoCd=3071001451-00&ServiceCd=110&Type=search", "url2": null }, "geometry": { "type": "Point", "coordinates": [ 135.608093552778627, 34.309458431243087 ] } },
{ "type": "Feature", "properties": { "内容": "社会福祉法人橋本市社会福祉協議会【訪問介護】和歌山県橋本市東家1-3-1橋本市保健福祉センター２階", "url": "https://www.kaigokensaku.mhlw.go.jp/30/index.php?action_kouhyou_detail_004_kani=true&JigyosyoCd=3071000057-00&ServiceCd=110&Type=search", "url2": null }, "geometry": { "type": "Point", "coordinates": [ 135.603740593145716, 34.315814551960884 ] } },
{ "type": "Feature", "properties": { "内容": "ニチイケアセンター紀北【訪問介護】和歌山県橋本市高野口町伏原267-1", "url": "https://www.kaigokensaku.mhlw.go.jp/30/index.php?action_kouhyou_detail_004_kani=true&JigyosyoCd=3071300366-00&ServiceCd=110&Type=search", "url2": "http://www.nichiigakkan.co.jp" }, "geometry": { "type": "Point", "coordinates": [ 135.572680200000036, 34.3081141 ] } },
{ "type": "Feature", "properties": { "内容": "ヘルパーステーション　つくしの宿【訪問介護】和歌山県橋本市清水字西栄270.271-1", "url": "https://www.kaigokensaku.mhlw.go.jp/30/index.php?action_kouhyou_detail_004_kani=true&JigyosyoCd=3071001378-00&ServiceCd=110&Type=search", "url2": null }, "geometry": { "type": "Point", "coordinates": [ 135.599426096696334, 34.307252306337745 ] } },
{ "type": "Feature", "properties": { "内容": "ケアセンターサニー【訪問介護】和歌山県橋本市高野口町伏原243番地の1", "url": "https://www.kaigokensaku.mhlw.go.jp/30/index.php?action_kouhyou_detail_004_kani=true&JigyosyoCd=3071001477-00&ServiceCd=110&Type=search", "url2": null }, "geometry": { "type": "Point", "coordinates": [ 135.572178652778632, 34.307579641489504 ] } },
{ "type": "Feature", "properties": { "内容": "てのひらはぁと【訪問介護】和歌山県橋本市高野口町伏原４０５－２", "url": "https://www.kaigokensaku.mhlw.go.jp/30/index.php?action_kouhyou_detail_004_kani=true&JigyosyoCd=3071000644-00&ServiceCd=110&Type=search", "url2": null }, "geometry": { "type": "Point", "coordinates": [ 135.573844099999974, 34.3016593 ] } },
{ "type": "Feature", "properties": { "内容": "ヘルパーステーション・はるす【訪問介護】和歌山県橋本市岸上563番地の1", "url": "https://www.kaigokensaku.mhlw.go.jp/30/index.php?action_kouhyou_detail_004_kani=true&JigyosyoCd=3071000313-00&ServiceCd=110&Type=search", "url2": "http://hals-hals.co.jp" }, "geometry": { "type": "Point", "coordinates": [ 135.589620200000013, 34.3116387 ] } },
{ "type": "Feature", "properties": { "内容": "ヘルパーステーション　花ごよみ【訪問介護】和歌山県橋本市さつき台１丁目１８－６", "url": "https://www.kaigokensaku.mhlw.go.jp/30/index.php?action_kouhyou_detail_004_kani=true&JigyosyoCd=3071000982-00&ServiceCd=110&Type=search", "url2": null }, "geometry": { "type": "Point", "coordinates": [ 135.597149060755555, 34.333690307579566 ] } },
{ "type": "Feature", "properties": { "内容": "指定訪問介護センター春風【訪問介護】和歌山県橋本市北馬場367", "url": "https://www.kaigokensaku.mhlw.go.jp/30/index.php?action_kouhyou_detail_004_kani=true&JigyosyoCd=3071000206-00&ServiceCd=110&Type=search", "url2": null }, "geometry": { "type": "Point", "coordinates": [ 135.615462544009148, 34.328030345403299 ] } },
{ "type": "Feature", "properties": { "内容": "生きがい支援【訪問介護】和歌山県橋本市御幸辻144-1", "url": "https://www.kaigokensaku.mhlw.go.jp/30/index.php?action_kouhyou_detail_004_kani=true&JigyosyoCd=3071001535-00&ServiceCd=110&Type=search", "url2": "http://ikigaikoubou.sakura.ne.jp/" }, "geometry": { "type": "Point", "coordinates": [ 135.606183208598338, 34.336837310277602 ] } },
{ "type": "Feature", "properties": { "内容": "ニチイケアセンターはしもと【訪問介護】和歌山県橋本市東家6-2-6　2F", "url": "https://www.kaigokensaku.mhlw.go.jp/30/index.php?action_kouhyou_detail_004_kani=true&JigyosyoCd=3071000420-00&ServiceCd=110&Type=search", "url2": "www.nichiigakkann.co.jp" }, "geometry": { "type": "Point", "coordinates": [ 135.606796, 34.314225 ] } },
{ "type": "Feature", "properties": { "内容": "介護ステーション太陽【訪問介護】和歌山県有田市糸我町中番５３９", "url": "https://www.kaigokensaku.mhlw.go.jp/30/index.php?action_kouhyou_detail_004_kani=true&JigyosyoCd=3071500239-00&ServiceCd=110&Type=search", "url2": null }, "geometry": { "type": "Point", "coordinates": [ 135.173669763968974, 34.064675947327075 ] } },
{ "type": "Feature", "properties": { "内容": "ゆりのき苑訪問介護【訪問介護】和歌山県有田市宮崎町456-1ゆりのき苑", "url": "https://www.kaigokensaku.mhlw.go.jp/30/index.php?action_kouhyou_detail_004_kani=true&JigyosyoCd=3071500171-00&ServiceCd=110&Type=search", "url2": "www.yurinokien.com" }, "geometry": { "type": "Point", "coordinates": [ 135.108834099999967, 34.0800424 ] } },
{ "type": "Feature", "properties": { "内容": "株式会社　愛里巣【訪問介護】和歌山県有田市箕島861", "url": "https://www.kaigokensaku.mhlw.go.jp/30/index.php?action_kouhyou_detail_004_kani=true&JigyosyoCd=3071500577-00&ServiceCd=110&Type=search", "url2": null }, "geometry": { "type": "Point", "coordinates": [ 138.252924, 36.204824 ] } },
{ "type": "Feature", "properties": { "内容": "サザンクロスありだ【訪問介護】和歌山県有田市野699番地", "url": "https://www.kaigokensaku.mhlw.go.jp/30/index.php?action_kouhyou_detail_004_kani=true&JigyosyoCd=3071500049-00&ServiceCd=110&Type=search", "url2": null }, "geometry": { "type": "Point", "coordinates": [ 135.131012700000042, 34.0780683 ] } },
{ "type": "Feature", "properties": { "内容": "あんしん有限会社【訪問介護】和歌山県有田市初島町里1349-3", "url": "https://www.kaigokensaku.mhlw.go.jp/30/index.php?action_kouhyou_detail_004_kani=true&JigyosyoCd=3071500189-00&ServiceCd=110&Type=search", "url2": null }, "geometry": { "type": "Point", "coordinates": [ 135.121737899999971, 34.1002487 ] } },
{ "type": "Feature", "properties": { "内容": "ニチイケアセンター有田【訪問介護】和歌山県有田市新堂49-3成川ビル2F", "url": "https://www.kaigokensaku.mhlw.go.jp/30/index.php?action_kouhyou_detail_004_kani=true&JigyosyoCd=3071500064-00&ServiceCd=110&Type=search", "url2": "http://www.nichiigakkan.co.jp" }, "geometry": { "type": "Point", "coordinates": [ 135.129553894937089, 34.084445733028808 ] } },
{ "type": "Feature", "properties": { "内容": "訪問介護　田鶴苑【訪問介護】和歌山県有田市宮崎町841番地1", "url": "https://www.kaigokensaku.mhlw.go.jp/30/index.php?action_kouhyou_detail_004_kani=true&JigyosyoCd=3071500452-00&ServiceCd=110&Type=search", "url2": "http://www.shukohkai.or.jp/" }, "geometry": { "type": "Point", "coordinates": [ 135.112892200000033, 34.075893 ] } },
{ "type": "Feature", "properties": { "内容": "それいゆ【訪問介護】和歌山県有田市新堂97-1", "url": "https://www.kaigokensaku.mhlw.go.jp/30/index.php?action_kouhyou_detail_004_kani=true&JigyosyoCd=3071500528-00&ServiceCd=110&Type=search", "url2": null }, "geometry": { "type": "Point", "coordinates": [ 135.132182806776427, 34.08234766016561 ] } },
{ "type": "Feature", "properties": { "内容": "株式会社　あすなろ【訪問介護】和歌山県有田市港町231-64", "url": "https://www.kaigokensaku.mhlw.go.jp/30/index.php?action_kouhyou_detail_004_kani=true&JigyosyoCd=3071500379-00&ServiceCd=110&Type=search", "url2": "https://care-net.biz/30/asunaro" }, "geometry": { "type": "Point", "coordinates": [ 135.1086755, 34.0901578 ] } },
{ "type": "Feature", "properties": { "内容": "ヘルパーステーション心愛【訪問介護】和歌山県有田市辻堂471-1", "url": "https://www.kaigokensaku.mhlw.go.jp/30/index.php?action_kouhyou_detail_004_kani=true&JigyosyoCd=3071500726-00&ServiceCd=110&Type=search", "url2": "helper-station.shinai@leto.eonet.jp" }, "geometry": { "type": "Point", "coordinates": [ 135.147586100000012, 34.0774633 ] } },
{ "type": "Feature", "properties": { "内容": "ケアランド御坊【訪問介護】御坊市野口１１８４", "url": "https://www.kaigokensaku.mhlw.go.jp/30/index.php?action_kouhyou_detail_004_kani=true&JigyosyoCd=3072000015-00&ServiceCd=110&Type=search", "url2": null }, "geometry": { "type": "Point", "coordinates": [ 135.1823306, 33.9017197 ] } },
{ "type": "Feature", "properties": { "内容": "株式会社nikoplusエヌケア【訪問介護】和歌山県御坊市塩屋町北塩屋1891-2", "url": "https://www.kaigokensaku.mhlw.go.jp/30/index.php?action_kouhyou_detail_004_kani=true&JigyosyoCd=3072000825-00&ServiceCd=110&Type=search", "url2": "https://ncare.nikoplus25.com" }, "geometry": { "type": "Point", "coordinates": [ 135.1806109, 33.8706849 ] } },
{ "type": "Feature", "properties": { "内容": "ケアフルズ【訪問介護】御坊市島695番地3", "url": "https://www.kaigokensaku.mhlw.go.jp/30/index.php?action_kouhyou_detail_004_kani=true&JigyosyoCd=3072000437-00&ServiceCd=110&Type=search", "url2": null }, "geometry": { "type": "Point", "coordinates": [ 135.162223499999982, 33.8957087 ] } },
{ "type": "Feature", "properties": { "内容": "ネオグループ御坊【訪問介護】和歌山県御坊市湯川町小松原380-10", "url": "https://www.kaigokensaku.mhlw.go.jp/30/index.php?action_kouhyou_detail_004_kani=true&JigyosyoCd=3072000718-00&ServiceCd=110&Type=search", "url2": null }, "geometry": { "type": "Point", "coordinates": [ 135.1602786, 33.9062208 ] } },
{ "type": "Feature", "properties": { "内容": "ヘルパーステーションキタデ【訪問介護】和歌山県御坊市薗98－3", "url": "https://www.kaigokensaku.mhlw.go.jp/30/index.php?action_kouhyou_detail_004_kani=true&JigyosyoCd=3072000692-00&ServiceCd=110&Type=search", "url2": "http://www.hck.jp" }, "geometry": { "type": "Point", "coordinates": [ 135.153377252338373, 33.89594352320546 ] } },
{ "type": "Feature", "properties": { "内容": "ヘルパーステーションよつ葉【訪問介護】和歌山県御坊市薗147-1", "url": "https://www.kaigokensaku.mhlw.go.jp/30/index.php?action_kouhyou_detail_004_kani=true&JigyosyoCd=3072000619-00&ServiceCd=110&Type=search", "url2": null }, "geometry": { "type": "Point", "coordinates": [ 135.156041584666809, 33.893986333516565 ] } },
{ "type": "Feature", "properties": { "内容": "ヘルパーステーションえくぼ【訪問介護】湯川町小松原420-15興土ビル4F　B号", "url": "https://www.kaigokensaku.mhlw.go.jp/30/index.php?action_kouhyou_detail_004_kani=true&JigyosyoCd=3072000809-00&ServiceCd=110&Type=search", "url2": "http://hp.kaipoke.biz/4ad/index.html" }, "geometry": { "type": "Point", "coordinates": [ 135.160653300000035, 33.9080066 ] } },
{ "type": "Feature", "properties": { "内容": "株式会社ケアステーション奏【訪問介護】和歌山県御坊市塩屋町北塩屋７１４", "url": "https://www.kaigokensaku.mhlw.go.jp/30/index.php?action_kouhyou_detail_004_kani=true&JigyosyoCd=3072000791-00&ServiceCd=110&Type=search", "url2": null }, "geometry": { "type": "Point", "coordinates": [ 135.1615429, 33.8773659 ] } },
{ "type": "Feature", "properties": { "内容": "有限会社ライフケアしあわせ【訪問介護】和歌山県御坊市御坊184-6", "url": "https://www.kaigokensaku.mhlw.go.jp/30/index.php?action_kouhyou_detail_004_kani=true&JigyosyoCd=3072000312-00&ServiceCd=110&Type=search", "url2": "shiawase@aroma.ocn.ne.jp" }, "geometry": { "type": "Point", "coordinates": [ 135.156654399999979, 33.8874263 ] } },
{ "type": "Feature", "properties": { "内容": "ケアステーションこはる【訪問介護】和歌山県御坊市島280-11", "url": "https://www.kaigokensaku.mhlw.go.jp/30/index.php?action_kouhyou_detail_004_kani=true&JigyosyoCd=3072000577-00&ServiceCd=110&Type=search", "url2": null }, "geometry": { "type": "Point", "coordinates": [ 135.160220799999934, 33.8907926 ] } },
{ "type": "Feature", "properties": { "内容": "くらし【訪問介護】和歌山県御坊市岩内1036-13", "url": "https://www.kaigokensaku.mhlw.go.jp/30/index.php?action_kouhyou_detail_004_kani=true&JigyosyoCd=3072000767-00&ServiceCd=110&Type=search", "url2": null }, "geometry": { "type": "Point", "coordinates": [ 135.177202599999987, 33.8940948 ] } },
{ "type": "Feature", "properties": { "内容": "訪問介護事業所　市松【訪問介護】和歌山県御坊市湯川町小松原33-3", "url": "https://www.kaigokensaku.mhlw.go.jp/30/index.php?action_kouhyou_detail_004_kani=true&JigyosyoCd=3072101102-00&ServiceCd=110&Type=search", "url2": null }, "geometry": { "type": "Point", "coordinates": [ 135.163629654939257, 33.908356470250041 ] } },
{ "type": "Feature", "properties": { "内容": "ステーション　つくし【訪問介護】和歌山県御坊市湯川町富安1937-7", "url": "https://www.kaigokensaku.mhlw.go.jp/30/index.php?action_kouhyou_detail_004_kani=true&JigyosyoCd=3072000387-00&ServiceCd=110&Type=search", "url2": null }, "geometry": { "type": "Point", "coordinates": [ 135.153784001470854, 33.915997809492744 ] } },
{ "type": "Feature", "properties": { "内容": "かいてきケアステーション【訪問介護】和歌山県御坊市塩屋町北塩屋１４００－６", "url": "https://www.kaigokensaku.mhlw.go.jp/30/index.php?action_kouhyou_detail_004_kani=true&JigyosyoCd=3072000205-00&ServiceCd=110&Type=search", "url2": "http://www.chukibus-group.co.jp/taxi/" }, "geometry": { "type": "Point", "coordinates": [ 135.159465299999965, 33.8729308 ] } },
{ "type": "Feature", "properties": { "内容": "ホームヘルプサービスケアビレッジ御坊【訪問介護】御坊市湯川町財部663-16", "url": "https://www.kaigokensaku.mhlw.go.jp/30/index.php?action_kouhyou_detail_004_kani=true&JigyosyoCd=3072000478-00&ServiceCd=110&Type=search", "url2": "http://www.nexvi.co.jp/" }, "geometry": { "type": "Point", "coordinates": [ 135.153491767150854, 33.899182557439659 ] } },
{ "type": "Feature", "properties": { "内容": "ニチイケアセンター御坊【訪問介護】和歌山県御坊市薗42-7", "url": "https://www.kaigokensaku.mhlw.go.jp/30/index.php?action_kouhyou_detail_004_kani=true&JigyosyoCd=3072000122-00&ServiceCd=110&Type=search", "url2": "http://www.nichiigakkan.co.jp" }, "geometry": { "type": "Point", "coordinates": [ 135.150707600000032, 33.8945782 ] } },
{ "type": "Feature", "properties": { "内容": "ヘルパーステーションあおぞら【訪問介護】和歌山県御坊市薗27-3", "url": "https://www.kaigokensaku.mhlw.go.jp/30/index.php?action_kouhyou_detail_004_kani=true&JigyosyoCd=3072000262-00&ServiceCd=110&Type=search", "url2": "https://www.taiyo.or.jp" }, "geometry": { "type": "Point", "coordinates": [ 135.151910300000054, 33.8960502 ] } },
{ "type": "Feature", "properties": { "内容": "日高博愛園　ホームヘルプサービス【訪問介護】和歌山県御坊市薗263番地3", "url": "https://www.kaigokensaku.mhlw.go.jp/30/index.php?action_kouhyou_detail_004_kani=true&JigyosyoCd=3072000072-00&ServiceCd=110&Type=search", "url2": "hakuaikai.net" }, "geometry": { "type": "Point", "coordinates": [ 135.154468400000042, 33.8925284 ] } },
{ "type": "Feature", "properties": { "内容": "ケアセンターおたっしゃ倶楽部　御坊・日高事業所【訪問介護】薗397－2日高木材協同組合・1階", "url": "https://www.kaigokensaku.mhlw.go.jp/30/index.php?action_kouhyou_detail_004_kani=true&JigyosyoCd=3072000247-00&ServiceCd=110&Type=search", "url2": "http://ｗｗｗ.s-co-op.or.jp" }, "geometry": { "type": "Point", "coordinates": [ 135.154060342466778, 33.888616851907166 ] } },
{ "type": "Feature", "properties": { "内容": "こころねケア【訪問介護】湯川町財部７７８－４", "url": "https://www.kaigokensaku.mhlw.go.jp/30/index.php?action_kouhyou_detail_004_kani=true&JigyosyoCd=3072000783-00&ServiceCd=110&Type=search", "url2": null }, "geometry": { "type": "Point", "coordinates": [ 135.158424200000013, 33.9000217 ] } },
{ "type": "Feature", "properties": { "内容": "ホームヘルプ24【訪問介護】和歌山県田辺市片町１１６－１", "url": "https://www.kaigokensaku.mhlw.go.jp/30/index.php?action_kouhyou_detail_004_kani=true&JigyosyoCd=3072200045-00&ServiceCd=110&Type=search", "url2": "http//care-net.biz/30/ho-mu24/" }, "geometry": { "type": "Point", "coordinates": [ 135.376423482431051, 33.73287678372764 ] } },
{ "type": "Feature", "properties": { "内容": "古道“まごころ”【訪問介護】和歌山県田辺市中辺路町栗栖川275-1", "url": "https://www.kaigokensaku.mhlw.go.jp/30/index.php?action_kouhyou_detail_004_kani=true&JigyosyoCd=3072400454-00&ServiceCd=110&Type=search", "url2": null }, "geometry": { "type": "Point", "coordinates": [ 135.512277199999971, 33.7887604 ] } },
{ "type": "Feature", "properties": { "内容": "ケアサポートよりそい【訪問介護】本町49-3田辺中央ビル301", "url": "https://www.kaigokensaku.mhlw.go.jp/30/index.php?action_kouhyou_detail_004_kani=true&JigyosyoCd=3072201688-00&ServiceCd=110&Type=search", "url2": null }, "geometry": { "type": "Point", "coordinates": [ 135.375587574229797, 33.733909388258297 ] } },
{ "type": "Feature", "properties": { "内容": "訪問介護　和が家【訪問介護】和歌山県田辺市本宮町請川138番地の2", "url": "https://www.kaigokensaku.mhlw.go.jp/30/index.php?action_kouhyou_detail_004_kani=true&JigyosyoCd=3072200995-00&ServiceCd=110&Type=search", "url2": null }, "geometry": { "type": "Point", "coordinates": [ 135.785406555294799, 33.82225078927668 ] } },
{ "type": "Feature", "properties": { "内容": "ケアセンターこみの【訪問介護】田辺市神島台7番1号", "url": "https://www.kaigokensaku.mhlw.go.jp/30/index.php?action_kouhyou_detail_004_kani=true&JigyosyoCd=3072200789-00&ServiceCd=110&Type=search", "url2": null }, "geometry": { "type": "Point", "coordinates": [ 135.404221199999938, 33.7058366 ] } },
{ "type": "Feature", "properties": { "内容": "アマポーラ【訪問介護】和歌山県田辺市下万呂463-3", "url": "https://www.kaigokensaku.mhlw.go.jp/30/index.php?action_kouhyou_detail_004_kani=true&JigyosyoCd=3072201704-00&ServiceCd=110&Type=search", "url2": null }, "geometry": { "type": "Point", "coordinates": [ 135.38978910000003, 33.7292667 ] } },
{ "type": "Feature", "properties": { "内容": "有限会社ハートフルケア紀南【訪問介護】田辺市学園30－19", "url": "https://www.kaigokensaku.mhlw.go.jp/30/index.php?action_kouhyou_detail_004_kani=true&JigyosyoCd=3072200144-00&ServiceCd=110&Type=search", "url2": null }, "geometry": { "type": "Point", "coordinates": [ 135.388953099999981, 33.7256254 ] } },
{ "type": "Feature", "properties": { "内容": "ニチイケアセンター紀中たなべ【訪問介護】和歌山県田辺市龍神村西360-1龍神村西テナント3号室", "url": "https://www.kaigokensaku.mhlw.go.jp/30/index.php?action_kouhyou_detail_004_kani=true&JigyosyoCd=3072201779-00&ServiceCd=110&Type=search", "url2": "www.nichiigakkann.co.jp" }, "geometry": { "type": "Point", "coordinates": [ 135.488038177909857, 33.89460332025083 ] } },
{ "type": "Feature", "properties": { "内容": "ヘルパーステーション　田辺の郷【訪問介護】田辺市芳養松原1丁目31番10号", "url": "https://www.kaigokensaku.mhlw.go.jp/30/index.php?action_kouhyou_detail_004_kani=true&JigyosyoCd=3072201134-00&ServiceCd=110&Type=search", "url2": "http://sanyofukushikai.com/" }, "geometry": { "type": "Point", "coordinates": [ 135.3546725, 33.7443554 ] } },
{ "type": "Feature", "properties": { "内容": "あけぼの在宅介護サービス【訪問介護】和歌山県田辺市上屋敷一丁目14-50", "url": "https://www.kaigokensaku.mhlw.go.jp/30/index.php?action_kouhyou_detail_004_kani=true&JigyosyoCd=3072200532-00&ServiceCd=110&Type=search", "url2": "http://pine.icts.jp/" }, "geometry": { "type": "Point", "coordinates": [ 135.373473900000022, 33.7323774 ] } },
{ "type": "Feature", "properties": { "内容": "ホワイトケアサービス【訪問介護】和歌山県田辺市朝日ヶ丘22-24", "url": "https://www.kaigokensaku.mhlw.go.jp/30/index.php?action_kouhyou_detail_004_kani=true&JigyosyoCd=3072202017-00&ServiceCd=110&Type=search", "url2": null }, "geometry": { "type": "Point", "coordinates": [ 135.3942055, 33.7358508 ] } },
{ "type": "Feature", "properties": { "内容": "AMORE株式会社【訪問介護】和歌山県田辺市あけぼの37-17あけぼの台ハイツ2F", "url": "https://www.kaigokensaku.mhlw.go.jp/30/index.php?action_kouhyou_detail_004_kani=true&JigyosyoCd=3072201969-00&ServiceCd=110&Type=search", "url2": "https://www.amore.ltd/" }, "geometry": { "type": "Point", "coordinates": [ 135.3921482, 33.7302198 ] } },
{ "type": "Feature", "properties": { "内容": "ヘルパーステーション　コンフォート【訪問介護】和歌山県田辺市朝日ヶ丘２１－１ハートビル２F　２０２号", "url": "https://www.kaigokensaku.mhlw.go.jp/30/index.php?action_kouhyou_detail_004_kani=true&JigyosyoCd=3072202009-00&ServiceCd=110&Type=search", "url2": null }, "geometry": { "type": "Point", "coordinates": [ 135.3935994, 33.7343977 ] } },
{ "type": "Feature", "properties": { "内容": "訪問介護事業所のどか【訪問介護】和歌山県田辺市下万呂942-26", "url": "https://www.kaigokensaku.mhlw.go.jp/30/index.php?action_kouhyou_detail_004_kani=true&JigyosyoCd=3072201936-00&ServiceCd=110&Type=search", "url2": null }, "geometry": { "type": "Point", "coordinates": [ 135.428238399999969, 33.7354741 ] } },
{ "type": "Feature", "properties": { "内容": "紀南在宅介護サービス【訪問介護】和歌山県田辺市高雄一丁目6番45号", "url": "https://www.kaigokensaku.mhlw.go.jp/30/index.php?action_kouhyou_detail_004_kani=true&JigyosyoCd=3072200011-00&ServiceCd=110&Type=search", "url2": null }, "geometry": { "type": "Point", "coordinates": [ 135.379995665606685, 33.735901087912481 ] } },
{ "type": "Feature", "properties": { "内容": "田辺すみれ訪問介護ステーション【訪問介護】和歌山県田辺市新庄町田鶴1739-21", "url": "https://www.kaigokensaku.mhlw.go.jp/30/index.php?action_kouhyou_detail_004_kani=true&JigyosyoCd=3072201381-00&ServiceCd=110&Type=search", "url2": "http://tanabe-sumire-heim.jp/" }, "geometry": { "type": "Point", "coordinates": [ 135.406880499227896, 33.709229242350354 ] } },
{ "type": "Feature", "properties": { "内容": "さくらんぼ訪問介護【訪問介護】秋津川1472-2", "url": "https://www.kaigokensaku.mhlw.go.jp/30/index.php?action_kouhyou_detail_004_kani=true&JigyosyoCd=3072201241-00&ServiceCd=110&Type=search", "url2": null }, "geometry": { "type": "Point", "coordinates": [ 135.428176399999955, 33.800438700000022 ] } },
{ "type": "Feature", "properties": { "内容": "あじさい介護センター【訪問介護】和歌山県田辺市秋津町３３０－７", "url": "https://www.kaigokensaku.mhlw.go.jp/30/index.php?action_kouhyou_detail_004_kani=true&JigyosyoCd=3072200458-00&ServiceCd=110&Type=search", "url2": null }, "geometry": { "type": "Point", "coordinates": [ 135.393894300000056, 33.7498364 ] } },
{ "type": "Feature", "properties": { "内容": "ユウガ訪問介護ステーション【訪問介護】田辺市東山１-4-54", "url": "https://www.kaigokensaku.mhlw.go.jp/30/index.php?action_kouhyou_detail_004_kani=true&JigyosyoCd=3072200102-00&ServiceCd=110&Type=search", "url2": "http://yuuga.blogdehp.ne.jp/" }, "geometry": { "type": "Point", "coordinates": [ 135.387431, 33.7296361 ] } },
{ "type": "Feature", "properties": { "内容": "ケアサポートカタチ【訪問介護】和歌山県田辺市目良37-28", "url": "https://www.kaigokensaku.mhlw.go.jp/30/index.php?action_kouhyou_detail_004_kani=true&JigyosyoCd=3072201027-00&ServiceCd=110&Type=search", "url2": "http://catachi.jp/wp40/" }, "geometry": { "type": "Point", "coordinates": [ 135.354969787399341, 33.735946617911971 ] } },
{ "type": "Feature", "properties": { "内容": "ヘルパーステーション　ソルマーレ【訪問介護】和歌山県田辺市下万呂588-1フロムドットビル103号", "url": "https://www.kaigokensaku.mhlw.go.jp/30/index.php?action_kouhyou_detail_004_kani=true&JigyosyoCd=3072201340-00&ServiceCd=110&Type=search", "url2": null }, "geometry": { "type": "Point", "coordinates": [ 135.39321659999996, 33.7403459 ] } },
{ "type": "Feature", "properties": { "内容": "さくらホームヘルプサービス【訪問介護】和歌山県田辺市下三栖1471-10", "url": "https://www.kaigokensaku.mhlw.go.jp/30/index.php?action_kouhyou_detail_004_kani=true&JigyosyoCd=3072200607-00&ServiceCd=110&Type=search", "url2": null }, "geometry": { "type": "Point", "coordinates": [ 135.419911400000046, 33.7300556 ] } },
{ "type": "Feature", "properties": { "内容": "ケアセンターめばえ【訪問介護】和歌山県田辺市芳養町808-35エクセルピュア1F", "url": "https://www.kaigokensaku.mhlw.go.jp/30/index.php?action_kouhyou_detail_004_kani=true&JigyosyoCd=3072201654-00&ServiceCd=110&Type=search", "url2": null }, "geometry": { "type": "Point", "coordinates": [ 135.346484404945784, 33.74828184919302 ] } },
{ "type": "Feature", "properties": { "内容": "田辺市社会福祉協議会　中辺路事業所【訪問介護】和歌山県田辺市中辺路町栗栖川329番地の1", "url": "https://www.kaigokensaku.mhlw.go.jp/30/index.php?action_kouhyou_detail_004_kani=true&JigyosyoCd=3072400066-00&ServiceCd=110&Type=search", "url2": null }, "geometry": { "type": "Point", "coordinates": [ 135.516574, 33.7906519 ] } },
{ "type": "Feature", "properties": { "内容": "ケアーセンターひまわり【訪問介護】和歌山県田辺市高雄三丁目8番17号", "url": "https://www.kaigokensaku.mhlw.go.jp/30/index.php?action_kouhyou_detail_004_kani=true&JigyosyoCd=3072200391-00&ServiceCd=110&Type=search", "url2": null }, "geometry": { "type": "Point", "coordinates": [ 135.383956300000023, 33.7382906 ] } },
{ "type": "Feature", "properties": { "内容": "ライフパートナー　ひよこ【訪問介護】和歌山県田辺市天神崎35-30ｻﾝｳﾞｨﾚｯｼﾞ202号", "url": "https://www.kaigokensaku.mhlw.go.jp/30/index.php?action_kouhyou_detail_004_kani=true&JigyosyoCd=3072201126-00&ServiceCd=110&Type=search", "url2": null }, "geometry": { "type": "Point", "coordinates": [ 135.359797399999934, 33.730922 ] } },
{ "type": "Feature", "properties": { "内容": "田辺市社会福祉協議会　本宮事業所【訪問介護】和歌山県田辺市本宮町本宮921番地の２田辺市本宮保健福祉総合センター「うらら館」内", "url": "https://www.kaigokensaku.mhlw.go.jp/30/index.php?action_kouhyou_detail_004_kani=true&JigyosyoCd=3072500238-00&ServiceCd=110&Type=search", "url2": "hongu@tanabeshi-syakyo.jp" }, "geometry": { "type": "Point", "coordinates": [ 135.7718896, 33.8382502 ] } },
{ "type": "Feature", "properties": { "内容": "セントケアたなべ【訪問介護】和歌山県田辺市新庄町369-1メゾンサンテ1階A号室", "url": "https://www.kaigokensaku.mhlw.go.jp/30/index.php?action_kouhyou_detail_004_kani=true&JigyosyoCd=3072201829-00&ServiceCd=110&Type=search", "url2": "https://www.saint-care.com/" }, "geometry": { "type": "Point", "coordinates": [ 135.3994348, 33.7245748 ] } },
{ "type": "Feature", "properties": { "内容": "ヘルパーステーションあかつき【訪問介護】和歌山県田辺市栄町44-3", "url": "https://www.kaigokensaku.mhlw.go.jp/30/index.php?action_kouhyou_detail_004_kani=true&JigyosyoCd=3072201878-00&ServiceCd=110&Type=search", "url2": null }, "geometry": { "type": "Point", "coordinates": [ 135.3792856, 33.735973199999989 ] } },
{ "type": "Feature", "properties": { "内容": "ケア・クラフトいなり【訪問介護】稲成町186番地ヴィラワイエス201号室", "url": "https://www.kaigokensaku.mhlw.go.jp/30/index.php?action_kouhyou_detail_004_kani=true&JigyosyoCd=3072201910-00&ServiceCd=110&Type=search", "url2": "https://carecraft-inari.com/" }, "geometry": { "type": "Point", "coordinates": [ 135.3739645, 33.7402645 ] } },
{ "type": "Feature", "properties": { "内容": "田辺市社会福祉協議会　龍神事業所【訪問介護】田辺市龍神村柳瀬1134", "url": "https://www.kaigokensaku.mhlw.go.jp/30/index.php?action_kouhyou_detail_004_kani=true&JigyosyoCd=3072100070-00&ServiceCd=110&Type=search", "url2": "https://zchiiki.net/hp/1289/" }, "geometry": { "type": "Point", "coordinates": [ 135.470053, 33.8800607 ] } },
{ "type": "Feature", "properties": { "内容": "指定訪問介護事業所ミライ【訪問介護】和歌山県田辺市文里２丁目35-2-4102号室", "url": "https://www.kaigokensaku.mhlw.go.jp/30/index.php?action_kouhyou_detail_004_kani=true&JigyosyoCd=3072202041-00&ServiceCd=110&Type=search", "url2": null }, "geometry": { "type": "Point", "coordinates": [ 135.3855273, 33.7192744 ] } },
{ "type": "Feature", "properties": { "内容": "ニチイケアセンター田辺【訪問介護】和歌山県田辺市稲成町77-1", "url": "https://www.kaigokensaku.mhlw.go.jp/30/index.php?action_kouhyou_detail_004_kani=true&JigyosyoCd=3072200292-00&ServiceCd=110&Type=search", "url2": "http//www.nichiigakkan.co.jp" }, "geometry": { "type": "Point", "coordinates": [ 135.371130779762325, 33.740011560914539 ] } },
{ "type": "Feature", "properties": { "内容": "ニチイケアセンター新万【訪問介護】和歌山県田辺市朝日ヶ丘19-16朝日ヶ丘ライフ店舗", "url": "https://www.kaigokensaku.mhlw.go.jp/30/index.php?action_kouhyou_detail_004_kani=true&JigyosyoCd=3072201712-00&ServiceCd=110&Type=search", "url2": "www.nichiigakkan.co.jp" }, "geometry": { "type": "Point", "coordinates": [ 135.3943157, 33.7335891 ] } },
{ "type": "Feature", "properties": { "内容": "ケアサポートかなで【訪問介護】和歌山県田辺市神島台12-13スペースルーム205号", "url": "https://www.kaigokensaku.mhlw.go.jp/30/index.php?action_kouhyou_detail_004_kani=true&JigyosyoCd=3072201860-00&ServiceCd=110&Type=search", "url2": "https://www.tumugu-kanade.com/" }, "geometry": { "type": "Point", "coordinates": [ 135.403128385958979, 33.706786910956538 ] } },
{ "type": "Feature", "properties": { "内容": "真寿苑ホームヘルプサービス【訪問介護】田辺市神島台6-13", "url": "https://www.kaigokensaku.mhlw.go.jp/30/index.php?action_kouhyou_detail_004_kani=true&JigyosyoCd=3072201274-00&ServiceCd=110&Type=search", "url2": "http://www.sjk-tanabe.or.jp/" }, "geometry": { "type": "Point", "coordinates": [ 135.40321849999998, 33.7077474 ] } },
{ "type": "Feature", "properties": { "内容": "田辺市社会福祉協議会　田辺事業所【訪問介護】和歌山県田辺市高雄一丁目２３－１田辺市民総合センター２F", "url": "https://www.kaigokensaku.mhlw.go.jp/30/index.php?action_kouhyou_detail_004_kani=true&JigyosyoCd=3072200169-00&ServiceCd=110&Type=search", "url2": "https://www.shakyo.or.jp/hp/index.php?s=1289" }, "geometry": { "type": "Point", "coordinates": [ 135.377379099999985, 33.7354965 ] } },
{ "type": "Feature", "properties": { "内容": "社会福祉法人　田辺市社会福祉協議会　大塔事業所【訪問介護】和歌山県田辺市鮎川５８３－９大塔ふくしかいかん", "url": "https://www.kaigokensaku.mhlw.go.jp/30/index.php?action_kouhyou_detail_004_kani=true&JigyosyoCd=3072400041-00&ServiceCd=110&Type=search", "url2": null }, "geometry": { "type": "Point", "coordinates": [ 135.483622200000013, 33.7292982 ] } },
{ "type": "Feature", "properties": { "内容": "ケアサポートセンターほほえみ【訪問介護】和歌山県田辺市下万呂481", "url": "https://www.kaigokensaku.mhlw.go.jp/30/index.php?action_kouhyou_detail_004_kani=true&JigyosyoCd=3072200482-00&ServiceCd=110&Type=search", "url2": null }, "geometry": { "type": "Point", "coordinates": [ 135.392577800000026, 33.7387461 ] } },
{ "type": "Feature", "properties": { "内容": "さーびすつきこうれいしゃむけちんたいじゅうたく　あゆむほーむ【訪問介護】和歌山県田辺市芳養松原1丁目2番7号あゆむホーム", "url": "https://www.kaigokensaku.mhlw.go.jp/30/index.php?action_kouhyou_detail_004_kani=true&JigyosyoCd=3072202066-00&ServiceCd=110&Type=search", "url2": null }, "geometry": { "type": "Point", "coordinates": [ 135.3552603, 33.7434676 ] } },
{ "type": "Feature", "properties": { "内容": "訪問介護支援センター「くりっぷ」【訪問介護】和歌山県田辺市本町68番15号", "url": "https://www.kaigokensaku.mhlw.go.jp/30/index.php?action_kouhyou_detail_004_kani=true&JigyosyoCd=3072201316-00&ServiceCd=110&Type=search", "url2": "http://www.yaoki.or.jp/cnts/shisetsu/?c=4-3&p=0" }, "geometry": { "type": "Point", "coordinates": [ 135.3751785, 33.7331698 ] } },
{ "type": "Feature", "properties": { "内容": "ときめき訪問介護事業所【訪問介護】下万呂16番地の6", "url": "https://www.kaigokensaku.mhlw.go.jp/30/index.php?action_kouhyou_detail_004_kani=true&JigyosyoCd=3072201506-00&ServiceCd=110&Type=search", "url2": null }, "geometry": { "type": "Point", "coordinates": [ 135.394874699999946, 33.7430483 ] } },
{ "type": "Feature", "properties": { "内容": "田辺すみれ訪問ケアステーション【訪問介護】和歌山県田辺市城山台5番6号", "url": "https://www.kaigokensaku.mhlw.go.jp/30/index.php?action_kouhyou_detail_004_kani=true&JigyosyoCd=3072201985-00&ServiceCd=110&Type=search", "url2": "https://tanabe-sumire-v.jp" }, "geometry": { "type": "Point", "coordinates": [ 135.4261244, 33.7281873 ] } },
{ "type": "Feature", "properties": { "内容": "訪問介護きらきら【訪問介護】和歌山県新宮市新宮3651-1", "url": "https://www.kaigokensaku.mhlw.go.jp/30/index.php?action_kouhyou_detail_004_kani=true&JigyosyoCd=3072301009-00&ServiceCd=110&Type=search", "url2": null }, "geometry": { "type": "Point", "coordinates": [ 135.9872827, 33.7111474 ] } },
{ "type": "Feature", "properties": { "内容": "さくら介護サービス【訪問介護】和歌山県新宮市千穂２－３－３２", "url": "https://www.kaigokensaku.mhlw.go.jp/30/index.php?action_kouhyou_detail_004_kani=true&JigyosyoCd=3072300274-00&ServiceCd=110&Type=search", "url2": null }, "geometry": { "type": "Point", "coordinates": [ 135.98716109999998, 33.7257685 ] } },
{ "type": "Feature", "properties": { "内容": "介護センター一歩【訪問介護】相筋2丁目3-16", "url": "https://www.kaigokensaku.mhlw.go.jp/30/index.php?action_kouhyou_detail_004_kani=true&JigyosyoCd=3072300662-00&ServiceCd=110&Type=search", "url2": null }, "geometry": { "type": "Point", "coordinates": [ 135.979273879096894, 33.73453531273082 ] } },
{ "type": "Feature", "properties": { "内容": "介護サービススマイル【訪問介護】和歌山県新宮市蓬莱３丁目２番２7号", "url": "https://www.kaigokensaku.mhlw.go.jp/30/index.php?action_kouhyou_detail_004_kani=true&JigyosyoCd=3072300621-00&ServiceCd=110&Type=search", "url2": null }, "geometry": { "type": "Point", "coordinates": [ 135.997214899613908, 33.724389772551305 ] } },
{ "type": "Feature", "properties": { "内容": "訪問居宅介護事業所　にこ【訪問介護】和歌山県新宮市徐福１－１－１０　２F", "url": "https://www.kaigokensaku.mhlw.go.jp/30/index.php?action_kouhyou_detail_004_kani=true&JigyosyoCd=3072301074-00&ServiceCd=110&Type=search", "url2": null }, "geometry": { "type": "Point", "coordinates": [ 135.9949653, 33.7244643 ] } },
{ "type": "Feature", "properties": { "内容": "ライフパートナー木の香【訪問介護】和歌山県新宮市池田二丁目1番13号", "url": "https://www.kaigokensaku.mhlw.go.jp/30/index.php?action_kouhyou_detail_004_kani=true&JigyosyoCd=3072300803-00&ServiceCd=110&Type=search", "url2": null }, "geometry": { "type": "Point", "coordinates": [ 135.995702100000017, 33.728184800000022 ] } },
{ "type": "Feature", "properties": { "内容": "社会福祉法人　新宮市社会福祉協議会【訪問介護】和歌山県新宮市春日2-12ふくろくビル2階", "url": "https://www.kaigokensaku.mhlw.go.jp/30/index.php?action_kouhyou_detail_004_kani=true&JigyosyoCd=3062390020-00&ServiceCd=110&Type=search", "url2": null }, "geometry": { "type": "Point", "coordinates": [ 135.9925283, 33.7249464 ] } },
{ "type": "Feature", "properties": { "内容": "訪問介護えみ【訪問介護】和歌山県新宮市緑ヶ丘1丁目1番地34号", "url": "https://www.kaigokensaku.mhlw.go.jp/30/index.php?action_kouhyou_detail_004_kani=true&JigyosyoCd=3072300860-00&ServiceCd=110&Type=search", "url2": "http://hp.kaipoke.biz/3su/" }, "geometry": { "type": "Point", "coordinates": [ 135.991096573016392, 33.72140004206895 ] } },
{ "type": "Feature", "properties": { "内容": "訪問介護サービス　千寿【訪問介護】和歌山県新宮市下田2-2-33", "url": "https://www.kaigokensaku.mhlw.go.jp/30/index.php?action_kouhyou_detail_004_kani=true&JigyosyoCd=3072300282-00&ServiceCd=110&Type=search", "url2": null }, "geometry": { "type": "Point", "coordinates": [ 135.992752259175774, 33.716742403436065 ] } },
{ "type": "Feature", "properties": { "内容": "のの花訪問介護事業所【訪問介護】和歌山県新宮市仲之町2丁目1-13", "url": "https://www.kaigokensaku.mhlw.go.jp/30/index.php?action_kouhyou_detail_004_kani=true&JigyosyoCd=3072500550-00&ServiceCd=110&Type=search", "url2": null }, "geometry": { "type": "Point", "coordinates": [ 135.988753751780678, 33.729229644456986 ] } },
{ "type": "Feature", "properties": { "内容": "介護サービス　オーネット【訪問介護】和歌山県新宮市新宮３８１３－１６４", "url": "https://www.kaigokensaku.mhlw.go.jp/30/index.php?action_kouhyou_detail_004_kani=true&JigyosyoCd=3072300241-00&ServiceCd=110&Type=search", "url2": null }, "geometry": { "type": "Point", "coordinates": [ 135.985641799999939, 33.7137894 ] } },
{ "type": "Feature", "properties": { "内容": "訪問介護　紀の風【訪問介護】和歌山県新宮市佐野1322-1グランドール紀の風", "url": "https://www.kaigokensaku.mhlw.go.jp/30/index.php?action_kouhyou_detail_004_kani=true&JigyosyoCd=3072300829-00&ServiceCd=110&Type=search", "url2": "http://www.kinokaze.net/" }, "geometry": { "type": "Point", "coordinates": [ 135.965766889765973, 33.689582232829217 ] } },
{ "type": "Feature", "properties": { "内容": "介護センターよろこび【訪問介護】和歌山県新宮市蜂伏9-26", "url": "https://www.kaigokensaku.mhlw.go.jp/30/index.php?action_kouhyou_detail_004_kani=true&JigyosyoCd=3072300696-00&ServiceCd=110&Type=search", "url2": null }, "geometry": { "type": "Point", "coordinates": [ 135.963944399999946, 33.6824989 ] } },
{ "type": "Feature", "properties": { "内容": "訪問介護サービスきしゅう【訪問介護】和歌山県新宮市熊野地２－１７－１４", "url": "https://www.kaigokensaku.mhlw.go.jp/30/index.php?action_kouhyou_detail_004_kani=true&JigyosyoCd=3072300811-00&ServiceCd=110&Type=search", "url2": null }, "geometry": { "type": "Point", "coordinates": [ 136.003989166200995, 33.721036092452096 ] } },
{ "type": "Feature", "properties": { "内容": "介護センターピンポンパン新宮【訪問介護】和歌山県新宮市井の沢８－１", "url": "https://www.kaigokensaku.mhlw.go.jp/30/index.php?action_kouhyou_detail_004_kani=true&JigyosyoCd=3072300324-00&ServiceCd=110&Type=search", "url2": null }, "geometry": { "type": "Point", "coordinates": [ 135.990355300000033, 33.7226939 ] } },
{ "type": "Feature", "properties": { "内容": "王子介護【訪問介護】和歌山県新宮市熊野地２丁目11番25号", "url": "https://www.kaigokensaku.mhlw.go.jp/30/index.php?action_kouhyou_detail_004_kani=true&JigyosyoCd=3072300290-00&ServiceCd=110&Type=search", "url2": null }, "geometry": { "type": "Point", "coordinates": [ 136.001479499999959, 33.7217133 ] } },
{ "type": "Feature", "properties": { "内容": "社会福祉法人　真福会　はまゆう介護【訪問介護】和歌山県新宮市千穂一丁目3番19号", "url": "https://www.kaigokensaku.mhlw.go.jp/30/index.php?action_kouhyou_detail_004_kani=true&JigyosyoCd=3072301116-00&ServiceCd=110&Type=search", "url2": "http://shinpukukai,or,jp" }, "geometry": { "type": "Point", "coordinates": [ 135.9841021, 33.7254004 ] } },
{ "type": "Feature", "properties": { "内容": "訪問介護シエスタ【訪問介護】和歌山県新宮市浮島1-28中本ビル2-1", "url": "https://www.kaigokensaku.mhlw.go.jp/30/index.php?action_kouhyou_detail_004_kani=true&JigyosyoCd=3072300993-00&ServiceCd=110&Type=search", "url2": "https://siesta-kaigo.com/" }, "geometry": { "type": "Point", "coordinates": [ 135.9915729, 33.7257958 ] } },
{ "type": "Feature", "properties": { "内容": "訪問介護事業所みかん【訪問介護】和歌山県新宮市田鶴町２丁目３－８", "url": "https://www.kaigokensaku.mhlw.go.jp/30/index.php?action_kouhyou_detail_004_kani=true&JigyosyoCd=3072301017-00&ServiceCd=110&Type=search", "url2": null }, "geometry": { "type": "Point", "coordinates": [ 135.9924819, 33.7241203 ] } },
{ "type": "Feature", "properties": { "内容": "有限会社　ひだまり【訪問介護】和歌山県新宮市井の沢9番10号", "url": "https://www.kaigokensaku.mhlw.go.jp/30/index.php?action_kouhyou_detail_004_kani=true&JigyosyoCd=3072300092-00&ServiceCd=110&Type=search", "url2": "http://kaigo-hidamari.com/" }, "geometry": { "type": "Point", "coordinates": [ 135.991214585952775, 33.722337304841218 ] } },
{ "type": "Feature", "properties": { "内容": "ケアセンターこもれび。【訪問介護】和歌山県新宮市蜂伏12番17号こもれびの丘", "url": "https://www.kaigokensaku.mhlw.go.jp/30/index.php?action_kouhyou_detail_004_kani=true&JigyosyoCd=3072300753-00&ServiceCd=110&Type=search", "url2": "http://www.komorebinooka.jp" }, "geometry": { "type": "Point", "coordinates": [ 135.965264714155637, 33.683097181279912 ] } },
{ "type": "Feature", "properties": { "内容": "訪問介護サービス　てん【訪問介護】和歌山県新宮市相筋1-3-12", "url": "https://www.kaigokensaku.mhlw.go.jp/30/index.php?action_kouhyou_detail_004_kani=true&JigyosyoCd=3072301058-00&ServiceCd=110&Type=search", "url2": null }, "geometry": { "type": "Point", "coordinates": [ 135.9821492, 33.7313857 ] } },
{ "type": "Feature", "properties": { "内容": "ニチイケアセンター新宮【訪問介護】和歌山県新宮市鴻田三丁目５番３７号", "url": "https://www.kaigokensaku.mhlw.go.jp/30/index.php?action_kouhyou_detail_004_kani=true&JigyosyoCd=3072300068-00&ServiceCd=110&Type=search", "url2": "http://www.nichiigakkan.co.jp" }, "geometry": { "type": "Point", "coordinates": [ 135.986175099999969, 33.7091844 ] } },
{ "type": "Feature", "properties": { "内容": "ニチイケアセンター紀南【訪問介護】和歌山県新宮市佐野952-1ぶるベリーマンション１Ｆ", "url": "https://www.kaigokensaku.mhlw.go.jp/30/index.php?action_kouhyou_detail_004_kani=true&JigyosyoCd=3072300316-00&ServiceCd=110&Type=search", "url2": "http://www.nichiigakkan.co.jp" }, "geometry": { "type": "Point", "coordinates": [ 135.970080300000063, 33.6842739 ] } },
{ "type": "Feature", "properties": { "内容": "介護センター　アオ空【訪問介護】鴻田１丁目２番５号", "url": "https://www.kaigokensaku.mhlw.go.jp/30/index.php?action_kouhyou_detail_004_kani=true&JigyosyoCd=3072300845-00&ServiceCd=110&Type=search", "url2": null }, "geometry": { "type": "Point", "coordinates": [ 135.987878249182131, 33.712125447537503 ] } },
{ "type": "Feature", "properties": { "内容": "さら介護サービス【訪問介護】新宮市佐野1010-8", "url": "https://www.kaigokensaku.mhlw.go.jp/30/index.php?action_kouhyou_detail_004_kani=true&JigyosyoCd=3072300423-00&ServiceCd=110&Type=search", "url2": "sara-2585@zj8.so-net.ne.jp" }, "geometry": { "type": "Point", "coordinates": [ 135.972502, 33.6851928 ] } },
{ "type": "Feature", "properties": { "内容": "ヘルパーステーション　なだい【訪問介護】和歌山県紀の川下井阪605番地トータルケアセンターなだい", "url": "https://www.kaigokensaku.mhlw.go.jp/30/index.php?action_kouhyou_detail_004_kani=true&JigyosyoCd=3071201242-00&ServiceCd=110&Type=search", "url2": "http://www.tcc-nadai.com" }, "geometry": { "type": "Point", "coordinates": [ 135.338234199999988, 34.2565948 ] } },
{ "type": "Feature", "properties": { "内容": "風の里ホームヘルプサービス【訪問介護】紀の川市粉河９５１－１", "url": "https://www.kaigokensaku.mhlw.go.jp/30/index.php?action_kouhyou_detail_004_kani=true&JigyosyoCd=3071200350-00&ServiceCd=110&Type=search", "url2": "http://koyokai.or.jp" }, "geometry": { "type": "Point", "coordinates": [ 135.402501199999961, 34.2689057 ] } },
{ "type": "Feature", "properties": { "内容": "ヘルパーステーションNICO【訪問介護】和歌山県紀の川市下井阪605番地", "url": "https://www.kaigokensaku.mhlw.go.jp/30/index.php?action_kouhyou_detail_004_kani=true&JigyosyoCd=3071701167-00&ServiceCd=110&Type=search", "url2": null }, "geometry": { "type": "Point", "coordinates": [ 135.338961, 34.2586472 ] } },
{ "type": "Feature", "properties": { "内容": "ガーデン紀の川【訪問介護】畑野上121番地1", "url": "https://www.kaigokensaku.mhlw.go.jp/30/index.php?action_kouhyou_detail_004_kani=true&JigyosyoCd=3071700599-00&ServiceCd=110&Type=search", "url2": "http://garden-kinokawa.jp/" }, "geometry": { "type": "Point", "coordinates": [ 135.349957158335883, 34.259200914012382 ] } },
{ "type": "Feature", "properties": { "内容": "訪問介護事業所じんべえ【訪問介護】和歌山県紀の川市打田1342番地1クルーセ102", "url": "https://www.kaigokensaku.mhlw.go.jp/30/index.php?action_kouhyou_detail_004_kani=true&JigyosyoCd=3071700912-00&ServiceCd=110&Type=search", "url2": null }, "geometry": { "type": "Point", "coordinates": [ 135.364851300000026, 34.2624918 ] } },
{ "type": "Feature", "properties": { "内容": "株式会社　大樹　ヘルパーステーション　ぐりーん【訪問介護】和歌山県紀の川市畑野上226-1", "url": "https://www.kaigokensaku.mhlw.go.jp/30/index.php?action_kouhyou_detail_004_kani=true&JigyosyoCd=3071700508-00&ServiceCd=110&Type=search", "url2": null }, "geometry": { "type": "Point", "coordinates": [ 135.350424159331396, 34.267890700573261 ] } },
{ "type": "Feature", "properties": { "内容": "ヘルパーテーション雅【訪問介護】粉河1775-1百式楼２０1号室内", "url": "https://www.kaigokensaku.mhlw.go.jp/30/index.php?action_kouhyou_detail_004_kani=true&JigyosyoCd=3071700953-00&ServiceCd=110&Type=search", "url2": "http://miyabi537/com/" }, "geometry": { "type": "Point", "coordinates": [ 135.404400059303356, 34.27322108760886 ] } },
{ "type": "Feature", "properties": { "内容": "ケアランド紀の川【訪問介護】和歌山県紀の川市豊田43-5", "url": "https://www.kaigokensaku.mhlw.go.jp/30/index.php?action_kouhyou_detail_004_kani=true&JigyosyoCd=3071700425-00&ServiceCd=110&Type=search", "url2": null }, "geometry": { "type": "Point", "coordinates": [ 135.350879109390206, 34.279050788733606 ] } },
{ "type": "Feature", "properties": { "内容": "ヘルパーステーションわかな【訪問介護】紀の川市粉河910番地5", "url": "https://www.kaigokensaku.mhlw.go.jp/30/index.php?action_kouhyou_detail_004_kani=true&JigyosyoCd=3071700870-00&ServiceCd=110&Type=search", "url2": null }, "geometry": { "type": "Point", "coordinates": [ 135.4035709, 34.2747298 ] } },
{ "type": "Feature", "properties": { "内容": "訪問介護ステーション　ハートフル【訪問介護】和歌山県紀の川市貴志川町長原1037-4", "url": "https://www.kaigokensaku.mhlw.go.jp/30/index.php?action_kouhyou_detail_004_kani=true&JigyosyoCd=3071201259-00&ServiceCd=110&Type=search", "url2": "http://human-pc.com/wp1/" }, "geometry": { "type": "Point", "coordinates": [ 135.305186300000059, 34.2082114 ] } },
{ "type": "Feature", "properties": { "内容": "株式会社　Nouvelespoir【訪問介護】桃山町元８７３番地", "url": "https://www.kaigokensaku.mhlw.go.jp/30/index.php?action_kouhyou_detail_004_kani=true&JigyosyoCd=3071701092-00&ServiceCd=110&Type=search", "url2": null }, "geometry": { "type": "Point", "coordinates": [ 135.3540669, 34.2353919 ] } },
{ "type": "Feature", "properties": { "内容": "ヘルパーステーションくろーばー【訪問介護】和歌山県紀の川市南中219-14", "url": "https://www.kaigokensaku.mhlw.go.jp/30/index.php?action_kouhyou_detail_004_kani=true&JigyosyoCd=3071701076-00&ServiceCd=110&Type=search", "url2": "http://clover002784.html.xdomain.jp" }, "geometry": { "type": "Point", "coordinates": [ 135.358711241087178, 34.280023138967394 ] } },
{ "type": "Feature", "properties": { "内容": "まりっくすホームヘルプサービスセンター打田【訪問介護】和歌山県紀の川市打田１３３６－１岡ビル2F", "url": "https://www.kaigokensaku.mhlw.go.jp/30/index.php?action_kouhyou_detail_004_kani=true&JigyosyoCd=3071200871-00&ServiceCd=110&Type=search", "url2": "http://www.marix317.com" }, "geometry": { "type": "Point", "coordinates": [ 135.36538459999997, 34.2621058 ] } },
{ "type": "Feature", "properties": { "内容": "紀の川市社会福祉協議会　介護サービス事業所【訪問介護】和歌山県紀の川市桃山町最上1253番地2", "url": "https://www.kaigokensaku.mhlw.go.jp/30/index.php?action_kouhyou_detail_004_kani=true&JigyosyoCd=3071200079-00&ServiceCd=110&Type=search", "url2": "https://kinokawashishakyo.jp/" }, "geometry": { "type": "Point", "coordinates": [ 135.349778300000054, 34.219668715458646 ] } },
{ "type": "Feature", "properties": { "内容": "ヘルパーステーションむぎ【訪問介護】和歌山県紀の川市貴志川町井ノ口693-7", "url": "https://www.kaigokensaku.mhlw.go.jp/30/index.php?action_kouhyou_detail_004_kani=true&JigyosyoCd=3071701175-00&ServiceCd=110&Type=search", "url2": "https://mugi20220515.jp/" }, "geometry": { "type": "Point", "coordinates": [ 135.315173, 34.2040664 ] } },
{ "type": "Feature", "properties": { "内容": "ＯＣＥＡＮヘルパーステーション【訪問介護】和歌山県紀の川市貴志川町丸栖662番地１", "url": "https://www.kaigokensaku.mhlw.go.jp/30/index.php?action_kouhyou_detail_004_kani=true&JigyosyoCd=3071701126-00&ServiceCd=110&Type=search", "url2": "https://www.ocean-1810.co.jp/" }, "geometry": { "type": "Point", "coordinates": [ 135.323853100000036, 34.2320522 ] } },
{ "type": "Feature", "properties": { "内容": "㈱あおぞらケアセンター紀の川【訪問介護】和歌山県紀の川市貴志川町丸栖687-3", "url": "https://www.kaigokensaku.mhlw.go.jp/30/index.php?action_kouhyou_detail_004_kani=true&JigyosyoCd=3071700482-00&ServiceCd=110&Type=search", "url2": null }, "geometry": { "type": "Point", "coordinates": [ 135.324269400000048, 34.2338497 ] } },
{ "type": "Feature", "properties": { "内容": "ホームヘルプサービス　こんにちは【訪問介護】桃山町元764-1", "url": "https://www.kaigokensaku.mhlw.go.jp/30/index.php?action_kouhyou_detail_004_kani=true&JigyosyoCd=3071700037-00&ServiceCd=110&Type=search", "url2": null }, "geometry": { "type": "Point", "coordinates": [ 135.354540325513085, 34.237473457415966 ] } },
{ "type": "Feature", "properties": { "内容": "特定非営利活動法人三敬福祉会訪問介護ステーション【訪問介護】和歌山県紀の川市桃山町市場１８６番地", "url": "https://www.kaigokensaku.mhlw.go.jp/30/index.php?action_kouhyou_detail_004_kani=true&JigyosyoCd=3071201432-00&ServiceCd=110&Type=search", "url2": "https://sankei-fukushikai.net/" }, "geometry": { "type": "Point", "coordinates": [ 135.350166899999977, 34.2395803 ] } },
{ "type": "Feature", "properties": { "内容": "ニチイケアセンター紀の川【訪問介護】和歌山県紀の川市粉河420-2瑞穂ビル2A", "url": "https://www.kaigokensaku.mhlw.go.jp/30/index.php?action_kouhyou_detail_004_kani=true&JigyosyoCd=3071700284-00&ServiceCd=110&Type=search", "url2": "http://www.nichiigakkan.co.jp" }, "geometry": { "type": "Point", "coordinates": [ 135.407984700000043, 34.2691006 ] } },
{ "type": "Feature", "properties": { "内容": "訪問介護ステーション　りんく【訪問介護】和歌山県紀の川市畑野上333-1", "url": "https://www.kaigokensaku.mhlw.go.jp/30/index.php?action_kouhyou_detail_004_kani=true&JigyosyoCd=3071700631-00&ServiceCd=110&Type=search", "url2": null }, "geometry": { "type": "Point", "coordinates": [ 135.347488268270695, 34.259970719832715 ] } },
{ "type": "Feature", "properties": { "内容": "ここあケアセンター【訪問介護】和歌山県紀の川市貴志川町前田570番地8", "url": "https://www.kaigokensaku.mhlw.go.jp/30/index.php?action_kouhyou_detail_004_kani=true&JigyosyoCd=3071700920-00&ServiceCd=110&Type=search", "url2": null }, "geometry": { "type": "Point", "coordinates": [ 135.32083119999993, 34.223054 ] } },
{ "type": "Feature", "properties": { "内容": "ヘルパーステーションぴーち【訪問介護】和歌山県紀の川市東大井321番地4", "url": "https://www.kaigokensaku.mhlw.go.jp/30/index.php?action_kouhyou_detail_004_kani=true&JigyosyoCd=3071701043-00&ServiceCd=110&Type=search", "url2": "https://peach-kinokawa.com" }, "geometry": { "type": "Point", "coordinates": [ 135.3663013, 34.2689989 ] } },
{ "type": "Feature", "properties": { "内容": "ホームヘルパーステーション後楽【訪問介護】和歌山県紀の川市黒土262番地ケアハウス後楽荘", "url": "https://www.kaigokensaku.mhlw.go.jp/30/index.php?action_kouhyou_detail_004_kani=true&JigyosyoCd=3071201192-00&ServiceCd=110&Type=search", "url2": "http://www.kourakusou3575.sakura.ne.jp/" }, "geometry": { "type": "Point", "coordinates": [ 135.378692199999932, 34.2610869 ] } },
{ "type": "Feature", "properties": { "内容": "有限会社　ニューステージ【訪問介護】和歌山県紀の川市貴志川町尼寺186", "url": "https://www.kaigokensaku.mhlw.go.jp/30/index.php?action_kouhyou_detail_004_kani=true&JigyosyoCd=3071201499-00&ServiceCd=110&Type=search", "url2": null }, "geometry": { "type": "Point", "coordinates": [ 135.31251270000007, 34.2239843 ] } },
{ "type": "Feature", "properties": { "内容": "ヘルパーステーション憩いの里【訪問介護】和歌山県岩出市船戸１１６番地", "url": "https://www.kaigokensaku.mhlw.go.jp/30/index.php?action_kouhyou_detail_004_kani=true&JigyosyoCd=3071800134-00&ServiceCd=110&Type=search", "url2": "http://www.ikoi-sato.jp" }, "geometry": { "type": "Point", "coordinates": [ 135.309009800000013, 34.248987 ] } },
{ "type": "Feature", "properties": { "内容": "ヘルパーステーションつむぎ【訪問介護】和歌山県岩出市吉田92-14ソル・ヤード吉田101", "url": "https://www.kaigokensaku.mhlw.go.jp/30/index.php?action_kouhyou_detail_004_kani=true&JigyosyoCd=3071800910-00&ServiceCd=110&Type=search", "url2": null }, "geometry": { "type": "Point", "coordinates": [ 135.2771545, 34.2692685 ] } },
{ "type": "Feature", "properties": { "内容": "ヘルパーステーションことぶき【訪問介護】和歌山県岩出市中迫188番地の6", "url": "https://www.kaigokensaku.mhlw.go.jp/30/index.php?action_kouhyou_detail_004_kani=true&JigyosyoCd=3071800670-00&ServiceCd=110&Type=search", "url2": null }, "geometry": { "type": "Point", "coordinates": [ 135.31276530882684, 34.261773777500679 ] } },
{ "type": "Feature", "properties": { "内容": "ヘルパーステーションうらら【訪問介護】和歌山県岩出市山878-5メインストリート豊和ⅢB棟東号室", "url": "https://www.kaigokensaku.mhlw.go.jp/30/index.php?action_kouhyou_detail_004_kani=true&JigyosyoCd=3071800878-00&ServiceCd=110&Type=search", "url2": null }, "geometry": { "type": "Point", "coordinates": [ 135.2871677, 34.2741937 ] } },
{ "type": "Feature", "properties": { "内容": "アシュアケアステーション【訪問介護】和歌山県岩出市吉田３８２－１４", "url": "https://www.kaigokensaku.mhlw.go.jp/30/index.php?action_kouhyou_detail_004_kani=true&JigyosyoCd=3071800787-00&ServiceCd=110&Type=search", "url2": null }, "geometry": { "type": "Point", "coordinates": [ 135.2774804, 34.2660057 ] } },
{ "type": "Feature", "properties": { "内容": "ヘルパーステーション　さざんか【訪問介護】和歌山県岩出市水栖98-1", "url": "https://www.kaigokensaku.mhlw.go.jp/30/index.php?action_kouhyou_detail_004_kani=true&JigyosyoCd=3071800951-00&ServiceCd=110&Type=search", "url2": "https://www.sowan-lien.net" }, "geometry": { "type": "Point", "coordinates": [ 135.323925709786977, 34.265302999112407 ] } },
{ "type": "Feature", "properties": { "内容": "ヘルパーステーション　結【訪問介護】和歌山県岩出市溝川251-1ナナヤマ岩出110", "url": "https://www.kaigokensaku.mhlw.go.jp/30/index.php?action_kouhyou_detail_004_kani=true&JigyosyoCd=3071800936-00&ServiceCd=110&Type=search", "url2": null }, "geometry": { "type": "Point", "coordinates": [ 135.327617299999986, 34.2659488 ] } },
{ "type": "Feature", "properties": { "内容": "ヘルパーステーションらふ【訪問介護】和歌山県岩出市根来866-6", "url": "https://www.kaigokensaku.mhlw.go.jp/30/index.php?action_kouhyou_detail_004_kani=true&JigyosyoCd=3071201333-00&ServiceCd=110&Type=search", "url2": null }, "geometry": { "type": "Point", "coordinates": [ 135.305736358947001, 34.277480888519264 ] } },
{ "type": "Feature", "properties": { "内容": "lalalaライフケア【訪問介護】和歌山県岩出市南大池２１４番地の１", "url": "https://www.kaigokensaku.mhlw.go.jp/30/index.php?action_kouhyou_detail_004_kani=true&JigyosyoCd=3071800738-00&ServiceCd=110&Type=search", "url2": "lalalalifecare@icloud.com" }, "geometry": { "type": "Point", "coordinates": [ 135.326409799999965, 34.2752263 ] } },
{ "type": "Feature", "properties": { "内容": "ヘルパーステーションこころ【訪問介護】和歌山県岩出市森112-1", "url": "https://www.kaigokensaku.mhlw.go.jp/30/index.php?action_kouhyou_detail_004_kani=true&JigyosyoCd=3071800290-00&ServiceCd=110&Type=search", "url2": "https://kokoro-himawari.com/" }, "geometry": { "type": "Point", "coordinates": [ 135.31034506867806, 34.270974448746315 ] } },
{ "type": "Feature", "properties": { "内容": "きのくに訪問介護ステーション【訪問介護】和歌山県岩出市水栖145-5", "url": "https://www.kaigokensaku.mhlw.go.jp/30/index.php?action_kouhyou_detail_004_kani=true&JigyosyoCd=3071201077-00&ServiceCd=110&Type=search", "url2": null }, "geometry": { "type": "Point", "coordinates": [ 135.323774, 34.2677603 ] } },
{ "type": "Feature", "properties": { "内容": "セントケア那賀【訪問介護】和歌山県岩出市川尻14-1フォレストボックス1　2F8号室", "url": "https://www.kaigokensaku.mhlw.go.jp/30/index.php?action_kouhyou_detail_004_kani=true&JigyosyoCd=3071800274-00&ServiceCd=110&Type=search", "url2": null }, "geometry": { "type": "Point", "coordinates": [ 135.309352516532954, 34.269582629154485 ] } },
{ "type": "Feature", "properties": { "内容": "訪問介護OhanA【訪問介護】和歌山県岩出市山51-11", "url": "https://www.kaigokensaku.mhlw.go.jp/30/index.php?action_kouhyou_detail_004_kani=true&JigyosyoCd=3071800928-00&ServiceCd=110&Type=search", "url2": null }, "geometry": { "type": "Point", "coordinates": [ 135.276367099999987, 34.2744785 ] } },
{ "type": "Feature", "properties": { "内容": "ヘルパーステーションえんがわ【訪問介護】和歌山県岩出市畑毛111-1エルダリーハウスえんがわ", "url": "https://www.kaigokensaku.mhlw.go.jp/30/index.php?action_kouhyou_detail_004_kani=true&JigyosyoCd=3071800357-00&ServiceCd=110&Type=search", "url2": null }, "geometry": { "type": "Point", "coordinates": [ 135.302563194287131, 34.263126450800883 ] } },
{ "type": "Feature", "properties": { "内容": "ヘルパーステーション小春日和【訪問介護】西国分793-1住宅型有料老人ホーム小春日和", "url": "https://www.kaigokensaku.mhlw.go.jp/30/index.php?action_kouhyou_detail_004_kani=true&JigyosyoCd=3071800548-00&ServiceCd=110&Type=search", "url2": "http://www.sowan-lien.net/" }, "geometry": { "type": "Point", "coordinates": [ 135.3351898, 34.2626053 ] } },
{ "type": "Feature", "properties": { "内容": "ヘルパーステーション　小春の里【訪問介護】山田6-2", "url": "https://www.kaigokensaku.mhlw.go.jp/30/index.php?action_kouhyou_detail_004_kani=true&JigyosyoCd=3071800720-00&ServiceCd=110&Type=search", "url2": "https://www.sowan-lien.net/" }, "geometry": { "type": "Point", "coordinates": [ 135.388943299999937, 34.7733325 ] } },
{ "type": "Feature", "properties": { "内容": "ヘルパーステーションこもれびの里【訪問介護】和歌山県岩出市中島字古川718-3", "url": "https://www.kaigokensaku.mhlw.go.jp/30/index.php?action_kouhyou_detail_004_kani=true&JigyosyoCd=3071800886-00&ServiceCd=110&Type=search", "url2": "http://www.sowan-lien.net" }, "geometry": { "type": "Point", "coordinates": [ 135.287655, 34.258704 ] } },
{ "type": "Feature", "properties": { "内容": "ひまわり福祉サービス岩出事業所【訪問介護】和歌山県岩出市船戸116陽光の郷ふなと", "url": "https://www.kaigokensaku.mhlw.go.jp/30/index.php?action_kouhyou_detail_004_kani=true&JigyosyoCd=3071800969-00&ServiceCd=110&Type=search", "url2": null }, "geometry": { "type": "Point", "coordinates": [ 135.308914, 34.2490099 ] } },
{ "type": "Feature", "properties": { "内容": "ﾆﾁｲｹｱｾﾝﾀｰいわで【訪問介護】和歌山県岩出市中迫248-1田中ビル2F西", "url": "https://www.kaigokensaku.mhlw.go.jp/30/index.php?action_kouhyou_detail_004_kani=true&JigyosyoCd=3071800779-00&ServiceCd=110&Type=search", "url2": null }, "geometry": { "type": "Point", "coordinates": [ 135.312376299999983, 34.262964 ] } },
{ "type": "Feature", "properties": { "内容": "ホームヘルパーステーションとみた【訪問介護】岩出市紀泉台432", "url": "https://www.kaigokensaku.mhlw.go.jp/30/index.php?action_kouhyou_detail_004_kani=true&JigyosyoCd=3071201416-00&ServiceCd=110&Type=search", "url2": "http://www.tomita.or.jp" }, "geometry": { "type": "Point", "coordinates": [ 135.293031199999973, 34.2809699 ] } },
{ "type": "Feature", "properties": { "内容": "ヘルパーステーション金池【訪問介護】和歌山県　岩出市　金池　19-1", "url": "https://www.kaigokensaku.mhlw.go.jp/30/index.php?action_kouhyou_detail_004_kani=true&JigyosyoCd=3071800456-00&ServiceCd=110&Type=search", "url2": "www.bananahome.jp" }, "geometry": { "type": "Point", "coordinates": [ 135.293850600000042, 34.274076300000011 ] } },
{ "type": "Feature", "properties": { "内容": "ホームヘルプサービスエンジョイ【訪問介護】和歌山県岩出市吉田242-9", "url": "https://www.kaigokensaku.mhlw.go.jp/30/index.php?action_kouhyou_detail_004_kani=true&JigyosyoCd=3071800415-00&ServiceCd=110&Type=search", "url2": null }, "geometry": { "type": "Point", "coordinates": [ 135.28112041700615, 34.266026331616963 ] } },
{ "type": "Feature", "properties": { "内容": "せいえん！訪問介護【訪問介護】和歌山県岩出市北大池87-4", "url": "https://www.kaigokensaku.mhlw.go.jp/30/index.php?action_kouhyou_detail_004_kani=true&JigyosyoCd=3071801017-00&ServiceCd=110&Type=search", "url2": "https://seien-wakayama.jp/" }, "geometry": { "type": "Point", "coordinates": [ 135.328061100000014, 34.275371100000022 ] } },
{ "type": "Feature", "properties": { "内容": "ヘルパーステーションみかん【訪問介護】和歌山県岩出市", "url": "https://www.kaigokensaku.mhlw.go.jp/30/index.php?action_kouhyou_detail_004_kani=true&JigyosyoCd=3071801025-00&ServiceCd=110&Type=search", "url2": null }, "geometry": { "type": "Point", "coordinates": [ 135.311339299999986, 34.256226 ] } },
{ "type": "Feature", "properties": { "内容": "ヘルパーステーション　たんぽぽ【訪問介護】和歌山県海草郡紀美野町下佐々１３３８－２メゾンアクア１０２号", "url": "https://www.kaigokensaku.mhlw.go.jp/30/index.php?action_kouhyou_detail_004_kani=true&JigyosyoCd=3071100394-00&ServiceCd=110&Type=search", "url2": null }, "geometry": { "type": "Point", "coordinates": [ 135.313401699999986, 34.1523029 ] } },
{ "type": "Feature", "properties": { "内容": "美里園ホームヘルパーステーション【訪問介護】和歌山県海草郡紀美野町安井6-1", "url": "https://www.kaigokensaku.mhlw.go.jp/30/index.php?action_kouhyou_detail_004_kani=true&JigyosyoCd=3071100246-00&ServiceCd=110&Type=search", "url2": "http://seiwa-sws.or.jp/" }, "geometry": { "type": "Point", "coordinates": [ 135.34661559999995, 34.1490559 ] } },
{ "type": "Feature", "properties": { "内容": "社会福祉法人　紀美野町社会福祉協議会　紀美野訪問介護事業所【訪問介護】海草郡紀美野町下佐々1408番地4総合福祉センター", "url": "https://www.kaigokensaku.mhlw.go.jp/30/index.php?action_kouhyou_detail_004_kani=true&JigyosyoCd=3071100345-00&ServiceCd=110&Type=search", "url2": null }, "geometry": { "type": "Point", "coordinates": [ 135.3109025, 34.1521352 ] } },
{ "type": "Feature", "properties": { "内容": "株式会社ビッグプラネット【訪問介護】和歌山県伊都郡かつらぎ町丁ノ町403-3", "url": "https://www.kaigokensaku.mhlw.go.jp/30/index.php?action_kouhyou_detail_004_kani=true&JigyosyoCd=3071300960-00&ServiceCd=110&Type=search", "url2": null }, "geometry": { "type": "Point", "coordinates": [ 135.516744199999948, 34.300302 ] } },
{ "type": "Feature", "properties": { "内容": "訪問介護ステーションはずみ【訪問介護】和歌山県伊都郡かつらぎ町笠田東７２－３", "url": "https://www.kaigokensaku.mhlw.go.jp/30/index.php?action_kouhyou_detail_004_kani=true&JigyosyoCd=3071300986-00&ServiceCd=110&Type=search", "url2": null }, "geometry": { "type": "Point", "coordinates": [ 135.480475, 34.2902555 ] } },
{ "type": "Feature", "properties": { "内容": "合同会社　輝【訪問介護】和歌山県伊都郡かつらぎ町丁ノ町818-2", "url": "https://www.kaigokensaku.mhlw.go.jp/30/index.php?action_kouhyou_detail_004_kani=true&JigyosyoCd=3071300820-00&ServiceCd=110&Type=search", "url2": null }, "geometry": { "type": "Point", "coordinates": [ 135.518434299999967, 34.3023619 ] } },
{ "type": "Feature", "properties": { "内容": "ケアステーション　ささゆりの里【訪問介護】和歌山県伊都郡かつらぎ町笠田東４３３番地", "url": "https://www.kaigokensaku.mhlw.go.jp/30/index.php?action_kouhyou_detail_004_kani=true&JigyosyoCd=3071300556-00&ServiceCd=110&Type=search", "url2": "arikou-k@amber.plala.or.jp" }, "geometry": { "type": "Point", "coordinates": [ 135.477021899999954, 34.288021 ] } },
{ "type": "Feature", "properties": { "内容": "訪問介護ステーションおやつ【訪問介護】和歌山県伊都郡かつらぎ町大字三谷１６２０−４", "url": "https://www.kaigokensaku.mhlw.go.jp/30/index.php?action_kouhyou_detail_004_kani=true&JigyosyoCd=3071300952-00&ServiceCd=110&Type=search", "url2": "https//www.15oyatsu/co.jp" }, "geometry": { "type": "Point", "coordinates": [ 135.5198749, 34.2916394 ] } },
{ "type": "Feature", "properties": { "内容": "かつらぎ町社会福祉協議会　花園介護事業所【訪問介護】和歌山県伊都郡かつらぎ町大字花園梁瀬１５７８番地の２かつらぎ町社会福祉協議会　花園介護事業所", "url": "https://www.kaigokensaku.mhlw.go.jp/30/index.php?action_kouhyou_detail_004_kani=true&JigyosyoCd=3071300101-00&ServiceCd=110&Type=search", "url2": "https://katuragishakyo.or.jp/" }, "geometry": { "type": "Point", "coordinates": [ 135.5204827, 34.1444598 ] } },
{ "type": "Feature", "properties": { "内容": "九度山町社会福祉協議会【訪問介護】和歌山県伊都郡九度山町河根732-1九度山町地域福祉センター", "url": "https://www.kaigokensaku.mhlw.go.jp/30/index.php?action_kouhyou_detail_004_kani=true&JigyosyoCd=3071300028-00&ServiceCd=110&Type=search", "url2": "http://www.shakyo.or.jp/hp/1295" }, "geometry": { "type": "Point", "coordinates": [ 135.5811546, 34.2813423 ] } },
{ "type": "Feature", "properties": { "内容": "社会福祉法人高野町社会福祉協議会【訪問介護】和歌山県伊都郡高野町大字高野山２６－８", "url": "https://www.kaigokensaku.mhlw.go.jp/30/index.php?action_kouhyou_detail_004_kani=true&JigyosyoCd=3071300036-00&ServiceCd=110&Type=search", "url2": "http://koyasyakyo.ec-net.jp/" }, "geometry": { "type": "Point", "coordinates": [ 135.591682799999944, 34.221493 ] } },
{ "type": "Feature", "properties": { "内容": "ヘルパーステーションゆあさ【訪問介護】和歌山県有田郡湯浅町栖原95", "url": "https://www.kaigokensaku.mhlw.go.jp/30/index.php?action_kouhyou_detail_004_kani=true&JigyosyoCd=3071600914-00&ServiceCd=110&Type=search", "url2": null }, "geometry": { "type": "Point", "coordinates": [ 135.1894992, 34.0430445 ] } },
{ "type": "Feature", "properties": { "内容": "在宅複合型施設ひろの里訪問介護事業【訪問介護】和歌山県有田郡湯浅町湯浅中町456番地", "url": "https://www.kaigokensaku.mhlw.go.jp/30/index.php?action_kouhyou_detail_004_kani=true&JigyosyoCd=3071600344-00&ServiceCd=110&Type=search", "url2": "http://www.kitabakai.jp/" }, "geometry": { "type": "Point", "coordinates": [ 135.175520690747874, 34.03533625892252 ] } },
{ "type": "Feature", "properties": { "内容": "湯浅町社会福祉協議会【訪問介護】和歌山県有田郡湯浅町栖原126", "url": "https://www.kaigokensaku.mhlw.go.jp/30/index.php?action_kouhyou_detail_004_kani=true&JigyosyoCd=3071600070-00&ServiceCd=110&Type=search", "url2": "http://www.yuasa-shakyo.or.jp/" }, "geometry": { "type": "Point", "coordinates": [ 135.18329735165517, 34.043507167803895 ] } },
{ "type": "Feature", "properties": { "内容": "サンライズケア広川【訪問介護】和歌山県有田郡広川町広552-4", "url": "https://www.kaigokensaku.mhlw.go.jp/30/index.php?action_kouhyou_detail_004_kani=true&JigyosyoCd=3071601409-00&ServiceCd=110&Type=search", "url2": "http://www.sunrisecare.co.jp/" }, "geometry": { "type": "Point", "coordinates": [ 135.175336900000048, 34.0254328 ] } },
{ "type": "Feature", "properties": { "内容": "ホームヘルプサービス　あゆむ【訪問介護】和歌山県有田川町天満306ルーチェ・ソラーレⅢ", "url": "https://www.kaigokensaku.mhlw.go.jp/30/index.php?action_kouhyou_detail_004_kani=true&JigyosyoCd=3071500437-00&ServiceCd=110&Type=search", "url2": null }, "geometry": { "type": "Point", "coordinates": [ 135.20458750859234, 34.059171740180112 ] } },
{ "type": "Feature", "properties": { "内容": "JAありだ訪問介護センター【訪問介護】和歌山県有田郡有田川町清水343-1", "url": "https://www.kaigokensaku.mhlw.go.jp/30/index.php?action_kouhyou_detail_004_kani=true&JigyosyoCd=3071600252-00&ServiceCd=110&Type=search", "url2": "http://www.ja-arida.or.jp/" }, "geometry": { "type": "Point", "coordinates": [ 135.429470486495887, 34.082796226975098 ] } },
{ "type": "Feature", "properties": { "内容": "きび訪問介護センター【訪問介護】和歌山県有田郡有田川町小島16番地", "url": "https://www.kaigokensaku.mhlw.go.jp/30/index.php?action_kouhyou_detail_004_kani=true&JigyosyoCd=3071600286-00&ServiceCd=110&Type=search", "url2": "http://www.akemikai.or.jp" }, "geometry": { "type": "Point", "coordinates": [ 135.201550099999963, 34.0681387 ] } },
{ "type": "Feature", "properties": { "内容": "楽訪問介護事業所【訪問介護】和歌山県有田郡有田川町徳田250-4", "url": "https://www.kaigokensaku.mhlw.go.jp/30/index.php?action_kouhyou_detail_004_kani=true&JigyosyoCd=3071601490-00&ServiceCd=110&Type=search", "url2": null }, "geometry": { "type": "Point", "coordinates": [ 135.2454473, 34.0519812 ] } },
{ "type": "Feature", "properties": { "内容": "ヘルパーステーションひかり【訪問介護】和歌山県有田郡有田川町下津野850-1", "url": "https://www.kaigokensaku.mhlw.go.jp/30/index.php?action_kouhyou_detail_004_kani=true&JigyosyoCd=3071601557-00&ServiceCd=110&Type=search", "url2": null }, "geometry": { "type": "Point", "coordinates": [ 135.2095759, 34.0642272 ] } },
{ "type": "Feature", "properties": { "内容": "わかばの郷【訪問介護】和歌山県有田郡有田川町大字西丹生図125番地1", "url": "https://www.kaigokensaku.mhlw.go.jp/30/index.php?action_kouhyou_detail_004_kani=true&JigyosyoCd=3071600617-00&ServiceCd=110&Type=search", "url2": null }, "geometry": { "type": "Point", "coordinates": [ 135.227444591166005, 34.059627880952981 ] } },
{ "type": "Feature", "properties": { "内容": "ニチイケアセンター有田南【訪問介護】和歌山県有田郡有田川町大字天満171番1サンフォルテ宮井2-3号", "url": "https://www.kaigokensaku.mhlw.go.jp/30/index.php?action_kouhyou_detail_004_kani=true&JigyosyoCd=3071601458-00&ServiceCd=110&Type=search", "url2": "http://ｗｗｗ.nichiigakkan.co.jp" }, "geometry": { "type": "Point", "coordinates": [ 135.2004187, 34.0554788 ] } },
{ "type": "Feature", "properties": { "内容": "有田川町社会福祉協議会　訪問介護【訪問介護】和歌山県有田郡有田川町大字角75番地1きび保健福祉センター", "url": "https://www.kaigokensaku.mhlw.go.jp/30/index.php?action_kouhyou_detail_004_kani=true&JigyosyoCd=3071600013-00&ServiceCd=110&Type=search", "url2": "http://www.aridagawa-shakyo.or.jp" }, "geometry": { "type": "Point", "coordinates": [ 135.216098901833647, 34.073668669802899 ] } },
{ "type": "Feature", "properties": { "内容": "ありだ訪問介護センター【訪問介護】和歌山県有田郡有田川町清水343-1", "url": "https://www.kaigokensaku.mhlw.go.jp/30/index.php?action_kouhyou_detail_004_kani=true&JigyosyoCd=3071601581-00&ServiceCd=110&Type=search", "url2": null }, "geometry": { "type": "Point", "coordinates": [ 135.429477600000013, 34.0828182 ] } },
{ "type": "Feature", "properties": { "内容": "有田川町社会福祉協議会　清水事務所　訪問介護【訪問介護】和歌山県有田郡有田川町大字二川８２０番地１", "url": "https://www.kaigokensaku.mhlw.go.jp/30/index.php?action_kouhyou_detail_004_kani=true&JigyosyoCd=3071600963-00&ServiceCd=110&Type=search", "url2": "https://www.aridagawa-shakyo.or.jp" }, "geometry": { "type": "Point", "coordinates": [ 135.355679900000041, 34.0608216 ] } },
{ "type": "Feature", "properties": { "内容": "ヘルパーステーションまごころランド【訪問介護】和歌山県有田郡有田川町上中島859番地１", "url": "https://www.kaigokensaku.mhlw.go.jp/30/index.php?action_kouhyou_detail_004_kani=true&JigyosyoCd=3071601375-00&ServiceCd=110&Type=search", "url2": "https://sensyokai.or.jp/" }, "geometry": { "type": "Point", "coordinates": [ 135.200166800000034, 34.0717131 ] } },
{ "type": "Feature", "properties": { "内容": "社会福祉法人　美浜町社会福祉協議会【訪問介護】和歌山県日高郡美浜町大字和田1138番地の326", "url": "https://www.kaigokensaku.mhlw.go.jp/30/index.php?action_kouhyou_detail_004_kani=true&JigyosyoCd=3072100096-00&ServiceCd=110&Type=search", "url2": "http://www.shakyo.or.jp/hp/1300/" }, "geometry": { "type": "Point", "coordinates": [ 135.13411450000001, 33.8938616 ] } },
{ "type": "Feature", "properties": { "内容": "ヘルパーステーションあさがお【訪問介護】和歌山県日高郡日高町荊木13-3", "url": "https://www.kaigokensaku.mhlw.go.jp/30/index.php?action_kouhyou_detail_004_kani=true&JigyosyoCd=3072101052-00&ServiceCd=110&Type=search", "url2": null }, "geometry": { "type": "Point", "coordinates": [ 135.144652373519108, 33.924733540555742 ] } },
{ "type": "Feature", "properties": { "内容": "ケアサポートふくしん【訪問介護】和歌山県日高郡日高町萩原880", "url": "https://www.kaigokensaku.mhlw.go.jp/30/index.php?action_kouhyou_detail_004_kani=true&JigyosyoCd=3072100856-00&ServiceCd=110&Type=search", "url2": "http://www.eonet.ne.jp/~fukushin/" }, "geometry": { "type": "Point", "coordinates": [ 135.144313205189633, 33.925933406111035 ] } },
{ "type": "Feature", "properties": { "内容": "訪問介護事業所ナンバーワン日高【訪問介護】和歌山県日高郡日高町萩原812サンシャイン白馬Ａ103", "url": "https://www.kaigokensaku.mhlw.go.jp/30/index.php?action_kouhyou_detail_004_kani=true&JigyosyoCd=3072101037-00&ServiceCd=110&Type=search", "url2": "http://lifesize-hidaka.com/" }, "geometry": { "type": "Point", "coordinates": [ 135.145314647438056, 33.928062785036055 ] } },
{ "type": "Feature", "properties": { "内容": "社会福祉法人日高町社会福祉協議会【訪問介護】和歌山県日高郡日高町大字小中１３０８番地日高町保健福祉総合センター", "url": "https://www.kaigokensaku.mhlw.go.jp/30/index.php?action_kouhyou_detail_004_kani=true&JigyosyoCd=3072100047-00&ServiceCd=110&Type=search", "url2": "https://hidaka-shakyo.or.jp/" }, "geometry": { "type": "Point", "coordinates": [ 135.126156499999979, 33.9249217 ] } },
{ "type": "Feature", "properties": { "内容": "社会福祉法人　　由良町社会福祉協議会【訪問介護】和歌山県日高郡由良町吹井８０－８８", "url": "https://www.kaigokensaku.mhlw.go.jp/30/index.php?action_kouhyou_detail_004_kani=true&JigyosyoCd=3072100088-00&ServiceCd=110&Type=search", "url2": "https://www.shakyo.or.jp/hp/1302/" }, "geometry": { "type": "Point", "coordinates": [ 135.1089799, 33.970233 ] } },
{ "type": "Feature", "properties": { "内容": "社会福祉法人　印南町社会福祉協議会【訪問介護】和歌山県日高郡印南町山口145-1", "url": "https://www.kaigokensaku.mhlw.go.jp/30/index.php?action_kouhyou_detail_004_kani=true&JigyosyoCd=3072100013-00&ServiceCd=110&Type=search", "url2": "http://www.inami-syakyo.jp/" }, "geometry": { "type": "Point", "coordinates": [ 135.222506870436149, 33.820360615892234 ] } },
{ "type": "Feature", "properties": { "内容": "ケアサポートかえる【訪問介護】和歌山県日高郡印南町西ノ地２０－４", "url": "https://www.kaigokensaku.mhlw.go.jp/30/index.php?action_kouhyou_detail_004_kani=true&JigyosyoCd=3072101029-00&ServiceCd=110&Type=search", "url2": "https://www.tanokura.biz/" }, "geometry": { "type": "Point", "coordinates": [ 135.227681799231163, 33.803182084835797 ] } },
{ "type": "Feature", "properties": { "内容": "ニチイケアセンターみなべ【訪問介護】和歌山県日高郡みなべ町谷口502番地テナントＭ102号", "url": "https://www.kaigokensaku.mhlw.go.jp/30/index.php?action_kouhyou_detail_004_kani=true&JigyosyoCd=3072100781-00&ServiceCd=110&Type=search", "url2": null }, "geometry": { "type": "Point", "coordinates": [ 135.326163800000018, 33.7889002 ] } },
{ "type": "Feature", "properties": { "内容": "みなべ町社協はあと館【訪問介護】和歌山県日高郡みなべ町芝447番地2", "url": "https://www.kaigokensaku.mhlw.go.jp/30/index.php?action_kouhyou_detail_004_kani=true&JigyosyoCd=3072100021-00&ServiceCd=110&Type=search", "url2": "http://www.wakayamanet.or.jp/minabeshakyo/" }, "geometry": { "type": "Point", "coordinates": [ 135.3235118, 33.7660335 ] } },
{ "type": "Feature", "properties": { "内容": "おはな【訪問介護】和歌山県日高郡日高川町小熊３９９０番地３", "url": "https://www.kaigokensaku.mhlw.go.jp/30/index.php?action_kouhyou_detail_004_kani=true&JigyosyoCd=3072101094-00&ServiceCd=110&Type=search", "url2": null }, "geometry": { "type": "Point", "coordinates": [ 135.1939121, 33.9121988 ] } },
{ "type": "Feature", "properties": { "内容": "はぴあとケア【訪問介護】和歌山県日高郡日高川町和佐2066番地33", "url": "https://www.kaigokensaku.mhlw.go.jp/30/index.php?action_kouhyou_detail_004_kani=true&JigyosyoCd=3072101110-00&ServiceCd=110&Type=search", "url2": "https://1vnjf.hp.peraichi.com" }, "geometry": { "type": "Point", "coordinates": [ 135.213671654885502, 33.898490248985155 ] } },
{ "type": "Feature", "properties": { "内容": "ホームヘルプ白寿【訪問介護】和歌山県日高郡日高川町船津1664番地", "url": "https://www.kaigokensaku.mhlw.go.jp/30/index.php?action_kouhyou_detail_004_kani=true&JigyosyoCd=3072100252-00&ServiceCd=110&Type=search", "url2": "http://www.keiaikai-w.or.jp/" }, "geometry": { "type": "Point", "coordinates": [ 135.268708299999957, 33.9582033 ] } },
{ "type": "Feature", "properties": { "内容": "ヘルパーステーション・はるす【訪問介護】和歌山県日高郡日高川町川原河264", "url": "https://www.kaigokensaku.mhlw.go.jp/30/index.php?action_kouhyou_detail_004_kani=true&JigyosyoCd=3072100468-00&ServiceCd=110&Type=search", "url2": "https://hals-hals.co.jp/" }, "geometry": { "type": "Point", "coordinates": [ 135.367859899999985, 33.9829039 ] } },
{ "type": "Feature", "properties": { "内容": "ヘルパーステーション日高川町社協【訪問介護】和歌山県日高郡日高川町土生160番地", "url": "https://www.kaigokensaku.mhlw.go.jp/30/index.php?action_kouhyou_detail_004_kani=true&JigyosyoCd=3072100153-00&ServiceCd=110&Type=search", "url2": "http://www.hidakagawa-shakyo.or.jp/" }, "geometry": { "type": "Point", "coordinates": [ 135.185624599999983, 33.9121631 ] } },
{ "type": "Feature", "properties": { "内容": "ケアセンターしおん【訪問介護】和歌山県西牟婁郡白浜町７５２コーポチモト３階", "url": "https://www.kaigokensaku.mhlw.go.jp/30/index.php?action_kouhyou_detail_004_kani=true&JigyosyoCd=3072400959-00&ServiceCd=110&Type=search", "url2": null }, "geometry": { "type": "Point", "coordinates": [ 135.344246884450968, 33.685731134953805 ] } },
{ "type": "Feature", "properties": { "内容": "訪問介護プロデュース【訪問介護】和歌山県西牟婁郡白浜町堅田2578-443", "url": "https://www.kaigokensaku.mhlw.go.jp/30/index.php?action_kouhyou_detail_004_kani=true&JigyosyoCd=3072400678-00&ServiceCd=110&Type=search", "url2": null }, "geometry": { "type": "Point", "coordinates": [ 135.3851618, 33.6792421 ] } },
{ "type": "Feature", "properties": { "内容": "Get訪問介護【訪問介護】和歌山県西牟婁郡白浜町941-1住宅型有料老人ホームプルメリア白浜", "url": "https://www.kaigokensaku.mhlw.go.jp/30/index.php?action_kouhyou_detail_004_kani=true&JigyosyoCd=3072201837-00&ServiceCd=110&Type=search", "url2": "https://www.getounohana.com" }, "geometry": { "type": "Point", "coordinates": [ 135.347892300000012, 33.6865459 ] } },
{ "type": "Feature", "properties": { "内容": "ヘルパーステーションMoon【訪問介護】和歌山県西牟婁郡白浜町内ノ川７５５番地の１", "url": "https://www.kaigokensaku.mhlw.go.jp/30/index.php?action_kouhyou_detail_004_kani=true&JigyosyoCd=3072401486-00&ServiceCd=110&Type=search", "url2": null }, "geometry": { "type": "Point", "coordinates": [ 135.415078, 33.6754433 ] } },
{ "type": "Feature", "properties": { "内容": "内の川訪問介護【訪問介護】和歌山県西牟婁郡白浜町栄90-3", "url": "https://www.kaigokensaku.mhlw.go.jp/30/index.php?action_kouhyou_detail_004_kani=true&JigyosyoCd=3072401452-00&ServiceCd=110&Type=search", "url2": null }, "geometry": { "type": "Point", "coordinates": [ 135.3968222, 33.6573488 ] } },
{ "type": "Feature", "properties": { "内容": "さくらケア白浜【訪問介護】和歌山県西牟禮郡白浜町2406番地の1", "url": "https://www.kaigokensaku.mhlw.go.jp/30/index.php?action_kouhyou_detail_004_kani=true&JigyosyoCd=3072401197-00&ServiceCd=110&Type=search", "url2": "http://sakura-cs.net/" }, "geometry": { "type": "Point", "coordinates": [ 135.34524959999996, 33.677604700000018 ] } },
{ "type": "Feature", "properties": { "内容": "さくらホームヘルプサービス白浜【訪問介護】和歌山県西牟婁郡白浜町堅田2497-59", "url": "https://www.kaigokensaku.mhlw.go.jp/30/index.php?action_kouhyou_detail_004_kani=true&JigyosyoCd=3072401254-00&ServiceCd=110&Type=search", "url2": null }, "geometry": { "type": "Point", "coordinates": [ 135.374952827214997, 33.677832452868302 ] } },
{ "type": "Feature", "properties": { "内容": "ホームヘルパーステーション南紀【訪問介護】和歌山県西牟婁郡白浜町富田６９９－１", "url": "https://www.kaigokensaku.mhlw.go.jp/30/index.php?action_kouhyou_detail_004_kani=true&JigyosyoCd=3072400348-00&ServiceCd=110&Type=search", "url2": "https://www.nankishirahama-fukushikai.or.jp/" }, "geometry": { "type": "Point", "coordinates": [ 135.400783763325904, 33.640112841485283 ] } },
{ "type": "Feature", "properties": { "内容": "ココナツヘルパーステーション【訪問介護】和歌山県西牟婁郡白浜町堅田2399", "url": "https://www.kaigokensaku.mhlw.go.jp/30/index.php?action_kouhyou_detail_004_kani=true&JigyosyoCd=3072401288-00&ServiceCd=110&Type=search", "url2": null }, "geometry": { "type": "Point", "coordinates": [ 135.375901500000026, 33.6760814 ] } },
{ "type": "Feature", "properties": { "内容": "ニチイケアーセンター白浜【訪問介護】和歌山県西牟婁郡白浜町2453番地6", "url": "https://www.kaigokensaku.mhlw.go.jp/30/index.php?action_kouhyou_detail_004_kani=true&JigyosyoCd=3072400868-00&ServiceCd=110&Type=search", "url2": "http://www.nichiigakkann.co.jp" }, "geometry": { "type": "Point", "coordinates": [ 135.347615899999937, 33.6779534 ] } },
{ "type": "Feature", "properties": { "内容": "社会福祉法人　白浜町社会福祉協議会　訪問介護事業所【訪問介護】和歌山県　西牟婁郡　白浜町　日置１９７－１", "url": "https://www.kaigokensaku.mhlw.go.jp/30/index.php?action_kouhyou_detail_004_kani=true&JigyosyoCd=3072401098-00&ServiceCd=110&Type=search", "url2": "http://www.shirahama-syakyo.jp" }, "geometry": { "type": "Point", "coordinates": [ 135.442695500000013, 33.5726837 ] } },
{ "type": "Feature", "properties": { "内容": "ホームヘルパーつくし【訪問介護】和歌山県西牟婁郡上富田町岩田2707-3", "url": "https://www.kaigokensaku.mhlw.go.jp/30/index.php?action_kouhyou_detail_004_kani=true&JigyosyoCd=3072201753-00&ServiceCd=110&Type=search", "url2": null }, "geometry": { "type": "Point", "coordinates": [ 135.394866799999988, 33.7332447 ] } },
{ "type": "Feature", "properties": { "内容": "訪問介護ステーション　きらり【訪問介護】西牟婁郡上富田町生馬701-20訪問介護ステーションきらり事務所", "url": "https://www.kaigokensaku.mhlw.go.jp/30/index.php?action_kouhyou_detail_004_kani=true&JigyosyoCd=3072400876-00&ServiceCd=110&Type=search", "url2": "http://seikatukan.exblog.jp/" }, "geometry": { "type": "Point", "coordinates": [ 135.429402687174928, 33.692596733072591 ] } },
{ "type": "Feature", "properties": { "内容": "ケアサポート　えがお【訪問介護】和歌山県西牟婁郡上富田町南紀の台13-5", "url": "https://www.kaigokensaku.mhlw.go.jp/30/index.php?action_kouhyou_detail_004_kani=true&JigyosyoCd=3072401189-00&ServiceCd=110&Type=search", "url2": null }, "geometry": { "type": "Point", "coordinates": [ 135.404587799999945, 33.701537099999982 ] } },
{ "type": "Feature", "properties": { "内容": "響訪問介護事業所【訪問介護】和歌山県西牟婁郡上富田町朝来３２９５－１７", "url": "https://www.kaigokensaku.mhlw.go.jp/30/index.php?action_kouhyou_detail_004_kani=true&JigyosyoCd=3072200714-00&ServiceCd=110&Type=search", "url2": null }, "geometry": { "type": "Point", "coordinates": [ 135.415190181647773, 33.707028859418514 ] } },
{ "type": "Feature", "properties": { "内容": "介護センター　すもも【訪問介護】和歌山県西牟婁郡上富田町岩田１５３３－１深見電器様２階", "url": "https://www.kaigokensaku.mhlw.go.jp/30/index.php?action_kouhyou_detail_004_kani=true&JigyosyoCd=3072400843-00&ServiceCd=110&Type=search", "url2": null }, "geometry": { "type": "Point", "coordinates": [ 135.442545500000051, 33.7039512 ] } },
{ "type": "Feature", "properties": { "内容": "たかの訪問介護【訪問介護】和歌山県西牟婁郡上富田町321-74", "url": "https://www.kaigokensaku.mhlw.go.jp/30/index.php?action_kouhyou_detail_004_kani=true&JigyosyoCd=3072401403-00&ServiceCd=110&Type=search", "url2": null }, "geometry": { "type": "Point", "coordinates": [ 135.4307172, 33.7099438 ] } },
{ "type": "Feature", "properties": { "内容": "ヘルパーステーションフレンドリー【訪問介護】和歌山県西牟婁郡上富田町朝来326-521", "url": "https://www.kaigokensaku.mhlw.go.jp/30/index.php?action_kouhyou_detail_004_kani=true&JigyosyoCd=3072401379-00&ServiceCd=110&Type=search", "url2": null }, "geometry": { "type": "Point", "coordinates": [ 135.4232936, 33.6997385 ] } },
{ "type": "Feature", "properties": { "内容": "ホームヘルプすてっぷ【訪問介護】和歌山県西牟婁郡上富田町朝来2302", "url": "https://www.kaigokensaku.mhlw.go.jp/30/index.php?action_kouhyou_detail_004_kani=true&JigyosyoCd=3072400819-00&ServiceCd=110&Type=search", "url2": "https://www.wfj.or.jp/" }, "geometry": { "type": "Point", "coordinates": [ 135.444158188360603, 33.708121348870122 ] } },
{ "type": "Feature", "properties": { "内容": "ニチイケアセンターかみとんだ【訪問介護】和歌山県西牟婁郡上富田町1304-1Ｆ号", "url": "https://www.kaigokensaku.mhlw.go.jp/30/index.php?action_kouhyou_detail_004_kani=true&JigyosyoCd=3072401361-00&ServiceCd=110&Type=search", "url2": null }, "geometry": { "type": "Point", "coordinates": [ 135.418451299999987, 33.6941671 ] } },
{ "type": "Feature", "properties": { "内容": "ヘルパーステーション　あやとり【訪問介護】和歌山県西牟婁郡上富田町岡1406-1", "url": "https://www.kaigokensaku.mhlw.go.jp/30/index.php?action_kouhyou_detail_004_kani=true&JigyosyoCd=3072400595-00&ServiceCd=110&Type=search", "url2": "http://ayatori-fa.com" }, "geometry": { "type": "Point", "coordinates": [ 135.441776721673591, 33.725400629225035 ] } },
{ "type": "Feature", "properties": { "内容": "社会福祉法人　上富田町社会福祉協議会【訪問介護】和歌山県西牟婁郡上富田町朝来７５３－１", "url": "https://www.kaigokensaku.mhlw.go.jp/30/index.php?action_kouhyou_detail_004_kani=true&JigyosyoCd=3072401346-00&ServiceCd=110&Type=search", "url2": "http://kamitonda.shakyo-w.jp/" }, "geometry": { "type": "Point", "coordinates": [ 135.430120943783407, 33.696410576216401 ] } },
{ "type": "Feature", "properties": { "内容": "ケアセンターおたっしゃ倶楽部田辺事業所【訪問介護】上富田町生馬字救馬渓185-7", "url": "https://www.kaigokensaku.mhlw.go.jp/30/index.php?action_kouhyou_detail_004_kani=true&JigyosyoCd=3072400892-00&ServiceCd=110&Type=search", "url2": "http://www.s-co-op.or.jp" }, "geometry": { "type": "Point", "coordinates": [ 135.430422005807827, 33.716515250992714 ] } },
{ "type": "Feature", "properties": { "内容": "訪問介護ステーションあかり【訪問介護】和歌山県西牟婁郡上富田町岩田２０６８番地", "url": "https://www.kaigokensaku.mhlw.go.jp/30/index.php?action_kouhyou_detail_004_kani=true&JigyosyoCd=3072400884-00&ServiceCd=110&Type=search", "url2": null }, "geometry": { "type": "Point", "coordinates": [ 135.43714748344496, 33.715160509949243 ] } },
{ "type": "Feature", "properties": { "内容": "和歌山県西牟婁郡すさみ町江住1330【訪問介護】和歌山県西牟婁郡すさみ町江住1330", "url": "https://www.kaigokensaku.mhlw.go.jp/30/index.php?action_kouhyou_detail_004_kani=true&JigyosyoCd=3072401429-00&ServiceCd=110&Type=search", "url2": null }, "geometry": { "type": "Point", "coordinates": [ 135.6041981, 33.5125409 ] } },
{ "type": "Feature", "properties": { "内容": "社会福祉法人　すさみ町社会福祉協議会【訪問介護】和歌山県西牟婁郡すさみ町周参見４１３３", "url": "https://www.kaigokensaku.mhlw.go.jp/30/index.php?action_kouhyou_detail_004_kani=true&JigyosyoCd=3072400793-00&ServiceCd=110&Type=search", "url2": "https://susamishakyo.com/" }, "geometry": { "type": "Point", "coordinates": [ 135.495598400000063, 33.5499592 ] } },
{ "type": "Feature", "properties": { "内容": "日好荘【訪問介護】東牟婁郡那智勝浦町浜ノ宮850番地1", "url": "https://www.kaigokensaku.mhlw.go.jp/30/index.php?action_kouhyou_detail_004_kani=true&JigyosyoCd=3072500287-00&ServiceCd=110&Type=search", "url2": "http://care-net.biz/30/nikkosoyuyu/" }, "geometry": { "type": "Point", "coordinates": [ 135.942507108170275, 33.647277902981806 ] } },
{ "type": "Feature", "properties": { "内容": "高瀬会第２訪問介護ステーション【訪問介護】和歌山県東牟婁郡那智勝浦町湯川６１", "url": "https://www.kaigokensaku.mhlw.go.jp/30/index.php?action_kouhyou_detail_004_kani=true&JigyosyoCd=3072500295-00&ServiceCd=110&Type=search", "url2": "http://www.takasekai.or.jp/" }, "geometry": { "type": "Point", "coordinates": [ 135.926895899999977, 33.6192971 ] } },
{ "type": "Feature", "properties": { "内容": "ドマーニ宇久井【訪問介護】東牟婁郡那智勝浦町宇久井５４９番地ドマーニ宇久井", "url": "https://www.kaigokensaku.mhlw.go.jp/30/index.php?action_kouhyou_detail_004_kani=true&JigyosyoCd=3072500683-00&ServiceCd=110&Type=search", "url2": "http://domani-ugui.jimdo.com/" }, "geometry": { "type": "Point", "coordinates": [ 135.979374199999938, 33.6570328 ] } },
{ "type": "Feature", "properties": { "内容": "有限会社勝浦介護サービス【訪問介護】和歌山県東牟婁郡那智勝浦町北浜２丁目５１番地", "url": "https://www.kaigokensaku.mhlw.go.jp/30/index.php?action_kouhyou_detail_004_kani=true&JigyosyoCd=3072500147-00&ServiceCd=110&Type=search", "url2": null }, "geometry": { "type": "Point", "coordinates": [ 135.9432273, 33.6319794 ] } },
{ "type": "Feature", "properties": { "内容": "ハートケア【訪問介護】和歌山県４東牟婁郡那智勝浦町大字宇久井1227番地", "url": "https://www.kaigokensaku.mhlw.go.jp/30/index.php?action_kouhyou_detail_004_kani=true&JigyosyoCd=3072500899-00&ServiceCd=110&Type=search", "url2": null }, "geometry": { "type": "Point", "coordinates": [ 135.9727358, 33.6621849 ] } },
{ "type": "Feature", "properties": { "内容": "あゆみ【訪問介護】東牟婁郡那智勝浦町大字天満1丁目75", "url": "https://www.kaigokensaku.mhlw.go.jp/30/index.php?action_kouhyou_detail_004_kani=true&JigyosyoCd=3072500584-00&ServiceCd=110&Type=search", "url2": null }, "geometry": { "type": "Point", "coordinates": [ 135.936091900000065, 33.6319237 ] } },
{ "type": "Feature", "properties": { "内容": "社会福祉法人那智勝浦町社会福祉協議会【訪問介護】東牟婁郡那智勝浦町天満1418-2福祉健康センター内", "url": "https://www.kaigokensaku.mhlw.go.jp/30/index.php?action_kouhyou_detail_004_kani=true&JigyosyoCd=3072500030-00&ServiceCd=110&Type=search", "url2": "http://nachikatsushakyo.jimdo.com/" }, "geometry": { "type": "Point", "coordinates": [ 135.9343245558197, 33.631760118658541 ] } },
{ "type": "Feature", "properties": { "内容": "訪問介護そよかぜ【訪問介護】和歌山県東牟婁郡那智勝浦町宇久井106-2", "url": "https://www.kaigokensaku.mhlw.go.jp/30/index.php?action_kouhyou_detail_004_kani=true&JigyosyoCd=3072501087-00&ServiceCd=110&Type=search", "url2": null }, "geometry": { "type": "Point", "coordinates": [ 135.9721566, 33.6616191 ] } },
{ "type": "Feature", "properties": { "内容": "介護センターあさひ【訪問介護】和歌山県東牟婁郡那智勝浦町大字朝日1丁目１６５番地", "url": "https://www.kaigokensaku.mhlw.go.jp/30/index.php?action_kouhyou_detail_004_kani=true&JigyosyoCd=3072500428-00&ServiceCd=110&Type=search", "url2": null }, "geometry": { "type": "Point", "coordinates": [ 135.9384334, 33.6283075 ] } },
{ "type": "Feature", "properties": { "内容": "介護サービス　ベスト・ケア【訪問介護】和歌山県東牟婁郡那智勝浦町川関392", "url": "https://www.kaigokensaku.mhlw.go.jp/30/index.php?action_kouhyou_detail_004_kani=true&JigyosyoCd=3072500378-00&ServiceCd=110&Type=search", "url2": null }, "geometry": { "type": "Point", "coordinates": [ 135.92747, 33.6487269 ] } },
{ "type": "Feature", "properties": { "内容": "訪問介護Lino【訪問介護】和歌山県東牟婁郡那智勝浦町天満697-1", "url": "https://www.kaigokensaku.mhlw.go.jp/30/index.php?action_kouhyou_detail_004_kani=true&JigyosyoCd=3072501111-00&ServiceCd=110&Type=search", "url2": "https://lino-kaigo.com/" }, "geometry": { "type": "Point", "coordinates": [ 135.9351196, 33.6341861 ] } },
{ "type": "Feature", "properties": { "内容": "社会福祉法人　太地町社会福祉協議会【訪問介護】和歌山県東牟婁郡太地町太地2991－1番地「多目的センター内」社会福祉法人　太地町社会福祉協議会", "url": "https://www.kaigokensaku.mhlw.go.jp/30/index.php?action_kouhyou_detail_004_kani=true&JigyosyoCd=3072500865-00&ServiceCd=110&Type=search", "url2": "HP:https://www,taiji-shakyo.or.jp" }, "geometry": { "type": "Point", "coordinates": [ 135.942349674560518, 33.597089399713354 ] } },
{ "type": "Feature", "properties": { "内容": "社会福祉法人高瀬会訪問介護ステーション【訪問介護】和歌山県東牟婁郡古座川町高瀬４０６", "url": "https://www.kaigokensaku.mhlw.go.jp/30/index.php?action_kouhyou_detail_004_kani=true&JigyosyoCd=3072500097-00&ServiceCd=110&Type=search", "url2": "http://www.takasekai.or.jp/" }, "geometry": { "type": "Point", "coordinates": [ 135.778202, 33.535302 ] } },
{ "type": "Feature", "properties": { "内容": "社会福祉法人古座川町社会福祉協議会【訪問介護】和歌山県東牟婁郡古座川町川口254番地1古座川町保健福祉センター", "url": "https://www.kaigokensaku.mhlw.go.jp/30/index.php?action_kouhyou_detail_004_kani=true&JigyosyoCd=3072500204-00&ServiceCd=110&Type=search", "url2": "http://www.zd.ztv.ne.jp/kozagawa_shakyo/" }, "geometry": { "type": "Point", "coordinates": [ 135.775495460096437, 33.542368605172179 ] } },
{ "type": "Feature", "properties": { "内容": "北山村社会福祉協議会【訪問介護】和歌山県東牟婁郡北山村大沼312番地北山村高齢者生活福祉センター内", "url": "https://www.kaigokensaku.mhlw.go.jp/30/index.php?action_kouhyou_detail_004_kani=true&JigyosyoCd=3072500154-00&ServiceCd=110&Type=search", "url2": "http://www.za.ztv.ne.jp/k-fukusi.yamasaki/" }, "geometry": { "type": "Point", "coordinates": [ 135.966907399999968, 33.9295413 ] } },
{ "type": "Feature", "properties": { "内容": "串本タクシー指定訪問介護事業所【訪問介護】和歌山県東牟婁郡串本町串本1804", "url": "https://www.kaigokensaku.mhlw.go.jp/30/index.php?action_kouhyou_detail_004_kani=true&JigyosyoCd=3072400553-00&ServiceCd=110&Type=search", "url2": "http://www.kushimoto-taxi.co.jp/" }, "geometry": { "type": "Point", "coordinates": [ 135.781373300000041, 33.4719673 ] } },
{ "type": "Feature", "properties": { "内容": "訪問介護ステーション華【訪問介護】和歌山県東牟婁郡串本町西向582－5", "url": "https://www.kaigokensaku.mhlw.go.jp/30/index.php?action_kouhyou_detail_004_kani=true&JigyosyoCd=3072401247-00&ServiceCd=110&Type=search", "url2": null }, "geometry": { "type": "Point", "coordinates": [ 135.822212300000018, 33.5166689 ] } },
{ "type": "Feature", "properties": { "内容": "心愛ケア【訪問介護】和歌山県東牟婁郡串本町西向476-1", "url": "https://www.kaigokensaku.mhlw.go.jp/30/index.php?action_kouhyou_detail_004_kani=true&JigyosyoCd=3072500824-00&ServiceCd=110&Type=search", "url2": null }, "geometry": { "type": "Point", "coordinates": [ 135.823723077029598, 33.516049485045833 ] } },
{ "type": "Feature", "properties": { "内容": "NPO法人あいらんど【訪問介護】和歌山県東牟婁郡串本町二色505番地1", "url": "https://www.kaigokensaku.mhlw.go.jp/30/index.php?action_kouhyou_detail_004_kani=true&JigyosyoCd=3072400579-00&ServiceCd=110&Type=search", "url2": "http://www18.ocn.ne.jp/^nporando/" }, "geometry": { "type": "Point", "coordinates": [ 135.768389047360188, 33.481938762260164 ] } },
{ "type": "Feature", "properties": { "内容": "みはまヘルパーステーション【訪問介護】和歌山県東牟婁郡串本町西向1480-56", "url": "https://www.kaigokensaku.mhlw.go.jp/30/index.php?action_kouhyou_detail_004_kani=true&JigyosyoCd=3072500691-00&ServiceCd=110&Type=search", "url2": "mihama-kyotaku@zb.ztvne.jp" }, "geometry": { "type": "Point", "coordinates": [ 135.8189764, 33.5107499 ] } },
{ "type": "Feature", "properties": { "内容": "ホームヘルプはーとふれんど【訪問介護】和歌山県東牟婁郡串本町田原700番地", "url": "https://www.kaigokensaku.mhlw.go.jp/30/index.php?action_kouhyou_detail_004_kani=true&JigyosyoCd=3072500659-00&ServiceCd=110&Type=search", "url2": "http://www.wfj.or.jp/" }, "geometry": { "type": "Point", "coordinates": [ 135.867923979974421, 33.537587860429603 ] } },
{ "type": "Feature", "properties": { "内容": "まりん【訪問介護】潮岬2688-7", "url": "https://www.kaigokensaku.mhlw.go.jp/30/index.php?action_kouhyou_detail_004_kani=true&JigyosyoCd=3072500725-00&ServiceCd=110&Type=search", "url2": "https://ashitaba.c-co.jp/" }, "geometry": { "type": "Point", "coordinates": [ 135.762893658891244, 33.440479330107316 ] } },
{ "type": "Feature", "properties": { "内容": "にしき園指定訪問介護事業所【訪問介護】和歌山県東牟婁郡串本町二色165番地", "url": "https://www.kaigokensaku.mhlw.go.jp/30/index.php?action_kouhyou_detail_004_kani=true&JigyosyoCd=3072400272-00&ServiceCd=110&Type=search", "url2": "http://www2.ocn.ne.jp/~nisikien//" }, "geometry": { "type": "Point", "coordinates": [ 135.768352599999957, 33.4887418 ] } },
{ "type": "Feature", "properties": { "内容": "社会福祉法人　串本町社会福祉協議会【訪問介護】和歌山県東牟婁郡串本町サンゴ台783-7", "url": "https://www.kaigokensaku.mhlw.go.jp/30/index.php?action_kouhyou_detail_004_kani=true&JigyosyoCd=3072400017-00&ServiceCd=110&Type=search", "url2": "http://www.naxnet.ne.jp/^nantan/" }, "geometry": { "type": "Point", "coordinates": [ 135.782405129113869, 33.483895054707283 ] } },
{ "type": "Feature", "properties": { "内容": "ケアホームやや【訪問介護】和歌山県東牟婁郡串本町串本939", "url": "https://www.kaigokensaku.mhlw.go.jp/30/index.php?action_kouhyou_detail_004_kani=true&JigyosyoCd=3072501095-00&ServiceCd=110&Type=search", "url2": null }, "geometry": { "type": "Point", "coordinates": [ 135.78062, 33.4696078 ] } },
{ "type": "Feature", "properties": { "内容": "株式会社　陽楽【訪問介護】和歌山県東牟婁郡串本町串本１３３２番地３", "url": "https://www.kaigokensaku.mhlw.go.jp/30/index.php?action_kouhyou_detail_004_kani=true&JigyosyoCd=3072501145-00&ServiceCd=110&Type=search", "url2": null }, "geometry": { "type": "Point", "coordinates": [ 135.778698, 33.465134700000014 ] } },
{ "type": "Feature", "properties": { "内容": "もみじ介護ステーション【訪問介護】和歌山県東牟婁郡串本町潮岬3496-4", "url": "https://www.kaigokensaku.mhlw.go.jp/30/index.php?action_kouhyou_detail_004_kani=true&JigyosyoCd=3072500634-00&ServiceCd=110&Type=search", "url2": null }, "geometry": { "type": "Point", "coordinates": [ 135.760492991336122, 33.450044851461406 ] } }
]
}
