{
"type": "FeatureCollection",
"name": "geo_0_町丁目境界04",
"crs": { "type": "name", "properties": { "name": "urn:ogc:def:crs:EPSG::4612" } },
"features": [
{ "type": "Feature", "properties": { "CITY_NAME": "有田市", "S_NAME": "箕島", "JINKO": 2280, "medical_area": "30_有田医療圏", "町丁目名": "有田市箕島" }, "geometry": { "type": "Polygon", "coordinates": [ [ [ 135.12555029707741, 34.091958735156815 ], [ 135.126849665709642, 34.091684394507801 ], [ 135.127571919814301, 34.091846301239094 ], [ 135.128189252312069, 34.091144652637368 ], [ 135.129346299417563, 34.09142316543911 ], [ 135.129720455599113, 34.09128593150205 ], [ 135.13004003463837, 34.090566674649409 ], [ 135.129907201912829, 34.089624044019374 ], [ 135.129498401306222, 34.089317586134655 ], [ 135.12877120660383, 34.088235232683587 ], [ 135.128126841703931, 34.087935270892444 ], [ 135.12768019812404, 34.086366736028282 ], [ 135.127281382149789, 34.086138979854489 ], [ 135.127660282908323, 34.086098439900603 ], [ 135.127588754923124, 34.085652931777439 ], [ 135.128707814291317, 34.085483795631305 ], [ 135.128435723516645, 34.082696074067599 ], [ 135.127562125184738, 34.082598877082383 ], [ 135.127292632250686, 34.081639910947509 ], [ 135.125060433207778, 34.082300349810964 ], [ 135.122133005623539, 34.082900287239305 ], [ 135.114239735441259, 34.083514507606118 ], [ 135.114095828162419, 34.084903548365439 ], [ 135.113738719626781, 34.085062549870607 ], [ 135.109568907970157, 34.085108073396498 ], [ 135.109414459618733, 34.085378828376136 ], [ 135.109821186995475, 34.085478266281157 ], [ 135.109619788542801, 34.085875461089536 ], [ 135.11128133110364, 34.086532229062669 ], [ 135.112086435963647, 34.087256324142778 ], [ 135.11283794608778, 34.087520098491254 ], [ 135.113361402835409, 34.088230461841569 ], [ 135.113733032073952, 34.087735318443158 ], [ 135.114326309780296, 34.087424333858102 ], [ 135.114360595411227, 34.087830558894922 ], [ 135.11465038028075, 34.088325116344727 ], [ 135.115416116527228, 34.088850427051767 ], [ 135.116103961521276, 34.089702970612251 ], [ 135.116490812341965, 34.08989282288838 ], [ 135.117223617422809, 34.0901026265078 ], [ 135.117851430761647, 34.090061633545602 ], [ 135.118109353169871, 34.090308734293231 ], [ 135.119729759575705, 34.091003695214631 ], [ 135.120074652409585, 34.090979118252939 ], [ 135.120578778111422, 34.090652533427601 ], [ 135.121213563172262, 34.090641578014292 ], [ 135.122321488214595, 34.091491880018239 ], [ 135.123260926578723, 34.091936531937037 ], [ 135.12555029707741, 34.091958735156815 ] ] ] } },
{ "type": "Feature", "properties": { "CITY_NAME": "有田市", "S_NAME": "港町", "JINKO": 2274, "medical_area": "30_有田医療圏", "町丁目名": "有田市港町" }, "geometry": { "type": "Polygon", "coordinates": [ [ [ 135.107990779281323, 34.091794552444149 ], [ 135.106515529939941, 34.09160057432377 ], [ 135.106455678526999, 34.091060621680384 ], [ 135.109073124155941, 34.091246259471376 ], [ 135.109266069668564, 34.091431065819215 ], [ 135.109466241043179, 34.091357349239686 ], [ 135.109209857602934, 34.091030999425655 ], [ 135.110081590164071, 34.091130727888235 ], [ 135.110457688945445, 34.091748754697733 ], [ 135.110875697936279, 34.09113647489562 ], [ 135.111285479713899, 34.090006731290302 ], [ 135.112298872744816, 34.089814586732587 ], [ 135.112849909307016, 34.09003254171953 ], [ 135.113714987912118, 34.08992904636397 ], [ 135.114318122183221, 34.09019301141624 ], [ 135.116188348560769, 34.089736962815685 ], [ 135.115416116527228, 34.088850427051767 ], [ 135.11465038028075, 34.088325116344727 ], [ 135.114360595411227, 34.087830558894922 ], [ 135.114326309780296, 34.087424333858102 ], [ 135.113733032073952, 34.087735318443158 ], [ 135.113361402835409, 34.088230461841569 ], [ 135.11283794608778, 34.087520098491254 ], [ 135.112086435963647, 34.087256324142778 ], [ 135.11128133110364, 34.086532229062669 ], [ 135.109619788542801, 34.085875461089536 ], [ 135.109821186995475, 34.085478266281157 ], [ 135.109414459618733, 34.085378828376136 ], [ 135.109568907970157, 34.085108073396498 ], [ 135.105004011436336, 34.084774892931122 ], [ 135.103728100887764, 34.084425690211368 ], [ 135.103588799256698, 34.08479994291578 ], [ 135.102232963175908, 34.084396472827265 ], [ 135.101202847351459, 34.08454038081539 ], [ 135.10126323202627, 34.086043582386992 ], [ 135.101554286366849, 34.086562687416119 ], [ 135.10227668725409, 34.089107640473649 ], [ 135.103090452615589, 34.090924413799243 ], [ 135.107167231077796, 34.092938607160953 ], [ 135.108060352267472, 34.092643494628895 ], [ 135.107821308752193, 34.092494977715191 ], [ 135.108124688565852, 34.092054717757122 ], [ 135.107968728315456, 34.091983857598755 ], [ 135.107990779281323, 34.091794552444149 ] ] ] } },
{ "type": "Feature", "properties": { "CITY_NAME": "有田市", "S_NAME": "宮崎町", "JINKO": 1548, "medical_area": "30_有田医療圏", "町丁目名": "有田市宮崎町" }, "geometry": { "type": "Polygon", "coordinates": [ [ [ 135.122096555868069, 34.082905238650554 ], [ 135.122078717593581, 34.081567570045031 ], [ 135.121718739071781, 34.081409059644812 ], [ 135.121668441169504, 34.078872091564456 ], [ 135.121601659436607, 34.078691584995795 ], [ 135.121115845316183, 34.078457515127027 ], [ 135.121418580967145, 34.077765619950462 ], [ 135.121459240460183, 34.077148766906419 ], [ 135.121239937760862, 34.076918713217324 ], [ 135.120881527769882, 34.076872344354072 ], [ 135.121008077470151, 34.076372461600691 ], [ 135.121408886641092, 34.076083725993627 ], [ 135.12143161672509, 34.07575186194952 ], [ 135.121797286812409, 34.075218327100984 ], [ 135.121318358775682, 34.075105877440407 ], [ 135.121224736098071, 34.07477106997522 ], [ 135.120916724081781, 34.074640258677718 ], [ 135.120380146929449, 34.072386482270645 ], [ 135.12036693501895, 34.070056570591859 ], [ 135.12064908018786, 34.067715875467059 ], [ 135.120218511937338, 34.06766138610201 ], [ 135.120100803271896, 34.067200765537621 ], [ 135.119799723017763, 34.067089586485437 ], [ 135.118879107499737, 34.067388538744851 ], [ 135.118289513762249, 34.067309521431959 ], [ 135.117453996226288, 34.067857135650563 ], [ 135.116969970275079, 34.067628284404911 ], [ 135.11684352420852, 34.067905866241922 ], [ 135.116456213920543, 34.068070859197583 ], [ 135.114529785000855, 34.068091258107472 ], [ 135.114130357701868, 34.067850325403263 ], [ 135.114021997601412, 34.067958716842583 ], [ 135.114106652840093, 34.06825767640801 ], [ 135.113717747396947, 34.068461387551338 ], [ 135.113337319734399, 34.068379202625302 ], [ 135.113346812508382, 34.068190934224333 ], [ 135.113002644747155, 34.068162255987211 ], [ 135.113073457689296, 34.067913013077629 ], [ 135.112393351809999, 34.067894591908008 ], [ 135.11231988466136, 34.068081694587356 ], [ 135.112756167822084, 34.068212742598789 ], [ 135.112711315232445, 34.068358495853651 ], [ 135.112341259890542, 34.06842612234184 ], [ 135.1123203005167, 34.068877724400238 ], [ 135.112729612599566, 34.06930707039222 ], [ 135.1123857336421, 34.069769729927081 ], [ 135.111226056941433, 34.070334835609806 ], [ 135.109919521589489, 34.070228066543194 ], [ 135.108242437842534, 34.069613586694736 ], [ 135.108227178148951, 34.071650962082352 ], [ 135.107914003524684, 34.074654634520783 ], [ 135.107793810421896, 34.074864640231539 ], [ 135.106685063633989, 34.075124805173679 ], [ 135.106587324564998, 34.077556428818703 ], [ 135.107137125505403, 34.077649869632467 ], [ 135.1071777389499, 34.079239841878461 ], [ 135.109174180159954, 34.079225858493523 ], [ 135.109211901963022, 34.081741731103691 ], [ 135.109047906608509, 34.081720400022327 ], [ 135.108904871261899, 34.082211129252684 ], [ 135.114326611607368, 34.08238284307788 ], [ 135.114239735441259, 34.083514507606118 ], [ 135.122096555868069, 34.082905238650554 ] ] ] } },
{ "type": "Feature", "properties": { "CITY_NAME": "有田市", "S_NAME": "宮崎町", "JINKO": 139, "medical_area": "30_有田医療圏", "町丁目名": "有田市宮崎町" }, "geometry": { "type": "Polygon", "coordinates": [ [ [ 135.102452608612168, 34.074965394993818 ], [ 135.105453050787048, 34.074863563409522 ], [ 135.106685063633989, 34.075124805173679 ], [ 135.107835558477291, 34.074846629777419 ], [ 135.108227178148951, 34.071650962082352 ], [ 135.108242437842534, 34.069613586694736 ], [ 135.107579963751675, 34.069559200355009 ], [ 135.106171243886735, 34.070109761818941 ], [ 135.105605689814638, 34.070738564627959 ], [ 135.105159297156519, 34.070949013588454 ], [ 135.105031542474649, 34.070831729206731 ], [ 135.105133980397568, 34.070982215322488 ], [ 135.103937188748745, 34.070950968698405 ], [ 135.103573220323824, 34.070639961749329 ], [ 135.103823884918569, 34.070498385655625 ], [ 135.104072364018691, 34.070564289406128 ], [ 135.104646066359038, 34.070505356515071 ], [ 135.104875063330951, 34.070363620042698 ], [ 135.103803946298399, 34.070438794982365 ], [ 135.103278903449478, 34.070707265129414 ], [ 135.103022846451665, 34.070541289659673 ], [ 135.102892337981729, 34.070179721327847 ], [ 135.102387771493426, 34.069838810202462 ], [ 135.10234090816104, 34.069563500051785 ], [ 135.101710883942218, 34.069193499653935 ], [ 135.101726116817588, 34.069963719345814 ], [ 135.101193303619112, 34.070967443501033 ], [ 135.100877872004986, 34.071094314020378 ], [ 135.101432191737615, 34.072222049853693 ], [ 135.100563260796946, 34.072528565301944 ], [ 135.100347455099552, 34.073094536538292 ], [ 135.099281076303498, 34.073750073733393 ], [ 135.100077756837948, 34.074202165587963 ], [ 135.100771329990323, 34.074856627022506 ], [ 135.102287312841128, 34.074884177362421 ], [ 135.102300831373213, 34.075255457676555 ], [ 135.102452608612168, 34.074965394993818 ] ] ] } },
{ "type": "Feature", "properties": { "CITY_NAME": "有田市", "S_NAME": "宮崎町", "JINKO": 211, "medical_area": "30_有田医療圏", "町丁目名": "有田市宮崎町" }, "geometry": { "type": "Polygon", "coordinates": [ [ [ 135.082238375013418, 34.075268016392002 ], [ 135.082184153702229, 34.074574272895305 ], [ 135.082404987304358, 34.074385751116829 ], [ 135.082644779188882, 34.074252308335396 ], [ 135.082813516565267, 34.074381612968544 ], [ 135.082699645948907, 34.074187778416622 ], [ 135.083277144156455, 34.073882882688039 ], [ 135.083607026092437, 34.073934924655468 ], [ 135.083904583148239, 34.07377401870874 ], [ 135.083859682411287, 34.073313899352797 ], [ 135.084174164852016, 34.072783345534262 ], [ 135.085331380874095, 34.072672077478614 ], [ 135.086406471578101, 34.072940668203856 ], [ 135.086679844343678, 34.072800142106878 ], [ 135.086852345546447, 34.072176683118023 ], [ 135.087126542683194, 34.07206151790762 ], [ 135.088929197805186, 34.072511564852334 ], [ 135.090088759896588, 34.074047412439221 ], [ 135.09045136802294, 34.073730328965851 ], [ 135.090233753059266, 34.072653914798593 ], [ 135.090328105303513, 34.071951270166828 ], [ 135.090953690929695, 34.070975187882404 ], [ 135.092436887157504, 34.07136464431602 ], [ 135.092766931812179, 34.071289602517403 ], [ 135.093116009141994, 34.071572921742593 ], [ 135.093609514798089, 34.071630792046406 ], [ 135.094313125011467, 34.07238566160521 ], [ 135.095455396971204, 34.072794124563195 ], [ 135.09590775135149, 34.073754491804969 ], [ 135.096173154556851, 34.073932805961064 ], [ 135.096830382687386, 34.074117236787089 ], [ 135.098479428174215, 34.074023117702204 ], [ 135.099893849288804, 34.073400420102672 ], [ 135.100347455099552, 34.073094536538292 ], [ 135.100563260796946, 34.072528565301944 ], [ 135.101432191737615, 34.072222049853693 ], [ 135.100877872004986, 34.071094314020378 ], [ 135.101193303619112, 34.070967443501033 ], [ 135.101726116817588, 34.069963719345814 ], [ 135.101710883942218, 34.069193499653935 ], [ 135.101374242523178, 34.068973124669895 ], [ 135.101723423752418, 34.06873507637173 ], [ 135.100661152395588, 34.068687594345029 ], [ 135.100861847923909, 34.068461000390727 ], [ 135.100699335068185, 34.068357968270909 ], [ 135.100309900797043, 34.068712919002039 ], [ 135.101128239838715, 34.068985836798952 ], [ 135.100616378186601, 34.069440894918209 ], [ 135.100704738171657, 34.069593111212193 ], [ 135.100586404917749, 34.069818474949081 ], [ 135.099973584317013, 34.07009530291451 ], [ 135.099277747156691, 34.070122611394829 ], [ 135.098957922104546, 34.070040962748493 ], [ 135.099168617671012, 34.069893751438194 ], [ 135.097442401962525, 34.069826167514051 ], [ 135.097178088631068, 34.069625891101104 ], [ 135.097356549218972, 34.069445906724546 ], [ 135.097225313110812, 34.069354790645825 ], [ 135.097026698379551, 34.069392071436049 ], [ 135.097132109177636, 34.069564136634909 ], [ 135.096891263769919, 34.069696753354727 ], [ 135.096456919867251, 34.069185042936709 ], [ 135.095679818909929, 34.069421057272869 ], [ 135.095669094259051, 34.069203623571966 ], [ 135.095161473452123, 34.069057476973981 ], [ 135.094980119351021, 34.068689190369057 ], [ 135.095390517135911, 34.068099872788927 ], [ 135.094550699646788, 34.067612359600396 ], [ 135.093957420129158, 34.067778298029296 ], [ 135.094487367607371, 34.06826733777838 ], [ 135.093607559105436, 34.067975044127884 ], [ 135.093841726382493, 34.068159752345366 ], [ 135.093705856097586, 34.068615857609352 ], [ 135.093211126501672, 34.068682503717405 ], [ 135.092842197824382, 34.068428200167403 ], [ 135.092425164294781, 34.06862980035411 ], [ 135.092437601586113, 34.06847930828706 ], [ 135.092055991320052, 34.068303510814154 ], [ 135.092680796768917, 34.068229657972545 ], [ 135.091880036521076, 34.068144443717642 ], [ 135.091763062612273, 34.068343608115796 ], [ 135.092005519376954, 34.068361738044089 ], [ 135.092057654654695, 34.068552289589725 ], [ 135.091339705056328, 34.068828295898193 ], [ 135.090978148178095, 34.068597565669108 ], [ 135.090896908640303, 34.068192119784392 ], [ 135.091334194197628, 34.068123227486645 ], [ 135.091394293754433, 34.06787659523151 ], [ 135.091750478166006, 34.067793579442096 ], [ 135.091119537530318, 34.067736658737239 ], [ 135.091239806071286, 34.067530194312816 ], [ 135.09015294223812, 34.067457223515859 ], [ 135.090077269814685, 34.067545126896327 ], [ 135.090470360876623, 34.06765973862386 ], [ 135.08989728665, 34.067755656101248 ], [ 135.088919532851207, 34.067412034722224 ], [ 135.088880660213192, 34.067090011998019 ], [ 135.088666917779477, 34.06691981341671 ], [ 135.088587721047105, 34.067036426155809 ], [ 135.088352490455691, 34.06694453001159 ], [ 135.087243108671743, 34.067157180508275 ], [ 135.087181504351264, 34.067243214335171 ], [ 135.08777185931848, 34.067651452355001 ], [ 135.08791172623944, 34.068041979435286 ], [ 135.087753110532617, 34.068185048792358 ], [ 135.087999669271738, 34.068333799064362 ], [ 135.087606010216803, 34.068975476670666 ], [ 135.086897979930654, 34.069035161804678 ], [ 135.087215889743817, 34.069286429130777 ], [ 135.086935896751527, 34.069840484704208 ], [ 135.086086668793627, 34.070232686214666 ], [ 135.085837039962485, 34.069975723921011 ], [ 135.084656092418612, 34.070180636200973 ], [ 135.084649435130473, 34.070295955629533 ], [ 135.084167735911791, 34.070156296094169 ], [ 135.084118585140288, 34.070295668978794 ], [ 135.084598805356251, 34.070470534674421 ], [ 135.084709162173141, 34.070684062065133 ], [ 135.084438424071948, 34.071083233299603 ], [ 135.084654508097373, 34.071232750238039 ], [ 135.084618381820491, 34.071373064828087 ], [ 135.082681045687735, 34.072701931625389 ], [ 135.082218934074717, 34.072354069677083 ], [ 135.081630723910052, 34.072444342647152 ], [ 135.081374154881019, 34.072328889962314 ], [ 135.081266812119281, 34.072534456967041 ], [ 135.081470897713103, 34.072595566106806 ], [ 135.081247740085814, 34.072999592519693 ], [ 135.080794120775977, 34.073268498028362 ], [ 135.080081302704485, 34.073359522813341 ], [ 135.079884189453651, 34.07325620278192 ], [ 135.079606001599643, 34.073433584674774 ], [ 135.079622405205328, 34.073818692898172 ], [ 135.079046230652921, 34.073397842398904 ], [ 135.078550012215004, 34.073504143703424 ], [ 135.078721321121236, 34.073989439643881 ], [ 135.079520728236531, 34.074509299306015 ], [ 135.081575952981098, 34.07521348880892 ], [ 135.082238375013418, 34.075268016392002 ] ] ] } },
{ "type": "Feature", "properties": { "CITY_NAME": "有田市", "S_NAME": "宮崎町", "JINKO": 476, "medical_area": "30_有田医療圏", "町丁目名": "有田市宮崎町" }, "geometry": { "type": "Polygon", "coordinates": [ [ [ 135.09288801417685, 34.079041489238321 ], [ 135.093635739512905, 34.078187155993184 ], [ 135.094564669562175, 34.078749008661433 ], [ 135.095627379476923, 34.077564679527526 ], [ 135.095967522960336, 34.077489140770247 ], [ 135.095777231558031, 34.077052044051882 ], [ 135.094916513535338, 34.076746797181734 ], [ 135.094507004290051, 34.07638908370707 ], [ 135.096830382687386, 34.074117236787089 ], [ 135.095976083632706, 34.073831624947182 ], [ 135.095455396971204, 34.072794124563195 ], [ 135.094313125011467, 34.07238566160521 ], [ 135.093609514798089, 34.071630792046406 ], [ 135.093116009141994, 34.071572921742593 ], [ 135.092766931812179, 34.071289602517403 ], [ 135.092436887157504, 34.07136464431602 ], [ 135.090953690929695, 34.070975187882404 ], [ 135.090389143927126, 34.071831281329906 ], [ 135.09025090869622, 34.07233977089119 ], [ 135.09045136802294, 34.073730328965851 ], [ 135.090088759896588, 34.074047412439221 ], [ 135.090485346357667, 34.07449491718161 ], [ 135.088089634013443, 34.077236174089379 ], [ 135.089554527278779, 34.07560354641015 ], [ 135.09342996110189, 34.07791757232156 ], [ 135.092613578901734, 34.078883808854769 ], [ 135.09288801417685, 34.079041489238321 ] ] ] } },
{ "type": "Feature", "properties": { "CITY_NAME": "有田市", "S_NAME": "宮崎町", "JINKO": 2088, "medical_area": "30_有田医療圏", "町丁目名": "有田市宮崎町" }, "geometry": { "type": "Polygon", "coordinates": [ [ [ 135.108904871261899, 34.082211129252684 ], [ 135.109047906608509, 34.081720400022327 ], [ 135.109211901963022, 34.081741731103691 ], [ 135.109174180159954, 34.079225858493523 ], [ 135.1071777389499, 34.079239841878461 ], [ 135.107137125505403, 34.077649869632467 ], [ 135.106587324564998, 34.077556428818703 ], [ 135.106685276632788, 34.075104522006839 ], [ 135.105453050787048, 34.074863563409522 ], [ 135.102681088600008, 34.074858031096149 ], [ 135.102300831373213, 34.075255457676555 ], [ 135.102287312841128, 34.074884177362421 ], [ 135.100771329990323, 34.074856627022506 ], [ 135.099800032274061, 34.074003766664759 ], [ 135.099098338109712, 34.073741974469627 ], [ 135.098479428174215, 34.074023117702204 ], [ 135.096907787559047, 34.074041456360177 ], [ 135.094507004290051, 34.07638908370707 ], [ 135.094916513535338, 34.076746797181734 ], [ 135.095777231558031, 34.077052044051882 ], [ 135.095967522960336, 34.077489140770247 ], [ 135.095627379476923, 34.077564679527526 ], [ 135.094564669562175, 34.078749008661433 ], [ 135.095668547714439, 34.079425115701042 ], [ 135.096300039811382, 34.080992242272814 ], [ 135.09671482681162, 34.081294206784889 ], [ 135.098979122440568, 34.081338282683184 ], [ 135.099517861468428, 34.081726368946057 ], [ 135.100025518822122, 34.081796432109883 ], [ 135.10059515353575, 34.081288831468079 ], [ 135.100000762466038, 34.080528174209178 ], [ 135.101059403905168, 34.079699168902003 ], [ 135.100338454083214, 34.080052826044614 ], [ 135.10019671628973, 34.079624400786294 ], [ 135.101321258495148, 34.079222417713638 ], [ 135.102076022809001, 34.079681800532903 ], [ 135.101154033359336, 34.080588866835299 ], [ 135.101232669015957, 34.08083736599847 ], [ 135.101693350432129, 34.08092271506316 ], [ 135.102530599751759, 34.079920082583939 ], [ 135.102875194288714, 34.080120935807024 ], [ 135.10241300199624, 34.08090092173196 ], [ 135.102896691391891, 34.080137291653649 ], [ 135.103203964117142, 34.080313501964127 ], [ 135.103086872156894, 34.081110515596308 ], [ 135.102884496833155, 34.081092840267999 ], [ 135.102758244239538, 34.081449861451802 ], [ 135.101333444916634, 34.081145472428247 ], [ 135.101367772111359, 34.081277433705502 ], [ 135.100043510243808, 34.082128163234209 ], [ 135.101385444157501, 34.081351376724271 ], [ 135.108904871261899, 34.082211129252684 ] ] ] } },
{ "type": "Feature", "properties": { "CITY_NAME": "有田市", "S_NAME": "新堂", "JINKO": 878, "medical_area": "30_有田医療圏", "町丁目名": "有田市新堂" }, "geometry": { "type": "Polygon", "coordinates": [ [ [ 135.142029146869078, 34.092630293870165 ], [ 135.141594971042139, 34.091611206556074 ], [ 135.141315263266023, 34.091904225973039 ], [ 135.140959326997574, 34.089451394653622 ], [ 135.140409364747342, 34.088818167640298 ], [ 135.140212064956955, 34.08812824000546 ], [ 135.139637364100736, 34.087565268310051 ], [ 135.139439611209696, 34.086527679328306 ], [ 135.139199154221785, 34.086389637870447 ], [ 135.138921443972862, 34.086745352620817 ], [ 135.138490400055559, 34.086326496962378 ], [ 135.138728392537018, 34.086047558159613 ], [ 135.138696332189625, 34.085761233981074 ], [ 135.138985355262975, 34.085609009354492 ], [ 135.138526615082469, 34.082059765243791 ], [ 135.135914401909417, 34.081788433521069 ], [ 135.133070799134117, 34.080776708568258 ], [ 135.130796550912493, 34.080672043021266 ], [ 135.12952952423538, 34.080815354940356 ], [ 135.127292632250686, 34.081639910947509 ], [ 135.127562125184738, 34.082598877082383 ], [ 135.128435723516645, 34.082696074067599 ], [ 135.128707814291317, 34.085483795631305 ], [ 135.127588754923124, 34.085652931777439 ], [ 135.127660282908323, 34.086098439900603 ], [ 135.127281382149789, 34.086138979854489 ], [ 135.12768019812404, 34.086366736028282 ], [ 135.128126841703931, 34.087935270892444 ], [ 135.12877120660383, 34.088235232683587 ], [ 135.129498401306222, 34.089317586134655 ], [ 135.129907201912829, 34.089624044019374 ], [ 135.13004003463837, 34.090566674649409 ], [ 135.129720455599113, 34.09128593150205 ], [ 135.131009875661022, 34.091361390425732 ], [ 135.131725172509846, 34.091939904684402 ], [ 135.132996920308159, 34.092172281835857 ], [ 135.134285748733561, 34.092723403804378 ], [ 135.13666673996525, 34.092837750825915 ], [ 135.137324796817126, 34.092529223152049 ], [ 135.138305464452145, 34.092849378904013 ], [ 135.138929447940257, 34.093614558962315 ], [ 135.140739303539277, 34.094311673016776 ], [ 135.142152368522403, 34.094640448979682 ], [ 135.142415533759646, 34.094527618570822 ], [ 135.141887924265404, 34.092782428666752 ], [ 135.142029146869078, 34.092630293870165 ] ] ] } },
{ "type": "Feature", "properties": { "CITY_NAME": "有田市", "S_NAME": "野", "JINKO": 1114, "medical_area": "30_有田医療圏", "町丁目名": "有田市野" }, "geometry": { "type": "Polygon", "coordinates": [ [ [ 135.140325483593301, 34.078770170856622 ], [ 135.139386664425558, 34.072901427150953 ], [ 135.13699766898975, 34.073164568547888 ], [ 135.131379755630888, 34.078279732066534 ], [ 135.131076115122283, 34.078248566943564 ], [ 135.130191071057965, 34.079025951437309 ], [ 135.130660792462294, 34.080670519527054 ], [ 135.133070799134117, 34.080776708568258 ], [ 135.135914401909417, 34.081788433521069 ], [ 135.139063841048824, 34.082063811398214 ], [ 135.140168560302442, 34.081899686890907 ], [ 135.139715659595367, 34.078849154485141 ], [ 135.140325483593301, 34.078770170856622 ] ] ] } },
{ "type": "Feature", "properties": { "CITY_NAME": "有田市", "S_NAME": "山地", "JINKO": 575, "medical_area": "30_有田医療圏", "町丁目名": "有田市山地" }, "geometry": { "type": "Polygon", "coordinates": [ [ [ 135.132503904536975, 34.077261313098084 ], [ 135.138668525899476, 34.071628731771611 ], [ 135.138533185173543, 34.071553968260872 ], [ 135.138578812011957, 34.0709934968922 ], [ 135.138056862158294, 34.070650204436845 ], [ 135.138038783220964, 34.070463147016333 ], [ 135.137219738900512, 34.070247503719109 ], [ 135.137136097393096, 34.069865731061697 ], [ 135.136386962274287, 34.069667479544187 ], [ 135.136401972681512, 34.068421630255536 ], [ 135.135868235873005, 34.068291237595545 ], [ 135.135599024559411, 34.06802324892071 ], [ 135.134499192712269, 34.067957467376061 ], [ 135.133863866468175, 34.067547578433263 ], [ 135.131905069465006, 34.06703607586703 ], [ 135.131660375187607, 34.06512111786099 ], [ 135.131442137689817, 34.064960821234621 ], [ 135.13040146527257, 34.064923738507304 ], [ 135.130135935020661, 34.064720845137195 ], [ 135.129974695429098, 34.064813520262859 ], [ 135.130033042414851, 34.065041992920207 ], [ 135.128331153740788, 34.064937948293334 ], [ 135.12769417242751, 34.065049783098011 ], [ 135.127274478865161, 34.065306415837021 ], [ 135.12641323752527, 34.065094775756137 ], [ 135.126034325062051, 34.064651175827095 ], [ 135.125179116517273, 34.064594662226831 ], [ 135.124976188797689, 34.064732954754724 ], [ 135.125024087156646, 34.065029814232382 ], [ 135.124573804462102, 34.065198884656795 ], [ 135.124077765371794, 34.064665137834332 ], [ 135.123803104225573, 34.064619088931344 ], [ 135.124407656307284, 34.070090191921018 ], [ 135.127105602344386, 34.07230722009502 ], [ 135.127028821035992, 34.076140253662366 ], [ 135.128047377320399, 34.076918736250008 ], [ 135.131884700681155, 34.076784189522705 ], [ 135.131950030434325, 34.076661251229474 ], [ 135.132503904536975, 34.077261313098084 ] ] ] } },
{ "type": "Feature", "properties": { "CITY_NAME": "有田市", "S_NAME": "古江見", "JINKO": 711, "medical_area": "30_有田医療圏", "町丁目名": "有田市古江見" }, "geometry": { "type": "Polygon", "coordinates": [ [ [ 135.129967115915235, 34.080727734294257 ], [ 135.130660792462294, 34.080670519527054 ], [ 135.130191112860388, 34.079021866580035 ], [ 135.131076115122283, 34.078248566943564 ], [ 135.131379755630888, 34.078279732066534 ], [ 135.132503904536975, 34.077261313098084 ], [ 135.131950030434325, 34.076661251229474 ], [ 135.131884700681155, 34.076784189522705 ], [ 135.128047377320399, 34.076918736250008 ], [ 135.127028821035992, 34.076140253662366 ], [ 135.127105602344386, 34.07230722009502 ], [ 135.124407656307284, 34.070090191921018 ], [ 135.123803104225573, 34.064619088931344 ], [ 135.123455167300108, 34.064637314781841 ], [ 135.123332426067861, 34.065199050217544 ], [ 135.123778189233207, 34.06535450286416 ], [ 135.123817471806291, 34.065855131699564 ], [ 135.123204019916699, 34.066623394025655 ], [ 135.122515681041875, 34.067085443095671 ], [ 135.12064908018786, 34.067715875467059 ], [ 135.120429556785609, 34.069156191079578 ], [ 135.120380146929449, 34.072386482270645 ], [ 135.120527333020959, 34.073106383632094 ], [ 135.120916724081781, 34.074640258677718 ], [ 135.121224736098071, 34.07477106997522 ], [ 135.121318358775682, 34.075105877440407 ], [ 135.121797286812409, 34.075218327100998 ], [ 135.12143161672509, 34.07575186194952 ], [ 135.121408886641092, 34.076083725993641 ], [ 135.121008077470151, 34.076372461600691 ], [ 135.120881527769882, 34.076872344354072 ], [ 135.121239937760862, 34.076918713217324 ], [ 135.121459240460183, 34.077148766906419 ], [ 135.121418580967145, 34.077765619950462 ], [ 135.121115845316183, 34.078457515127027 ], [ 135.121601659436607, 34.078691584995795 ], [ 135.121668441169504, 34.078872091564456 ], [ 135.121718739071781, 34.081409059644812 ], [ 135.122078717593581, 34.081567570045031 ], [ 135.122096555868069, 34.082905238650554 ], [ 135.125060433207778, 34.082300349810964 ], [ 135.129967115915235, 34.080727734294257 ] ] ] } },
{ "type": "Feature", "properties": { "CITY_NAME": "有田市", "S_NAME": "千田", "JINKO": 1364, "medical_area": "30_有田医療圏", "町丁目名": "有田市千田" }, "geometry": { "type": "Polygon", "coordinates": [ [ [ 135.148710256233187, 34.071841156820518 ], [ 135.149996600745737, 34.072061503988003 ], [ 135.150077366771086, 34.071364914436266 ], [ 135.151230079985652, 34.069394977088677 ], [ 135.152064434802583, 34.069326360506714 ], [ 135.152791776713883, 34.069677486223384 ], [ 135.154668214646364, 34.069512073608607 ], [ 135.155791504577792, 34.069726447982916 ], [ 135.157309028478323, 34.068993372151517 ], [ 135.157987985959295, 34.068034780336916 ], [ 135.158926503147796, 34.068052336636079 ], [ 135.159601319007862, 34.067801985270755 ], [ 135.16055572714447, 34.067109114114672 ], [ 135.159957394386993, 34.066840048897895 ], [ 135.160299152597759, 34.066427676614076 ], [ 135.160290381875853, 34.066115596799406 ], [ 135.160918915220549, 34.065836191637871 ], [ 135.161131678171245, 34.065037945436352 ], [ 135.161662223275016, 34.064326109890416 ], [ 135.16281878905113, 34.064034382653645 ], [ 135.163097402307187, 34.063474084121445 ], [ 135.163578000618998, 34.063002217700216 ], [ 135.162538258031788, 34.062810448958935 ], [ 135.161841036885988, 34.062909084850943 ], [ 135.160869687890397, 34.06254492504624 ], [ 135.159871600711995, 34.063072966203791 ], [ 135.159343225581694, 34.06284438710032 ], [ 135.157915092815102, 34.062613307742559 ], [ 135.157231132492228, 34.062226729987792 ], [ 135.155688819372273, 34.061742831398227 ], [ 135.154911612179234, 34.06115148704766 ], [ 135.153380986508665, 34.060661162472122 ], [ 135.153015857721385, 34.060205904166125 ], [ 135.15254247075859, 34.060016837980527 ], [ 135.152117578621926, 34.059963758955917 ], [ 135.151591409795287, 34.060188893817539 ], [ 135.14985509664487, 34.05958807499789 ], [ 135.149567440582246, 34.059105873188102 ], [ 135.148540601554345, 34.058376260684 ], [ 135.146503526613856, 34.058956302747454 ], [ 135.145501350209827, 34.058656619383228 ], [ 135.144567654913118, 34.058633642721865 ], [ 135.144080887205405, 34.058827606753596 ], [ 135.143581088130304, 34.059147552916322 ], [ 135.143197236983099, 34.059718342179764 ], [ 135.142571866664923, 34.060077977767129 ], [ 135.142393621923475, 34.060382553594394 ], [ 135.146663851582474, 34.064381327401833 ], [ 135.148157806294563, 34.064732308515012 ], [ 135.147745740267368, 34.065111903671408 ], [ 135.145640954549293, 34.065785416763426 ], [ 135.145008763613475, 34.065649309019108 ], [ 135.14456658828729, 34.0657896319711 ], [ 135.144674028819765, 34.066669667346744 ], [ 135.147182676869335, 34.06657343007803 ], [ 135.147488780960344, 34.068408366924764 ], [ 135.14376196285545, 34.068820394876482 ], [ 135.143505215115141, 34.067168641088095 ], [ 135.143707020891725, 34.066786187437742 ], [ 135.14345550149946, 34.06665061104993 ], [ 135.143286510436553, 34.066934263741189 ], [ 135.143033429726898, 34.066953769129853 ], [ 135.142167304207874, 34.066566117502553 ], [ 135.14108423911361, 34.066676594821743 ], [ 135.141164540208848, 34.068690975036617 ], [ 135.142067767512742, 34.074036129156944 ], [ 135.144571991856367, 34.073762281722267 ], [ 135.144350078178576, 34.072330800331727 ], [ 135.148710256233187, 34.071841156820518 ] ] ] } },
{ "type": "Feature", "properties": { "CITY_NAME": "有田市", "S_NAME": "千田", "JINKO": 750, "medical_area": "30_有田医療圏", "町丁目名": "有田市千田" }, "geometry": { "type": "Polygon", "coordinates": [ [ [ 135.141159920425707, 34.068461049633846 ], [ 135.14108423911361, 34.066676594821743 ], [ 135.142067697997447, 34.066565421866237 ], [ 135.143033429726898, 34.066953769129853 ], [ 135.143286510436553, 34.066934263741189 ], [ 135.14345550149946, 34.06665061104993 ], [ 135.143707020891725, 34.066786187437742 ], [ 135.143505215115141, 34.067168641088095 ], [ 135.14376196285545, 34.068820394876482 ], [ 135.147488780960344, 34.068408366924764 ], [ 135.147182676869335, 34.06657343007803 ], [ 135.144674028819765, 34.066669667346758 ], [ 135.14456658828729, 34.0657896319711 ], [ 135.145008763613475, 34.065649309019108 ], [ 135.145640954549293, 34.065785416763454 ], [ 135.147745740267368, 34.065111903671429 ], [ 135.148157806294563, 34.064732308515012 ], [ 135.146663851582474, 34.064381327401833 ], [ 135.141839659643949, 34.059852835165195 ], [ 135.140866516394993, 34.059561487140797 ], [ 135.139455525196183, 34.05865035600867 ], [ 135.139141697660165, 34.057122019967743 ], [ 135.13804905919767, 34.058039426287962 ], [ 135.137955616993139, 34.059679573495615 ], [ 135.138084975492859, 34.060761624149251 ], [ 135.137756910721151, 34.061585499154653 ], [ 135.137825126774459, 34.062086332895092 ], [ 135.13734120175593, 34.063407637708892 ], [ 135.137446637225651, 34.06380669001819 ], [ 135.137983429542317, 34.06365481446236 ], [ 135.13903879777763, 34.06402995833372 ], [ 135.138662797018696, 34.065614415686881 ], [ 135.13871985435722, 34.06611474882056 ], [ 135.138604348788249, 34.066271989727291 ], [ 135.136882945016595, 34.065574969123197 ], [ 135.136841161961996, 34.06513274048195 ], [ 135.136983143426477, 34.06486693349467 ], [ 135.13658371176416, 34.064654455078077 ], [ 135.136982970857076, 34.063935244658026 ], [ 135.136274464928789, 34.063914021226807 ], [ 135.136185100624971, 34.064072007630777 ], [ 135.135994046004043, 34.064001218028643 ], [ 135.136123768154022, 34.064244700213024 ], [ 135.135933900090663, 34.064482273042735 ], [ 135.135660111770989, 34.064457808676096 ], [ 135.136016369776485, 34.064578360442241 ], [ 135.135636451567137, 34.064545964917244 ], [ 135.135508275018964, 34.064792141212166 ], [ 135.135138420095984, 34.064943644960294 ], [ 135.134540834458619, 34.064910560161138 ], [ 135.134683501007373, 34.064304856673992 ], [ 135.134470672538612, 34.064885837165235 ], [ 135.134160017188151, 34.064858293018382 ], [ 135.134102447035133, 34.064985088280743 ], [ 135.132832921581041, 34.065189829453686 ], [ 135.131892585059006, 34.065189388215444 ], [ 135.13168594666061, 34.065061713186729 ], [ 135.131905069465006, 34.06703607586703 ], [ 135.133863866468175, 34.067547578433263 ], [ 135.134499192712269, 34.067957467376061 ], [ 135.135599024559411, 34.06802324892071 ], [ 135.135868235873005, 34.068291237595545 ], [ 135.136401972681512, 34.068421630255536 ], [ 135.136386962274287, 34.069667479544187 ], [ 135.137136097393096, 34.069865731061697 ], [ 135.137219738900512, 34.070247503719109 ], [ 135.138038783220964, 34.070463147016333 ], [ 135.138056862158294, 34.070650204436845 ], [ 135.138578812011957, 34.0709934968922 ], [ 135.138533185173543, 34.071553968260872 ], [ 135.138668525899476, 34.071628731771611 ], [ 135.13699766898975, 34.073164568547888 ], [ 135.14182951404004, 34.072601005287112 ], [ 135.141159920425707, 34.068461049633846 ] ] ] } },
{ "type": "Feature", "properties": { "CITY_NAME": "有田市", "S_NAME": "千田", "JINKO": 103, "medical_area": "30_有田医療圏", "町丁目名": "有田市千田" }, "geometry": { "type": "Polygon", "coordinates": [ [ [ 135.138662797018696, 34.065614415686881 ], [ 135.13903879777763, 34.06402995833372 ], [ 135.137983429542317, 34.06365481446236 ], [ 135.137446637225651, 34.06380669001819 ], [ 135.13734120175593, 34.063407637708892 ], [ 135.137825126774459, 34.062086332895092 ], [ 135.137756910721151, 34.061585499154653 ], [ 135.138084975492859, 34.060761624149251 ], [ 135.137955616993139, 34.059679573495615 ], [ 135.13804905919767, 34.058039426287962 ], [ 135.139141697660165, 34.057122019967743 ], [ 135.139000199872783, 34.056921844185389 ], [ 135.138915520796331, 34.057052820069728 ], [ 135.13870939482959, 34.056975730379605 ], [ 135.138801320336114, 34.057098927662352 ], [ 135.138341315325334, 34.057382365787291 ], [ 135.138362124579686, 34.057575497068704 ], [ 135.137780620030099, 34.057664249469134 ], [ 135.1379067523267, 34.057835581673025 ], [ 135.137522071718507, 34.059554823767982 ], [ 135.137699739804106, 34.059659747580596 ], [ 135.137800226970285, 34.060542130227454 ], [ 135.137015456202988, 34.062731871361343 ], [ 135.136772170000228, 34.063005132224781 ], [ 135.136387463143052, 34.062811274198317 ], [ 135.135047614983733, 34.06354378909802 ], [ 135.136111100215089, 34.063032885759597 ], [ 135.136722590407004, 34.063304123423485 ], [ 135.136412922037096, 34.063897245434724 ], [ 135.136982970857076, 34.063935244658033 ], [ 135.13658371176416, 34.064654455078077 ], [ 135.136983143426477, 34.06486693349467 ], [ 135.136841161961996, 34.06513274048195 ], [ 135.136882945016595, 34.065574969123197 ], [ 135.138604348788249, 34.066271989727291 ], [ 135.13871985435722, 34.06611474882056 ], [ 135.138662797018696, 34.065614415686881 ] ] ] } },
{ "type": "Feature", "properties": { "CITY_NAME": "有田市", "S_NAME": "辻堂", "JINKO": 2149, "medical_area": "30_有田医療圏", "町丁目名": "有田市辻堂" }, "geometry": { "type": "Polygon", "coordinates": [ [ [ 135.155587494039111, 34.079397933095528 ], [ 135.154723343828351, 34.073708167045304 ], [ 135.154492491234635, 34.073601210145242 ], [ 135.151954935185813, 34.072542151155389 ], [ 135.148902099950078, 34.071819102155629 ], [ 135.144350078178576, 34.072330800331727 ], [ 135.144571991856367, 34.073762281722267 ], [ 135.142067767512742, 34.074036129156944 ], [ 135.14182951404004, 34.072601005287083 ], [ 135.139386664425558, 34.072901427150953 ], [ 135.140325483593301, 34.078770170856622 ], [ 135.139715659595367, 34.078849154485141 ], [ 135.140168560302442, 34.081899686890907 ], [ 135.14414646915364, 34.080939696228768 ], [ 135.150900628685605, 34.080489306434657 ], [ 135.155587494039111, 34.079397933095528 ] ] ] } },
{ "type": "Feature", "properties": { "CITY_NAME": "有田市", "S_NAME": "星尾", "JINKO": 452, "medical_area": "30_有田医療圏", "町丁目名": "有田市星尾" }, "geometry": { "type": "Polygon", "coordinates": [ [ [ 135.165878145828259, 34.073110545203292 ], [ 135.164903993815443, 34.072422831176503 ], [ 135.164298575347402, 34.07259394802805 ], [ 135.16360486627309, 34.072344114613877 ], [ 135.163860869973547, 34.071796056985796 ], [ 135.163806210787016, 34.071415344899222 ], [ 135.164265669986605, 34.07087698393196 ], [ 135.164424726762604, 34.069900735709361 ], [ 135.164334210769653, 34.069258048650525 ], [ 135.16386931235138, 34.06919670359995 ], [ 135.163042457713601, 34.06858097283515 ], [ 135.162598543572585, 34.067548349535912 ], [ 135.162557379745294, 34.066665397910349 ], [ 135.162092766278818, 34.066765903842338 ], [ 135.161175414907916, 34.066628770669581 ], [ 135.160887189769738, 34.066401695435033 ], [ 135.160918915220549, 34.065836191637871 ], [ 135.160754362264015, 34.065821683330007 ], [ 135.160290381875853, 34.066115596799406 ], [ 135.160299152597759, 34.066427676614076 ], [ 135.159947970403294, 34.066894500345178 ], [ 135.16055572714447, 34.067109114114672 ], [ 135.159601319007862, 34.067801985270755 ], [ 135.158926503147796, 34.068052336636079 ], [ 135.157987985959295, 34.068034780336916 ], [ 135.157309028478323, 34.068993372151517 ], [ 135.155905454246323, 34.069689478640313 ], [ 135.154668214646364, 34.069512073608607 ], [ 135.152791776713883, 34.069677486223384 ], [ 135.152064434802583, 34.069326360506714 ], [ 135.151230079985652, 34.069394977088677 ], [ 135.149962899416323, 34.071741222136104 ], [ 135.149996600745737, 34.072061503988003 ], [ 135.151954935185813, 34.072542151155389 ], [ 135.154723343828351, 34.073708167045304 ], [ 135.155587494039111, 34.079397933095528 ], [ 135.162552060661426, 34.077207678768907 ], [ 135.166842994869967, 34.076246018984349 ], [ 135.166790928233411, 34.073696831847222 ], [ 135.16594289295179, 34.073473574577271 ], [ 135.165878145828259, 34.073110545203292 ] ] ] } },
{ "type": "Feature", "properties": { "CITY_NAME": "有田市", "S_NAME": "山田原", "JINKO": 375, "medical_area": "30_有田医療圏", "町丁目名": "有田市山田原" }, "geometry": { "type": "Polygon", "coordinates": [ [ [ 135.14582626565894, 34.095195517105822 ], [ 135.146949980740345, 34.094917632074988 ], [ 135.148964224426066, 34.095504661704815 ], [ 135.151361564460018, 34.094458706921024 ], [ 135.151610849183214, 34.093767235427585 ], [ 135.152068124293322, 34.093408514361535 ], [ 135.151660721231735, 34.093282865226826 ], [ 135.151810753781433, 34.092627755516531 ], [ 135.151661357335712, 34.091776182132755 ], [ 135.151778442688283, 34.091487373690448 ], [ 135.151463456152442, 34.090949911129798 ], [ 135.151670832126683, 34.090359431942311 ], [ 135.151206068137299, 34.089451163363108 ], [ 135.151089383881271, 34.088308789480863 ], [ 135.15005591964362, 34.087307979467781 ], [ 135.147285709185297, 34.085659382145607 ], [ 135.146897162317117, 34.083743168754751 ], [ 135.146529038073623, 34.082737369299942 ], [ 135.146596070281419, 34.082316645824839 ], [ 135.145925920931461, 34.080814589306023 ], [ 135.14414646915364, 34.080939696228768 ], [ 135.140168560302442, 34.081899686890907 ], [ 135.138526615082469, 34.082059765243791 ], [ 135.138985355262975, 34.085609009354492 ], [ 135.138696332189625, 34.085761233981074 ], [ 135.138728392537018, 34.086047558159613 ], [ 135.138490400055559, 34.086326496962378 ], [ 135.138921443972862, 34.086745352620817 ], [ 135.139199154221785, 34.086389637870447 ], [ 135.139439611209696, 34.086527679328306 ], [ 135.139637364100736, 34.087565268310051 ], [ 135.140212064956955, 34.08812824000546 ], [ 135.140409364747342, 34.088818167640298 ], [ 135.140886564659098, 34.089296357559164 ], [ 135.141132223150095, 34.090077479107698 ], [ 135.141315263266023, 34.091904225973039 ], [ 135.141594971042139, 34.091611206556074 ], [ 135.141851730882536, 34.092023196243851 ], [ 135.141782577990341, 34.092248379489817 ], [ 135.142029146869078, 34.092630293870165 ], [ 135.141887924265404, 34.092782428666752 ], [ 135.142415533759646, 34.094527618570822 ], [ 135.142937390867274, 34.094384331991719 ], [ 135.143793263592613, 34.094877259136936 ], [ 135.144625588851426, 34.094909387818348 ], [ 135.145102001698035, 34.095143015574031 ], [ 135.145392276356404, 34.095592428857238 ], [ 135.14582626565894, 34.095195517105822 ] ] ] } },
{ "type": "Feature", "properties": { "CITY_NAME": "有田市", "S_NAME": "下中島", "JINKO": 406, "medical_area": "30_有田医療圏", "町丁目名": "有田市下中島" }, "geometry": { "type": "Polygon", "coordinates": [ [ [ 135.161139187217032, 34.094654106515186 ], [ 135.160691504277395, 34.093871924255232 ], [ 135.160847841382292, 34.093583656218726 ], [ 135.161284547692674, 34.093487048039506 ], [ 135.161960247684419, 34.091784237607705 ], [ 135.163195788491521, 34.091800128458019 ], [ 135.163199839678327, 34.091259234759143 ], [ 135.163425668426441, 34.090755772503336 ], [ 135.163204696676587, 34.090378299077635 ], [ 135.164371501067279, 34.090115783051587 ], [ 135.16453606578682, 34.089953076159375 ], [ 135.164595241014894, 34.089461859935241 ], [ 135.164478356663068, 34.088915917295672 ], [ 135.163401055277006, 34.087275676349854 ], [ 135.163165092275904, 34.08664158473114 ], [ 135.163237623926364, 34.086239060994764 ], [ 135.162905081111177, 34.085750947572485 ], [ 135.161751768507401, 34.084598966095584 ], [ 135.161064635215041, 34.084376635783322 ], [ 135.160826527292159, 34.083474028674296 ], [ 135.160238971414884, 34.08359284766275 ], [ 135.15960112557741, 34.081254330790145 ], [ 135.159920191484986, 34.081174811474909 ], [ 135.159100493652289, 34.078260311552668 ], [ 135.156904258972759, 34.079047770569133 ], [ 135.152023504768124, 34.08030013487658 ], [ 135.145925920931461, 34.080814589306023 ], [ 135.146596070281419, 34.082316645824839 ], [ 135.146529038073623, 34.082737369299942 ], [ 135.146897162317117, 34.083743168754751 ], [ 135.147285709185297, 34.085659382145607 ], [ 135.15005591964362, 34.087307979467781 ], [ 135.151089383881271, 34.088308789480863 ], [ 135.151206068137299, 34.089451163363108 ], [ 135.151670832126683, 34.090359431942311 ], [ 135.151463456152442, 34.090949911129798 ], [ 135.151778442688283, 34.091487373690448 ], [ 135.151661357335712, 34.091776182132755 ], [ 135.151810753781433, 34.092627755516531 ], [ 135.151660721231735, 34.093282865226826 ], [ 135.152746285479395, 34.093405591465604 ], [ 135.15492523451087, 34.094586268016798 ], [ 135.158340314916785, 34.094176717116362 ], [ 135.159329245804173, 34.094399440682928 ], [ 135.159841630039864, 34.094766943529471 ], [ 135.161070363661139, 34.094910856106033 ], [ 135.161139187217032, 34.094654106515186 ] ] ] } },
{ "type": "Feature", "properties": { "CITY_NAME": "有田市", "S_NAME": "宮原町新町", "JINKO": 949, "medical_area": "30_有田医療圏", "町丁目名": "有田市宮原町新町" }, "geometry": { "type": "Polygon", "coordinates": [ [ [ 135.176493861490002, 34.080109143106171 ], [ 135.177769500745001, 34.08042688713472 ], [ 135.179332069552771, 34.076767806640667 ], [ 135.183705037549856, 34.074890640705924 ], [ 135.181567811894382, 34.074501427690805 ], [ 135.179689442935171, 34.071447895635323 ], [ 135.17574326687361, 34.074145926541377 ], [ 135.174640808114475, 34.074712967294523 ], [ 135.173556552461577, 34.075077275191681 ], [ 135.170337085773895, 34.075588030851158 ], [ 135.170729404099291, 34.077856227428377 ], [ 135.170965008718326, 34.077826404792972 ], [ 135.171932243641521, 34.081350637918483 ], [ 135.175565937515643, 34.080625247916863 ], [ 135.176493861490002, 34.080109143106171 ] ] ] } },
{ "type": "Feature", "properties": { "CITY_NAME": "有田市", "S_NAME": "宮原町須谷", "JINKO": 424, "medical_area": "30_有田医療圏", "町丁目名": "有田市宮原町須谷" }, "geometry": { "type": "Polygon", "coordinates": [ [ [ 135.191858000618282, 34.07900197734844 ], [ 135.192772715965788, 34.077354111730692 ], [ 135.193322841128492, 34.077182074551175 ], [ 135.193332086102942, 34.077063808930859 ], [ 135.192535195142085, 34.076479185501512 ], [ 135.192173756863667, 34.075443983367258 ], [ 135.191916052285023, 34.072957992951373 ], [ 135.192211805877747, 34.072946840898453 ], [ 135.19137238162142, 34.071389963134436 ], [ 135.191624005414496, 34.071292453383904 ], [ 135.190774307823887, 34.068761559320365 ], [ 135.18707108379985, 34.068439271541031 ], [ 135.184793458238431, 34.068677285367492 ], [ 135.182919644330326, 34.069335200850858 ], [ 135.179689442935171, 34.071447895635323 ], [ 135.181567811894382, 34.074501427690805 ], [ 135.183705037549856, 34.074890640705924 ], [ 135.180764190923867, 34.076176865192458 ], [ 135.180768745354982, 34.076319450729216 ], [ 135.181208014911761, 34.076235185392768 ], [ 135.182109439407384, 34.076565746222663 ], [ 135.183020160370859, 34.07666886563694 ], [ 135.18335818060325, 34.076550675377568 ], [ 135.184100799890302, 34.07661829805788 ], [ 135.185286146931503, 34.077665049527539 ], [ 135.185866723051504, 34.077833718502198 ], [ 135.186290761906633, 34.07875975856971 ], [ 135.186809241058569, 34.079396525128757 ], [ 135.186869067808999, 34.080366208818695 ], [ 135.188668044959769, 34.081099500651476 ], [ 135.189560251594543, 34.081970877796877 ], [ 135.190177658513846, 34.082249506340958 ], [ 135.19032115085119, 34.081980840653912 ], [ 135.191009263964617, 34.0816505512867 ], [ 135.19151657110848, 34.080132278768545 ], [ 135.191810569540849, 34.079826710301006 ], [ 135.191858000618282, 34.07900197734844 ] ] ] } },
{ "type": "Feature", "properties": { "CITY_NAME": "有田市", "S_NAME": "宮原町東", "JINKO": 658, "medical_area": "30_有田医療圏", "町丁目名": "有田市宮原町東" }, "geometry": { "type": "Polygon", "coordinates": [ [ [ 135.187589540894407, 34.088620163840503 ], [ 135.187969814131918, 34.088655649237459 ], [ 135.188322880699189, 34.088002680976786 ], [ 135.189055702067606, 34.087899915834797 ], [ 135.189239124276838, 34.087538401231107 ], [ 135.18884497645584, 34.086641289838894 ], [ 135.189584755257783, 34.084834251244146 ], [ 135.189636740486691, 34.084192112543668 ], [ 135.19024268485731, 34.083005393068255 ], [ 135.190177658513846, 34.082249506340958 ], [ 135.189396189427555, 34.081847521821487 ], [ 135.188668044959769, 34.081099500651476 ], [ 135.186869067808999, 34.080366208818695 ], [ 135.186809241058569, 34.079396525128757 ], [ 135.186290761906633, 34.07875975856971 ], [ 135.185866723051504, 34.077833718502198 ], [ 135.185286146931503, 34.077665049527532 ], [ 135.184100799890302, 34.076618298057873 ], [ 135.182168483522304, 34.076578395326266 ], [ 135.181208014911761, 34.076235185392754 ], [ 135.180768745354982, 34.076319450729187 ], [ 135.180764190923867, 34.076176865192458 ], [ 135.179332069552771, 34.076767806640667 ], [ 135.176653798047965, 34.083020913493861 ], [ 135.177235495803643, 34.083041853552267 ], [ 135.177531153437741, 34.084228507807943 ], [ 135.177956942201689, 34.084423495472755 ], [ 135.178723186656612, 34.084208444367754 ], [ 135.179263097497625, 34.085826077631651 ], [ 135.179865313224241, 34.086162677154661 ], [ 135.181718949521752, 34.086575923572916 ], [ 135.18219319351806, 34.087077884627121 ], [ 135.183729124210601, 34.087060056546683 ], [ 135.184477569652302, 34.08732548379097 ], [ 135.184794735644658, 34.087665105298512 ], [ 135.185712603832513, 34.088031832613012 ], [ 135.185873720144428, 34.08839239556108 ], [ 135.186021305132101, 34.088327311023548 ], [ 135.186690418455782, 34.08890282970146 ], [ 135.187439830084827, 34.088907805375577 ], [ 135.187589540894407, 34.088620163840503 ] ] ] } },
{ "type": "Feature", "properties": { "CITY_NAME": "有田市", "S_NAME": "宮原町道", "JINKO": 1056, "medical_area": "30_有田医療圏", "町丁目名": "有田市宮原町道" }, "geometry": { "type": "Polygon", "coordinates": [ [ [ 135.171321417645828, 34.097915454573375 ], [ 135.172907646226776, 34.097915440126286 ], [ 135.174466649106762, 34.095658786968244 ], [ 135.174229336879051, 34.095014549353003 ], [ 135.174641274519303, 34.094259743547376 ], [ 135.174873579946251, 34.094130017439859 ], [ 135.174842942522275, 34.093675239377433 ], [ 135.176845219512217, 34.093867850453989 ], [ 135.176875420083007, 34.09319696921078 ], [ 135.177111476244647, 34.092862726608217 ], [ 135.176671033097477, 34.091641853293844 ], [ 135.176284152607423, 34.091167783544535 ], [ 135.177314313858375, 34.091271598445658 ], [ 135.177770276285145, 34.091527503996886 ], [ 135.178897148080864, 34.09143643120759 ], [ 135.179869416594727, 34.091784945251234 ], [ 135.180283269816499, 34.091702904245707 ], [ 135.180690698202397, 34.092182030603666 ], [ 135.180987913923246, 34.091614066706001 ], [ 135.180591413919984, 34.091037817163013 ], [ 135.180603209756924, 34.090525565735483 ], [ 135.181825521047529, 34.091159857899655 ], [ 135.182643322500951, 34.091144450586029 ], [ 135.182917124064318, 34.090879188276794 ], [ 135.182874091672318, 34.090573644705024 ], [ 135.183036399489225, 34.090299047890774 ], [ 135.183558718523642, 34.090126293987275 ], [ 135.183538482337013, 34.089641720184787 ], [ 135.183747473777856, 34.089997809350358 ], [ 135.183989895656055, 34.08891770420643 ], [ 135.184940071410864, 34.088584946950661 ], [ 135.185185082706653, 34.08824751122399 ], [ 135.184585561718535, 34.087840363348192 ], [ 135.184608360616494, 34.087670065810215 ], [ 135.184794735644658, 34.087665105298512 ], [ 135.184477569652302, 34.087325483790941 ], [ 135.183729124210601, 34.087060056546683 ], [ 135.18219319351806, 34.087077884627121 ], [ 135.181718949521752, 34.086575923572916 ], [ 135.179865313224241, 34.086162677154661 ], [ 135.179263097497625, 34.085826077631651 ], [ 135.178723186656612, 34.084208444367725 ], [ 135.177956942201689, 34.084423495472755 ], [ 135.177531153437741, 34.084228507807921 ], [ 135.177235495803643, 34.083041853552253 ], [ 135.176653798047965, 34.083020913493861 ], [ 135.177769500745001, 34.08042688713472 ], [ 135.176580052653406, 34.080063376223158 ], [ 135.175565937515643, 34.080625247916863 ], [ 135.167744788347164, 34.082156820447302 ], [ 135.168299624195413, 34.083988317331325 ], [ 135.169148645383814, 34.084495124247205 ], [ 135.169187488137396, 34.085883198973015 ], [ 135.16960434971881, 34.086383556938948 ], [ 135.169474659378437, 34.086773723160441 ], [ 135.168149148009604, 34.088512042514708 ], [ 135.167993936513056, 34.089069661825697 ], [ 135.167002314954544, 34.090265786205137 ], [ 135.166465238767955, 34.091328771720256 ], [ 135.166988907576183, 34.092067217321294 ], [ 135.166576606697589, 34.093242755678332 ], [ 135.166552071422075, 34.094087778607026 ], [ 135.167717451977552, 34.094848886212901 ], [ 135.168385244159595, 34.094869328472647 ], [ 135.168755090352363, 34.09554856269655 ], [ 135.170183407884025, 34.096315109387611 ], [ 135.170184183800927, 34.096893662757672 ], [ 135.170940316298669, 34.097406177976772 ], [ 135.171321417645828, 34.097915454573375 ] ] ] } },
{ "type": "Feature", "properties": { "CITY_NAME": "有田市", "S_NAME": "宮原町畑", "JINKO": 0, "medical_area": "30_有田医療圏", "町丁目名": "有田市宮原町畑" }, "geometry": { "type": "Polygon", "coordinates": [ [ [ 135.181185375768791, 34.10120790583516 ], [ 135.18156529971219, 34.100829670032411 ], [ 135.181713162092393, 34.100378890516673 ], [ 135.182043307470508, 34.10013104701288 ], [ 135.182694595514903, 34.100173979365422 ], [ 135.184418993511883, 34.09975804410454 ], [ 135.186093725789988, 34.098460923366332 ], [ 135.187032313207624, 34.098304869929336 ], [ 135.187463501507324, 34.098059236817903 ], [ 135.187557781435345, 34.097771222895012 ], [ 135.187257529374506, 34.096676941417606 ], [ 135.187540360540282, 34.095813181685209 ], [ 135.187320899448508, 34.095336719378061 ], [ 135.187388289376599, 34.094867795149248 ], [ 135.186702531886908, 34.094202865283755 ], [ 135.187207797652462, 34.093813059970046 ], [ 135.187476997045621, 34.092850052801609 ], [ 135.188065109786322, 34.091939307994501 ], [ 135.188070334799988, 34.091037376769783 ], [ 135.187869358830483, 34.090655846525159 ], [ 135.189072584156833, 34.089681137922504 ], [ 135.189256171899018, 34.088902941945072 ], [ 135.188999183116692, 34.088278612019238 ], [ 135.189055702067606, 34.087899915834797 ], [ 135.188322880699189, 34.088002680976786 ], [ 135.187969814131918, 34.088655649237459 ], [ 135.187589540894407, 34.088620163840503 ], [ 135.187439830084827, 34.088907805375577 ], [ 135.186851758592411, 34.088930806774279 ], [ 135.186021305132101, 34.088327311023548 ], [ 135.185873720144428, 34.08839239556108 ], [ 135.185817455976235, 34.088132826964603 ], [ 135.185513987787658, 34.087900914108161 ], [ 135.184608360616494, 34.087670065810229 ], [ 135.184585561718535, 34.087840363348192 ], [ 135.185179915820839, 34.088159576050714 ], [ 135.185129057874775, 34.088360535991846 ], [ 135.18485982675827, 34.088628221715638 ], [ 135.183989895656055, 34.08891770420643 ], [ 135.183747473777856, 34.0899978093504 ], [ 135.183538482337013, 34.089641720184787 ], [ 135.183558718523642, 34.090126293987304 ], [ 135.183036399489225, 34.090299047890774 ], [ 135.182753975021598, 34.09107376708905 ], [ 135.181825521047529, 34.091159857899655 ], [ 135.180603209756924, 34.090525565735483 ], [ 135.180591413919984, 34.091037817163013 ], [ 135.180987913923246, 34.091614066706001 ], [ 135.180690698202397, 34.092182030603666 ], [ 135.180283269816499, 34.091702904245707 ], [ 135.179869416594727, 34.091784945251234 ], [ 135.178897148080864, 34.09143643120759 ], [ 135.177770276285145, 34.091527503996886 ], [ 135.177314313858375, 34.091271598445658 ], [ 135.176284152607423, 34.091167783544535 ], [ 135.176671033097477, 34.091641853293844 ], [ 135.177111476244647, 34.092862726608217 ], [ 135.176875420083007, 34.09319696921078 ], [ 135.176845219512217, 34.093867850453989 ], [ 135.174842942522275, 34.093675239377433 ], [ 135.174873579946251, 34.094130017439859 ], [ 135.174641274519303, 34.094259743547376 ], [ 135.174229336879051, 34.095014549353003 ], [ 135.174466649106762, 34.095658786968244 ], [ 135.172907646226776, 34.097915440126286 ], [ 135.173317252945139, 34.098359960925315 ], [ 135.17488397196766, 34.098905512126343 ], [ 135.17549235126765, 34.099833834962809 ], [ 135.176465919912204, 34.099846985696637 ], [ 135.177984265025458, 34.100278069110836 ], [ 135.178728351140762, 34.101160797230655 ], [ 135.179706171569507, 34.101208744519987 ], [ 135.180368575807194, 34.101635629766378 ], [ 135.180966413098389, 34.10178738759263 ], [ 135.181185375768791, 34.10120790583516 ] ] ] } },
{ "type": "Feature", "properties": { "CITY_NAME": "有田市", "S_NAME": "宮原町畑", "JINKO": 18, "medical_area": "30_有田医療圏", "町丁目名": "有田市宮原町畑" }, "geometry": { "type": "Polygon", "coordinates": [ [ [ 135.161139187217032, 34.094654106515186 ], [ 135.161479343845855, 34.094321171262401 ], [ 135.1640547360916, 34.094368592384711 ], [ 135.166552071422075, 34.094087778607026 ], [ 135.166576606697589, 34.093242755678325 ], [ 135.166988907576183, 34.092067217321294 ], [ 135.166465238767955, 34.091328771720242 ], [ 135.167002314954544, 34.090265786205137 ], [ 135.167993936513056, 34.089069661825697 ], [ 135.168149148009604, 34.088512042514708 ], [ 135.169582198815533, 34.086502016316118 ], [ 135.169187488137396, 34.085883198973015 ], [ 135.169148645383814, 34.084495124247198 ], [ 135.168969917803395, 34.084315860283169 ], [ 135.168490534613767, 34.08399496246642 ], [ 135.168193753597706, 34.084037325454894 ], [ 135.168176060903733, 34.085067359016264 ], [ 135.167793674351486, 34.086045759467552 ], [ 135.167247587887971, 34.08592288573508 ], [ 135.166206061123347, 34.085994562626105 ], [ 135.165822129813279, 34.086549362994866 ], [ 135.165535635810755, 34.086560234996981 ], [ 135.16528421393204, 34.086120151245723 ], [ 135.164962435458733, 34.086370818416498 ], [ 135.163165092275904, 34.08664158473114 ], [ 135.163741359338843, 34.08788822124145 ], [ 135.164478356663068, 34.088915917295672 ], [ 135.16453606578682, 34.089953076159375 ], [ 135.164221533408266, 34.090171248854112 ], [ 135.163204696676587, 34.090378299077635 ], [ 135.163425668426441, 34.090755772503336 ], [ 135.163199839678327, 34.091259234759143 ], [ 135.163195788491521, 34.091800128458019 ], [ 135.161960247684419, 34.091784237607705 ], [ 135.161284547692674, 34.093487048039506 ], [ 135.160847841382292, 34.093583656218726 ], [ 135.160691504277395, 34.093871924255232 ], [ 135.161139187217032, 34.094654106515186 ] ] ] } },
{ "type": "Feature", "properties": { "CITY_NAME": "有田市", "S_NAME": "宮原町滝", "JINKO": 234, "medical_area": "30_有田医療圏", "町丁目名": "有田市宮原町滝" }, "geometry": { "type": "Polygon", "coordinates": [ [ [ 135.165156100877653, 34.086140551217376 ], [ 135.165688979377336, 34.086565502780523 ], [ 135.166007660503226, 34.086405953033989 ], [ 135.166206061123347, 34.085994562626105 ], [ 135.167247587887971, 34.08592288573508 ], [ 135.167793674351486, 34.086045759467552 ], [ 135.168176060903733, 34.085067359016264 ], [ 135.168171654705077, 34.084115638165301 ], [ 135.168299624195413, 34.083988317331304 ], [ 135.167744788347164, 34.082156820447302 ], [ 135.160826527292159, 34.083474028674296 ], [ 135.161017703618313, 34.084319968692533 ], [ 135.161751768507401, 34.084598966095584 ], [ 135.162905081111177, 34.085750947572485 ], [ 135.163237623926364, 34.086239060994764 ], [ 135.163165092275904, 34.08664158473114 ], [ 135.164962435458733, 34.086370818416498 ], [ 135.165156100877653, 34.086140551217376 ] ] ] } },
{ "type": "Feature", "properties": { "CITY_NAME": "有田市", "S_NAME": "宮原町滝川原", "JINKO": 1134, "medical_area": "30_有田医療圏", "町丁目名": "有田市宮原町滝川原" }, "geometry": { "type": "Polygon", "coordinates": [ [ [ 135.171932243641521, 34.081350637918483 ], [ 135.170965008718326, 34.077826404792972 ], [ 135.170729404099291, 34.077856227428377 ], [ 135.170337085773895, 34.075588030851158 ], [ 135.162552060661426, 34.077207678768907 ], [ 135.159100493652289, 34.078260311552668 ], [ 135.159920191484986, 34.081174811474909 ], [ 135.15960112557741, 34.081254330790145 ], [ 135.160238971414884, 34.08359284766275 ], [ 135.171932243641521, 34.081350637918483 ] ] ] } },
{ "type": "Feature", "properties": { "CITY_NAME": "有田市", "S_NAME": "糸我町中番", "JINKO": 549, "medical_area": "30_有田医療圏", "町丁目名": "有田市糸我町中番" }, "geometry": { "type": "Polygon", "coordinates": [ [ [ 135.177579458233282, 34.072904684817829 ], [ 135.182919644330326, 34.069335200850858 ], [ 135.184793458238431, 34.068677285367492 ], [ 135.18707108379985, 34.068439271541031 ], [ 135.190774307823887, 34.068761559320365 ], [ 135.189923239413247, 34.066203032069623 ], [ 135.187659721784826, 34.065234951702067 ], [ 135.187710301301252, 34.064723239202067 ], [ 135.187235064625611, 34.063759100122667 ], [ 135.187484245014446, 34.063170524110895 ], [ 135.187319046172121, 34.062203228727959 ], [ 135.187051376787906, 34.061802660265712 ], [ 135.186280764371844, 34.061525814795218 ], [ 135.185313516240228, 34.061847743117781 ], [ 135.18434425489599, 34.061680145024027 ], [ 135.183725398539508, 34.061835066371458 ], [ 135.182875494067503, 34.061505133281422 ], [ 135.18300837792529, 34.060990594029526 ], [ 135.182907295490935, 34.060516896288249 ], [ 135.182331789469998, 34.060282041750845 ], [ 135.181475442388631, 34.059611023060071 ], [ 135.181541272297807, 34.058879527665646 ], [ 135.181234735399187, 34.057867055650149 ], [ 135.179982927576305, 34.056883761154779 ], [ 135.178449558119127, 34.056459631060569 ], [ 135.17758123344214, 34.05657382569116 ], [ 135.177286816664832, 34.05635548058136 ], [ 135.176553120753567, 34.056224901879553 ], [ 135.17592368556322, 34.056391964479566 ], [ 135.175009733656225, 34.055973644079309 ], [ 135.174290560119999, 34.055995847769381 ], [ 135.173555626132298, 34.055810586401577 ], [ 135.173045032357805, 34.055424268426457 ], [ 135.172794796691136, 34.055407507186146 ], [ 135.173161230462256, 34.056758771046582 ], [ 135.173796242373612, 34.056724455909432 ], [ 135.17370205209744, 34.057240234748129 ], [ 135.174163500515192, 34.058010358510174 ], [ 135.17520106323488, 34.058556013597304 ], [ 135.176727797853147, 34.05976659045546 ], [ 135.176397287096762, 34.061138231896656 ], [ 135.176685223037083, 34.061591216509441 ], [ 135.176200042127618, 34.062912949463531 ], [ 135.176189302928378, 34.063472117757676 ], [ 135.175775743914983, 34.063687400811425 ], [ 135.175032254972052, 34.063748750463169 ], [ 135.174851079533624, 34.064506803379267 ], [ 135.174877384743667, 34.064683063057387 ], [ 135.175061526060631, 34.064702473458652 ], [ 135.176152874445563, 34.070555060223022 ], [ 135.175892209222042, 34.070780384611126 ], [ 135.176182897464344, 34.070951375339007 ], [ 135.177579458233282, 34.072904684817829 ] ] ] } },
{ "type": "Feature", "properties": { "CITY_NAME": "有田市", "S_NAME": "糸我町西", "JINKO": 1055, "medical_area": "30_有田医療圏", "町丁目名": "有田市糸我町西" }, "geometry": { "type": "Polygon", "coordinates": [ [ [ 135.177579458233282, 34.072904684817829 ], [ 135.176182897464344, 34.070951375339007 ], [ 135.175892209222042, 34.070780384611126 ], [ 135.176152874445563, 34.070555060223022 ], [ 135.175061526060631, 34.064702473458652 ], [ 135.174847384235534, 34.064591157071092 ], [ 135.175032254972052, 34.063748750463169 ], [ 135.175775743914983, 34.063687400811425 ], [ 135.176189302928378, 34.063472117757676 ], [ 135.176200042127618, 34.062912949463531 ], [ 135.176685223037083, 34.061591216509441 ], [ 135.176397287096762, 34.061138231896656 ], [ 135.176727797853147, 34.05976659045546 ], [ 135.17520106323488, 34.058556013597304 ], [ 135.174163500515192, 34.058010358510174 ], [ 135.17370205209744, 34.057240234748129 ], [ 135.173796242373612, 34.056724455909432 ], [ 135.173161230462256, 34.056758771046582 ], [ 135.172794796691136, 34.055407507186146 ], [ 135.17210639713241, 34.055781930693961 ], [ 135.17217059127006, 34.056317232109556 ], [ 135.17085204897765, 34.057895185182645 ], [ 135.17063119930836, 34.058989347422717 ], [ 135.170076702717012, 34.05950497077054 ], [ 135.169350177766404, 34.060904065363758 ], [ 135.169380500538722, 34.061127260782364 ], [ 135.169079354740745, 34.061409066442685 ], [ 135.167691576748041, 34.061967492475233 ], [ 135.1671005745998, 34.06289714685235 ], [ 135.166192187583903, 34.063153130044547 ], [ 135.165017325453022, 34.063146971594392 ], [ 135.164321157678501, 34.063422697694556 ], [ 135.163588901229616, 34.063055539651018 ], [ 135.163097402307187, 34.063474084121445 ], [ 135.16281878905113, 34.064034382653645 ], [ 135.161662223275016, 34.064326109890416 ], [ 135.161131678171245, 34.065037945436352 ], [ 135.160887189769738, 34.066401695435033 ], [ 135.161328633452712, 34.066677149259569 ], [ 135.162557379745294, 34.066665397910349 ], [ 135.162598543572585, 34.067548349535912 ], [ 135.163042457713601, 34.06858097283515 ], [ 135.16386931235138, 34.06919670359995 ], [ 135.164334210769653, 34.069258048650525 ], [ 135.164424726762604, 34.069900735709361 ], [ 135.164265669986605, 34.07087698393196 ], [ 135.163806210787016, 34.071415344899222 ], [ 135.163860869973547, 34.071796056985796 ], [ 135.16362149651161, 34.072391559107082 ], [ 135.164298575347402, 34.07259394802805 ], [ 135.164593577817328, 34.072418324386142 ], [ 135.164963560463605, 34.072442112582806 ], [ 135.165163100966396, 34.072713651853064 ], [ 135.165878145828259, 34.073110545203292 ], [ 135.16594289295179, 34.073473574577271 ], [ 135.166790928233411, 34.073696831847244 ], [ 135.166842994869967, 34.076246018984349 ], [ 135.173955672063329, 34.07497853851946 ], [ 135.175244754794477, 34.07443994514437 ], [ 135.177579458233282, 34.072904684817829 ] ] ] } },
{ "type": "Feature", "properties": { "CITY_NAME": "有田市", "S_NAME": "初島町浜", "JINKO": 0, "medical_area": "30_有田医療圏", "町丁目名": "有田市初島町浜" }, "geometry": { "type": "Polygon", "coordinates": [ [ [ 135.102931804522342, 34.118096914492831 ], [ 135.10683455468029, 34.119284382329944 ], [ 135.106839619196847, 34.118802799860909 ], [ 135.106372435783612, 34.117528512698911 ], [ 135.106182571492894, 34.115661788111325 ], [ 135.106375073014078, 34.114935615663022 ], [ 135.106956552003822, 34.114124933861845 ], [ 135.107654961278996, 34.113330593664088 ], [ 135.109438131563877, 34.112492840767572 ], [ 135.110559911024922, 34.112449823240389 ], [ 135.11204889213397, 34.112817111155266 ], [ 135.113234003630623, 34.109463625921805 ], [ 135.112148185398524, 34.105911912008175 ], [ 135.10786708926878, 34.098274611371075 ], [ 135.107994009325296, 34.097950978346326 ], [ 135.109314019152208, 34.097424979018825 ], [ 135.110165516813339, 34.097559192636076 ], [ 135.110674325085938, 34.098435538110664 ], [ 135.111186772476515, 34.098243724018502 ], [ 135.11109164021201, 34.098013988146732 ], [ 135.111221539623273, 34.098238481154574 ], [ 135.111528490603746, 34.098104624602286 ], [ 135.110985672176383, 34.097160422469692 ], [ 135.110747184241944, 34.097273079743005 ], [ 135.11098035868028, 34.097150382029049 ], [ 135.110921712980712, 34.096961621115248 ], [ 135.11047446890052, 34.096723984277325 ], [ 135.109919645391329, 34.096929011363478 ], [ 135.110043296640896, 34.097329401633189 ], [ 135.109472458034759, 34.097203559240505 ], [ 135.109991548472777, 34.097201824719477 ], [ 135.109814052379761, 34.096866124231731 ], [ 135.107860794715151, 34.097631796576295 ], [ 135.102773575896123, 34.095915237647205 ], [ 135.10230491678243, 34.094428783938966 ], [ 135.102497679258505, 34.094237204102988 ], [ 135.102282169041473, 34.093399872210064 ], [ 135.101885979283878, 34.093053547321951 ], [ 135.101145630608301, 34.090714972334361 ], [ 135.098886286574071, 34.091227528502195 ], [ 135.099410773773343, 34.092863163724218 ], [ 135.098711998203527, 34.093973279285997 ], [ 135.099226080584515, 34.095569252004573 ], [ 135.099103297009208, 34.095595398460013 ], [ 135.098607929658954, 34.093975193378249 ], [ 135.098136508194472, 34.093770720009886 ], [ 135.09718460563721, 34.093816981250598 ], [ 135.096863504931946, 34.093647837005385 ], [ 135.096957351390927, 34.093484417663092 ], [ 135.096761811465456, 34.093322534576501 ], [ 135.096663007814811, 34.093442531170197 ], [ 135.096695947343306, 34.093194849151985 ], [ 135.096448897637458, 34.093195850698223 ], [ 135.096638667244008, 34.093080045035911 ], [ 135.096391190919178, 34.092810439301623 ], [ 135.096265734266893, 34.092180269327777 ], [ 135.095974546729025, 34.091945417671184 ], [ 135.095698651487794, 34.092008327034627 ], [ 135.095144593527579, 34.091527419397295 ], [ 135.095387801236285, 34.091481314922461 ], [ 135.095183922051461, 34.091292321393276 ], [ 135.095269447642863, 34.091202796667908 ], [ 135.095758178569099, 34.09140205532924 ], [ 135.095750639839764, 34.09119549094887 ], [ 135.096085837565113, 34.091263881351139 ], [ 135.096092107355076, 34.091382818329301 ], [ 135.096393927558807, 34.091437439365301 ], [ 135.096376257033029, 34.091570709011833 ], [ 135.096719069275878, 34.091432503853483 ], [ 135.09673647273226, 34.091220769252502 ], [ 135.094600298962661, 34.085446034011099 ], [ 135.09490880067537, 34.08506965770647 ], [ 135.099515660819151, 34.084284903866994 ], [ 135.100395578130019, 34.084279651250142 ], [ 135.100620387297539, 34.084129864840328 ], [ 135.101272833186783, 34.084558359659972 ], [ 135.102232963175908, 34.084396472827265 ], [ 135.103588799256698, 34.084799942915758 ], [ 135.103728100887764, 34.084425690211368 ], [ 135.105004011436336, 34.084774892931087 ], [ 135.110486832251212, 34.085184305157213 ], [ 135.113738719626781, 34.085062549870607 ], [ 135.114095828162419, 34.084903548365403 ], [ 135.114326611607368, 34.082382843077845 ], [ 135.110901765575306, 34.082184164226895 ], [ 135.109534392739533, 34.08228513591861 ], [ 135.101385444157501, 34.081351376724271 ], [ 135.100043510243864, 34.082128163234209 ], [ 135.101367772111359, 34.081277433705516 ], [ 135.101333444916634, 34.081145472428261 ], [ 135.102758244239538, 34.081449861451787 ], [ 135.102884496833155, 34.081092840268028 ], [ 135.103086872156979, 34.081110515596308 ], [ 135.103203964117142, 34.080313501964127 ], [ 135.102896691391891, 34.080137291653621 ], [ 135.102413001996183, 34.080900921731946 ], [ 135.102875194288657, 34.080120935807003 ], [ 135.102530599751759, 34.079920082583939 ], [ 135.101693350432129, 34.08092271506316 ], [ 135.101232669015957, 34.08083736599847 ], [ 135.101154033359393, 34.080588866835271 ], [ 135.102076022809001, 34.079681800532903 ], [ 135.101321258495148, 34.079222417713638 ], [ 135.100196716289759, 34.079624400786301 ], [ 135.100338454083214, 34.080052826044614 ], [ 135.101059403905197, 34.079699168901982 ], [ 135.100000762466038, 34.080528174209164 ], [ 135.10059515353575, 34.081288831468079 ], [ 135.100025518822065, 34.081796432109876 ], [ 135.099517861468428, 34.081726368946057 ], [ 135.098979122440568, 34.081338282683184 ], [ 135.09671482681162, 34.081294206784889 ], [ 135.096300039811382, 34.080992242272785 ], [ 135.095668547714439, 34.079425115701042 ], [ 135.093635739512905, 34.078187155993184 ], [ 135.092888014176822, 34.079041489238286 ], [ 135.092613578901734, 34.078883808854769 ], [ 135.093429961101862, 34.077917572321539 ], [ 135.089554527278779, 34.07560354641015 ], [ 135.088089634013443, 34.077236174089379 ], [ 135.090485346357667, 34.074494917181617 ], [ 135.089432454795485, 34.073335269861445 ], [ 135.088929197805186, 34.072511564852292 ], [ 135.087200335419254, 34.072054881318209 ], [ 135.086852345546447, 34.072176683118023 ], [ 135.086679844343678, 34.072800142106878 ], [ 135.086406471578101, 34.072940668203856 ], [ 135.085482937576501, 34.072683065381121 ], [ 135.084197067022188, 34.072770979504419 ], [ 135.083859682411287, 34.073313899352797 ], [ 135.08389475239133, 34.073782960908588 ], [ 135.08323472669548, 34.07389975279272 ], [ 135.082695301343307, 34.074190423020568 ], [ 135.082813516565267, 34.074381612968544 ], [ 135.082636126620883, 34.074254075075331 ], [ 135.082201872577798, 34.07454017421923 ], [ 135.082318721073733, 34.074850245941981 ], [ 135.082198274228716, 34.075274056206474 ], [ 135.10070975183686, 34.108153734984896 ], [ 135.101064130977932, 34.108056312872449 ], [ 135.10087772799605, 34.108259626311728 ], [ 135.101596491540192, 34.108447866707138 ], [ 135.101807120290061, 34.108724375095541 ], [ 135.103311599392555, 34.109329531543366 ], [ 135.103579633608803, 34.10909342429219 ], [ 135.104754170749572, 34.109744753955198 ], [ 135.105164742877832, 34.10965857711254 ], [ 135.10554154959928, 34.109803734396415 ], [ 135.104629763783436, 34.111265614401013 ], [ 135.102523777632086, 34.113009241993161 ], [ 135.101672302774801, 34.114300255292839 ], [ 135.102195821627163, 34.115323808491333 ], [ 135.102365276731405, 34.115395338386172 ], [ 135.102310437595037, 34.115656384840484 ], [ 135.103130303325514, 34.116541373561219 ], [ 135.103073525602468, 34.117507439480363 ], [ 135.103210787534181, 34.117749181335313 ], [ 135.103145186911206, 34.118010994172934 ], [ 135.102931804522342, 34.118096914492831 ] ] ] } },
{ "type": "Feature", "properties": { "CITY_NAME": "有田市", "S_NAME": "初島町浜", "JINKO": 0, "medical_area": "30_有田医療圏", "町丁目名": "有田市初島町浜" }, "geometry": { "type": "Polygon", "coordinates": [ [ [ 135.103198345746051, 34.117700350435335 ], [ 135.103073525602468, 34.117507439480363 ], [ 135.10308387739687, 34.116422989744969 ], [ 135.102310437595037, 34.115656384840484 ], [ 135.102365276731376, 34.1153953383862 ], [ 135.102195821627163, 34.115323808491333 ], [ 135.101672302774801, 34.114300255292839 ], [ 135.102523777632086, 34.113009241993176 ], [ 135.104629763783436, 34.111265614401013 ], [ 135.10554154959928, 34.109803734396415 ], [ 135.105164742877832, 34.109658577112526 ], [ 135.104754170749572, 34.109744753955198 ], [ 135.103579633608803, 34.10909342429219 ], [ 135.103311599392555, 34.109329531543359 ], [ 135.101807120290061, 34.108724375095541 ], [ 135.101596491540192, 34.108447866707145 ], [ 135.10087772799605, 34.108259626311728 ], [ 135.101055523126405, 34.108053573470109 ], [ 135.09939745887101, 34.10844163227128 ], [ 135.099014686438068, 34.108868887237691 ], [ 135.098659879715967, 34.108902346930705 ], [ 135.098510352124947, 34.108693896713724 ], [ 135.098309148263667, 34.108862867375855 ], [ 135.098526505053229, 34.109015047324554 ], [ 135.097925584908069, 34.10936392745726 ], [ 135.098172439641814, 34.109385600650107 ], [ 135.098025442518093, 34.109656814041081 ], [ 135.098354549870322, 34.109898982040534 ], [ 135.098450712902206, 34.110739947137461 ], [ 135.097962167338579, 34.111126699666357 ], [ 135.0972796285877, 34.111297487303375 ], [ 135.097371558490522, 34.111419869959832 ], [ 135.097170701421248, 34.111555455495939 ], [ 135.097354639195089, 34.111689361091919 ], [ 135.097323722377496, 34.112248090313798 ], [ 135.097586811843087, 34.112886455655413 ], [ 135.097610263423036, 34.114457141963918 ], [ 135.097796268485581, 34.114700093286949 ], [ 135.097728929450994, 34.114916954498725 ], [ 135.097932571870416, 34.115133834012425 ], [ 135.097924106831783, 34.115420574899332 ], [ 135.098488467840866, 34.11596733163401 ], [ 135.098567231456883, 34.116413326794508 ], [ 135.098864949294864, 34.116447909872441 ], [ 135.099014538110168, 34.116651853505033 ], [ 135.101318065025652, 34.117151044229935 ], [ 135.102071073972837, 34.117695782566003 ], [ 135.102438102283173, 34.1177353698993 ], [ 135.102607979198012, 34.118072011882767 ], [ 135.103116664107915, 34.118041495316568 ], [ 135.103198345746051, 34.117700350435335 ] ] ] } },
{ "type": "Feature", "properties": { "CITY_NAME": "有田市", "S_NAME": "初島町浜", "JINKO": 0, "medical_area": "30_有田医療圏", "町丁目名": "有田市初島町浜" }, "geometry": { "type": "Polygon", "coordinates": [ [ [ 135.077113322580686, 34.115247061272576 ], [ 135.078149865448637, 34.115025929128286 ], [ 135.079324585748964, 34.114548740939817 ], [ 135.080193520786224, 34.114578627420528 ], [ 135.081304259650437, 34.114910639921931 ], [ 135.082014867406428, 34.114452497179862 ], [ 135.082660387762132, 34.11449252997982 ], [ 135.083847601834464, 34.114165132132257 ], [ 135.083728581060285, 34.113643181538947 ], [ 135.083434835271021, 34.11353999102095 ], [ 135.0833604120877, 34.113311374373083 ], [ 135.08370546088949, 34.112772032314169 ], [ 135.08338469514166, 34.112465794056661 ], [ 135.083581149767952, 34.112238349677291 ], [ 135.083065708693852, 34.112394954772455 ], [ 135.083088510475136, 34.112588956791846 ], [ 135.082833287962131, 34.112737639870915 ], [ 135.082675925448683, 34.112457832782418 ], [ 135.081911700529162, 34.112260975543435 ], [ 135.08231673234701, 34.112095522211327 ], [ 135.082019279780155, 34.112038223232943 ], [ 135.082308213239088, 34.111880778447734 ], [ 135.081942722213711, 34.111796066181199 ], [ 135.081811279355549, 34.111625623156051 ], [ 135.081932164047117, 34.111472279416176 ], [ 135.081562005766358, 34.111419931644384 ], [ 135.08140654830737, 34.111567523657165 ], [ 135.081220296215633, 34.111446256256684 ], [ 135.080949362884098, 34.111646231828722 ], [ 135.080934181059035, 34.111241273756818 ], [ 135.080350035627816, 34.110735711492659 ], [ 135.080457877886147, 34.110590441256321 ], [ 135.080004812717988, 34.109788351810622 ], [ 135.080123087312643, 34.109571036672506 ], [ 135.079816414830333, 34.10946689820215 ], [ 135.079385923600455, 34.109583551985018 ], [ 135.079319618251304, 34.109701100183145 ], [ 135.079636620435849, 34.10975855125335 ], [ 135.079607397946745, 34.109954838088733 ], [ 135.079230288057744, 34.109943000245728 ], [ 135.079150471196385, 34.110111862757435 ], [ 135.078739017677009, 34.109971720400331 ], [ 135.078648302966883, 34.11023967015101 ], [ 135.078319978940442, 34.110234533305864 ], [ 135.078119566945503, 34.110521521935901 ], [ 135.077286448291801, 34.110589228631319 ], [ 135.077078691373828, 34.110858129785335 ], [ 135.076617635492767, 34.110989054636555 ], [ 135.076450605930205, 34.111600842978234 ], [ 135.076738997152034, 34.111696682980593 ], [ 135.076719601701228, 34.112078847716369 ], [ 135.076100871354441, 34.112567373761337 ], [ 135.075250085302116, 34.112754811207523 ], [ 135.075950090598525, 34.112774440322994 ], [ 135.074963083746837, 34.113036638551357 ], [ 135.075253468100669, 34.113144190008057 ], [ 135.075151563687371, 34.113341762916519 ], [ 135.075343896644313, 34.113401809324159 ], [ 135.075293902204749, 34.113607097641435 ], [ 135.075786852928474, 34.113830694257956 ], [ 135.075729069510658, 34.11405930796802 ], [ 135.075924916286795, 34.114092333671643 ], [ 135.076223758164645, 34.114722982219817 ], [ 135.077113322580686, 34.115247061272576 ] ] ] } },
{ "type": "Feature", "properties": { "CITY_NAME": "有田市", "S_NAME": "初島町浜", "JINKO": 1608, "medical_area": "30_有田医療圏", "町丁目名": "有田市初島町浜" }, "geometry": { "type": "Polygon", "coordinates": [ [ [ 135.119359550887509, 34.113016723868256 ], [ 135.120470620831071, 34.112397953716524 ], [ 135.121139864035541, 34.111668677495615 ], [ 135.122687260452039, 34.111235018559555 ], [ 135.123428881919807, 34.111207775931241 ], [ 135.124807369493141, 34.110437783854053 ], [ 135.125548639854003, 34.110287549724831 ], [ 135.127038082862327, 34.108925558937855 ], [ 135.129127518597073, 34.10848623893682 ], [ 135.130092767267598, 34.107728036179232 ], [ 135.130994728679241, 34.10781724713086 ], [ 135.131927176603028, 34.106827775425728 ], [ 135.132011492150127, 34.106248849162768 ], [ 135.13160707037548, 34.10662478030229 ], [ 135.130918830626143, 34.106361709489789 ], [ 135.130672864536763, 34.106568168966326 ], [ 135.12902457555964, 34.105911759375104 ], [ 135.128246581107703, 34.105286437961681 ], [ 135.128187717621245, 34.104924419748571 ], [ 135.127927484138411, 34.104622532144873 ], [ 135.127173427592567, 34.104281923239753 ], [ 135.126749034077363, 34.103813914701 ], [ 135.125554925861792, 34.10358370893649 ], [ 135.124359784590894, 34.102458710286449 ], [ 135.121947714438249, 34.101984971914533 ], [ 135.121372152743334, 34.102180464709903 ], [ 135.120844450242203, 34.102160492782581 ], [ 135.119838230053233, 34.101687451291781 ], [ 135.120175932440759, 34.101085136421936 ], [ 135.119834332661014, 34.100942670507116 ], [ 135.11922132890885, 34.100223953099707 ], [ 135.119084652016397, 34.100309271009344 ], [ 135.118952261501136, 34.099837954021424 ], [ 135.11756992263787, 34.098753027328534 ], [ 135.117126941461379, 34.098876765385356 ], [ 135.114130496819286, 34.096110442642093 ], [ 135.113143153415649, 34.092572932431061 ], [ 135.113339151734408, 34.089974371528328 ], [ 135.112849909307016, 34.09003254171953 ], [ 135.112298872744816, 34.089814586732587 ], [ 135.111285479713871, 34.090006731290273 ], [ 135.110875697936336, 34.091136474895592 ], [ 135.110457688945445, 34.091748754697733 ], [ 135.110081590164071, 34.091130727888235 ], [ 135.109209857602934, 34.091030999425655 ], [ 135.109466241043179, 34.091357349239686 ], [ 135.109266069668564, 34.091431065819215 ], [ 135.109073124155941, 34.091246259471355 ], [ 135.106455678526999, 34.091060621680384 ], [ 135.106515529939941, 34.09160057432377 ], [ 135.107990779281323, 34.091794552444149 ], [ 135.107968728315456, 34.091983857598755 ], [ 135.108124688565852, 34.092054717757122 ], [ 135.107821308752193, 34.092494977715191 ], [ 135.108060352267472, 34.092643494628895 ], [ 135.107167231077796, 34.092938607160953 ], [ 135.103090452615589, 34.090924413799243 ], [ 135.10227668725409, 34.089107640473649 ], [ 135.101554286366849, 34.086562687416119 ], [ 135.10126323202627, 34.086043582387013 ], [ 135.101205026618771, 34.084478415620978 ], [ 135.100620387297539, 34.084129864840349 ], [ 135.100395578130019, 34.084279651250149 ], [ 135.099515660819151, 34.084284903866994 ], [ 135.09490880067537, 34.085069657706484 ], [ 135.094600298962661, 34.085446034011099 ], [ 135.09673647273226, 34.091220769252502 ], [ 135.096719069275878, 34.091432503853483 ], [ 135.096430492794894, 34.091565614447177 ], [ 135.095800517062401, 34.091194167425009 ], [ 135.095786359357618, 34.09140310835987 ], [ 135.095252055724501, 34.091206331184146 ], [ 135.095387801236285, 34.091481314922476 ], [ 135.095134017337671, 34.091502971197293 ], [ 135.095698651487794, 34.092008327034648 ], [ 135.095974546729025, 34.091945417671184 ], [ 135.096265734266922, 34.092180269327784 ], [ 135.096391190919178, 34.092810439301637 ], [ 135.096638667244008, 34.093080045035911 ], [ 135.096448897637458, 34.093195850698251 ], [ 135.096695947343306, 34.093194849152006 ], [ 135.096663007814811, 34.093442531170197 ], [ 135.096761811465456, 34.093322534576501 ], [ 135.096957351390927, 34.093484417663092 ], [ 135.096863504932003, 34.093647837005385 ], [ 135.09718460563721, 34.093816981250612 ], [ 135.098136508194472, 34.093770720009879 ], [ 135.098607929658954, 34.093975193378263 ], [ 135.099103297009208, 34.095595398460055 ], [ 135.099226080584515, 34.095569252004573 ], [ 135.098711998203584, 34.093973279285997 ], [ 135.099410773773343, 34.092863163724218 ], [ 135.098886286574071, 34.091227528502195 ], [ 135.101145630608301, 34.090714972334361 ], [ 135.101885979283878, 34.093053547321965 ], [ 135.102282169041473, 34.093399872210064 ], [ 135.102497679258505, 34.094237204102988 ], [ 135.10230491678243, 34.094428783938994 ], [ 135.102773575896123, 34.095915237647219 ], [ 135.107860794715151, 34.097631796576295 ], [ 135.109726074250005, 34.096883517715057 ], [ 135.109991548472806, 34.097201824719477 ], [ 135.109529568440138, 34.097126355443784 ], [ 135.109472458034759, 34.09720355924054 ], [ 135.110043296640896, 34.097329401633189 ], [ 135.109919645391329, 34.096929011363493 ], [ 135.110474468900605, 34.096723984277325 ], [ 135.110921712980684, 34.096961621115248 ], [ 135.11098035868028, 34.097150382029049 ], [ 135.110747184241944, 34.097273079743005 ], [ 135.110985672176355, 34.09716042246972 ], [ 135.111528490603746, 34.098104624602314 ], [ 135.111221539623273, 34.098238481154574 ], [ 135.11109164021201, 34.098013988146739 ], [ 135.111186772476543, 34.098243724018502 ], [ 135.110674325085938, 34.098435538110664 ], [ 135.110165516813368, 34.097559192636091 ], [ 135.109314019152208, 34.097424979018832 ], [ 135.107994009325296, 34.097950978346326 ], [ 135.10786708926878, 34.098274611371039 ], [ 135.112148185398524, 34.105911912008175 ], [ 135.113234003630623, 34.109463625921805 ], [ 135.112048160940958, 34.112789918174194 ], [ 135.116373031860491, 34.112871205436953 ], [ 135.118367931889367, 34.11353942134339 ], [ 135.119045957074434, 34.113418485082384 ], [ 135.119359550887509, 34.113016723868256 ] ] ] } },
{ "type": "Feature", "properties": { "CITY_NAME": "有田市", "S_NAME": "初島町里", "JINKO": 960, "medical_area": "30_有田医療圏", "町丁目名": "有田市初島町里" }, "geometry": { "type": "Polygon", "coordinates": [ [ [ 135.131444331099459, 34.106641238606478 ], [ 135.132011492150127, 34.106248849162768 ], [ 135.132143482048122, 34.104889438128765 ], [ 135.132472840352335, 34.104326185854319 ], [ 135.132937970057924, 34.10419000840723 ], [ 135.133562563579574, 34.104474452948764 ], [ 135.135408609681008, 34.103961312073743 ], [ 135.135944104196341, 34.102741227585092 ], [ 135.135430624921156, 34.101871569468763 ], [ 135.136202340147065, 34.101408611383377 ], [ 135.138412375729985, 34.101113082163863 ], [ 135.138757517879611, 34.100173521376277 ], [ 135.13882435286618, 34.098532323298308 ], [ 135.138691643323966, 34.098377426879814 ], [ 135.139113941159394, 34.097785077427169 ], [ 135.138911678984215, 34.097718018313749 ], [ 135.138838234198289, 34.097488030980351 ], [ 135.139368472592309, 34.096979266093179 ], [ 135.139758617248958, 34.095647698736563 ], [ 135.139939522619727, 34.0940759122754 ], [ 135.140216838497565, 34.094104332675066 ], [ 135.138929447940257, 34.093614558962322 ], [ 135.138389268374624, 34.092908846835705 ], [ 135.137475055554148, 34.092572112961896 ], [ 135.137146732879643, 34.09253177742508 ], [ 135.13666673996525, 34.092837750825915 ], [ 135.134285748733561, 34.092723403804378 ], [ 135.132996920308159, 34.092172281835857 ], [ 135.132046893633571, 34.092070924644077 ], [ 135.131281409050189, 34.091507131545178 ], [ 135.130592510669629, 34.091237157657389 ], [ 135.129233879549417, 34.091439133207473 ], [ 135.128189252312069, 34.091144652637368 ], [ 135.127571919814301, 34.091846301239094 ], [ 135.126849665709642, 34.091684394507801 ], [ 135.125123461910903, 34.092039517219042 ], [ 135.124626717572738, 34.091921037937063 ], [ 135.123803956405084, 34.092024074453256 ], [ 135.122630517541182, 34.09166157461317 ], [ 135.121213563172262, 34.090641578014292 ], [ 135.120619171527721, 34.090643243447694 ], [ 135.120074652409585, 34.090979118252939 ], [ 135.119643563268284, 34.09098870942374 ], [ 135.118109353169871, 34.090308734293231 ], [ 135.117914499687316, 34.090086033532884 ], [ 135.117223617422809, 34.0901026265078 ], [ 135.116490812341965, 34.08989282288838 ], [ 135.116329403626992, 34.089702619849277 ], [ 135.114318122183221, 34.09019301141624 ], [ 135.113714987912118, 34.089929046363963 ], [ 135.113339151734408, 34.089974371528328 ], [ 135.113143153415649, 34.092572932431061 ], [ 135.114130496819286, 34.096110442642093 ], [ 135.117126941461379, 34.098876765385356 ], [ 135.11756992263787, 34.098753027328534 ], [ 135.118952261501136, 34.099837954021424 ], [ 135.119084652016397, 34.100309271009344 ], [ 135.11922132890885, 34.100223953099707 ], [ 135.119834332661014, 34.100942670507116 ], [ 135.120175932440759, 34.101085136421936 ], [ 135.119838230053233, 34.101687451291816 ], [ 135.120844450242203, 34.102160492782588 ], [ 135.121372152743334, 34.102180464709924 ], [ 135.121947714438221, 34.101984971914561 ], [ 135.124359784590894, 34.102458710286484 ], [ 135.125554925861792, 34.10358370893649 ], [ 135.126749034077363, 34.103813914701014 ], [ 135.127173427592567, 34.104281923239753 ], [ 135.127927484138411, 34.104622532144873 ], [ 135.128187717621245, 34.104924419748571 ], [ 135.128246581107703, 34.105286437961716 ], [ 135.12902457555964, 34.105911759375104 ], [ 135.130523592216122, 34.106542743344846 ], [ 135.130733046060072, 34.10656183305727 ], [ 135.130918830626143, 34.106361709489796 ], [ 135.13123209202206, 34.106413930814696 ], [ 135.131444331099459, 34.106641238606478 ] ] ] } },
{ "type": "Feature", "properties": { "CITY_NAME": "湯浅町", "S_NAME": "大字湯浅", "JINKO": 341, "medical_area": "30_有田医療圏", "町丁目名": "湯浅町大字湯浅" }, "geometry": { "type": "Polygon", "coordinates": [ [ [ 135.172417118983986, 34.037461270153521 ], [ 135.172992520461293, 34.036691093037767 ], [ 135.173190833397967, 34.03511725546133 ], [ 135.170364100244569, 34.034755291208462 ], [ 135.169806627892598, 34.034959579536071 ], [ 135.169751986479213, 34.034862715208909 ], [ 135.16917702821948, 34.035081532387473 ], [ 135.168534771290012, 34.035982248480003 ], [ 135.171441175801533, 34.037666261313106 ], [ 135.171582052058653, 34.037656365788855 ], [ 135.171402300287951, 34.037435117972947 ], [ 135.171776531837537, 34.037475539119264 ], [ 135.171725050556603, 34.037759178129114 ], [ 135.172417118983986, 34.037461270153521 ] ] ] } },
{ "type": "Feature", "properties": { "CITY_NAME": "湯浅町", "S_NAME": "大字湯浅", "JINKO": 148, "medical_area": "30_有田医療圏", "町丁目名": "湯浅町大字湯浅" }, "geometry": { "type": "Polygon", "coordinates": [ [ [ 135.173831458585823, 34.036208646424548 ], [ 135.174278529688195, 34.033185128240667 ], [ 135.17401283102464, 34.033339700845914 ], [ 135.173362124688936, 34.03447295764385 ], [ 135.172843664388637, 34.036974780146657 ], [ 135.173452824552072, 34.03704326498719 ], [ 135.173831458585823, 34.036208646424548 ] ] ] } },
{ "type": "Feature", "properties": { "CITY_NAME": "湯浅町", "S_NAME": "大字湯浅", "JINKO": 149, "medical_area": "30_有田医療圏", "町丁目名": "湯浅町大字湯浅" }, "geometry": { "type": "Polygon", "coordinates": [ [ [ 135.175285819439154, 34.035231666136937 ], [ 135.174095569832048, 34.035090250976495 ], [ 135.173452824552072, 34.03704326498719 ], [ 135.174663852625997, 34.037173557475668 ], [ 135.175285819439154, 34.035231666136937 ] ] ] } },
{ "type": "Feature", "properties": { "CITY_NAME": "湯浅町", "S_NAME": "大字湯浅", "JINKO": 190, "medical_area": "30_有田医療圏", "町丁目名": "湯浅町大字湯浅" }, "geometry": { "type": "Polygon", "coordinates": [ [ [ 135.175002824959194, 34.034127616900427 ], [ 135.174947600436326, 34.033135399759686 ], [ 135.176042997468102, 34.032889487276101 ], [ 135.175940993005071, 34.032597628980056 ], [ 135.176637339611403, 34.032245068343968 ], [ 135.174799384053131, 34.032951274758048 ], [ 135.174534970666002, 34.032710160667328 ], [ 135.174136677552667, 34.032867784988738 ], [ 135.17401283102464, 34.033339700845914 ], [ 135.174278529688195, 34.033185128240667 ], [ 135.174095569832048, 34.035090250976495 ], [ 135.175285819439154, 34.035231666136937 ], [ 135.175313867509203, 34.03414872748786 ], [ 135.175002824959194, 34.034127616900427 ] ] ] } },
{ "type": "Feature", "properties": { "CITY_NAME": "湯浅町", "S_NAME": "大字湯浅", "JINKO": 63, "medical_area": "30_有田医療圏", "町丁目名": "湯浅町大字湯浅" }, "geometry": { "type": "Polygon", "coordinates": [ [ [ 135.175039006865433, 34.037206368844508 ], [ 135.175379319654326, 34.03608919080888 ], [ 135.176029540285157, 34.036119200866203 ], [ 135.17603295049841, 34.035976102711928 ], [ 135.175816374089834, 34.035949149654982 ], [ 135.176055505990035, 34.035286427587714 ], [ 135.175241557169471, 34.03525080799561 ], [ 135.174663852625997, 34.037173557475668 ], [ 135.175039006865433, 34.037206368844508 ] ] ] } },
{ "type": "Feature", "properties": { "CITY_NAME": "湯浅町", "S_NAME": "大字湯浅", "JINKO": 99, "medical_area": "30_有田医療圏", "町丁目名": "湯浅町大字湯浅" }, "geometry": { "type": "Polygon", "coordinates": [ [ [ 135.176080454250894, 34.033602527407808 ], [ 135.174973837497021, 34.03359874774177 ], [ 135.175002824959194, 34.034127616900427 ], [ 135.175313867509203, 34.03414872748786 ], [ 135.175285819439154, 34.035231666136937 ], [ 135.176150304140293, 34.035281853242225 ], [ 135.176347500515305, 34.034703509224123 ], [ 135.176346730057759, 34.033923240309129 ], [ 135.176024877729219, 34.033873886790126 ], [ 135.176080454250894, 34.033602527407808 ] ] ] } },
{ "type": "Feature", "properties": { "CITY_NAME": "湯浅町", "S_NAME": "大字湯浅", "JINKO": 37, "medical_area": "30_有田医療圏", "町丁目名": "湯浅町大字湯浅" }, "geometry": { "type": "Polygon", "coordinates": [ [ [ 135.174973837497021, 34.03359874774177 ], [ 135.176080454250894, 34.033602527407808 ], [ 135.176042997468102, 34.032889487276101 ], [ 135.174947600436326, 34.033135399759686 ], [ 135.174973837497021, 34.03359874774177 ] ] ] } },
{ "type": "Feature", "properties": { "CITY_NAME": "湯浅町", "S_NAME": "大字湯浅", "JINKO": 100, "medical_area": "30_有田医療圏", "町丁目名": "湯浅町大字湯浅" }, "geometry": { "type": "Polygon", "coordinates": [ [ [ 135.176325777188964, 34.037440268520712 ], [ 135.176683489020974, 34.035323188138484 ], [ 135.176055505990035, 34.035286427587714 ], [ 135.175816374089834, 34.035949149654982 ], [ 135.17603295049841, 34.035976102711928 ], [ 135.176029540285157, 34.036119200866203 ], [ 135.175379319654326, 34.03608919080888 ], [ 135.175039006865433, 34.037206368844508 ], [ 135.176325777188964, 34.037440268520712 ] ] ] } },
{ "type": "Feature", "properties": { "CITY_NAME": "湯浅町", "S_NAME": "大字湯浅", "JINKO": 144, "medical_area": "30_有田医療圏", "町丁目名": "湯浅町大字湯浅" }, "geometry": { "type": "Polygon", "coordinates": [ [ [ 135.176780174576095, 34.034648378450342 ], [ 135.177409671505131, 34.034606540836194 ], [ 135.177438753437087, 34.034098909351954 ], [ 135.178050801776862, 34.034129075320415 ], [ 135.178020573370048, 34.033779944217095 ], [ 135.176824240335407, 34.033665843899144 ], [ 135.176700659739481, 34.032688803039946 ], [ 135.177382123159703, 34.032502361640525 ], [ 135.177222177416382, 34.032130102813525 ], [ 135.175940993005071, 34.032597628980056 ], [ 135.176092589312816, 34.033230015051778 ], [ 135.176024877729219, 34.033873886790126 ], [ 135.176346730057759, 34.033923240309129 ], [ 135.176347500515305, 34.034703509224123 ], [ 135.176150304140293, 34.035281853242225 ], [ 135.176683489020974, 34.035323188138484 ], [ 135.176780174576095, 34.034648378450342 ] ] ] } },
{ "type": "Feature", "properties": { "CITY_NAME": "湯浅町", "S_NAME": "大字湯浅", "JINKO": 55, "medical_area": "30_有田医療圏", "町丁目名": "湯浅町大字湯浅" }, "geometry": { "type": "Polygon", "coordinates": [ [ [ 135.176725897731615, 34.037797376887418 ], [ 135.177027213283196, 34.037318904859468 ], [ 135.176345924930303, 34.037237133577001 ], [ 135.176325777188964, 34.037440268520712 ], [ 135.172843664388637, 34.036974780146657 ], [ 135.172574378563951, 34.03739344821787 ], [ 135.173701007155216, 34.03746781938959 ], [ 135.17500765659122, 34.037737084037978 ], [ 135.174964993315683, 34.037879634884398 ], [ 135.176736773080052, 34.038135106896156 ], [ 135.176725897731615, 34.037797376887418 ] ] ] } },
{ "type": "Feature", "properties": { "CITY_NAME": "湯浅町", "S_NAME": "大字湯浅", "JINKO": 133, "medical_area": "30_有田医療圏", "町丁目名": "湯浅町大字湯浅" }, "geometry": { "type": "Polygon", "coordinates": [ [ [ 135.178014604580454, 34.038403159646904 ], [ 135.177834691135274, 34.037387432277662 ], [ 135.178273797083023, 34.037386291893235 ], [ 135.178330637841441, 34.03680686628627 ], [ 135.17815813993704, 34.036357329946085 ], [ 135.17836913648452, 34.036313667000698 ], [ 135.178386063898358, 34.035960907858737 ], [ 135.177904149126363, 34.035839630295179 ], [ 135.177920663095193, 34.035618015377004 ], [ 135.177147089748161, 34.035606203914227 ], [ 135.177116595507727, 34.035364130100604 ], [ 135.176683489020974, 34.035323188138484 ], [ 135.176345924930303, 34.037237133577001 ], [ 135.177027213283196, 34.037318904859468 ], [ 135.176732684988536, 34.037725157970151 ], [ 135.176736773080052, 34.038135106896156 ], [ 135.178014604580454, 34.038403159646904 ] ] ] } },
{ "type": "Feature", "properties": { "CITY_NAME": "湯浅町", "S_NAME": "大字湯浅", "JINKO": 37, "medical_area": "30_有田医療圏", "町丁目名": "湯浅町大字湯浅" }, "geometry": { "type": "Polygon", "coordinates": [ [ [ 135.177920663095193, 34.035618015377004 ], [ 135.178050801776862, 34.034129075320415 ], [ 135.177438753437087, 34.034098909351954 ], [ 135.177409671505131, 34.034606540836194 ], [ 135.176780174576095, 34.034648378450342 ], [ 135.176683489020974, 34.035323188138484 ], [ 135.177116595507727, 34.035364130100604 ], [ 135.177147089748161, 34.035606203914227 ], [ 135.177920663095193, 34.035618015377004 ] ] ] } },
{ "type": "Feature", "properties": { "CITY_NAME": "湯浅町", "S_NAME": "大字湯浅", "JINKO": 36, "medical_area": "30_有田医療圏", "町丁目名": "湯浅町大字湯浅" }, "geometry": { "type": "Polygon", "coordinates": [ [ [ 135.178020573370048, 34.033779944217095 ], [ 135.177801506101304, 34.032807476997128 ], [ 135.177148594732444, 34.033244292685573 ], [ 135.17716270923205, 34.033465407696077 ], [ 135.176821254066425, 34.033501572028939 ], [ 135.176824240335407, 34.033665843899144 ], [ 135.178020573370048, 34.033779944217095 ] ] ] } },
{ "type": "Feature", "properties": { "CITY_NAME": "湯浅町", "S_NAME": "大字湯浅", "JINKO": 199, "medical_area": "30_有田医療圏", "町丁目名": "湯浅町大字湯浅" }, "geometry": { "type": "Polygon", "coordinates": [ [ [ 135.181737571216559, 34.038526397068573 ], [ 135.180550743249142, 34.03676003054688 ], [ 135.180388632761947, 34.036805291159268 ], [ 135.180072074628981, 34.036387757335063 ], [ 135.179622511847157, 34.036941313922888 ], [ 135.179498530623903, 34.037341671988415 ], [ 135.179172805417409, 34.037385695228295 ], [ 135.179182822526343, 34.036457168820959 ], [ 135.178902737146728, 34.03640951091797 ], [ 135.178887275130535, 34.036081468187028 ], [ 135.178386063898358, 34.035960907858737 ], [ 135.17836913648452, 34.036313667000698 ], [ 135.17815813993704, 34.036357329946085 ], [ 135.178330637841441, 34.03680686628627 ], [ 135.178273797083023, 34.037386291893235 ], [ 135.177834691135274, 34.037387432277662 ], [ 135.177978593194268, 34.038074558297389 ], [ 135.181737571216559, 34.038526397068573 ] ] ] } },
{ "type": "Feature", "properties": { "CITY_NAME": "湯浅町", "S_NAME": "大字湯浅", "JINKO": 419, "medical_area": "30_有田医療圏", "町丁目名": "湯浅町大字湯浅" }, "geometry": { "type": "Polygon", "coordinates": [ [ [ 135.182124404391743, 34.041389133912908 ], [ 135.181978282181632, 34.040868079380402 ], [ 135.181977133018336, 34.039591398650188 ], [ 135.182278631111814, 34.038560858028646 ], [ 135.177978593194268, 34.038074558297389 ], [ 135.178014604580454, 34.038403159646904 ], [ 135.1774791771048, 34.038258560708833 ], [ 135.177217746296208, 34.039111020276529 ], [ 135.17746730074262, 34.039131993520101 ], [ 135.177700341182202, 34.039796474920415 ], [ 135.178480615115348, 34.039669856675026 ], [ 135.178855128609911, 34.040422339698623 ], [ 135.179775347937465, 34.040683470294283 ], [ 135.180687896532731, 34.041321783293576 ], [ 135.182124404391743, 34.041389133912908 ] ] ] } },
{ "type": "Feature", "properties": { "CITY_NAME": "湯浅町", "S_NAME": "大字湯浅", "JINKO": 121, "medical_area": "30_有田医療圏", "町丁目名": "湯浅町大字湯浅" }, "geometry": { "type": "Polygon", "coordinates": [ [ [ 135.179941307526832, 34.035414615219807 ], [ 135.179842281555466, 34.034528319288633 ], [ 135.178079600756689, 34.034626952721851 ], [ 135.177904149126363, 34.035839630295179 ], [ 135.178887275130535, 34.036081468187028 ], [ 135.179791938651618, 34.036089638370726 ], [ 135.179941307526832, 34.035414615219807 ] ] ] } },
{ "type": "Feature", "properties": { "CITY_NAME": "湯浅町", "S_NAME": "大字湯浅", "JINKO": 279, "medical_area": "30_有田医療圏", "町丁目名": "湯浅町大字湯浅" }, "geometry": { "type": "Polygon", "coordinates": [ [ [ 135.185018443638796, 34.037057606584703 ], [ 135.185306422741888, 34.035887504794353 ], [ 135.185529018789111, 34.033648905617284 ], [ 135.18496783659711, 34.033712511251174 ], [ 135.184002455479117, 34.033313631838801 ], [ 135.183672262844823, 34.033605987594669 ], [ 135.183191362125285, 34.033627295630517 ], [ 135.182139949391285, 34.03414938364503 ], [ 135.179842281555466, 34.034528319288633 ], [ 135.179941307526832, 34.035414615219807 ], [ 135.180318268020955, 34.035426152167808 ], [ 135.180372458704113, 34.035589076095413 ], [ 135.180995032507752, 34.035493362062432 ], [ 135.181184271467032, 34.035821861469366 ], [ 135.180773060120316, 34.035967728856569 ], [ 135.18108620409248, 34.036450320816833 ], [ 135.182722461428909, 34.035641393517437 ], [ 135.183857946145253, 34.035300593435323 ], [ 135.184270983242328, 34.03633717018571 ], [ 135.18464856809689, 34.036842719622371 ], [ 135.185018443638796, 34.037057606584703 ] ] ] } },
{ "type": "Feature", "properties": { "CITY_NAME": "湯浅町", "S_NAME": "大字湯浅", "JINKO": 65, "medical_area": "30_有田医療圏", "町丁目名": "湯浅町大字湯浅" }, "geometry": { "type": "Polygon", "coordinates": [ [ [ 135.189232192768372, 34.03707893213474 ], [ 135.190919568600805, 34.036507032383675 ], [ 135.190228051120442, 34.035448771841253 ], [ 135.189700002714318, 34.035844925861625 ], [ 135.189645804836289, 34.036082352934606 ], [ 135.18880582286144, 34.036423754224593 ], [ 135.189232192768372, 34.03707893213474 ] ] ] } },
{ "type": "Feature", "properties": { "CITY_NAME": "湯浅町", "S_NAME": "大字湯浅", "JINKO": 161, "medical_area": "30_有田医療圏", "町丁目名": "湯浅町大字湯浅" }, "geometry": { "type": "Polygon", "coordinates": [ [ [ 135.189333224968493, 34.036185655354835 ], [ 135.188690085001838, 34.035211382435001 ], [ 135.188040255554426, 34.035628556903646 ], [ 135.187947565985553, 34.035811775567595 ], [ 135.188185188183695, 34.036260464407206 ], [ 135.187736286299213, 34.03652640728729 ], [ 135.1884712377786, 34.037472267772266 ], [ 135.189232192768372, 34.03707893213474 ], [ 135.188805822861497, 34.036423754224593 ], [ 135.189333224968493, 34.036185655354835 ] ] ] } },
{ "type": "Feature", "properties": { "CITY_NAME": "湯浅町", "S_NAME": "大字湯浅", "JINKO": 79, "medical_area": "30_有田医療圏", "町丁目名": "湯浅町大字湯浅" }, "geometry": { "type": "Polygon", "coordinates": [ [ [ 135.180817383819686, 34.03441453892512 ], [ 135.182280704088669, 34.034098483439458 ], [ 135.183191362125285, 34.033627295630517 ], [ 135.183672262844823, 34.033605987594669 ], [ 135.183964567842366, 34.0333211273472 ], [ 135.182823150143207, 34.032789637107612 ], [ 135.181777175226983, 34.032770827223302 ], [ 135.180483205308207, 34.031961492871439 ], [ 135.180065207852806, 34.032313965690186 ], [ 135.181247917174744, 34.033381053801563 ], [ 135.181028344672598, 34.033428890132704 ], [ 135.181258660679703, 34.033584255946842 ], [ 135.181361437626435, 34.034071499253379 ], [ 135.180817383819686, 34.03441453892512 ] ] ] } },
{ "type": "Feature", "properties": { "CITY_NAME": "湯浅町", "S_NAME": "大字湯浅", "JINKO": 177, "medical_area": "30_有田医療圏", "町丁目名": "湯浅町大字湯浅" }, "geometry": { "type": "Polygon", "coordinates": [ [ [ 135.181247917174744, 34.033381053801563 ], [ 135.179839908234413, 34.032103693013397 ], [ 135.17914476037916, 34.03117875339241 ], [ 135.178699871293389, 34.031309879640155 ], [ 135.179429867734143, 34.032261537996597 ], [ 135.179547935123338, 34.03334912051772 ], [ 135.177972976486075, 34.033318988815182 ], [ 135.178079600756689, 34.034626952721851 ], [ 135.180817383819686, 34.03441453892512 ], [ 135.181361437626435, 34.034071499253379 ], [ 135.181258660679703, 34.033584255946842 ], [ 135.181028344672598, 34.033428890132704 ], [ 135.181247917174744, 34.033381053801563 ] ] ] } },
{ "type": "Feature", "properties": { "CITY_NAME": "湯浅町", "S_NAME": "大字湯浅", "JINKO": 147, "medical_area": "30_有田医療圏", "町丁目名": "湯浅町大字湯浅" }, "geometry": { "type": "Polygon", "coordinates": [ [ [ 135.177552676760172, 34.032897793689422 ], [ 135.177801506101304, 34.032807476997128 ], [ 135.177972976486075, 34.033318988815182 ], [ 135.179547935123338, 34.03334912051772 ], [ 135.179429867734143, 34.032261537996597 ], [ 135.178788320092707, 34.031499093635148 ], [ 135.177222177416382, 34.032130102813525 ], [ 135.177382123159703, 34.032502361640525 ], [ 135.176700659739481, 34.032688803039946 ], [ 135.176821254066425, 34.033501572028932 ], [ 135.17716270923205, 34.033465407696077 ], [ 135.177140472194765, 34.033253112254421 ], [ 135.177358271690736, 34.033222597698355 ], [ 135.177552676760172, 34.032897793689422 ] ] ] } },
{ "type": "Feature", "properties": { "CITY_NAME": "湯浅町", "S_NAME": "大字湯浅", "JINKO": 142, "medical_area": "30_有田医療圏", "町丁目名": "湯浅町大字湯浅" }, "geometry": { "type": "Polygon", "coordinates": [ [ [ 135.174799384053131, 34.032951274758048 ], [ 135.176441616180284, 34.032214875868384 ], [ 135.176667175785298, 34.032309363356241 ], [ 135.178482845231628, 34.031709475102154 ], [ 135.178788320092707, 34.031499093635148 ], [ 135.178699871293389, 34.031309879640155 ], [ 135.17914476037916, 34.03117875339241 ], [ 135.178698254025306, 34.030342250332126 ], [ 135.176705047292558, 34.030898267870455 ], [ 135.174086295135709, 34.032040978285025 ], [ 135.174039765527453, 34.032557506001602 ], [ 135.174429742875162, 34.032437296628984 ], [ 135.174453297698193, 34.032687495096582 ], [ 135.174799384053131, 34.032951274758048 ] ] ] } },
{ "type": "Feature", "properties": { "CITY_NAME": "湯浅町", "S_NAME": "大字湯浅", "JINKO": 102, "medical_area": "30_有田医療圏", "町丁目名": "湯浅町大字湯浅" }, "geometry": { "type": "Polygon", "coordinates": [ [ [ 135.180808010012157, 34.030748400084718 ], [ 135.180650169575841, 34.029704784052186 ], [ 135.178698254025306, 34.030342250332126 ], [ 135.17925152043054, 34.031346396095813 ], [ 135.180065207852806, 34.032313965690186 ], [ 135.180848342411338, 34.031660081972625 ], [ 135.180558693019236, 34.031190748387466 ], [ 135.180808010012157, 34.030748400084718 ] ] ] } },
{ "type": "Feature", "properties": { "CITY_NAME": "湯浅町", "S_NAME": "大字湯浅", "JINKO": 92, "medical_area": "30_有田医療圏", "町丁目名": "湯浅町大字湯浅" }, "geometry": { "type": "Polygon", "coordinates": [ [ [ 135.18191130666591, 34.043648618955103 ], [ 135.181776911078998, 34.043148490857739 ], [ 135.182650226187974, 34.043001196915945 ], [ 135.182594336288417, 34.042475392574978 ], [ 135.182883280563971, 34.042359977169511 ], [ 135.182368417136075, 34.041565718403447 ], [ 135.181888218828732, 34.041323040560812 ], [ 135.180687896532731, 34.041321783293576 ], [ 135.180019031353879, 34.040814275553288 ], [ 135.178968901785026, 34.040477617280054 ], [ 135.178700851172295, 34.040215077385653 ], [ 135.177330552205291, 34.040329849234062 ], [ 135.177022881890224, 34.03978925171797 ], [ 135.176270857976363, 34.041899871571331 ], [ 135.176369408453212, 34.042015903507519 ], [ 135.177818259839825, 34.042120294524842 ], [ 135.178284921921943, 34.042476436256827 ], [ 135.181140764493392, 34.042358911080768 ], [ 135.181307587098161, 34.043615850335087 ], [ 135.18191130666591, 34.043648618955103 ] ] ] } },
{ "type": "Feature", "properties": { "CITY_NAME": "湯浅町", "S_NAME": "大字湯浅", "JINKO": 71, "medical_area": "30_有田医療圏", "町丁目名": "湯浅町大字湯浅" }, "geometry": { "type": "Polygon", "coordinates": [ [ [ 135.178700851172295, 34.040215077385653 ], [ 135.178480615115348, 34.039669856675026 ], [ 135.177700341182202, 34.039796474920415 ], [ 135.17746730074262, 34.039131993520101 ], [ 135.177217746296208, 34.039111020276529 ], [ 135.177134479474859, 34.039376134850691 ], [ 135.176862197501663, 34.039316692055202 ], [ 135.176743188325844, 34.03969989463927 ], [ 135.177201543353533, 34.039915117563538 ], [ 135.177252896744477, 34.04029326612919 ], [ 135.177636600133809, 34.040380079560876 ], [ 135.178700851172295, 34.040215077385653 ] ] ] } },
{ "type": "Feature", "properties": { "CITY_NAME": "湯浅町", "S_NAME": "大字湯浅", "JINKO": 261, "medical_area": "30_有田医療圏", "町丁目名": "湯浅町大字湯浅" }, "geometry": { "type": "Polygon", "coordinates": [ [ [ 135.176743188325844, 34.03969989463927 ], [ 135.176862197501663, 34.039316692055202 ], [ 135.177134479474859, 34.039376134850691 ], [ 135.1774791771048, 34.038258560708833 ], [ 135.17583787749308, 34.038017922027962 ], [ 135.17560995564773, 34.03880693167843 ], [ 135.174460993698716, 34.03884399405537 ], [ 135.17359224516008, 34.038557251219814 ], [ 135.172759828164459, 34.038844215095978 ], [ 135.172342598917027, 34.039337389255166 ], [ 135.172308549369831, 34.040345620846686 ], [ 135.176270857976363, 34.041899871571353 ], [ 135.177025751054401, 34.03978124104659 ], [ 135.176743188325844, 34.03969989463927 ] ] ] } },
{ "type": "Feature", "properties": { "CITY_NAME": "湯浅町", "S_NAME": "大字湯浅", "JINKO": 44, "medical_area": "30_有田医療圏", "町丁目名": "湯浅町大字湯浅" }, "geometry": { "type": "Polygon", "coordinates": [ [ [ 135.173356839296019, 34.03857834320636 ], [ 135.174460993698716, 34.03884399405537 ], [ 135.175389941234698, 34.038863629422991 ], [ 135.17560995564773, 34.03880693167843 ], [ 135.17583787749308, 34.038017922027962 ], [ 135.173439150899867, 34.037783426340368 ], [ 135.172233072628103, 34.038311705975666 ], [ 135.170560348232357, 34.037485350108355 ], [ 135.167113350322296, 34.037156306659398 ], [ 135.1676214270191, 34.034955894604593 ], [ 135.166561680004378, 34.038652931084243 ], [ 135.172308549369831, 34.040345620846686 ], [ 135.172409763391641, 34.039198948029437 ], [ 135.173038860464118, 34.038660295920437 ], [ 135.173356839296019, 34.03857834320636 ] ] ] } },
{ "type": "Feature", "properties": { "CITY_NAME": "湯浅町", "S_NAME": "大字湯浅", "JINKO": 750, "medical_area": "30_有田医療圏", "町丁目名": "湯浅町大字湯浅" }, "geometry": { "type": "Polygon", "coordinates": [ [ [ 135.187947565985553, 34.035811775567595 ], [ 135.188690085001838, 34.035211382435001 ], [ 135.189333224968493, 34.036185655354835 ], [ 135.189645804836232, 34.036082352934606 ], [ 135.189700002714261, 34.035844925861625 ], [ 135.18930462301239, 34.035437033563781 ], [ 135.189838065877922, 34.035185729825827 ], [ 135.190184713480363, 34.03554019072682 ], [ 135.190501824297201, 34.034976135937391 ], [ 135.190546239868809, 34.034743996658506 ], [ 135.189756383275864, 34.035020374799416 ], [ 135.189451534344244, 34.034496301767881 ], [ 135.189040498053089, 34.034704885605287 ], [ 135.189001223294724, 34.03435020172779 ], [ 135.189666791032238, 34.032842805643782 ], [ 135.188813316564875, 34.033173837676877 ], [ 135.18783909281106, 34.033159076799151 ], [ 135.187177394994762, 34.033588847039681 ], [ 135.186373086174427, 34.033259094273063 ], [ 135.1855757414626, 34.033300145697943 ], [ 135.185306422741888, 34.035887504794353 ], [ 135.185018443638796, 34.037057606584703 ], [ 135.185895325067719, 34.038671287278412 ], [ 135.1884712377786, 34.037472267772266 ], [ 135.187736286299213, 34.03652640728729 ], [ 135.188185188183695, 34.036260464407206 ], [ 135.187947565985553, 34.035811775567595 ] ] ] } },
{ "type": "Feature", "properties": { "CITY_NAME": "湯浅町", "S_NAME": "大字湯浅", "JINKO": 80, "medical_area": "30_有田医療圏", "町丁目名": "湯浅町大字湯浅" }, "geometry": { "type": "Polygon", "coordinates": [ [ [ 135.190184713480363, 34.03554019072682 ], [ 135.189838065877922, 34.035185729825827 ], [ 135.18930462301239, 34.035437033563781 ], [ 135.189700002714261, 34.035844925861625 ], [ 135.190184713480363, 34.03554019072682 ] ] ] } },
{ "type": "Feature", "properties": { "CITY_NAME": "湯浅町", "S_NAME": "大字湯浅", "JINKO": 336, "medical_area": "30_有田医療圏", "町丁目名": "湯浅町大字湯浅" }, "geometry": { "type": "Polygon", "coordinates": [ [ [ 135.173190833397967, 34.03511725546133 ], [ 135.174136677552667, 34.032867784988738 ], [ 135.174534970666002, 34.032710160667328 ], [ 135.174429742875162, 34.032437296628984 ], [ 135.174139172906024, 34.032583391491471 ], [ 135.173180041525228, 34.032438171726866 ], [ 135.173355584120714, 34.032543033760803 ], [ 135.173330037641762, 34.032717678188185 ], [ 135.17188929220822, 34.032545676495289 ], [ 135.171637947362825, 34.032336622792556 ], [ 135.171868675368501, 34.032551875755573 ], [ 135.171795478646573, 34.03295524796264 ], [ 135.171359881613313, 34.032981182805315 ], [ 135.171781698954049, 34.033032772115924 ], [ 135.171617357922969, 34.034015195972145 ], [ 135.170896429645722, 34.033889882843319 ], [ 135.171102878515484, 34.032317652679872 ], [ 135.171427074518505, 34.032307306132317 ], [ 135.170769456798752, 34.032232569005906 ], [ 135.169806627892598, 34.034959579536071 ], [ 135.170364100244569, 34.034755291208462 ], [ 135.173190833397967, 34.03511725546133 ] ] ] } },
{ "type": "Feature", "properties": { "CITY_NAME": "湯浅町", "S_NAME": "大字湯浅", "JINKO": 93, "medical_area": "30_有田医療圏", "町丁目名": "湯浅町大字湯浅" }, "geometry": { "type": "Polygon", "coordinates": [ [ [ 135.179498530623903, 34.037341671988415 ], [ 135.180072074628981, 34.036387757335063 ], [ 135.180463902059728, 34.036808189204848 ], [ 135.18108620409248, 34.036450320816833 ], [ 135.180773060120316, 34.035967728856569 ], [ 135.181184271467032, 34.035821861469366 ], [ 135.180995032507752, 34.035493362062432 ], [ 135.180372458704113, 34.035589076095413 ], [ 135.180318268020955, 34.035426152167808 ], [ 135.179941307526832, 34.035414615219807 ], [ 135.179791938651618, 34.036089638370726 ], [ 135.178844342512093, 34.036147247345248 ], [ 135.178902737146728, 34.03640951091797 ], [ 135.179182822526343, 34.036457168820959 ], [ 135.179172805417409, 34.037385695228295 ], [ 135.179498530623903, 34.037341671988415 ] ] ] } },
{ "type": "Feature", "properties": { "CITY_NAME": "湯浅町", "S_NAME": "大字湯浅", "JINKO": 82, "medical_area": "30_有田医療圏", "町丁目名": "湯浅町大字湯浅" }, "geometry": { "type": "Polygon", "coordinates": [ [ [ 135.181511256267413, 34.036325956174153 ], [ 135.180550743249142, 34.03676003054688 ], [ 135.181737571216559, 34.038526397068573 ], [ 135.182993949874145, 34.038598168789648 ], [ 135.181511256267413, 34.036325956174153 ] ] ] } },
{ "type": "Feature", "properties": { "CITY_NAME": "湯浅町", "S_NAME": "大字湯浅", "JINKO": 355, "medical_area": "30_有田医療圏", "町丁目名": "湯浅町大字湯浅" }, "geometry": { "type": "Polygon", "coordinates": [ [ [ 135.18464743963645, 34.041670916859339 ], [ 135.185100210883178, 34.041641669927976 ], [ 135.186431547634271, 34.042263850946725 ], [ 135.188725167524439, 34.042032261349583 ], [ 135.186810526328117, 34.040111105690649 ], [ 135.185928870204094, 34.038729125160593 ], [ 135.182278631111814, 34.038560858028646 ], [ 135.181977133018336, 34.039591398650188 ], [ 135.181978282181632, 34.040868079380402 ], [ 135.182124404391743, 34.041389133912908 ], [ 135.182741713676194, 34.042264229976027 ], [ 135.182883280563971, 34.042359977169511 ], [ 135.18464743963645, 34.041670916859339 ] ] ] } },
{ "type": "Feature", "properties": { "CITY_NAME": "湯浅町", "S_NAME": "大字湯浅", "JINKO": 228, "medical_area": "30_有田医療圏", "町丁目名": "湯浅町大字湯浅" }, "geometry": { "type": "Polygon", "coordinates": [ [ [ 135.185018443638796, 34.037057606584703 ], [ 135.18464856809689, 34.036842719622371 ], [ 135.184270983242328, 34.03633717018571 ], [ 135.183857946145253, 34.035300593435323 ], [ 135.181450555222426, 34.036250750187456 ], [ 135.182993949874145, 34.038598168789648 ], [ 135.185928870204094, 34.038729125160593 ], [ 135.185018443638796, 34.037057606584703 ] ] ] } },
{ "type": "Feature", "properties": { "CITY_NAME": "湯浅町", "S_NAME": "大字湯浅", "JINKO": 332, "medical_area": "30_有田医療圏", "町丁目名": "湯浅町大字湯浅" }, "geometry": { "type": "Polygon", "coordinates": [ [ [ 135.191386209683941, 34.037324888660429 ], [ 135.190919568600805, 34.036507032383675 ], [ 135.19013163938348, 34.036757222454881 ], [ 135.188929434737446, 34.037181170575842 ], [ 135.185895325067719, 34.038671287278412 ], [ 135.186810526328117, 34.040111105690649 ], [ 135.188725167524439, 34.042032261349583 ], [ 135.189081646963075, 34.041905728100872 ], [ 135.189347557165718, 34.041105109817103 ], [ 135.191543054155972, 34.039481332042506 ], [ 135.191266714193773, 34.038606554580348 ], [ 135.191386209683941, 34.037324888660429 ] ] ] } },
{ "type": "Feature", "properties": { "CITY_NAME": "湯浅町", "S_NAME": "大字別所", "JINKO": 548, "medical_area": "30_有田医療圏", "町丁目名": "湯浅町大字別所" }, "geometry": { "type": "Polygon", "coordinates": [ [ [ 135.18496783659711, 34.033712511251174 ], [ 135.185529018789111, 34.033648905617284 ], [ 135.185568095993744, 34.033205713520488 ], [ 135.184732845303358, 34.031179415739999 ], [ 135.187182197227116, 34.03088562312972 ], [ 135.188618572612341, 34.030070914811787 ], [ 135.187996189481595, 34.029010293721228 ], [ 135.187640389877288, 34.028713120966614 ], [ 135.188451669047538, 34.028804138523014 ], [ 135.188641359242183, 34.02892946732733 ], [ 135.18848717348547, 34.029146624112038 ], [ 135.18924717435732, 34.028926150392238 ], [ 135.189309891785854, 34.029288737093388 ], [ 135.19013096168058, 34.029311488134496 ], [ 135.18987886220404, 34.028552233247666 ], [ 135.189887086176896, 34.028050937240685 ], [ 135.189170333096541, 34.027672478508897 ], [ 135.18919483310961, 34.027293141782124 ], [ 135.18966754888956, 34.026786602786217 ], [ 135.189467194473565, 34.026210818797971 ], [ 135.188637244896995, 34.025016685815672 ], [ 135.187720354834454, 34.025315881009291 ], [ 135.185750804554516, 34.025246620284953 ], [ 135.18562126916882, 34.025319716395167 ], [ 135.185650505083572, 34.025846193852161 ], [ 135.185006391510314, 34.026112383888396 ], [ 135.183247606062707, 34.025839654862345 ], [ 135.182919132618935, 34.025919311008444 ], [ 135.182614341497896, 34.026370170372161 ], [ 135.182304365855117, 34.026470092202594 ], [ 135.182088686024969, 34.027940582819255 ], [ 135.181608388321678, 34.028900349881994 ], [ 135.181237122757949, 34.029357522212834 ], [ 135.180650169575841, 34.029704784052186 ], [ 135.180808010012157, 34.030748400084718 ], [ 135.180558693019236, 34.031190748387466 ], [ 135.180848342411338, 34.031660081972625 ], [ 135.180483205308207, 34.031961492871439 ], [ 135.181777175226983, 34.032770827223302 ], [ 135.182823150143207, 34.032789637107612 ], [ 135.18496783659711, 34.033712511251174 ] ] ] } },
{ "type": "Feature", "properties": { "CITY_NAME": "湯浅町", "S_NAME": "大字青木", "JINKO": 771, "medical_area": "30_有田医療圏", "町丁目名": "湯浅町大字青木" }, "geometry": { "type": "Polygon", "coordinates": [ [ [ 135.192427570883098, 34.037115664456081 ], [ 135.193152593266376, 34.037201438783555 ], [ 135.193305547885188, 34.036333713751745 ], [ 135.194951769889457, 34.036506677742985 ], [ 135.19490580808565, 34.036221679801471 ], [ 135.195209573214072, 34.036173243708888 ], [ 135.194731815529479, 34.036002190467094 ], [ 135.194462559814696, 34.035585140628719 ], [ 135.194659539975959, 34.035331744475826 ], [ 135.195812811072472, 34.034995877839506 ], [ 135.195870111574635, 34.034427425673975 ], [ 135.19539834879555, 34.0343031832289 ], [ 135.195668085047259, 34.033977574247814 ], [ 135.195118732919752, 34.032570916502195 ], [ 135.195943479269431, 34.031900720577802 ], [ 135.196362990735025, 34.030878649427912 ], [ 135.195775264397895, 34.030187779433199 ], [ 135.193706426774582, 34.025120958251442 ], [ 135.192222033118554, 34.025158104081662 ], [ 135.191099436111415, 34.024188154227886 ], [ 135.189334657959535, 34.023919563924814 ], [ 135.188637244896995, 34.025016685815672 ], [ 135.189467194473565, 34.026210818797971 ], [ 135.18966754888956, 34.026786602786217 ], [ 135.18919483310961, 34.027293141782124 ], [ 135.189170333096541, 34.027672478508897 ], [ 135.189887086176896, 34.028050937240685 ], [ 135.18987886220404, 34.028552233247666 ], [ 135.19013096168058, 34.029311488134496 ], [ 135.189309891785854, 34.029288737093388 ], [ 135.18924717435732, 34.028926150392238 ], [ 135.18848717348547, 34.029146624112038 ], [ 135.188641359242183, 34.02892946732733 ], [ 135.188451669047538, 34.028804138523014 ], [ 135.187640389877288, 34.028713120966614 ], [ 135.187996189481595, 34.029010293721228 ], [ 135.188618572612341, 34.030070914811787 ], [ 135.187182197227116, 34.03088562312972 ], [ 135.184732845303358, 34.031179415739999 ], [ 135.185396659215229, 34.032578558431226 ], [ 135.1855757414626, 34.033300145697943 ], [ 135.186373086174427, 34.033259094273063 ], [ 135.187177394994762, 34.033588847039681 ], [ 135.18783909281106, 34.033159076799151 ], [ 135.188813316564875, 34.033173837676877 ], [ 135.189666791032238, 34.032842805643782 ], [ 135.189001223294724, 34.03435020172779 ], [ 135.189040498053089, 34.034704885605287 ], [ 135.189451534344244, 34.034496301767881 ], [ 135.189756383275864, 34.035020374799416 ], [ 135.190546239868809, 34.034743996658506 ], [ 135.190228051120442, 34.035448771841253 ], [ 135.191386209683941, 34.037324888660429 ], [ 135.191266714193773, 34.038606554580348 ], [ 135.191543054155972, 34.039481332042506 ], [ 135.192202732558542, 34.038542857918785 ], [ 135.192531682675252, 34.037755324176914 ], [ 135.192427570883098, 34.037115664456081 ] ] ] } },
{ "type": "Feature", "properties": { "CITY_NAME": "湯浅町", "S_NAME": "大字山田", "JINKO": 532, "medical_area": "30_有田医療圏", "町丁目名": "湯浅町大字山田" }, "geometry": { "type": "Polygon", "coordinates": [ [ [ 135.210172680028393, 34.037103758037425 ], [ 135.211243417424527, 34.036001439747153 ], [ 135.212176686716873, 34.035994476307998 ], [ 135.212782979929813, 34.035663521089866 ], [ 135.213106589490593, 34.035269471396539 ], [ 135.213676633931016, 34.035024349513883 ], [ 135.214654479100517, 34.035247551268704 ], [ 135.214950230937831, 34.035112659423874 ], [ 135.215270517082018, 34.034775351163916 ], [ 135.215305761096261, 34.034401847821165 ], [ 135.21489170365615, 34.033500307515702 ], [ 135.214827381818623, 34.032803434157813 ], [ 135.215619110851776, 34.032350807264464 ], [ 135.215947834373679, 34.031646018164409 ], [ 135.216655770700754, 34.03079925420861 ], [ 135.217879333895212, 34.030875936572755 ], [ 135.218239999477845, 34.03111517673689 ], [ 135.219057433413553, 34.030974997217221 ], [ 135.219816509134603, 34.031129003285415 ], [ 135.220599016619559, 34.030848142957119 ], [ 135.221455639519206, 34.030872310230777 ], [ 135.222044282851328, 34.031375007615452 ], [ 135.223140045790672, 34.031598869043137 ], [ 135.223380883801184, 34.03193636830909 ], [ 135.223717196990947, 34.032046255042111 ], [ 135.224113031300391, 34.033062889367336 ], [ 135.224475531251471, 34.033270846539722 ], [ 135.225452184590154, 34.032676453543083 ], [ 135.225833472311109, 34.032809299104358 ], [ 135.226611225278077, 34.032726422778772 ], [ 135.227029741694764, 34.033241827753713 ], [ 135.227910839440398, 34.033051682367152 ], [ 135.228435744814107, 34.032123518708026 ], [ 135.229632946095165, 34.031114328564989 ], [ 135.230663332479367, 34.030906358080685 ], [ 135.231745348946049, 34.030977066085967 ], [ 135.23213479688556, 34.029866166330663 ], [ 135.23210921851512, 34.029362100428322 ], [ 135.232748479208169, 34.028768070532799 ], [ 135.233000399651331, 34.02821543839957 ], [ 135.233695993755475, 34.028063111120112 ], [ 135.233895190211769, 34.027172892339436 ], [ 135.233911851470651, 34.02581777846023 ], [ 135.234213847079673, 34.025395902148439 ], [ 135.235857966379086, 34.024726668679129 ], [ 135.236585404509356, 34.023866206859239 ], [ 135.237448706516489, 34.024138511907225 ], [ 135.237631183530425, 34.023939035621488 ], [ 135.237314097577212, 34.022693428852719 ], [ 135.236913034382809, 34.022420182835823 ], [ 135.236552164197889, 34.021862476144953 ], [ 135.236523094001143, 34.020564696007561 ], [ 135.236809651109127, 34.019670088376373 ], [ 135.237442947031752, 34.019227723592884 ], [ 135.237827995772506, 34.01843149248041 ], [ 135.238486767931221, 34.017995476313693 ], [ 135.238962848858364, 34.017281368659162 ], [ 135.23962558505491, 34.016987793295179 ], [ 135.24091469908663, 34.01567433684486 ], [ 135.241611110430398, 34.014301430849507 ], [ 135.241613110825966, 34.014076183684914 ], [ 135.241274214886431, 34.013634147083032 ], [ 135.23943410736112, 34.011768906135785 ], [ 135.239338074279345, 34.010785005622502 ], [ 135.239666066714506, 34.010511334615458 ], [ 135.239784075585675, 34.009958422348404 ], [ 135.239075273325312, 34.009627784962447 ], [ 135.238588076164291, 34.009192854600265 ], [ 135.237854834576382, 34.009137892483658 ], [ 135.23677958567302, 34.009372422673465 ], [ 135.235697953653158, 34.009393336675984 ], [ 135.23462585924787, 34.008973077605489 ], [ 135.233139358881004, 34.009123610545636 ], [ 135.231929542781529, 34.008904779558108 ], [ 135.231328301163558, 34.008590409125432 ], [ 135.230698287643605, 34.008747366196985 ], [ 135.229791570911544, 34.008711709057593 ], [ 135.228889095248064, 34.008422214444209 ], [ 135.226647246506616, 34.008214213771687 ], [ 135.226187499184732, 34.007968606903262 ], [ 135.225859270428828, 34.0080406511155 ], [ 135.224868377404817, 34.007272726285436 ], [ 135.223836431739613, 34.007477559173218 ], [ 135.223050718164188, 34.007261308068799 ], [ 135.219834062976162, 34.007849733069527 ], [ 135.219115655370814, 34.008144826068524 ], [ 135.217970860768247, 34.008063333076727 ], [ 135.21733730037306, 34.008605058755819 ], [ 135.216637977367071, 34.008671477614136 ], [ 135.214682158494355, 34.009893789350691 ], [ 135.214009949241643, 34.01010081464311 ], [ 135.213637493028983, 34.00983035867322 ], [ 135.213194485351295, 34.010231131694042 ], [ 135.211234103296476, 34.010089424952838 ], [ 135.210763532946117, 34.010606793742724 ], [ 135.209472497424912, 34.011189756375586 ], [ 135.208856268466377, 34.011889027642766 ], [ 135.208551828480182, 34.012658203854869 ], [ 135.208501739700978, 34.013772603472503 ], [ 135.207566994453458, 34.014720711005516 ], [ 135.207207012349386, 34.015757461859117 ], [ 135.207267303668999, 34.016205681921633 ], [ 135.206171405305383, 34.016960161933397 ], [ 135.205908654486564, 34.017526177180414 ], [ 135.205474857715302, 34.017947537426082 ], [ 135.205395899731684, 34.018287654690958 ], [ 135.20279572720338, 34.018307014941819 ], [ 135.202559627656427, 34.018444240708327 ], [ 135.202385269169241, 34.019876470144496 ], [ 135.202040291843929, 34.020322055465783 ], [ 135.201295735703837, 34.023188557161781 ], [ 135.19972464184309, 34.02330919357928 ], [ 135.198872896306796, 34.024289580099676 ], [ 135.197769563401806, 34.02451156753304 ], [ 135.197200412385087, 34.024997506076978 ], [ 135.196118463709269, 34.02468149715061 ], [ 135.19501253482224, 34.025187149458638 ], [ 135.194342474357029, 34.024988493710502 ], [ 135.193706426774582, 34.025120958251442 ], [ 135.195775264397895, 34.030187779433199 ], [ 135.196362990735025, 34.030878649427912 ], [ 135.195943479269431, 34.031900720577802 ], [ 135.195118732919752, 34.032570916502195 ], [ 135.195668085047259, 34.033977574247814 ], [ 135.19539834879555, 34.0343031832289 ], [ 135.195870111574635, 34.034427425673975 ], [ 135.195812811072472, 34.034995877839506 ], [ 135.196752994268508, 34.035186861946237 ], [ 135.196670064622225, 34.035737256478257 ], [ 135.197514588384394, 34.035926480012854 ], [ 135.197601880496194, 34.035370619542121 ], [ 135.198434673941961, 34.035224066259133 ], [ 135.198993441680926, 34.034652126012375 ], [ 135.200674447617331, 34.034887496282792 ], [ 135.20077891839864, 34.03513328888581 ], [ 135.20156094860954, 34.035230228257632 ], [ 135.202015860624329, 34.035638749488363 ], [ 135.202896025065712, 34.035465287002083 ], [ 135.203293723376873, 34.035695373974015 ], [ 135.203859146562849, 34.035531692907227 ], [ 135.205194770173733, 34.03578194462262 ], [ 135.205790801858882, 34.035501673242074 ], [ 135.206691633366432, 34.036089854022549 ], [ 135.207617704117069, 34.035627873965581 ], [ 135.208108281977104, 34.035560325340228 ], [ 135.20840792067483, 34.035618747840665 ], [ 135.208408520588506, 34.036165745580625 ], [ 135.208799548396115, 34.036907550257148 ], [ 135.209327330702621, 34.036797694132247 ], [ 135.2097893350265, 34.037212153282546 ], [ 135.210172680028393, 34.037103758037425 ] ] ] } },
{ "type": "Feature", "properties": { "CITY_NAME": "湯浅町", "S_NAME": "大字田", "JINKO": 919, "medical_area": "30_有田医療圏", "町丁目名": "湯浅町大字田" }, "geometry": { "type": "Polygon", "coordinates": [ [ [ 135.165017325453022, 34.063146971594392 ], [ 135.166192187583903, 34.063153130044547 ], [ 135.1671005745998, 34.06289714685235 ], [ 135.167691576748041, 34.061967492475233 ], [ 135.169079354740745, 34.061409066442685 ], [ 135.169380500538722, 34.061127260782364 ], [ 135.169350177766404, 34.060904065363758 ], [ 135.170076702717012, 34.05950497077054 ], [ 135.17063119930836, 34.058989347422717 ], [ 135.17085204897765, 34.057895185182645 ], [ 135.17217059127006, 34.056317232109556 ], [ 135.172093516097618, 34.055862278287478 ], [ 135.172240379779964, 34.055657323051932 ], [ 135.172903409509843, 34.055403168989393 ], [ 135.173555626132298, 34.055810586401577 ], [ 135.174100251765964, 34.055933711581297 ], [ 135.173780988665385, 34.055468674121443 ], [ 135.173802300482549, 34.054692364952338 ], [ 135.173560621825601, 34.054377872253532 ], [ 135.173225331024241, 34.05292173283415 ], [ 135.173406030114478, 34.051948297786012 ], [ 135.173041734811449, 34.051827230528978 ], [ 135.172499341703315, 34.051241087610059 ], [ 135.170528454239445, 34.051054371597345 ], [ 135.168154273656057, 34.049792760794794 ], [ 135.167150382729659, 34.049697346609065 ], [ 135.165954910939035, 34.048945312445809 ], [ 135.16514372763865, 34.049063618404148 ], [ 135.164642242976015, 34.049423077080888 ], [ 135.164359937414332, 34.049348044865503 ], [ 135.163400653185136, 34.049778475733419 ], [ 135.1627249368685, 34.04971498509363 ], [ 135.162270927203508, 34.049986293918543 ], [ 135.161843269596517, 34.05059811375115 ], [ 135.161336206274626, 34.050705088430121 ], [ 135.158498970477808, 34.049231091447993 ], [ 135.158034611595696, 34.048801226454088 ], [ 135.157367081121265, 34.049006541567621 ], [ 135.156715324700087, 34.048711603299154 ], [ 135.156086658976875, 34.048931123432723 ], [ 135.155132576938939, 34.048824128997104 ], [ 135.15377573098948, 34.048102994010435 ], [ 135.152936336925592, 34.048240753282982 ], [ 135.152473029075168, 34.047836370918731 ], [ 135.150378297538708, 34.046886831895939 ], [ 135.145685994262294, 34.046082356925446 ], [ 135.145632698718515, 34.046216373780439 ], [ 135.146102506634463, 34.046778594407435 ], [ 135.146435100002606, 34.046873733644425 ], [ 135.146470584608977, 34.047546476150515 ], [ 135.14699268771335, 34.047762948474109 ], [ 135.14708175221935, 34.04827378388994 ], [ 135.147329406775555, 34.048308887268135 ], [ 135.147456075670647, 34.048968739380037 ], [ 135.147725365659738, 34.049226702730735 ], [ 135.147648413560376, 34.050313375754364 ], [ 135.147258450859823, 34.051180660732207 ], [ 135.146826979125478, 34.051003697301468 ], [ 135.146155244565421, 34.051134265744153 ], [ 135.146506109977793, 34.051248550352945 ], [ 135.146329853023161, 34.051653866246006 ], [ 135.147073042957885, 34.05217924385245 ], [ 135.146929794614664, 34.052854408263165 ], [ 135.146257714495761, 34.054200226373808 ], [ 135.146367552625691, 34.054267760252038 ], [ 135.146636418768878, 34.053918869956007 ], [ 135.147058539854555, 34.052546100572883 ], [ 135.147567151762814, 34.052591889357224 ], [ 135.148019371522139, 34.052962968553878 ], [ 135.148678191435749, 34.05315235137936 ], [ 135.148297561502375, 34.053305652147181 ], [ 135.147874836604444, 34.053124244315647 ], [ 135.147806472566856, 34.05324181562866 ], [ 135.147579652209629, 34.053177979986977 ], [ 135.147254950154604, 34.053914992687318 ], [ 135.147199588270297, 34.054466380586433 ], [ 135.146998887560301, 34.054819266800713 ], [ 135.146753367678883, 34.054788826104009 ], [ 135.147011430375755, 34.054868092957527 ], [ 135.146581478044169, 34.05572875844166 ], [ 135.145847293848817, 34.056462923554882 ], [ 135.144897100610734, 34.05670339558197 ], [ 135.143924903158364, 34.056547873633029 ], [ 135.143967487713496, 34.056731155054145 ], [ 135.143152175880289, 34.057022138040985 ], [ 135.142384131235644, 34.056812102662278 ], [ 135.140830950743009, 34.057441349438719 ], [ 135.140378880720988, 34.057375080589551 ], [ 135.140239907449882, 34.057083784224901 ], [ 135.140067270163712, 34.057344023287641 ], [ 135.13991142516187, 34.057324057344516 ], [ 135.139683514841465, 34.057158353133723 ], [ 135.139781797386973, 34.056970562699576 ], [ 135.139676843637062, 34.05685530481832 ], [ 135.139345797515546, 34.056813403353658 ], [ 135.13914062981209, 34.056959735203982 ], [ 135.139263533040719, 34.058170913986338 ], [ 135.139455525196183, 34.05865035600867 ], [ 135.140866516394993, 34.059561487140797 ], [ 135.141839659643949, 34.059852835165195 ], [ 135.142393621923475, 34.060382553594394 ], [ 135.142571866664923, 34.060077977767129 ], [ 135.143197236983099, 34.059718342179764 ], [ 135.143581088130304, 34.059147552916322 ], [ 135.144567654913118, 34.058633642721865 ], [ 135.145501350209827, 34.058656619383228 ], [ 135.146416449961947, 34.058964431681495 ], [ 135.148472232982215, 34.05836691295152 ], [ 135.149567440582246, 34.059105873188102 ], [ 135.14985509664487, 34.05958807499789 ], [ 135.151591409795287, 34.060188893817511 ], [ 135.152117578621926, 34.059963758955917 ], [ 135.15254247075859, 34.060016837980505 ], [ 135.153015857721385, 34.060205904166125 ], [ 135.153380986508665, 34.060661162472122 ], [ 135.154911612179234, 34.06115148704766 ], [ 135.155688819372273, 34.061742831398227 ], [ 135.157231132492228, 34.062226729987792 ], [ 135.157915092815102, 34.062613307742559 ], [ 135.159343225581694, 34.06284438710032 ], [ 135.159871600711995, 34.063072966203791 ], [ 135.160934709590578, 34.06255086352563 ], [ 135.161841036885988, 34.062909084850943 ], [ 135.162538258031788, 34.062810448958935 ], [ 135.16353807410843, 34.062957149877263 ], [ 135.164255743243018, 34.063422252139894 ], [ 135.165017325453022, 34.063146971594392 ] ] ] } },
{ "type": "Feature", "properties": { "CITY_NAME": "湯浅町", "S_NAME": "大字栖原", "JINKO": 794, "medical_area": "30_有田医療圏", "町丁目名": "湯浅町大字栖原" }, "geometry": { "type": "Polygon", "coordinates": [ [ [ 135.171088581839854, 34.051154649945033 ], [ 135.172183576537208, 34.051150772504627 ], [ 135.172202598159146, 34.050637866407257 ], [ 135.172015550414756, 34.046446957670575 ], [ 135.173443230651685, 34.046044841281258 ], [ 135.178069547704155, 34.046666470855072 ], [ 135.178316059758885, 34.046364134408257 ], [ 135.178693110537978, 34.046371451566699 ], [ 135.178939797201366, 34.04611222013817 ], [ 135.179211912063209, 34.045469720167802 ], [ 135.17967518294779, 34.045133193405796 ], [ 135.17964415950334, 34.044610230492253 ], [ 135.181327313098706, 34.044073798116898 ], [ 135.18170287463289, 34.043696671986943 ], [ 135.181307587098161, 34.043615850335087 ], [ 135.181140764493392, 34.042358911080782 ], [ 135.178284921921971, 34.042476436256827 ], [ 135.177818259839825, 34.042120294524842 ], [ 135.176543182537756, 34.042104971896315 ], [ 135.171882317848457, 34.040186805078825 ], [ 135.166561680004378, 34.038652931084243 ], [ 135.167590782813647, 34.034949066409034 ], [ 135.16720388127888, 34.036201281034408 ], [ 135.166373156625014, 34.037104509219418 ], [ 135.161700610220038, 34.036856283860601 ], [ 135.159974215681501, 34.037104933105127 ], [ 135.159386259651825, 34.037427299853846 ], [ 135.158982033715262, 34.037897849552671 ], [ 135.158481873804533, 34.037989935143173 ], [ 135.158519529498307, 34.038126411156533 ], [ 135.159832091360499, 34.038340916848149 ], [ 135.160624889379562, 34.038661888334374 ], [ 135.161485857073217, 34.039321401975265 ], [ 135.161312486106169, 34.039985532924035 ], [ 135.161132344410674, 34.041570185171743 ], [ 135.160974001518554, 34.041815197504945 ], [ 135.161353427688198, 34.041664528240453 ], [ 135.161221206304901, 34.041559101333014 ], [ 135.161315284146298, 34.040802442044303 ], [ 135.161632474602015, 34.040819823891134 ], [ 135.161292965553685, 34.040766227427177 ], [ 135.161541842363022, 34.039349676977238 ], [ 135.162125426280255, 34.039472697215494 ], [ 135.16264486043687, 34.040399487973218 ], [ 135.162628142127517, 34.04077534888178 ], [ 135.161894292264378, 34.040737796394446 ], [ 135.162383188105935, 34.04079438345665 ], [ 135.162364338492154, 34.041283768218065 ], [ 135.162183991838731, 34.041340292773157 ], [ 135.162363736893667, 34.041345041333599 ], [ 135.162449868206636, 34.04183612888032 ], [ 135.161975409969045, 34.042066306344431 ], [ 135.161861279457753, 34.041893386418913 ], [ 135.161640700162963, 34.041747631233044 ], [ 135.162291536627322, 34.042631933957814 ], [ 135.162176837909414, 34.042732151975351 ], [ 135.162700135356062, 34.042595138885432 ], [ 135.162411674415495, 34.042744602135159 ], [ 135.162661782398004, 34.042640799823367 ], [ 135.162485251600515, 34.043747655738713 ], [ 135.162350097356722, 34.043725039633294 ], [ 135.161996101764572, 34.044593604669132 ], [ 135.161384745981081, 34.045303341196657 ], [ 135.161192669092173, 34.046009740718524 ], [ 135.160568342207796, 34.046385105769367 ], [ 135.159583330237496, 34.046551490387309 ], [ 135.159195354801597, 34.046905790474355 ], [ 135.158419053354635, 34.04721150820221 ], [ 135.157657094182525, 34.047264042384143 ], [ 135.156560884383993, 34.046737147399924 ], [ 135.155914377025823, 34.046837371739699 ], [ 135.15540856573719, 34.046622877406278 ], [ 135.15516739655402, 34.046693342874782 ], [ 135.154720509411845, 34.046544190774441 ], [ 135.154659078009075, 34.046296829959623 ], [ 135.15369012388814, 34.046148588101261 ], [ 135.152742308519009, 34.045184586700486 ], [ 135.151862930214804, 34.044743100500135 ], [ 135.151632177684576, 34.044965908661823 ], [ 135.151331217521886, 34.044846628976309 ], [ 135.150995201798821, 34.045086879215177 ], [ 135.150344733448009, 34.044939966462692 ], [ 135.149930205034565, 34.045128255439074 ], [ 135.149389055703324, 34.04487109058131 ], [ 135.148808791646331, 34.045286290536019 ], [ 135.148161052705063, 34.045188125551064 ], [ 135.147763764351822, 34.045386386280917 ], [ 135.147524486789735, 34.045157508613762 ], [ 135.14721965434947, 34.045205823993562 ], [ 135.147279613030207, 34.045386549168924 ], [ 135.146181997191206, 34.045330334683896 ], [ 135.146111812996168, 34.045630033797956 ], [ 135.145675788603796, 34.046020023643585 ], [ 135.150378297538708, 34.046886831895939 ], [ 135.152473029075168, 34.047836370918731 ], [ 135.152936336925592, 34.048240753282982 ], [ 135.15377573098948, 34.048102994010435 ], [ 135.155132576938939, 34.048824128997104 ], [ 135.156086658976875, 34.048931123432723 ], [ 135.156715324700087, 34.048711603299154 ], [ 135.157367081121265, 34.049006541567621 ], [ 135.158034611595696, 34.048801226454088 ], [ 135.158498970477808, 34.049231091447993 ], [ 135.161336206274626, 34.050705088430121 ], [ 135.161843269596517, 34.05059811375115 ], [ 135.162270927203508, 34.049986293918543 ], [ 135.1627249368685, 34.04971498509363 ], [ 135.163400653185136, 34.049778475733419 ], [ 135.164359937414332, 34.049348044865503 ], [ 135.164642242976015, 34.049423077080888 ], [ 135.16514372763865, 34.049063618404148 ], [ 135.165954910939035, 34.048945312445809 ], [ 135.167150382729659, 34.049697346609065 ], [ 135.168254879733183, 34.049836547822132 ], [ 135.17001962800785, 34.050873580471809 ], [ 135.171088581839854, 34.051154649945033 ] ] ] } },
{ "type": "Feature", "properties": { "CITY_NAME": "湯浅町", "S_NAME": "大字栖原", "JINKO": 314, "medical_area": "30_有田医療圏", "町丁目名": "湯浅町大字栖原" }, "geometry": { "type": "Polygon", "coordinates": [ [ [ 135.191328087540285, 34.047057563258335 ], [ 135.191811877235409, 34.046328674516516 ], [ 135.192738423359458, 34.045664541782529 ], [ 135.193172559905577, 34.044869393761807 ], [ 135.193901131580617, 34.044782908680283 ], [ 135.194136993728534, 34.044213103330968 ], [ 135.193762085230901, 34.04342347058018 ], [ 135.194109477189528, 34.043408007128122 ], [ 135.193891879098771, 34.042580811922967 ], [ 135.193448322501041, 34.042395469575318 ], [ 135.192382566077896, 34.042422397643286 ], [ 135.192311629698565, 34.042121601330656 ], [ 135.192172297075018, 34.042119414897883 ], [ 135.192243222333559, 34.042421338133629 ], [ 135.191528061612843, 34.042308434960226 ], [ 135.191276295941094, 34.042099135847728 ], [ 135.191120517920268, 34.042180655001083 ], [ 135.190953645473343, 34.041450144263237 ], [ 135.190844436237938, 34.041465763658202 ], [ 135.190992699203491, 34.042088388352902 ], [ 135.190812855213778, 34.042111148065594 ], [ 135.190668803788384, 34.041481788862967 ], [ 135.191120947326141, 34.041357853477784 ], [ 135.190943201882448, 34.040909004462328 ], [ 135.191162517724621, 34.040863402817166 ], [ 135.191437283661941, 34.041377690711357 ], [ 135.191094161714773, 34.040371043791112 ], [ 135.191086032664572, 34.040630889856423 ], [ 135.190847708072738, 34.040682564564115 ], [ 135.190793332313632, 34.040277635326341 ], [ 135.191348944657051, 34.03996604220162 ], [ 135.191403199561506, 34.040473380891122 ], [ 135.191582069865063, 34.040374263764242 ], [ 135.1915141068298, 34.04018885740679 ], [ 135.193323099599922, 34.040245152512014 ], [ 135.193364325261086, 34.040574348874699 ], [ 135.193766553402412, 34.040520931538737 ], [ 135.194256068724457, 34.040703615879345 ], [ 135.194853827921804, 34.040722054614939 ], [ 135.195402354636769, 34.040442937036815 ], [ 135.195522402932397, 34.039411167896013 ], [ 135.1951072386112, 34.037435171224821 ], [ 135.19538809586345, 34.036549689896873 ], [ 135.193305547885188, 34.036333713751745 ], [ 135.193152593266376, 34.037201438783555 ], [ 135.192382489639385, 34.037141146657213 ], [ 135.192531682675252, 34.037755324176914 ], [ 135.191644838617776, 34.039427628256846 ], [ 135.189347557165718, 34.041105109817103 ], [ 135.189081646963075, 34.041905728100872 ], [ 135.186955144166461, 34.042278736921475 ], [ 135.187495277951797, 34.04436306286636 ], [ 135.186993963201388, 34.044654993309464 ], [ 135.186369419760069, 34.045909206756612 ], [ 135.187271256208163, 34.046671505122418 ], [ 135.189146501836206, 34.046910445648408 ], [ 135.18950052915352, 34.047703893852486 ], [ 135.19077304327601, 34.047464945644194 ], [ 135.191328087540285, 34.047057563258335 ] ] ] } },
{ "type": "Feature", "properties": { "CITY_NAME": "湯浅町", "S_NAME": "大字栖原", "JINKO": 286, "medical_area": "30_有田医療圏", "町丁目名": "湯浅町大字栖原" }, "geometry": { "type": "Polygon", "coordinates": [ [ [ 135.184777057305325, 34.047069895220105 ], [ 135.184659567174634, 34.04595551776638 ], [ 135.185436266646946, 34.045986700073513 ], [ 135.185375472287859, 34.046796104769172 ], [ 135.185715049961999, 34.046872892413575 ], [ 135.186092921466553, 34.046581838162261 ], [ 135.186071096159992, 34.046119651404013 ], [ 135.186615834592061, 34.045614037748429 ], [ 135.186993963201388, 34.044654993309464 ], [ 135.187495277951797, 34.04436306286636 ], [ 135.186955144166461, 34.042278736921475 ], [ 135.186238279720527, 34.04223904268499 ], [ 135.185100210883178, 34.041641669927976 ], [ 135.184622163411092, 34.041677510282142 ], [ 135.182594336288417, 34.042475392574978 ], [ 135.182650226187974, 34.043001196915945 ], [ 135.181776911078998, 34.043148490857739 ], [ 135.18191130666591, 34.043648618955103 ], [ 135.181327313098706, 34.044073798116898 ], [ 135.17964415950334, 34.044610230492253 ], [ 135.17967518294779, 34.045133193405796 ], [ 135.179157610246193, 34.045617407582249 ], [ 135.180513547083933, 34.045729737442429 ], [ 135.181225124078878, 34.046172447717886 ], [ 135.182010937804847, 34.046400828180779 ], [ 135.184119831244061, 34.046472643456312 ], [ 135.184777057305325, 34.047069895220105 ] ] ] } },
{ "type": "Feature", "properties": { "CITY_NAME": "湯浅町", "S_NAME": "大字吉川", "JINKO": 811, "medical_area": "30_有田医療圏", "町丁目名": "湯浅町大字吉川" }, "geometry": { "type": "Polygon", "coordinates": [ [ [ 135.184812640956295, 34.061852017812434 ], [ 135.185418308169062, 34.061827733194008 ], [ 135.18616447870545, 34.061544199889205 ], [ 135.186127104371309, 34.061150375028021 ], [ 135.186402014806816, 34.060293912417379 ], [ 135.186245472466169, 34.059927892079685 ], [ 135.186415152042173, 34.059226104551371 ], [ 135.187636404686174, 34.057633421869497 ], [ 135.188202980521936, 34.057267266183921 ], [ 135.188379672663729, 34.056760337505807 ], [ 135.188422074207892, 34.055727233887147 ], [ 135.189962460639208, 34.055781801522059 ], [ 135.190154280876783, 34.055561066701699 ], [ 135.190079740540881, 34.054667772779382 ], [ 135.190207837387106, 34.05409910222172 ], [ 135.189884245635199, 34.053367705640717 ], [ 135.190583375905277, 34.052761812728171 ], [ 135.190373475666462, 34.052302328842678 ], [ 135.1900869306277, 34.052215351556484 ], [ 135.19059042095077, 34.05150124768786 ], [ 135.190506676300146, 34.050837919326256 ], [ 135.190100169139043, 34.05040080097212 ], [ 135.190255904777104, 34.050013179983395 ], [ 135.190006603060596, 34.049132103742984 ], [ 135.190396721257315, 34.04892338328149 ], [ 135.191130591432966, 34.048933443361442 ], [ 135.192244642161228, 34.048210685282982 ], [ 135.192516938465417, 34.047038641344187 ], [ 135.193485614182293, 34.046984591427652 ], [ 135.194211656516359, 34.045482663912018 ], [ 135.193901131580617, 34.044782908680283 ], [ 135.193172559905577, 34.044869393761807 ], [ 135.192627093605495, 34.045787489203214 ], [ 135.191811877235409, 34.046328674516516 ], [ 135.191502192178916, 34.046891223040461 ], [ 135.19077304327601, 34.047464945644194 ], [ 135.18950052915352, 34.047703893852486 ], [ 135.189146501836206, 34.046910445648408 ], [ 135.187271256208163, 34.046671505122418 ], [ 135.186369419760069, 34.045909206756612 ], [ 135.186071096159992, 34.046119651404013 ], [ 135.186092921466553, 34.046581838162261 ], [ 135.185583527891509, 34.046893852354195 ], [ 135.185375472287859, 34.046796104769172 ], [ 135.185436266646946, 34.04598670007347 ], [ 135.184659567174634, 34.04595551776638 ], [ 135.184637604533037, 34.046335117747518 ], [ 135.184833065289808, 34.046752421094055 ], [ 135.184734067625072, 34.047072455057553 ], [ 135.184119831244061, 34.046472643456312 ], [ 135.182010937804847, 34.046400828180779 ], [ 135.181225124078878, 34.046172447717886 ], [ 135.180513547083933, 34.045729737442429 ], [ 135.179522540687174, 34.045626471716645 ], [ 135.179157610246193, 34.045617407582249 ], [ 135.178734047446881, 34.046337917999473 ], [ 135.178316059758885, 34.046364134408257 ], [ 135.178069547704155, 34.046666470855072 ], [ 135.173443230651685, 34.046044841281258 ], [ 135.172015550414756, 34.046446957670575 ], [ 135.172183576537208, 34.051150772504627 ], [ 135.173406030114478, 34.051948297786012 ], [ 135.173225331024241, 34.05292173283415 ], [ 135.173560621825601, 34.054377872253532 ], [ 135.173802300482549, 34.054692364952366 ], [ 135.173780988665385, 34.055468674121443 ], [ 135.174100251765964, 34.055933711581297 ], [ 135.175009733656225, 34.055973644079309 ], [ 135.17592368556322, 34.056391964479566 ], [ 135.176438584386119, 34.056211595351208 ], [ 135.177286816664832, 34.05635548058136 ], [ 135.17758123344214, 34.05657382569116 ], [ 135.178449558119098, 34.056459631060569 ], [ 135.179982927576305, 34.056883761154779 ], [ 135.181234735399187, 34.057867055650149 ], [ 135.181541272297807, 34.058879527665646 ], [ 135.181475442388631, 34.059611023060071 ], [ 135.182331789469998, 34.060282041750845 ], [ 135.182907295490935, 34.060516896288249 ], [ 135.18300837792529, 34.060990594029526 ], [ 135.182875494067503, 34.061505133281422 ], [ 135.183437388175577, 34.061792579586282 ], [ 135.18434425489599, 34.061680145024027 ], [ 135.184812640956295, 34.061852017812434 ] ] ] } },
{ "type": "Feature", "properties": { "CITY_NAME": "広川町", "S_NAME": "大字広", "JINKO": 55, "medical_area": "30_有田医療圏", "町丁目名": "広川町大字広" }, "geometry": { "type": "Polygon", "coordinates": [ [ [ 135.174320775863549, 34.029574422235861 ], [ 135.173825237551256, 34.028766873026548 ], [ 135.173659169587694, 34.028855204664268 ], [ 135.172246935924619, 34.027144283290859 ], [ 135.171650685865927, 34.02756694634644 ], [ 135.173033185410446, 34.028993119386605 ], [ 135.173563311675878, 34.029879931794085 ], [ 135.174320775863549, 34.029574422235861 ] ] ] } },
{ "type": "Feature", "properties": { "CITY_NAME": "広川町", "S_NAME": "大字広", "JINKO": 75, "medical_area": "30_有田医療圏", "町丁目名": "広川町大字広" }, "geometry": { "type": "Polygon", "coordinates": [ [ [ 135.171794319207066, 34.027707233496699 ], [ 135.171650685865927, 34.02756694634644 ], [ 135.172246935924619, 34.027144283290859 ], [ 135.170366461315268, 34.025268184828313 ], [ 135.170445031904961, 34.025095449197607 ], [ 135.169961730592917, 34.024767902830277 ], [ 135.170243190073506, 34.023946436485652 ], [ 135.169499868739791, 34.024036491632131 ], [ 135.168451106035121, 34.023386185283606 ], [ 135.167924586019183, 34.023476714345264 ], [ 135.167177193469172, 34.024687610923635 ], [ 135.167352885490516, 34.02479206008686 ], [ 135.166656692832589, 34.025972732121886 ], [ 135.167658352534175, 34.025485792173065 ], [ 135.16774038815683, 34.025887116848686 ], [ 135.168164283698019, 34.025843083230221 ], [ 135.169858160642463, 34.026416619873999 ], [ 135.171469419486044, 34.027765753906337 ], [ 135.170860603259541, 34.028018019060525 ], [ 135.170949434863019, 34.028086939594729 ], [ 135.171794319207066, 34.027707233496699 ] ] ] } },
{ "type": "Feature", "properties": { "CITY_NAME": "広川町", "S_NAME": "大字広", "JINKO": 79, "medical_area": "30_有田医療圏", "町丁目名": "広川町大字広" }, "geometry": { "type": "Polygon", "coordinates": [ [ [ 135.174025288752802, 34.028672290184751 ], [ 135.172710178149316, 34.026846375670011 ], [ 135.172246935924619, 34.027144283290859 ], [ 135.173659169587694, 34.028855204664268 ], [ 135.174025288752802, 34.028672290184751 ] ] ] } },
{ "type": "Feature", "properties": { "CITY_NAME": "広川町", "S_NAME": "大字広", "JINKO": 34, "medical_area": "30_有田医療圏", "町丁目名": "広川町大字広" }, "geometry": { "type": "Polygon", "coordinates": [ [ [ 135.171184636002181, 34.025258643445305 ], [ 135.170603676754467, 34.024882544255057 ], [ 135.17036646131524, 34.025268184828327 ], [ 135.172246935924619, 34.027144283290859 ], [ 135.172710178149316, 34.026846375670011 ], [ 135.171184636002181, 34.025258643445305 ] ] ] } },
{ "type": "Feature", "properties": { "CITY_NAME": "広川町", "S_NAME": "大字広", "JINKO": 0, "medical_area": "30_有田医療圏", "町丁目名": "広川町大字広" }, "geometry": { "type": "Polygon", "coordinates": [ [ [ 135.170131477285707, 34.023995548406631 ], [ 135.170308320077538, 34.023563576520395 ], [ 135.170769122419557, 34.023663750236949 ], [ 135.171662295913876, 34.022251108263021 ], [ 135.171578402630274, 34.021202205402076 ], [ 135.17226591775858, 34.020932577722959 ], [ 135.172000359170852, 34.020561289762213 ], [ 135.170756614033877, 34.021065223504934 ], [ 135.16921797841016, 34.02130837348372 ], [ 135.169102839010407, 34.021832043045073 ], [ 135.168274885801537, 34.022345529331105 ], [ 135.167824477920789, 34.022924820458954 ], [ 135.167924586019183, 34.023476714345264 ], [ 135.168451106035121, 34.023386185283634 ], [ 135.169397982352223, 34.024005797533455 ], [ 135.170131477285707, 34.023995548406631 ] ] ] } },
{ "type": "Feature", "properties": { "CITY_NAME": "広川町", "S_NAME": "大字広", "JINKO": 168, "medical_area": "30_有田医療圏", "町丁目名": "広川町大字広" }, "geometry": { "type": "Polygon", "coordinates": [ [ [ 135.172710178149316, 34.026846375670011 ], [ 135.173289668572068, 34.026563900150094 ], [ 135.174009724298685, 34.025925129114746 ], [ 135.173713367181335, 34.025674642349266 ], [ 135.174168785270865, 34.025274828786834 ], [ 135.173447142330303, 34.02469691808723 ], [ 135.174966484908424, 34.023304528841095 ], [ 135.174366516422651, 34.022400065714251 ], [ 135.174163960829844, 34.022501395147394 ], [ 135.173652765230202, 34.022180154942689 ], [ 135.172931642785045, 34.022442519877863 ], [ 135.172155013881479, 34.023273611135679 ], [ 135.171151483044412, 34.023749446868969 ], [ 135.171661912000332, 34.023983494380737 ], [ 135.171184636002181, 34.025258643445305 ], [ 135.172710178149316, 34.026846375670011 ] ] ] } },
{ "type": "Feature", "properties": { "CITY_NAME": "広川町", "S_NAME": "大字広", "JINKO": 376, "medical_area": "30_有田医療圏", "町丁目名": "広川町大字広" }, "geometry": { "type": "Polygon", "coordinates": [ [ [ 135.171242241911671, 34.024953490550708 ], [ 135.171661912000332, 34.023983494380737 ], [ 135.171151483044412, 34.023749446868969 ], [ 135.172155013881479, 34.023273611135679 ], [ 135.172931642785045, 34.022442519877863 ], [ 135.173551089191506, 34.022188907492719 ], [ 135.174289593435219, 34.022490830128682 ], [ 135.175551529173703, 34.021286871047685 ], [ 135.175346754395548, 34.020733433410541 ], [ 135.17582904810763, 34.020332806904854 ], [ 135.174906865729042, 34.019423221785679 ], [ 135.17461957499026, 34.016818188867674 ], [ 135.173880826646553, 34.017158344801793 ], [ 135.173669005910682, 34.01768517285096 ], [ 135.173651194303915, 34.018416016661753 ], [ 135.1734999526509, 34.01852994615993 ], [ 135.172131263660873, 34.018723004507436 ], [ 135.171469751527269, 34.019121561485335 ], [ 135.170155961679086, 34.018983363663608 ], [ 135.1692834752387, 34.019487117540898 ], [ 135.169199915048864, 34.02054756611804 ], [ 135.169023544828093, 34.020835290291785 ], [ 135.16921797841016, 34.02130837348372 ], [ 135.170756614033877, 34.021065223504934 ], [ 135.172000359170852, 34.020561289762213 ], [ 135.17226591775858, 34.020932577722959 ], [ 135.171578402630274, 34.021202205402076 ], [ 135.171662295913876, 34.022251108263021 ], [ 135.170769122419557, 34.023663750236949 ], [ 135.170308320077538, 34.023563576520395 ], [ 135.170131477285707, 34.023995548406631 ], [ 135.170243190073535, 34.023946436485659 ], [ 135.169961730592973, 34.024767902830291 ], [ 135.170436550303862, 34.025089053351827 ], [ 135.170603676754467, 34.024882544255057 ], [ 135.171184636002181, 34.025258643445305 ], [ 135.171337990736021, 34.025041616671807 ], [ 135.171242241911671, 34.024953490550708 ] ] ] } },
{ "type": "Feature", "properties": { "CITY_NAME": "広川町", "S_NAME": "大字広", "JINKO": 135, "medical_area": "30_有田医療圏", "町丁目名": "広川町大字広" }, "geometry": { "type": "Polygon", "coordinates": [ [ [ 135.175276353846527, 34.029111483656479 ], [ 135.175379219900918, 34.028918764671857 ], [ 135.175186494038542, 34.028973251829626 ], [ 135.175101623433534, 34.02880011841156 ], [ 135.175157480850345, 34.027413372125523 ], [ 135.174921542037453, 34.027387837888561 ], [ 135.174349508151835, 34.027826592789289 ], [ 135.174086933392999, 34.027756081155978 ], [ 135.173800521289593, 34.027150252756428 ], [ 135.173248778190924, 34.026575880501277 ], [ 135.172710178149316, 34.026846375670011 ], [ 135.174025288752802, 34.028672290184751 ], [ 135.173825237551256, 34.028766873026548 ], [ 135.174320775863549, 34.029574422235861 ], [ 135.175276353846527, 34.029111483656479 ] ] ] } },
{ "type": "Feature", "properties": { "CITY_NAME": "広川町", "S_NAME": "大字広", "JINKO": 157, "medical_area": "30_有田医療圏", "町丁目名": "広川町大字広" }, "geometry": { "type": "Polygon", "coordinates": [ [ [ 135.178767386617182, 34.030322851659299 ], [ 135.178517620774784, 34.02983363560346 ], [ 135.178018360337632, 34.029998203455769 ], [ 135.177904616242813, 34.029633580812217 ], [ 135.177644083757059, 34.029578444346946 ], [ 135.177464572057175, 34.029173936779841 ], [ 135.175301366420996, 34.029693011320518 ], [ 135.175259039012531, 34.029152500449506 ], [ 135.173563311675878, 34.029879931794085 ], [ 135.174011093098613, 34.031103844999521 ], [ 135.174138882743847, 34.032018088911968 ], [ 135.176705047292558, 34.030898267870455 ], [ 135.178767386617182, 34.030322851659299 ] ] ] } },
{ "type": "Feature", "properties": { "CITY_NAME": "広川町", "S_NAME": "大字広", "JINKO": 114, "medical_area": "30_有田医療圏", "町丁目名": "広川町大字広" }, "geometry": { "type": "Polygon", "coordinates": [ [ [ 135.175301366420996, 34.029693011320518 ], [ 135.177464572057175, 34.029173936779841 ], [ 135.176851279042239, 34.028407165404808 ], [ 135.17605353440257, 34.027847774688475 ], [ 135.176218274751534, 34.027230332397551 ], [ 135.176121276130743, 34.026648460353897 ], [ 135.176293881726195, 34.026478183966702 ], [ 135.175089453342252, 34.027353468948839 ], [ 135.175101623433534, 34.02880011841156 ], [ 135.175186494038542, 34.028973251829626 ], [ 135.175379219900918, 34.028918764671857 ], [ 135.175301366420996, 34.029693011320518 ] ] ] } },
{ "type": "Feature", "properties": { "CITY_NAME": "広川町", "S_NAME": "大字広", "JINKO": 348, "medical_area": "30_有田医療圏", "町丁目名": "広川町大字広" }, "geometry": { "type": "Polygon", "coordinates": [ [ [ 135.174390787347789, 34.027826870730408 ], [ 135.176573269781613, 34.026226075920995 ], [ 135.175718478046804, 34.024646700896653 ], [ 135.177793113416158, 34.022815822659446 ], [ 135.177511131358017, 34.021924633640566 ], [ 135.17582904810763, 34.020332806904854 ], [ 135.175346754395548, 34.020733433410541 ], [ 135.175551529173703, 34.021286871047685 ], [ 135.174366516422651, 34.022400065714251 ], [ 135.174966484908424, 34.023304528841095 ], [ 135.173447142330303, 34.02469691808723 ], [ 135.174168785270865, 34.025274828786834 ], [ 135.173713367181335, 34.025674642349266 ], [ 135.174009724298685, 34.025925129114746 ], [ 135.173248778190924, 34.026575880501277 ], [ 135.173800521289593, 34.027150252756428 ], [ 135.174086933392999, 34.027756081155978 ], [ 135.174390787347789, 34.027826870730408 ] ] ] } },
{ "type": "Feature", "properties": { "CITY_NAME": "広川町", "S_NAME": "大字広", "JINKO": 84, "medical_area": "30_有田医療圏", "町丁目名": "広川町大字広" }, "geometry": { "type": "Polygon", "coordinates": [ [ [ 135.179810159141169, 34.028264572500404 ], [ 135.18009079716316, 34.027520836081528 ], [ 135.180312517726435, 34.027582468994581 ], [ 135.1806776734376, 34.027039892263893 ], [ 135.18025194034135, 34.027231021400773 ], [ 135.179896396913591, 34.027160323684875 ], [ 135.179961703112809, 34.027494898897238 ], [ 135.179598781682472, 34.027575582733164 ], [ 135.179633276919077, 34.027991232632225 ], [ 135.179111379347148, 34.028382028540761 ], [ 135.179345601671457, 34.028489951381211 ], [ 135.179241592433442, 34.028670552254823 ], [ 135.179645295453611, 34.028880469520544 ], [ 135.179250007355336, 34.029468340736123 ], [ 135.178507325737314, 34.029813423128644 ], [ 135.178767386617182, 34.030322851659299 ], [ 135.180400049474883, 34.0298163698141 ], [ 135.181347187779039, 34.029233166733775 ], [ 135.179810159141169, 34.028264572500404 ] ] ] } },
{ "type": "Feature", "properties": { "CITY_NAME": "広川町", "S_NAME": "大字広", "JINKO": 87, "medical_area": "30_有田医療圏", "町丁目名": "広川町大字広" }, "geometry": { "type": "Polygon", "coordinates": [ [ [ 135.177996803838141, 34.028747156028395 ], [ 135.178670290534427, 34.028762093446964 ], [ 135.178973046061998, 34.028322642319068 ], [ 135.179111379347148, 34.028382028540761 ], [ 135.179386963897713, 34.02811171679479 ], [ 135.179139693220037, 34.028085551245653 ], [ 135.179009634900126, 34.027728707135353 ], [ 135.178450304707468, 34.027842444588821 ], [ 135.178632688150856, 34.027675611216416 ], [ 135.17836029866271, 34.027657727948188 ], [ 135.178162410430332, 34.027326207866992 ], [ 135.178565960244299, 34.027040836774525 ], [ 135.178361280216023, 34.0268085838159 ], [ 135.17709336846201, 34.026434247879152 ], [ 135.176474569243737, 34.025627570760122 ], [ 135.176297414382617, 34.025699773040984 ], [ 135.176573269781613, 34.026226075920995 ], [ 135.176121276130743, 34.026648460353897 ], [ 135.176130043375281, 34.027993100665157 ], [ 135.176851279042239, 34.028407165404808 ], [ 135.177464572057175, 34.029173936779841 ], [ 135.177996803838141, 34.028747156028395 ] ] ] } },
{ "type": "Feature", "properties": { "CITY_NAME": "広川町", "S_NAME": "大字広", "JINKO": 168, "medical_area": "30_有田医療圏", "町丁目名": "広川町大字広" }, "geometry": { "type": "Polygon", "coordinates": [ [ [ 135.179633276919077, 34.027991232632225 ], [ 135.179598781682472, 34.027575582733164 ], [ 135.179961703112809, 34.027494898897238 ], [ 135.179896396913591, 34.027160323684875 ], [ 135.18025194034135, 34.027231021400773 ], [ 135.1806776734376, 34.027039892263893 ], [ 135.180137867364209, 34.026891894221187 ], [ 135.180232464529723, 34.026387515429199 ], [ 135.179869359483803, 34.026223653548129 ], [ 135.179933161873748, 34.026124767856942 ], [ 135.178995232770063, 34.025118612356636 ], [ 135.178040590350463, 34.025639767472263 ], [ 135.177731533036251, 34.025310318979763 ], [ 135.177162398646431, 34.025933644692891 ], [ 135.17709336846201, 34.026434247879152 ], [ 135.178361280216023, 34.0268085838159 ], [ 135.178565960244299, 34.027040836774525 ], [ 135.178162410430332, 34.027326207866992 ], [ 135.17836029866271, 34.027657727948188 ], [ 135.178632688150856, 34.027675611216416 ], [ 135.178450304707468, 34.027842444588821 ], [ 135.178543445231156, 34.027912516938983 ], [ 135.179009634900126, 34.027728707135353 ], [ 135.179139693220037, 34.028085551245653 ], [ 135.179386963897713, 34.02811171679479 ], [ 135.179633276919077, 34.027991232632225 ] ] ] } },
{ "type": "Feature", "properties": { "CITY_NAME": "広川町", "S_NAME": "大字広", "JINKO": 88, "medical_area": "30_有田医療圏", "町丁目名": "広川町大字広" }, "geometry": { "type": "Polygon", "coordinates": [ [ [ 135.179645295453611, 34.028880469520544 ], [ 135.179241592433442, 34.028670552254823 ], [ 135.179345601671457, 34.028489951381211 ], [ 135.178973046061998, 34.028322642319068 ], [ 135.178670290534427, 34.028762093446964 ], [ 135.177996803838141, 34.028747156028395 ], [ 135.177464572057175, 34.029173936779841 ], [ 135.177644083757059, 34.029578444346946 ], [ 135.177904616242813, 34.029633580812217 ], [ 135.178018360337632, 34.029998203455769 ], [ 135.179250007355336, 34.029468340736123 ], [ 135.179645295453611, 34.028880469520544 ] ] ] } },
{ "type": "Feature", "properties": { "CITY_NAME": "広川町", "S_NAME": "大字広", "JINKO": 314, "medical_area": "30_有田医療圏", "町丁目名": "広川町大字広" }, "geometry": { "type": "Polygon", "coordinates": [ [ [ 135.182088686024969, 34.027940582819255 ], [ 135.18230775475908, 34.026416584976289 ], [ 135.181610088966238, 34.025025931225038 ], [ 135.181459830975882, 34.024199301331777 ], [ 135.1817014772883, 34.02337303273849 ], [ 135.181380030576634, 34.023258897599405 ], [ 135.181361142132459, 34.023111564485447 ], [ 135.180950679710605, 34.023582140457364 ], [ 135.180583926712046, 34.023437977545392 ], [ 135.179816387993952, 34.022853457497277 ], [ 135.180112594015384, 34.022521581455003 ], [ 135.179452571079281, 34.022289947252965 ], [ 135.179215447331813, 34.021693757311283 ], [ 135.17771131865112, 34.02176130134638 ], [ 135.177511131358017, 34.021924633640566 ], [ 135.177707101741362, 34.022313474923067 ], [ 135.178237184720444, 34.022290967476117 ], [ 135.178778078183967, 34.022753819352367 ], [ 135.17862046768613, 34.022905464718868 ], [ 135.179044398587081, 34.023885221017792 ], [ 135.178512039164332, 34.024591771573128 ], [ 135.179654663997525, 34.025783554526903 ], [ 135.179933161873748, 34.026124767856942 ], [ 135.179869359483803, 34.026223653548129 ], [ 135.180232464529723, 34.026387515429199 ], [ 135.180137867364209, 34.026891894221187 ], [ 135.1806776734376, 34.027039892263893 ], [ 135.180312517726435, 34.027582468994581 ], [ 135.18009079716316, 34.027520836081528 ], [ 135.179810159141169, 34.028264572500404 ], [ 135.181347187779039, 34.029233166733775 ], [ 135.182088686024969, 34.027940582819255 ] ] ] } },
{ "type": "Feature", "properties": { "CITY_NAME": "広川町", "S_NAME": "大字広", "JINKO": 174, "medical_area": "30_有田医療圏", "町丁目名": "広川町大字広" }, "geometry": { "type": "Polygon", "coordinates": [ [ [ 135.177162398646431, 34.025933644692891 ], [ 135.177731533036251, 34.025310318979763 ], [ 135.178040590350463, 34.025639767472263 ], [ 135.178995232770063, 34.025118612356636 ], [ 135.178512039164332, 34.024591771573128 ], [ 135.1784170984985, 34.024656356832388 ], [ 135.178154512232908, 34.023981249417631 ], [ 135.177928095415723, 34.024109752952604 ], [ 135.177798646278944, 34.024006896929087 ], [ 135.177339043078831, 34.02329806798965 ], [ 135.17659652237154, 34.023744425569198 ], [ 135.175718478046804, 34.024646700896653 ], [ 135.176297414382617, 34.025699773040984 ], [ 135.176474569243737, 34.025627570760122 ], [ 135.17709336846201, 34.026434247879152 ], [ 135.177162398646431, 34.025933644692891 ] ] ] } },
{ "type": "Feature", "properties": { "CITY_NAME": "広川町", "S_NAME": "大字広", "JINKO": 101, "medical_area": "30_有田医療圏", "町丁目名": "広川町大字広" }, "geometry": { "type": "Polygon", "coordinates": [ [ [ 135.1784170984985, 34.024656356832388 ], [ 135.179044398587081, 34.023885221017792 ], [ 135.17862046768613, 34.022905464718868 ], [ 135.178778078183967, 34.022753819352367 ], [ 135.178237184720444, 34.022290967476117 ], [ 135.177707101741362, 34.022313474923067 ], [ 135.177793113416158, 34.022815822659446 ], [ 135.177339043078831, 34.02329806798965 ], [ 135.177656437319996, 34.023841269063553 ], [ 135.177928095415723, 34.024109752952604 ], [ 135.178154512232908, 34.023981249417631 ], [ 135.1784170984985, 34.024656356832388 ] ] ] } },
{ "type": "Feature", "properties": { "CITY_NAME": "広川町", "S_NAME": "大字広", "JINKO": 126, "medical_area": "30_有田医療圏", "町丁目名": "広川町大字広" }, "geometry": { "type": "Polygon", "coordinates": [ [ [ 135.174143891997744, 34.031919938212617 ], [ 135.173518766807518, 34.029762430000808 ], [ 135.172205180265024, 34.028057527178085 ], [ 135.171794319207066, 34.027707233496699 ], [ 135.170949434863019, 34.028086939594729 ], [ 135.169806251399649, 34.028058783007758 ], [ 135.170422782440454, 34.030227517761922 ], [ 135.170158209295636, 34.030919920941251 ], [ 135.170269590738087, 34.030949411334063 ], [ 135.170509073773871, 34.030192321653409 ], [ 135.170458932557665, 34.030041676840185 ], [ 135.170822831791298, 34.029957786330677 ], [ 135.171059350965834, 34.03076120048253 ], [ 135.170677681332847, 34.030862720690038 ], [ 135.17052520967988, 34.030638978845012 ], [ 135.170723516115999, 34.031300281967219 ], [ 135.17375625695712, 34.031701800084143 ], [ 135.173783922610966, 34.031806650309377 ], [ 135.173493869499993, 34.031899357962644 ], [ 135.17408029926591, 34.031724831879018 ], [ 135.174086295135709, 34.032040978285025 ], [ 135.174143891997744, 34.031919938212617 ] ] ] } },
{ "type": "Feature", "properties": { "CITY_NAME": "広川町", "S_NAME": "大字和田", "JINKO": 200, "medical_area": "30_有田医療圏", "町丁目名": "広川町大字和田" }, "geometry": { "type": "Polygon", "coordinates": [ [ [ 135.169106534183896, 34.028889387356962 ], [ 135.167748648810772, 34.028034979355724 ], [ 135.16783999718615, 34.027567355630126 ], [ 135.167473930491411, 34.02664162688459 ], [ 135.166301901891188, 34.026155984735688 ], [ 135.166228905667055, 34.025765285572582 ], [ 135.167052469245817, 34.024613372074676 ], [ 135.16682349715893, 34.024039331329597 ], [ 135.165049346833001, 34.023247425008343 ], [ 135.162617505359435, 34.023461870806258 ], [ 135.162466133556961, 34.02376806964665 ], [ 135.162908283653337, 34.025080592935971 ], [ 135.161714870748256, 34.025606754563107 ], [ 135.160683286890787, 34.026372218558407 ], [ 135.161096450376363, 34.026956546072086 ], [ 135.164117410119985, 34.027892383830931 ], [ 135.16486507267922, 34.028340081691525 ], [ 135.165383641473653, 34.028452078409856 ], [ 135.166665180101745, 34.028380778427419 ], [ 135.16692454560976, 34.028085873398801 ], [ 135.167550062077851, 34.028065608815858 ], [ 135.168862417116543, 34.028991270853666 ], [ 135.169152086933451, 34.02958121217587 ], [ 135.169289569149925, 34.029571015370166 ], [ 135.169106534183896, 34.028889387356962 ] ] ] } },
{ "type": "Feature", "properties": { "CITY_NAME": "広川町", "S_NAME": "大字唐尾", "JINKO": 328, "medical_area": "30_有田医療圏", "町丁目名": "広川町大字唐尾" }, "geometry": { "type": "Polygon", "coordinates": [ [ [ 135.151408601648512, 34.00795673007373 ], [ 135.152961616779521, 34.007489205238215 ], [ 135.153529521442749, 34.007575524679183 ], [ 135.153278360796293, 34.006719017120702 ], [ 135.153257558224993, 34.00600144179662 ], [ 135.153641099571928, 34.004479907148088 ], [ 135.154116925730023, 34.004126364967725 ], [ 135.15442242275202, 34.00353344442847 ], [ 135.155386149765377, 34.003331441055082 ], [ 135.157240240964313, 34.00249316928145 ], [ 135.157836845527953, 34.001243804452827 ], [ 135.158192444854905, 34.00109874844523 ], [ 135.159131762863922, 34.001001912866194 ], [ 135.160227495128709, 34.001201122556246 ], [ 135.161868414824511, 34.001101599734703 ], [ 135.162403578127112, 34.000875490286312 ], [ 135.16366074452776, 33.997965801602298 ], [ 135.163875409355967, 33.99681227396372 ], [ 135.164209602831875, 33.996086250544813 ], [ 135.163536958825176, 33.995476078732423 ], [ 135.162467080833807, 33.994871653698176 ], [ 135.160637769541751, 33.994577588592627 ], [ 135.157911901774355, 33.993626294776412 ], [ 135.157329251695529, 33.992899098192602 ], [ 135.156187927058994, 33.992763796339631 ], [ 135.155084158457385, 33.992276573507169 ], [ 135.154381815258347, 33.992361482766349 ], [ 135.153697520716094, 33.992690354623065 ], [ 135.152986804641841, 33.992612638710476 ], [ 135.152455077667156, 33.992093683902489 ], [ 135.150194561837253, 33.991787064853384 ], [ 135.14811694868925, 33.990777323025426 ], [ 135.146928489523702, 33.990921513560998 ], [ 135.145825513239515, 33.990379977919396 ], [ 135.145147828771172, 33.990257370440872 ], [ 135.143983467514317, 33.989489436390649 ], [ 135.143691921550214, 33.989514316384458 ], [ 135.143153039215036, 33.990223652255445 ], [ 135.141951113552608, 33.991280122257805 ], [ 135.141138927351477, 33.991499574125719 ], [ 135.140854828738071, 33.991750314723284 ], [ 135.140924662547803, 33.99287085783407 ], [ 135.140297542198851, 33.993706070378479 ], [ 135.139844664699638, 33.995165843288611 ], [ 135.139035894803754, 33.995882002552541 ], [ 135.138538638322501, 33.996691051795132 ], [ 135.138388584049636, 33.997358277607908 ], [ 135.136458801372243, 33.998752322213328 ], [ 135.134353387527284, 33.999913236871969 ], [ 135.13494646164844, 34.00024688679396 ], [ 135.135587247644878, 34.000186018695537 ], [ 135.137051747388767, 34.000440118244875 ], [ 135.138455469785868, 34.001935238640222 ], [ 135.138531576323714, 34.002515157586949 ], [ 135.139004630336302, 34.002820058033578 ], [ 135.140057550394857, 34.003043919313185 ], [ 135.140271098257415, 34.003328974155551 ], [ 135.14080489829422, 34.004457648327275 ], [ 135.140408267786597, 34.005770005930806 ], [ 135.140484704415144, 34.006024096827829 ], [ 135.141910819898413, 34.006288289556124 ], [ 135.143417354764892, 34.007525557579697 ], [ 135.143944110912088, 34.007277488695188 ], [ 135.14343320528593, 34.007471434516027 ], [ 135.142355557011172, 34.006578184931229 ], [ 135.142517671115371, 34.006435911656716 ], [ 135.142654281431049, 34.006551525206277 ], [ 135.144239439699021, 34.005291084643495 ], [ 135.144429261026431, 34.005439041834613 ], [ 135.144606739998125, 34.005290533278902 ], [ 135.14511488965988, 34.005743275745196 ], [ 135.144254283074332, 34.006419658338523 ], [ 135.14447559984734, 34.006606713658257 ], [ 135.145515156058764, 34.005753092876155 ], [ 135.147727914406175, 34.005259469900281 ], [ 135.149776099245685, 34.006532704829738 ], [ 135.150889849403796, 34.006787200361394 ], [ 135.151744178200374, 34.007437984457759 ], [ 135.151408601648512, 34.00795673007373 ] ] ] } },
{ "type": "Feature", "properties": { "CITY_NAME": "広川町", "S_NAME": "大字西広", "JINKO": 397, "medical_area": "30_有田医療圏", "町丁目名": "広川町大字西広" }, "geometry": { "type": "Polygon", "coordinates": [ [ [ 135.142895134767571, 34.019216145884812 ], [ 135.143368130574771, 34.0189719296175 ], [ 135.144222469142278, 34.019104223655987 ], [ 135.145961685795612, 34.018615923783607 ], [ 135.146571862532227, 34.018727915318046 ], [ 135.147884193319697, 34.018270169524961 ], [ 135.148677498338856, 34.017507230565244 ], [ 135.149837065250438, 34.017863345037206 ], [ 135.15025997202963, 34.018256052744462 ], [ 135.150226355482999, 34.017306931879801 ], [ 135.151591033905561, 34.016223650119208 ], [ 135.151717834424971, 34.0156940162151 ], [ 135.152214634301856, 34.015467127000562 ], [ 135.154522451316581, 34.016552501264862 ], [ 135.155565912671932, 34.016872967355106 ], [ 135.156727998230281, 34.01784222731461 ], [ 135.15765519949403, 34.017671376305223 ], [ 135.158345248724828, 34.01839185004502 ], [ 135.158743691373331, 34.018446980858684 ], [ 135.158990373620753, 34.01879618786284 ], [ 135.159418821481381, 34.018957171681279 ], [ 135.160245561740084, 34.019189202885933 ], [ 135.161170875741163, 34.018685454910603 ], [ 135.162267873947002, 34.016784345071386 ], [ 135.162171253103111, 34.015811703080821 ], [ 135.161716292293335, 34.015474599664891 ], [ 135.16094241333235, 34.01541845813081 ], [ 135.160285699510098, 34.013749483039561 ], [ 135.15974556803522, 34.01357759070595 ], [ 135.159797016048174, 34.013239439872017 ], [ 135.160124161372096, 34.012818373960172 ], [ 135.160870849912698, 34.012471172830566 ], [ 135.161029932793326, 34.011773841764338 ], [ 135.162391988297713, 34.011410688848386 ], [ 135.162503397878595, 34.010994478861988 ], [ 135.162228162526048, 34.010168381166835 ], [ 135.162492767487549, 34.008748120155232 ], [ 135.162971091629828, 34.008553038798652 ], [ 135.163649265744567, 34.008979983216307 ], [ 135.164004575670106, 34.008961976801665 ], [ 135.164859467654736, 34.007958047593128 ], [ 135.165050326151288, 34.007224996847164 ], [ 135.164343826145796, 34.006832662409025 ], [ 135.164515133814263, 34.005599677489137 ], [ 135.163216562082624, 34.005293465664565 ], [ 135.162209459585995, 34.003431787632522 ], [ 135.161562116404269, 34.002953489335042 ], [ 135.161550819757593, 34.002053681706286 ], [ 135.161868414824511, 34.001101599734703 ], [ 135.160227495128709, 34.001201122556246 ], [ 135.159131762863922, 34.001001912866194 ], [ 135.158192444854905, 34.00109874844523 ], [ 135.157836845527953, 34.001243804452827 ], [ 135.157240240964313, 34.00249316928145 ], [ 135.155386149765377, 34.003331441055082 ], [ 135.15442242275202, 34.00353344442847 ], [ 135.154116925730023, 34.004126364967725 ], [ 135.153641099571928, 34.004479907148088 ], [ 135.153257558224993, 34.00600144179662 ], [ 135.153278360796293, 34.006719017120702 ], [ 135.153529521442749, 34.007575524679183 ], [ 135.152961616779521, 34.007489205238215 ], [ 135.151408601648512, 34.00795673007373 ], [ 135.150935602911176, 34.009828103952508 ], [ 135.150066035387141, 34.010062124013054 ], [ 135.149409928046197, 34.010041663620655 ], [ 135.147075495765762, 34.010784176303474 ], [ 135.146297518714931, 34.011618209888397 ], [ 135.146907749441681, 34.012431720030271 ], [ 135.146892505759098, 34.012696447891436 ], [ 135.146099264439073, 34.013642105604099 ], [ 135.145656756246296, 34.013784558526538 ], [ 135.144436065918711, 34.01315388401575 ], [ 135.143703644772444, 34.013082735120335 ], [ 135.143139274493677, 34.013214895410819 ], [ 135.143001790718273, 34.013337200558524 ], [ 135.143154589772962, 34.014893303528993 ], [ 135.14280351967588, 34.015717195417587 ], [ 135.141521940269541, 34.016154549186346 ], [ 135.14083538452536, 34.016154556898243 ], [ 135.140499836171045, 34.016307031829427 ], [ 135.140179323347638, 34.016856434113102 ], [ 135.139813247612977, 34.017100257594173 ], [ 135.138928405232377, 34.016917151486943 ], [ 135.13857732685625, 34.016469840576029 ], [ 135.137951823486617, 34.016622253950295 ], [ 135.137097473561141, 34.016561480404626 ], [ 135.136838048612645, 34.016805336260525 ], [ 135.13952326991236, 34.019287170640624 ], [ 135.141369461683666, 34.019561920509815 ], [ 135.142895134767571, 34.019216145884812 ] ] ] } },
{ "type": "Feature", "properties": { "CITY_NAME": "広川町", "S_NAME": "大字山本", "JINKO": 147, "medical_area": "30_有田医療圏", "町丁目名": "広川町大字山本" }, "geometry": { "type": "Polygon", "coordinates": [ [ [ 135.165523805439392, 34.015814544717969 ], [ 135.165900659374415, 34.015298997522315 ], [ 135.167592220680859, 34.014672212832537 ], [ 135.166920658243356, 34.014254492023596 ], [ 135.167144799032314, 34.013933145138431 ], [ 135.16670939698065, 34.013020185883867 ], [ 135.166632558683574, 34.012009221345927 ], [ 135.166865507184269, 34.011209122020666 ], [ 135.166521636911824, 34.01082531500461 ], [ 135.16667453597185, 34.010263441144915 ], [ 135.166552281341154, 34.008342850654884 ], [ 135.165931907755947, 34.007816014912464 ], [ 135.167054222971274, 34.007719388936898 ], [ 135.166840472769195, 34.006976687312644 ], [ 135.166544352810774, 34.006779996913409 ], [ 135.166610694348861, 34.00619541845613 ], [ 135.167947246859313, 34.004783814636141 ], [ 135.168557480670046, 34.004570161508383 ], [ 135.168709956977892, 34.004275227006495 ], [ 135.168740071118208, 34.003344285039447 ], [ 135.168450582129225, 34.002658263456397 ], [ 135.168862775543261, 34.002119126772179 ], [ 135.169106921937299, 34.001041010676587 ], [ 135.169719478837237, 33.999880157042405 ], [ 135.169887349437261, 33.997371976713794 ], [ 135.169659355587129, 33.996215162665365 ], [ 135.16998943488187, 33.995480641643027 ], [ 135.169937780164616, 33.995035143965829 ], [ 135.16729553028884, 33.99472610525811 ], [ 135.166283035324199, 33.995198338925483 ], [ 135.165377085510528, 33.995886257498093 ], [ 135.164236741600149, 33.996156025088581 ], [ 135.163875409355967, 33.99681227396372 ], [ 135.16366074452776, 33.997965801602298 ], [ 135.162403578127112, 34.000875490286312 ], [ 135.161868414824511, 34.001101599734703 ], [ 135.161550819757593, 34.002053681706286 ], [ 135.161562116404269, 34.002953489335042 ], [ 135.162209459585995, 34.003431787632522 ], [ 135.163216562082624, 34.005293465664565 ], [ 135.164515133814263, 34.005599677489137 ], [ 135.164343826145796, 34.006832662409025 ], [ 135.165050326151288, 34.007224996847164 ], [ 135.164859467654736, 34.007958047593128 ], [ 135.164004575670106, 34.008961976801665 ], [ 135.163649265744567, 34.008979983216307 ], [ 135.162971091629828, 34.008553038798652 ], [ 135.162492767487549, 34.008748120155232 ], [ 135.162228162526048, 34.010168381166835 ], [ 135.162503397878595, 34.010994478861988 ], [ 135.162391988297713, 34.011410688848386 ], [ 135.161029932793326, 34.011773841764338 ], [ 135.160870849912698, 34.012471172830566 ], [ 135.159951145601269, 34.012961296750738 ], [ 135.15974556803522, 34.01357759070595 ], [ 135.160285699510098, 34.013749483039561 ], [ 135.16094241333235, 34.01541845813081 ], [ 135.161716292293335, 34.015474599664891 ], [ 135.162171253103111, 34.015811703080821 ], [ 135.162267873947002, 34.016784345071386 ], [ 135.161992751519762, 34.017273668844084 ], [ 135.164199520905669, 34.016591429488535 ], [ 135.165523805439392, 34.015814544717969 ] ] ] } },
{ "type": "Feature", "properties": { "CITY_NAME": "広川町", "S_NAME": "大字山本", "JINKO": 395, "medical_area": "30_有田医療圏", "町丁目名": "広川町大字山本" }, "geometry": { "type": "Polygon", "coordinates": [ [ [ 135.160683286890787, 34.026372218558407 ], [ 135.161714870748256, 34.025606754563107 ], [ 135.162908283653337, 34.025080592935971 ], [ 135.16248054283173, 34.023592506657351 ], [ 135.163110286995959, 34.023327324423867 ], [ 135.165049346833001, 34.023247425008343 ], [ 135.166676249896426, 34.023898167872403 ], [ 135.167177193469172, 34.024687610923635 ], [ 135.167863135766538, 34.02373253556857 ], [ 135.167824477920789, 34.022924820458954 ], [ 135.168274885801537, 34.022345529331105 ], [ 135.169227147856247, 34.021644263908073 ], [ 135.169023544828093, 34.020835290291785 ], [ 135.169199915048864, 34.02054756611804 ], [ 135.1692834752387, 34.019487117540898 ], [ 135.170155961679086, 34.018983363663608 ], [ 135.171469751527269, 34.019121561485335 ], [ 135.172131263660873, 34.018723004507436 ], [ 135.173184652626588, 34.01861375117015 ], [ 135.173041525075746, 34.0180903081217 ], [ 135.173286561772244, 34.017776273850096 ], [ 135.173117063259355, 34.017364502312901 ], [ 135.171998415985115, 34.015934897417942 ], [ 135.172269195120151, 34.015320568260506 ], [ 135.171855746670019, 34.014641049528201 ], [ 135.171803413303138, 34.013914381656562 ], [ 135.1714511764701, 34.013508981188068 ], [ 135.171433431577213, 34.01251264390212 ], [ 135.170775929374258, 34.012040381558826 ], [ 135.170400067968728, 34.011247005582746 ], [ 135.168945433828924, 34.010575504022981 ], [ 135.168086737619575, 34.01059997496764 ], [ 135.167743295733118, 34.010232655670535 ], [ 135.167032741562878, 34.010052878232123 ], [ 135.166796451758074, 34.009001801258144 ], [ 135.166615188707539, 34.008856180582576 ], [ 135.16667453597185, 34.010263441144915 ], [ 135.166521636911824, 34.01082531500461 ], [ 135.166865507184269, 34.011209122020666 ], [ 135.166632558683574, 34.012009221345927 ], [ 135.16670939698065, 34.013020185883867 ], [ 135.167144799032314, 34.013933145138431 ], [ 135.166920658243356, 34.014254492023596 ], [ 135.167592220680859, 34.014672212832537 ], [ 135.165900659374415, 34.015298997522315 ], [ 135.165523805439392, 34.015814544717969 ], [ 135.164199520905669, 34.016591429488535 ], [ 135.161992751519762, 34.017273668844084 ], [ 135.161170875741163, 34.018685454910603 ], [ 135.160416760072792, 34.019146283426153 ], [ 135.158990373620753, 34.01879618786284 ], [ 135.158743691373331, 34.018446980858684 ], [ 135.158345248724828, 34.01839185004502 ], [ 135.15765519949403, 34.017671376305223 ], [ 135.156727998230281, 34.01784222731461 ], [ 135.155565912671932, 34.016872967355106 ], [ 135.154522451316581, 34.016552501264862 ], [ 135.152214634301856, 34.015467127000562 ], [ 135.151717834424971, 34.0156940162151 ], [ 135.151591033905561, 34.016223650119208 ], [ 135.150226355482999, 34.017306931879801 ], [ 135.15025997202963, 34.018256052744462 ], [ 135.150660803815981, 34.018453221921277 ], [ 135.151210211968134, 34.018433070410723 ], [ 135.151789860652855, 34.018860240137251 ], [ 135.15182042952668, 34.019734818474141 ], [ 135.151301591215429, 34.019989166345276 ], [ 135.15174400988289, 34.020284098040804 ], [ 135.151606780066714, 34.020670536881738 ], [ 135.15131686435322, 34.021006335993746 ], [ 135.150294745600178, 34.020986032838344 ], [ 135.149928431965805, 34.02148428423471 ], [ 135.150325258842543, 34.022247149450799 ], [ 135.15131681920812, 34.022918472242488 ], [ 135.15165263127767, 34.023447353438833 ], [ 135.151637347319109, 34.023640659093623 ], [ 135.150996558952386, 34.02396614685135 ], [ 135.150798217346249, 34.024525569708175 ], [ 135.151225399318093, 34.025206798081371 ], [ 135.152339169910846, 34.025918962367399 ], [ 135.153681752306881, 34.026173183692876 ], [ 135.154246153618942, 34.026010703693295 ], [ 135.154825838441013, 34.026081744241921 ], [ 135.155207460209908, 34.025634296635154 ], [ 135.155909263456749, 34.025400207030827 ], [ 135.156870276237328, 34.02465780970099 ], [ 135.157404422376288, 34.024413687110631 ], [ 135.157770466151732, 34.024454652262463 ], [ 135.157953520816534, 34.024566206391917 ], [ 135.158563952948242, 34.026041044708009 ], [ 135.159158910156179, 34.026193872613653 ], [ 135.160028512914295, 34.025919214406095 ], [ 135.160683286890787, 34.026372218558407 ] ] ] } },
{ "type": "Feature", "properties": { "CITY_NAME": "広川町", "S_NAME": "大字上中野", "JINKO": 585, "medical_area": "30_有田医療圏", "町丁目名": "広川町大字上中野" }, "geometry": { "type": "Polygon", "coordinates": [ [ [ 135.175232538762543, 34.019850974094993 ], [ 135.175976308917541, 34.019202485135992 ], [ 135.178437660830099, 34.01862495089302 ], [ 135.178862335932706, 34.018364229126057 ], [ 135.179595519266826, 34.017237819550701 ], [ 135.179184876259683, 34.016576372257973 ], [ 135.17925525725579, 34.016241152820683 ], [ 135.178689292122442, 34.015943796398702 ], [ 135.179361104319213, 34.015234368989347 ], [ 135.178986041667628, 34.015078455263861 ], [ 135.17888171729669, 34.014263818553651 ], [ 135.178720584547875, 34.014035660462334 ], [ 135.177970624781977, 34.014024160770269 ], [ 135.177669271957711, 34.013759422065846 ], [ 135.177561133014194, 34.013368773796984 ], [ 135.177855452877139, 34.013353419127277 ], [ 135.177893349089203, 34.012896132212475 ], [ 135.17832787582185, 34.012698866791752 ], [ 135.178564052706719, 34.012300239898366 ], [ 135.178885339387904, 34.012215614228708 ], [ 135.179252099691439, 34.011570916206132 ], [ 135.179054138079749, 34.011329409179567 ], [ 135.179031323155243, 34.01036852490752 ], [ 135.178864839927542, 34.010187239698105 ], [ 135.179050776854183, 34.009180982445351 ], [ 135.178731646985256, 34.008497178789298 ], [ 135.17908029407883, 34.007773467267377 ], [ 135.178075570459271, 34.007286379875843 ], [ 135.178062476726126, 34.006986098676599 ], [ 135.177642335940476, 34.006605473374321 ], [ 135.177804716588639, 34.005578069652763 ], [ 135.178917623488161, 34.003862677454642 ], [ 135.179060391494716, 34.003034751327995 ], [ 135.178851380688911, 34.002959255929753 ], [ 135.178025920335585, 34.001769151790604 ], [ 135.177394409525704, 33.999339835043976 ], [ 135.176861355323524, 33.99910509660635 ], [ 135.176224501067139, 33.998348157396379 ], [ 135.175094319709956, 33.9975360660154 ], [ 135.174798147259935, 33.997039058721924 ], [ 135.175036867094605, 33.995691404250763 ], [ 135.1748680754894, 33.994614587815107 ], [ 135.174120552754744, 33.994778189295587 ], [ 135.172383353880548, 33.994533653155912 ], [ 135.171959221033205, 33.994748299612951 ], [ 135.171062640809595, 33.994763107812979 ], [ 135.169937780164616, 33.995035143965829 ], [ 135.16998943488187, 33.995480641643027 ], [ 135.169659355587129, 33.996215162665365 ], [ 135.169887349437261, 33.997371976713794 ], [ 135.169719478837237, 33.999880157042405 ], [ 135.169106921937299, 34.001041010676587 ], [ 135.168862775543261, 34.002119126772179 ], [ 135.168450582129225, 34.002658263456397 ], [ 135.168740071118208, 34.003344285039447 ], [ 135.168709956977892, 34.004275227006495 ], [ 135.168557480670046, 34.004570161508383 ], [ 135.167947246859313, 34.004783814636141 ], [ 135.166610694348861, 34.00619541845613 ], [ 135.166544352810774, 34.006779996913409 ], [ 135.166840472769195, 34.006976687312644 ], [ 135.167054222971274, 34.007719388936898 ], [ 135.166044527347196, 34.007767476177506 ], [ 135.165931103376153, 34.007898417696396 ], [ 135.16629937170967, 34.008007978574334 ], [ 135.166552281341154, 34.008342850654884 ], [ 135.167032741562878, 34.010052878232123 ], [ 135.167743295733118, 34.010232655670535 ], [ 135.168086737619575, 34.01059997496764 ], [ 135.168945433828924, 34.010575504022981 ], [ 135.170400067968728, 34.011247005582746 ], [ 135.170775929374258, 34.012040381558826 ], [ 135.171433431577213, 34.01251264390212 ], [ 135.1714511764701, 34.013508981188068 ], [ 135.171803413303138, 34.013914381656562 ], [ 135.171855746670019, 34.014641049528201 ], [ 135.172269195120151, 34.015320568260506 ], [ 135.171998415985115, 34.015934897417942 ], [ 135.173117063259355, 34.017364502312901 ], [ 135.173286561772244, 34.017776273850096 ], [ 135.173041525075746, 34.0180903081217 ], [ 135.173184652626588, 34.01861375117015 ], [ 135.173651194303915, 34.018416016661753 ], [ 135.173669005910682, 34.01768517285096 ], [ 135.173880826646553, 34.017158344801793 ], [ 135.17461957499026, 34.016818188867674 ], [ 135.174884494473673, 34.019331085050773 ], [ 135.175232538762543, 34.019850974094993 ] ] ] } },
{ "type": "Feature", "properties": { "CITY_NAME": "広川町", "S_NAME": "大字南金屋", "JINKO": 244, "medical_area": "30_有田医療圏", "町丁目名": "広川町大字南金屋" }, "geometry": { "type": "Polygon", "coordinates": [ [ [ 135.176708275613436, 34.020312510059448 ], [ 135.179810231491189, 34.018695694003988 ], [ 135.181187842060837, 34.018250172009758 ], [ 135.183004585172114, 34.017002493770761 ], [ 135.183517622873183, 34.013948207286276 ], [ 135.182855044627445, 34.013935768513136 ], [ 135.182876843325744, 34.0131252130954 ], [ 135.183200585740622, 34.012863520177063 ], [ 135.183260505670546, 34.012576687057638 ], [ 135.183090596984954, 34.012531182790283 ], [ 135.183291452772039, 34.012277123789787 ], [ 135.182738675257525, 34.012423329597873 ], [ 135.183495912087977, 34.010753148565797 ], [ 135.183998797618727, 34.009180439141744 ], [ 135.18377112350862, 34.008587131131989 ], [ 135.183795062955852, 34.007551755117362 ], [ 135.183169883510004, 34.007029900628716 ], [ 135.183138209834823, 34.006230111906603 ], [ 135.182800259234966, 34.005319111521267 ], [ 135.182393243382478, 34.004820821018441 ], [ 135.180937909633457, 34.003648241125852 ], [ 135.18040788669083, 34.003473125306037 ], [ 135.180230741518272, 34.003020593196077 ], [ 135.179747836359724, 34.002818459000913 ], [ 135.179060391494716, 34.003034751327995 ], [ 135.178917623488161, 34.003862677454642 ], [ 135.177804716588639, 34.005578069652763 ], [ 135.177642335940476, 34.006605473374321 ], [ 135.178062476726126, 34.006986098676599 ], [ 135.178075570459271, 34.007286379875843 ], [ 135.17908029407883, 34.007773467267377 ], [ 135.178731646985256, 34.008497178789298 ], [ 135.179050776854183, 34.009180982445351 ], [ 135.178864839927542, 34.010187239698105 ], [ 135.179031323155243, 34.01036852490752 ], [ 135.179054138079749, 34.011329409179567 ], [ 135.179252099691439, 34.011570916206132 ], [ 135.178885339387904, 34.012215614228708 ], [ 135.178564052706719, 34.012300239898366 ], [ 135.17832787582185, 34.012698866791752 ], [ 135.177893349089203, 34.012896132212475 ], [ 135.177855452877139, 34.013353419127277 ], [ 135.177561133014194, 34.013368773796984 ], [ 135.177669271957711, 34.013759422065846 ], [ 135.177970624781977, 34.014024160770269 ], [ 135.178720584547875, 34.014035660462334 ], [ 135.17888171729669, 34.014263818553651 ], [ 135.178986041667628, 34.015078455263861 ], [ 135.179361104319213, 34.015234368989347 ], [ 135.178689292122442, 34.015943796398702 ], [ 135.17925525725579, 34.016241152820683 ], [ 135.179184876259683, 34.016576372257973 ], [ 135.179595519266826, 34.017237819550701 ], [ 135.178862335932706, 34.018364229126057 ], [ 135.178437660830099, 34.01862495089302 ], [ 135.175976308917541, 34.019202485135992 ], [ 135.175232538762543, 34.019850974094993 ], [ 135.176359582949175, 34.020788696644352 ], [ 135.176708275613436, 34.020312510059448 ] ] ] } },
{ "type": "Feature", "properties": { "CITY_NAME": "広川町", "S_NAME": "大字殿", "JINKO": 157, "medical_area": "30_有田医療圏", "町丁目名": "広川町大字殿" }, "geometry": { "type": "Polygon", "coordinates": [ [ [ 135.185402455641992, 34.017430475016546 ], [ 135.186298292542062, 34.015533837786172 ], [ 135.187217423643517, 34.01521043319741 ], [ 135.187789483769961, 34.015315362310169 ], [ 135.18792534834617, 34.014530773899004 ], [ 135.18856681910998, 34.013544280549134 ], [ 135.189565967955559, 34.01282540113057 ], [ 135.190950926821188, 34.012404458450419 ], [ 135.191229411740636, 34.012158925782941 ], [ 135.191260024824544, 34.01187386646761 ], [ 135.191199202091099, 34.011589190494874 ], [ 135.190680353229425, 34.011324880043979 ], [ 135.187696421738877, 34.01031387700781 ], [ 135.187274728308978, 34.010853579105834 ], [ 135.186575139668349, 34.010812040158626 ], [ 135.185029873674239, 34.01008476893049 ], [ 135.183998797618727, 34.009180439141744 ], [ 135.183495912087977, 34.010753148565797 ], [ 135.182738675257525, 34.012423329597873 ], [ 135.183291452772039, 34.012277123789787 ], [ 135.183090596984954, 34.012531182790283 ], [ 135.183260505670546, 34.012576687057638 ], [ 135.183200585740622, 34.012863520177063 ], [ 135.182876843325744, 34.0131252130954 ], [ 135.182855044627445, 34.013935768513136 ], [ 135.183517622873183, 34.013948207286276 ], [ 135.183004585172114, 34.017002493770761 ], [ 135.183704556055943, 34.016724568730389 ], [ 135.185402455641992, 34.017430475016546 ] ] ] } },
{ "type": "Feature", "properties": { "CITY_NAME": "広川町", "S_NAME": "大字東中", "JINKO": 142, "medical_area": "30_有田医療圏", "町丁目名": "広川町大字東中" }, "geometry": { "type": "Polygon", "coordinates": [ [ [ 135.18471330208132, 34.021647593093206 ], [ 135.186466394459472, 34.020765840509746 ], [ 135.18655864258713, 34.020130994420803 ], [ 135.186017089819558, 34.018385277311147 ], [ 135.187570314765651, 34.016045164489235 ], [ 135.18778948376999, 34.015315362310169 ], [ 135.187217423643489, 34.01521043319741 ], [ 135.186298292542062, 34.01553383778618 ], [ 135.185402455641963, 34.017430475016546 ], [ 135.183627015161932, 34.01671334684449 ], [ 135.18247305729264, 34.017320415636441 ], [ 135.181187842060837, 34.018250172009758 ], [ 135.178611821698809, 34.019266927300201 ], [ 135.177133840302588, 34.020189006474901 ], [ 135.17799779570089, 34.020753340427405 ], [ 135.179503149558172, 34.019790865701125 ], [ 135.180639606460318, 34.01950545500781 ], [ 135.181215916284259, 34.019194601811357 ], [ 135.181762072157454, 34.018693513252167 ], [ 135.182464595391025, 34.019299002379249 ], [ 135.183341475632375, 34.020654362949351 ], [ 135.18377610003057, 34.020573438633328 ], [ 135.18415515271036, 34.020934610674075 ], [ 135.184331813970147, 34.021585047527658 ], [ 135.18471330208132, 34.021647593093206 ] ] ] } },
{ "type": "Feature", "properties": { "CITY_NAME": "広川町", "S_NAME": "大字名島", "JINKO": 308, "medical_area": "30_有田医療圏", "町丁目名": "広川町大字名島" }, "geometry": { "type": "Polygon", "coordinates": [ [ [ 135.182919132618935, 34.025919311008444 ], [ 135.183247606062707, 34.025839654862345 ], [ 135.185006391510314, 34.026112383888396 ], [ 135.185650505083572, 34.025846193852161 ], [ 135.18562126916882, 34.025319716395167 ], [ 135.185750804554516, 34.025246620284953 ], [ 135.187720354834454, 34.025315881009291 ], [ 135.188306128723582, 34.025204949812789 ], [ 135.188637244896995, 34.025016685815672 ], [ 135.189306898792069, 34.023974319203248 ], [ 135.187467552347897, 34.022325545552761 ], [ 135.186459267849841, 34.021885977922452 ], [ 135.185922569505891, 34.021146663502876 ], [ 135.184713302081292, 34.021647593093206 ], [ 135.184331813970147, 34.021585047527658 ], [ 135.184155152710332, 34.020934610674054 ], [ 135.18377610003057, 34.020573438633321 ], [ 135.183341475632375, 34.020654362949351 ], [ 135.182464595391025, 34.019299002379249 ], [ 135.181762072157454, 34.018693513252167 ], [ 135.181215916284259, 34.019194601811357 ], [ 135.180639606460346, 34.019505455007817 ], [ 135.179503149558144, 34.019790865701161 ], [ 135.17799779570089, 34.020753340427405 ], [ 135.17713384030256, 34.020189006474901 ], [ 135.176708275613436, 34.020312510059448 ], [ 135.176359582949175, 34.020788696644352 ], [ 135.177511131358017, 34.021924633640566 ], [ 135.17771131865112, 34.02176130134638 ], [ 135.179215447331813, 34.021693757311283 ], [ 135.179452571079281, 34.022289947252965 ], [ 135.180112594015384, 34.022521581455003 ], [ 135.179816387993952, 34.022853457497277 ], [ 135.180583926712046, 34.023437977545392 ], [ 135.180950679710605, 34.023582140457364 ], [ 135.181361142132459, 34.023111564485447 ], [ 135.181380030576634, 34.023258897599405 ], [ 135.1817014772883, 34.02337303273849 ], [ 135.181459830975882, 34.024199301331777 ], [ 135.181610088966238, 34.025025931225038 ], [ 135.18225610172945, 34.026095343874168 ], [ 135.182304365855117, 34.026470092202594 ], [ 135.182614341497896, 34.026370170372161 ], [ 135.182919132618935, 34.025919311008444 ] ] ] } },
{ "type": "Feature", "properties": { "CITY_NAME": "広川町", "S_NAME": "大字柳瀬", "JINKO": 119, "medical_area": "30_有田医療圏", "町丁目名": "広川町大字柳瀬" }, "geometry": { "type": "Polygon", "coordinates": [ [ [ 135.192222033118554, 34.025158104081676 ], [ 135.194342474357029, 34.024988493710502 ], [ 135.19501253482224, 34.025187149458638 ], [ 135.196118463709269, 34.02468149715061 ], [ 135.197200412385087, 34.024997506076978 ], [ 135.197769563401806, 34.02451156753304 ], [ 135.198872896306796, 34.024289580099676 ], [ 135.19972464184309, 34.02330919357928 ], [ 135.201295735703781, 34.023188557161781 ], [ 135.202040291843929, 34.020322055465783 ], [ 135.202385269169298, 34.019876470144496 ], [ 135.202601233035438, 34.018400277810912 ], [ 135.201007493895787, 34.017578931382374 ], [ 135.198745060944873, 34.01708002990221 ], [ 135.197593640186142, 34.017055190882523 ], [ 135.197279085323089, 34.016108181326757 ], [ 135.19661693289396, 34.01565179908917 ], [ 135.196248204268187, 34.015627410056297 ], [ 135.195069214381334, 34.014941679842472 ], [ 135.193958895482353, 34.014536861525897 ], [ 135.192194057641359, 34.014116741665433 ], [ 135.188673713169663, 34.014711948543798 ], [ 135.187872936772152, 34.014705387456516 ], [ 135.187775346998848, 34.01563659156291 ], [ 135.187570314765651, 34.016045164489235 ], [ 135.186017089819558, 34.018385277311147 ], [ 135.18655864258713, 34.020130994420803 ], [ 135.186466394459472, 34.020765840509746 ], [ 135.185922569505891, 34.02114666350289 ], [ 135.186459267849841, 34.021885977922452 ], [ 135.187467552347897, 34.022325545552761 ], [ 135.189306898792069, 34.023974319203248 ], [ 135.189613564529765, 34.023865904030515 ], [ 135.191099436111415, 34.024188154227886 ], [ 135.192222033118554, 34.025158104081676 ] ] ] } },
{ "type": "Feature", "properties": { "CITY_NAME": "広川町", "S_NAME": "大字井関", "JINKO": 247, "medical_area": "30_有田医療圏", "町丁目名": "広川町大字井関" }, "geometry": { "type": "Polygon", "coordinates": [ [ [ 135.202601233035409, 34.018400277810912 ], [ 135.205300604977793, 34.01835634713764 ], [ 135.206171405305383, 34.016960161933397 ], [ 135.207267303668999, 34.016205681921633 ], [ 135.207207012349386, 34.015757461859117 ], [ 135.207566994453458, 34.014720711005516 ], [ 135.208501739700978, 34.013772603472503 ], [ 135.208551828480182, 34.012658203854869 ], [ 135.208856268466377, 34.011889027642766 ], [ 135.209472497424912, 34.011189756375586 ], [ 135.210763532946117, 34.010606793742724 ], [ 135.211313865709457, 34.010070917532104 ], [ 135.211369452753843, 34.00918096246334 ], [ 135.210785073182961, 34.008606129983228 ], [ 135.210268987372018, 34.0071502975523 ], [ 135.208587746855102, 34.006758869820821 ], [ 135.207515840147096, 34.006201022432649 ], [ 135.206764215408356, 34.006118699299229 ], [ 135.206272410077275, 34.005590640639397 ], [ 135.205467863219525, 34.005406681472216 ], [ 135.205075564092596, 34.004175746823506 ], [ 135.204786831769582, 34.003875796693649 ], [ 135.204078173288678, 34.003931930467026 ], [ 135.203836275175036, 34.004368899023639 ], [ 135.202786269231552, 34.004633279004317 ], [ 135.20131334169605, 34.003962334043017 ], [ 135.199616505327725, 34.003749439635278 ], [ 135.198754876347067, 34.003442506836393 ], [ 135.196487514355596, 34.002332870782453 ], [ 135.196211969695753, 34.001301164388778 ], [ 135.195517610218985, 34.000622696739491 ], [ 135.194802062449185, 33.999376658044127 ], [ 135.194293972743424, 33.999045240042776 ], [ 135.194665748940196, 33.998299934297627 ], [ 135.194459417230348, 33.998011768882385 ], [ 135.193396612384191, 33.998061427645816 ], [ 135.19220645998567, 33.998386911069382 ], [ 135.191138479467327, 33.998874907723632 ], [ 135.190711273586402, 33.999424310424452 ], [ 135.19065918670907, 33.999762340054673 ], [ 135.189975532390974, 33.999779953182063 ], [ 135.187929978514489, 33.998908688854939 ], [ 135.186100190518317, 33.998517217933262 ], [ 135.185579324469245, 33.998049030986593 ], [ 135.185328920103984, 33.996915607690354 ], [ 135.184438557224638, 33.995974454835114 ], [ 135.18421559966427, 33.995359901635119 ], [ 135.181993681060476, 33.994139708872048 ], [ 135.179253738860695, 33.993558817967902 ], [ 135.177026056122344, 33.993439969012719 ], [ 135.175542292101539, 33.993801504246399 ], [ 135.175250420994274, 33.994348655362771 ], [ 135.1748680754894, 33.994614587815107 ], [ 135.175036867094605, 33.995691404250763 ], [ 135.174798147259935, 33.997039058721924 ], [ 135.175094319709956, 33.9975360660154 ], [ 135.176224501067139, 33.998348157396379 ], [ 135.176861355323524, 33.99910509660635 ], [ 135.177394409525704, 33.999339835043976 ], [ 135.178025920335585, 34.001769151790604 ], [ 135.178851380688911, 34.002959255929753 ], [ 135.179060391494716, 34.003034751327995 ], [ 135.179747836359724, 34.002818459000913 ], [ 135.180230741518272, 34.003020593196077 ], [ 135.18040788669083, 34.003473125306037 ], [ 135.180937909633457, 34.003648241125852 ], [ 135.181715062323065, 34.004228453325503 ], [ 135.182800259234966, 34.005319111521267 ], [ 135.183138209834823, 34.006230111906603 ], [ 135.183169883510004, 34.007029900628716 ], [ 135.183795062955852, 34.007551755117362 ], [ 135.18377112350862, 34.008587131131989 ], [ 135.183998797618727, 34.009180439141744 ], [ 135.185029873674239, 34.01008476893049 ], [ 135.186575139668349, 34.010812040158626 ], [ 135.187274728308978, 34.010853579105834 ], [ 135.187696421738877, 34.01031387700781 ], [ 135.191199202091099, 34.011589190494874 ], [ 135.191229411740636, 34.012158925782941 ], [ 135.191051176527395, 34.01233088058347 ], [ 135.18918732452525, 34.013036037716333 ], [ 135.18856681910998, 34.013544280549134 ], [ 135.187872936772152, 34.014705387456495 ], [ 135.188673713169635, 34.014711948543798 ], [ 135.192194057641359, 34.014116741665404 ], [ 135.193958895482353, 34.014536861525897 ], [ 135.195069214381334, 34.01494167984248 ], [ 135.196248204268187, 34.015627410056297 ], [ 135.19661693289396, 34.01565179908917 ], [ 135.197279085323089, 34.016108181326757 ], [ 135.197593640186142, 34.017055190882523 ], [ 135.199947844025814, 34.017310440821063 ], [ 135.201007493895816, 34.017578931382346 ], [ 135.202601233035409, 34.018400277810912 ] ] ] } },
{ "type": "Feature", "properties": { "CITY_NAME": "広川町", "S_NAME": "大字河瀬", "JINKO": 65, "medical_area": "30_有田医療圏", "町丁目名": "広川町大字河瀬" }, "geometry": { "type": "Polygon", "coordinates": [ [ [ 135.204078173288678, 34.003931930467026 ], [ 135.203879430339896, 34.00295214980062 ], [ 135.20360841797438, 34.002539753980017 ], [ 135.201841548803117, 34.001362454790865 ], [ 135.200120803439546, 33.999572928050831 ], [ 135.198764109109902, 33.998918356775455 ], [ 135.198274282385682, 33.998945738553132 ], [ 135.198197705139847, 33.99911231343836 ], [ 135.198085702401386, 33.99822466174259 ], [ 135.197510796117172, 33.998225848135839 ], [ 135.197538170306558, 33.997166960530407 ], [ 135.196917278841369, 33.997185026611604 ], [ 135.196690968156133, 33.996494126663521 ], [ 135.196696529258048, 33.9944387115887 ], [ 135.196394407253365, 33.993161560256262 ], [ 135.195591692084577, 33.991552479255745 ], [ 135.194181626944669, 33.990147905557571 ], [ 135.193962932673827, 33.98974752250691 ], [ 135.193995534546758, 33.988158136494235 ], [ 135.192936012350799, 33.986800367457064 ], [ 135.192054045745977, 33.986099231533842 ], [ 135.191264439365852, 33.983969123138529 ], [ 135.190490757882458, 33.983711733741991 ], [ 135.188973895974129, 33.984170850899091 ], [ 135.188625026713936, 33.984117273668261 ], [ 135.1876762961613, 33.98288514653094 ], [ 135.187056180448792, 33.984795219551309 ], [ 135.186331398735604, 33.984934822989018 ], [ 135.181794506099067, 33.984505235220993 ], [ 135.177553449930031, 33.984416962258877 ], [ 135.175560927438283, 33.984076390314421 ], [ 135.17608654794418, 33.985659216806674 ], [ 135.175869643549873, 33.987352578463494 ], [ 135.17486710389673, 33.990270029231233 ], [ 135.174643145784501, 33.991945435778192 ], [ 135.174738353455695, 33.992471235447731 ], [ 135.175542292101539, 33.993801504246385 ], [ 135.177026056122344, 33.993439969012719 ], [ 135.179253738860695, 33.993558817967909 ], [ 135.181993681060504, 33.994139708872048 ], [ 135.18421559966427, 33.995359901635119 ], [ 135.184438557224667, 33.995974454835128 ], [ 135.185328920103984, 33.996915607690354 ], [ 135.185579324469302, 33.998049030986586 ], [ 135.186100190518317, 33.998517217933262 ], [ 135.187929978514489, 33.998908688854939 ], [ 135.189975532390974, 33.999779953182063 ], [ 135.190659186709098, 33.999762340054666 ], [ 135.190711273586402, 33.999424310424452 ], [ 135.191138479467298, 33.998874907723632 ], [ 135.19220645998567, 33.998386911069396 ], [ 135.193396612384191, 33.998061427645816 ], [ 135.194459417230348, 33.998011768882385 ], [ 135.194665748940224, 33.998299934297634 ], [ 135.194293972743395, 33.999045240042761 ], [ 135.194802062449185, 33.999376658044127 ], [ 135.195517610218985, 34.000622696739491 ], [ 135.196211969695753, 34.001301164388778 ], [ 135.196487514355596, 34.00233287078246 ], [ 135.198754876347067, 34.003442506836365 ], [ 135.199616505327725, 34.003749439635278 ], [ 135.20131334169605, 34.003962334043017 ], [ 135.202786269231552, 34.004633279004345 ], [ 135.203836275175007, 34.004368899023639 ], [ 135.204078173288678, 34.003931930467026 ] ] ] } },
{ "type": "Feature", "properties": { "CITY_NAME": "広川町", "S_NAME": "大字前田", "JINKO": 188, "medical_area": "30_有田医療圏", "町丁目名": "広川町大字前田" }, "geometry": { "type": "Polygon", "coordinates": [ [ [ 135.213194485351295, 34.010231131694042 ], [ 135.213637493028983, 34.00983035867322 ], [ 135.214009949241643, 34.01010081464311 ], [ 135.214682158494355, 34.009893789350691 ], [ 135.216637977367071, 34.008671477614136 ], [ 135.21733730037306, 34.008605058755819 ], [ 135.217970860768247, 34.008063333076727 ], [ 135.219115655370814, 34.008144826068524 ], [ 135.219651909406082, 34.007892674468252 ], [ 135.220825132849626, 34.007769218460268 ], [ 135.22262092507313, 34.007266634113407 ], [ 135.223836431739613, 34.007477559173218 ], [ 135.224868377404817, 34.007272726285436 ], [ 135.225859270428828, 34.0080406511155 ], [ 135.226187499184732, 34.007968606903262 ], [ 135.226647246506616, 34.008214213771687 ], [ 135.228889095248064, 34.008422214444209 ], [ 135.229791570911544, 34.008711709057593 ], [ 135.230698287643605, 34.008747366196985 ], [ 135.231328301163558, 34.008590409125432 ], [ 135.231929542781529, 34.008904779558108 ], [ 135.233139358881004, 34.009123610545636 ], [ 135.23462585924787, 34.008973077605489 ], [ 135.235697953653158, 34.009393336675984 ], [ 135.23677958567302, 34.009372422673465 ], [ 135.237854834576382, 34.009137892483658 ], [ 135.238588076164291, 34.009192854600265 ], [ 135.239534128753576, 34.009845590315564 ], [ 135.24059685401545, 34.00952587056419 ], [ 135.241117671572368, 34.008748769234273 ], [ 135.2391651608865, 34.008215783167678 ], [ 135.236654546216641, 34.006925624153567 ], [ 135.233201758786322, 34.006141233939474 ], [ 135.230903053502743, 34.00526521053235 ], [ 135.230434200641128, 34.004669768939785 ], [ 135.228219718001867, 34.004027655509724 ], [ 135.227838450433921, 34.003289201951219 ], [ 135.22518085834912, 34.000409184801065 ], [ 135.2246001727693, 34.000261993027443 ], [ 135.223486264982739, 33.999501045417709 ], [ 135.221335028721427, 33.999038683356702 ], [ 135.219439638246058, 33.997707158364975 ], [ 135.218194134161337, 33.997196644161029 ], [ 135.217962280004372, 33.996620695181207 ], [ 135.217212425941938, 33.996131198820983 ], [ 135.216873015384323, 33.995536674430362 ], [ 135.215347247545566, 33.995042244576794 ], [ 135.215049988403166, 33.994555613853727 ], [ 135.214342053279125, 33.994192028298365 ], [ 135.213760276675856, 33.994170435971895 ], [ 135.212644566352623, 33.993624773508472 ], [ 135.210791274672999, 33.993595055019888 ], [ 135.209881389272283, 33.992933901462045 ], [ 135.209342584934916, 33.992930449069235 ], [ 135.208655091428511, 33.992692613186662 ], [ 135.207951200718526, 33.991898223432706 ], [ 135.207863787073137, 33.989707523501806 ], [ 135.207715106922223, 33.989473142898866 ], [ 135.205801585009397, 33.988976228996712 ], [ 135.204964800021003, 33.988575829084255 ], [ 135.20440446527536, 33.988572213745627 ], [ 135.203765447793813, 33.988854480938571 ], [ 135.201312777548281, 33.988724084205344 ], [ 135.200897252895317, 33.987704151718297 ], [ 135.200597814362965, 33.987399475831914 ], [ 135.199433875584987, 33.986850971280766 ], [ 135.198432249623949, 33.985777346684642 ], [ 135.19649748674351, 33.982103868503756 ], [ 135.196138686732411, 33.9806911033305 ], [ 135.192930814582951, 33.981298268814363 ], [ 135.192101315139951, 33.981597817330496 ], [ 135.191611552520754, 33.981958757763131 ], [ 135.191323040069676, 33.982344543925407 ], [ 135.190990827198107, 33.983817013792297 ], [ 135.191410971179153, 33.984210132771693 ], [ 135.191440050037983, 33.984630406160306 ], [ 135.192054045745977, 33.986099231533842 ], [ 135.192936012350799, 33.986800367457079 ], [ 135.193995534546758, 33.988158136494221 ], [ 135.193962932673855, 33.98974752250691 ], [ 135.194458850855852, 33.990475418445072 ], [ 135.195591692084577, 33.991552479255709 ], [ 135.196394407253365, 33.993161560256262 ], [ 135.196696529258048, 33.9944387115887 ], [ 135.196690968156162, 33.996494126663528 ], [ 135.196917278841397, 33.997185026611604 ], [ 135.19753817030653, 33.997166960530421 ], [ 135.197510796117172, 33.99822584813586 ], [ 135.198085702401357, 33.99822466174259 ], [ 135.198197705139847, 33.99911231343836 ], [ 135.198274282385682, 33.998945738553132 ], [ 135.198764109109902, 33.998918356775455 ], [ 135.200120803439546, 33.999572928050831 ], [ 135.201841548803117, 34.001362454790865 ], [ 135.20360841797438, 34.002539753980017 ], [ 135.203879430339896, 34.00295214980062 ], [ 135.204078173288678, 34.003931930467026 ], [ 135.204786831769582, 34.003875796693649 ], [ 135.205075564092596, 34.004175746823506 ], [ 135.205467863219525, 34.005406681472216 ], [ 135.206272410077275, 34.005590640639397 ], [ 135.206764215408356, 34.006118699299229 ], [ 135.207515840147096, 34.006201022432649 ], [ 135.208587746855102, 34.006758869820821 ], [ 135.210268987372018, 34.0071502975523 ], [ 135.210785073182961, 34.008606129983228 ], [ 135.211369452753843, 34.00918096246334 ], [ 135.211313865709457, 34.010070917532104 ], [ 135.213194485351295, 34.010231131694042 ] ] ] } },
{ "type": "Feature", "properties": { "CITY_NAME": "広川町", "S_NAME": "大字下津木", "JINKO": 41, "medical_area": "30_有田医療圏", "町丁目名": "広川町大字下津木" }, "geometry": { "type": "Polygon", "coordinates": [ [ [ 135.237572044626631, 34.000681132382077 ], [ 135.234657684004617, 33.999051620388002 ], [ 135.233990249252599, 33.998127727467953 ], [ 135.23296337229516, 33.996106173468647 ], [ 135.231925567836726, 33.995964488469461 ], [ 135.231236169291947, 33.995683244252966 ], [ 135.227398481378088, 33.9929748399856 ], [ 135.22460237329966, 33.99168889748087 ], [ 135.219827189723588, 33.99003385599201 ], [ 135.217188113082727, 33.988623651985712 ], [ 135.212857283008248, 33.987535514829226 ], [ 135.211715242704003, 33.986719347968197 ], [ 135.210138774879226, 33.985217431223958 ], [ 135.208076265413013, 33.984812294429879 ], [ 135.206780890581996, 33.984057335044099 ], [ 135.206357613487, 33.983311783245036 ], [ 135.204918072467621, 33.982789022571779 ], [ 135.20309834109591, 33.980643601816979 ], [ 135.201497590602258, 33.979565844894601 ], [ 135.198635695246878, 33.978902075806133 ], [ 135.196138686732411, 33.98069110333055 ], [ 135.196497486743539, 33.982103868503756 ], [ 135.198432249623949, 33.985777346684607 ], [ 135.19943387558493, 33.986850971280766 ], [ 135.200597814362965, 33.987399475831914 ], [ 135.200897252895317, 33.987704151718269 ], [ 135.201312777548281, 33.988724084205316 ], [ 135.203765447793813, 33.988854480938571 ], [ 135.20440446527536, 33.988572213745627 ], [ 135.204964800021031, 33.988575829084255 ], [ 135.205801585009397, 33.988976228996698 ], [ 135.207715106922223, 33.989473142898866 ], [ 135.207863787073137, 33.989707523501806 ], [ 135.207951200718526, 33.99189822343272 ], [ 135.208655091428398, 33.992692613186662 ], [ 135.209342584934888, 33.992930449069235 ], [ 135.209881389272283, 33.992933901462045 ], [ 135.210791274672999, 33.993595055019867 ], [ 135.212644566352623, 33.993624773508472 ], [ 135.213760276675856, 33.994170435971895 ], [ 135.214342053279125, 33.994192028298365 ], [ 135.215049988403166, 33.994555613853727 ], [ 135.215347247545566, 33.99504224457678 ], [ 135.216873015384323, 33.995536674430319 ], [ 135.217212425941938, 33.996131198820983 ], [ 135.217962280004372, 33.996620695181207 ], [ 135.218194134161337, 33.997196644161043 ], [ 135.219439638246087, 33.997707158364996 ], [ 135.221335028721427, 33.999038683356702 ], [ 135.223486264982739, 33.999501045417709 ], [ 135.224600172769243, 34.000261993027458 ], [ 135.22518085834912, 34.000409184801079 ], [ 135.227838450433921, 34.003289201951205 ], [ 135.22821971800181, 34.004027655509745 ], [ 135.230434200641128, 34.004669768939785 ], [ 135.230903053502743, 34.00526521053235 ], [ 135.233201758786322, 34.006141233939474 ], [ 135.236654546216641, 34.006925624153567 ], [ 135.2391651608865, 34.008215783167685 ], [ 135.241117671572368, 34.008748769234273 ], [ 135.240505156012489, 34.006360405331584 ], [ 135.240924786011306, 34.00573708233344 ], [ 135.240965739272696, 34.004935613687721 ], [ 135.238615306602583, 34.002505119504399 ], [ 135.237572044626631, 34.000681132382077 ] ] ] } },
{ "type": "Feature", "properties": { "CITY_NAME": "広川町", "S_NAME": "大字下津木", "JINKO": 169, "medical_area": "30_有田医療圏", "町丁目名": "広川町大字下津木" }, "geometry": { "type": "Polygon", "coordinates": [ [ [ 135.225583723628887, 33.973869241766501 ], [ 135.22185064127919, 33.972598044929718 ], [ 135.220156229186159, 33.97230208713092 ], [ 135.219841764584032, 33.971936786810893 ], [ 135.219140460797149, 33.971550726529124 ], [ 135.217636303960688, 33.971254105318238 ], [ 135.212239533084471, 33.972585290337101 ], [ 135.210711941043172, 33.972566097789112 ], [ 135.202753727820294, 33.973232389046231 ], [ 135.202500079403848, 33.973606883015151 ], [ 135.200719750909627, 33.973863581137849 ], [ 135.198402642682083, 33.975033291321168 ], [ 135.198128375363012, 33.975386228753138 ], [ 135.198262716002262, 33.977273967876286 ], [ 135.1987714505849, 33.978518091754523 ], [ 135.198635695246935, 33.978902075806133 ], [ 135.201497590602287, 33.979565844894601 ], [ 135.203098341095938, 33.980643601816972 ], [ 135.204918072467621, 33.982789022571779 ], [ 135.206357613487, 33.983311783245057 ], [ 135.206780890581996, 33.984057335044099 ], [ 135.208076265413013, 33.984812294429879 ], [ 135.210138774879226, 33.985217431223958 ], [ 135.211715242704003, 33.986719347968183 ], [ 135.212857283008276, 33.987535514829254 ], [ 135.217188113082727, 33.988623651985712 ], [ 135.219827189723588, 33.99003385599201 ], [ 135.22460237329966, 33.99168889748087 ], [ 135.227398481378088, 33.9929748399856 ], [ 135.231236169291918, 33.995683244252966 ], [ 135.231925567836726, 33.995964488469497 ], [ 135.23296337229516, 33.996106173468647 ], [ 135.233424576944941, 33.995128419887962 ], [ 135.23357746186349, 33.994346123057994 ], [ 135.233539992406662, 33.993053397610197 ], [ 135.233263958230708, 33.991809480539132 ], [ 135.233497337135987, 33.989545014599791 ], [ 135.233160862448131, 33.988772217089384 ], [ 135.233089803070129, 33.987973457145195 ], [ 135.233212405880323, 33.987426792803355 ], [ 135.23303440325671, 33.985965544830556 ], [ 135.231724294439516, 33.98275477745446 ], [ 135.232191616329089, 33.981304436614323 ], [ 135.231172347218745, 33.979761301733838 ], [ 135.230642356455519, 33.97924761406329 ], [ 135.22734283188737, 33.978158472909243 ], [ 135.225609516998475, 33.976288211242576 ], [ 135.225750249351506, 33.974077793440784 ], [ 135.225583723628887, 33.973869241766501 ] ] ] } },
{ "type": "Feature", "properties": { "CITY_NAME": "広川町", "S_NAME": "大字下津木", "JINKO": 44, "medical_area": "30_有田医療圏", "町丁目名": "広川町大字下津木" }, "geometry": { "type": "Polygon", "coordinates": [ [ [ 135.237572044626631, 34.000681132382077 ], [ 135.238287657855835, 34.000001060407484 ], [ 135.238527098351966, 33.999352978245156 ], [ 135.238402002500806, 33.997997434948289 ], [ 135.239337945140107, 33.996036499379223 ], [ 135.239774059540451, 33.99437098437587 ], [ 135.240628897494332, 33.992897103408438 ], [ 135.24069835054047, 33.992255719047677 ], [ 135.240673562892624, 33.991018288570565 ], [ 135.240146453677312, 33.987651581449455 ], [ 135.239834862477238, 33.986527755340035 ], [ 135.238742337573768, 33.984328743234222 ], [ 135.239052861889945, 33.981862698055892 ], [ 135.240443559950563, 33.980446619154961 ], [ 135.240948081078216, 33.979788606720135 ], [ 135.24117332340515, 33.979178602112249 ], [ 135.241159829175274, 33.978650525130369 ], [ 135.240473193929802, 33.977632566801255 ], [ 135.239560382250346, 33.976779439344263 ], [ 135.239440105118405, 33.976100245743567 ], [ 135.23953183666552, 33.975310928042262 ], [ 135.239935366724637, 33.974579037404069 ], [ 135.240844374257875, 33.973628945150004 ], [ 135.242130662183484, 33.972919244178144 ], [ 135.242582546900792, 33.972117064125605 ], [ 135.243088329010078, 33.971882515184213 ], [ 135.24502867292702, 33.971546594016338 ], [ 135.248032059526651, 33.972007157157989 ], [ 135.253400817043882, 33.976078359059265 ], [ 135.25558851980017, 33.97692005761413 ], [ 135.256711210286795, 33.977682611468971 ], [ 135.256787286572148, 33.976302233355419 ], [ 135.257233498955287, 33.975516596338572 ], [ 135.25818303136171, 33.975128148986883 ], [ 135.259125102449332, 33.973842573849247 ], [ 135.259300078045129, 33.973084320756776 ], [ 135.259025087974834, 33.972426060181661 ], [ 135.257850188282475, 33.970884463057097 ], [ 135.256262839700469, 33.969568007997601 ], [ 135.255387910556436, 33.967759811580272 ], [ 135.254812948699595, 33.967109861364804 ], [ 135.254787982458055, 33.965051814087779 ], [ 135.254130997744767, 33.963814900017503 ], [ 135.252975586673585, 33.963551923191837 ], [ 135.249563391175599, 33.963576810479736 ], [ 135.248475998374602, 33.962385272910367 ], [ 135.247388574001548, 33.961768635400922 ], [ 135.246188666272076, 33.961485338581468 ], [ 135.244051386121953, 33.960252022413741 ], [ 135.24217647153742, 33.96063539344307 ], [ 135.240714099997405, 33.960002052460425 ], [ 135.23913918868729, 33.96006039425032 ], [ 135.238539279801756, 33.960268710372013 ], [ 135.23735188846976, 33.959743805453023 ], [ 135.236639469578279, 33.958860484691208 ], [ 135.235722264967961, 33.960041816012343 ], [ 135.234986840794789, 33.960704864820343 ], [ 135.233699383361085, 33.961513385011962 ], [ 135.232655530126777, 33.96291634230537 ], [ 135.230402047142206, 33.963837853239944 ], [ 135.229750653849493, 33.964821740293246 ], [ 135.229132324274872, 33.965361372610964 ], [ 135.226023820116922, 33.967245132569488 ], [ 135.225816313451674, 33.967531215364083 ], [ 135.22542014486126, 33.969252893813319 ], [ 135.225024316269099, 33.969908012273734 ], [ 135.223187819487237, 33.970609013402466 ], [ 135.22096170892263, 33.972009222341867 ], [ 135.220417208766804, 33.97208890197696 ], [ 135.219841764584032, 33.971936786810893 ], [ 135.220156229186159, 33.97230208713092 ], [ 135.22185064127919, 33.972598044929718 ], [ 135.225583723628887, 33.973869241766508 ], [ 135.225808488976298, 33.974312714157598 ], [ 135.225609516998475, 33.976288211242576 ], [ 135.22734283188737, 33.978158472909243 ], [ 135.23064235645549, 33.97924761406329 ], [ 135.231172347218745, 33.979761301733838 ], [ 135.232191616329061, 33.981304436614323 ], [ 135.231724294439516, 33.98275477745446 ], [ 135.23303440325671, 33.985965544830556 ], [ 135.233212405880323, 33.987426792803355 ], [ 135.233089803070129, 33.987973457145181 ], [ 135.233160862448187, 33.988772217089398 ], [ 135.233497337136015, 33.989545014599813 ], [ 135.233263958230708, 33.991809480539132 ], [ 135.233539992406691, 33.993053397610183 ], [ 135.233577461863518, 33.994346123057987 ], [ 135.233424576944941, 33.995128419887948 ], [ 135.23296337229516, 33.996106173468647 ], [ 135.233990249252599, 33.998127727467953 ], [ 135.234657684004617, 33.999051620388002 ], [ 135.237572044626631, 34.000681132382077 ] ] ] } },
{ "type": "Feature", "properties": { "CITY_NAME": "広川町", "S_NAME": "大字下津木", "JINKO": 35, "medical_area": "30_有田医療圏", "町丁目名": "広川町大字下津木" }, "geometry": { "type": "Polygon", "coordinates": [ [ [ 135.241263468462051, 34.015119887342763 ], [ 135.24156090069576, 34.015383322038204 ], [ 135.241142267137633, 34.015842110508061 ], [ 135.241178369437677, 34.016139014947456 ], [ 135.242413056256993, 34.015579447472845 ], [ 135.24357551633517, 34.014262921812382 ], [ 135.244362924775032, 34.014138003589586 ], [ 135.246475334561666, 34.014254614085672 ], [ 135.247225284898462, 34.013696393656957 ], [ 135.248975089555785, 34.01376297992919 ], [ 135.250349999592686, 34.014187908686772 ], [ 135.252824776574187, 34.014121346461714 ], [ 135.255374614405753, 34.014496271306037 ], [ 135.257574473710974, 34.014296234082174 ], [ 135.259586838263914, 34.013662963745489 ], [ 135.260924207440866, 34.013613078778526 ], [ 135.263673967397551, 34.014404617202615 ], [ 135.264286429243953, 34.014671284976536 ], [ 135.264698895490852, 34.015187941567604 ], [ 135.265761272862363, 34.015121290948827 ], [ 135.267198629427895, 34.015279582989422 ], [ 135.267773604042929, 34.015146203949868 ], [ 135.269036041144943, 34.015304563666326 ], [ 135.270048395703469, 34.014687882061232 ], [ 135.269973495809751, 34.014238045432272 ], [ 135.269585993331901, 34.013746349357604 ], [ 135.269036094277112, 34.013521355711731 ], [ 135.268948582358888, 34.012954796830449 ], [ 135.269498594026373, 34.012188165962755 ], [ 135.270273558232589, 34.009871674654057 ], [ 135.271036052785234, 34.009505110918127 ], [ 135.272523419385351, 34.00822191224696 ], [ 135.273185889925401, 34.007946895192362 ], [ 135.27394835838632, 34.007022037867266 ], [ 135.275098223399624, 34.006847094038626 ], [ 135.277323023601241, 34.006005498614329 ], [ 135.279272902636023, 34.004314037554046 ], [ 135.277735610969387, 34.003664024703212 ], [ 135.276323233504854, 34.002655803115658 ], [ 135.276285739268104, 34.001989266939042 ], [ 135.275298316335778, 34.000447679597002 ], [ 135.274560921176601, 33.999922812640115 ], [ 135.273461027437747, 33.99783974504205 ], [ 135.273111096020074, 33.997639752533281 ], [ 135.27162373514588, 33.997389793327329 ], [ 135.270986292478227, 33.996631530853655 ], [ 135.269773869519042, 33.996123292735703 ], [ 135.269548867021882, 33.995564959011233 ], [ 135.267911495361346, 33.995356636175728 ], [ 135.266911612364709, 33.994573378071721 ], [ 135.265986720163284, 33.994090188614436 ], [ 135.264886837345074, 33.992981886782353 ], [ 135.263411947581972, 33.992698672250313 ], [ 135.260437187322708, 33.990390562485643 ], [ 135.259324766853979, 33.989865614594301 ], [ 135.258724893835307, 33.989123980633323 ], [ 135.258337429632888, 33.988257396961664 ], [ 135.258524895572009, 33.986707647934814 ], [ 135.257849978655742, 33.985407854193618 ], [ 135.258075023606807, 33.983374731897719 ], [ 135.257887553153665, 33.981074995171163 ], [ 135.25722514560178, 33.97990839279673 ], [ 135.25638771687548, 33.979133481679433 ], [ 135.256711210286795, 33.977682611468971 ], [ 135.25558851980017, 33.97692005761413 ], [ 135.253400817043882, 33.976078359059265 ], [ 135.248032059526651, 33.972007157157989 ], [ 135.24502867292702, 33.971546594016338 ], [ 135.243088329010078, 33.971882515184213 ], [ 135.242582546900792, 33.972117064125605 ], [ 135.242130662183484, 33.972919244178144 ], [ 135.240432499646232, 33.973959295379132 ], [ 135.23953183666552, 33.975310928042262 ], [ 135.239440105118405, 33.976100245743567 ], [ 135.239560382250346, 33.976779439344263 ], [ 135.240473193929802, 33.977632566801255 ], [ 135.241159829175274, 33.978650525130369 ], [ 135.24117332340515, 33.979178602112249 ], [ 135.240948081078216, 33.979788606720135 ], [ 135.240443559950563, 33.980446619154961 ], [ 135.239052861889945, 33.981862698055892 ], [ 135.238785833214195, 33.983593229847152 ], [ 135.238742337573768, 33.984328743234222 ], [ 135.239834862477238, 33.986527755340035 ], [ 135.240146453677312, 33.987651581449455 ], [ 135.240673562892624, 33.991018288570565 ], [ 135.24069835054047, 33.992255719047677 ], [ 135.240628897494332, 33.992897103408438 ], [ 135.239774059540451, 33.99437098437587 ], [ 135.239337945140107, 33.996036499379223 ], [ 135.238402002500806, 33.997997434948289 ], [ 135.238527098351966, 33.999352978245156 ], [ 135.238287657855835, 34.000001060407484 ], [ 135.237572044626631, 34.000681132382077 ], [ 135.238615306602583, 34.002505119504399 ], [ 135.240965739272696, 34.004935613687721 ], [ 135.240924786011306, 34.00573708233344 ], [ 135.240505156012489, 34.006360405331584 ], [ 135.241099847186831, 34.00886051486998 ], [ 135.24059685401545, 34.00952587056419 ], [ 135.239534128753547, 34.009845590315578 ], [ 135.239784075585618, 34.009958422348383 ], [ 135.239666066714506, 34.01051133461543 ], [ 135.239338074279345, 34.010785005622473 ], [ 135.23943410736112, 34.011768906135785 ], [ 135.241613110825966, 34.014076183684914 ], [ 135.241263468462051, 34.015119887342763 ] ] ] } },
{ "type": "Feature", "properties": { "CITY_NAME": "広川町", "S_NAME": "大字上津木", "JINKO": 75, "medical_area": "30_有田医療圏", "町丁目名": "広川町大字上津木" }, "geometry": { "type": "Polygon", "coordinates": [ [ [ 135.217105750787994, 33.971306529036511 ], [ 135.218436664510847, 33.971345810419798 ], [ 135.220417208766804, 33.97208890197696 ], [ 135.22096170892263, 33.972009222341867 ], [ 135.223187819487237, 33.970609013402466 ], [ 135.225024316269099, 33.969908012273734 ], [ 135.22542014486126, 33.969252893813319 ], [ 135.225816313451674, 33.967531215364083 ], [ 135.226023820116922, 33.967245132569488 ], [ 135.229132324274872, 33.965361372610964 ], [ 135.229750653849493, 33.964821740293246 ], [ 135.230402047142206, 33.963837853239944 ], [ 135.232655530126777, 33.96291634230537 ], [ 135.233699383361085, 33.961513385011962 ], [ 135.234986840794789, 33.960704864820343 ], [ 135.235722264967961, 33.960041816012343 ], [ 135.236639469578279, 33.958860484691208 ], [ 135.235889469241641, 33.958543945982122 ], [ 135.235614529514748, 33.958018893672985 ], [ 135.235589494690856, 33.957385648446916 ], [ 135.235264530688823, 33.956869018474784 ], [ 135.235427052966912, 33.955327588847268 ], [ 135.235952061237498, 33.954586038423976 ], [ 135.235889516523912, 33.954244312056701 ], [ 135.234489688393438, 33.952836181926109 ], [ 135.233677246217781, 33.952477823769065 ], [ 135.232839825321406, 33.951227998333806 ], [ 135.232727387248133, 33.950569701073938 ], [ 135.233114781868977, 33.949894790752481 ], [ 135.233027343201485, 33.948586658264105 ], [ 135.233252367133844, 33.947770004213957 ], [ 135.233114835210415, 33.947611653005438 ], [ 135.231189963309674, 33.948061593761679 ], [ 135.229202669844511, 33.947536693081879 ], [ 135.228227777739534, 33.947553277534709 ], [ 135.227065354753023, 33.946986732665586 ], [ 135.225603010515869, 33.947645016609314 ], [ 135.223640705036956, 33.948136583046292 ], [ 135.223203189395548, 33.949877975449624 ], [ 135.223228225478437, 33.950128040989 ], [ 135.223715671557272, 33.950686290410594 ], [ 135.223640622722741, 33.951077867015343 ], [ 135.222603274752743, 33.952544296488334 ], [ 135.221928352582893, 33.952927580837972 ], [ 135.220053511207396, 33.952561024779961 ], [ 135.219216052399759, 33.952627572398612 ], [ 135.218291180891669, 33.953010946567531 ], [ 135.21747874043399, 33.952669251068109 ], [ 135.215691362612148, 33.952344318912786 ], [ 135.214741461534828, 33.952727647140755 ], [ 135.213679085072414, 33.952277696345945 ], [ 135.212541702614061, 33.952569231949994 ], [ 135.210666890257585, 33.952269308170088 ], [ 135.210016896528515, 33.952427572445593 ], [ 135.209067054293456, 33.952352596870227 ], [ 135.207379692862872, 33.953144163031382 ], [ 135.207192187039823, 33.953869025635242 ], [ 135.206592235763509, 33.954252292235779 ], [ 135.20469237678131, 33.953835733225802 ], [ 135.202980052129192, 33.953877358680899 ], [ 135.200955274755728, 33.954168963156945 ], [ 135.197530598419775, 33.953685624176387 ], [ 135.196930573757896, 33.95470208238936 ], [ 135.196255625063174, 33.955243717860128 ], [ 135.197692707329367, 33.956732426340324 ], [ 135.198266862721965, 33.957664677364264 ], [ 135.198940891932949, 33.958322584520317 ], [ 135.202626940428104, 33.959134403730289 ], [ 135.203488421398077, 33.959800963625604 ], [ 135.203776678401226, 33.960862213467031 ], [ 135.203877978794083, 33.963301859699094 ], [ 135.204030514528398, 33.964042727529808 ], [ 135.204609429016017, 33.964494168044425 ], [ 135.204791513929649, 33.965048987163065 ], [ 135.204583121892398, 33.965777804651772 ], [ 135.20477229459712, 33.966316045373773 ], [ 135.207287142789113, 33.968360150326781 ], [ 135.208338286692992, 33.968816719738278 ], [ 135.20854928236372, 33.969256480339688 ], [ 135.208674995657134, 33.969904753426007 ], [ 135.208517112092437, 33.970430893672372 ], [ 135.208598829193591, 33.972755986887215 ], [ 135.212239533084443, 33.972585290337086 ], [ 135.215386245888624, 33.971889541515026 ], [ 135.217105750787994, 33.971306529036511 ] ] ] } },
{ "type": "Feature", "properties": { "CITY_NAME": "広川町", "S_NAME": "大字上津木", "JINKO": 200, "medical_area": "30_有田医療圏", "町丁目名": "広川町大字上津木" }, "geometry": { "type": "Polygon", "coordinates": [ [ [ 135.1987714505849, 33.978518091754523 ], [ 135.198262716002262, 33.977273967876286 ], [ 135.198128375363012, 33.975386228753138 ], [ 135.198402642682083, 33.975033291321168 ], [ 135.200719750909627, 33.973863581137849 ], [ 135.202500079403848, 33.973606883015151 ], [ 135.202753727820294, 33.973232389046231 ], [ 135.208598829193591, 33.972755986887215 ], [ 135.208517112092437, 33.970430893672372 ], [ 135.208674995657134, 33.969904753426007 ], [ 135.20854928236372, 33.969256480339723 ], [ 135.208338286692992, 33.968816719738278 ], [ 135.207287142789113, 33.968360150326781 ], [ 135.20477229459712, 33.966316045373773 ], [ 135.204583121892398, 33.965777804651758 ], [ 135.204791513929649, 33.965048987163065 ], [ 135.204609429016017, 33.964494168044432 ], [ 135.204030514528398, 33.964042727529808 ], [ 135.203877978794083, 33.963301859699108 ], [ 135.203776678401226, 33.960862213467031 ], [ 135.203488421398077, 33.959800963625639 ], [ 135.202626940428104, 33.959134403730296 ], [ 135.198940891932949, 33.958322584520303 ], [ 135.198266862721965, 33.957664677364278 ], [ 135.197692707329367, 33.956732426340324 ], [ 135.196255625063174, 33.955243717860128 ], [ 135.194218308398433, 33.955943666319861 ], [ 135.192993375975306, 33.955735323293915 ], [ 135.190368646834258, 33.955935191628079 ], [ 135.1881438415829, 33.956585202517807 ], [ 135.187131357114708, 33.957460126048531 ], [ 135.186268930817022, 33.956943476151253 ], [ 135.184819064798518, 33.957659963594189 ], [ 135.183194200650462, 33.957368299539496 ], [ 135.182769280704917, 33.956935107395388 ], [ 135.181894354051991, 33.956501745076345 ], [ 135.180219530991337, 33.956435109952544 ], [ 135.178782183685058, 33.955976709288684 ], [ 135.178149009759665, 33.956073355588906 ], [ 135.177502341848765, 33.957291706366277 ], [ 135.177583145312184, 33.960834156853842 ], [ 135.177840038481918, 33.961616042454949 ], [ 135.177893899148927, 33.962546603481243 ], [ 135.177695110339442, 33.964064198854352 ], [ 135.1759969391141, 33.964614529290763 ], [ 135.174943558059397, 33.964614668035416 ], [ 135.17457226562118, 33.96602642831288 ], [ 135.174577424744598, 33.967287154595006 ], [ 135.173973458446682, 33.968323329069946 ], [ 135.173869711214451, 33.968963896644766 ], [ 135.173962878850517, 33.97143883893591 ], [ 135.17334748925191, 33.972978828950474 ], [ 135.173410637868926, 33.973626004503309 ], [ 135.174048053576655, 33.974740930109803 ], [ 135.175335703980721, 33.975078076985135 ], [ 135.175724318690868, 33.974643688237805 ], [ 135.176371783658738, 33.974483055958764 ], [ 135.177364562271407, 33.974520260866861 ], [ 135.179263701808878, 33.974895823279631 ], [ 135.180506620796763, 33.974918891872157 ], [ 135.182493040441386, 33.974206731797501 ], [ 135.182882508027802, 33.974147472500597 ], [ 135.183915083915764, 33.974364221679139 ], [ 135.184560615052675, 33.975104425514949 ], [ 135.184794274576774, 33.976046168435275 ], [ 135.185752253626589, 33.97679364688706 ], [ 135.187122703201226, 33.977262936053201 ], [ 135.187558375034769, 33.978153177946574 ], [ 135.187871041808961, 33.978143829275481 ], [ 135.188388892045793, 33.977744342615942 ], [ 135.188722513722325, 33.977718365877692 ], [ 135.189018084617061, 33.978031503658308 ], [ 135.18931082565885, 33.978634114525541 ], [ 135.189121311073336, 33.980935283328769 ], [ 135.189481109850931, 33.982481612739242 ], [ 135.189821986403189, 33.98312736158816 ], [ 135.190990827198107, 33.983817013792297 ], [ 135.191323040069676, 33.982344543925407 ], [ 135.192101315139951, 33.981597817330496 ], [ 135.192930814582951, 33.981298268814363 ], [ 135.196138686732411, 33.9806911033305 ], [ 135.197816289470808, 33.979600128787702 ], [ 135.198635695246935, 33.978902075806133 ], [ 135.1987714505849, 33.978518091754523 ] ] ] } },
{ "type": "Feature", "properties": { "CITY_NAME": "広川町", "S_NAME": "大字上津木", "JINKO": 12, "medical_area": "30_有田医療圏", "町丁目名": "広川町大字上津木" }, "geometry": { "type": "Polygon", "coordinates": [ [ [ 135.190990827198107, 33.983817013792297 ], [ 135.189821986403189, 33.98312736158816 ], [ 135.189481109850931, 33.982481612739228 ], [ 135.189121311073308, 33.980935283328755 ], [ 135.18931082565885, 33.978634114525541 ], [ 135.189018084617061, 33.978031503658336 ], [ 135.188722513722325, 33.977718365877706 ], [ 135.188388892045793, 33.977744342615942 ], [ 135.187871041808961, 33.978143829275481 ], [ 135.187558375034769, 33.978153177946574 ], [ 135.187122703201254, 33.977262936053201 ], [ 135.185752253626589, 33.976793646887067 ], [ 135.184794274576717, 33.976046168435275 ], [ 135.184560615052675, 33.975104425514949 ], [ 135.183915083915764, 33.974364221679117 ], [ 135.182882508027774, 33.974147472500597 ], [ 135.182493040441386, 33.974206731797501 ], [ 135.180506620796763, 33.974918891872157 ], [ 135.179263701808878, 33.974895823279631 ], [ 135.177364562271407, 33.974520260866861 ], [ 135.176371783658709, 33.974483055958764 ], [ 135.175724318690868, 33.974643688237791 ], [ 135.175335703980721, 33.975078076985135 ], [ 135.176091219723617, 33.975294585542827 ], [ 135.176460433140022, 33.975679950501529 ], [ 135.177787454604356, 33.979097531887376 ], [ 135.177626550641207, 33.979906468519395 ], [ 135.176854038335875, 33.9805981964587 ], [ 135.176484054504954, 33.982895305862627 ], [ 135.175471390042105, 33.984040854578033 ], [ 135.177553449930031, 33.984416962258877 ], [ 135.181794506099067, 33.984505235220993 ], [ 135.186331398735604, 33.984934822989018 ], [ 135.187056180448792, 33.984795219551309 ], [ 135.1876762961613, 33.98288514653094 ], [ 135.188625026713936, 33.984117273668261 ], [ 135.188973895974129, 33.984170850899091 ], [ 135.190490757882458, 33.983711733741991 ], [ 135.190990827198107, 33.983817013792297 ] ] ] } },
{ "type": "Feature", "properties": { "CITY_NAME": "広川町", "S_NAME": null, "JINKO": 0, "medical_area": "30_有田医療圏", "町丁目名": "広川町" }, "geometry": { "type": "Polygon", "coordinates": [ [ [ 135.118676504079701, 34.018627319517051 ], [ 135.119498492753877, 34.019212009501949 ], [ 135.120873214259888, 34.019629484367094 ], [ 135.122687116414255, 34.019544644333045 ], [ 135.124997263078285, 34.018732059985133 ], [ 135.125248740328914, 34.01850817670443 ], [ 135.126372547331982, 34.018390771293333 ], [ 135.127502698967305, 34.018571332516707 ], [ 135.128517702361961, 34.017784445967706 ], [ 135.128755293289629, 34.01776837530106 ], [ 135.128693817881128, 34.01755100729121 ], [ 135.127250735677791, 34.017376977827482 ], [ 135.125965145351103, 34.01749324601851 ], [ 135.125310371104831, 34.017271247851603 ], [ 135.124738858096492, 34.016526098908464 ], [ 135.125317325961873, 34.016079008078464 ], [ 135.125528893764994, 34.015638048705128 ], [ 135.125252938003626, 34.015328722144567 ], [ 135.124919513994541, 34.01526296825579 ], [ 135.124041283681692, 34.01555396163662 ], [ 135.122237950282795, 34.015666090925457 ], [ 135.121628346618053, 34.01675416445422 ], [ 135.120952212998901, 34.017236459098342 ], [ 135.120564009586644, 34.017224394358124 ], [ 135.120052639849234, 34.017509238781365 ], [ 135.119395079408747, 34.018190558872732 ], [ 135.118676504079701, 34.018627319517051 ] ] ] } },
{ "type": "Feature", "properties": { "CITY_NAME": "有田川町", "S_NAME": "大字天満", "JINKO": 1281, "medical_area": "30_有田医療圏", "町丁目名": "有田川町大字天満" }, "geometry": { "type": "Polygon", "coordinates": [ [ [ 135.20004789738735, 34.064062309122136 ], [ 135.200359084061603, 34.064576943809072 ], [ 135.200358416068781, 34.064449739001113 ], [ 135.201259449761096, 34.064391235679267 ], [ 135.201282345144421, 34.064648320979543 ], [ 135.202009770009965, 34.064593048600159 ], [ 135.202989991187394, 34.064383759434342 ], [ 135.2029867575624, 34.064204559584425 ], [ 135.203300173035927, 34.064165886995937 ], [ 135.204243825438169, 34.064192298215147 ], [ 135.205432882738279, 34.064493989539244 ], [ 135.205840768840432, 34.064162362630221 ], [ 135.207231804312869, 34.063859350952676 ], [ 135.207315101538512, 34.063484207904928 ], [ 135.208923092811091, 34.063593900243923 ], [ 135.209141439634607, 34.061669994640539 ], [ 135.208970304929807, 34.060942459999076 ], [ 135.209716746844322, 34.06006519066122 ], [ 135.210081640442127, 34.060168541688249 ], [ 135.211175593261686, 34.059616363400885 ], [ 135.210963885307052, 34.058964356359489 ], [ 135.210033297832325, 34.058975121433058 ], [ 135.209340335943551, 34.059188284710871 ], [ 135.209185031619057, 34.059052899602406 ], [ 135.207763588040052, 34.059358264213863 ], [ 135.207759311228045, 34.059645315983296 ], [ 135.206897238058019, 34.059723975758899 ], [ 135.20671701353362, 34.059120477006189 ], [ 135.205226876458454, 34.059222666130793 ], [ 135.20527279436439, 34.058264386531775 ], [ 135.205918300931188, 34.057985436902555 ], [ 135.205584304302079, 34.057129496207871 ], [ 135.204492044162464, 34.057501331093746 ], [ 135.204220344579454, 34.058077953392065 ], [ 135.203733449974322, 34.058245235049753 ], [ 135.203397580498859, 34.058778194392509 ], [ 135.202915038611195, 34.058814356620708 ], [ 135.202238695351099, 34.058181842065608 ], [ 135.202269965332562, 34.057869749306803 ], [ 135.201968058829124, 34.057802281116906 ], [ 135.201585117967852, 34.057279010715597 ], [ 135.201635456719259, 34.05667489023066 ], [ 135.201368735436944, 34.055299724696255 ], [ 135.201610160882694, 34.055228049562061 ], [ 135.20167436823732, 34.055004493378661 ], [ 135.2023012952763, 34.055081969405137 ], [ 135.202415427680393, 34.054822254961664 ], [ 135.201937330249478, 34.05426807871045 ], [ 135.201273723513054, 34.053842989379618 ], [ 135.200651548526224, 34.053927532934253 ], [ 135.199945442023193, 34.053694860300517 ], [ 135.200114337346804, 34.054156169020359 ], [ 135.199780610707251, 34.054586442015257 ], [ 135.199653249709741, 34.055064690118876 ], [ 135.199988140489012, 34.055394670353003 ], [ 135.200148790568051, 34.055941429476185 ], [ 135.200028645912056, 34.056119542138447 ], [ 135.199030851199069, 34.056433769417971 ], [ 135.19879082500961, 34.056779290098021 ], [ 135.198813208662585, 34.05751348238158 ], [ 135.198609077677929, 34.057731191735556 ], [ 135.199321856539882, 34.058770362019217 ], [ 135.19950046249707, 34.059306673997064 ], [ 135.199448228596054, 34.05986767737047 ], [ 135.200118462726522, 34.05994178243003 ], [ 135.200879140273628, 34.060804044764375 ], [ 135.200660974193113, 34.061444259094579 ], [ 135.198565346136377, 34.061853592266296 ], [ 135.198090638024809, 34.063187575570851 ], [ 135.198232317069142, 34.063717730062841 ], [ 135.197521945155444, 34.064515449025542 ], [ 135.197667362310483, 34.064729247584872 ], [ 135.19734365225915, 34.064926170894715 ], [ 135.197428190932158, 34.06523282321379 ], [ 135.199444933386729, 34.065058653326609 ], [ 135.199471071956651, 34.06487076937244 ], [ 135.200184437237397, 34.064753716610987 ], [ 135.20004789738735, 34.064062309122136 ] ] ] } },
{ "type": "Feature", "properties": { "CITY_NAME": "有田川町", "S_NAME": "大字下津野", "JINKO": 852, "medical_area": "30_有田医療圏", "町丁目名": "有田川町大字下津野" }, "geometry": { "type": "Polygon", "coordinates": [ [ [ 135.213811557756117, 34.060244310646148 ], [ 135.212297868524473, 34.057291612631303 ], [ 135.212035215228582, 34.057087362950575 ], [ 135.211372904834263, 34.056961814224351 ], [ 135.211410329119133, 34.057288715239871 ], [ 135.21081692371024, 34.057581265820851 ], [ 135.210836364208262, 34.058323737595984 ], [ 135.211175593261686, 34.059616363400842 ], [ 135.210081640442127, 34.060168541688249 ], [ 135.209716746844322, 34.060065190661177 ], [ 135.208970304929807, 34.060942459999076 ], [ 135.209141439634607, 34.061669994640539 ], [ 135.208706951847148, 34.066017179040408 ], [ 135.209164229782459, 34.069499720647585 ], [ 135.211097859323587, 34.069269566862339 ], [ 135.212078883456655, 34.068738882354346 ], [ 135.212904451057312, 34.068543858316616 ], [ 135.212863934814891, 34.06835808471233 ], [ 135.21363150385136, 34.067606286267605 ], [ 135.214030227060874, 34.066725778971531 ], [ 135.214728709792837, 34.066432884526314 ], [ 135.215002815611257, 34.065683287031 ], [ 135.214826734109835, 34.06522943794721 ], [ 135.214757182500705, 34.063035518330182 ], [ 135.215028453393757, 34.061821348977801 ], [ 135.214420848781913, 34.061101603792473 ], [ 135.214269194148898, 34.060652411926299 ], [ 135.213811557756117, 34.060244310646148 ] ] ] } },
{ "type": "Feature", "properties": { "CITY_NAME": "有田川町", "S_NAME": "大字下津野", "JINKO": 998, "medical_area": "30_有田医療圏", "町丁目名": "有田川町大字下津野" }, "geometry": { "type": "Polygon", "coordinates": [ [ [ 135.214954988178704, 34.068693160730149 ], [ 135.216533193348624, 34.068133295941038 ], [ 135.218088936379985, 34.067924857146487 ], [ 135.219697881646454, 34.068641327689299 ], [ 135.220976287372025, 34.068671536725574 ], [ 135.223493464293995, 34.067557538810291 ], [ 135.224438186609149, 34.067309988073283 ], [ 135.223566720619544, 34.065357675716967 ], [ 135.22365830547875, 34.0650789371728 ], [ 135.223321026901971, 34.064153199788471 ], [ 135.223197665153947, 34.063251075245667 ], [ 135.223320088160591, 34.062181759646926 ], [ 135.222965022995254, 34.062166271023067 ], [ 135.222021819885242, 34.062957965331996 ], [ 135.221326514256589, 34.062908763135255 ], [ 135.220895548725707, 34.063049702457349 ], [ 135.220782217745949, 34.062801496988349 ], [ 135.218956814868335, 34.062883141671826 ], [ 135.218251750984706, 34.063361657003639 ], [ 135.216759306858279, 34.064000941294843 ], [ 135.215331068131576, 34.064210297879669 ], [ 135.214893313417633, 34.064415833173854 ], [ 135.214820742465577, 34.065154180342844 ], [ 135.214995606484024, 34.065785927974439 ], [ 135.214728709792837, 34.066432884526314 ], [ 135.214097280278452, 34.066650001904705 ], [ 135.21363150385136, 34.067606286267605 ], [ 135.212863934814891, 34.06835808471233 ], [ 135.212904451057312, 34.068543858316616 ], [ 135.214954988178704, 34.068693160730149 ] ] ] } },
{ "type": "Feature", "properties": { "CITY_NAME": "有田川町", "S_NAME": "大字下津野", "JINKO": 727, "medical_area": "30_有田医療圏", "町丁目名": "有田川町大字下津野" }, "geometry": { "type": "Polygon", "coordinates": [ [ [ 135.219121454602828, 34.062842777027164 ], [ 135.219830022641588, 34.06294053104741 ], [ 135.220782217745949, 34.062801496988371 ], [ 135.220895548725707, 34.063049702457349 ], [ 135.221326514256589, 34.062908763135269 ], [ 135.222021819885242, 34.062957965332025 ], [ 135.2224508740712, 34.062545580368166 ], [ 135.222202214951977, 34.061880711479944 ], [ 135.222511423900414, 34.061820270915611 ], [ 135.222026991904613, 34.061219400610788 ], [ 135.222009932320617, 34.060827425442021 ], [ 135.222236400111427, 34.060688990318859 ], [ 135.222305514799046, 34.060414895931586 ], [ 135.223006282085123, 34.060422008516383 ], [ 135.223011235096379, 34.060232021504092 ], [ 135.222549475069656, 34.059900618368005 ], [ 135.22284046604176, 34.05985090562622 ], [ 135.223503180003348, 34.058613287958636 ], [ 135.223253929603516, 34.058309712674479 ], [ 135.223958847623521, 34.055960273999695 ], [ 135.223780911059379, 34.05568813977191 ], [ 135.223260427788261, 34.055525263874557 ], [ 135.223554266325237, 34.054949033782343 ], [ 135.223316859081251, 34.053860249576516 ], [ 135.22335825510757, 34.052448470912218 ], [ 135.223487019423516, 34.052238117910576 ], [ 135.222872703971319, 34.051853189836024 ], [ 135.222244721875057, 34.05192769156487 ], [ 135.221807235461029, 34.052325261891497 ], [ 135.221357641229901, 34.052491302434312 ], [ 135.220522599160915, 34.052517392841622 ], [ 135.219368245288535, 34.053719079619484 ], [ 135.218515762199729, 34.054149873278604 ], [ 135.218387560206395, 34.054821658198591 ], [ 135.217999378676353, 34.055457271336977 ], [ 135.217138133190076, 34.055265684834325 ], [ 135.216786678075835, 34.055394997959596 ], [ 135.215729418079235, 34.055279478277441 ], [ 135.215090874248688, 34.055642324388359 ], [ 135.214966355712477, 34.056205532596366 ], [ 135.214475634060079, 34.056771461970413 ], [ 135.213675217956961, 34.056224005445536 ], [ 135.213373578922528, 34.05630080753906 ], [ 135.213066613060136, 34.056669723088071 ], [ 135.212877918332538, 34.056566806743419 ], [ 135.21274704548145, 34.056772609175908 ], [ 135.212110917896553, 34.056771332586806 ], [ 135.212035215228582, 34.057087362950575 ], [ 135.212705462739478, 34.057992909637463 ], [ 135.213811640695667, 34.060245066106901 ], [ 135.214269194148898, 34.060652411926291 ], [ 135.214420848781913, 34.061101603792473 ], [ 135.215028453393757, 34.061821348977801 ], [ 135.214765288803619, 34.062826392739851 ], [ 135.214893313417633, 34.064415833173854 ], [ 135.215331068131576, 34.064210297879669 ], [ 135.216759306858279, 34.064000941294843 ], [ 135.219121454602828, 34.062842777027164 ] ] ] } },
{ "type": "Feature", "properties": { "CITY_NAME": "有田川町", "S_NAME": "大字植野", "JINKO": 441, "medical_area": "30_有田医療圏", "町丁目名": "有田川町大字植野" }, "geometry": { "type": "Polygon", "coordinates": [ [ [ 135.209340335943551, 34.059188284710871 ], [ 135.210963885307052, 34.058964356359489 ], [ 135.21081692371024, 34.057581265820851 ], [ 135.211410329119076, 34.057288715239885 ], [ 135.211372904834263, 34.056961814224351 ], [ 135.212035215228582, 34.057087362950575 ], [ 135.212110917896553, 34.056771332586806 ], [ 135.21274704548145, 34.056772609175937 ], [ 135.212877918332538, 34.056566806743419 ], [ 135.213066613060136, 34.056669723088071 ], [ 135.213558454737864, 34.056230860929361 ], [ 135.213884361567807, 34.056275354672458 ], [ 135.214261639713214, 34.056722899669701 ], [ 135.214475634060079, 34.056771461970413 ], [ 135.214966355712477, 34.05620553259638 ], [ 135.215090874248688, 34.055642324388366 ], [ 135.215729418079235, 34.055279478277441 ], [ 135.216786678075835, 34.055394997959596 ], [ 135.217138133190076, 34.055265684834325 ], [ 135.217999378676353, 34.055457271336977 ], [ 135.218387560206395, 34.054821658198591 ], [ 135.218515762199729, 34.054149873278604 ], [ 135.217811641095068, 34.053906471155862 ], [ 135.217859203186151, 34.053132738622075 ], [ 135.217559209036551, 34.05256156591016 ], [ 135.216697536353621, 34.052428137521751 ], [ 135.216148083961599, 34.052952308276886 ], [ 135.216139247864049, 34.05333344125053 ], [ 135.215685550406164, 34.053207974675253 ], [ 135.215552717752246, 34.053480679894413 ], [ 135.214863380720033, 34.053553303708682 ], [ 135.214554066090699, 34.053756692138741 ], [ 135.214539052302285, 34.054063109589876 ], [ 135.21426919769749, 34.053933331697344 ], [ 135.213976788668617, 34.054055973019686 ], [ 135.213097730400335, 34.053092447391492 ], [ 135.211679375155342, 34.053356022846692 ], [ 135.210850648624785, 34.050660261532535 ], [ 135.210253518799192, 34.050491452069117 ], [ 135.210207425601254, 34.050242102439924 ], [ 135.209399181701684, 34.050228149280088 ], [ 135.2089222430983, 34.049875156104278 ], [ 135.206532465542324, 34.049972664537506 ], [ 135.205856490918308, 34.050322137421347 ], [ 135.206593795804025, 34.050820373435513 ], [ 135.206509610961405, 34.051237355477753 ], [ 135.206619144004833, 34.051606571620042 ], [ 135.206978709689736, 34.051923596205306 ], [ 135.207045530610912, 34.052427062539181 ], [ 135.207803526940495, 34.052713702860821 ], [ 135.20751475455603, 34.053173734740788 ], [ 135.207985484937325, 34.053567398045878 ], [ 135.208296100231195, 34.053589128145106 ], [ 135.20855165611772, 34.053963082927496 ], [ 135.209213249913034, 34.053952285289625 ], [ 135.209682004903954, 34.055271819115291 ], [ 135.209144417216777, 34.055797712113673 ], [ 135.209669138607723, 34.05592900335737 ], [ 135.209624420496255, 34.056379899837715 ], [ 135.209294830733882, 34.057781472975698 ], [ 135.20939667308474, 34.057978071421857 ], [ 135.209000706035937, 34.057996503398925 ], [ 135.208962316145403, 34.058239244466343 ], [ 135.208614186534334, 34.058309681535611 ], [ 135.208847308954859, 34.058558261767523 ], [ 135.208935159487851, 34.059104251147041 ], [ 135.209185031619057, 34.059052899602406 ], [ 135.209340335943551, 34.059188284710871 ] ] ] } },
{ "type": "Feature", "properties": { "CITY_NAME": "有田川町", "S_NAME": "大字土生", "JINKO": 544, "medical_area": "30_有田医療圏", "町丁目名": "有田川町大字土生" }, "geometry": { "type": "Polygon", "coordinates": [ [ [ 135.206897238058019, 34.059723975758899 ], [ 135.207759311228045, 34.059645315983296 ], [ 135.207763588040052, 34.059358264213863 ], [ 135.208935159487851, 34.059104251147041 ], [ 135.208847308954859, 34.058558261767523 ], [ 135.208616631116683, 34.058274199798383 ], [ 135.208962316145403, 34.058239244466343 ], [ 135.209000706035937, 34.057996503398925 ], [ 135.20939667308474, 34.057978071421857 ], [ 135.209294830733882, 34.057781472975698 ], [ 135.209669138607723, 34.05592900335737 ], [ 135.209144417216777, 34.055797712113673 ], [ 135.209682004903954, 34.055271819115291 ], [ 135.209213249913034, 34.053952285289625 ], [ 135.20855165611772, 34.053963082927496 ], [ 135.208296100231195, 34.053589128145106 ], [ 135.207985484937325, 34.053567398045878 ], [ 135.20751475455603, 34.053173734740788 ], [ 135.207803526940495, 34.052713702860821 ], [ 135.207014257580141, 34.052386713620059 ], [ 135.207025142140907, 34.052035322223603 ], [ 135.206619144004833, 34.051606571620042 ], [ 135.206593795804025, 34.050820373435513 ], [ 135.206408781845226, 34.050615058364876 ], [ 135.205856490918308, 34.050322137421347 ], [ 135.20544602903459, 34.05048287890083 ], [ 135.205219572541523, 34.05039364917841 ], [ 135.205087708596437, 34.049833694700794 ], [ 135.204710475592151, 34.04956176794974 ], [ 135.203987512596996, 34.050140255558986 ], [ 135.203667298029501, 34.050187334774115 ], [ 135.202271914426092, 34.048931301880977 ], [ 135.201442252697092, 34.047944196436141 ], [ 135.200800034812602, 34.047887462045196 ], [ 135.200857603120141, 34.048462572178217 ], [ 135.20130623570256, 34.048879224599098 ], [ 135.202430704533725, 34.051188873401557 ], [ 135.201482842076302, 34.051798279027075 ], [ 135.202091403788813, 34.052434595456035 ], [ 135.201896277819145, 34.052686741718752 ], [ 135.201852326088243, 34.053802531527559 ], [ 135.201937330249478, 34.05426807871045 ], [ 135.202415427680393, 34.054822254961664 ], [ 135.2023012952763, 34.055081969405137 ], [ 135.20167436823732, 34.055004493378661 ], [ 135.201610160882694, 34.055228049562061 ], [ 135.201368735436944, 34.055299724696255 ], [ 135.201635456719259, 34.05667489023066 ], [ 135.201585117967852, 34.057279010715597 ], [ 135.201968058829124, 34.057802281116942 ], [ 135.202269965332562, 34.057869749306803 ], [ 135.202238695351099, 34.058181842065615 ], [ 135.202915038611167, 34.058814356620729 ], [ 135.203397580498859, 34.058778194392509 ], [ 135.203733449974322, 34.058245235049753 ], [ 135.204220344579454, 34.058077953392065 ], [ 135.204492044162464, 34.057501331093746 ], [ 135.205584304302079, 34.057129496207871 ], [ 135.205918300931188, 34.057985436902555 ], [ 135.20527279436439, 34.058264386531775 ], [ 135.205226876458454, 34.059222666130793 ], [ 135.20671701353362, 34.059120477006189 ], [ 135.206897238058019, 34.059723975758899 ] ] ] } },
{ "type": "Feature", "properties": { "CITY_NAME": "有田川町", "S_NAME": "大字奥", "JINKO": 725, "medical_area": "30_有田医療圏", "町丁目名": "有田川町大字奥" }, "geometry": { "type": "Polygon", "coordinates": [ [ [ 135.219368245288535, 34.053719079619484 ], [ 135.220522599160915, 34.052517392841622 ], [ 135.221627226010014, 34.052410469141016 ], [ 135.222244721875057, 34.05192769156487 ], [ 135.222684330124395, 34.051816642859549 ], [ 135.223487019423516, 34.052238117910576 ], [ 135.224208063830815, 34.05175693999923 ], [ 135.224697634590768, 34.051622814671852 ], [ 135.22505874521093, 34.050614203290174 ], [ 135.225256784501227, 34.050462323493875 ], [ 135.226187626393511, 34.05023672648155 ], [ 135.226376642199625, 34.050025060221394 ], [ 135.225435644876256, 34.049003190328023 ], [ 135.224967789357748, 34.048090788395349 ], [ 135.222775331710267, 34.046642760770773 ], [ 135.221551586358345, 34.045013163776076 ], [ 135.221947020278094, 34.043999149075319 ], [ 135.222928820719204, 34.042780204807421 ], [ 135.223915574853123, 34.042715575578015 ], [ 135.225529440760567, 34.041332107149017 ], [ 135.226315083669391, 34.039986376766024 ], [ 135.226724600462603, 34.03855826244564 ], [ 135.228029157741787, 34.03702856288988 ], [ 135.228414349398122, 34.035591541528788 ], [ 135.228022646141369, 34.03505616222494 ], [ 135.227826431227697, 34.034441006695666 ], [ 135.227783627453562, 34.033786242040151 ], [ 135.228026254735965, 34.032947174297199 ], [ 135.227029741694764, 34.033241827753713 ], [ 135.226611225278077, 34.032726422778772 ], [ 135.225833472311109, 34.032809299104358 ], [ 135.225452184590154, 34.032676453543125 ], [ 135.224475531251471, 34.033270846539722 ], [ 135.224113031300391, 34.033062889367336 ], [ 135.223717196990947, 34.032046255042147 ], [ 135.223380883801184, 34.031936368309097 ], [ 135.223140045790672, 34.031598869043137 ], [ 135.222044282851328, 34.031375007615452 ], [ 135.221455639519206, 34.030872310230777 ], [ 135.220599016619559, 34.030848142957133 ], [ 135.219816509134603, 34.031129003285429 ], [ 135.219057433413553, 34.030974997217264 ], [ 135.218239999477845, 34.031115176736911 ], [ 135.217879333895212, 34.030875936572755 ], [ 135.216824847418081, 34.030757648943812 ], [ 135.216513688357594, 34.030858499885362 ], [ 135.215619110851776, 34.032350807264493 ], [ 135.214827381818623, 34.032803434157827 ], [ 135.21482474508997, 34.033255892200884 ], [ 135.215304022548111, 34.034591025416823 ], [ 135.214765228597457, 34.035210648269306 ], [ 135.213676633931016, 34.035024349513883 ], [ 135.213106589490593, 34.035269471396539 ], [ 135.212782979929813, 34.035663521089894 ], [ 135.212176686716873, 34.035994476307998 ], [ 135.211243417424527, 34.036001439747153 ], [ 135.210172680028393, 34.037103758037425 ], [ 135.209789335026471, 34.037212153282546 ], [ 135.209327330702621, 34.036797694132247 ], [ 135.208799548396115, 34.036907550257148 ], [ 135.208408520588506, 34.036165745580625 ], [ 135.20840792067483, 34.035618747840665 ], [ 135.207822181479997, 34.035565521962219 ], [ 135.206691633366432, 34.036089854022563 ], [ 135.205790801858882, 34.035501673242102 ], [ 135.205317272279672, 34.035719065593177 ], [ 135.204456565279116, 34.038425496424964 ], [ 135.204390420378616, 34.039349027751719 ], [ 135.203940324876243, 34.039736312091662 ], [ 135.203720469828056, 34.040357101833727 ], [ 135.202587112851319, 34.044685809061946 ], [ 135.202694075138311, 34.044983596834776 ], [ 135.201979640910224, 34.045394639470665 ], [ 135.202474549403519, 34.046037537850836 ], [ 135.201915995056112, 34.046508899307561 ], [ 135.201468883884047, 34.047178197872405 ], [ 135.200481304159325, 34.047343327566807 ], [ 135.200273691835264, 34.047565245155972 ], [ 135.200800034812602, 34.047887462045196 ], [ 135.201442252697092, 34.047944196436141 ], [ 135.202271914426092, 34.048931301880977 ], [ 135.203667298029501, 34.050187334774115 ], [ 135.203987512596996, 34.050140255558986 ], [ 135.20467276499204, 34.049558705635413 ], [ 135.205087708596437, 34.049833694700794 ], [ 135.2050992199039, 34.050205656455923 ], [ 135.20544602903459, 34.05048287890083 ], [ 135.206532465542324, 34.049972664537506 ], [ 135.2089222430983, 34.049875156104278 ], [ 135.209399181701684, 34.050228149280088 ], [ 135.210207425601254, 34.050242102439924 ], [ 135.210253518799192, 34.050491452069117 ], [ 135.210850648624785, 34.050660261532535 ], [ 135.211679375155342, 34.053356022846692 ], [ 135.213097730400335, 34.053092447391492 ], [ 135.213976788668617, 34.054055973019686 ], [ 135.21426919769749, 34.053933331697344 ], [ 135.214539052302285, 34.054063109589876 ], [ 135.214554066090699, 34.053756692138741 ], [ 135.214863380720033, 34.053553303708682 ], [ 135.215552717752246, 34.053480679894413 ], [ 135.215685550406164, 34.053207974675253 ], [ 135.216139247864049, 34.05333344125053 ], [ 135.216148083961599, 34.052952308276886 ], [ 135.21686453950278, 34.052386665355343 ], [ 135.217559209036551, 34.05256156591016 ], [ 135.217859203186151, 34.053132738622075 ], [ 135.217811641095068, 34.053906471155862 ], [ 135.218555953314279, 34.054141256631503 ], [ 135.219368245288535, 34.053719079619484 ] ] ] } },
{ "type": "Feature", "properties": { "CITY_NAME": "有田川町", "S_NAME": "大字水尻", "JINKO": 1434, "medical_area": "30_有田医療圏", "町丁目名": "有田川町大字水尻" }, "geometry": { "type": "Polygon", "coordinates": [ [ [ 135.187261103084381, 34.062093813435922 ], [ 135.189079444968144, 34.060883154073224 ], [ 135.189865027025576, 34.060706918211011 ], [ 135.190424497200382, 34.060288022659151 ], [ 135.191325574704678, 34.0602025532353 ], [ 135.191926053429199, 34.059857875483615 ], [ 135.192935699074809, 34.059736908639714 ], [ 135.194190350784879, 34.059273834124639 ], [ 135.194337016242628, 34.058000394481184 ], [ 135.194837895557782, 34.056872402331109 ], [ 135.194738835791298, 34.055801599916286 ], [ 135.195277778112768, 34.055795140597361 ], [ 135.195959795505956, 34.055351104965524 ], [ 135.196281866131329, 34.055692984703306 ], [ 135.196518837578594, 34.055609315381353 ], [ 135.196999923527471, 34.055950545742085 ], [ 135.197386201723674, 34.055387082207083 ], [ 135.197935289771721, 34.055147828807229 ], [ 135.199277620113776, 34.054982082402077 ], [ 135.199653249709741, 34.055064690118876 ], [ 135.199780610707251, 34.054586442015257 ], [ 135.200114337346804, 34.054156169020359 ], [ 135.199945442023193, 34.053694860300517 ], [ 135.200651548526224, 34.053927532934253 ], [ 135.201273723513054, 34.053842989379618 ], [ 135.201937330249478, 34.05426807871045 ], [ 135.201896277819145, 34.052686741718752 ], [ 135.202091403788813, 34.052434595456035 ], [ 135.201482842076302, 34.051798279027075 ], [ 135.202430704533725, 34.051188873401536 ], [ 135.20130623570256, 34.048879224599098 ], [ 135.200857603120141, 34.048462572178217 ], [ 135.200800034812602, 34.047887462045139 ], [ 135.199959166587092, 34.047457539953847 ], [ 135.198429522542369, 34.047803363187739 ], [ 135.19759664459832, 34.047406862669199 ], [ 135.195855378667233, 34.047699150258119 ], [ 135.195308024378306, 34.04618856807128 ], [ 135.195257677192188, 34.045102722304776 ], [ 135.194839111117403, 34.043692144639586 ], [ 135.194615601279111, 34.043814075067665 ], [ 135.194211442731188, 34.043720981026738 ], [ 135.19402037420673, 34.043865943656975 ], [ 135.19413023150662, 34.044400693940844 ], [ 135.193901131580617, 34.044782908680283 ], [ 135.194211656516359, 34.045482663912018 ], [ 135.193485614182293, 34.046984591427652 ], [ 135.192516938465417, 34.047038641344187 ], [ 135.192244642161228, 34.048210685282982 ], [ 135.191130591432966, 34.048933443361442 ], [ 135.190396721257315, 34.04892338328149 ], [ 135.190006603060596, 34.049132103742984 ], [ 135.190255904777104, 34.050013179983395 ], [ 135.190100169139043, 34.05040080097212 ], [ 135.190506676300146, 34.050837919326256 ], [ 135.19059042095077, 34.05150124768786 ], [ 135.1900869306277, 34.052215351556484 ], [ 135.190373475666462, 34.052302328842678 ], [ 135.190583375905277, 34.052761812728171 ], [ 135.189884245635199, 34.053367705640717 ], [ 135.190207837387106, 34.05409910222172 ], [ 135.190079740540881, 34.054667772779382 ], [ 135.190154280876783, 34.055561066701699 ], [ 135.189962460639208, 34.055781801522059 ], [ 135.188422074207892, 34.055727233887147 ], [ 135.188379672663729, 34.056760337505807 ], [ 135.188202980521936, 34.057267266183921 ], [ 135.187636404686174, 34.057633421869497 ], [ 135.186890361373884, 34.058494226764196 ], [ 135.186415152042173, 34.059226104551371 ], [ 135.186245472466169, 34.059927892079685 ], [ 135.186402014806816, 34.060293912417379 ], [ 135.186127104371309, 34.061150375028021 ], [ 135.18616447870545, 34.061544199889205 ], [ 135.187051376787906, 34.061802660265712 ], [ 135.187261103084381, 34.062093813435922 ] ] ] } },
{ "type": "Feature", "properties": { "CITY_NAME": "有田川町", "S_NAME": "大字熊井", "JINKO": 359, "medical_area": "30_有田医療圏", "町丁目名": "有田川町大字熊井" }, "geometry": { "type": "Polygon", "coordinates": [ [ [ 135.198429522542369, 34.047803363187739 ], [ 135.199959166587092, 34.047457539953847 ], [ 135.200273691835264, 34.047565245155972 ], [ 135.200481304159325, 34.047343327566786 ], [ 135.201468883884047, 34.047178197872405 ], [ 135.201915995056112, 34.046508899307547 ], [ 135.202456489326096, 34.046077707975194 ], [ 135.20242921903133, 34.045826788245613 ], [ 135.202030067109007, 34.045584996286252 ], [ 135.201979640910224, 34.045394639470665 ], [ 135.202694075138311, 34.044983596834776 ], [ 135.202587112851319, 34.044685809061946 ], [ 135.203720469828056, 34.040357101833727 ], [ 135.203940324876243, 34.039736312091662 ], [ 135.204390420378616, 34.039349027751719 ], [ 135.204456565279116, 34.038425496424964 ], [ 135.205317272279672, 34.035719065593177 ], [ 135.20368353835957, 34.035528158229681 ], [ 135.203293723376873, 34.035695373974015 ], [ 135.202896025065712, 34.035465287002083 ], [ 135.202015860624329, 34.035638749488363 ], [ 135.20156094860954, 34.035230228257632 ], [ 135.20077891839864, 34.03513328888581 ], [ 135.200674447617331, 34.034887496282792 ], [ 135.198993441680926, 34.034652126012375 ], [ 135.198434673941961, 34.035224066259133 ], [ 135.197601880496194, 34.035370619542121 ], [ 135.197514588384394, 34.035926480012854 ], [ 135.196670064622225, 34.035737256478257 ], [ 135.196790610842839, 34.035307128682604 ], [ 135.196673758762643, 34.035137742968942 ], [ 135.195812811072472, 34.034995877839506 ], [ 135.195263752139056, 34.035128494709269 ], [ 135.194659539975959, 34.035331744475826 ], [ 135.194462559814696, 34.035585140628719 ], [ 135.194731815529479, 34.036002190467094 ], [ 135.195209573214072, 34.036173243708888 ], [ 135.19490580808565, 34.036221679801471 ], [ 135.194951769889457, 34.036506677742985 ], [ 135.19538809586345, 34.036549689896873 ], [ 135.1951072386112, 34.037435171224821 ], [ 135.195522402932397, 34.039411167896013 ], [ 135.195402354636769, 34.040442937036815 ], [ 135.194853827921804, 34.040722054614939 ], [ 135.194256068724457, 34.040703615879345 ], [ 135.193766553402412, 34.040520931538737 ], [ 135.193364325261086, 34.040574348874699 ], [ 135.193323099599922, 34.040245152512014 ], [ 135.1915141068298, 34.04018885740679 ], [ 135.191582069865063, 34.040374263764242 ], [ 135.191403199561506, 34.040473380891122 ], [ 135.191348944657051, 34.03996604220162 ], [ 135.190793332313632, 34.040277635326341 ], [ 135.190847708072738, 34.040682564564115 ], [ 135.191086032664572, 34.040630889856423 ], [ 135.191094161714773, 34.040371043791112 ], [ 135.191437283661941, 34.041377690711357 ], [ 135.191162517724621, 34.040863402817166 ], [ 135.190943201882448, 34.040909004462328 ], [ 135.191120947326141, 34.041357853477784 ], [ 135.190668803788384, 34.041481788862967 ], [ 135.190812855213778, 34.042111148065594 ], [ 135.190992699203491, 34.042088388352902 ], [ 135.190844436237938, 34.041465763658202 ], [ 135.190953645473343, 34.041450144263237 ], [ 135.191120517920268, 34.042180655001083 ], [ 135.191276295941094, 34.042099135847728 ], [ 135.191528061612843, 34.042308434960226 ], [ 135.192243222333559, 34.042421338133629 ], [ 135.192172297075018, 34.042119414897883 ], [ 135.192311629698565, 34.042121601330656 ], [ 135.192382566077896, 34.042422397643286 ], [ 135.193448322501041, 34.042395469575318 ], [ 135.193891879098771, 34.042580811922967 ], [ 135.194109477189528, 34.043408007128122 ], [ 135.193762085230901, 34.04342347058018 ], [ 135.19402037420673, 34.043865943656975 ], [ 135.194211442731188, 34.043720981026738 ], [ 135.194870632386454, 34.043723201744832 ], [ 135.195257677192188, 34.045102722304776 ], [ 135.195308024378306, 34.04618856807128 ], [ 135.195821317469353, 34.047668076394601 ], [ 135.19759664459832, 34.047406862669199 ], [ 135.198429522542369, 34.047803363187739 ] ] ] } },
{ "type": "Feature", "properties": { "CITY_NAME": "有田川町", "S_NAME": "大字明王寺", "JINKO": 573, "medical_area": "30_有田医療圏", "町丁目名": "有田川町大字明王寺" }, "geometry": { "type": "Polygon", "coordinates": [ [ [ 135.193231322526515, 34.063366834822979 ], [ 135.194717879770081, 34.063185319480688 ], [ 135.195313453632906, 34.06282354686946 ], [ 135.195654186576206, 34.062346702962202 ], [ 135.196177354396553, 34.062312102792397 ], [ 135.196495904767829, 34.061943295188485 ], [ 135.197707256995358, 34.061775856482718 ], [ 135.1977265538317, 34.062054471890271 ], [ 135.198347452557101, 34.062399707953425 ], [ 135.198565346136377, 34.061853592266296 ], [ 135.200691676548786, 34.061419103730593 ], [ 135.200842803730751, 34.060617726096758 ], [ 135.200118462726522, 34.05994178243003 ], [ 135.199448228596054, 34.05986767737047 ], [ 135.19950046249707, 34.059306673997064 ], [ 135.199321856539882, 34.058770362019217 ], [ 135.198609077677929, 34.057731191735556 ], [ 135.198813208662585, 34.05751348238158 ], [ 135.19879082500961, 34.056779290098021 ], [ 135.199030851199069, 34.056433769417971 ], [ 135.200028645912056, 34.056119542138447 ], [ 135.200148790568051, 34.055941429476185 ], [ 135.199988140489012, 34.055394670353003 ], [ 135.199653249709741, 34.055064690118876 ], [ 135.199277620113776, 34.054982082402077 ], [ 135.197935289771721, 34.055147828807229 ], [ 135.197386201723674, 34.055387082207083 ], [ 135.196999923527471, 34.055950545742085 ], [ 135.196518837578594, 34.055609315381353 ], [ 135.196281866131329, 34.055692984703306 ], [ 135.195959795505956, 34.055351104965524 ], [ 135.195277778112768, 34.055795140597361 ], [ 135.194738835791298, 34.055801599916286 ], [ 135.194837895557782, 34.056872402331109 ], [ 135.194337016242628, 34.058000394481184 ], [ 135.194190350784879, 34.059273834124639 ], [ 135.192935699074809, 34.059736908639714 ], [ 135.191926053429199, 34.059857875483615 ], [ 135.191325574704678, 34.0602025532353 ], [ 135.190424497200382, 34.060288022659151 ], [ 135.189865027025576, 34.060706918211011 ], [ 135.189079444968144, 34.060883154073224 ], [ 135.187261103084381, 34.062093813435922 ], [ 135.187476662261133, 34.063104830256002 ], [ 135.188347832811132, 34.063319367867372 ], [ 135.189920954824885, 34.063077770147693 ], [ 135.190584601312452, 34.062759433111545 ], [ 135.19247771247413, 34.063060559655447 ], [ 135.193231322526515, 34.063366834822979 ] ] ] } },
{ "type": "Feature", "properties": { "CITY_NAME": "有田川町", "S_NAME": "大字野田", "JINKO": 631, "medical_area": "30_有田医療圏", "町丁目名": "有田川町大字野田" }, "geometry": { "type": "Polygon", "coordinates": [ [ [ 135.209164229782459, 34.069499720647585 ], [ 135.208706951847148, 34.066017179040408 ], [ 135.208923092811091, 34.063593900243923 ], [ 135.207315101538512, 34.063484207904928 ], [ 135.207231804312812, 34.063859350952647 ], [ 135.20584076884046, 34.064162362630206 ], [ 135.205432882738279, 34.064493989539244 ], [ 135.204243825438169, 34.064192298215147 ], [ 135.203300173035927, 34.064165886995937 ], [ 135.2029867575624, 34.064204559584425 ], [ 135.202989991187394, 34.064383759434342 ], [ 135.202009770009965, 34.064593048600159 ], [ 135.201282345144421, 34.064648320979543 ], [ 135.201259449761096, 34.064391235679267 ], [ 135.200358416068781, 34.064449739001113 ], [ 135.200359084061603, 34.064576943809072 ], [ 135.200088172309194, 34.064054261389238 ], [ 135.200184437237397, 34.064753716610987 ], [ 135.199471071956651, 34.06487076937244 ], [ 135.19970154350068, 34.067158643438248 ], [ 135.201148201251243, 34.067023543447824 ], [ 135.201613492950884, 34.067478322885798 ], [ 135.201617412134055, 34.068017716681148 ], [ 135.202214281451802, 34.067970323868174 ], [ 135.203044069739263, 34.068411407125858 ], [ 135.203056268046112, 34.068727021152554 ], [ 135.203962964358851, 34.068936593964892 ], [ 135.203963710055831, 34.06961781513472 ], [ 135.205852926747951, 34.069423546231427 ], [ 135.207778155880391, 34.069697287468983 ], [ 135.209164229782459, 34.069499720647585 ] ] ] } },
{ "type": "Feature", "properties": { "CITY_NAME": "有田川町", "S_NAME": "大字野田", "JINKO": 0, "medical_area": "30_有田医療圏", "町丁目名": "有田川町大字野田" }, "geometry": { "type": "Polygon", "coordinates": [ [ [ 135.198347452557101, 34.062399707953425 ], [ 135.1977265538317, 34.062054471890271 ], [ 135.197707256995358, 34.061775856482718 ], [ 135.197489672638625, 34.061803027234646 ], [ 135.196495904767829, 34.061943295188485 ], [ 135.196177354396553, 34.062312102792397 ], [ 135.195487677103273, 34.062467880446292 ], [ 135.195313453632906, 34.06282354686946 ], [ 135.195566011312025, 34.063350350314209 ], [ 135.196743563582146, 34.064122550343363 ], [ 135.19709744194688, 34.064711994218705 ], [ 135.197826781739423, 34.064309526952194 ], [ 135.198232317069142, 34.063717730062841 ], [ 135.198090638024809, 34.063187575570851 ], [ 135.198347452557101, 34.062399707953425 ] ] ] } },
{ "type": "Feature", "properties": { "CITY_NAME": "有田川町", "S_NAME": "大字小島", "JINKO": 502, "medical_area": "30_有田医療圏", "町丁目名": "有田川町大字小島" }, "geometry": { "type": "Polygon", "coordinates": [ [ [ 135.198201469966449, 34.069580031002097 ], [ 135.200795167180303, 34.069110963900052 ], [ 135.200950175607204, 34.069386658061568 ], [ 135.20119779000251, 34.0693089637833 ], [ 135.20100070207036, 34.06843897166825 ], [ 135.201739128347015, 34.068504489757267 ], [ 135.201613492950884, 34.067478322885798 ], [ 135.201148201251243, 34.067023543447824 ], [ 135.19970154350068, 34.067158643438248 ], [ 135.199444933386729, 34.065058653326609 ], [ 135.197428190932158, 34.06523282321379 ], [ 135.19734365225915, 34.064926170894715 ], [ 135.197667362310483, 34.064729247584872 ], [ 135.197521945155444, 34.064515449025542 ], [ 135.19701120842447, 34.064675367789164 ], [ 135.196743563582146, 34.064122550343363 ], [ 135.195566011312025, 34.063350350314209 ], [ 135.195313453632906, 34.06282354686946 ], [ 135.194717879770081, 34.063185319480688 ], [ 135.193231322526515, 34.063366834822979 ], [ 135.19247771247413, 34.063060559655447 ], [ 135.190584601312452, 34.062759433111545 ], [ 135.189920954824885, 34.063077770147693 ], [ 135.188527708626594, 34.063306754465344 ], [ 135.187476662261133, 34.063104830256002 ], [ 135.187242947190896, 34.063571518838984 ], [ 135.187305378775392, 34.064053413048356 ], [ 135.187710301301252, 34.064723239202067 ], [ 135.187659721784826, 34.065234951702067 ], [ 135.189923239413247, 34.066203032069623 ], [ 135.190103622441853, 34.066823328005675 ], [ 135.191468887861618, 34.066739511136149 ], [ 135.192671340746529, 34.066947887527249 ], [ 135.195868927202611, 34.068767046463996 ], [ 135.198201469966449, 34.069580031002097 ] ] ] } },
{ "type": "Feature", "properties": { "CITY_NAME": "有田川町", "S_NAME": "大字大賀畑", "JINKO": 12, "medical_area": "30_有田医療圏", "町丁目名": "有田川町大字大賀畑" }, "geometry": { "type": "Polygon", "coordinates": [ [ [ 135.204787713711795, 34.100147918880481 ], [ 135.205789217687368, 34.09919117991015 ], [ 135.205362536901958, 34.09857833002939 ], [ 135.205084963238534, 34.097765853816917 ], [ 135.205009644700368, 34.096057663129038 ], [ 135.206316144229845, 34.0952995544693 ], [ 135.205916542354601, 34.094435565966492 ], [ 135.20599181300696, 34.092700005658223 ], [ 135.205386880022644, 34.092140221198214 ], [ 135.204391988700081, 34.091963456987173 ], [ 135.203154073587882, 34.092317438608625 ], [ 135.202316662215338, 34.09307125845433 ], [ 135.20182094401477, 34.092459346079977 ], [ 135.201866744977508, 34.091953371698615 ], [ 135.201623283922856, 34.091616665214723 ], [ 135.200816288699343, 34.091284173432882 ], [ 135.200220618563947, 34.091519054763474 ], [ 135.200981721440456, 34.091870268611373 ], [ 135.200977148732733, 34.092023782019218 ], [ 135.200664841049218, 34.09208640230689 ], [ 135.200254194317694, 34.0924518044067 ], [ 135.198927942014848, 34.092599922207803 ], [ 135.196567152374115, 34.091497830533562 ], [ 135.195196885306586, 34.091047082116539 ], [ 135.194742148867448, 34.090450910120168 ], [ 135.193986574785754, 34.090996723434628 ], [ 135.194781297341308, 34.091387216354811 ], [ 135.194777716602687, 34.091819648738138 ], [ 135.194994862346874, 34.092062096652946 ], [ 135.194736233865257, 34.092338886596757 ], [ 135.194117717620117, 34.091997869789957 ], [ 135.19399998625974, 34.092245158882783 ], [ 135.194116660471309, 34.0926999350134 ], [ 135.193835617153781, 34.092670053827398 ], [ 135.192197360210713, 34.091616576884526 ], [ 135.191978743691777, 34.091298327810719 ], [ 135.191540486835606, 34.091126678905546 ], [ 135.191980431261157, 34.090755020495095 ], [ 135.191290723378216, 34.090799208339348 ], [ 135.191159210739727, 34.09104372736028 ], [ 135.190695297079884, 34.090881907191623 ], [ 135.190759108079817, 34.090608204080439 ], [ 135.190267461465169, 34.090318574855438 ], [ 135.190137861991786, 34.090023871178303 ], [ 135.189540248747988, 34.090114579496699 ], [ 135.189707528404654, 34.089910444789474 ], [ 135.189675237421653, 34.08946988421522 ], [ 135.189458818985258, 34.089020498058517 ], [ 135.189180943236039, 34.089459287160317 ], [ 135.189256171899018, 34.088902941945058 ], [ 135.188965907112589, 34.089850879339508 ], [ 135.18818890307773, 34.090278753365105 ], [ 135.187869358830483, 34.090655846525145 ], [ 135.188070334799988, 34.091037376769783 ], [ 135.188065109786322, 34.091939307994501 ], [ 135.187476997045621, 34.09285005280158 ], [ 135.187207797652462, 34.093813059970046 ], [ 135.186702531886908, 34.094202865283719 ], [ 135.187388289376599, 34.094867795149248 ], [ 135.187320899448537, 34.095336719378047 ], [ 135.187540360540282, 34.095813181685209 ], [ 135.187257529374506, 34.096676941417577 ], [ 135.187502333055704, 34.097991596287194 ], [ 135.188513023245946, 34.0975989285729 ], [ 135.189311688562725, 34.097819599250791 ], [ 135.190385306591168, 34.098374106084563 ], [ 135.190844104377277, 34.098117515016931 ], [ 135.191949600051288, 34.098419923753831 ], [ 135.192497540429827, 34.09838676661861 ], [ 135.193411296265566, 34.098053572442304 ], [ 135.194299291360011, 34.098534556744319 ], [ 135.19475893756038, 34.098491089487013 ], [ 135.195867950228831, 34.098737137268913 ], [ 135.198021362466591, 34.098434011708861 ], [ 135.199099833242826, 34.099470376049339 ], [ 135.200736103707214, 34.09996042217152 ], [ 135.20210761851672, 34.100045846045376 ], [ 135.202973285136579, 34.100406457156666 ], [ 135.204787713711795, 34.100147918880481 ] ] ] } },
{ "type": "Feature", "properties": { "CITY_NAME": "有田川町", "S_NAME": "大字田口", "JINKO": 330, "medical_area": "30_有田医療圏", "町丁目名": "有田川町大字田口" }, "geometry": { "type": "Polygon", "coordinates": [ [ [ 135.20439198870011, 34.091963456987173 ], [ 135.205386880022644, 34.092140221198214 ], [ 135.205491744472198, 34.09079970529919 ], [ 135.203474260167582, 34.090343303261996 ], [ 135.203111049990866, 34.088363317389557 ], [ 135.203094001141665, 34.086954681786615 ], [ 135.202661534326296, 34.08511258846849 ], [ 135.201847411986108, 34.084082358434244 ], [ 135.201906729203046, 34.083397432672484 ], [ 135.202251620363313, 34.082472074800911 ], [ 135.202291626169256, 34.081434858286791 ], [ 135.201349516597048, 34.080752717642014 ], [ 135.200957171874109, 34.079876233041993 ], [ 135.200910065392947, 34.078028754374984 ], [ 135.201513152849458, 34.076999855929117 ], [ 135.201893279848377, 34.075952178862508 ], [ 135.201781619141855, 34.074552379689081 ], [ 135.197989073792741, 34.073057730693726 ], [ 135.195548298085725, 34.071254449985624 ], [ 135.192111166550148, 34.069160008797219 ], [ 135.190676749785325, 34.068482424282955 ], [ 135.191624005414496, 34.071292453383904 ], [ 135.19137238162142, 34.071389963134408 ], [ 135.192211805877747, 34.072946840898453 ], [ 135.191916052285023, 34.072957992951366 ], [ 135.192173756863667, 34.075443983367251 ], [ 135.192535195142085, 34.076479185501512 ], [ 135.193339507706042, 34.077138234408615 ], [ 135.192772715965788, 34.077354111730692 ], [ 135.192053353560908, 34.078449244119078 ], [ 135.191810569540849, 34.079826710301006 ], [ 135.19151657110848, 34.080132278768545 ], [ 135.191009263964617, 34.0816505512867 ], [ 135.19025992194446, 34.082046078261051 ], [ 135.19024268485731, 34.083005393068255 ], [ 135.189636740486691, 34.084192112543668 ], [ 135.189584755257783, 34.084834251244146 ], [ 135.18884497645584, 34.086641289838894 ], [ 135.189257241140467, 34.087458367891372 ], [ 135.188999183116692, 34.088278612019238 ], [ 135.18924856664367, 34.088812737335857 ], [ 135.189180943236039, 34.089459287160317 ], [ 135.189458818985258, 34.089020498058531 ], [ 135.189675237421653, 34.089469884215234 ], [ 135.189707528404654, 34.089910444789496 ], [ 135.189540248747988, 34.090114579496714 ], [ 135.190137861991786, 34.090023871178303 ], [ 135.190267461465169, 34.090318574855438 ], [ 135.190759108079817, 34.090608204080475 ], [ 135.190695297079884, 34.090881907191644 ], [ 135.191159210739727, 34.091043727360308 ], [ 135.191290723378216, 34.090799208339348 ], [ 135.191980431261157, 34.090755020495095 ], [ 135.191540486835606, 34.091126678905546 ], [ 135.193919863047483, 34.092686948523365 ], [ 135.194116660471309, 34.0926999350134 ], [ 135.19399998625974, 34.092245158882804 ], [ 135.194117717620117, 34.091997869789957 ], [ 135.194736233865257, 34.092338886596778 ], [ 135.194994862346874, 34.092062096652967 ], [ 135.194777716602687, 34.091819648738138 ], [ 135.194781297341308, 34.091387216354811 ], [ 135.193986574785754, 34.090996723434628 ], [ 135.194742148867448, 34.090450910120175 ], [ 135.195196885306586, 34.091047082116546 ], [ 135.196567152374115, 34.091497830533569 ], [ 135.198927942014848, 34.092599922207818 ], [ 135.200254194317694, 34.0924518044067 ], [ 135.200664841049218, 34.09208640230689 ], [ 135.200977148732733, 34.092023782019218 ], [ 135.200981721440456, 34.091870268611409 ], [ 135.200220618563947, 34.091519054763488 ], [ 135.200816288699343, 34.091284173432882 ], [ 135.201623283922856, 34.091616665214744 ], [ 135.201866744977508, 34.091953371698615 ], [ 135.20182094401477, 34.092459346079991 ], [ 135.202316662215338, 34.09307125845433 ], [ 135.203154073587882, 34.092317438608632 ], [ 135.20439198870011, 34.091963456987173 ] ] ] } },
{ "type": "Feature", "properties": { "CITY_NAME": "有田川町", "S_NAME": "大字大谷", "JINKO": 154, "medical_area": "30_有田医療圏", "町丁目名": "有田川町大字大谷" }, "geometry": { "type": "Polygon", "coordinates": [ [ [ 135.206585073733748, 34.078890900611938 ], [ 135.206694040595693, 34.07774087455492 ], [ 135.206950923841731, 34.077742534551639 ], [ 135.207135757496758, 34.077372689616794 ], [ 135.207210914546067, 34.075825629426099 ], [ 135.201781619141855, 34.074552379689081 ], [ 135.201893279848377, 34.075952178862508 ], [ 135.201513152849458, 34.076999855929117 ], [ 135.200971360169149, 34.077783766360724 ], [ 135.200888206464128, 34.078365139584875 ], [ 135.200957171874109, 34.079876233041993 ], [ 135.201186280194946, 34.080431044966943 ], [ 135.201529141896884, 34.080942504968952 ], [ 135.202291626169256, 34.081434858286791 ], [ 135.202251620363313, 34.08247207480089 ], [ 135.201906729203046, 34.083397432672484 ], [ 135.201847411986108, 34.084082358434244 ], [ 135.202661534326296, 34.08511258846849 ], [ 135.203094001141665, 34.086954681786594 ], [ 135.203111049990866, 34.088363317389557 ], [ 135.203474260167582, 34.090343303261996 ], [ 135.205356878170733, 34.090673036063279 ], [ 135.205491744472198, 34.09079970529919 ], [ 135.205386880022644, 34.092140221198214 ], [ 135.205638989498198, 34.092168479989731 ], [ 135.2061782701455, 34.092096752800231 ], [ 135.208094214866264, 34.091351000064101 ], [ 135.208017765255903, 34.090221871972197 ], [ 135.20742574312294, 34.088865997165954 ], [ 135.20780406616251, 34.087601474607872 ], [ 135.207920232129396, 34.084043097193117 ], [ 135.207762450515389, 34.079873156245085 ], [ 135.206585073733748, 34.078890900611938 ] ] ] } },
{ "type": "Feature", "properties": { "CITY_NAME": "有田川町", "S_NAME": "大字井口", "JINKO": 261, "medical_area": "30_有田医療圏", "町丁目名": "有田川町大字井口" }, "geometry": { "type": "Polygon", "coordinates": [ [ [ 135.210625171525294, 34.092362686609924 ], [ 135.211467985213375, 34.091457662602735 ], [ 135.211525838426383, 34.088471204975846 ], [ 135.209975398503929, 34.088334184372556 ], [ 135.209852098632894, 34.087927408054917 ], [ 135.210106452843888, 34.087493618962242 ], [ 135.211740462751209, 34.087334366610982 ], [ 135.211881098794976, 34.086810252938584 ], [ 135.210517566494985, 34.086358050042421 ], [ 135.210027615761021, 34.085804679180491 ], [ 135.209828320351619, 34.085294168095089 ], [ 135.210136071862905, 34.08470507429314 ], [ 135.210660533853883, 34.084381495121868 ], [ 135.211199616829902, 34.083702602883776 ], [ 135.212426226006983, 34.08058211935829 ], [ 135.213621787671485, 34.080420031176274 ], [ 135.214747243795443, 34.079660068756993 ], [ 135.214815229329901, 34.07858963875902 ], [ 135.214480764100045, 34.077671588291878 ], [ 135.214573445222669, 34.076392971706234 ], [ 135.210428020015058, 34.076450527662466 ], [ 135.207210914546067, 34.075825629426099 ], [ 135.207135757496758, 34.077372689616794 ], [ 135.206950923841731, 34.077742534551639 ], [ 135.206694040595693, 34.07774087455492 ], [ 135.206585073733748, 34.078890900611938 ], [ 135.207762450515389, 34.079873156245085 ], [ 135.207920232129396, 34.084043097193117 ], [ 135.20780406616251, 34.087601474607872 ], [ 135.20742574312294, 34.088865997165954 ], [ 135.208017765255903, 34.090221871972197 ], [ 135.208094214866264, 34.091351000064101 ], [ 135.2061782701455, 34.092096752800231 ], [ 135.205386880022644, 34.092140221198214 ], [ 135.20599181300696, 34.092700005658195 ], [ 135.205916542354601, 34.094435565966506 ], [ 135.206316144229874, 34.095299554469278 ], [ 135.210204102399132, 34.094321433433805 ], [ 135.210449203019806, 34.094139314727968 ], [ 135.210625171525294, 34.092362686609924 ] ] ] } },
{ "type": "Feature", "properties": { "CITY_NAME": "有田川町", "S_NAME": "大字賢", "JINKO": 358, "medical_area": "30_有田医療圏", "町丁目名": "有田川町大字賢" }, "geometry": { "type": "Polygon", "coordinates": [ [ [ 135.222297904734972, 34.098130750606899 ], [ 135.221910113936133, 34.095129107509329 ], [ 135.222922654481039, 34.093249869941324 ], [ 135.221925674382845, 34.090262827122757 ], [ 135.221659700574378, 34.086655517865196 ], [ 135.219869754121902, 34.083022065978042 ], [ 135.218815447073865, 34.079495257590743 ], [ 135.218854464889148, 34.0786057928064 ], [ 135.217340568669869, 34.078103552183734 ], [ 135.216589568576637, 34.078104826201113 ], [ 135.216917090123928, 34.077372713654512 ], [ 135.216704859240195, 34.076396280863513 ], [ 135.214573445222669, 34.076392971706234 ], [ 135.214480764100045, 34.077671588291878 ], [ 135.214815229329901, 34.07858963875902 ], [ 135.214747243795443, 34.079660068756993 ], [ 135.213621787671485, 34.080420031176274 ], [ 135.212426226006983, 34.08058211935829 ], [ 135.211199616829902, 34.083702602883776 ], [ 135.210660533853883, 34.084381495121868 ], [ 135.210136071862905, 34.08470507429314 ], [ 135.209828320351619, 34.085294168095089 ], [ 135.210027615761021, 34.085804679180491 ], [ 135.210517566494985, 34.086358050042421 ], [ 135.211881098794976, 34.086810252938584 ], [ 135.211740462751209, 34.087334366610982 ], [ 135.210106452843888, 34.087493618962242 ], [ 135.209852098632894, 34.087927408054917 ], [ 135.209975398503929, 34.088334184372556 ], [ 135.211525838426383, 34.088471204975846 ], [ 135.211467985213375, 34.091457662602735 ], [ 135.210842269256943, 34.092022192260984 ], [ 135.210563485350349, 34.092523584247708 ], [ 135.210449203019806, 34.094139314727968 ], [ 135.210204102399132, 34.094321433433805 ], [ 135.206316144229874, 34.095299554469278 ], [ 135.206646264890367, 34.096488334667953 ], [ 135.20796748751971, 34.096750019232275 ], [ 135.209382270283271, 34.09668379916495 ], [ 135.211927518883527, 34.095725509204797 ], [ 135.215065306725251, 34.095381861347157 ], [ 135.215758345368613, 34.096232316607811 ], [ 135.216240733380715, 34.096522616302821 ], [ 135.217251275210771, 34.096611177037317 ], [ 135.217697612096032, 34.096347218367825 ], [ 135.218749842984835, 34.096367571715561 ], [ 135.221428183408705, 34.09703775577875 ], [ 135.222297904734972, 34.098130750606899 ] ] ] } },
{ "type": "Feature", "properties": { "CITY_NAME": "有田川町", "S_NAME": "大字田角", "JINKO": 64, "medical_area": "30_有田医療圏", "町丁目名": "有田川町大字田角" }, "geometry": { "type": "Polygon", "coordinates": [ [ [ 135.226259115117188, 34.10680801662911 ], [ 135.22643275762772, 34.106411861359383 ], [ 135.226213700037135, 34.105882080643376 ], [ 135.225166525704253, 34.104571167463369 ], [ 135.225563720663473, 34.10429461383918 ], [ 135.222676849482127, 34.100583101500355 ], [ 135.222896209675724, 34.099129760353115 ], [ 135.222310398836669, 34.098792902630947 ], [ 135.222297904734972, 34.098130750606899 ], [ 135.221428183408705, 34.09703775577875 ], [ 135.218749842984835, 34.096367571715561 ], [ 135.217697612096032, 34.096347218367825 ], [ 135.217251275210771, 34.096611177037317 ], [ 135.216240733380715, 34.096522616302821 ], [ 135.215758345368613, 34.096232316607811 ], [ 135.215065306725251, 34.095381861347157 ], [ 135.211927518883527, 34.095725509204797 ], [ 135.209382270283271, 34.09668379916495 ], [ 135.20796748751971, 34.096750019232275 ], [ 135.206646264890367, 34.096488334667953 ], [ 135.206316144229874, 34.095299554469278 ], [ 135.205009644700368, 34.096057663129038 ], [ 135.205084963238534, 34.097765853816917 ], [ 135.205362536902015, 34.098578330029405 ], [ 135.205789217687339, 34.099191179910143 ], [ 135.204787713711795, 34.100147918880495 ], [ 135.205693272934951, 34.100508626523634 ], [ 135.205990330857418, 34.101013154368623 ], [ 135.206529439637848, 34.101256958453853 ], [ 135.206811851566698, 34.101762091975196 ], [ 135.20750198851502, 34.101882201903834 ], [ 135.208067597334122, 34.10220040330568 ], [ 135.208529922783157, 34.10221662800604 ], [ 135.209309339544063, 34.103072327999023 ], [ 135.210593047821675, 34.1032944218341 ], [ 135.211763308361157, 34.103935421120205 ], [ 135.212101514985676, 34.104645730718957 ], [ 135.21270829443074, 34.105011654662341 ], [ 135.21265554525155, 34.105732835881383 ], [ 135.212911412169802, 34.106192436592949 ], [ 135.213747059993295, 34.106881565989831 ], [ 135.216645430180478, 34.107163680669309 ], [ 135.217030186673128, 34.108671874389586 ], [ 135.216769393435953, 34.110147770146909 ], [ 135.216453226338189, 34.110740913728954 ], [ 135.217349021596931, 34.11007568678798 ], [ 135.222381717991254, 34.109674700511569 ], [ 135.222951712102457, 34.109368399278068 ], [ 135.223092065280014, 34.108642404395056 ], [ 135.224565489606846, 34.107372211114544 ], [ 135.224980851364563, 34.107352014386024 ], [ 135.225513142832682, 34.106952349316096 ], [ 135.226259115117188, 34.10680801662911 ] ] ] } },
{ "type": "Feature", "properties": { "CITY_NAME": "有田川町", "S_NAME": "大字船坂", "JINKO": 159, "medical_area": "30_有田医療圏", "町丁目名": "有田川町大字船坂" }, "geometry": { "type": "Polygon", "coordinates": [ [ [ 135.237658604688676, 34.090524114557311 ], [ 135.237242950858302, 34.090027938602454 ], [ 135.237210378732186, 34.089512870116913 ], [ 135.236153951533538, 34.087537558673162 ], [ 135.23573284193111, 34.087654394146078 ], [ 135.235580213036855, 34.08790010124995 ], [ 135.235085339640875, 34.087167052252383 ], [ 135.233915273278143, 34.086930997364483 ], [ 135.233727521929637, 34.086417782032221 ], [ 135.2332434832079, 34.085837077762939 ], [ 135.233239337199223, 34.085562647972623 ], [ 135.233536244018268, 34.085523367819135 ], [ 135.232964644445218, 34.084908449302546 ], [ 135.232998614373173, 34.084187716808444 ], [ 135.232331101359449, 34.084187773280149 ], [ 135.232146562259913, 34.084535682633657 ], [ 135.228955557598965, 34.083319469078759 ], [ 135.228562659068501, 34.082945258151362 ], [ 135.227973284061306, 34.082918030085693 ], [ 135.2275654645359, 34.082706421193144 ], [ 135.22746240511924, 34.082344452574084 ], [ 135.22699893082617, 34.082156156587359 ], [ 135.226650627469809, 34.081879134260269 ], [ 135.226539524425164, 34.081545991073362 ], [ 135.225898639009728, 34.081131328198424 ], [ 135.224960111365533, 34.079203146274558 ], [ 135.225001503382316, 34.078735872810597 ], [ 135.224747491423585, 34.078153757143816 ], [ 135.222450680302842, 34.077343737670944 ], [ 135.222969753336344, 34.076867794716478 ], [ 135.222649828531132, 34.075203662155836 ], [ 135.22029457439811, 34.075699112193703 ], [ 135.2206675544885, 34.077748429438351 ], [ 135.221081818941542, 34.078036311914531 ], [ 135.22040330765995, 34.078080610698784 ], [ 135.220086198827971, 34.078472887199375 ], [ 135.21969111327536, 34.078616036072226 ], [ 135.218854464889148, 34.0786057928064 ], [ 135.218815447073865, 34.079495257590743 ], [ 135.219869754121902, 34.083022065978042 ], [ 135.221659700574378, 34.086655517865196 ], [ 135.221961417949103, 34.090363209562753 ], [ 135.223674679459037, 34.090499553532382 ], [ 135.227165022961856, 34.090430686006123 ], [ 135.234257124844049, 34.093007838692337 ], [ 135.235257392814702, 34.092811784652682 ], [ 135.23526616431289, 34.092398538174805 ], [ 135.23547753449796, 34.092003456979235 ], [ 135.236163674540876, 34.091503848156478 ], [ 135.236723205971913, 34.091283772163088 ], [ 135.237819124321362, 34.091159854225438 ], [ 135.238127018891447, 34.090714514620963 ], [ 135.237658604688676, 34.090524114557311 ] ] ] } },
{ "type": "Feature", "properties": { "CITY_NAME": "有田川町", "S_NAME": "大字長谷", "JINKO": 8, "medical_area": "30_有田医療圏", "町丁目名": "有田川町大字長谷" }, "geometry": { "type": "Polygon", "coordinates": [ [ [ 135.231032882534265, 34.107016223081267 ], [ 135.231317655138923, 34.106960110299404 ], [ 135.231474078590225, 34.106480446384118 ], [ 135.231581266358717, 34.104994671918895 ], [ 135.230830967698324, 34.104161240287837 ], [ 135.230271616554404, 34.103225886628756 ], [ 135.230368812036517, 34.102853335535364 ], [ 135.230743402268615, 34.102349544134555 ], [ 135.231399216319375, 34.102151365940315 ], [ 135.231984485914097, 34.101617333870337 ], [ 135.232566565763307, 34.100031128004318 ], [ 135.233702270918656, 34.100293334710415 ], [ 135.233986846170069, 34.100219181858328 ], [ 135.234619259669927, 34.099797277842391 ], [ 135.23517327535248, 34.099071165865276 ], [ 135.236083205864844, 34.098505462850518 ], [ 135.23638242669395, 34.097921166759022 ], [ 135.236035374369038, 34.097339189720202 ], [ 135.235552291268021, 34.096952455027527 ], [ 135.23570275591473, 34.096565436575638 ], [ 135.235660721719881, 34.095884071039684 ], [ 135.235039307287082, 34.0945265974566 ], [ 135.234336392495806, 34.094056234900393 ], [ 135.234257124844049, 34.093007838692337 ], [ 135.227165022961884, 34.090430686006101 ], [ 135.223674679459037, 34.090499553532382 ], [ 135.221961417949103, 34.090363209562739 ], [ 135.222922654481039, 34.093249869941324 ], [ 135.221910113936133, 34.095129107509322 ], [ 135.222310398836669, 34.098792902630947 ], [ 135.222896209675724, 34.099129760353115 ], [ 135.222676849482127, 34.100583101500355 ], [ 135.225563720663473, 34.10429461383918 ], [ 135.225166525704253, 34.104571167463369 ], [ 135.226213700037135, 34.105882080643376 ], [ 135.22643275762772, 34.106411861359383 ], [ 135.226259115117188, 34.10680801662911 ], [ 135.227911619810726, 34.106908299094094 ], [ 135.22885639229392, 34.10650501637155 ], [ 135.231032882534265, 34.107016223081267 ] ] ] } },
{ "type": "Feature", "properties": { "CITY_NAME": "有田川町", "S_NAME": "大字出", "JINKO": 193, "medical_area": "30_有田医療圏", "町丁目名": "有田川町大字出" }, "geometry": { "type": "Polygon", "coordinates": [ [ [ 135.237820330787372, 34.087613552830604 ], [ 135.237583658547038, 34.087154550343143 ], [ 135.237577972950135, 34.08665260770907 ], [ 135.237972494549183, 34.086174428083893 ], [ 135.238609810641208, 34.085752548509149 ], [ 135.239555514765556, 34.085416811943844 ], [ 135.239755600059453, 34.084859244339277 ], [ 135.239610614685688, 34.084065566147764 ], [ 135.238233799752294, 34.08415197726913 ], [ 135.237105567275904, 34.083929874779777 ], [ 135.235765503065636, 34.083303855121819 ], [ 135.233106092039094, 34.082859190275101 ], [ 135.232047683051007, 34.082487878207949 ], [ 135.231544972498853, 34.082585873805527 ], [ 135.231047835500306, 34.082072549651244 ], [ 135.230361768127523, 34.082283351745254 ], [ 135.229856450550642, 34.082115794434465 ], [ 135.22926433342343, 34.082299711800921 ], [ 135.228618658743898, 34.08195405828414 ], [ 135.227809754568682, 34.080888396795963 ], [ 135.227811922088534, 34.080648094261349 ], [ 135.227319061999253, 34.080227466879677 ], [ 135.22698501860873, 34.079412567388282 ], [ 135.226645463914622, 34.077372659313724 ], [ 135.226141968583022, 34.076165636053815 ], [ 135.226543666138866, 34.076020543830424 ], [ 135.225191390461561, 34.072919685982939 ], [ 135.227515994575555, 34.071598833046124 ], [ 135.22716739598971, 34.071021755272604 ], [ 135.22816834235465, 34.070698734852513 ], [ 135.225870052175026, 34.068116452924457 ], [ 135.226414335013203, 34.067590551143851 ], [ 135.226485914768318, 34.066997849534488 ], [ 135.227243311628484, 34.066536391475999 ], [ 135.227540885646704, 34.066603205714941 ], [ 135.227410749705768, 34.066086559143436 ], [ 135.225392847174817, 34.06611972889899 ], [ 135.225287634273997, 34.066232031202382 ], [ 135.225521257224557, 34.066852157509487 ], [ 135.225370873166497, 34.06703572958078 ], [ 135.223493464293995, 34.067557538810291 ], [ 135.221240617588563, 34.068624190524957 ], [ 135.221374219824668, 34.068923792572207 ], [ 135.221227351682671, 34.069074144171033 ], [ 135.221602396833134, 34.070414406724851 ], [ 135.222349681110302, 34.070366729088065 ], [ 135.222408863614248, 34.070616442921029 ], [ 135.222739149790669, 34.070624883080569 ], [ 135.223162462534702, 34.073747803592212 ], [ 135.223526097068685, 34.075063703358566 ], [ 135.222649828531132, 34.075203662155836 ], [ 135.222969753336344, 34.076867794716478 ], [ 135.222450680302842, 34.077343737670944 ], [ 135.224747491423585, 34.078153757143816 ], [ 135.225001503382316, 34.078735872810597 ], [ 135.224960111365533, 34.079203146274558 ], [ 135.225394848487724, 34.080244919606741 ], [ 135.225617016581197, 34.080408881458673 ], [ 135.225761022156036, 34.080978465401223 ], [ 135.226539524425164, 34.081545991073362 ], [ 135.226650627469809, 34.081879134260269 ], [ 135.22746240511924, 34.082344452574084 ], [ 135.2275654645359, 34.082706421193144 ], [ 135.228027426543036, 34.082931471469927 ], [ 135.228562659068501, 34.082945258151362 ], [ 135.228955557598965, 34.083319469078759 ], [ 135.232146562259913, 34.084535682633657 ], [ 135.232331101359449, 34.084187773280149 ], [ 135.232998614373173, 34.084187716808444 ], [ 135.232964644445218, 34.084908449302546 ], [ 135.233536244018268, 34.085523367819135 ], [ 135.233239337199223, 34.085562647972623 ], [ 135.2332434832079, 34.085837077762939 ], [ 135.233727521929637, 34.086417782032221 ], [ 135.233915273278143, 34.086930997364483 ], [ 135.235085339640875, 34.087167052252383 ], [ 135.235580213036855, 34.08790010124995 ], [ 135.23573284193111, 34.087654394146078 ], [ 135.236153951533538, 34.087537558673162 ], [ 135.237210378732186, 34.089512870116913 ], [ 135.237242950858302, 34.090027938602454 ], [ 135.237709536422358, 34.090594300345046 ], [ 135.238127018891447, 34.090714514620963 ], [ 135.238421630038204, 34.090096811109717 ], [ 135.237945217341519, 34.088666317486435 ], [ 135.237820330787372, 34.087613552830604 ] ] ] } },
{ "type": "Feature", "properties": { "CITY_NAME": "有田川町", "S_NAME": "大字尾中", "JINKO": 131, "medical_area": "30_有田医療圏", "町丁目名": "有田川町大字尾中" }, "geometry": { "type": "Polygon", "coordinates": [ [ [ 135.218889068753498, 34.078616999722385 ], [ 135.220086198827971, 34.078472887199375 ], [ 135.22040330765995, 34.078080610698784 ], [ 135.221081818941542, 34.078036311914531 ], [ 135.2206675544885, 34.077748429438351 ], [ 135.22029457439811, 34.075699112193703 ], [ 135.223526097068685, 34.075063703358566 ], [ 135.223162462534702, 34.073747803592212 ], [ 135.222739149790669, 34.070624883080569 ], [ 135.222408863614248, 34.070616442921029 ], [ 135.222349681110302, 34.070366729088065 ], [ 135.221602396833134, 34.070414406724851 ], [ 135.221227351682671, 34.069074144171033 ], [ 135.221374219824668, 34.068923792572207 ], [ 135.221240617588563, 34.068624190524957 ], [ 135.219697881646454, 34.068641327689299 ], [ 135.218088936379985, 34.067924857146487 ], [ 135.216366018565481, 34.068181250864448 ], [ 135.216501098113866, 34.069779877342093 ], [ 135.217769633249702, 34.069679194471604 ], [ 135.218257550298034, 34.073872938904017 ], [ 135.219795307416746, 34.073735629789027 ], [ 135.219977031568902, 34.07486837344269 ], [ 135.218405486685185, 34.075337914435266 ], [ 135.218427047025131, 34.075497936008368 ], [ 135.219365830720676, 34.075331192378208 ], [ 135.219572010779842, 34.075898366796025 ], [ 135.216704859240195, 34.076396280863513 ], [ 135.216917090123928, 34.077372713654512 ], [ 135.216589568576637, 34.078104826201113 ], [ 135.217340568669869, 34.078103552183734 ], [ 135.218889068753498, 34.078616999722385 ] ] ] } },
{ "type": "Feature", "properties": { "CITY_NAME": "有田川町", "S_NAME": "大字角", "JINKO": 154, "medical_area": "30_有田医療圏", "町丁目名": "有田川町大字角" }, "geometry": { "type": "Polygon", "coordinates": [ [ [ 135.216704859240195, 34.076396280863513 ], [ 135.219572010779842, 34.075898366796025 ], [ 135.219365830720676, 34.075331192378208 ], [ 135.218427047025131, 34.075497936008354 ], [ 135.218405486685185, 34.075337914435266 ], [ 135.219977031568902, 34.07486837344269 ], [ 135.219795307416746, 34.073735629789027 ], [ 135.218257550298034, 34.073872938904017 ], [ 135.217769633249702, 34.069679194471604 ], [ 135.216501098113838, 34.069779877342107 ], [ 135.216366018565537, 34.068181250864448 ], [ 135.215152287748481, 34.068673430320075 ], [ 135.215825212199206, 34.074101729885612 ], [ 135.216613272203745, 34.074032652282405 ], [ 135.216700747179146, 34.074600903389921 ], [ 135.216577534861671, 34.074856356233653 ], [ 135.216861514874381, 34.074883802250312 ], [ 135.216704859240195, 34.076396280863513 ] ] ] } },
{ "type": "Feature", "properties": { "CITY_NAME": "有田川町", "S_NAME": "大字長田", "JINKO": 302, "medical_area": "30_有田医療圏", "町丁目名": "有田川町大字長田" }, "geometry": { "type": "Polygon", "coordinates": [ [ [ 135.216704859240195, 34.076396280863513 ], [ 135.216861514874381, 34.074883802250312 ], [ 135.216577534861671, 34.074856356233653 ], [ 135.216700747179175, 34.074600903389914 ], [ 135.216613272203745, 34.074032652282405 ], [ 135.215825212199206, 34.074101729885612 ], [ 135.215574199008557, 34.072005158740566 ], [ 135.209704109151915, 34.072488689098925 ], [ 135.207214275680599, 34.07239544005531 ], [ 135.206975081529123, 34.072186260073956 ], [ 135.206169425170998, 34.07215583728577 ], [ 135.205191833700866, 34.072274318223926 ], [ 135.205131044976241, 34.072439723641928 ], [ 135.204991580340959, 34.073018480663904 ], [ 135.205013467014055, 34.075310360040092 ], [ 135.208371899334338, 34.076143166870544 ], [ 135.210428020015058, 34.076450527662466 ], [ 135.216704859240195, 34.076396280863513 ] ] ] } },
{ "type": "Feature", "properties": { "CITY_NAME": "有田川町", "S_NAME": "大字上中島", "JINKO": 427, "medical_area": "30_有田医療圏", "町丁目名": "有田川町大字上中島" }, "geometry": { "type": "Polygon", "coordinates": [ [ [ 135.204991580340959, 34.073018480663904 ], [ 135.205191833700866, 34.072274318223926 ], [ 135.206169425170998, 34.07215583728577 ], [ 135.206975081529123, 34.072186260073956 ], [ 135.207214275680599, 34.07239544005531 ], [ 135.209704109151915, 34.072488689098925 ], [ 135.215574199008557, 34.072005158740566 ], [ 135.215152287748481, 34.068673430320075 ], [ 135.212904451057312, 34.068543858316616 ], [ 135.212078883456655, 34.068738882354346 ], [ 135.211097859323587, 34.069269566862339 ], [ 135.207778155880391, 34.069697287468983 ], [ 135.205852926747951, 34.069423546231427 ], [ 135.203963710055831, 34.06961781513472 ], [ 135.203962964358851, 34.068936593964892 ], [ 135.203056268046112, 34.068727021152554 ], [ 135.203044069739263, 34.068411407125858 ], [ 135.202214281451802, 34.067970323868174 ], [ 135.201673478976204, 34.068013573779133 ], [ 135.201681679779654, 34.068529611915956 ], [ 135.20100070207036, 34.06843897166825 ], [ 135.20119779000251, 34.0693089637833 ], [ 135.200950175607204, 34.069386658061568 ], [ 135.200795167180303, 34.069110963900052 ], [ 135.198201469966449, 34.069580031002097 ], [ 135.195868927202611, 34.068767046463996 ], [ 135.192671340746529, 34.066947887527249 ], [ 135.191468887861618, 34.066739511136149 ], [ 135.190103622441853, 34.066823328005675 ], [ 135.190676749785325, 34.068482424282955 ], [ 135.192111166550148, 34.069160008797219 ], [ 135.195548298085725, 34.071254449985624 ], [ 135.197989073792741, 34.073057730693726 ], [ 135.199887552034824, 34.073870374827003 ], [ 135.201781619141855, 34.074552379689081 ], [ 135.205013467014055, 34.075310360040092 ], [ 135.204991580340959, 34.073018480663904 ] ] ] } },
{ "type": "Feature", "properties": { "CITY_NAME": "有田川町", "S_NAME": "大字徳田", "JINKO": 620, "medical_area": "30_有田医療圏", "町丁目名": "有田川町大字徳田" }, "geometry": { "type": "Polygon", "coordinates": [ [ [ 135.252269762719095, 34.060607158325084 ], [ 135.252102187995263, 34.058805133667896 ], [ 135.249300180091808, 34.059643901000307 ], [ 135.247932873293252, 34.060423798883114 ], [ 135.247494466003957, 34.060282491755842 ], [ 135.246925983159571, 34.060600455368906 ], [ 135.246522768731694, 34.061647006243774 ], [ 135.243779954653434, 34.063121704624407 ], [ 135.244170564067446, 34.063491200803448 ], [ 135.243932914095325, 34.063633977985852 ], [ 135.24393157628009, 34.063784833265494 ], [ 135.244234468479846, 34.063939396148456 ], [ 135.243998656094135, 34.064495193038901 ], [ 135.243958298292711, 34.065438439643742 ], [ 135.244327094899148, 34.066150518913538 ], [ 135.247431162466114, 34.066217369221356 ], [ 135.249627810188485, 34.065765003201406 ], [ 135.250507773882475, 34.065061434348983 ], [ 135.251219723183254, 34.063895518665213 ], [ 135.251796462567313, 34.062578902493975 ], [ 135.252269762719095, 34.060607158325084 ] ] ] } },
{ "type": "Feature", "properties": { "CITY_NAME": "有田川町", "S_NAME": "大字徳田", "JINKO": 456, "medical_area": "30_有田医療圏", "町丁目名": "有田川町大字徳田" }, "geometry": { "type": "Polygon", "coordinates": [ [ [ 135.243779954653434, 34.063121704624407 ], [ 135.246522768731694, 34.061647006243774 ], [ 135.246751044851891, 34.0607829284763 ], [ 135.247147853281518, 34.060450949985359 ], [ 135.247494466003957, 34.060282491755842 ], [ 135.247932873293252, 34.060423798883114 ], [ 135.249300180091808, 34.059643901000307 ], [ 135.252102187995263, 34.058805133667903 ], [ 135.251846914850773, 34.057141612372597 ], [ 135.252174029286465, 34.055961863180869 ], [ 135.251898251472142, 34.055651257373754 ], [ 135.250716540742047, 34.055284973369353 ], [ 135.25043844208065, 34.054931105625407 ], [ 135.25053803104484, 34.053229747931994 ], [ 135.251328465822979, 34.052761805817461 ], [ 135.251690467623519, 34.052012182740086 ], [ 135.251533741261426, 34.05188768405813 ], [ 135.250937158778072, 34.052021819847774 ], [ 135.25056225745459, 34.051937969694414 ], [ 135.25052383460914, 34.051765309360512 ], [ 135.250813714939994, 34.051374892708182 ], [ 135.250130035640552, 34.051780796471846 ], [ 135.248543968440345, 34.052039182105332 ], [ 135.247548661334548, 34.052707435790019 ], [ 135.246632032514867, 34.052735062288036 ], [ 135.246038316148542, 34.053413931710153 ], [ 135.245665665196441, 34.054509693667711 ], [ 135.245479998792888, 34.054490521955799 ], [ 135.245178311893795, 34.054920280557688 ], [ 135.245849378110478, 34.055505054470927 ], [ 135.246037322270666, 34.055869784827287 ], [ 135.245901373611616, 34.056734711365166 ], [ 135.245971232974711, 34.057475954846204 ], [ 135.246237153744516, 34.058277426212989 ], [ 135.246534393185527, 34.05862916379882 ], [ 135.245401655644571, 34.059696160596189 ], [ 135.244545332105247, 34.06032027501692 ], [ 135.242950521954612, 34.060703732787097 ], [ 135.241239721513352, 34.061460868670395 ], [ 135.240459650993955, 34.061301367453865 ], [ 135.240103461167507, 34.061943751559269 ], [ 135.23945339088948, 34.061944226784775 ], [ 135.239296959942351, 34.061634766872409 ], [ 135.238829424120041, 34.062130517391545 ], [ 135.239108857671511, 34.062597802868233 ], [ 135.240757939453687, 34.06231292314736 ], [ 135.240751760002354, 34.062122720624828 ], [ 135.241298362382224, 34.061785218630085 ], [ 135.242172271748586, 34.061843026379229 ], [ 135.242289628756311, 34.062827253067269 ], [ 135.243435699432752, 34.062850673251852 ], [ 135.243779954653434, 34.063121704624407 ] ] ] } },
{ "type": "Feature", "properties": { "CITY_NAME": "有田川町", "S_NAME": "大字徳田", "JINKO": 443, "medical_area": "30_有田医療圏", "町丁目名": "有田川町大字徳田" }, "geometry": { "type": "Polygon", "coordinates": [ [ [ 135.242103958115763, 34.056755547698693 ], [ 135.24247361157839, 34.056260434681164 ], [ 135.242806014303909, 34.05622374809753 ], [ 135.243090412312029, 34.055979552118536 ], [ 135.243145369785935, 34.055775494829689 ], [ 135.243720875541243, 34.056027810805823 ], [ 135.243792615951719, 34.055420136394446 ], [ 135.244571140686276, 34.055242650480366 ], [ 135.244841372444796, 34.054724658811821 ], [ 135.245178311893795, 34.054920280557688 ], [ 135.245479998792888, 34.054490521955799 ], [ 135.245665665196441, 34.054509693667711 ], [ 135.24583545320769, 34.053827254831802 ], [ 135.246418382465777, 34.052866310317341 ], [ 135.246632032514867, 34.052735062288036 ], [ 135.247548661334548, 34.052707435790019 ], [ 135.248543968440345, 34.052039182105332 ], [ 135.250130035640552, 34.051780796471846 ], [ 135.250918614511079, 34.051243677058856 ], [ 135.250747201701614, 34.050874535660896 ], [ 135.250496335109261, 34.050832012948455 ], [ 135.250530963699845, 34.050627819935109 ], [ 135.249180018733682, 34.050576326401163 ], [ 135.248801343197982, 34.050796728619254 ], [ 135.248382206380995, 34.050644138746165 ], [ 135.248329432481313, 34.050439412960543 ], [ 135.248843946783808, 34.049678899473157 ], [ 135.248506201162087, 34.049585973613716 ], [ 135.248469553308183, 34.048790394732485 ], [ 135.248296467328629, 34.048603105836627 ], [ 135.247918682300394, 34.048723352816069 ], [ 135.247795923642116, 34.049640794830694 ], [ 135.247329364550666, 34.049924187249403 ], [ 135.246733416754523, 34.049700074478324 ], [ 135.245650306385869, 34.048702691266897 ], [ 135.246604101922458, 34.043643523439208 ], [ 135.246575097086236, 34.042742178033492 ], [ 135.245976396135489, 34.042490855229481 ], [ 135.245689057803531, 34.041314492645256 ], [ 135.245255140043412, 34.041183778731977 ], [ 135.244982106019535, 34.040629036565001 ], [ 135.245232240169827, 34.039919442416029 ], [ 135.245087122326083, 34.039806135260079 ], [ 135.244521831520416, 34.039873808638731 ], [ 135.243917400420656, 34.039527353994487 ], [ 135.243331076185257, 34.03966744238587 ], [ 135.24273887035352, 34.03808870207763 ], [ 135.242570873567502, 34.037951304088217 ], [ 135.242046715920168, 34.03796160320357 ], [ 135.241214429892494, 34.037342555496963 ], [ 135.239611515440714, 34.039155699855748 ], [ 135.236905479835173, 34.04102241437603 ], [ 135.236635297837921, 34.041969228289233 ], [ 135.236218450439964, 34.042663816045213 ], [ 135.2362751591196, 34.043974555263986 ], [ 135.235853596896334, 34.045467138297148 ], [ 135.235560429451112, 34.045907502154883 ], [ 135.236042920492423, 34.046972791365313 ], [ 135.235659162635244, 34.04846502070103 ], [ 135.236205536922711, 34.050844588019025 ], [ 135.235951204290728, 34.051585665366318 ], [ 135.237275868572169, 34.051218059216048 ], [ 135.237989745545519, 34.051321379517361 ], [ 135.238310240818208, 34.051686948916327 ], [ 135.239088114049935, 34.052025206892971 ], [ 135.240469509339221, 34.054348767629307 ], [ 135.241168234248931, 34.053600587761757 ], [ 135.241223045252724, 34.053470484890063 ], [ 135.240776002725113, 34.053429547655213 ], [ 135.24085812490901, 34.052979136180753 ], [ 135.241160056789852, 34.052932261849016 ], [ 135.241238996892633, 34.053380429840026 ], [ 135.241587180434948, 34.053708401429425 ], [ 135.241932693475292, 34.054451203739461 ], [ 135.241797494488509, 34.054866202704659 ], [ 135.242067097399683, 34.055495703462981 ], [ 135.242014839135692, 34.055909524249898 ], [ 135.24163750835578, 34.056354158086947 ], [ 135.241641403777862, 34.056715219226575 ], [ 135.242103958115763, 34.056755547698693 ] ] ] } },
{ "type": "Feature", "properties": { "CITY_NAME": "有田川町", "S_NAME": "大字徳田", "JINKO": 378, "medical_area": "30_有田医療圏", "町丁目名": "有田川町大字徳田" }, "geometry": { "type": "Polygon", "coordinates": [ [ [ 135.241005196034365, 34.06146223381441 ], [ 135.244893531460917, 34.060145352074244 ], [ 135.246534393185527, 34.05862916379882 ], [ 135.246237153744516, 34.058277426212989 ], [ 135.245971232974711, 34.057475954846204 ], [ 135.245901373611616, 34.056734711365166 ], [ 135.246037322270666, 34.055869784827287 ], [ 135.245356838788155, 34.055009841897352 ], [ 135.244841372444796, 34.05472465881185 ], [ 135.244571140686276, 34.055242650480366 ], [ 135.243792615951719, 34.055420136394446 ], [ 135.243720875541243, 34.056027810805837 ], [ 135.243145369785935, 34.055775494829689 ], [ 135.243090412312029, 34.055979552118536 ], [ 135.242806014303909, 34.05622374809753 ], [ 135.24247361157839, 34.056260434681164 ], [ 135.242103958115763, 34.056755547698707 ], [ 135.241651651206467, 34.056752330058885 ], [ 135.241815948326916, 34.057223834619961 ], [ 135.242011379599319, 34.057354215434508 ], [ 135.241890652018895, 34.057635481903688 ], [ 135.241138412070541, 34.058070047232583 ], [ 135.239775039857051, 34.059454756409671 ], [ 135.239962396516091, 34.059646084457711 ], [ 135.240020210437081, 34.060223424167489 ], [ 135.240301655411002, 34.060474358046299 ], [ 135.239966378548672, 34.060964038069407 ], [ 135.240368396521461, 34.060933708657302 ], [ 135.240459650993955, 34.061301367453865 ], [ 135.241005196034365, 34.06146223381441 ] ] ] } },
{ "type": "Feature", "properties": { "CITY_NAME": "有田川町", "S_NAME": "大字庄", "JINKO": 1499, "medical_area": "30_有田医療圏", "町丁目名": "有田川町大字庄" }, "geometry": { "type": "Polygon", "coordinates": [ [ [ 135.239482842878289, 34.071385284391148 ], [ 135.24073803075288, 34.07057282401982 ], [ 135.242377184466903, 34.068335651494706 ], [ 135.243073915234788, 34.06706078550198 ], [ 135.243663224693108, 34.066500833521864 ], [ 135.244327094899148, 34.066150518913538 ], [ 135.243958298292711, 34.065438439643742 ], [ 135.242524776681961, 34.065737654430947 ], [ 135.242127210443016, 34.063922580485723 ], [ 135.243563488254495, 34.063662124722057 ], [ 135.243619771556155, 34.063995893178685 ], [ 135.24410197128725, 34.063934775757112 ], [ 135.243932914095325, 34.063633977985852 ], [ 135.244170564067446, 34.063491200803448 ], [ 135.243435699432752, 34.062850673251852 ], [ 135.242289628756311, 34.062827253067269 ], [ 135.242172271748586, 34.061843026379229 ], [ 135.241298362382224, 34.061785218630085 ], [ 135.240751760002354, 34.062122720624828 ], [ 135.240757939453687, 34.06231292314736 ], [ 135.239108857671511, 34.062597802868233 ], [ 135.238829424120041, 34.062130517391545 ], [ 135.239296959942351, 34.061634766872409 ], [ 135.23945339088948, 34.061944226784775 ], [ 135.240103461167507, 34.061943751559269 ], [ 135.240459650993955, 34.061301367453865 ], [ 135.240368396521461, 34.060933708657302 ], [ 135.239966378548672, 34.060964038069407 ], [ 135.240301655411002, 34.060474358046299 ], [ 135.240020210437081, 34.060223424167489 ], [ 135.239962396516091, 34.059646084457711 ], [ 135.239775039857051, 34.059454756409671 ], [ 135.241138412070541, 34.058070047232583 ], [ 135.241890652018895, 34.057635481903688 ], [ 135.242011379599319, 34.057354215434508 ], [ 135.241815948326916, 34.057223834619961 ], [ 135.241651651206467, 34.056752330058885 ], [ 135.241276424567616, 34.056731979817968 ], [ 135.240788677297786, 34.056964629893095 ], [ 135.240562746307205, 34.056885756659753 ], [ 135.240416938339223, 34.055670176744648 ], [ 135.240469509339221, 34.054348767629307 ], [ 135.239088114049935, 34.052025206892971 ], [ 135.237582165247034, 34.051184038872726 ], [ 135.235951204290728, 34.051585665366318 ], [ 135.236631031305535, 34.052551883103646 ], [ 135.237192971318194, 34.052622709446446 ], [ 135.238447376355481, 34.053773489008925 ], [ 135.238607899823506, 34.054380483079129 ], [ 135.239442294869633, 34.055547223744135 ], [ 135.239442395683994, 34.056891494738402 ], [ 135.239797762465571, 34.057335448307242 ], [ 135.240122152185478, 34.057448036609827 ], [ 135.240211604950758, 34.057846533905796 ], [ 135.239223371215189, 34.058815895010397 ], [ 135.238809960504199, 34.06086093370012 ], [ 135.238360057765135, 34.062129714899207 ], [ 135.237338789332142, 34.063104047842764 ], [ 135.23746849267647, 34.063458560455892 ], [ 135.23621216919824, 34.063950940830821 ], [ 135.235575643534588, 34.063836394941653 ], [ 135.23551952061564, 34.064167635116476 ], [ 135.235185893492798, 34.06433698332593 ], [ 135.234802725004641, 34.064113578535448 ], [ 135.233255062570493, 34.064510011061124 ], [ 135.232707849433325, 34.065529098601523 ], [ 135.232858619871621, 34.065751055430077 ], [ 135.233416271260865, 34.065782156698475 ], [ 135.233492663048224, 34.066152960125564 ], [ 135.233164775150385, 34.06641614981578 ], [ 135.232809041406682, 34.066434768249593 ], [ 135.23291264181475, 34.066838562698464 ], [ 135.232624475668842, 34.067304838475764 ], [ 135.231990166240848, 34.067391713783721 ], [ 135.231947765972052, 34.067250445692089 ], [ 135.231041088621197, 34.067796079207177 ], [ 135.23103801805857, 34.068501348901506 ], [ 135.23047524276754, 34.068538658317053 ], [ 135.230109308782346, 34.069140784933062 ], [ 135.230163151886842, 34.069831902203539 ], [ 135.230468249006549, 34.069911157013919 ], [ 135.230470721678245, 34.070247413872998 ], [ 135.230915473216953, 34.070581950396729 ], [ 135.231016624314378, 34.070873472303298 ], [ 135.22926904255678, 34.070689340996701 ], [ 135.229633224450879, 34.071060140557698 ], [ 135.229919144858968, 34.072057153837555 ], [ 135.233027794457684, 34.071340535636764 ], [ 135.233639969210174, 34.073112209921646 ], [ 135.236903613007996, 34.072466719282694 ], [ 135.239482842878289, 34.071385284391148 ] ] ] } },
{ "type": "Feature", "properties": { "CITY_NAME": "有田川町", "S_NAME": "大字庄", "JINKO": 112, "medical_area": "30_有田医療圏", "町丁目名": "有田川町大字庄" }, "geometry": { "type": "Polygon", "coordinates": [ [ [ 135.243958298292711, 34.065438439643742 ], [ 135.243998656094135, 34.064495193038901 ], [ 135.244234468479846, 34.063939396148456 ], [ 135.243619771556155, 34.063995893178678 ], [ 135.243563488254495, 34.063662124722057 ], [ 135.242127210443016, 34.063922580485716 ], [ 135.242524776681961, 34.065737654430926 ], [ 135.243958298292711, 34.065438439643742 ] ] ] } },
{ "type": "Feature", "properties": { "CITY_NAME": "有田川町", "S_NAME": "大字垣倉", "JINKO": 353, "medical_area": "30_有田医療圏", "町丁目名": "有田川町大字垣倉" }, "geometry": { "type": "Polygon", "coordinates": [ [ [ 135.227515994575555, 34.071598833046124 ], [ 135.229205585204625, 34.070630199910696 ], [ 135.231016624314378, 34.070873472303298 ], [ 135.230915473216953, 34.070581950396729 ], [ 135.230470721678245, 34.070247413872998 ], [ 135.230468249006549, 34.069911157013919 ], [ 135.230163151886842, 34.069831902203539 ], [ 135.230109308782346, 34.069140784933062 ], [ 135.23047524276754, 34.068538658317053 ], [ 135.23103801805857, 34.068501348901506 ], [ 135.231041088621197, 34.067796079207177 ], [ 135.231947765972052, 34.067250445692089 ], [ 135.231990166240848, 34.067391713783721 ], [ 135.232624475668842, 34.067304838475764 ], [ 135.23291264181475, 34.066838562698464 ], [ 135.232809041406682, 34.066434768249593 ], [ 135.233164775150385, 34.06641614981578 ], [ 135.233492663048224, 34.066152960125564 ], [ 135.233416271260865, 34.065782156698489 ], [ 135.232858619871621, 34.065751055430098 ], [ 135.232707849433325, 34.065529098601544 ], [ 135.233255062570493, 34.064510011061124 ], [ 135.234802725004585, 34.064113578535462 ], [ 135.235185893492798, 34.06433698332593 ], [ 135.23551952061564, 34.064167635116476 ], [ 135.235575643534588, 34.063836394941653 ], [ 135.23621216919824, 34.063950940830821 ], [ 135.23746849267647, 34.063458560455892 ], [ 135.237338789332142, 34.063104047842764 ], [ 135.238360057765135, 34.062129714899207 ], [ 135.238809960504199, 34.06086093370012 ], [ 135.239223371215189, 34.058815895010397 ], [ 135.240211604950758, 34.057846533905796 ], [ 135.240122152185478, 34.057448036609827 ], [ 135.239797762465571, 34.057335448307242 ], [ 135.239442395683994, 34.056891494738402 ], [ 135.239442294869633, 34.055547223744135 ], [ 135.238607899823506, 34.054380483079129 ], [ 135.238447376355481, 34.053773489008925 ], [ 135.237192971318194, 34.052622709446446 ], [ 135.236631031305535, 34.052551883103646 ], [ 135.235951204290728, 34.051585665366318 ], [ 135.235055412896429, 34.052243298954089 ], [ 135.234896455746252, 34.053311781064131 ], [ 135.234997292253411, 34.053909390231475 ], [ 135.234466368283961, 34.054209788395013 ], [ 135.234249034716839, 34.054070672666285 ], [ 135.234020137966553, 34.054191659796338 ], [ 135.234076173271603, 34.055196926631588 ], [ 135.233026742720227, 34.058887899738387 ], [ 135.23301414474534, 34.059177857382544 ], [ 135.234032644775539, 34.059697656613146 ], [ 135.234739253138002, 34.060824601142912 ], [ 135.233882098205669, 34.061022520719369 ], [ 135.233303887409249, 34.062028753681197 ], [ 135.233714447409, 34.062169504571884 ], [ 135.233840718919737, 34.062894324226086 ], [ 135.232450889752755, 34.063463306023891 ], [ 135.231920834683677, 34.064062308719009 ], [ 135.230980051771496, 34.064537166955894 ], [ 135.230425227211612, 34.065299119464221 ], [ 135.23042856372723, 34.06566960262365 ], [ 135.227410749705768, 34.066086559143436 ], [ 135.227540885646704, 34.066603205714941 ], [ 135.227243311628484, 34.066536391475999 ], [ 135.226485914768318, 34.066997849534488 ], [ 135.226414335013203, 34.067590551143851 ], [ 135.226112316573108, 34.067955717487344 ], [ 135.225859002979519, 34.068000597634544 ], [ 135.226670447042437, 34.069117527401602 ], [ 135.228126521746248, 34.070577466928277 ], [ 135.22816834235465, 34.070698734852513 ], [ 135.22716739598971, 34.071021755272604 ], [ 135.227515994575555, 34.071598833046124 ] ] ] } },
{ "type": "Feature", "properties": { "CITY_NAME": "有田川町", "S_NAME": "大字垣倉", "JINKO": 0, "medical_area": "30_有田医療圏", "町丁目名": "有田川町大字垣倉" }, "geometry": { "type": "Polygon", "coordinates": [ [ [ 135.241276424567616, 34.056731979817968 ], [ 135.241651651206467, 34.056752330058885 ], [ 135.24163750835578, 34.056354158086947 ], [ 135.242014839135692, 34.055909524249898 ], [ 135.242067097399683, 34.055495703462981 ], [ 135.241797494488509, 34.054866202704659 ], [ 135.241932693475292, 34.054451203739461 ], [ 135.241587180434948, 34.053708401429425 ], [ 135.241238996892633, 34.053380429839983 ], [ 135.241160056789852, 34.052932261849016 ], [ 135.24085812490901, 34.052979136180753 ], [ 135.240776002725113, 34.053429547655213 ], [ 135.241223045252724, 34.053470484890063 ], [ 135.241168234248931, 34.053600587761757 ], [ 135.240469509339221, 34.054348767629307 ], [ 135.240416938339223, 34.055670176744634 ], [ 135.240562746307205, 34.056885756659753 ], [ 135.240788677297786, 34.056964629893095 ], [ 135.241276424567616, 34.056731979817968 ] ] ] } },
{ "type": "Feature", "properties": { "CITY_NAME": "有田川町", "S_NAME": "大字東丹生図", "JINKO": 206, "medical_area": "30_有田医療圏", "町丁目名": "有田川町大字東丹生図" }, "geometry": { "type": "Polygon", "coordinates": [ [ [ 135.234157424734349, 34.059891417673185 ], [ 135.23301414474534, 34.059177857382544 ], [ 135.233026742720227, 34.058887899738387 ], [ 135.234076173271603, 34.055196926631588 ], [ 135.234020137966553, 34.054191659796338 ], [ 135.234249034716839, 34.054070672666285 ], [ 135.234466368283961, 34.054209788395013 ], [ 135.234997292253411, 34.053909390231475 ], [ 135.234896455746252, 34.053311781064131 ], [ 135.235055412896429, 34.052243298954089 ], [ 135.235951204290728, 34.051585665366318 ], [ 135.234980503067845, 34.050681166591971 ], [ 135.233877067382906, 34.050735440367035 ], [ 135.233694535069333, 34.05109352006199 ], [ 135.233383315466398, 34.050997623614521 ], [ 135.233129863864036, 34.051863796412761 ], [ 135.232611438026993, 34.052675352559774 ], [ 135.233081724566091, 34.053845778143199 ], [ 135.233073334551506, 34.055190684043815 ], [ 135.233194675487994, 34.055351741735258 ], [ 135.232438909465145, 34.056503513277718 ], [ 135.232296123967103, 34.057059451614109 ], [ 135.231763896901469, 34.057528721377999 ], [ 135.231811056791059, 34.058013863611386 ], [ 135.230855239017046, 34.058690503999159 ], [ 135.229878039781653, 34.0586139542769 ], [ 135.228471918450595, 34.059706244111453 ], [ 135.22778388451772, 34.059779394827594 ], [ 135.227373441423566, 34.060913977694085 ], [ 135.227955007991596, 34.061224289294685 ], [ 135.228306513802863, 34.062014048033824 ], [ 135.226918830453371, 34.062707212732825 ], [ 135.227387171364512, 34.064517383151376 ], [ 135.226915876542478, 34.06485711988384 ], [ 135.226818835894534, 34.065271900145589 ], [ 135.226043401857311, 34.06564267135667 ], [ 135.226044806496333, 34.066167095422941 ], [ 135.23042856372723, 34.06566960262365 ], [ 135.230425227211612, 34.065299119464221 ], [ 135.230980051771496, 34.064537166955894 ], [ 135.231920834683677, 34.064062308719009 ], [ 135.232450889752755, 34.063463306023891 ], [ 135.233840718919737, 34.062894324226086 ], [ 135.233714447409, 34.062169504571884 ], [ 135.233303887409249, 34.062028753681197 ], [ 135.233882098205669, 34.061022520719369 ], [ 135.234739253138002, 34.060824601142912 ], [ 135.234157424734349, 34.059891417673185 ] ] ] } },
{ "type": "Feature", "properties": { "CITY_NAME": "有田川町", "S_NAME": "大字東丹生図", "JINKO": 0, "medical_area": "30_有田医療圏", "町丁目名": "有田川町大字東丹生図" }, "geometry": { "type": "Polygon", "coordinates": [ [ [ 135.225521257224557, 34.066852157509487 ], [ 135.225287634273997, 34.066232031202382 ], [ 135.224102063025782, 34.066681887388384 ], [ 135.224438186609149, 34.067309988073283 ], [ 135.225370873166497, 34.06703572958078 ], [ 135.225521257224557, 34.066852157509487 ] ] ] } },
{ "type": "Feature", "properties": { "CITY_NAME": "有田川町", "S_NAME": "大字西丹生図", "JINKO": 334, "medical_area": "30_有田医療圏", "町丁目名": "有田川町大字西丹生図" }, "geometry": { "type": "Polygon", "coordinates": [ [ [ 135.224102063025782, 34.066681887388384 ], [ 135.225392847174817, 34.06611972889899 ], [ 135.226044806496333, 34.066167095422941 ], [ 135.226043401857311, 34.065642671356706 ], [ 135.226818835894534, 34.065271900145589 ], [ 135.226915876542478, 34.064857119883854 ], [ 135.227387171364512, 34.064517383151376 ], [ 135.226918830453343, 34.062707212732825 ], [ 135.228306513802863, 34.062014048033824 ], [ 135.227955007991596, 34.061224289294685 ], [ 135.227373441423566, 34.060913977694085 ], [ 135.22778388451772, 34.059779394827594 ], [ 135.228471918450595, 34.059706244111453 ], [ 135.229878039781653, 34.0586139542769 ], [ 135.230855239017046, 34.058690503999159 ], [ 135.231811056791059, 34.058013863611386 ], [ 135.231763896901469, 34.057528721377999 ], [ 135.232377248240823, 34.056894162787749 ], [ 135.232438909465145, 34.056503513277718 ], [ 135.232085855852375, 34.056249166765795 ], [ 135.232020632863907, 34.055786872754062 ], [ 135.231990400732457, 34.05546086904355 ], [ 135.232168014076308, 34.055143627959225 ], [ 135.231827476446256, 34.054384650915857 ], [ 135.231581360749288, 34.054219011331988 ], [ 135.231690014669823, 34.053910073925799 ], [ 135.230637259062632, 34.053174255078041 ], [ 135.230403818937617, 34.05248648333594 ], [ 135.23061002569861, 34.05194486247828 ], [ 135.230308879175396, 34.051577002897851 ], [ 135.230101702892512, 34.050380715211517 ], [ 135.229434147257791, 34.049789538404873 ], [ 135.228549633452246, 34.049647497180558 ], [ 135.22765352305376, 34.049711469343634 ], [ 135.226749568714581, 34.049931187853396 ], [ 135.226458333526978, 34.050142635684203 ], [ 135.226376642199625, 34.050025060221394 ], [ 135.226112191622377, 34.05025949654695 ], [ 135.225632499689453, 34.050285218658246 ], [ 135.22505874521093, 34.050614203290174 ], [ 135.224697634590768, 34.051622814671852 ], [ 135.224208063830815, 34.05175693999923 ], [ 135.22335825510757, 34.052448470912218 ], [ 135.223316859081251, 34.053860249576516 ], [ 135.223554266325237, 34.054949033782343 ], [ 135.223260427788261, 34.055525263874557 ], [ 135.223780911059379, 34.05568813977191 ], [ 135.223958847623521, 34.055960273999695 ], [ 135.223253929603516, 34.058309712674479 ], [ 135.223503180003348, 34.058613287958636 ], [ 135.22284046604176, 34.05985090562622 ], [ 135.222549475069656, 34.059900618368005 ], [ 135.223011235096379, 34.060232021504092 ], [ 135.223006282085123, 34.060422008516383 ], [ 135.222305514799046, 34.060414895931586 ], [ 135.222236400111427, 34.060688990318859 ], [ 135.222009932320617, 34.060827425442021 ], [ 135.222005314715631, 34.06115601839177 ], [ 135.222511423900414, 34.061820270915611 ], [ 135.222202214951977, 34.061880711479944 ], [ 135.222381574346741, 34.062497673002639 ], [ 135.222965022995254, 34.062166271023067 ], [ 135.223351208841535, 34.06223998972564 ], [ 135.223189489726337, 34.063108476264233 ], [ 135.223269480351973, 34.06389425981601 ], [ 135.22365830547875, 34.0650789371728 ], [ 135.223566720619544, 34.065357675716967 ], [ 135.224102063025782, 34.066681887388384 ] ] ] } },
{ "type": "Feature", "properties": { "CITY_NAME": "有田川町", "S_NAME": "大字吉見", "JINKO": 178, "medical_area": "30_有田医療圏", "町丁目名": "有田川町大字吉見" }, "geometry": { "type": "Polygon", "coordinates": [ [ [ 135.235951204290728, 34.051585665366318 ], [ 135.236205536922711, 34.050844588019025 ], [ 135.235659162635244, 34.04846502070103 ], [ 135.236042920492423, 34.046972791365313 ], [ 135.235560429451112, 34.045907502154876 ], [ 135.235853596896334, 34.045467138297148 ], [ 135.2362751591196, 34.043974555263986 ], [ 135.236218450439964, 34.042663816045213 ], [ 135.236635297837921, 34.041969228289219 ], [ 135.236905479835173, 34.041022414376002 ], [ 135.239993180613141, 34.038796154594699 ], [ 135.241214429892494, 34.037342555496963 ], [ 135.241228559757559, 34.036895794595381 ], [ 135.240994144140416, 34.03630310296009 ], [ 135.240152056928196, 34.035229941101683 ], [ 135.239996754846089, 34.034590398833892 ], [ 135.239649503493439, 34.034347359947745 ], [ 135.239402342934142, 34.033905037477616 ], [ 135.239472294656792, 34.032494186720591 ], [ 135.239209498468824, 34.031965411140611 ], [ 135.239787353899544, 34.030521489974952 ], [ 135.239907174712329, 34.029029097441274 ], [ 135.240208843536948, 34.028556069484331 ], [ 135.240408731106044, 34.026953021838303 ], [ 135.239937013040162, 34.026288705843434 ], [ 135.238115681638789, 34.024864059724536 ], [ 135.237585695949946, 34.024617630094575 ], [ 135.237448706516489, 34.024138511907253 ], [ 135.236718047023118, 34.023856885903712 ], [ 135.236333866319455, 34.024050179383892 ], [ 135.235857966379086, 34.024726668679151 ], [ 135.2343186165227, 34.025297518095634 ], [ 135.234052350785532, 34.025603112461063 ], [ 135.233911851470651, 34.02581777846023 ], [ 135.233895190211769, 34.027172892339436 ], [ 135.233695993755475, 34.028063111120083 ], [ 135.233000399651274, 34.028215438399599 ], [ 135.232748479208169, 34.028768070532834 ], [ 135.23210921851512, 34.029362100428322 ], [ 135.23213479688556, 34.029866166330663 ], [ 135.231745348946049, 34.030977066085981 ], [ 135.230663332479367, 34.030906358080685 ], [ 135.229747790845266, 34.031072503389119 ], [ 135.228435744814107, 34.032123518708026 ], [ 135.227783627453562, 34.033786242040144 ], [ 135.227886361763893, 34.03473679340285 ], [ 135.228414349398122, 34.035591541528788 ], [ 135.228029157741787, 34.03702856288988 ], [ 135.226724600462603, 34.03855826244564 ], [ 135.226315083669391, 34.039986376766009 ], [ 135.225529440760567, 34.041332107149003 ], [ 135.223915574853123, 34.042715575578036 ], [ 135.222928820719204, 34.042780204807393 ], [ 135.221947020278094, 34.043999149075319 ], [ 135.221551586358345, 34.045013163776076 ], [ 135.222775331710267, 34.046642760770759 ], [ 135.224967789357748, 34.048090788395349 ], [ 135.225435644876256, 34.049003190328023 ], [ 135.226458333526978, 34.050142635684203 ], [ 135.227164246685334, 34.049796020469323 ], [ 135.228353290786828, 34.049640913889128 ], [ 135.229434147257791, 34.049789538404859 ], [ 135.229908361617646, 34.050154257088771 ], [ 135.230101702892512, 34.050380715211517 ], [ 135.230308879175396, 34.051577002897837 ], [ 135.23061002569861, 34.05194486247828 ], [ 135.230403818937617, 34.05248648333594 ], [ 135.230637259062632, 34.053174255078041 ], [ 135.231690014669795, 34.053910073925785 ], [ 135.231581360749288, 34.054219011331988 ], [ 135.231827476446256, 34.054384650915857 ], [ 135.232168014076308, 34.055143627959225 ], [ 135.231990400732457, 34.055460869043515 ], [ 135.232085855852375, 34.056249166765795 ], [ 135.232438909465145, 34.056503513277718 ], [ 135.233194675487994, 34.055351741735258 ], [ 135.233073334551506, 34.055190684043815 ], [ 135.233081724566091, 34.053845778143184 ], [ 135.232611438026993, 34.052675352559739 ], [ 135.233129863864036, 34.051863796412761 ], [ 135.233383315466398, 34.050997623614521 ], [ 135.233694535069333, 34.05109352006199 ], [ 135.233877067382906, 34.050735440367013 ], [ 135.234980503067845, 34.050681166591943 ], [ 135.235951204290728, 34.051585665366318 ] ] ] } },
{ "type": "Feature", "properties": { "CITY_NAME": "有田川町", "S_NAME": "大字吉原", "JINKO": 1138, "medical_area": "30_有田医療圏", "町丁目名": "有田川町大字吉原" }, "geometry": { "type": "Polygon", "coordinates": [ [ [ 135.253252693149022, 34.055979141090589 ], [ 135.253842364887078, 34.055998929708807 ], [ 135.25623794964315, 34.055467749940469 ], [ 135.2575576923997, 34.05456431010284 ], [ 135.258204104470821, 34.053742573952796 ], [ 135.259158681120283, 34.05024793720078 ], [ 135.259382560256086, 34.049861886465315 ], [ 135.260494123739647, 34.048946684420315 ], [ 135.260275749338376, 34.048144515259914 ], [ 135.256586556622608, 34.045224116740805 ], [ 135.25629891824903, 34.044926827853615 ], [ 135.256059041059899, 34.044130989463696 ], [ 135.256189455634114, 34.043536865795808 ], [ 135.257414692969093, 34.041173773857331 ], [ 135.257992360963982, 34.039567064400998 ], [ 135.258585040312596, 34.038761029459437 ], [ 135.260012891968842, 34.037446382452977 ], [ 135.261355133555071, 34.03708181237414 ], [ 135.263651961598327, 34.03707258035022 ], [ 135.2646877123683, 34.037221181155587 ], [ 135.266731193044791, 34.037945321347109 ], [ 135.266392833228224, 34.037385448167711 ], [ 135.264235437181526, 34.035539250670794 ], [ 135.261432541466718, 34.033925684114109 ], [ 135.260126154462654, 34.033556656520084 ], [ 135.258775984020048, 34.033466553257036 ], [ 135.254074233778198, 34.033764712738588 ], [ 135.25212913333263, 34.033269291008693 ], [ 135.250864913733238, 34.03246890387674 ], [ 135.249636176155633, 34.031148185859173 ], [ 135.249038295700927, 34.030927734909973 ], [ 135.24747855205274, 34.03084594515429 ], [ 135.246437046945431, 34.030479643655696 ], [ 135.243674648316187, 34.028724745118723 ], [ 135.241637491897222, 34.026850426652885 ], [ 135.24059569290003, 34.026506333509559 ], [ 135.240118185406857, 34.026520435160052 ], [ 135.240461918204034, 34.027107888586421 ], [ 135.240231611566713, 34.027842679222047 ], [ 135.240208843536948, 34.028556069484331 ], [ 135.239907174712329, 34.029029097441274 ], [ 135.239787353899544, 34.030521489974952 ], [ 135.239215687646123, 34.031888109694172 ], [ 135.239472294656736, 34.032494186720605 ], [ 135.239402342934142, 34.033905037477638 ], [ 135.239649503493439, 34.034347359947752 ], [ 135.239996754846089, 34.034590398833892 ], [ 135.240480457770786, 34.035785040109943 ], [ 135.240994144140416, 34.036303102960112 ], [ 135.241213829742236, 34.0368207596294 ], [ 135.241214429892494, 34.037342555496963 ], [ 135.242046715920168, 34.03796160320357 ], [ 135.242570873567502, 34.037951304088217 ], [ 135.24273887035352, 34.03808870207763 ], [ 135.243331076185257, 34.03966744238587 ], [ 135.243917400420656, 34.039527353994487 ], [ 135.244521831520416, 34.039873808638731 ], [ 135.245087122326083, 34.039806135260079 ], [ 135.245232240169827, 34.039919442416029 ], [ 135.244982106019535, 34.040629036565001 ], [ 135.245255140043412, 34.041183778731977 ], [ 135.245689057803531, 34.041314492645256 ], [ 135.245976396135489, 34.042490855229481 ], [ 135.246575097086236, 34.042742178033492 ], [ 135.246604101922458, 34.043643523439208 ], [ 135.245650306385869, 34.048702691266897 ], [ 135.246733416754523, 34.049700074478324 ], [ 135.247329364550666, 34.049924187249403 ], [ 135.247795923642116, 34.049640794830694 ], [ 135.247918682300394, 34.048723352816069 ], [ 135.248296467328629, 34.048603105836627 ], [ 135.248469553308183, 34.048790394732485 ], [ 135.248506201162087, 34.049585973613716 ], [ 135.248843946783808, 34.049678899473157 ], [ 135.248329432481313, 34.050439412960543 ], [ 135.248382206380995, 34.050644138746165 ], [ 135.248801343197982, 34.050796728619254 ], [ 135.249180018733682, 34.050576326401163 ], [ 135.250530963699845, 34.050627819935109 ], [ 135.250496335109261, 34.050832012948455 ], [ 135.250747201701614, 34.050874535660896 ], [ 135.250918614511079, 34.051243677058856 ], [ 135.25052383460914, 34.051765309360512 ], [ 135.25056225745459, 34.051937969694414 ], [ 135.250937158778072, 34.052021819847774 ], [ 135.251533741261426, 34.05188768405813 ], [ 135.251690467623519, 34.052012182740086 ], [ 135.251328465822979, 34.052761805817461 ], [ 135.25053803104484, 34.053229747931994 ], [ 135.25043844208065, 34.054931105625407 ], [ 135.250716540742047, 34.055284973369353 ], [ 135.252066257799299, 34.055793150140119 ], [ 135.252222033105625, 34.056084852216287 ], [ 135.251922302056215, 34.056642130506987 ], [ 135.253252693149022, 34.055979141090589 ] ] ] } },
{ "type": "Feature", "properties": { "CITY_NAME": "有田川町", "S_NAME": "大字糸川", "JINKO": 81, "medical_area": "30_有田医療圏", "町丁目名": "有田川町大字糸川" }, "geometry": { "type": "Polygon", "coordinates": [ [ [ 135.270230329665424, 34.033790220911825 ], [ 135.270660322033081, 34.032558820941659 ], [ 135.271221713410682, 34.03159205516404 ], [ 135.273170221120978, 34.029281753883183 ], [ 135.275713659563849, 34.028277918866372 ], [ 135.276167971451031, 34.026491617289928 ], [ 135.276315305904575, 34.02488059085757 ], [ 135.275873628005968, 34.02376634544347 ], [ 135.273398952197397, 34.020906629703553 ], [ 135.270662063729873, 34.015439700977261 ], [ 135.270048395703412, 34.014687882061232 ], [ 135.269036041144943, 34.015304563666312 ], [ 135.267773604042958, 34.015146203949854 ], [ 135.267198629427895, 34.015279582989422 ], [ 135.265761272862363, 34.015121290948827 ], [ 135.264698895490852, 34.015187941567604 ], [ 135.264286429243953, 34.014671284976536 ], [ 135.263673967397551, 34.014404617202615 ], [ 135.260924207440866, 34.013613078778526 ], [ 135.259586838263914, 34.013662963745489 ], [ 135.257574473710974, 34.014296234082174 ], [ 135.255374614405753, 34.014496271306008 ], [ 135.252824776574187, 34.014121346461714 ], [ 135.250349999592714, 34.014187908686772 ], [ 135.248975089555785, 34.01376297992919 ], [ 135.247225284898434, 34.013696393656964 ], [ 135.246475334561666, 34.014254614085651 ], [ 135.244362924775089, 34.014138003589565 ], [ 135.24357551633517, 34.014262921812382 ], [ 135.242413056256993, 34.015579447472831 ], [ 135.241178369437677, 34.01613901494747 ], [ 135.241142267137604, 34.015842110508096 ], [ 135.24156090069576, 34.015383322038204 ], [ 135.241263468462051, 34.015119887342763 ], [ 135.239832783598416, 34.016802271653461 ], [ 135.238962848858364, 34.017281368659162 ], [ 135.238486767931221, 34.017995476313693 ], [ 135.237946695080296, 34.018286844972145 ], [ 135.237442947031752, 34.019227723592884 ], [ 135.236809651109127, 34.019670088376373 ], [ 135.236523094001143, 34.020564696007561 ], [ 135.236552164197889, 34.021862476144953 ], [ 135.236913034382809, 34.022420182835823 ], [ 135.237314097577212, 34.022693428852719 ], [ 135.237628281315722, 34.023762220232996 ], [ 135.237425139970696, 34.024257546166794 ], [ 135.237585695949946, 34.024617630094575 ], [ 135.238115681638789, 34.024864059724536 ], [ 135.240118185406857, 34.026520435160052 ], [ 135.241275612768305, 34.026666471144772 ], [ 135.241998452901385, 34.02709030307026 ], [ 135.243674648316187, 34.02872474511868 ], [ 135.245921130198127, 34.030204316996993 ], [ 135.24747855205274, 34.03084594515429 ], [ 135.249038295700927, 34.030927734909973 ], [ 135.249636176155633, 34.031148185859173 ], [ 135.250864913733238, 34.03246890387674 ], [ 135.25212913333263, 34.033269291008693 ], [ 135.254074233778198, 34.033764712738581 ], [ 135.258775984020048, 34.033466553257021 ], [ 135.260685852857591, 34.033658903751501 ], [ 135.262050189739227, 34.034224511883934 ], [ 135.264235437181526, 34.035539250670794 ], [ 135.266392833228224, 34.037385448167711 ], [ 135.266731193044791, 34.037945321347102 ], [ 135.267810559679333, 34.038406754794003 ], [ 135.268077914160187, 34.038842233242292 ], [ 135.269412376396645, 34.038050259048745 ], [ 135.269990616997433, 34.03732437730487 ], [ 135.270193094612523, 34.035927666813045 ], [ 135.270230329665424, 34.033790220911825 ] ] ] } },
{ "type": "Feature", "properties": { "CITY_NAME": "有田川町", "S_NAME": "大字修理川", "JINKO": 116, "medical_area": "30_有田医療圏", "町丁目名": "有田川町大字修理川" }, "geometry": { "type": "Polygon", "coordinates": [ [ [ 135.284481833000939, 34.039083624117438 ], [ 135.283814199508015, 34.038006311373024 ], [ 135.283541051811369, 34.037236129848353 ], [ 135.283642990600583, 34.036241313689843 ], [ 135.284114042774064, 34.035922571072604 ], [ 135.285423883340769, 34.036045256816834 ], [ 135.288340205756953, 34.036842545122163 ], [ 135.289964195076976, 34.038189041433526 ], [ 135.291344646708495, 34.039067972961767 ], [ 135.292299542877032, 34.039438020207747 ], [ 135.293890948261321, 34.039743095482095 ], [ 135.29700451152641, 34.039983005119446 ], [ 135.297614203579599, 34.03990096813007 ], [ 135.301204244337356, 34.03796962218491 ], [ 135.303064864301206, 34.035933037553619 ], [ 135.30351652602107, 34.035541291209356 ], [ 135.304346663297508, 34.035159709108214 ], [ 135.306097109411724, 34.035203523650665 ], [ 135.306960055984717, 34.035382071692077 ], [ 135.308157604055026, 34.035318362051122 ], [ 135.309222491268798, 34.035560996456816 ], [ 135.309976949423486, 34.036247309593008 ], [ 135.310326498426235, 34.037335493346006 ], [ 135.311951009550512, 34.038094073779298 ], [ 135.314690786041041, 34.038130658240377 ], [ 135.318226695828997, 34.03875997714335 ], [ 135.323409171384327, 34.038528179294246 ], [ 135.324135510378596, 34.03831674778754 ], [ 135.326392194085173, 34.036715198425142 ], [ 135.332849238736713, 34.033152427027581 ], [ 135.334406736741812, 34.031902975514988 ], [ 135.331347463255298, 34.031318376558787 ], [ 135.328863105300599, 34.031557102364097 ], [ 135.327513292384793, 34.031389754531567 ], [ 135.325571321773225, 34.031517393515827 ], [ 135.324177043445246, 34.029653678524276 ], [ 135.323609394874239, 34.029143161212083 ], [ 135.324076436861503, 34.027117472729948 ], [ 135.32396766450006, 34.02567227278206 ], [ 135.323531205173367, 34.024961743566173 ], [ 135.322357122420584, 34.023811613070812 ], [ 135.321515473777367, 34.022575812757644 ], [ 135.319524502924423, 34.021354112146859 ], [ 135.319199860819907, 34.020874355138645 ], [ 135.319119607959095, 34.020313815802062 ], [ 135.319536019141225, 34.017548497415753 ], [ 135.319167960378195, 34.016290431230317 ], [ 135.317872681610794, 34.01400378751643 ], [ 135.31803320421767, 34.013238595625424 ], [ 135.319799831531043, 34.008657003174804 ], [ 135.32008349579462, 34.007143766839917 ], [ 135.319630841944644, 34.006750909263197 ], [ 135.317904488334506, 34.007220750884393 ], [ 135.317358189827587, 34.007032335182323 ], [ 135.315988518966662, 34.00705333396516 ], [ 135.314647043446456, 34.007291842108152 ], [ 135.313235238257334, 34.007761543607849 ], [ 135.312928041170011, 34.007642199905028 ], [ 135.31261557798004, 34.0068474738273 ], [ 135.310564111035774, 34.005173254601864 ], [ 135.308481918531982, 34.005195401612866 ], [ 135.307962288582388, 34.004882422882815 ], [ 135.306983859715899, 34.004688018527773 ], [ 135.306072465850946, 34.004930696274883 ], [ 135.305146567454557, 34.004475392190038 ], [ 135.304085483247292, 34.004265005788099 ], [ 135.303360541798924, 34.003768842158152 ], [ 135.302508949567795, 34.003751214514089 ], [ 135.302255302756919, 34.003566081430726 ], [ 135.301702465250315, 34.003610852739612 ], [ 135.300724004718461, 34.004091046650899 ], [ 135.298435021064535, 34.004375158994229 ], [ 135.296639111366829, 34.005577558748456 ], [ 135.295695782255024, 34.00598125444526 ], [ 135.29468188089615, 34.007264857380058 ], [ 135.292592342885939, 34.005455307337236 ], [ 135.29226685302794, 34.004684966379564 ], [ 135.291826042503544, 34.004171195335587 ], [ 135.29195089179791, 34.003459373984342 ], [ 135.290888295577588, 34.002187939143226 ], [ 135.290663761958086, 34.001504123227676 ], [ 135.290406404175116, 34.001479958140933 ], [ 135.290089340378472, 34.001598289778187 ], [ 135.289690795085079, 34.002129042790592 ], [ 135.289035208819996, 34.002367409611125 ], [ 135.288137396805354, 34.003541869051432 ], [ 135.284120957502239, 34.004289830143371 ], [ 135.283176554843664, 34.004698781388363 ], [ 135.282278318651777, 34.004454472030289 ], [ 135.281780069332996, 34.003944830009289 ], [ 135.280590067435099, 34.004412762444652 ], [ 135.279272929227687, 34.004230779886072 ], [ 135.277848013049407, 34.00567217195799 ], [ 135.277323023601241, 34.006005498614329 ], [ 135.275098223399624, 34.006847094038626 ], [ 135.27394835838632, 34.007022037867252 ], [ 135.273185889925401, 34.007946895192362 ], [ 135.272523419385351, 34.00822191224696 ], [ 135.271036052785234, 34.009505110918113 ], [ 135.270273558232589, 34.009871674654065 ], [ 135.269498594026373, 34.012188165962755 ], [ 135.268948582358888, 34.012954796830421 ], [ 135.269036094277112, 34.013521355711731 ], [ 135.269585993331901, 34.013746349357611 ], [ 135.269973495809751, 34.014238045432286 ], [ 135.270048395703412, 34.014687882061232 ], [ 135.270662063729873, 34.015439700977261 ], [ 135.273398952197397, 34.020906629703553 ], [ 135.275873628005968, 34.02376634544347 ], [ 135.276315305904575, 34.02488059085757 ], [ 135.276167971451031, 34.026491617289928 ], [ 135.275713659563849, 34.028277918866372 ], [ 135.273170221120978, 34.029281753883183 ], [ 135.271567198936879, 34.031070171055603 ], [ 135.270660322033081, 34.032558820941659 ], [ 135.270150420484981, 34.034180964212176 ], [ 135.270193094612523, 34.035927666813045 ], [ 135.269990616997433, 34.03732437730487 ], [ 135.269412376396645, 34.038050259048745 ], [ 135.268077914160187, 34.038842233242292 ], [ 135.26855062370754, 34.039790724475523 ], [ 135.269314273233249, 34.04084405516754 ], [ 135.270194438874995, 34.041126926697956 ], [ 135.271036526903742, 34.040796060435213 ], [ 135.271842228035467, 34.040246477921038 ], [ 135.273076933942804, 34.039002793574952 ], [ 135.274249233311593, 34.038815987367101 ], [ 135.276973831261614, 34.0402547870547 ], [ 135.277813329642726, 34.041132686723529 ], [ 135.280366203176271, 34.042770712857653 ], [ 135.282120174079353, 34.044488280616513 ], [ 135.282960142768843, 34.044856885267073 ], [ 135.28393837109752, 34.045014553482332 ], [ 135.285194736330226, 34.044627240959279 ], [ 135.285596412067463, 34.043949576119715 ], [ 135.285659145038181, 34.043340247444775 ], [ 135.285780202405931, 34.041466935521832 ], [ 135.285632840438069, 34.040888652421508 ], [ 135.285121215536009, 34.039768722418565 ], [ 135.284481833000939, 34.039083624117438 ] ] ] } },
{ "type": "Feature", "properties": { "CITY_NAME": "有田川町", "S_NAME": "大字宇井苔", "JINKO": 20, "medical_area": "30_有田医療圏", "町丁目名": "有田川町大字宇井苔" }, "geometry": { "type": "Polygon", "coordinates": [ [ [ 135.354458459730068, 34.027763710853712 ], [ 135.357351251452059, 34.024790130152958 ], [ 135.357783299636083, 34.023981522454392 ], [ 135.358847630236994, 34.023616429806047 ], [ 135.359453858400173, 34.022413143166716 ], [ 135.359643085423841, 34.022296496570732 ], [ 135.361434497703925, 34.022296923260782 ], [ 135.363535955207141, 34.022052819520518 ], [ 135.370568631055903, 34.022085440904519 ], [ 135.370875304132113, 34.021716367930331 ], [ 135.370962862717903, 34.020875655427318 ], [ 135.370577594562121, 34.019722323562824 ], [ 135.370660017645378, 34.018999217324428 ], [ 135.371818126745239, 34.017228423353956 ], [ 135.372127192459573, 34.015950437600992 ], [ 135.371490992633397, 34.013714062871344 ], [ 135.369947224311545, 34.013241170491277 ], [ 135.366814601614124, 34.01289184249439 ], [ 135.36543777138894, 34.010404132543563 ], [ 135.364917738911998, 34.009832889565068 ], [ 135.364264741192329, 34.009587225351943 ], [ 135.364098422424206, 34.008643634644677 ], [ 135.364185557902175, 34.007863495834044 ], [ 135.362685850952545, 34.007240843303315 ], [ 135.361745711754025, 34.007050734899963 ], [ 135.360522841862888, 34.006324391406274 ], [ 135.360458750299756, 34.005172825229849 ], [ 135.360339474612857, 34.005097261197101 ], [ 135.35746056036578, 34.004918485392082 ], [ 135.355893123545513, 34.005343376296103 ], [ 135.355325630432446, 34.005682461681175 ], [ 135.35437496629811, 34.005479710561133 ], [ 135.353970653899438, 34.005178238930313 ], [ 135.353199188253569, 34.005323954222135 ], [ 135.352172003054704, 34.005053025207694 ], [ 135.350940715472404, 34.005729101538776 ], [ 135.350325766176695, 34.005551186109898 ], [ 135.347637544530812, 34.005905972344465 ], [ 135.345987239716862, 34.005130897413146 ], [ 135.345698219973002, 34.004589399359929 ], [ 135.343359558704066, 34.005120628182354 ], [ 135.341410308946877, 34.004824989583909 ], [ 135.340450349461008, 34.004998215568051 ], [ 135.340100164816079, 34.004899989318325 ], [ 135.338515883773994, 34.005278216421779 ], [ 135.33836483438472, 34.005441383758523 ], [ 135.33716850741564, 34.005458217928165 ], [ 135.33591704967705, 34.005690277960788 ], [ 135.335266411313, 34.005977258817531 ], [ 135.334648546962342, 34.006729572197251 ], [ 135.333439773807129, 34.007245120843208 ], [ 135.333187196869233, 34.00725446241055 ], [ 135.332352336263824, 34.006747457180893 ], [ 135.330578373412607, 34.006750242426158 ], [ 135.329273530203665, 34.006417036832559 ], [ 135.328742135095098, 34.007052156812762 ], [ 135.32766769154216, 34.007351013045074 ], [ 135.324650454874728, 34.008705077692504 ], [ 135.323027212757466, 34.0085909501149 ], [ 135.321649853231179, 34.007687013198385 ], [ 135.32008349579462, 34.007143766839917 ], [ 135.319565000658031, 34.009426984294628 ], [ 135.318033204217613, 34.013238595625424 ], [ 135.317872681610794, 34.01400378751643 ], [ 135.319167960378195, 34.016290431230317 ], [ 135.319536019141225, 34.017548497415753 ], [ 135.319122583173822, 34.020593599252955 ], [ 135.319524502924395, 34.021354112146859 ], [ 135.321515473777367, 34.02257581275763 ], [ 135.322357122420584, 34.023811613070826 ], [ 135.323836841845377, 34.025351646283568 ], [ 135.324061744582934, 34.026210622020102 ], [ 135.324076436861532, 34.027117472729948 ], [ 135.323543812220947, 34.028996860432571 ], [ 135.325571321773225, 34.031517393515827 ], [ 135.327513292384793, 34.031389754531553 ], [ 135.328863105300599, 34.031557102364097 ], [ 135.33134746325527, 34.031318376558787 ], [ 135.334406736741812, 34.031902975514974 ], [ 135.334959007935993, 34.031122430574328 ], [ 135.336305632605814, 34.030263616529268 ], [ 135.337440895564555, 34.029879367789768 ], [ 135.338531870401454, 34.02913508823579 ], [ 135.341707001028936, 34.027637299175801 ], [ 135.343509215266408, 34.026960734734153 ], [ 135.343900367459838, 34.026617125811384 ], [ 135.344418751171503, 34.026570154973072 ], [ 135.34556905912126, 34.027250874970676 ], [ 135.346020318049511, 34.027297640513495 ], [ 135.347958874707899, 34.026685843852974 ], [ 135.349841565520933, 34.026657497181311 ], [ 135.353609678145204, 34.027360021787551 ], [ 135.354458459730068, 34.027763710853712 ] ] ] } },
{ "type": "Feature", "properties": { "CITY_NAME": "有田川町", "S_NAME": "大字松原", "JINKO": 58, "medical_area": "30_有田医療圏", "町丁目名": "有田川町大字松原" }, "geometry": { "type": "Polygon", "coordinates": [ [ [ 135.298621238353917, 34.04946279380156 ], [ 135.299763540767515, 34.048564765943006 ], [ 135.300387042023573, 34.047655898278244 ], [ 135.300945153170403, 34.045093704901596 ], [ 135.302316622709753, 34.042129000727897 ], [ 135.305702629936604, 34.039823212391532 ], [ 135.306098558334298, 34.039408329874043 ], [ 135.306902082853981, 34.037965854154272 ], [ 135.307573245668976, 34.037298812621216 ], [ 135.308137925333938, 34.037041940592275 ], [ 135.308804100227633, 34.036965382109756 ], [ 135.310326498426235, 34.037335493346006 ], [ 135.310220307788569, 34.036737201567512 ], [ 135.309664370378243, 34.035874092584237 ], [ 135.308663971069137, 34.035369380414679 ], [ 135.304346663297508, 34.035159709108214 ], [ 135.303945972534279, 34.035289162697808 ], [ 135.303064864301206, 34.035933037553612 ], [ 135.301204244337356, 34.037969622184896 ], [ 135.298110480481938, 34.039705590058155 ], [ 135.297004511526438, 34.039983005119453 ], [ 135.293890948261321, 34.039743095482095 ], [ 135.292299542877061, 34.039438020207733 ], [ 135.291042888169187, 34.038890717203152 ], [ 135.289328148186343, 34.037744597733699 ], [ 135.288340205756953, 34.036842545122163 ], [ 135.287896642133035, 34.036652346509705 ], [ 135.285423883340769, 34.036045256816834 ], [ 135.283951383285654, 34.035948534408945 ], [ 135.283579644889244, 34.036419715129547 ], [ 135.283656578003445, 34.037674207337993 ], [ 135.284116858906742, 34.038597756165061 ], [ 135.285121215536009, 34.039768722418543 ], [ 135.285780202405931, 34.041466935521832 ], [ 135.285596412067463, 34.043949576119715 ], [ 135.285194736330226, 34.044627240959301 ], [ 135.284351177546512, 34.044986233911899 ], [ 135.282960142768843, 34.044856885267073 ], [ 135.282120174079353, 34.044488280616513 ], [ 135.280366203176271, 34.042770712857653 ], [ 135.277813329642726, 34.041132686723515 ], [ 135.276973831261614, 34.0402547870547 ], [ 135.274249233311593, 34.038815987367101 ], [ 135.273076933942804, 34.039002793574952 ], [ 135.271842228035467, 34.040246477921038 ], [ 135.271036526903742, 34.040796060435213 ], [ 135.270194438874995, 34.041126926697956 ], [ 135.270208278514218, 34.041804611611738 ], [ 135.269746153140062, 34.042276341372585 ], [ 135.266994802538903, 34.042964541519865 ], [ 135.26654471408159, 34.043164585251617 ], [ 135.26625814983916, 34.043644107711224 ], [ 135.266340578944437, 34.044272473391224 ], [ 135.266838982933365, 34.045411436244493 ], [ 135.266822093998059, 34.045908049559884 ], [ 135.268307763629593, 34.045440014455622 ], [ 135.269164713759153, 34.044972748438518 ], [ 135.27101601847005, 34.044944251428603 ], [ 135.273377990817409, 34.043833995170694 ], [ 135.275283673935178, 34.043945201216211 ], [ 135.276102754734239, 34.044518704484496 ], [ 135.276383057356611, 34.045715215871731 ], [ 135.277826262432256, 34.047153902421286 ], [ 135.278981283900237, 34.047010050093718 ], [ 135.280145771626763, 34.047856553739194 ], [ 135.280856194864953, 34.048167498135641 ], [ 135.284655648735594, 34.04887625501317 ], [ 135.285629815935067, 34.049292515891203 ], [ 135.285988172716486, 34.049352763265304 ], [ 135.287345296644332, 34.048995597381577 ], [ 135.289223971741961, 34.049050496868048 ], [ 135.290722290519255, 34.048446599759295 ], [ 135.291697583460149, 34.04835484662663 ], [ 135.29323643687772, 34.048815552146813 ], [ 135.294953127519449, 34.04988819600996 ], [ 135.295285631353977, 34.049954748547016 ], [ 135.295918680960455, 34.04986523900893 ], [ 135.2969370335463, 34.049280369381954 ], [ 135.297720779399555, 34.04906845445683 ], [ 135.298621238353917, 34.04946279380156 ] ] ] } },
{ "type": "Feature", "properties": { "CITY_NAME": "有田川町", "S_NAME": "大字歓喜寺", "JINKO": 151, "medical_area": "30_有田医療圏", "町丁目名": "有田川町大字歓喜寺" }, "geometry": { "type": "Polygon", "coordinates": [ [ [ 135.258421478682635, 34.05350243400899 ], [ 135.260006540154535, 34.053661307909792 ], [ 135.261144435129353, 34.053050953324586 ], [ 135.262040785353889, 34.052130493847237 ], [ 135.263032675102579, 34.048921002760181 ], [ 135.263543993597693, 34.048035290095292 ], [ 135.265087414168192, 34.046519403345634 ], [ 135.265586680908456, 34.046232318851622 ], [ 135.266822093998115, 34.045908049559891 ], [ 135.266838982933365, 34.045411436244493 ], [ 135.26624563587626, 34.043938319229348 ], [ 135.26654471408159, 34.043164585251631 ], [ 135.269487159311637, 34.042384267647307 ], [ 135.270130533958024, 34.041981230366702 ], [ 135.270194438874995, 34.041126926697956 ], [ 135.269527892789853, 34.040985490011238 ], [ 135.269075754233597, 34.040596818047725 ], [ 135.267810559679333, 34.038406754794003 ], [ 135.2646877123683, 34.037221181155587 ], [ 135.263651961598327, 34.037072580350205 ], [ 135.261355133555071, 34.03708181237414 ], [ 135.259738569977145, 34.037644073648423 ], [ 135.258585040312596, 34.038761029459394 ], [ 135.257992360963982, 34.039567064400991 ], [ 135.257414692969093, 34.041173773857302 ], [ 135.256189455634114, 34.043536865795808 ], [ 135.256059041059899, 34.044130989463696 ], [ 135.25629891824903, 34.044926827853615 ], [ 135.256586556622608, 34.045224116740805 ], [ 135.260275749338376, 34.048144515259914 ], [ 135.260494123739647, 34.048946684420315 ], [ 135.259382560256086, 34.049861886465315 ], [ 135.259158681120283, 34.05024793720078 ], [ 135.258204104470821, 34.053742573952796 ], [ 135.258421478682635, 34.05350243400899 ] ] ] } },
{ "type": "Feature", "properties": { "CITY_NAME": "有田川町", "S_NAME": "大字伏羊", "JINKO": 119, "medical_area": "30_有田医療圏", "町丁目名": "有田川町大字伏羊" }, "geometry": { "type": "Polygon", "coordinates": [ [ [ 135.294604360844858, 34.075565043834708 ], [ 135.299311739523347, 34.074541427811994 ], [ 135.301765092114806, 34.074594933359279 ], [ 135.3023532203907, 34.074420767852807 ], [ 135.303110498608163, 34.073921723600037 ], [ 135.301131416776428, 34.072217133694842 ], [ 135.299422852652839, 34.070277680745299 ], [ 135.297154817060914, 34.066494253869365 ], [ 135.296034671794985, 34.064250014879697 ], [ 135.294095355579572, 34.064051180985665 ], [ 135.291967266173828, 34.0633250903686 ], [ 135.290061510029034, 34.063444330118877 ], [ 135.288865759884175, 34.063030773577495 ], [ 135.288095256820043, 34.063171718048565 ], [ 135.287506255798291, 34.063578535311805 ], [ 135.286213105224817, 34.063296668410437 ], [ 135.283110370808345, 34.063339164813499 ], [ 135.281846084559163, 34.062505651478027 ], [ 135.280901220489056, 34.062281824258847 ], [ 135.279799064678997, 34.062434457011911 ], [ 135.278210455893742, 34.063604114292517 ], [ 135.277790426646391, 34.063754221936193 ], [ 135.27593838218715, 34.064019919814136 ], [ 135.276582272538462, 34.065650400853905 ], [ 135.276808358831659, 34.067617783762607 ], [ 135.276552300081534, 34.069513039087127 ], [ 135.275902232276479, 34.070494999333 ], [ 135.275916278557958, 34.071391959380996 ], [ 135.277017806502982, 34.072135272553943 ], [ 135.278883681174023, 34.072915167007814 ], [ 135.281727803955306, 34.07491725368039 ], [ 135.282121953489536, 34.074619224393068 ], [ 135.283064240202378, 34.074522156931216 ], [ 135.285328892260821, 34.074988469668519 ], [ 135.289182584355387, 34.075107230765241 ], [ 135.292062508615885, 34.075553720206329 ], [ 135.294604360844858, 34.075565043834708 ] ] ] } },
{ "type": "Feature", "properties": { "CITY_NAME": "有田川町", "S_NAME": "吉田", "JINKO": 296, "medical_area": "30_有田医療圏", "町丁目名": "有田川町吉田" }, "geometry": { "type": "Polygon", "coordinates": [ [ [ 135.277017806502982, 34.072135272553943 ], [ 135.275916278557958, 34.071391959380996 ], [ 135.274976609442035, 34.071791284524927 ], [ 135.271341325597064, 34.074062110538492 ], [ 135.269536791635886, 34.07466049180762 ], [ 135.269670155293937, 34.07477298674371 ], [ 135.269165873286028, 34.075066924512804 ], [ 135.268984319796743, 34.075362496190401 ], [ 135.268715938091873, 34.076070411694886 ], [ 135.268579065092524, 34.078054172205569 ], [ 135.268291181906534, 34.079051870156633 ], [ 135.267114635307905, 34.08122611157232 ], [ 135.266684010963303, 34.084558611874115 ], [ 135.265950349721919, 34.086711833243847 ], [ 135.264899570114636, 34.089032685400973 ], [ 135.265025623601787, 34.091191384428143 ], [ 135.265595974320178, 34.092870400933236 ], [ 135.266398737009496, 34.092329043090118 ], [ 135.267608228444203, 34.091921529391051 ], [ 135.269999939352232, 34.089739767168908 ], [ 135.271154770772455, 34.089243015283358 ], [ 135.271957060873461, 34.088629222676502 ], [ 135.272630923535445, 34.088043269645283 ], [ 135.273699398420717, 34.086576004304156 ], [ 135.274563972058331, 34.086235442886803 ], [ 135.275957447192781, 34.086084355240281 ], [ 135.276421902147064, 34.085599005004539 ], [ 135.276928326304073, 34.084076019162339 ], [ 135.277633707930079, 34.083077364329903 ], [ 135.281329756190843, 34.080626300988612 ], [ 135.281047193718877, 34.080215720147635 ], [ 135.279881614446793, 34.079301879100065 ], [ 135.281311547464782, 34.078467163773055 ], [ 135.281513388153058, 34.077809235061352 ], [ 135.281233574882179, 34.077154691792821 ], [ 135.280181133159999, 34.076080086923426 ], [ 135.280185570249643, 34.075815427434357 ], [ 135.28094955586721, 34.075193883450076 ], [ 135.281727803955306, 34.074917253680383 ], [ 135.278883681174023, 34.072915167007814 ], [ 135.277017806502982, 34.072135272553943 ] ] ] } },
{ "type": "Feature", "properties": { "CITY_NAME": "有田川町", "S_NAME": "大字小川", "JINKO": 609, "medical_area": "30_有田医療圏", "町丁目名": "有田川町大字小川" }, "geometry": { "type": "Polygon", "coordinates": [ [ [ 135.27633118204605, 34.064793033406318 ], [ 135.27593838218715, 34.064019919814136 ], [ 135.274555302470674, 34.064083379503479 ], [ 135.272780795285996, 34.063553315390209 ], [ 135.271680690853088, 34.063392183612905 ], [ 135.269877000931416, 34.062592886902117 ], [ 135.266795812222654, 34.064233500185601 ], [ 135.262340165275504, 34.066818428872779 ], [ 135.261666325294101, 34.067371640988696 ], [ 135.258383888559763, 34.071456490710744 ], [ 135.255463856266374, 34.076173051444584 ], [ 135.255101808633981, 34.077309975964461 ], [ 135.255254121197453, 34.078858800486422 ], [ 135.256947929738345, 34.08098013919448 ], [ 135.256861403356027, 34.081526171796639 ], [ 135.257167427130554, 34.082361649291386 ], [ 135.258691297316147, 34.083992868800301 ], [ 135.260754382457236, 34.087896825963433 ], [ 135.261669671147388, 34.088776690739039 ], [ 135.263329496369295, 34.089094434702403 ], [ 135.263790969861759, 34.089328501388771 ], [ 135.264976275166163, 34.090817650225816 ], [ 135.264881888009882, 34.089551394635905 ], [ 135.264992288510882, 34.088647826294149 ], [ 135.265950349721919, 34.086711833243847 ], [ 135.266684010963303, 34.084558611874115 ], [ 135.266994322720393, 34.081722216338555 ], [ 135.26732289063176, 34.080780114340946 ], [ 135.268150349032368, 34.079464321385018 ], [ 135.268431876031741, 34.0786058928134 ], [ 135.268823060891947, 34.075719321683579 ], [ 135.269165873286028, 34.075066924512804 ], [ 135.269670155293937, 34.07477298674371 ], [ 135.269536791635886, 34.07466049180762 ], [ 135.271341325597064, 34.074062110538492 ], [ 135.274976609442035, 34.071791284524927 ], [ 135.275916278557958, 34.071391959380996 ], [ 135.275902232276479, 34.070494999333 ], [ 135.276552300081534, 34.069513039087127 ], [ 135.276793942043156, 34.068357807540913 ], [ 135.27675414792904, 34.066776921865099 ], [ 135.27633118204605, 34.064793033406318 ] ] ] } },
{ "type": "Feature", "properties": { "CITY_NAME": "有田川町", "S_NAME": "大字中野", "JINKO": 187, "medical_area": "30_有田医療圏", "町丁目名": "有田川町大字中野" }, "geometry": { "type": "Polygon", "coordinates": [ [ [ 135.268249434858149, 34.061776725381847 ], [ 135.267183925993635, 34.061688460868254 ], [ 135.263997421356578, 34.062185020463275 ], [ 135.263629218957504, 34.062377504466077 ], [ 135.262841179880411, 34.063251783230839 ], [ 135.26048261581181, 34.064395867854998 ], [ 135.25404955786513, 34.066563050516017 ], [ 135.253740226541311, 34.067131647654833 ], [ 135.254520051884214, 34.068440317938482 ], [ 135.253860496475028, 34.069432748066994 ], [ 135.253219286675801, 34.072458856640601 ], [ 135.251699828038426, 34.075457808147483 ], [ 135.250696013725047, 34.076567597617768 ], [ 135.249380609537582, 34.077337710576096 ], [ 135.250429356447256, 34.078083456123586 ], [ 135.252401093335521, 34.08066137622383 ], [ 135.253016262483015, 34.080872452169345 ], [ 135.256737929446814, 34.080735039210424 ], [ 135.255478026427426, 34.07926541651193 ], [ 135.255165257565352, 34.07842989605745 ], [ 135.255101808633981, 34.077309975964461 ], [ 135.255235455952175, 34.076719324510293 ], [ 135.255860693220455, 34.075481726561847 ], [ 135.258383888559763, 34.071456490710744 ], [ 135.261666325294101, 34.067371640988696 ], [ 135.263450586631961, 34.066162446634557 ], [ 135.269877000931416, 34.062592886902117 ], [ 135.269269533411745, 34.062117281516933 ], [ 135.268249434858149, 34.061776725381847 ] ] ] } },
{ "type": "Feature", "properties": { "CITY_NAME": "有田川町", "S_NAME": "大字市場", "JINKO": 308, "medical_area": "30_有田医療圏", "町丁目名": "有田川町大字市場" }, "geometry": { "type": "Polygon", "coordinates": [ [ [ 135.254520051884214, 34.068440317938482 ], [ 135.253740226541311, 34.067131647654833 ], [ 135.253952698456146, 34.066741070621397 ], [ 135.251856005435513, 34.067183559550472 ], [ 135.251637704706127, 34.065884483380081 ], [ 135.250698503331932, 34.065865083418586 ], [ 135.249867973146564, 34.065595608601697 ], [ 135.249211619592643, 34.065894160365509 ], [ 135.247252647883016, 34.066219231616856 ], [ 135.247505803807172, 34.066582660010276 ], [ 135.249055867429405, 34.067568752448054 ], [ 135.249335581539441, 34.068117990624629 ], [ 135.24933141300167, 34.068591400027508 ], [ 135.248057592821056, 34.069542873385387 ], [ 135.247629872900148, 34.070324571533192 ], [ 135.247728881349389, 34.070855237305288 ], [ 135.248054364493754, 34.07125431557153 ], [ 135.248396897344577, 34.07273600909582 ], [ 135.249132453734063, 34.074360812781812 ], [ 135.248994341472326, 34.076792062890597 ], [ 135.249137211757784, 34.07722649987565 ], [ 135.249380609537582, 34.077337710576096 ], [ 135.25003502214085, 34.076980525176985 ], [ 135.251241888822136, 34.076037760836478 ], [ 135.252715350800486, 34.073568155461146 ], [ 135.253219286675801, 34.072458856640601 ], [ 135.253860496475028, 34.069432748066994 ], [ 135.254520051884214, 34.068440317938482 ] ] ] } },
{ "type": "Feature", "properties": { "CITY_NAME": "有田川町", "S_NAME": "大字中井原", "JINKO": 485, "medical_area": "30_有田医療圏", "町丁目名": "有田川町大字中井原" }, "geometry": { "type": "Polygon", "coordinates": [ [ [ 135.25404955786513, 34.066563050516017 ], [ 135.26048261581181, 34.064395867854998 ], [ 135.262841179880411, 34.063251783230839 ], [ 135.263629218957504, 34.062377504466077 ], [ 135.263997421356578, 34.062185020463275 ], [ 135.267712767866271, 34.061670874264472 ], [ 135.269269533411745, 34.062117281516933 ], [ 135.269027121386216, 34.061489714370538 ], [ 135.268973361817103, 34.06069377875 ], [ 135.269901817447391, 34.05805192885903 ], [ 135.269891519366837, 34.057614757630262 ], [ 135.269379900225232, 34.056387605293466 ], [ 135.269006334410392, 34.054616527939174 ], [ 135.268532006119756, 34.053809791859138 ], [ 135.267741405737013, 34.053323204096024 ], [ 135.265031930633484, 34.052883807215004 ], [ 135.26386339578363, 34.053116196343112 ], [ 135.263519200872025, 34.053687490958559 ], [ 135.263065443378451, 34.053766492428466 ], [ 135.263011620171739, 34.054079748129588 ], [ 135.261709909217188, 34.054610111161026 ], [ 135.260932457358734, 34.055459570447823 ], [ 135.260737322719592, 34.056033582431439 ], [ 135.259832858639726, 34.057025266418982 ], [ 135.259383034092963, 34.058148119298018 ], [ 135.259313748242221, 34.05877781733296 ], [ 135.25900583462851, 34.059180396577844 ], [ 135.25797954364208, 34.060315938819372 ], [ 135.256688325077562, 34.06088933388537 ], [ 135.255777408500734, 34.063151256032597 ], [ 135.254780910148554, 34.064858176045789 ], [ 135.253937415181809, 34.065354219769581 ], [ 135.253817921034539, 34.064888798642336 ], [ 135.253500910198625, 34.065068857974445 ], [ 135.253260424431062, 34.06476398113535 ], [ 135.251637704706127, 34.065884483380081 ], [ 135.251726721139363, 34.066754696833563 ], [ 135.251856005435513, 34.067183559550472 ], [ 135.253952698456146, 34.066741070621397 ], [ 135.25404955786513, 34.066563050516017 ] ] ] } },
{ "type": "Feature", "properties": { "CITY_NAME": "有田川町", "S_NAME": "大字金屋", "JINKO": 812, "medical_area": "30_有田医療圏", "町丁目名": "有田川町大字金屋" }, "geometry": { "type": "Polygon", "coordinates": [ [ [ 135.251413083250156, 34.06591325617628 ], [ 135.253260424431062, 34.06476398113535 ], [ 135.253500910198625, 34.065068857974445 ], [ 135.253817921034539, 34.064888798642336 ], [ 135.253937415181809, 34.065354219769581 ], [ 135.254780910148554, 34.064858176045789 ], [ 135.255777408500734, 34.063151256032597 ], [ 135.256688325077562, 34.06088933388537 ], [ 135.25797954364208, 34.060315938819372 ], [ 135.25900583462851, 34.059180396577844 ], [ 135.259313748242221, 34.05877781733296 ], [ 135.259383034092963, 34.058148119298018 ], [ 135.259832858639726, 34.057025266418982 ], [ 135.260737322719592, 34.056033582431439 ], [ 135.260932457358734, 34.055459570447823 ], [ 135.261439220109509, 34.054841636768096 ], [ 135.262245980322064, 34.054310014802333 ], [ 135.263011620171739, 34.054079748129588 ], [ 135.263065443378451, 34.053766492428466 ], [ 135.262852334044254, 34.053544759840307 ], [ 135.260669335660026, 34.053385502269776 ], [ 135.259555535965717, 34.053685930162018 ], [ 135.258421478682635, 34.05350243400899 ], [ 135.2575576923997, 34.05456431010284 ], [ 135.25623794964315, 34.055467749940469 ], [ 135.253842364887078, 34.055998929708807 ], [ 135.253252693149022, 34.055979141090589 ], [ 135.251922302056215, 34.056642130506987 ], [ 135.251843643225527, 34.057514188243054 ], [ 135.252273072481785, 34.06023007407866 ], [ 135.252099915959207, 34.061599241397388 ], [ 135.251219723183254, 34.063895518665213 ], [ 135.250507773882475, 34.065061434348983 ], [ 135.249867973146564, 34.065595608601697 ], [ 135.251413083250156, 34.06591325617628 ] ] ] } },
{ "type": "Feature", "properties": { "CITY_NAME": "有田川町", "S_NAME": "大字長谷川", "JINKO": 260, "medical_area": "30_有田医療圏", "町丁目名": "有田川町大字長谷川" }, "geometry": { "type": "Polygon", "coordinates": [ [ [ 135.303255956594967, 34.068606269384745 ], [ 135.305587513322763, 34.068688859382675 ], [ 135.306716295732315, 34.068443192203986 ], [ 135.308217507572238, 34.067001656524539 ], [ 135.310022739418599, 34.065677743023436 ], [ 135.311597857206948, 34.06477005166488 ], [ 135.310976543962795, 34.064040548065023 ], [ 135.310234116852286, 34.06249332743829 ], [ 135.310235488297565, 34.060117317693994 ], [ 135.310458926542935, 34.059405494014811 ], [ 135.310905309110211, 34.058715058925188 ], [ 135.311473216244934, 34.058217020396185 ], [ 135.31414737499361, 34.057033540675079 ], [ 135.312814953622905, 34.056266995181275 ], [ 135.310683903120662, 34.055857026321391 ], [ 135.306683847305976, 34.055387214216928 ], [ 135.305680187331575, 34.055109834306819 ], [ 135.305159859873896, 34.054765300669253 ], [ 135.304513700305279, 34.05405929475819 ], [ 135.304270428627035, 34.053158203082788 ], [ 135.304485744870618, 34.052662996197739 ], [ 135.304911038695082, 34.052250957091537 ], [ 135.306378746418716, 34.051587837661152 ], [ 135.305661679858844, 34.051204585186738 ], [ 135.302823176796579, 34.050861763248129 ], [ 135.299691341030666, 34.049895983512705 ], [ 135.297720779399555, 34.04906845445683 ], [ 135.296937033546357, 34.049280369381925 ], [ 135.295666423473307, 34.049943252964667 ], [ 135.294953127519449, 34.049888196009967 ], [ 135.29323643687772, 34.048815552146792 ], [ 135.291697583460149, 34.04835484662663 ], [ 135.290722290519255, 34.048446599759295 ], [ 135.289223971741961, 34.049050496868048 ], [ 135.287345296644332, 34.048995597381577 ], [ 135.285988172716486, 34.049352763265304 ], [ 135.284067410316339, 34.048743958737674 ], [ 135.281802869613301, 34.048438393670864 ], [ 135.280145771626763, 34.047856553739194 ], [ 135.279217980772472, 34.047076369708478 ], [ 135.278643308400063, 34.046983286805087 ], [ 135.277826262432256, 34.047153902421286 ], [ 135.276383057356583, 34.045715215871731 ], [ 135.276102754734268, 34.044518704484481 ], [ 135.275283673935178, 34.043945201216189 ], [ 135.273377990817409, 34.043833995170694 ], [ 135.27101601847005, 34.044944251428603 ], [ 135.269164713759153, 34.044972748438539 ], [ 135.268307763629593, 34.045440014455622 ], [ 135.265586680908456, 34.046232318851622 ], [ 135.265087414168192, 34.046519403345634 ], [ 135.263543993597693, 34.048035290095292 ], [ 135.263032675102579, 34.048921002760181 ], [ 135.262040785353889, 34.052130493847237 ], [ 135.260669335660026, 34.053385502269776 ], [ 135.262737979158743, 34.053499281313783 ], [ 135.263065443378451, 34.053766492428466 ], [ 135.263519200872025, 34.053687490958559 ], [ 135.26386339578363, 34.053116196343112 ], [ 135.265533869977446, 34.05288876240909 ], [ 135.268190294493479, 34.053485041989326 ], [ 135.26880588792028, 34.054140196457915 ], [ 135.269006334410392, 34.054616527939174 ], [ 135.269379900225232, 34.056387605293466 ], [ 135.269891519366837, 34.057614757630262 ], [ 135.269901817447391, 34.05805192885903 ], [ 135.268973361817103, 34.06069377875 ], [ 135.269159199461228, 34.061887589005124 ], [ 135.269454283882624, 34.062324450430324 ], [ 135.269877000931416, 34.062592886902117 ], [ 135.271680690853088, 34.063392183612905 ], [ 135.272780795285996, 34.063553315390209 ], [ 135.274555302470674, 34.064083379503479 ], [ 135.27593838218715, 34.064019919814136 ], [ 135.277790426646391, 34.063754221936193 ], [ 135.278210455893742, 34.063604114292517 ], [ 135.279799064678997, 34.062434457011911 ], [ 135.280901220489056, 34.062281824258825 ], [ 135.281846084559163, 34.062505651478027 ], [ 135.283110370808373, 34.063339164813499 ], [ 135.283826709970555, 34.063426845028616 ], [ 135.286213105224817, 34.063296668410437 ], [ 135.287506255798291, 34.063578535311805 ], [ 135.288095256820043, 34.063171718048565 ], [ 135.288865759884175, 34.063030773577495 ], [ 135.290061510029034, 34.063444330118863 ], [ 135.291967266173828, 34.0633250903686 ], [ 135.294095355579572, 34.064051180985665 ], [ 135.296034671795042, 34.064250014879704 ], [ 135.297154817060914, 34.066494253869365 ], [ 135.299377871952998, 34.070210090142901 ], [ 135.299720628016473, 34.069730261788628 ], [ 135.300315573711799, 34.069408367913262 ], [ 135.303255956594967, 34.068606269384745 ] ] ] } },
{ "type": "Feature", "properties": { "CITY_NAME": "有田川町", "S_NAME": "大字岩野河", "JINKO": 98, "medical_area": "30_有田医療圏", "町丁目名": "有田川町大字岩野河" }, "geometry": { "type": "Polygon", "coordinates": [ [ [ 135.32801394912417, 34.061523540028801 ], [ 135.329113987022936, 34.05964720820905 ], [ 135.329872737269028, 34.060026451145184 ], [ 135.330175509433531, 34.060368851210455 ], [ 135.330316163010593, 34.060954923780891 ], [ 135.331014643316507, 34.061655719794416 ], [ 135.332029019376819, 34.062448090726676 ], [ 135.332568160942458, 34.062653003454791 ], [ 135.335021555122864, 34.06274241121767 ], [ 135.337480331080855, 34.063118467524696 ], [ 135.337913071090924, 34.063100496147783 ], [ 135.339457138069548, 34.062540045470648 ], [ 135.341904635684273, 34.06245502457292 ], [ 135.343561972343707, 34.062220249952681 ], [ 135.345539466651019, 34.061542974388281 ], [ 135.344917647297677, 34.060721793787749 ], [ 135.345006484419969, 34.059959730525769 ], [ 135.344832673710414, 34.059709611172423 ], [ 135.344400836977485, 34.059579981107454 ], [ 135.343122284174711, 34.058254242864422 ], [ 135.341632870790392, 34.057483811822813 ], [ 135.340081186844031, 34.055300528310191 ], [ 135.340268076741154, 34.054912861860913 ], [ 135.339975452625026, 34.054458970563118 ], [ 135.339374852195675, 34.054271656783229 ], [ 135.336824950885443, 34.054509928892529 ], [ 135.336033687529095, 34.054156198935061 ], [ 135.335841878981768, 34.053506467789539 ], [ 135.334194351294656, 34.050920415991634 ], [ 135.333314924258502, 34.04936907416333 ], [ 135.333180519687147, 34.048871361086846 ], [ 135.333334265099467, 34.047727759223427 ], [ 135.333977286260961, 34.045396434760335 ], [ 135.330914587228648, 34.044738691345792 ], [ 135.326994448615011, 34.045195438013259 ], [ 135.325512221738791, 34.045570263462793 ], [ 135.324099597119954, 34.046655717092875 ], [ 135.321217240732921, 34.047746339106638 ], [ 135.319189846234451, 34.049477606675396 ], [ 135.319090419633937, 34.050311853563713 ], [ 135.320984759971623, 34.054653874458964 ], [ 135.321705332590852, 34.055630675492459 ], [ 135.32404683644225, 34.05736279293501 ], [ 135.323878826992484, 34.05786717328656 ], [ 135.321618059725267, 34.061065630206265 ], [ 135.320880138020783, 34.064031218494762 ], [ 135.319962996351023, 34.066408391347721 ], [ 135.319918128163437, 34.06700218491099 ], [ 135.323090555826241, 34.067956106787577 ], [ 135.323967055608932, 34.067093712335705 ], [ 135.32425442814727, 34.066423902815473 ], [ 135.325499189542967, 34.06493649998982 ], [ 135.326384948628998, 34.06282801024728 ], [ 135.32801394912417, 34.061523540028801 ] ] ] } },
{ "type": "Feature", "properties": { "CITY_NAME": "有田川町", "S_NAME": "大字川口", "JINKO": 129, "medical_area": "30_有田医療圏", "町丁目名": "有田川町大字川口" }, "geometry": { "type": "Polygon", "coordinates": [ [ [ 135.319962996351023, 34.066408391347721 ], [ 135.320880138020783, 34.064031218494762 ], [ 135.321618059725267, 34.061065630206265 ], [ 135.323878826992484, 34.05786717328656 ], [ 135.32404683644225, 34.05736279293501 ], [ 135.321705332590852, 34.055630675492459 ], [ 135.320984759971623, 34.054653874458964 ], [ 135.319090419633937, 34.050311853563713 ], [ 135.319189846234451, 34.049477606675396 ], [ 135.321217240732921, 34.047746339106638 ], [ 135.324099597119954, 34.046655717092875 ], [ 135.32489692019098, 34.045947543406079 ], [ 135.325999378460267, 34.045394995956755 ], [ 135.330359178529392, 34.044718363434292 ], [ 135.331747965331346, 34.044864338347885 ], [ 135.333977286260961, 34.045396434760335 ], [ 135.337451982195603, 34.041903307025429 ], [ 135.338553659347639, 34.039983504519547 ], [ 135.338828945832518, 34.038476251188087 ], [ 135.338477189741553, 34.037895947019258 ], [ 135.337488509170015, 34.037432945004724 ], [ 135.336171966847218, 34.036036306986816 ], [ 135.335529253612691, 34.034597379264547 ], [ 135.335176091503484, 34.032742756723202 ], [ 135.334406736741812, 34.031902975514988 ], [ 135.332849238736713, 34.033152427027581 ], [ 135.326392194085173, 34.036715198425142 ], [ 135.324135510378596, 34.03831674778754 ], [ 135.323409171384327, 34.038528179294246 ], [ 135.318226695828997, 34.03875997714335 ], [ 135.314690786041041, 34.038130658240377 ], [ 135.311951009550512, 34.038094073779298 ], [ 135.309342813711197, 34.037040102146243 ], [ 135.308447400431305, 34.036981131434118 ], [ 135.307868949767283, 34.037142278391379 ], [ 135.306902082853924, 34.037965854154272 ], [ 135.306098558334298, 34.039408329874043 ], [ 135.305702629936604, 34.039823212391532 ], [ 135.303479052015604, 34.041385020962998 ], [ 135.302551467733338, 34.041859861016547 ], [ 135.302135565835187, 34.042364635852202 ], [ 135.300791643943739, 34.045543051258086 ], [ 135.300387042023573, 34.047655898278244 ], [ 135.299763540767515, 34.048564765943006 ], [ 135.298621238353917, 34.049462793801567 ], [ 135.302823176796579, 34.050861763248129 ], [ 135.305661679858844, 34.051204585186738 ], [ 135.306378746418716, 34.051587837661152 ], [ 135.304911038695082, 34.052250957091537 ], [ 135.304485744870618, 34.052662996197739 ], [ 135.304270428627035, 34.053158203082788 ], [ 135.304513700305279, 34.05405929475819 ], [ 135.305680187331575, 34.055109834306819 ], [ 135.306683847305976, 34.055387214216928 ], [ 135.310683903120662, 34.055857026321391 ], [ 135.312814953622905, 34.056266995181275 ], [ 135.31414737499361, 34.057033540675079 ], [ 135.311473216244934, 34.058217020396185 ], [ 135.310905309110211, 34.058715058925188 ], [ 135.310458926542935, 34.059405494014811 ], [ 135.310235488297565, 34.060117317693994 ], [ 135.310234116852286, 34.06249332743829 ], [ 135.310976543962795, 34.064040548065023 ], [ 135.311597857206948, 34.06477005166488 ], [ 135.313559115453529, 34.064587002740225 ], [ 135.314473783628671, 34.064656606191896 ], [ 135.319918128163437, 34.06700218491099 ], [ 135.319962996351023, 34.066408391347721 ] ] ] } },
{ "type": "Feature", "properties": { "CITY_NAME": "有田川町", "S_NAME": "大字谷", "JINKO": 27, "medical_area": "30_有田医療圏", "町丁目名": "有田川町大字谷" }, "geometry": { "type": "Polygon", "coordinates": [ [ [ 135.340982636467317, 34.070241974508903 ], [ 135.342528781969605, 34.070443908339996 ], [ 135.344176932161901, 34.070287424158231 ], [ 135.347886336131893, 34.070447934295153 ], [ 135.350590013950693, 34.068673113943504 ], [ 135.351200366881045, 34.068454168326888 ], [ 135.351725943195333, 34.067605213482047 ], [ 135.35272652699868, 34.067210809972487 ], [ 135.35290790759305, 34.06689761369455 ], [ 135.353694487759952, 34.066393887765791 ], [ 135.354167052507137, 34.065666215349346 ], [ 135.353706144175703, 34.064419187861589 ], [ 135.353492984205076, 34.063988831644188 ], [ 135.352855034291963, 34.063560192978464 ], [ 135.35115006181897, 34.063071854858123 ], [ 135.347854725876005, 34.063077598936225 ], [ 135.346565065803446, 34.062549283354677 ], [ 135.345748873521899, 34.062030369557398 ], [ 135.345539466651019, 34.061542974388281 ], [ 135.343561972343707, 34.062220249952681 ], [ 135.341904635684273, 34.06245502457292 ], [ 135.339457138069548, 34.062540045470648 ], [ 135.337913071090924, 34.063100496147783 ], [ 135.335021555122864, 34.06274241121767 ], [ 135.332568160942458, 34.062653003454791 ], [ 135.332029019376819, 34.062448090726676 ], [ 135.331014643316507, 34.061655719794416 ], [ 135.330316163010593, 34.060954923780891 ], [ 135.330175509433531, 34.060368851210455 ], [ 135.329872737269028, 34.060026451145184 ], [ 135.329113987022936, 34.05964720820905 ], [ 135.328594439505707, 34.060754583824412 ], [ 135.32801394912417, 34.061523540028801 ], [ 135.326384948628998, 34.06282801024728 ], [ 135.325499189542967, 34.06493649998982 ], [ 135.32425442814727, 34.066423902815473 ], [ 135.323967055608932, 34.067093712335705 ], [ 135.323090555826241, 34.067956106787577 ], [ 135.319918128163437, 34.06700218491099 ], [ 135.320017812597854, 34.067427592872654 ], [ 135.320783819911298, 34.068237155252326 ], [ 135.320910399184783, 34.068596784099796 ], [ 135.320939559417383, 34.070795205168331 ], [ 135.32129686798379, 34.072295609161195 ], [ 135.32262471911173, 34.074383972339753 ], [ 135.323585382195148, 34.075405461094761 ], [ 135.325858248652878, 34.076613839879506 ], [ 135.331494450552299, 34.077561023989723 ], [ 135.334755358067071, 34.077820027277468 ], [ 135.335876064303221, 34.077707465301827 ], [ 135.33698461774523, 34.076018356099311 ], [ 135.337491722074475, 34.074643800543143 ], [ 135.337146168210012, 34.073662759468206 ], [ 135.33707585737352, 34.071820512775084 ], [ 135.337441691925477, 34.071030224890762 ], [ 135.337902956140255, 34.070729404574699 ], [ 135.340982636467317, 34.070241974508903 ] ] ] } },
{ "type": "Feature", "properties": { "CITY_NAME": "有田川町", "S_NAME": "大字立石", "JINKO": 28, "medical_area": "30_有田医療圏", "町丁目名": "有田川町大字立石" }, "geometry": { "type": "Polygon", "coordinates": [ [ [ 135.323585382195148, 34.075405461094768 ], [ 135.322624719111758, 34.07438397233976 ], [ 135.32129686798379, 34.072295609161195 ], [ 135.320939559417383, 34.070795205168331 ], [ 135.320910399184783, 34.068596784099796 ], [ 135.320783819911298, 34.068237155252326 ], [ 135.320017812597854, 34.067427592872654 ], [ 135.319918128163437, 34.067002184910976 ], [ 135.314473783628671, 34.064656606191896 ], [ 135.313559115453529, 34.064587002740225 ], [ 135.311597857206948, 34.06477005166488 ], [ 135.310022739418599, 34.065677743023436 ], [ 135.308217507572266, 34.067001656524532 ], [ 135.306716295732315, 34.068443192203986 ], [ 135.305587513322763, 34.068688859382675 ], [ 135.302904538202597, 34.068648094564111 ], [ 135.300315573711799, 34.069408367913255 ], [ 135.299720628016473, 34.069730261788628 ], [ 135.299377871952998, 34.070210090142915 ], [ 135.301131416776428, 34.072217133694842 ], [ 135.303110498608163, 34.073921723600037 ], [ 135.305749181468087, 34.074087059104869 ], [ 135.307464826827584, 34.073833843498193 ], [ 135.308667990360959, 34.073316415389961 ], [ 135.309808630557029, 34.07349255329185 ], [ 135.312138497357239, 34.073324822148059 ], [ 135.313799149635429, 34.073485501926591 ], [ 135.319952838806273, 34.075324249570777 ], [ 135.32268778252859, 34.075196433741823 ], [ 135.323585382195148, 34.075405461094768 ] ] ] } },
{ "type": "Feature", "properties": { "CITY_NAME": "有田川町", "S_NAME": "大字彦ケ瀬", "JINKO": 26, "medical_area": "30_有田医療圏", "町丁目名": "有田川町大字彦ケ瀬" }, "geometry": { "type": "Polygon", "coordinates": [ [ [ 135.29702528680059, 34.135860816959152 ], [ 135.297110897771148, 34.13530755261705 ], [ 135.297448196818635, 34.13501703905478 ], [ 135.299493748092402, 34.134431156097435 ], [ 135.300179864388923, 34.134643552446178 ], [ 135.300786605124387, 34.134567698808404 ], [ 135.302426775389364, 34.135312356292864 ], [ 135.302638370124328, 34.135061967092277 ], [ 135.303207280462601, 34.133481274287902 ], [ 135.302843311308948, 34.133285515003891 ], [ 135.302550932205321, 34.132335107405083 ], [ 135.301504232246231, 34.132116164897475 ], [ 135.301751564613568, 34.131171077746188 ], [ 135.301674953044255, 34.130772124842387 ], [ 135.302157741250596, 34.130334797468798 ], [ 135.301727498314136, 34.12922808416468 ], [ 135.302676940371981, 34.129108954368391 ], [ 135.303605448836208, 34.128549484970755 ], [ 135.304390255828167, 34.128354889067559 ], [ 135.30457166193429, 34.128148416447871 ], [ 135.304823182155815, 34.127210662546986 ], [ 135.305359576056958, 34.127015355100767 ], [ 135.305697330986362, 34.125996100940867 ], [ 135.306418924785589, 34.125651528181855 ], [ 135.30655262477967, 34.125170649600889 ], [ 135.306946255897799, 34.124641511852566 ], [ 135.307062844965998, 34.123722712826755 ], [ 135.308086559818832, 34.122097777806466 ], [ 135.308728629809593, 34.121513262998462 ], [ 135.308811784376019, 34.121106898746589 ], [ 135.308114925033124, 34.120250145461696 ], [ 135.307892657958149, 34.119603286885813 ], [ 135.307298884230676, 34.118829944096525 ], [ 135.307197010184979, 34.118349708454531 ], [ 135.306118385723892, 34.117466704565892 ], [ 135.306029447049013, 34.116937940797143 ], [ 135.303726364286632, 34.116391992701161 ], [ 135.301727583102405, 34.115007307887559 ], [ 135.299679525089033, 34.114191846345399 ], [ 135.292487120346607, 34.113436390716615 ], [ 135.291770206246554, 34.113273356069293 ], [ 135.290689158711842, 34.112744494136123 ], [ 135.289751697923407, 34.113680487668539 ], [ 135.288777707446059, 34.115348909064814 ], [ 135.287569122527003, 34.11638092692202 ], [ 135.284645408760127, 34.119598188868657 ], [ 135.284290192867076, 34.120157486005077 ], [ 135.284182697395948, 34.120947858897651 ], [ 135.285890265988087, 34.122710959469536 ], [ 135.286079560749243, 34.123134959481057 ], [ 135.286709425549446, 34.123548704491419 ], [ 135.286791679015749, 34.124458511359677 ], [ 135.28741728209684, 34.124593299751574 ], [ 135.288871268800165, 34.125511206700367 ], [ 135.290679668094612, 34.125454202347512 ], [ 135.290940358319318, 34.125729280702025 ], [ 135.291719291895134, 34.125872257361983 ], [ 135.292335991591017, 34.126557349375375 ], [ 135.292385822359023, 34.126885725147993 ], [ 135.292892701053773, 34.127338728505087 ], [ 135.29318816185679, 34.128612911328339 ], [ 135.293680670599997, 34.128921431855844 ], [ 135.294292252896525, 34.129026798261627 ], [ 135.294353532964806, 34.129642466203173 ], [ 135.294203321695989, 34.129908971736533 ], [ 135.294356128851064, 34.130251598428863 ], [ 135.294076718707345, 34.130716831313102 ], [ 135.294118103942594, 34.131264626832454 ], [ 135.294271553409317, 34.131534991485125 ], [ 135.29498413002878, 34.13177250701834 ], [ 135.295052003294018, 34.132205927278576 ], [ 135.294456010455917, 34.132682020396238 ], [ 135.294389203551191, 34.133048741185561 ], [ 135.293900876950914, 34.133466144182322 ], [ 135.293878817143224, 34.13366548758777 ], [ 135.294295635820845, 34.133871581191755 ], [ 135.294709660967442, 34.134421518693301 ], [ 135.29518242382477, 34.134649060990242 ], [ 135.295436660086352, 34.135081296908325 ], [ 135.296265011993711, 34.135207055279054 ], [ 135.296446013519557, 34.135543360623174 ], [ 135.29702528680059, 34.135860816959152 ] ] ] } },
{ "type": "Feature", "properties": { "CITY_NAME": "有田川町", "S_NAME": "大字瀬井", "JINKO": 32, "medical_area": "30_有田医療圏", "町丁目名": "有田川町大字瀬井" }, "geometry": { "type": "Polygon", "coordinates": [ [ [ 135.306029447049013, 34.116937940797143 ], [ 135.30721507770042, 34.116124634939148 ], [ 135.307728981946013, 34.115529823660594 ], [ 135.308436320444287, 34.115699894824878 ], [ 135.310478745680911, 34.114947450676809 ], [ 135.31171698443319, 34.11488805845412 ], [ 135.312093942697686, 34.113943669697136 ], [ 135.312201476748527, 34.112989456012038 ], [ 135.311413964177149, 34.111623388164404 ], [ 135.312028424184177, 34.110890089834363 ], [ 135.31210510802299, 34.110043613421205 ], [ 135.313303895613217, 34.109349081777815 ], [ 135.30995865036158, 34.108948979807622 ], [ 135.308802664725732, 34.108527340863311 ], [ 135.307181842603882, 34.107497481010718 ], [ 135.305532885735971, 34.1067718595895 ], [ 135.302125656676623, 34.105641962169784 ], [ 135.299088875677029, 34.105063895613746 ], [ 135.298236342525371, 34.104996910983097 ], [ 135.29671267689551, 34.105245989802938 ], [ 135.295675667959841, 34.105669268897508 ], [ 135.293417163945293, 34.107000730267316 ], [ 135.292414478037898, 34.107283029531622 ], [ 135.290606936076841, 34.107413889622492 ], [ 135.290748286848469, 34.109493058682538 ], [ 135.290555727793162, 34.110338415261829 ], [ 135.290828644113247, 34.111611738962416 ], [ 135.290689158711842, 34.112744494136123 ], [ 135.291770206246554, 34.113273356069293 ], [ 135.292487120346607, 34.113436390716615 ], [ 135.299679525089033, 34.114191846345399 ], [ 135.301727583102405, 34.115007307887559 ], [ 135.303726364286632, 34.116391992701161 ], [ 135.306029447049013, 34.116937940797143 ] ] ] } },
{ "type": "Feature", "properties": { "CITY_NAME": "有田川町", "S_NAME": "大字瀬井", "JINKO": 27, "medical_area": "30_有田医療圏", "町丁目名": "有田川町大字瀬井" }, "geometry": { "type": "Polygon", "coordinates": [ [ [ 135.284645408760127, 34.119598188868657 ], [ 135.287569122527003, 34.11638092692202 ], [ 135.288777707446059, 34.115348909064814 ], [ 135.289751697923407, 34.113680487668539 ], [ 135.29007137611319, 34.113257623384747 ], [ 135.290525817634233, 34.11299809687371 ], [ 135.290778773115846, 34.112293531170806 ], [ 135.290815915385167, 34.111380643634298 ], [ 135.290555727793162, 34.110338415261829 ], [ 135.290748286848469, 34.109493058682538 ], [ 135.290606936076841, 34.107413889622492 ], [ 135.289276005787769, 34.106744259087932 ], [ 135.288811321825875, 34.106113583547078 ], [ 135.288476431312631, 34.105150226818829 ], [ 135.288166282377119, 34.104834858887223 ], [ 135.286862845332138, 34.104241712515559 ], [ 135.283855160470466, 34.108483322001902 ], [ 135.282076553231036, 34.109909929887451 ], [ 135.281776596018062, 34.110496158063782 ], [ 135.281720591750968, 34.110992106698042 ], [ 135.28000197312781, 34.112644149227606 ], [ 135.279095383130709, 34.114346433418341 ], [ 135.277410115884862, 34.115296421975145 ], [ 135.27464340405794, 34.116284962878915 ], [ 135.273706759711644, 34.117183253440452 ], [ 135.274017444471639, 34.117086759717459 ], [ 135.274503191660472, 34.117683804202464 ], [ 135.275318962315055, 34.118122339439729 ], [ 135.276411357350895, 34.119275002606251 ], [ 135.277451044833356, 34.119406898168805 ], [ 135.278038966111694, 34.119843934050486 ], [ 135.278457982596137, 34.119786237568036 ], [ 135.279127592719959, 34.118857192479496 ], [ 135.279835909732924, 34.118536918235137 ], [ 135.280459141700817, 34.118684525157214 ], [ 135.281206781734681, 34.119414212136078 ], [ 135.282037011002814, 34.11917845181064 ], [ 135.282180672967797, 34.119556670230487 ], [ 135.282460254894005, 34.119663948792336 ], [ 135.283087955417784, 34.119543639426738 ], [ 135.284645408760127, 34.119598188868657 ] ] ] } },
{ "type": "Feature", "properties": { "CITY_NAME": "有田川町", "S_NAME": "大字西ケ峰", "JINKO": 109, "medical_area": "30_有田医療圏", "町丁目名": "有田川町大字西ケ峰" }, "geometry": { "type": "Polygon", "coordinates": [ [ [ 135.27277311092223, 34.117321852335181 ], [ 135.273109950173563, 34.117385823061326 ], [ 135.273706759711644, 34.117183253440452 ], [ 135.27464340405794, 34.116284962878915 ], [ 135.275583212796761, 34.115858453557657 ], [ 135.27659771814595, 34.11563945303724 ], [ 135.278819524762895, 34.114592321684384 ], [ 135.279231489991986, 34.114143396213407 ], [ 135.28000197312781, 34.112644149227606 ], [ 135.281720591750968, 34.110992106698042 ], [ 135.281776596018091, 34.110496158063768 ], [ 135.282239789092927, 34.109701413514713 ], [ 135.283855160470466, 34.108483322001902 ], [ 135.284449744338076, 34.107626793335939 ], [ 135.284390229712812, 34.107161445056043 ], [ 135.283119839623964, 34.104295418824989 ], [ 135.282147716248261, 34.101272499179558 ], [ 135.281339991582882, 34.099836556916301 ], [ 135.280278539145741, 34.097290208833726 ], [ 135.277632199072599, 34.093038351148891 ], [ 135.276879143218054, 34.091473397945158 ], [ 135.276543885364902, 34.090497613617046 ], [ 135.276071568796397, 34.087917964279256 ], [ 135.275957447192781, 34.086084355240281 ], [ 135.274563972058331, 34.086235442886803 ], [ 135.273699398420717, 34.086576004304156 ], [ 135.272630923535445, 34.088043269645283 ], [ 135.271957060873461, 34.088629222676502 ], [ 135.271154770772455, 34.089243015283358 ], [ 135.269999939352232, 34.089739767168908 ], [ 135.267608228444203, 34.091921529391051 ], [ 135.266257445692816, 34.092485408981744 ], [ 135.265654077539978, 34.093613820971477 ], [ 135.265691828014752, 34.094714639952109 ], [ 135.266255845741682, 34.09807433799358 ], [ 135.267177768976836, 34.098813043016925 ], [ 135.268456443434332, 34.099262822386528 ], [ 135.269317475930848, 34.09936597188301 ], [ 135.269645888976726, 34.099791931794663 ], [ 135.269567128985329, 34.10033662668441 ], [ 135.267889120062705, 34.102870765118794 ], [ 135.267424060852591, 34.104105117021028 ], [ 135.267443884513654, 34.105028352455626 ], [ 135.267971548312858, 34.106379181979783 ], [ 135.266812192422691, 34.106996628607767 ], [ 135.266270692740591, 34.107536459500835 ], [ 135.265616050810365, 34.109009154991298 ], [ 135.265609559875514, 34.109898282746812 ], [ 135.266083887644555, 34.110688283731598 ], [ 135.266813009838927, 34.112875951533546 ], [ 135.266729194694676, 34.114701821161496 ], [ 135.267804234496538, 34.116209872145149 ], [ 135.268435275903556, 34.116213616962995 ], [ 135.269141211739168, 34.116677035080833 ], [ 135.26965052520805, 34.116310129872865 ], [ 135.270195140098878, 34.116171217080726 ], [ 135.270867392635125, 34.116484964453782 ], [ 135.271323592605938, 34.116425678320311 ], [ 135.271398962093599, 34.117098630890062 ], [ 135.27161928635806, 34.117468163889711 ], [ 135.27217987882679, 34.117511479946906 ], [ 135.27277311092223, 34.117321852335181 ] ] ] } },
{ "type": "Feature", "properties": { "CITY_NAME": "有田川町", "S_NAME": "大字西ケ峰", "JINKO": 98, "medical_area": "30_有田医療圏", "町丁目名": "有田川町大字西ケ峰" }, "geometry": { "type": "Polygon", "coordinates": [ [ [ 135.278723450131679, 34.085985414695301 ], [ 135.277647769503886, 34.085906121729877 ], [ 135.275957447192781, 34.086084355240281 ], [ 135.275912300042535, 34.086925468206942 ], [ 135.276543885364902, 34.090497613617046 ], [ 135.277201557320637, 34.092247526618443 ], [ 135.280278539145741, 34.097290208833726 ], [ 135.281339991582882, 34.099836556916301 ], [ 135.282147716248261, 34.101272499179558 ], [ 135.283119839623964, 34.104295418824989 ], [ 135.284390229712812, 34.107161445056043 ], [ 135.284449744338076, 34.107626793335939 ], [ 135.28701249108093, 34.103994937284163 ], [ 135.287067677568217, 34.103652950902195 ], [ 135.286313497463965, 34.102390908142326 ], [ 135.286226414372578, 34.10176917746989 ], [ 135.287102810406651, 34.1013001067031 ], [ 135.287172360616808, 34.101012295471023 ], [ 135.286400738123689, 34.100324469437929 ], [ 135.286586875744888, 34.099470203525719 ], [ 135.285806860408456, 34.098447484583808 ], [ 135.285003586980963, 34.098201086923311 ], [ 135.284773494593452, 34.097632616802443 ], [ 135.282483970154971, 34.095908547755158 ], [ 135.28228570872173, 34.095544653551151 ], [ 135.283004626683919, 34.093847470383245 ], [ 135.28308950319942, 34.093067001872384 ], [ 135.282562278734787, 34.091936984725002 ], [ 135.281894842707118, 34.091112248249651 ], [ 135.281364680570647, 34.089671035913391 ], [ 135.281380669565635, 34.088869176605655 ], [ 135.282087693971675, 34.087815547815559 ], [ 135.281967819342327, 34.087193060704642 ], [ 135.280616579074234, 34.086491239876253 ], [ 135.278723450131679, 34.085985414695301 ] ] ] } },
{ "type": "Feature", "properties": { "CITY_NAME": "有田川町", "S_NAME": "大字中", "JINKO": 60, "medical_area": "30_有田医療圏", "町丁目名": "有田川町大字中" }, "geometry": { "type": "Polygon", "coordinates": [ [ [ 135.313303895613217, 34.109349081777815 ], [ 135.314826785117987, 34.107966646574347 ], [ 135.315725613395045, 34.105777328766216 ], [ 135.317277715244103, 34.104584063134709 ], [ 135.316305610369909, 34.103983901380602 ], [ 135.316004162781923, 34.10353693251799 ], [ 135.315243402367003, 34.102948511835912 ], [ 135.312445853229576, 34.102638472942942 ], [ 135.311222274614749, 34.101787257129232 ], [ 135.309167884173547, 34.100723865516912 ], [ 135.308725758147091, 34.100261869244605 ], [ 135.307775475647844, 34.100095933955899 ], [ 135.304818501044792, 34.096372723881316 ], [ 135.303604471586539, 34.097030891602714 ], [ 135.297926304876199, 34.099120360244221 ], [ 135.29542456223038, 34.099721501577562 ], [ 135.292208353837566, 34.100190707032553 ], [ 135.288177573708367, 34.10144452955587 ], [ 135.286226414372578, 34.10176917746989 ], [ 135.286313497463965, 34.102390908142326 ], [ 135.287067677568217, 34.103652950902195 ], [ 135.286862845332138, 34.104241712515559 ], [ 135.288166282377119, 34.104834858887223 ], [ 135.288476431312631, 34.105150226818829 ], [ 135.288811321825875, 34.106113583547078 ], [ 135.289276005787769, 34.106744259087932 ], [ 135.290606936076841, 34.107413889622492 ], [ 135.292414478037898, 34.107283029531622 ], [ 135.293417163945293, 34.107000730267316 ], [ 135.295675667959841, 34.105669268897508 ], [ 135.29671267689551, 34.105245989802938 ], [ 135.298236342525371, 34.104996910983097 ], [ 135.299088875677029, 34.105063895613746 ], [ 135.302125656676623, 34.105641962169784 ], [ 135.305532885735971, 34.1067718595895 ], [ 135.307181842603882, 34.107497481010718 ], [ 135.308802664725732, 34.108527340863311 ], [ 135.30995865036158, 34.108948979807622 ], [ 135.313303895613217, 34.109349081777815 ] ] ] } },
{ "type": "Feature", "properties": { "CITY_NAME": "有田川町", "S_NAME": "大字中峰", "JINKO": 40, "medical_area": "30_有田医療圏", "町丁目名": "有田川町大字中峰" }, "geometry": { "type": "Polygon", "coordinates": [ [ [ 135.304818501044792, 34.096372723881316 ], [ 135.303719251166058, 34.095363095087727 ], [ 135.300700754125927, 34.093260684202072 ], [ 135.299502320927445, 34.092661085634084 ], [ 135.29889711533167, 34.092554940948112 ], [ 135.291084212958793, 34.09337734457408 ], [ 135.286929009155614, 34.09357125361079 ], [ 135.284946543440782, 34.093435643713448 ], [ 135.28307763878243, 34.093028194157363 ], [ 135.283004626683919, 34.093847470383245 ], [ 135.28228570872173, 34.095544653551151 ], [ 135.282483970154971, 34.095908547755144 ], [ 135.28477349459348, 34.097632616802443 ], [ 135.285003586980963, 34.098201086923339 ], [ 135.285806860408456, 34.098447484583808 ], [ 135.286586875744888, 34.099470203525719 ], [ 135.286400738123689, 34.100324469437901 ], [ 135.287172360616808, 34.101012295471023 ], [ 135.287102810406651, 34.1013001067031 ], [ 135.286304837759644, 34.101675815489656 ], [ 135.287351253897725, 34.101651462851073 ], [ 135.292208353837566, 34.100190707032553 ], [ 135.29542456223038, 34.099721501577562 ], [ 135.297926304876199, 34.099120360244221 ], [ 135.303604471586539, 34.097030891602714 ], [ 135.304818501044792, 34.096372723881316 ] ] ] } },
{ "type": "Feature", "properties": { "CITY_NAME": "有田川町", "S_NAME": "大字本堂", "JINKO": 11, "medical_area": "30_有田医療圏", "町丁目名": "有田川町大字本堂" }, "geometry": { "type": "Polygon", "coordinates": [ [ [ 135.297136987067717, 34.092730974614952 ], [ 135.296661847017873, 34.091846988787303 ], [ 135.296363405428423, 34.090095559556033 ], [ 135.295826731195916, 34.089643262155541 ], [ 135.295574649647619, 34.089168785462327 ], [ 135.295384147255106, 34.088127243246682 ], [ 135.294918602879392, 34.086932693613065 ], [ 135.293133067489038, 34.087484800912073 ], [ 135.291715863494346, 34.087688381208793 ], [ 135.290006953056377, 34.087111687507161 ], [ 135.288086775970839, 34.085692922642536 ], [ 135.2870225662503, 34.08690694783791 ], [ 135.286454814371041, 34.08789001095117 ], [ 135.286247718334351, 34.088378746391989 ], [ 135.285936921017651, 34.090453184368286 ], [ 135.286256720724026, 34.092085011546189 ], [ 135.286929009155614, 34.09357125361079 ], [ 135.291084212958793, 34.09337734457408 ], [ 135.297136987067717, 34.092730974614952 ] ] ] } },
{ "type": "Feature", "properties": { "CITY_NAME": "有田川町", "S_NAME": "大字有原", "JINKO": 52, "medical_area": "30_有田医療圏", "町丁目名": "有田川町大字有原" }, "geometry": { "type": "Polygon", "coordinates": [ [ [ 135.286929009155614, 34.09357125361079 ], [ 135.286116069126194, 34.091613981488067 ], [ 135.28595860749877, 34.089976616077095 ], [ 135.286454814371041, 34.08789001095117 ], [ 135.2870225662503, 34.08690694783791 ], [ 135.288468899436964, 34.085434247324294 ], [ 135.28876245185927, 34.084833178088395 ], [ 135.288827524210831, 34.084232196455837 ], [ 135.288291026609215, 34.082626888681943 ], [ 135.288316386706327, 34.082200070448415 ], [ 135.284268567519518, 34.081440313689498 ], [ 135.279696118026123, 34.081652517507926 ], [ 135.277633707930107, 34.083077364329903 ], [ 135.276928326304045, 34.084076019162381 ], [ 135.276421902147121, 34.085599005004539 ], [ 135.275957447192781, 34.086084355240281 ], [ 135.277647769503886, 34.085906121729877 ], [ 135.278723450131679, 34.085985414695287 ], [ 135.280616579074234, 34.086491239876253 ], [ 135.281967819342327, 34.087193060704593 ], [ 135.282087693971675, 34.087815547815531 ], [ 135.281380669565579, 34.088869176605655 ], [ 135.281364680570647, 34.089671035913391 ], [ 135.281894842707118, 34.091112248249651 ], [ 135.282562278734787, 34.091936984724981 ], [ 135.28307763878243, 34.093028194157363 ], [ 135.284946543440782, 34.093435643713448 ], [ 135.286929009155614, 34.09357125361079 ] ] ] } },
{ "type": "Feature", "properties": { "CITY_NAME": "有田川町", "S_NAME": "大字青田", "JINKO": 80, "medical_area": "30_有田医療圏", "町丁目名": "有田川町大字青田" }, "geometry": { "type": "Polygon", "coordinates": [ [ [ 135.288316386706327, 34.082200070448415 ], [ 135.289744229159766, 34.081227176784807 ], [ 135.293717414949867, 34.079903609588627 ], [ 135.293822850468558, 34.07932511150409 ], [ 135.295776012210524, 34.076852368691782 ], [ 135.296620098695371, 34.07519916914994 ], [ 135.294604360844858, 34.075565043834708 ], [ 135.292062508615885, 34.075553720206329 ], [ 135.289182584355387, 34.075107230765241 ], [ 135.285328892260821, 34.074988469668519 ], [ 135.283800422095339, 34.074576161016743 ], [ 135.282515932195906, 34.074542210363099 ], [ 135.280949555867267, 34.075193883450098 ], [ 135.280185570249643, 34.075815427434357 ], [ 135.280181133159999, 34.076080086923426 ], [ 135.281233574882179, 34.077154691792821 ], [ 135.281513388153058, 34.077809235061352 ], [ 135.281311547464782, 34.078467163773084 ], [ 135.279881614446793, 34.079301879100065 ], [ 135.281047193718905, 34.080215720147656 ], [ 135.281329756190843, 34.080626300988627 ], [ 135.279696118026123, 34.081652517507926 ], [ 135.284268567519518, 34.081440313689498 ], [ 135.288316386706327, 34.082200070448415 ] ] ] } },
{ "type": "Feature", "properties": { "CITY_NAME": "有田川町", "S_NAME": "大字沼田", "JINKO": 65, "medical_area": "30_有田医療圏", "町丁目名": "有田川町大字沼田" }, "geometry": { "type": "Polygon", "coordinates": [ [ [ 135.305819661866735, 34.094512863763342 ], [ 135.307505629808588, 34.092478238544764 ], [ 135.308364239005925, 34.092061736499929 ], [ 135.307960571137585, 34.091932964358882 ], [ 135.305797339855104, 34.090329516305466 ], [ 135.305310718323881, 34.08957762923955 ], [ 135.304689704747233, 34.085209595409694 ], [ 135.303693826636902, 34.083031912962618 ], [ 135.302190082979166, 34.081601611321219 ], [ 135.301946402037004, 34.081107754988736 ], [ 135.302062969532471, 34.079922871804122 ], [ 135.302350297757215, 34.079478935213658 ], [ 135.300981593866823, 34.080047460748233 ], [ 135.298805811742483, 34.080397959214437 ], [ 135.297117597765805, 34.07995615028571 ], [ 135.295412119995007, 34.080294917758366 ], [ 135.293858141317941, 34.079791159128895 ], [ 135.29283849593287, 34.080269472107311 ], [ 135.289744229159766, 34.081227176784836 ], [ 135.288316386706327, 34.082200070448415 ], [ 135.288291026609215, 34.082626888681943 ], [ 135.288759312126388, 34.083945985557413 ], [ 135.288815237041433, 34.084563583696621 ], [ 135.288616015065656, 34.085237603146147 ], [ 135.288086775970868, 34.085692922642536 ], [ 135.290006953056377, 34.087111687507161 ], [ 135.291715863494346, 34.087688381208793 ], [ 135.293133067489038, 34.087484800912073 ], [ 135.294918602879392, 34.086932693613072 ], [ 135.295384147255106, 34.088127243246682 ], [ 135.295574649647619, 34.089168785462327 ], [ 135.295826731195916, 34.089643262155541 ], [ 135.296363405428366, 34.090095559556019 ], [ 135.296661847017873, 34.091846988787303 ], [ 135.297136987067717, 34.092730974614952 ], [ 135.29889711533167, 34.092554940948112 ], [ 135.300067654880309, 34.092890681388027 ], [ 135.303719251166058, 34.095363095087727 ], [ 135.304818501044792, 34.096372723881316 ], [ 135.305819661866735, 34.094512863763342 ] ] ] } },
{ "type": "Feature", "properties": { "CITY_NAME": "有田川町", "S_NAME": "大字延坂", "JINKO": 41, "medical_area": "30_有田医療圏", "町丁目名": "有田川町大字延坂" }, "geometry": { "type": "Polygon", "coordinates": [ [ [ 135.310438420551094, 34.101375188424015 ], [ 135.310872610481226, 34.100713432771983 ], [ 135.311401902854527, 34.099265602215446 ], [ 135.311490315405962, 34.09612093980811 ], [ 135.311905871258688, 34.094594284415848 ], [ 135.311780535485951, 34.093329287141074 ], [ 135.312031315861162, 34.090095501227069 ], [ 135.313350135288431, 34.086377445421057 ], [ 135.311484870476789, 34.084134526465796 ], [ 135.308723378529947, 34.080343903516514 ], [ 135.305899225073176, 34.079778198253152 ], [ 135.30328153972485, 34.079841732638002 ], [ 135.302350297757215, 34.079478935213636 ], [ 135.302062969532471, 34.079922871804129 ], [ 135.301946402037004, 34.081107754988736 ], [ 135.302190082979166, 34.081601611321219 ], [ 135.303693826636902, 34.083031912962618 ], [ 135.304689704747233, 34.085209595409694 ], [ 135.305310718323938, 34.08957762923955 ], [ 135.305797339855104, 34.090329516305495 ], [ 135.307960571137585, 34.091932964358868 ], [ 135.308364239005897, 34.092061736499943 ], [ 135.307505629808588, 34.092478238544736 ], [ 135.307144228906367, 34.092888522119097 ], [ 135.305819661866735, 34.094512863763342 ], [ 135.304818501044792, 34.096372723881316 ], [ 135.306581031100677, 34.098463162800591 ], [ 135.307504170925768, 34.099906206634238 ], [ 135.307775475647844, 34.100095933955899 ], [ 135.308725758147091, 34.100261869244605 ], [ 135.309167884173547, 34.100723865516912 ], [ 135.310438420551094, 34.101375188424015 ] ] ] } },
{ "type": "Feature", "properties": { "CITY_NAME": "有田川町", "S_NAME": "大字大西", "JINKO": 21, "medical_area": "30_有田医療圏", "町丁目名": "有田川町大字大西" }, "geometry": { "type": "Polygon", "coordinates": [ [ [ 135.29844285428689, 34.08037588821729 ], [ 135.300377365333929, 34.08018855850446 ], [ 135.302350297757215, 34.079478935213636 ], [ 135.30328153972485, 34.079841732638002 ], [ 135.305899225073176, 34.079778198253152 ], [ 135.308723378529947, 34.080343903516514 ], [ 135.311484870476789, 34.084134526465796 ], [ 135.312138279064015, 34.084818858894998 ], [ 135.312855603995104, 34.084177113021809 ], [ 135.313092976742809, 34.083735540453247 ], [ 135.313278857623118, 34.082236307778324 ], [ 135.313590555255217, 34.081772607399323 ], [ 135.316092704968611, 34.080217203301217 ], [ 135.316323961478929, 34.079490322085782 ], [ 135.316119421215348, 34.077419372363714 ], [ 135.316351521541634, 34.076351027347656 ], [ 135.316893580246131, 34.075540922759366 ], [ 135.317860997819025, 34.074731759116723 ], [ 135.313799149635429, 34.073485501926591 ], [ 135.311362006090235, 34.073322887094676 ], [ 135.309808630557029, 34.07349255329185 ], [ 135.308667990360959, 34.073316415389961 ], [ 135.307079740117331, 34.07393352991496 ], [ 135.305749181468087, 34.074087059104869 ], [ 135.303110498608163, 34.073921723600037 ], [ 135.3023532203907, 34.074420767852807 ], [ 135.301765092114806, 34.074594933359279 ], [ 135.299311739523347, 34.074541427811994 ], [ 135.296620098695371, 34.07519916914994 ], [ 135.295776012210524, 34.076852368691782 ], [ 135.293822850468558, 34.07932511150409 ], [ 135.293717414949867, 34.079903609588627 ], [ 135.29399925005788, 34.079790981948008 ], [ 135.295028882295782, 34.080227927561097 ], [ 135.29575485383117, 34.080305750679166 ], [ 135.297117597765833, 34.07995615028571 ], [ 135.29844285428689, 34.08037588821729 ] ] ] } },
{ "type": "Feature", "properties": { "CITY_NAME": "有田川町", "S_NAME": "大字尾上", "JINKO": 36, "medical_area": "30_有田医療圏", "町丁目名": "有田川町大字尾上" }, "geometry": { "type": "Polygon", "coordinates": [ [ [ 135.329695257678907, 34.085212511996467 ], [ 135.329433094991856, 34.08464674051357 ], [ 135.328940861097607, 34.084315404577389 ], [ 135.327171938936175, 34.084132362619286 ], [ 135.324115108118718, 34.083112371244326 ], [ 135.323811821343497, 34.082843052607281 ], [ 135.325050656442727, 34.078436244327861 ], [ 135.325512255185714, 34.077334899689234 ], [ 135.32613036424857, 34.076686037303965 ], [ 135.323180493528469, 34.07529266566663 ], [ 135.322154365354407, 34.075195063319768 ], [ 135.320357877261898, 34.07537000838721 ], [ 135.317860997819025, 34.074731759116723 ], [ 135.316893580246131, 34.075540922759366 ], [ 135.316351521541634, 34.076351027347656 ], [ 135.316119421215348, 34.077419372363714 ], [ 135.316323961478929, 34.079490322085782 ], [ 135.316092704968611, 34.080217203301217 ], [ 135.313590555255217, 34.081772607399323 ], [ 135.313278857623118, 34.082236307778324 ], [ 135.313092976742809, 34.083735540453247 ], [ 135.312855603995104, 34.084177113021809 ], [ 135.312138279064015, 34.084818858894998 ], [ 135.313350135288431, 34.086377445421057 ], [ 135.317533744674961, 34.084876616341845 ], [ 135.318547156427769, 34.084683032696205 ], [ 135.329695257678907, 34.085212511996467 ] ] ] } },
{ "type": "Feature", "properties": { "CITY_NAME": "有田川町", "S_NAME": "大字小原", "JINKO": 35, "medical_area": "30_有田医療圏", "町丁目名": "有田川町大字小原" }, "geometry": { "type": "Polygon", "coordinates": [ [ [ 135.34465110447411, 34.084447542549107 ], [ 135.344394039264643, 34.083136328725161 ], [ 135.343439991818116, 34.081614881241045 ], [ 135.342647187618383, 34.080952630263866 ], [ 135.342240480014311, 34.080221291026461 ], [ 135.341945425424768, 34.08006207627534 ], [ 135.340644996791582, 34.079952707950554 ], [ 135.339079922461877, 34.078525838339708 ], [ 135.338638874107829, 34.078315536651324 ], [ 135.336941542045054, 34.077838579841462 ], [ 135.332452980040387, 34.077702975958459 ], [ 135.32613036424857, 34.076686037303965 ], [ 135.32532911783872, 34.077698191523851 ], [ 135.323805503208376, 34.082652838978987 ], [ 135.323811821343497, 34.082843052607281 ], [ 135.324115108118718, 34.083112371244326 ], [ 135.327171938936175, 34.084132362619286 ], [ 135.328940861097607, 34.084315404577389 ], [ 135.329433094991856, 34.08464674051357 ], [ 135.329695257678907, 34.085212511996467 ], [ 135.332906904395429, 34.085789473458561 ], [ 135.334341430696611, 34.085898369911817 ], [ 135.337623861870071, 34.087129089283131 ], [ 135.340127797429204, 34.087575244952284 ], [ 135.342320226566812, 34.087579043362894 ], [ 135.343077989722133, 34.087435015568467 ], [ 135.343463518948738, 34.087167151353455 ], [ 135.343997534202288, 34.086217257883916 ], [ 135.344206741377349, 34.085328465265839 ], [ 135.34465110447411, 34.084447542549107 ] ] ] } },
{ "type": "Feature", "properties": { "CITY_NAME": "有田川町", "S_NAME": "大字生石", "JINKO": 123, "medical_area": "30_有田医療圏", "町丁目名": "有田川町大字生石" }, "geometry": { "type": "Polygon", "coordinates": [ [ [ 135.330818503561687, 34.105135315320076 ], [ 135.332133954043883, 34.104980056224925 ], [ 135.334178832671739, 34.105051596005566 ], [ 135.334722830875279, 34.105257114912945 ], [ 135.335285719689352, 34.104789930317345 ], [ 135.337392873106353, 34.102003012782468 ], [ 135.338586196192324, 34.101690201702382 ], [ 135.339343872345921, 34.101141759179498 ], [ 135.34014762873494, 34.100874318770003 ], [ 135.341710407487, 34.100806880475453 ], [ 135.342842968855081, 34.100266331480235 ], [ 135.344071596808249, 34.099998168743319 ], [ 135.345574090345963, 34.099410535269037 ], [ 135.345919149747402, 34.099115261806503 ], [ 135.346527352882788, 34.097801031408999 ], [ 135.347413109018703, 34.097306745848734 ], [ 135.347903958214033, 34.096387044379583 ], [ 135.348243701850748, 34.096087373274145 ], [ 135.348751273923085, 34.09484980530091 ], [ 135.348835225363189, 34.093207524126264 ], [ 135.349702649517837, 34.092766527521903 ], [ 135.350118827518401, 34.091804869744976 ], [ 135.350123670375268, 34.091402419103787 ], [ 135.349855161291032, 34.091029658426194 ], [ 135.349174668171713, 34.090602737032704 ], [ 135.348723746858411, 34.089804275452472 ], [ 135.34547915809199, 34.087354356595455 ], [ 135.345220343905225, 34.086648901179586 ], [ 135.344812189987579, 34.086098596716162 ], [ 135.34465110447411, 34.084447542549107 ], [ 135.344206741377349, 34.08532846526586 ], [ 135.343997534202288, 34.086217257883916 ], [ 135.34346351894871, 34.087167151353462 ], [ 135.343077989722133, 34.08743501556846 ], [ 135.342320226566812, 34.087579043362894 ], [ 135.340127797429204, 34.087575244952269 ], [ 135.338219412645145, 34.08727554653602 ], [ 135.334341430696668, 34.08589836991181 ], [ 135.332906904395458, 34.085789473458547 ], [ 135.329972065039215, 34.085241204391409 ], [ 135.321180686633568, 34.084745185314482 ], [ 135.31799324543357, 34.084760123822186 ], [ 135.313350135288431, 34.086377445421057 ], [ 135.312031315861162, 34.090095501227069 ], [ 135.311780535485951, 34.093329287141053 ], [ 135.311905871258631, 34.094594284415891 ], [ 135.311490315405962, 34.096120939808074 ], [ 135.311401902854527, 34.099265602215446 ], [ 135.310872610481226, 34.100713432771983 ], [ 135.310438420551094, 34.101375188424015 ], [ 135.312445853229548, 34.102638472942949 ], [ 135.315243402366946, 34.102948511835912 ], [ 135.316004162781923, 34.10353693251799 ], [ 135.316305610369938, 34.103983901380602 ], [ 135.317277715244103, 34.104584063134709 ], [ 135.317646074364973, 34.104416079687873 ], [ 135.318466336284558, 34.104665889806483 ], [ 135.319942244300393, 34.10482353586314 ], [ 135.321562001692769, 34.104467074631707 ], [ 135.325194959310153, 34.104478786398964 ], [ 135.32792262612918, 34.105216838520903 ], [ 135.329027024750843, 34.105837213287103 ], [ 135.329983481594212, 34.106041062779148 ], [ 135.330818503561687, 34.105135315320076 ] ] ] } },
{ "type": "Feature", "properties": { "CITY_NAME": "有田川町", "S_NAME": "大字丹生", "JINKO": 156, "medical_area": "30_有田医療圏", "町丁目名": "有田川町大字丹生" }, "geometry": { "type": "Polygon", "coordinates": [ [ [ 135.237616423879331, 34.084047005810895 ], [ 135.239545266293618, 34.084065161555579 ], [ 135.23926972708071, 34.079617794743676 ], [ 135.238347660645388, 34.07189337138081 ], [ 135.236903613007996, 34.072466719282694 ], [ 135.233639969210174, 34.073112209921646 ], [ 135.233027794457684, 34.071340535636764 ], [ 135.229919144858968, 34.072057153837555 ], [ 135.229633224450879, 34.071060140557698 ], [ 135.229205585204625, 34.070630199910696 ], [ 135.225191390461561, 34.072919685982939 ], [ 135.226543666138866, 34.076020543830424 ], [ 135.226141968583022, 34.076165636053815 ], [ 135.226645463914622, 34.077372659313724 ], [ 135.22698501860873, 34.079412567388282 ], [ 135.227319061999253, 34.080227466879677 ], [ 135.227811922088534, 34.080648094261349 ], [ 135.227809754568682, 34.080888396795963 ], [ 135.228618658743898, 34.08195405828414 ], [ 135.22926433342343, 34.082299711800921 ], [ 135.229856450550642, 34.082115794434465 ], [ 135.230361768127523, 34.082283351745254 ], [ 135.231047835500306, 34.082072549651244 ], [ 135.231544972498853, 34.082585873805527 ], [ 135.232047683051007, 34.082487878207949 ], [ 135.233106092039094, 34.082859190275101 ], [ 135.235765503065636, 34.083303855121819 ], [ 135.237616423879331, 34.084047005810895 ] ] ] } },
{ "type": "Feature", "properties": { "CITY_NAME": "有田川町", "S_NAME": "大字糸野", "JINKO": 319, "medical_area": "30_有田医療圏", "町丁目名": "有田川町大字糸野" }, "geometry": { "type": "Polygon", "coordinates": [ [ [ 135.246671700121084, 34.076391501522593 ], [ 135.247083724285375, 34.076376563695781 ], [ 135.247715268275044, 34.07680892094902 ], [ 135.249419307561453, 34.079002082066225 ], [ 135.250065513569297, 34.079590591528216 ], [ 135.25165444019629, 34.080482180725078 ], [ 135.252563517515796, 34.080789278661122 ], [ 135.251859382877285, 34.080104640759629 ], [ 135.250429356447256, 34.078083456123586 ], [ 135.249048969381562, 34.077048338285032 ], [ 135.249132453734063, 34.074360812781812 ], [ 135.248396897344577, 34.07273600909582 ], [ 135.248054364493754, 34.07125431557153 ], [ 135.247728881349389, 34.070855237305288 ], [ 135.247629872900148, 34.070324571533192 ], [ 135.248057592821056, 34.069542873385387 ], [ 135.24933141300167, 34.068591400027508 ], [ 135.249335581539441, 34.068117990624629 ], [ 135.249055867429405, 34.067568752448054 ], [ 135.247505803807172, 34.066582660010276 ], [ 135.247252647883016, 34.066219231616856 ], [ 135.244327094899148, 34.066150518913538 ], [ 135.243663224693108, 34.066500833521864 ], [ 135.243073915234788, 34.06706078550198 ], [ 135.242377184466903, 34.068335651494706 ], [ 135.24073803075288, 34.07057282401982 ], [ 135.239482842878289, 34.071385284391148 ], [ 135.238347660645388, 34.07189337138081 ], [ 135.23926972708071, 34.079617794743676 ], [ 135.239477695447846, 34.083219560937557 ], [ 135.239852181883094, 34.082430789011788 ], [ 135.241588877728645, 34.080944993184076 ], [ 135.242357985294689, 34.080356143580381 ], [ 135.244928146797207, 34.078908831156511 ], [ 135.245479581050034, 34.078397226214911 ], [ 135.246671700121084, 34.076391501522593 ] ] ] } },
{ "type": "Feature", "properties": { "CITY_NAME": "有田川町", "S_NAME": "大字下六川", "JINKO": 75, "medical_area": "30_有田医療圏", "町丁目名": "有田川町大字下六川" }, "geometry": { "type": "Polygon", "coordinates": [ [ [ 135.253160948050322, 34.087691866678298 ], [ 135.256246925408789, 34.086354674614697 ], [ 135.257419671462372, 34.085535713962933 ], [ 135.25926733350866, 34.084990973096119 ], [ 135.258691297316147, 34.083992868800323 ], [ 135.257167427130554, 34.082361649291386 ], [ 135.256861403356027, 34.081526171796632 ], [ 135.256947929738345, 34.080980139194494 ], [ 135.256737929446814, 34.08073503921041 ], [ 135.253016262483015, 34.080872452169352 ], [ 135.25165444019629, 34.080482180725078 ], [ 135.250065513569297, 34.079590591528216 ], [ 135.249419307561453, 34.079002082066225 ], [ 135.248203150054593, 34.077330261880043 ], [ 135.247083724285375, 34.076376563695781 ], [ 135.246671700121084, 34.076391501522593 ], [ 135.245479581050034, 34.078397226214911 ], [ 135.244928146797236, 34.078908831156511 ], [ 135.242357985294689, 34.08035614358036 ], [ 135.241588877728645, 34.080944993184076 ], [ 135.239852181883094, 34.082430789011767 ], [ 135.239477695447846, 34.083219560937557 ], [ 135.239732458395878, 34.084957987939489 ], [ 135.241951819618805, 34.085037205322749 ], [ 135.246238629400068, 34.085691130573039 ], [ 135.246783706915323, 34.085923516421353 ], [ 135.248251814198937, 34.087612867190188 ], [ 135.248762560771837, 34.087889967555746 ], [ 135.251019856736946, 34.088024002400545 ], [ 135.253160948050322, 34.087691866678298 ] ] ] } },
{ "type": "Feature", "properties": { "CITY_NAME": "有田川町", "S_NAME": "大字釜中", "JINKO": 46, "medical_area": "30_有田医療圏", "町丁目名": "有田川町大字釜中" }, "geometry": { "type": "Polygon", "coordinates": [ [ [ 135.241767900509217, 34.106667726367675 ], [ 135.244728628276903, 34.106452696541076 ], [ 135.246269375698574, 34.104736219340836 ], [ 135.246595538156015, 34.103409810156982 ], [ 135.24635131885438, 34.102333059714375 ], [ 135.244114440787513, 34.10010992762313 ], [ 135.246946228585102, 34.098009078457892 ], [ 135.247858754899056, 34.095759068315807 ], [ 135.249033104610987, 34.094244861164633 ], [ 135.248677640213316, 34.09225252459931 ], [ 135.248733465853945, 34.090951676906137 ], [ 135.249090257531492, 34.089938340237261 ], [ 135.249651279028029, 34.089391389691677 ], [ 135.249327629711189, 34.088728187949123 ], [ 135.248617477133593, 34.088147292190826 ], [ 135.246783706915323, 34.085923516421346 ], [ 135.245517354541391, 34.085491325215585 ], [ 135.241951819618862, 34.085037205322749 ], [ 135.239732458395821, 34.084957987939475 ], [ 135.239555514765556, 34.085416811943844 ], [ 135.238609810641208, 34.085752548509149 ], [ 135.237972494549183, 34.086174428083893 ], [ 135.237577972950135, 34.08665260770907 ], [ 135.237583658547038, 34.087154550343143 ], [ 135.237909323070681, 34.087858648922278 ], [ 135.237945217341519, 34.088666317486435 ], [ 135.238421630038204, 34.090096811109717 ], [ 135.238018520812773, 34.090967118594726 ], [ 135.237819124321362, 34.091159854225438 ], [ 135.236723205971913, 34.091283772163088 ], [ 135.236163674540876, 34.091503848156478 ], [ 135.23547753449796, 34.092003456979235 ], [ 135.23526616431289, 34.092398538174805 ], [ 135.235257392814702, 34.092811784652682 ], [ 135.234257124844049, 34.093007838692337 ], [ 135.234336392495777, 34.094056234900393 ], [ 135.235039307287138, 34.0945265974566 ], [ 135.235660721719881, 34.095884071039684 ], [ 135.23570275591473, 34.096565436575617 ], [ 135.235552291268078, 34.096952455027527 ], [ 135.23609292766389, 34.09742590016149 ], [ 135.23638242669395, 34.097921166759022 ], [ 135.236319362780819, 34.098173776040177 ], [ 135.233986846170069, 34.100219181858328 ], [ 135.233702270918656, 34.100293334710415 ], [ 135.232566565763307, 34.100031128004318 ], [ 135.231984485914097, 34.101617333870337 ], [ 135.231399216319375, 34.102151365940315 ], [ 135.230743402268615, 34.102349544134555 ], [ 135.230271616554404, 34.103225886628778 ], [ 135.230830967698324, 34.104161240287837 ], [ 135.231581266358717, 34.104994671918874 ], [ 135.231474078590225, 34.106480446384126 ], [ 135.231317655138923, 34.106960110299404 ], [ 135.231032882534265, 34.107016223081281 ], [ 135.231041336286154, 34.107157989886581 ], [ 135.231653767272888, 34.107986330495834 ], [ 135.231690049053157, 34.109095192670637 ], [ 135.232190728291982, 34.110446860475825 ], [ 135.232901054701387, 34.110819532502482 ], [ 135.23352766192167, 34.111920672573724 ], [ 135.23451567308399, 34.112125322805547 ], [ 135.235178600810769, 34.112055079284211 ], [ 135.235463083191775, 34.111110638122177 ], [ 135.236108883224148, 34.110712060017278 ], [ 135.237208285228121, 34.11033432940696 ], [ 135.237475413597053, 34.109848020333068 ], [ 135.237685161057954, 34.108754490314503 ], [ 135.238095581900495, 34.108095377403089 ], [ 135.239821427941223, 34.107144646770259 ], [ 135.241767900509217, 34.106667726367675 ] ] ] } },
{ "type": "Feature", "properties": { "CITY_NAME": "有田川町", "S_NAME": "大字黒松", "JINKO": 82, "medical_area": "30_有田医療圏", "町丁目名": "有田川町大字黒松" }, "geometry": { "type": "Polygon", "coordinates": [ [ [ 135.267410918525968, 34.104284224854162 ], [ 135.267889120062705, 34.102870765118794 ], [ 135.269210228997025, 34.100960250611486 ], [ 135.269653712217718, 34.100064277612312 ], [ 135.269529533007272, 34.099547821728343 ], [ 135.269317475930876, 34.09936597188301 ], [ 135.268456443434332, 34.099262822386514 ], [ 135.267177768976865, 34.098813043016932 ], [ 135.266255845741682, 34.098074337993573 ], [ 135.265691828014752, 34.094714639952095 ], [ 135.265654077539978, 34.093613820971477 ], [ 135.266257445692816, 34.092485408981744 ], [ 135.26708801043759, 34.092096631136819 ], [ 135.266398737009496, 34.092329043090118 ], [ 135.265595974320178, 34.092870400933236 ], [ 135.264976275166219, 34.090817650225816 ], [ 135.264083714221385, 34.089651993596185 ], [ 135.263329496369266, 34.089094434702403 ], [ 135.261669671147388, 34.088776690739039 ], [ 135.261066114233955, 34.088303272312018 ], [ 135.260415239539299, 34.087323144229963 ], [ 135.25926733350866, 34.084990973096119 ], [ 135.257419671462372, 34.085535713962933 ], [ 135.256246925408789, 34.086354674614697 ], [ 135.254276375285855, 34.08726728076666 ], [ 135.254272357535825, 34.087726344727045 ], [ 135.25374042283272, 34.089016151591991 ], [ 135.253737365746275, 34.089365202752326 ], [ 135.253452969191358, 34.089900045493991 ], [ 135.253024048353495, 34.090078462027634 ], [ 135.252913454073166, 34.090284725604697 ], [ 135.253005027393129, 34.090915522331954 ], [ 135.253513675450876, 34.091397132659175 ], [ 135.253600597005999, 34.092115097606587 ], [ 135.253358572889283, 34.092692315236654 ], [ 135.253581154106143, 34.09301047532297 ], [ 135.254549142038684, 34.093391327242124 ], [ 135.25448726842103, 34.094250667908653 ], [ 135.254628386249152, 34.094552274598378 ], [ 135.255792340186332, 34.09562597145608 ], [ 135.2566661663312, 34.097339994504779 ], [ 135.257369761217149, 34.097434254919861 ], [ 135.258996227598402, 34.098372806073947 ], [ 135.259986133845644, 34.099318778265641 ], [ 135.261290066364069, 34.101009843372083 ], [ 135.262698790040275, 34.102144099022929 ], [ 135.26432475409672, 34.103178347408644 ], [ 135.265797134883741, 34.103862587448084 ], [ 135.267410918525968, 34.104284224854162 ] ] ] } },
{ "type": "Feature", "properties": { "CITY_NAME": "有田川町", "S_NAME": "大字上六川", "JINKO": 54, "medical_area": "30_有田医療圏", "町丁目名": "有田川町大字上六川" }, "geometry": { "type": "Polygon", "coordinates": [ [ [ 135.252241819673344, 34.121566152319552 ], [ 135.253132265906146, 34.121199659283398 ], [ 135.253851967971883, 34.120504892247055 ], [ 135.257193301724584, 34.118279885698925 ], [ 135.258077006482949, 34.117893305221763 ], [ 135.260170696171315, 34.117556947683369 ], [ 135.260335150195061, 34.116837247226634 ], [ 135.261484366591759, 34.116755527675529 ], [ 135.262750559911609, 34.115683482291864 ], [ 135.263365819816926, 34.116306279285745 ], [ 135.264547651818646, 34.11642771842687 ], [ 135.264784681530926, 34.117241664463236 ], [ 135.265328494916105, 34.11719743165586 ], [ 135.265960142043411, 34.117642253527194 ], [ 135.267339332830716, 34.117535645952216 ], [ 135.267467871653707, 34.11710450521614 ], [ 135.267262041961317, 34.116578404710985 ], [ 135.267804234496538, 34.116209872145149 ], [ 135.266729194694676, 34.114701821161496 ], [ 135.266813009838927, 34.112875951533546 ], [ 135.266083887644555, 34.110688283731598 ], [ 135.265609559875514, 34.109898282746812 ], [ 135.265572767091243, 34.109481512865379 ], [ 135.265779747883045, 34.108408899833428 ], [ 135.266270692740591, 34.107536459500835 ], [ 135.266812192422691, 34.106996628607767 ], [ 135.267971548312858, 34.106379181979783 ], [ 135.267443884513654, 34.105028352455626 ], [ 135.267410918525968, 34.104284224854176 ], [ 135.265797134883712, 34.103862587448099 ], [ 135.264324754096748, 34.103178347408644 ], [ 135.261950299376139, 34.101587978951912 ], [ 135.258996227598402, 34.09837280607394 ], [ 135.257369761217149, 34.097434254919861 ], [ 135.2566661663312, 34.097339994504779 ], [ 135.255792340186332, 34.09562597145608 ], [ 135.255238292136738, 34.095172262859037 ], [ 135.254391120039656, 34.096161109723724 ], [ 135.25309778543658, 34.098495080095034 ], [ 135.25159171632319, 34.100152414894559 ], [ 135.250839628017644, 34.101380725429067 ], [ 135.250403711967493, 34.101817301010357 ], [ 135.24931625420399, 34.102503045077071 ], [ 135.248251003097636, 34.102868155297244 ], [ 135.246571573671218, 34.102874924200364 ], [ 135.246572806805432, 34.103814956267883 ], [ 135.246269375698574, 34.104736219340836 ], [ 135.244728628276903, 34.106452696541076 ], [ 135.242628579143826, 34.106568655303562 ], [ 135.240371216470237, 34.10694731078658 ], [ 135.238095581900495, 34.108095377403089 ], [ 135.237685161057954, 34.108754490314503 ], [ 135.237475413597053, 34.109848020333068 ], [ 135.237208285228121, 34.11033432940696 ], [ 135.236108883224148, 34.110712060017278 ], [ 135.235463083191775, 34.111110638122177 ], [ 135.235178600810769, 34.112055079284211 ], [ 135.235448331616254, 34.112579103416365 ], [ 135.235309235983834, 34.112979289908004 ], [ 135.235490962781341, 34.113374292763034 ], [ 135.236110950949126, 34.11406728855146 ], [ 135.235751748205189, 34.114704313621239 ], [ 135.235838851942589, 34.115131548215615 ], [ 135.235658067969297, 34.11539300065315 ], [ 135.235719095767308, 34.11643073999322 ], [ 135.235971936214781, 34.116594034217613 ], [ 135.235610983276587, 34.117000866412575 ], [ 135.23550991477029, 34.117823050898323 ], [ 135.235626235270445, 34.118466702163765 ], [ 135.236287275546175, 34.119251238959642 ], [ 135.236425746449612, 34.119693022597559 ], [ 135.237090390712154, 34.120380652774664 ], [ 135.237114890112053, 34.120717615727763 ], [ 135.237909830982659, 34.120845258934779 ], [ 135.238741895013135, 34.121622379216348 ], [ 135.238901636320321, 34.122027516521442 ], [ 135.240141693061446, 34.122178335405529 ], [ 135.24104489371328, 34.121736263250682 ], [ 135.242311845056548, 34.121967238689386 ], [ 135.242988327195491, 34.121495294979951 ], [ 135.244462852307919, 34.121774580089003 ], [ 135.245305078850919, 34.122197298466837 ], [ 135.246356646499635, 34.122479729027759 ], [ 135.248942028125299, 34.12255850598752 ], [ 135.25063532318228, 34.121823766841992 ], [ 135.252241819673344, 34.121566152319552 ] ] ] } },
{ "type": "Feature", "properties": { "CITY_NAME": "有田川町", "S_NAME": "大字上六川", "JINKO": 20, "medical_area": "30_有田医療圏", "町丁目名": "有田川町大字上六川" }, "geometry": { "type": "Polygon", "coordinates": [ [ [ 135.246571573671218, 34.102874924200364 ], [ 135.248251003097636, 34.102868155297244 ], [ 135.249316254203961, 34.102503045077064 ], [ 135.250403711967493, 34.101817301010357 ], [ 135.250839628017644, 34.101380725429067 ], [ 135.25159171632319, 34.100152414894538 ], [ 135.25309778543658, 34.098495080095041 ], [ 135.254391120039656, 34.096161109723724 ], [ 135.255238292136767, 34.095172262859073 ], [ 135.25448726842103, 34.094250667908653 ], [ 135.254549142038684, 34.093391327242124 ], [ 135.253473219675783, 34.092912763496905 ], [ 135.253359818408512, 34.092550187929788 ], [ 135.253600597005999, 34.092115097606587 ], [ 135.253513675450876, 34.091397132659175 ], [ 135.252959459321005, 34.090792409555675 ], [ 135.253024048353495, 34.090078462027634 ], [ 135.253452969191358, 34.089900045493991 ], [ 135.253737365746275, 34.089365202752326 ], [ 135.25374042283272, 34.089016151591991 ], [ 135.254272357535825, 34.087726344727045 ], [ 135.254276375285855, 34.08726728076666 ], [ 135.253160948050322, 34.087691866678298 ], [ 135.251019856736946, 34.088024002400545 ], [ 135.249396846711875, 34.088010750303418 ], [ 135.248251814198937, 34.087612867190188 ], [ 135.248617477133593, 34.088147292190826 ], [ 135.249327629711189, 34.088728187949137 ], [ 135.249651279028058, 34.089391389691706 ], [ 135.249090257531492, 34.089938340237261 ], [ 135.248733465853917, 34.090951676906137 ], [ 135.248677640213316, 34.092252524599324 ], [ 135.249033104610987, 34.094244861164654 ], [ 135.247858754899056, 34.095759068315807 ], [ 135.246946228585102, 34.098009078457892 ], [ 135.244114440787513, 34.10010992762313 ], [ 135.24635131885438, 34.102333059714375 ], [ 135.246571573671218, 34.102874924200364 ] ] ] } },
{ "type": "Feature", "properties": { "CITY_NAME": "有田川町", "S_NAME": "大字粟生", "JINKO": 258, "medical_area": "30_有田医療圏", "町丁目名": "有田川町大字粟生" }, "geometry": { "type": "Polygon", "coordinates": [ [ [ 135.356450926725984, 34.063267514700122 ], [ 135.35617706822336, 34.062584118083308 ], [ 135.355686392796201, 34.062198101384908 ], [ 135.354663197013906, 34.061977646276524 ], [ 135.354482055986978, 34.061711998029594 ], [ 135.354371369851265, 34.061122284335617 ], [ 135.354500730095452, 34.060175017941994 ], [ 135.354857586025759, 34.059506037620558 ], [ 135.355357320896928, 34.059062774833272 ], [ 135.357351642964403, 34.057986155982455 ], [ 135.357773723294173, 34.05667228603572 ], [ 135.358928210306033, 34.055352620475098 ], [ 135.359980381780673, 34.054556490034869 ], [ 135.361363031911793, 34.054050379141735 ], [ 135.364766245184654, 34.053921349354958 ], [ 135.365367009614715, 34.048968769726251 ], [ 135.365502333654831, 34.043972798500455 ], [ 135.366077720935095, 34.041294980421405 ], [ 135.367102901163548, 34.038826558396046 ], [ 135.368209226539221, 34.037771703598644 ], [ 135.368744623804645, 34.037002951563096 ], [ 135.371106418808552, 34.035018091761117 ], [ 135.371595617994302, 34.034353415887225 ], [ 135.373178048625022, 34.030695609774121 ], [ 135.373634634730621, 34.028336146933441 ], [ 135.372526785284663, 34.026728077294607 ], [ 135.371600245941778, 34.023256301898016 ], [ 135.370875304132113, 34.021716367930331 ], [ 135.370568631055903, 34.022085440904533 ], [ 135.363535955207169, 34.022052819520518 ], [ 135.361434497703925, 34.022296923260782 ], [ 135.359643085423841, 34.022296496570732 ], [ 135.359453858400201, 34.022413143166716 ], [ 135.358847630236994, 34.023616429806019 ], [ 135.357783299636083, 34.023981522454392 ], [ 135.357351251452087, 34.024790130152958 ], [ 135.354458459730068, 34.027763710853712 ], [ 135.353609678145204, 34.027360021787551 ], [ 135.349841565520933, 34.026657497181311 ], [ 135.347958874707928, 34.026685843852974 ], [ 135.346020318049511, 34.02729764051351 ], [ 135.34556905912126, 34.027250874970676 ], [ 135.344418751171474, 34.026570154973072 ], [ 135.343900367459838, 34.026617125811384 ], [ 135.343509215266408, 34.026960734734153 ], [ 135.341707001028936, 34.027637299175801 ], [ 135.338531870401454, 34.02913508823579 ], [ 135.337440895564555, 34.029879367789746 ], [ 135.336305632605814, 34.030263616529268 ], [ 135.334959007935993, 34.031122430574328 ], [ 135.334406736741812, 34.031902975514988 ], [ 135.335176091503484, 34.032742756723202 ], [ 135.335529253612691, 34.034597379264547 ], [ 135.336171966847218, 34.036036306986816 ], [ 135.337488509170015, 34.037432945004724 ], [ 135.338477189741553, 34.037895947019258 ], [ 135.338828945832518, 34.038476251188087 ], [ 135.338553659347639, 34.039983504519547 ], [ 135.338121696587478, 34.04092784294653 ], [ 135.336346046162788, 34.043110839328172 ], [ 135.333977286260961, 34.045396434760335 ], [ 135.333334265099467, 34.047727759223427 ], [ 135.333180519687147, 34.048871361086846 ], [ 135.333314924258502, 34.04936907416333 ], [ 135.335841878981768, 34.053506467789539 ], [ 135.335874082734108, 34.053967142757379 ], [ 135.336428483993274, 34.054440050626532 ], [ 135.336824950885443, 34.054509928892529 ], [ 135.339374852195675, 34.054271656783229 ], [ 135.339975452625026, 34.054458970563118 ], [ 135.340268076741154, 34.054912861860913 ], [ 135.340081186844031, 34.055300528310191 ], [ 135.341632870790392, 34.057483811822813 ], [ 135.343122284174711, 34.058254242864422 ], [ 135.344400836977485, 34.059579981107454 ], [ 135.344832673710414, 34.059709611172423 ], [ 135.345006484419969, 34.059959730525769 ], [ 135.344917647297677, 34.060721793787749 ], [ 135.345748873521899, 34.062030369557398 ], [ 135.346565065803446, 34.062549283354677 ], [ 135.347854725876005, 34.063077598936225 ], [ 135.350937031055054, 34.063050449631419 ], [ 135.352855034291963, 34.063560192978464 ], [ 135.353492984205076, 34.063988831644188 ], [ 135.354167052507137, 34.065666215349346 ], [ 135.355608054084939, 34.064634663712816 ], [ 135.356294806434931, 34.06382117950119 ], [ 135.356450926725984, 34.063267514700122 ] ] ] } },
{ "type": "Feature", "properties": { "CITY_NAME": "有田川町", "S_NAME": "大字中原", "JINKO": 41, "medical_area": "30_有田医療圏", "町丁目名": "有田川町大字中原" }, "geometry": { "type": "Polygon", "coordinates": [ [ [ 135.385084451334791, 34.055791349496083 ], [ 135.385037044934364, 34.053287161282839 ], [ 135.385318435033611, 34.050938621686747 ], [ 135.386507906450248, 34.047503008418737 ], [ 135.387970312639993, 34.045385684043261 ], [ 135.388304856575871, 34.044555928583456 ], [ 135.388560121995454, 34.043695773366387 ], [ 135.388432082910953, 34.042941629602566 ], [ 135.387346504154038, 34.040809411922034 ], [ 135.38585984720882, 34.038989896788756 ], [ 135.383762943135594, 34.037534429808453 ], [ 135.382320905768466, 34.036860506259494 ], [ 135.379345372944954, 34.034934526949996 ], [ 135.377854770010771, 34.033557596175193 ], [ 135.375328847254309, 34.030779056735007 ], [ 135.374445800431005, 34.029145786432586 ], [ 135.373634634730621, 34.02833614693342 ], [ 135.373178048625022, 34.030695609774121 ], [ 135.371595617994302, 34.034353415887225 ], [ 135.371106418808552, 34.035018091761117 ], [ 135.368744623804645, 34.037002951563096 ], [ 135.368209226539221, 34.037771703598629 ], [ 135.367102901163577, 34.038826558396067 ], [ 135.366077720935095, 34.041294980421405 ], [ 135.365502333654831, 34.043972798500455 ], [ 135.365367009614715, 34.048968769726251 ], [ 135.364766245184654, 34.053921349354951 ], [ 135.368785173841871, 34.054713895453176 ], [ 135.370448802744136, 34.055304418724347 ], [ 135.371486374140488, 34.055427245664639 ], [ 135.376102437981075, 34.054538388592505 ], [ 135.378081541445113, 34.054803679425973 ], [ 135.378809512828951, 34.0551409411664 ], [ 135.379422775018895, 34.055209827406074 ], [ 135.38118647313172, 34.05506066926695 ], [ 135.381635472341543, 34.055159144075098 ], [ 135.383118948168516, 34.056076336855561 ], [ 135.383759336317581, 34.05612279819502 ], [ 135.385084451334791, 34.055791349496083 ] ] ] } },
{ "type": "Feature", "properties": { "CITY_NAME": "有田川町", "S_NAME": "大字川合", "JINKO": 30, "medical_area": "30_有田医療圏", "町丁目名": "有田川町大字川合" }, "geometry": { "type": "Polygon", "coordinates": [ [ [ 135.390352640260176, 34.058782567716719 ], [ 135.390748176586783, 34.057445147120738 ], [ 135.392380651700535, 34.05580322474632 ], [ 135.392495084531674, 34.055495710402788 ], [ 135.392604817679086, 34.054357190136734 ], [ 135.392173869243891, 34.052118615393042 ], [ 135.392495753950158, 34.051185526408567 ], [ 135.391993690097081, 34.049571209045169 ], [ 135.392145513320884, 34.048752795362546 ], [ 135.394535130969956, 34.046444806103622 ], [ 135.401298197629217, 34.042548861996757 ], [ 135.403862969970675, 34.041998344154266 ], [ 135.406178209749243, 34.042078798468111 ], [ 135.409416605465026, 34.042421698660291 ], [ 135.409807354723284, 34.042679809178836 ], [ 135.410427314340296, 34.04268713943145 ], [ 135.411985357675519, 34.041921756655668 ], [ 135.41333052493215, 34.041732347451543 ], [ 135.414722822704647, 34.041796150745149 ], [ 135.418262915684465, 34.042551051065885 ], [ 135.424984416683088, 34.042443097766132 ], [ 135.428757693283927, 34.041415491808635 ], [ 135.430756736957704, 34.04104408835439 ], [ 135.433308970733918, 34.039864731937179 ], [ 135.435367695847503, 34.03962327020475 ], [ 135.436457608283405, 34.039221693128141 ], [ 135.437981451817251, 34.03837931688345 ], [ 135.439050574874869, 34.038273041125457 ], [ 135.440570178029787, 34.038483094904748 ], [ 135.440928211979241, 34.038385544643823 ], [ 135.442785391339328, 34.037073964678221 ], [ 135.44309739386253, 34.035977551782288 ], [ 135.442217429894839, 34.034953509737456 ], [ 135.440375027940206, 34.034074686501143 ], [ 135.438070722782186, 34.031455051584878 ], [ 135.437037773905757, 34.030811596305334 ], [ 135.435343192394356, 34.030607290743745 ], [ 135.433372716299317, 34.030903394263071 ], [ 135.431546879572636, 34.030316869126125 ], [ 135.430716640749779, 34.030349679694012 ], [ 135.4297206927574, 34.029533372659564 ], [ 135.428332465692989, 34.029213802256976 ], [ 135.427212008492774, 34.028211795720395 ], [ 135.426764022564527, 34.027387046533605 ], [ 135.42636667021506, 34.027197989610762 ], [ 135.425166503659938, 34.027565440129905 ], [ 135.42195261291053, 34.027142926801716 ], [ 135.420094032762194, 34.027290727156497 ], [ 135.418787864791824, 34.027073849480935 ], [ 135.41729556684399, 34.02713246860398 ], [ 135.416945473469355, 34.024943512656911 ], [ 135.416672612120152, 34.024614558682892 ], [ 135.415979087568616, 34.024411102693833 ], [ 135.414908985635407, 34.023670970518999 ], [ 135.412163429292121, 34.022529827691265 ], [ 135.411555560610736, 34.022581449471417 ], [ 135.408907729710222, 34.021222484318876 ], [ 135.407554862638989, 34.02030991070459 ], [ 135.402341231576941, 34.019036512934676 ], [ 135.40208275596774, 34.018161562719982 ], [ 135.402026365615058, 34.01705754264993 ], [ 135.401503032824081, 34.016614067725762 ], [ 135.401208973965282, 34.015344772128742 ], [ 135.400941213789423, 34.0148922503476 ], [ 135.40005447021062, 34.014840599371325 ], [ 135.39904863616826, 34.014541265171552 ], [ 135.397682788187296, 34.012798439299424 ], [ 135.395045393921095, 34.011908461721966 ], [ 135.391767908664264, 34.010105710045217 ], [ 135.391278467152659, 34.010110626428983 ], [ 135.388885442179173, 34.011124927760008 ], [ 135.386185854261214, 34.011617285970573 ], [ 135.382949605149946, 34.011522292919771 ], [ 135.382026682424794, 34.012117112277451 ], [ 135.380985511885683, 34.012286450916157 ], [ 135.380025552259895, 34.012099769447154 ], [ 135.378708003134903, 34.012409705203723 ], [ 135.375722474641037, 34.011957952521882 ], [ 135.37366873193011, 34.012555300498896 ], [ 135.372892210492267, 34.013276585541774 ], [ 135.371490992633397, 34.013714062871344 ], [ 135.372127192459573, 34.015950437600992 ], [ 135.372000823089252, 34.016830117305311 ], [ 135.370660017645378, 34.018999217324428 ], [ 135.370577594562121, 34.019722323562824 ], [ 135.370962862717903, 34.020875655427318 ], [ 135.370875304132113, 34.021716367930331 ], [ 135.371600245941778, 34.02325630189803 ], [ 135.372526785284663, 34.026728077294607 ], [ 135.373634634730621, 34.02833614693342 ], [ 135.374445800431005, 34.029145786432586 ], [ 135.375328847254309, 34.030779056735007 ], [ 135.377854770010771, 34.033557596175193 ], [ 135.379345372944954, 34.034934526949996 ], [ 135.382320905768466, 34.036860506259494 ], [ 135.384930738173693, 34.038268819189661 ], [ 135.38585984720882, 34.038989896788756 ], [ 135.387346504154038, 34.040809411922034 ], [ 135.388432082910953, 34.042941629602566 ], [ 135.388560121995454, 34.043695773366387 ], [ 135.387970312639993, 34.045385684043261 ], [ 135.386507906450248, 34.047503008418737 ], [ 135.385568182432507, 34.050055784064213 ], [ 135.385318435033611, 34.050938621686747 ], [ 135.385037044934364, 34.053287161282839 ], [ 135.385084451334791, 34.055791349496083 ], [ 135.385790357440413, 34.05595814258249 ], [ 135.38693587328396, 34.056602837220041 ], [ 135.388308941084574, 34.058284600903967 ], [ 135.388908773925323, 34.058543257050594 ], [ 135.390352640260176, 34.058782567716719 ] ] ] } },
{ "type": "Feature", "properties": { "CITY_NAME": "有田川町", "S_NAME": "大字二沢", "JINKO": 31, "medical_area": "30_有田医療圏", "町丁目名": "有田川町大字二沢" }, "geometry": { "type": "Polygon", "coordinates": [ [ [ 135.427553126706499, 34.059207298920093 ], [ 135.429006119404363, 34.058130329586753 ], [ 135.4304984763167, 34.057893678112706 ], [ 135.432114770355128, 34.057949887964796 ], [ 135.433874407476623, 34.057215319162516 ], [ 135.43545928361317, 34.054609701949531 ], [ 135.436414873866852, 34.053441032113795 ], [ 135.437914353924725, 34.052202842052793 ], [ 135.438882677816139, 34.05059454028931 ], [ 135.440502329727281, 34.049655655800301 ], [ 135.441339764634506, 34.048935365656007 ], [ 135.442030518921229, 34.047997743846999 ], [ 135.442481315084223, 34.047878068202209 ], [ 135.444015325785472, 34.048189841283126 ], [ 135.44565040727548, 34.048185367421581 ], [ 135.447205755036919, 34.048118812198382 ], [ 135.447834374712045, 34.047902146536345 ], [ 135.448502758220144, 34.047345447418955 ], [ 135.448705963551532, 34.046081880482433 ], [ 135.449517734788941, 34.045178846126149 ], [ 135.449513579939378, 34.044560815151549 ], [ 135.44874765164019, 34.043726098982333 ], [ 135.449935170561218, 34.043217913052224 ], [ 135.450708992106513, 34.042071829689036 ], [ 135.451182225011308, 34.040872704463808 ], [ 135.447105409471334, 34.038580508518251 ], [ 135.445857057365032, 34.038283851170242 ], [ 135.443948222652864, 34.03693736058468 ], [ 135.44309739386253, 34.035977551782288 ], [ 135.442785391339328, 34.037073964678221 ], [ 135.440928211979241, 34.038385544643823 ], [ 135.440570178029787, 34.038483094904748 ], [ 135.439050574874869, 34.038273041125457 ], [ 135.437981451817251, 34.03837931688345 ], [ 135.436457608283405, 34.039221693128141 ], [ 135.435367695847503, 34.03962327020475 ], [ 135.433308970733918, 34.039864731937179 ], [ 135.430756736957704, 34.04104408835439 ], [ 135.428757693283927, 34.041415491808635 ], [ 135.424984416683088, 34.042443097766132 ], [ 135.418262915684465, 34.042551051065885 ], [ 135.414722822704647, 34.041796150745149 ], [ 135.41333052493215, 34.041732347451543 ], [ 135.411985357675519, 34.041921756655668 ], [ 135.410427314340296, 34.04268713943145 ], [ 135.409807354723284, 34.042679809178836 ], [ 135.409416605465026, 34.042421698660291 ], [ 135.406178209749243, 34.042078798468111 ], [ 135.403862969970675, 34.041998344154266 ], [ 135.402531219359361, 34.042188145462411 ], [ 135.401298197629217, 34.042548861996757 ], [ 135.394535130969956, 34.046444806103622 ], [ 135.392145513320884, 34.048752795362546 ], [ 135.391976110367551, 34.049145129906904 ], [ 135.392136015336433, 34.050185824664275 ], [ 135.392495753950158, 34.051185526408567 ], [ 135.393158447947002, 34.050484860511887 ], [ 135.394898316380392, 34.050358177779565 ], [ 135.396880448160488, 34.050994212886565 ], [ 135.400668145547058, 34.053173650127249 ], [ 135.411545479082065, 34.056583624444272 ], [ 135.412589288205396, 34.056737917414132 ], [ 135.415515058833819, 34.056757998702651 ], [ 135.417912099632161, 34.057965874456428 ], [ 135.418685850422776, 34.058000088169294 ], [ 135.420350836055803, 34.058529837285441 ], [ 135.421321909281176, 34.058268991191298 ], [ 135.422649278658895, 34.059176216104134 ], [ 135.423549397895897, 34.059183253793329 ], [ 135.42481402400125, 34.058798256474475 ], [ 135.425700784213092, 34.059226559525435 ], [ 135.427553126706499, 34.059207298920093 ] ] ] } },
{ "type": "Feature", "properties": { "CITY_NAME": "有田川町", "S_NAME": "大字北野川", "JINKO": 11, "medical_area": "30_有田医療圏", "町丁目名": "有田川町大字北野川" }, "geometry": { "type": "Polygon", "coordinates": [ [ [ 135.419042229763448, 34.063309358919618 ], [ 135.419269157294877, 34.062252333872422 ], [ 135.421178505105445, 34.061506924263483 ], [ 135.422928277834274, 34.059954142285818 ], [ 135.423964945691125, 34.05955315320881 ], [ 135.42644191289736, 34.059463580037665 ], [ 135.427553126706499, 34.059207298920093 ], [ 135.425700784213092, 34.059226559525435 ], [ 135.42481402400125, 34.058798256474475 ], [ 135.423549397895897, 34.059183253793329 ], [ 135.422649278658895, 34.059176216104134 ], [ 135.421321909281176, 34.058268991191298 ], [ 135.420350836055803, 34.058529837285441 ], [ 135.418685850422776, 34.058000088169294 ], [ 135.417912099632161, 34.057965874456428 ], [ 135.415515058833819, 34.056757998702651 ], [ 135.412589288205396, 34.056737917414132 ], [ 135.411545479082065, 34.056583624444272 ], [ 135.400668145547058, 34.053173650127249 ], [ 135.396880448160488, 34.050994212886565 ], [ 135.394898316380392, 34.050358177779565 ], [ 135.393158447947002, 34.050484860511887 ], [ 135.392743700936222, 34.050791324392989 ], [ 135.39228940348417, 34.051614727527209 ], [ 135.392173869243891, 34.052118615393042 ], [ 135.392604817679086, 34.054357190136734 ], [ 135.392495084531674, 34.055495710402788 ], [ 135.392380651700535, 34.05580322474632 ], [ 135.390748176586783, 34.057445147120738 ], [ 135.390352640260176, 34.058782567716719 ], [ 135.390641236619643, 34.059735141348312 ], [ 135.391339915863057, 34.060295309579907 ], [ 135.393159668181113, 34.06102680472555 ], [ 135.396381790816207, 34.062659686498876 ], [ 135.397797305480111, 34.064230709855337 ], [ 135.398456190852272, 34.064586953288412 ], [ 135.400966907484587, 34.065013494018828 ], [ 135.403650039465902, 34.066799234663598 ], [ 135.405369892395868, 34.066860939036658 ], [ 135.406314443111114, 34.06751758632106 ], [ 135.406538469581449, 34.06645523254597 ], [ 135.407165750050581, 34.065992112325482 ], [ 135.410950794242353, 34.065343379863883 ], [ 135.414776849500896, 34.065093079336009 ], [ 135.418350156223795, 34.063978061591548 ], [ 135.419042229763448, 34.063309358919618 ] ] ] } },
{ "type": "Feature", "properties": { "CITY_NAME": "有田川町", "S_NAME": "大字三瀬川", "JINKO": 18, "medical_area": "30_有田医療圏", "町丁目名": "有田川町大字三瀬川" }, "geometry": { "type": "Polygon", "coordinates": [ [ [ 135.406817212667505, 34.072523037326228 ], [ 135.406450535864025, 34.071243993056846 ], [ 135.406550182163471, 34.069992410727295 ], [ 135.406314443111114, 34.06751758632106 ], [ 135.405369892395868, 34.066860939036658 ], [ 135.403650039465902, 34.066799234663598 ], [ 135.400966907484587, 34.065013494018828 ], [ 135.398718329415914, 34.064686702407073 ], [ 135.397797305480111, 34.064230709855337 ], [ 135.396381790816207, 34.062659686498876 ], [ 135.393159668181113, 34.06102680472555 ], [ 135.391339915863057, 34.060295309579907 ], [ 135.390641236619643, 34.059735141348312 ], [ 135.390352640260176, 34.058782567716719 ], [ 135.388908773925323, 34.058543257050594 ], [ 135.388308941084574, 34.058284600903967 ], [ 135.38693587328396, 34.056602837220041 ], [ 135.385790357440413, 34.05595814258249 ], [ 135.385084451334791, 34.055791349496083 ], [ 135.383759336317581, 34.05612279819502 ], [ 135.383118948168516, 34.056076336855561 ], [ 135.381635472341543, 34.055159144075098 ], [ 135.38118647313172, 34.05506066926695 ], [ 135.379422775018895, 34.055209827406074 ], [ 135.378809512828951, 34.0551409411664 ], [ 135.378081541445113, 34.054803679425973 ], [ 135.376102437981075, 34.054538388592505 ], [ 135.371486374140488, 34.055427245664639 ], [ 135.370448802744136, 34.055304418724347 ], [ 135.36807206695687, 34.05460948400065 ], [ 135.365624674781458, 34.058392614784097 ], [ 135.363595782168943, 34.060104416656436 ], [ 135.363383544023577, 34.06061384344035 ], [ 135.363635822866655, 34.061224995806974 ], [ 135.363965987356238, 34.06137800580084 ], [ 135.365997594660115, 34.061606160412175 ], [ 135.368185925653734, 34.062166279488082 ], [ 135.36973573984875, 34.062607004024947 ], [ 135.370992209918597, 34.063291748152707 ], [ 135.371657263881133, 34.063426867216712 ], [ 135.372614644619688, 34.063192981638821 ], [ 135.373393053921887, 34.063306411925772 ], [ 135.374158986784522, 34.06380182004996 ], [ 135.375695497153629, 34.065507005451671 ], [ 135.376943987735984, 34.06555377080327 ], [ 135.378828890213669, 34.066001280910086 ], [ 135.380585751625404, 34.067163459636483 ], [ 135.381559688664339, 34.067064963208168 ], [ 135.382841084848565, 34.067388501612044 ], [ 135.383680304467589, 34.068210324879963 ], [ 135.384565931599099, 34.068465227761976 ], [ 135.385871296936898, 34.069209064240205 ], [ 135.388185852790144, 34.070967814917019 ], [ 135.391143196733196, 34.071083901321131 ], [ 135.392286307334814, 34.071368472644252 ], [ 135.393477827587873, 34.072312545456398 ], [ 135.398245079018238, 34.074121034086268 ], [ 135.40015672089433, 34.072887887429545 ], [ 135.401989992867527, 34.07234895888984 ], [ 135.4025671445618, 34.072426703352811 ], [ 135.403549190526121, 34.072941275362496 ], [ 135.403938484573843, 34.072781440803695 ], [ 135.404572298963615, 34.072186509929637 ], [ 135.405062023082877, 34.072159716984629 ], [ 135.405970693394522, 34.072570797339637 ], [ 135.406817212667505, 34.072523037326228 ] ] ] } },
{ "type": "Feature", "properties": { "CITY_NAME": "有田川町", "S_NAME": "大字東大谷", "JINKO": 38, "medical_area": "30_有田医療圏", "町丁目名": "有田川町大字東大谷" }, "geometry": { "type": "Polygon", "coordinates": [ [ [ 135.367543072112852, 34.0807411881174 ], [ 135.366113623910223, 34.079979752075538 ], [ 135.365131337064383, 34.079145235213389 ], [ 135.362933977208456, 34.079470730604733 ], [ 135.361389980529907, 34.080105409763746 ], [ 135.359988662667774, 34.080386653557795 ], [ 135.358643862384696, 34.080323308191616 ], [ 135.357512654880679, 34.079943531053949 ], [ 135.357045560033953, 34.079586091142225 ], [ 135.356788417891551, 34.078945886141412 ], [ 135.35679068489884, 34.077253999065917 ], [ 135.356518457390877, 34.075255540198874 ], [ 135.355914062335188, 34.074565478339395 ], [ 135.354064164804299, 34.073604330929662 ], [ 135.353612566325381, 34.073303591928571 ], [ 135.353343556733989, 34.072884630124733 ], [ 135.35446479145088, 34.070240380227972 ], [ 135.354572849864724, 34.067186107576092 ], [ 135.354167052507137, 34.065666215349346 ], [ 135.353694487759952, 34.066393887765791 ], [ 135.35290790759305, 34.06689761369455 ], [ 135.35272652699868, 34.067210809972487 ], [ 135.351725943195333, 34.067605213482047 ], [ 135.351200366881045, 34.068454168326888 ], [ 135.350590013950693, 34.068673113943504 ], [ 135.347886336131893, 34.070447934295153 ], [ 135.344176932161901, 34.070287424158231 ], [ 135.342528781969605, 34.070443908339996 ], [ 135.340982636467317, 34.070241974508903 ], [ 135.337902956140255, 34.070729404574699 ], [ 135.337441691925477, 34.071030224890762 ], [ 135.33707585737352, 34.071820512775084 ], [ 135.337146168210012, 34.073662759468206 ], [ 135.337491722074475, 34.074643800543143 ], [ 135.33698461774523, 34.076018356099311 ], [ 135.335876064303221, 34.077707465301827 ], [ 135.336941542045054, 34.077838579841483 ], [ 135.338638874107829, 34.078315536651345 ], [ 135.339079922461877, 34.078525838339708 ], [ 135.340644996791582, 34.079952707950582 ], [ 135.341945425424768, 34.08006207627534 ], [ 135.342240480014311, 34.080221291026461 ], [ 135.342647187618383, 34.080952630263866 ], [ 135.343439991818116, 34.081614881241045 ], [ 135.344394039264643, 34.083136328725139 ], [ 135.344499599104608, 34.084035526955901 ], [ 135.344784613919785, 34.084810861112977 ], [ 135.344812189987579, 34.086098596716162 ], [ 135.345220343905225, 34.086648901179586 ], [ 135.34547915809199, 34.087354356595455 ], [ 135.348723746858411, 34.089804275452472 ], [ 135.349174668171713, 34.090602737032704 ], [ 135.349855161291032, 34.091029658426194 ], [ 135.350123670375268, 34.091402419103787 ], [ 135.351019974434394, 34.0915580239718 ], [ 135.352380583111, 34.091552089442338 ], [ 135.353372938955516, 34.091356703003434 ], [ 135.353836413412921, 34.091080207386874 ], [ 135.35443875121473, 34.090437885306713 ], [ 135.355352506866467, 34.088497069325278 ], [ 135.357957192530989, 34.085697155137225 ], [ 135.359179847982404, 34.083984305282719 ], [ 135.365334044022774, 34.082311142837462 ], [ 135.366152386037527, 34.08197317064495 ], [ 135.367543072112852, 34.0807411881174 ] ] ] } },
{ "type": "Feature", "properties": { "CITY_NAME": "有田川町", "S_NAME": "大字二川", "JINKO": 306, "medical_area": "30_有田医療圏", "町丁目名": "有田川町大字二川" }, "geometry": { "type": "Polygon", "coordinates": [ [ [ 135.37225584871706, 34.065323679100317 ], [ 135.373815778648719, 34.065298249790636 ], [ 135.375695497153629, 34.065507005451671 ], [ 135.374158986784522, 34.06380182004996 ], [ 135.373393053921887, 34.063306411925787 ], [ 135.372614644619688, 34.063192981638821 ], [ 135.371657263881133, 34.063426867216712 ], [ 135.370992209918597, 34.063291748152707 ], [ 135.36973573984875, 34.062607004024947 ], [ 135.368185925653734, 34.062166279488082 ], [ 135.365997594660115, 34.06160616041219 ], [ 135.363965987356238, 34.06137800580084 ], [ 135.36363582286657, 34.061224995806995 ], [ 135.363471228567306, 34.060920700166427 ], [ 135.363383544023577, 34.06061384344035 ], [ 135.363595782168943, 34.060104416656415 ], [ 135.365624674781458, 34.058392614784097 ], [ 135.36807206695687, 34.05460948400065 ], [ 135.364766245184654, 34.053921349354958 ], [ 135.362801371508567, 34.053899694693932 ], [ 135.361363031911793, 34.054050379141735 ], [ 135.359980381780673, 34.054556490034869 ], [ 135.358928210306033, 34.055352620475098 ], [ 135.357773723294173, 34.05667228603572 ], [ 135.357351642964403, 34.057986155982455 ], [ 135.355357320896928, 34.059062774833272 ], [ 135.354857586025759, 34.059506037620558 ], [ 135.354500730095452, 34.060175017941994 ], [ 135.354371369851265, 34.061122284335617 ], [ 135.354482055986978, 34.061711998029594 ], [ 135.354663197013906, 34.061977646276524 ], [ 135.355686392796201, 34.062198101384908 ], [ 135.35617706822336, 34.062584118083308 ], [ 135.356450926725984, 34.063267514700122 ], [ 135.356294806434931, 34.06382117950119 ], [ 135.355608054084939, 34.064634663712816 ], [ 135.354167052507137, 34.065666215349346 ], [ 135.354572849864724, 34.067186107576092 ], [ 135.35446479145088, 34.070240380227972 ], [ 135.353343556733989, 34.072884630124733 ], [ 135.353612566325381, 34.073303591928571 ], [ 135.354064164804299, 34.073604330929662 ], [ 135.355914062335188, 34.074565478339395 ], [ 135.356518457390877, 34.075255540198874 ], [ 135.35679068489884, 34.077253999065917 ], [ 135.356788417891551, 34.078945886141412 ], [ 135.357045560033953, 34.079586091142225 ], [ 135.357512654880679, 34.079943531053949 ], [ 135.358643862384696, 34.080323308191616 ], [ 135.359988662667774, 34.080386653557795 ], [ 135.361389980529907, 34.080105409763746 ], [ 135.362933977208456, 34.079470730604733 ], [ 135.365131337064383, 34.079145235213389 ], [ 135.364163472073955, 34.078235557746297 ], [ 135.363600815429407, 34.077376986029364 ], [ 135.361053969482299, 34.07525294413562 ], [ 135.359900140915784, 34.073659433158944 ], [ 135.359973419954827, 34.073255362061843 ], [ 135.360769988461954, 34.072239990283848 ], [ 135.361285633133065, 34.071861742681719 ], [ 135.362589737474849, 34.071386574372823 ], [ 135.363491718362155, 34.070769707658961 ], [ 135.364705322183767, 34.068698801716387 ], [ 135.365729900527583, 34.067727135092987 ], [ 135.36692586909507, 34.066907924330366 ], [ 135.36868589791959, 34.065846201385732 ], [ 135.37225584871706, 34.065323679100317 ] ] ] } },
{ "type": "Feature", "properties": { "CITY_NAME": "有田川町", "S_NAME": "大字日物川", "JINKO": 28, "medical_area": "30_有田医療圏", "町丁目名": "有田川町大字日物川" }, "geometry": { "type": "Polygon", "coordinates": [ [ [ 135.380675243239665, 34.074824660767753 ], [ 135.383966966464158, 34.075054608313089 ], [ 135.384803268508904, 34.07474887352506 ], [ 135.385864392658334, 34.074778254870758 ], [ 135.386944575611523, 34.074368202536199 ], [ 135.387415073783188, 34.074351242284493 ], [ 135.395709281307631, 34.075792864029459 ], [ 135.396960859711925, 34.076215686119475 ], [ 135.398245079018238, 34.074121034086261 ], [ 135.393477827587873, 34.072312545456398 ], [ 135.392286307334814, 34.071368472644252 ], [ 135.391143196733225, 34.071083901321131 ], [ 135.388185852790144, 34.070967814917019 ], [ 135.38587129693687, 34.069209064240184 ], [ 135.38456593159907, 34.068465227761997 ], [ 135.383680304467589, 34.068210324879963 ], [ 135.383080640123524, 34.067538041311089 ], [ 135.382172197942339, 34.067127348633854 ], [ 135.380585751625404, 34.067163459636483 ], [ 135.378828890213669, 34.066001280910086 ], [ 135.376943987735984, 34.06555377080327 ], [ 135.373117681160466, 34.065275955609842 ], [ 135.36868589791959, 34.065846201385732 ], [ 135.36692586909507, 34.066907924330366 ], [ 135.365729900527583, 34.067727135092987 ], [ 135.364705322183767, 34.068698801716387 ], [ 135.363491718362155, 34.070769707658961 ], [ 135.363205837106477, 34.071025746015785 ], [ 135.361285633133065, 34.071861742681719 ], [ 135.360769988461954, 34.072239990283848 ], [ 135.359973419954827, 34.073255362061843 ], [ 135.359900140915784, 34.073659433158944 ], [ 135.361393791520442, 34.075604920720536 ], [ 135.363600815429407, 34.077376986029364 ], [ 135.364163472073955, 34.078235557746297 ], [ 135.366113623910223, 34.079979752075538 ], [ 135.368586925781386, 34.081245933086336 ], [ 135.371000780186876, 34.081995036300668 ], [ 135.372018410562561, 34.082549064702043 ], [ 135.372879150684014, 34.085884113670183 ], [ 135.373025178531037, 34.088826176455534 ], [ 135.373205743592479, 34.089773211916068 ], [ 135.373981688648769, 34.091368058756565 ], [ 135.37522625071901, 34.092661833538763 ], [ 135.375697107918313, 34.092753113317407 ], [ 135.376222273129372, 34.092706749093523 ], [ 135.378436205512969, 34.091532474710931 ], [ 135.379679447456226, 34.091232478258057 ], [ 135.380179064488374, 34.089858923915806 ], [ 135.380346241712544, 34.08886420013512 ], [ 135.380238689231675, 34.087760887735818 ], [ 135.379947606016827, 34.086953475359067 ], [ 135.379463428796299, 34.086036207624637 ], [ 135.378349297033651, 34.084947987883439 ], [ 135.377601574664027, 34.08439551335276 ], [ 135.376035259420291, 34.083691677305268 ], [ 135.375866806485504, 34.083434717067846 ], [ 135.375865286137838, 34.081391913480395 ], [ 135.376973671687637, 34.078519358968421 ], [ 135.377451275355298, 34.076843567593528 ], [ 135.378319828496643, 34.075701543542891 ], [ 135.379541176029704, 34.075459210824064 ], [ 135.380675243239665, 34.074824660767753 ] ] ] } },
{ "type": "Feature", "properties": { "CITY_NAME": "有田川町", "S_NAME": "大字境川", "JINKO": 40, "medical_area": "30_有田医療圏", "町丁目名": "有田川町大字境川" }, "geometry": { "type": "Polygon", "coordinates": [ [ [ 135.378853423942161, 34.093308338137597 ], [ 135.382318912364923, 34.092900037476383 ], [ 135.383965100575352, 34.09310437859601 ], [ 135.386651407728806, 34.093163287436653 ], [ 135.388338156363346, 34.092184704926588 ], [ 135.389868307987172, 34.09037712006662 ], [ 135.391307476215047, 34.089201455826412 ], [ 135.392945737344633, 34.089743036959185 ], [ 135.395853913788244, 34.088938435060136 ], [ 135.397150850382872, 34.088829555610339 ], [ 135.397257789019648, 34.088170503947268 ], [ 135.398365881552195, 34.086518670554597 ], [ 135.39965629540049, 34.085198079367757 ], [ 135.400746675218613, 34.084497192432778 ], [ 135.401280369959323, 34.08395066422235 ], [ 135.401550546079903, 34.083257191530961 ], [ 135.401459803837952, 34.082581405430226 ], [ 135.401234514424289, 34.082139658802333 ], [ 135.400086599061069, 34.080953269619862 ], [ 135.397273737301163, 34.07876612726983 ], [ 135.396704798868285, 34.077507478142984 ], [ 135.396960859711925, 34.076215686119475 ], [ 135.395854250613752, 34.075827383350649 ], [ 135.388833741038269, 34.074522542257171 ], [ 135.387136413273367, 34.07434027748441 ], [ 135.385864392658334, 34.074778254870758 ], [ 135.384803268508904, 34.07474887352506 ], [ 135.383966966464186, 34.075054608313089 ], [ 135.380873090932994, 34.074767758684978 ], [ 135.379541176029704, 34.075459210824064 ], [ 135.378319828496643, 34.075701543542891 ], [ 135.377387448340073, 34.076942981983414 ], [ 135.376973671687637, 34.078519358968421 ], [ 135.376039914542162, 34.080793666904604 ], [ 135.375865286137838, 34.081391913480395 ], [ 135.375866806485448, 34.083434717067846 ], [ 135.37627504339298, 34.08387757659677 ], [ 135.377601574664027, 34.08439551335276 ], [ 135.378932766051321, 34.08545792977489 ], [ 135.379463428796299, 34.086036207624637 ], [ 135.380238689231675, 34.087760887735818 ], [ 135.380346241712516, 34.08886420013512 ], [ 135.380179064488345, 34.089858923915806 ], [ 135.378853423942161, 34.093308338137597 ] ] ] } },
{ "type": "Feature", "properties": { "CITY_NAME": "有田川町", "S_NAME": "大字楠本", "JINKO": 103, "medical_area": "30_有田医療圏", "町丁目名": "有田川町大字楠本" }, "geometry": { "type": "Polygon", "coordinates": [ [ [ 135.34780279698694, 34.116124724375616 ], [ 135.348822022632902, 34.115997277072829 ], [ 135.351154034773714, 34.115204227833118 ], [ 135.352139410288629, 34.114271215110769 ], [ 135.352866531807877, 34.114482539516132 ], [ 135.354421928032338, 34.114594803947533 ], [ 135.355166360752179, 34.114434025001074 ], [ 135.356251134045351, 34.113397108781648 ], [ 135.357206328175579, 34.113942901062927 ], [ 135.357835788507032, 34.114561087814891 ], [ 135.358979210755052, 34.114945565028215 ], [ 135.360053742870917, 34.11468997693482 ], [ 135.360796086471822, 34.114872880558003 ], [ 135.362631046175153, 34.114364828640504 ], [ 135.363624454627541, 34.114755674856255 ], [ 135.365609011871015, 34.113446926776149 ], [ 135.366036628481908, 34.11348152885023 ], [ 135.367026650766576, 34.113929524871189 ], [ 135.368007147156732, 34.114049090231028 ], [ 135.369843742329067, 34.11371265924528 ], [ 135.370690769329087, 34.113273943808629 ], [ 135.371802651712585, 34.112217013267191 ], [ 135.372891607213404, 34.112232562973652 ], [ 135.373911581705187, 34.112728976439747 ], [ 135.3732546833497, 34.111780234873336 ], [ 135.372745017622776, 34.110190446240445 ], [ 135.372593674249771, 34.109601538604856 ], [ 135.37271530809204, 34.108074693756876 ], [ 135.375461432005721, 34.100344252435349 ], [ 135.376902891025622, 34.09724279574592 ], [ 135.37845771900939, 34.094393756445221 ], [ 135.379679447456226, 34.091232478258057 ], [ 135.378436205512969, 34.091532474710931 ], [ 135.376222273129372, 34.092706749093523 ], [ 135.37522625071901, 34.092661833538763 ], [ 135.374378409538735, 34.091827636088631 ], [ 135.37366005569271, 34.090898578073009 ], [ 135.373205743592479, 34.089773211916068 ], [ 135.373025178531037, 34.088826176455534 ], [ 135.372879150684014, 34.085884113670183 ], [ 135.372018410562561, 34.082549064702043 ], [ 135.371000780186876, 34.081995036300668 ], [ 135.368586925781386, 34.081245933086336 ], [ 135.367543072112852, 34.0807411881174 ], [ 135.366152386037527, 34.08197317064495 ], [ 135.365334044022774, 34.082311142837462 ], [ 135.359179847982404, 34.083984305282719 ], [ 135.357957192530989, 34.085697155137225 ], [ 135.355352506866467, 34.088497069325278 ], [ 135.35443875121473, 34.090437885306713 ], [ 135.353836413412921, 34.091080207386874 ], [ 135.353372938955516, 34.091356703003434 ], [ 135.351832298522794, 34.091601608243892 ], [ 135.350123670375268, 34.091402419103787 ], [ 135.350118827518401, 34.091804869744976 ], [ 135.349702649517837, 34.092766527521903 ], [ 135.348835225363189, 34.093207524126264 ], [ 135.348876833507802, 34.094073552577839 ], [ 135.348457260281094, 34.095708143925506 ], [ 135.347413109018703, 34.097306745848734 ], [ 135.346527352882788, 34.097801031408999 ], [ 135.345919149747402, 34.099115261806503 ], [ 135.345574090345963, 34.099410535269037 ], [ 135.344071596808249, 34.099998168743319 ], [ 135.342842968855081, 34.100266331480235 ], [ 135.341710407487, 34.100806880475453 ], [ 135.34014762873494, 34.100874318770003 ], [ 135.339343872345921, 34.101141759179498 ], [ 135.338586196192324, 34.101690201702382 ], [ 135.337392873106353, 34.102003012782468 ], [ 135.335285719689352, 34.104789930317345 ], [ 135.334722830875279, 34.105257114912945 ], [ 135.335327151565139, 34.105563667617588 ], [ 135.33660411408249, 34.108210720897674 ], [ 135.336466185974018, 34.109264384966536 ], [ 135.337416524947059, 34.110282350586566 ], [ 135.337607575460027, 34.111387653519742 ], [ 135.337447551467079, 34.112706884558705 ], [ 135.337681366839178, 34.113447006308995 ], [ 135.338048572874612, 34.113722972217303 ], [ 135.338677224643618, 34.11375128340898 ], [ 135.339383519702636, 34.114070622847244 ], [ 135.339742223384292, 34.114155518820724 ], [ 135.339784653515579, 34.114040514552677 ], [ 135.340858243954642, 34.114353502548795 ], [ 135.342229849859621, 34.11518182630995 ], [ 135.342838826987759, 34.115176765826419 ], [ 135.343160110975589, 34.114937591855735 ], [ 135.343575426967504, 34.115446374885451 ], [ 135.343883813581272, 34.115589169936555 ], [ 135.34468321081161, 34.115485379119988 ], [ 135.344919137975182, 34.115959957656713 ], [ 135.345179163893448, 34.115894849741004 ], [ 135.346025546793726, 34.116173338549167 ], [ 135.346331602545064, 34.116615041375248 ], [ 135.34780279698694, 34.116124724375616 ] ] ] } },
{ "type": "Feature", "properties": { "CITY_NAME": "有田川町", "S_NAME": "大字沼", "JINKO": 41, "medical_area": "30_有田医療圏", "町丁目名": "有田川町大字沼" }, "geometry": { "type": "Polygon", "coordinates": [ [ [ 135.375277797501752, 34.111011069788908 ], [ 135.376078171919602, 34.110801848040865 ], [ 135.377322016646787, 34.110864489621186 ], [ 135.38083775701665, 34.11183083542327 ], [ 135.381589717666344, 34.111902654221076 ], [ 135.382421350243476, 34.111726648531551 ], [ 135.384499791943142, 34.110531900832171 ], [ 135.385422295612017, 34.110227579191786 ], [ 135.38645339806007, 34.110033952860405 ], [ 135.388699409833038, 34.110250231702501 ], [ 135.391280688348445, 34.105874599728992 ], [ 135.394441333335692, 34.103329692022079 ], [ 135.394835196142623, 34.102649950184293 ], [ 135.394839661001811, 34.101700357220643 ], [ 135.394343544209619, 34.100454306702275 ], [ 135.39367975255027, 34.099725977301617 ], [ 135.3907632832979, 34.097334522736723 ], [ 135.389969813542962, 34.096444372122718 ], [ 135.389594596266733, 34.095626443129312 ], [ 135.389522712983819, 34.094158042931653 ], [ 135.38986848012658, 34.092901601577374 ], [ 135.392300203637546, 34.089595737737234 ], [ 135.391496639585398, 34.089202390804381 ], [ 135.391147839067003, 34.089291953578297 ], [ 135.389868307987172, 34.090377120066599 ], [ 135.388338156363346, 34.092184704926588 ], [ 135.386651407728806, 34.093163287436653 ], [ 135.383965100575352, 34.093104378596017 ], [ 135.382318912364923, 34.092900037476383 ], [ 135.378853423942161, 34.093308338137597 ], [ 135.37845771900939, 34.094393756445221 ], [ 135.376902891025622, 34.09724279574592 ], [ 135.375461432005721, 34.100344252435349 ], [ 135.37271530809204, 34.108074693756876 ], [ 135.372593674249771, 34.109601538604856 ], [ 135.372745017622776, 34.110190446240445 ], [ 135.3732546833497, 34.111780234873336 ], [ 135.373911581705187, 34.112728976439747 ], [ 135.374408175961605, 34.111671567717067 ], [ 135.375277797501752, 34.111011069788908 ] ] ] } },
{ "type": "Feature", "properties": { "CITY_NAME": "有田川町", "S_NAME": "大字遠井", "JINKO": 37, "medical_area": "30_有田医療圏", "町丁目名": "有田川町大字遠井" }, "geometry": { "type": "Polygon", "coordinates": [ [ [ 135.393671100067735, 34.120840877149412 ], [ 135.395406659591629, 34.120841806174695 ], [ 135.398402326465828, 34.120551063507563 ], [ 135.39925405728161, 34.120868244947623 ], [ 135.400799543781062, 34.120801392217174 ], [ 135.402052039786014, 34.121329842988878 ], [ 135.403601854021588, 34.121377507509621 ], [ 135.404305877931336, 34.120691473841916 ], [ 135.404697113384373, 34.120551504849004 ], [ 135.408359973475683, 34.120053132653361 ], [ 135.408846639875406, 34.119725122670999 ], [ 135.409352014939259, 34.119677960517521 ], [ 135.409883103490586, 34.119898153639035 ], [ 135.411798358962216, 34.119466939860466 ], [ 135.413048397344966, 34.119763517858097 ], [ 135.413956645315835, 34.119768684228895 ], [ 135.415008317550473, 34.120069513065133 ], [ 135.41584239732552, 34.119590977827393 ], [ 135.41721637733707, 34.119730324107785 ], [ 135.417948501292528, 34.119167049531065 ], [ 135.419017171902283, 34.118660437311632 ], [ 135.419397847002045, 34.117402539225303 ], [ 135.419806097120926, 34.117147506671294 ], [ 135.422657551407042, 34.117478553826274 ], [ 135.423969398484417, 34.118255119350934 ], [ 135.425809528884173, 34.117858253686052 ], [ 135.42659283168814, 34.117442936617216 ], [ 135.426922940372094, 34.116714463563184 ], [ 135.427670494631741, 34.116360959440833 ], [ 135.42831971963804, 34.11554000099688 ], [ 135.425277936798466, 34.113155535579921 ], [ 135.419039397109913, 34.107123446743252 ], [ 135.41713458284903, 34.105729961557707 ], [ 135.413017075202475, 34.10155566499332 ], [ 135.412177263295348, 34.101241601076396 ], [ 135.411492632422494, 34.101256223346468 ], [ 135.409861376695204, 34.101708932015107 ], [ 135.40913889573838, 34.101601507966208 ], [ 135.406499222729735, 34.099510967684722 ], [ 135.402940092148953, 34.098302156240727 ], [ 135.403294236551119, 34.096463940671853 ], [ 135.403223193962504, 34.095867004856203 ], [ 135.402553515048027, 34.095403817020852 ], [ 135.402137056401614, 34.09532967372121 ], [ 135.401076838526507, 34.095466531594752 ], [ 135.400184159509195, 34.095845508411564 ], [ 135.400283401191473, 34.09453996055354 ], [ 135.400143717164525, 34.093571617141031 ], [ 135.39978952030043, 34.092282584663131 ], [ 135.399284436476961, 34.091207789964017 ], [ 135.397780396572728, 34.089227082389527 ], [ 135.397150850382872, 34.088829555610332 ], [ 135.396449194901237, 34.088818511594141 ], [ 135.393171428549209, 34.089708930667051 ], [ 135.392300203637546, 34.089595737737234 ], [ 135.389671212019124, 34.093356214520881 ], [ 135.389538132985621, 34.094999565396215 ], [ 135.389807209251103, 34.096179150470796 ], [ 135.3907632832979, 34.097334522736723 ], [ 135.39367975255027, 34.099725977301617 ], [ 135.394343544209619, 34.100454306702275 ], [ 135.394839661001811, 34.101700357220643 ], [ 135.394835196142623, 34.102649950184293 ], [ 135.394017269276105, 34.103766281988911 ], [ 135.392298138321337, 34.104946068210651 ], [ 135.391280688348445, 34.105874599728992 ], [ 135.388699409833038, 34.110250231702501 ], [ 135.38645339806007, 34.110033952860405 ], [ 135.385422295612017, 34.110227579191786 ], [ 135.384499791943142, 34.110531900832171 ], [ 135.382421350243476, 34.111726648531551 ], [ 135.381589717666344, 34.111902654221076 ], [ 135.38083775701665, 34.11183083542327 ], [ 135.377322016646787, 34.110864489621186 ], [ 135.376078171919602, 34.110801848040865 ], [ 135.375277797501752, 34.111011069788908 ], [ 135.374408175961605, 34.111671567717067 ], [ 135.374121085481278, 34.112127102867859 ], [ 135.373982632117475, 34.112774557875106 ], [ 135.374581169848909, 34.113159364922197 ], [ 135.373716911212483, 34.114319715064902 ], [ 135.373493862913563, 34.114948143784126 ], [ 135.373563466786493, 34.11524700835097 ], [ 135.374274690082018, 34.116171512206563 ], [ 135.374309910507122, 34.116671791932873 ], [ 135.373999543875897, 34.118183334352047 ], [ 135.37412986961283, 34.118763831015102 ], [ 135.373873156864789, 34.119494221866212 ], [ 135.373828950591417, 34.120348109212124 ], [ 135.374187301834127, 34.120511229598009 ], [ 135.375553198838247, 34.120511401237373 ], [ 135.377091122967386, 34.121022246332004 ], [ 135.37886437203619, 34.12074804951834 ], [ 135.379848332291687, 34.120873172713821 ], [ 135.380900594391818, 34.121393359410888 ], [ 135.385171245487982, 34.120678410950688 ], [ 135.385758794712643, 34.120700502948608 ], [ 135.386622059164779, 34.121155040236893 ], [ 135.390252005661637, 34.12158963989171 ], [ 135.392880366574076, 34.121304824305 ], [ 135.393671100067735, 34.120840877149412 ] ] ] } },
{ "type": "Feature", "properties": { "CITY_NAME": "有田川町", "S_NAME": "大字三田", "JINKO": 70, "medical_area": "30_有田医療圏", "町丁目名": "有田川町大字三田" }, "geometry": { "type": "Polygon", "coordinates": [ [ [ 135.422725888569403, 34.101963713549338 ], [ 135.422352380860104, 34.099817767919681 ], [ 135.423106300374826, 34.097221522182906 ], [ 135.423248210640367, 34.095888559135069 ], [ 135.421929781853493, 34.093505452745632 ], [ 135.421329299238721, 34.092734028326589 ], [ 135.420900261933355, 34.092959096953841 ], [ 135.42056962668741, 34.0929066854059 ], [ 135.420252551104113, 34.092659792016299 ], [ 135.420056462073177, 34.092226387818407 ], [ 135.420306390659306, 34.090261684621382 ], [ 135.420082753337056, 34.0891378737549 ], [ 135.419667129122587, 34.088217140880211 ], [ 135.418767549097026, 34.087330044293722 ], [ 135.41797211725023, 34.085426200051742 ], [ 135.418070848023063, 34.085001374682619 ], [ 135.418993125816399, 34.083666606657935 ], [ 135.41912475429919, 34.082922580013026 ], [ 135.418711986387308, 34.082469277063225 ], [ 135.417250406294301, 34.083033597920618 ], [ 135.416629209593594, 34.082719608680478 ], [ 135.415667509534046, 34.081867699447756 ], [ 135.415127320879634, 34.080810283342345 ], [ 135.415042143439479, 34.079795600290801 ], [ 135.415258750554869, 34.078853633257246 ], [ 135.415155328945332, 34.077826606914101 ], [ 135.414959037599175, 34.077535617009296 ], [ 135.413909463132455, 34.076769630252514 ], [ 135.412367597564412, 34.076164416453118 ], [ 135.41117595414903, 34.074568984196375 ], [ 135.409497572687599, 34.073272394923251 ], [ 135.406817212667505, 34.072523037326228 ], [ 135.405970693394522, 34.072570797339651 ], [ 135.405062023082877, 34.072159716984629 ], [ 135.404572298963615, 34.072186509929665 ], [ 135.403938484573843, 34.072781440803695 ], [ 135.403549190526121, 34.072941275362496 ], [ 135.4025671445618, 34.072426703352811 ], [ 135.401989992867527, 34.07234895888984 ], [ 135.40015672089433, 34.072887887429545 ], [ 135.398245079018238, 34.074121034086261 ], [ 135.396960859711925, 34.076215686119475 ], [ 135.396683572029872, 34.077222394987331 ], [ 135.396756053565099, 34.077735797228087 ], [ 135.397273737301163, 34.07876612726983 ], [ 135.39771204606285, 34.079198079391261 ], [ 135.400086599061069, 34.080953269619847 ], [ 135.401234514424289, 34.082139658802333 ], [ 135.401550546079903, 34.083257191530961 ], [ 135.401280369959323, 34.083950664222343 ], [ 135.400746675218613, 34.084497192432778 ], [ 135.39965629540049, 34.085198079367757 ], [ 135.398365881552195, 34.086518670554568 ], [ 135.397257789019648, 34.088170503947268 ], [ 135.397150850382872, 34.088829555610332 ], [ 135.397780396572728, 34.089227082389527 ], [ 135.398510411760611, 34.090041520504933 ], [ 135.39978952030043, 34.092282584663131 ], [ 135.400283401191473, 34.09453996055354 ], [ 135.400184159509195, 34.095845508411564 ], [ 135.40177739598434, 34.095329621245924 ], [ 135.402919677149043, 34.095587595731971 ], [ 135.403223193962504, 34.095867004856203 ], [ 135.403303064009066, 34.096255351968949 ], [ 135.402940092148953, 34.098302156240727 ], [ 135.406499222729735, 34.099510967684722 ], [ 135.40913889573838, 34.101601507966208 ], [ 135.409861376695204, 34.101708932015107 ], [ 135.411492632422494, 34.101256223346468 ], [ 135.412177263295348, 34.101241601076396 ], [ 135.413017075202475, 34.10155566499332 ], [ 135.41713458284903, 34.105729961557707 ], [ 135.419384969531592, 34.107464718142843 ], [ 135.422552009281446, 34.103201013398355 ], [ 135.422725888569403, 34.101963713549338 ] ] ] } },
{ "type": "Feature", "properties": { "CITY_NAME": "有田川町", "S_NAME": "大字宮川", "JINKO": 31, "medical_area": "30_有田医療圏", "町丁目名": "有田川町大字宮川" }, "geometry": { "type": "Polygon", "coordinates": [ [ [ 135.43472530053873, 34.11744000008138 ], [ 135.437437539380284, 34.115678388082891 ], [ 135.440625229925814, 34.11414707417746 ], [ 135.441478293471135, 34.113430511436135 ], [ 135.441962333678021, 34.112778485697355 ], [ 135.442111939029672, 34.111454675982394 ], [ 135.441413605379864, 34.110329616126641 ], [ 135.441770293842808, 34.109448522460781 ], [ 135.44175626524526, 34.108965690152715 ], [ 135.441630795964443, 34.108715780411032 ], [ 135.440222394412558, 34.107568207756785 ], [ 135.443743332578492, 34.104487011330967 ], [ 135.438628365742716, 34.100346932527728 ], [ 135.432977698017254, 34.096221857505476 ], [ 135.431659502765342, 34.095100083249612 ], [ 135.428896556317653, 34.094654859234119 ], [ 135.427855876176096, 34.093950048161688 ], [ 135.427034599641672, 34.093657733182162 ], [ 135.425447300615986, 34.093676135036212 ], [ 135.42259870758997, 34.094629793686238 ], [ 135.423297356378185, 34.09608290863423 ], [ 135.422352380860133, 34.099817767919681 ], [ 135.422725888569403, 34.101963713549338 ], [ 135.422705932198028, 34.10270333311977 ], [ 135.422552009281446, 34.103201013398355 ], [ 135.419384969531592, 34.10746471814285 ], [ 135.425277936798466, 34.113155535579921 ], [ 135.42831971963804, 34.115540000996894 ], [ 135.429509301470972, 34.115354481750266 ], [ 135.430734777839206, 34.115677667084526 ], [ 135.431402052788911, 34.115586076486785 ], [ 135.432502851307476, 34.116321142607923 ], [ 135.433184683541157, 34.116486559661439 ], [ 135.434042599876307, 34.117071733112446 ], [ 135.434432748526802, 34.117087044379872 ], [ 135.43472530053873, 34.11744000008138 ] ] ] } },
{ "type": "Feature", "properties": { "CITY_NAME": "有田川町", "S_NAME": "大字大蔵", "JINKO": 23, "medical_area": "30_有田医療圏", "町丁目名": "有田川町大字大蔵" }, "geometry": { "type": "Polygon", "coordinates": [ [ [ 135.459063427053422, 34.115190117083465 ], [ 135.457909660755774, 34.113492002461243 ], [ 135.45566272612345, 34.111389865381916 ], [ 135.450712634475849, 34.108190268570205 ], [ 135.447156542488301, 34.107006040121618 ], [ 135.44631228118547, 34.106148152670457 ], [ 135.443743332578492, 34.104487011330967 ], [ 135.440222394412558, 34.107568207756785 ], [ 135.441630795964443, 34.108715780411032 ], [ 135.44175626524526, 34.108965690152715 ], [ 135.441770293842808, 34.109448522460781 ], [ 135.441413605379864, 34.110329616126641 ], [ 135.442111939029672, 34.111454675982394 ], [ 135.441962333678021, 34.112778485697355 ], [ 135.441478293471135, 34.113430511436135 ], [ 135.440625229925814, 34.11414707417746 ], [ 135.437437539380284, 34.115678388082891 ], [ 135.43472530053873, 34.11744000008138 ], [ 135.435561815542314, 34.118470925703605 ], [ 135.436047470368436, 34.118797573460824 ], [ 135.436400550267564, 34.119502137686425 ], [ 135.43714343340659, 34.12027596526211 ], [ 135.437807607714262, 34.120657525877256 ], [ 135.4382900737765, 34.121470743187302 ], [ 135.439035123243343, 34.121920143974457 ], [ 135.44036609929006, 34.122291193186271 ], [ 135.440768587675763, 34.123449743183357 ], [ 135.440982213469027, 34.123626805077059 ], [ 135.441735691109642, 34.123557663133823 ], [ 135.442532500416661, 34.123882035647512 ], [ 135.442800713497547, 34.123697010257132 ], [ 135.443954893293551, 34.12375630939939 ], [ 135.444656097827789, 34.123455175909356 ], [ 135.446100424333139, 34.123856112546363 ], [ 135.44873370728655, 34.125278915265334 ], [ 135.450214555084472, 34.126897713601998 ], [ 135.451607972780835, 34.123168051685468 ], [ 135.453988167487097, 34.120667921707671 ], [ 135.454660349033304, 34.119754211575355 ], [ 135.455244928190126, 34.117238484191532 ], [ 135.456097779720096, 34.116340344536539 ], [ 135.457288297437117, 34.115615687244855 ], [ 135.459063427053422, 34.115190117083465 ] ] ] } },
{ "type": "Feature", "properties": { "CITY_NAME": "有田川町", "S_NAME": "大字清水", "JINKO": 767, "medical_area": "30_有田医療圏", "町丁目名": "有田川町大字清水" }, "geometry": { "type": "Polygon", "coordinates": [ [ [ 135.442321222807465, 34.097285198153791 ], [ 135.444166582354768, 34.092684514142576 ], [ 135.44449629907615, 34.090003814352045 ], [ 135.444401602598731, 34.087901167409719 ], [ 135.443752492331186, 34.084941320528287 ], [ 135.443694956008812, 34.082434630238112 ], [ 135.443842482336834, 34.081584556779148 ], [ 135.444922911178963, 34.080521172940912 ], [ 135.446517333968046, 34.079513475432314 ], [ 135.447759178207036, 34.078453607388724 ], [ 135.447429128993775, 34.07777341586953 ], [ 135.446081047645293, 34.077322367033368 ], [ 135.444153274583186, 34.074597737376735 ], [ 135.443855924151137, 34.074504832252018 ], [ 135.443018872090477, 34.074796459909166 ], [ 135.441779954665577, 34.075770327912558 ], [ 135.439352448199429, 34.076881773858943 ], [ 135.436632953520331, 34.078436713043793 ], [ 135.433863548559884, 34.076326901735335 ], [ 135.433506152724618, 34.075811224137887 ], [ 135.433238424128291, 34.074826294115717 ], [ 135.4327467617926, 34.073843290571872 ], [ 135.431249756989786, 34.072014360905328 ], [ 135.429545930089432, 34.071369316379879 ], [ 135.429028954305096, 34.070967829590799 ], [ 135.428798316601842, 34.070655996490743 ], [ 135.428812352206393, 34.07019611416829 ], [ 135.427912781510059, 34.068572464285857 ], [ 135.427340981929206, 34.06815211664685 ], [ 135.425026770502228, 34.067891273211004 ], [ 135.419042229763448, 34.063309358919589 ], [ 135.418350156223795, 34.063978061591548 ], [ 135.414776849500896, 34.065093079336009 ], [ 135.409946868724973, 34.065473960446404 ], [ 135.407165750050581, 34.065992112325482 ], [ 135.406538469581449, 34.06645523254597 ], [ 135.406314443111114, 34.067517586321074 ], [ 135.406550182163471, 34.06999241072733 ], [ 135.406430861797503, 34.070920458228237 ], [ 135.406817212667505, 34.072523037326228 ], [ 135.409497572687599, 34.073272394923251 ], [ 135.41117595414903, 34.074568984196375 ], [ 135.412367597564412, 34.076164416453118 ], [ 135.413909463132455, 34.076769630252514 ], [ 135.414745257502972, 34.077301456656677 ], [ 135.415155328945332, 34.077826606914101 ], [ 135.415257628036386, 34.078998726054259 ], [ 135.415042143439479, 34.079795600290801 ], [ 135.415127320879634, 34.080810283342345 ], [ 135.415667509534046, 34.081867699447756 ], [ 135.416232964347046, 34.082402176009126 ], [ 135.417250406294301, 34.083033597920618 ], [ 135.418711986387308, 34.082469277063225 ], [ 135.41912475429919, 34.082922580013026 ], [ 135.418754713491779, 34.084154587268429 ], [ 135.418070848023063, 34.085001374682619 ], [ 135.41797211725023, 34.085426200051742 ], [ 135.418130355160315, 34.086018891064654 ], [ 135.418767549097026, 34.087330044293722 ], [ 135.419667129122587, 34.088217140880211 ], [ 135.420082753337056, 34.0891378737549 ], [ 135.420306390659306, 34.090261684621382 ], [ 135.420056462073177, 34.092226387818407 ], [ 135.420252551104113, 34.092659792016299 ], [ 135.420900261933355, 34.092959096953841 ], [ 135.421329299238721, 34.092734028326589 ], [ 135.42259870758997, 34.094629793686238 ], [ 135.425447300615986, 34.093676135036212 ], [ 135.427034599641644, 34.093657733182141 ], [ 135.427855876176096, 34.09395004816168 ], [ 135.428896556317653, 34.094654859234105 ], [ 135.43165950276537, 34.095100083249612 ], [ 135.432977698017254, 34.096221857505476 ], [ 135.438628365742716, 34.100346932527721 ], [ 135.440511765677485, 34.099409943028981 ], [ 135.441690166967845, 34.098278303273815 ], [ 135.442321222807465, 34.097285198153791 ] ] ] } },
{ "type": "Feature", "properties": { "CITY_NAME": "有田川町", "S_NAME": "大字下湯川", "JINKO": 66, "medical_area": "30_有田医療圏", "町丁目名": "有田川町大字下湯川" }, "geometry": { "type": "Polygon", "coordinates": [ [ [ 135.461637939200017, 34.079025657374977 ], [ 135.46203476923904, 34.078843975946462 ], [ 135.462813876955892, 34.07645678898789 ], [ 135.464951068392025, 34.074494321260211 ], [ 135.465521748023434, 34.074179697659829 ], [ 135.466458033175996, 34.073919624151259 ], [ 135.468606197035655, 34.074227984313367 ], [ 135.469277285377046, 34.074541501153128 ], [ 135.470935295360249, 34.074550609640504 ], [ 135.47148337443079, 34.071054545961168 ], [ 135.471481909903133, 34.069317873942182 ], [ 135.471680000021706, 34.068742279515789 ], [ 135.474404366262405, 34.065645473145906 ], [ 135.475385904540587, 34.063257522606207 ], [ 135.476212568540888, 34.059550450814889 ], [ 135.476947407776464, 34.059189977751402 ], [ 135.477678382988984, 34.058110604823497 ], [ 135.479043994742199, 34.057865210783483 ], [ 135.479243621436979, 34.058103004707746 ], [ 135.47940268691508, 34.058810440737695 ], [ 135.479640385573475, 34.05884905844087 ], [ 135.480228779126691, 34.058213384984768 ], [ 135.480436936052058, 34.057480029619718 ], [ 135.481235673076014, 34.056520384499713 ], [ 135.48287805979416, 34.055176878645788 ], [ 135.484117426834814, 34.054743539242772 ], [ 135.486089845751991, 34.054595682806443 ], [ 135.487598774849715, 34.054151295171749 ], [ 135.492373886543817, 34.052294833196434 ], [ 135.493574084939439, 34.051993493763383 ], [ 135.495286560775753, 34.052361137533794 ], [ 135.495790969183162, 34.052017065949535 ], [ 135.497023705259011, 34.046422426585629 ], [ 135.497506966238802, 34.045050717026619 ], [ 135.498807195267489, 34.043053508000135 ], [ 135.498702484705916, 34.043111122135727 ], [ 135.498439130853484, 34.042677715757208 ], [ 135.498264193657434, 34.041936157422427 ], [ 135.497614257210415, 34.040969528270622 ], [ 135.497118968977276, 34.039477371582144 ], [ 135.496415291188271, 34.038983566318507 ], [ 135.4960301975334, 34.037469874282813 ], [ 135.495774329410693, 34.037084953435986 ], [ 135.494939564849886, 34.03663680720954 ], [ 135.494370494887278, 34.035950978876684 ], [ 135.492988386183754, 34.03582261245473 ], [ 135.490033314002517, 34.035211317590445 ], [ 135.486377314207999, 34.03383689732938 ], [ 135.485781046319772, 34.033824553202479 ], [ 135.484106795654384, 34.034192421878707 ], [ 135.481127064298079, 34.032443282941649 ], [ 135.48021069973521, 34.032791605378556 ], [ 135.479197259410455, 34.032679850338013 ], [ 135.477701968247231, 34.032980491446224 ], [ 135.476216136497584, 34.032178981398751 ], [ 135.474716229354129, 34.032170636120092 ], [ 135.474028772012502, 34.031937244324844 ], [ 135.470830909018332, 34.031984291532424 ], [ 135.467491909368221, 34.031612256423088 ], [ 135.465879610791688, 34.032137216869664 ], [ 135.465167167768954, 34.032187239312556 ], [ 135.464794788549995, 34.032363967291865 ], [ 135.464115713109805, 34.033987514986649 ], [ 135.462342467477185, 34.035186781724256 ], [ 135.461392532922048, 34.036294953930572 ], [ 135.45900530156419, 34.038369708276242 ], [ 135.45823290773501, 34.038698919895367 ], [ 135.457130486081752, 34.038869601335563 ], [ 135.456277699278218, 34.038813157550457 ], [ 135.454930722392959, 34.039694434746544 ], [ 135.453554226856937, 34.039880213719307 ], [ 135.452145616640337, 34.04078189696672 ], [ 135.451690049824322, 34.040925818155145 ], [ 135.451182225011308, 34.040872704463837 ], [ 135.450708992106513, 34.042071829689036 ], [ 135.449935170561218, 34.043217913052224 ], [ 135.44874765164019, 34.043726098982333 ], [ 135.449513579939406, 34.044560815151549 ], [ 135.449517734788941, 34.045178846126149 ], [ 135.448705963551532, 34.046081880482447 ], [ 135.448502758220144, 34.047345447418955 ], [ 135.447834374712045, 34.047902146536345 ], [ 135.447205755036919, 34.048118812198382 ], [ 135.44565040727548, 34.048185367421581 ], [ 135.444015325785529, 34.048189841283126 ], [ 135.442481315084251, 34.047878068202209 ], [ 135.442030518921229, 34.047997743846999 ], [ 135.441339764634506, 34.048935365656007 ], [ 135.440502329727281, 34.049655655800287 ], [ 135.438882677816139, 34.05059454028931 ], [ 135.437914353924754, 34.052202842052786 ], [ 135.436414873866852, 34.053441032113795 ], [ 135.43545928361317, 34.054609701949552 ], [ 135.433874407476623, 34.057215319162516 ], [ 135.432114770355184, 34.057949887964796 ], [ 135.4304984763167, 34.05789367811267 ], [ 135.429006119404363, 34.058130329586739 ], [ 135.427553126706499, 34.059207298920093 ], [ 135.42644191289736, 34.059463580037665 ], [ 135.423964945691097, 34.059553153208775 ], [ 135.422534779993015, 34.060219526512888 ], [ 135.421178505105445, 34.061506924263483 ], [ 135.419269157294877, 34.062252333872422 ], [ 135.419042229763448, 34.063309358919589 ], [ 135.424244814808389, 34.067398505836017 ], [ 135.425026770502228, 34.067891273211004 ], [ 135.427340981929206, 34.06815211664685 ], [ 135.427912781510059, 34.068572464285857 ], [ 135.428812352206393, 34.07019611416829 ], [ 135.428798316601842, 34.070655996490743 ], [ 135.429028954305096, 34.070967829590799 ], [ 135.429545930089432, 34.071369316379879 ], [ 135.431249756989786, 34.072014360905328 ], [ 135.4327467617926, 34.073843290571872 ], [ 135.433238424128291, 34.074826294115717 ], [ 135.433506152724618, 34.075811224137887 ], [ 135.433863548559884, 34.076326901735335 ], [ 135.436632953520331, 34.078436713043793 ], [ 135.439352448199429, 34.076881773858943 ], [ 135.441779954665577, 34.075770327912558 ], [ 135.443018872090477, 34.074796459909166 ], [ 135.443855924151137, 34.074504832252018 ], [ 135.444305658206872, 34.074751267713673 ], [ 135.446081047645293, 34.077322367033368 ], [ 135.447429128993775, 34.07777341586953 ], [ 135.447759178207036, 34.078453607388724 ], [ 135.449505678924538, 34.078167416203463 ], [ 135.450283421576216, 34.078278227954392 ], [ 135.452636261457258, 34.079179157187816 ], [ 135.454158688246935, 34.078962055153049 ], [ 135.454638510932767, 34.079081243924854 ], [ 135.45742422694866, 34.080149800698692 ], [ 135.457883844173864, 34.080107305402009 ], [ 135.460070339723728, 34.079155578651218 ], [ 135.461637939200017, 34.079025657374977 ] ] ] } },
{ "type": "Feature", "properties": { "CITY_NAME": "有田川町", "S_NAME": "大字上湯川", "JINKO": 17, "medical_area": "30_有田医療圏", "町丁目名": "有田川町大字上湯川" }, "geometry": { "type": "Polygon", "coordinates": [ [ [ 135.505701325222617, 34.082194167710824 ], [ 135.506835967231723, 34.082253649893822 ], [ 135.508241167463382, 34.081144655089581 ], [ 135.50909987952042, 34.080916054905565 ], [ 135.509855638590551, 34.080461497412763 ], [ 135.510769831340383, 34.079406583793499 ], [ 135.516068437511706, 34.078396517777094 ], [ 135.517133155955491, 34.077753374831296 ], [ 135.520321993870482, 34.076747287912767 ], [ 135.522684118069066, 34.076593026435653 ], [ 135.524177541293852, 34.076778412311207 ], [ 135.526153005016312, 34.075208262491628 ], [ 135.528278743752452, 34.074394290621242 ], [ 135.530529572000802, 34.074268774965844 ], [ 135.531457828103896, 34.074363028459494 ], [ 135.533742632704929, 34.073967250627497 ], [ 135.534198529556249, 34.074037578814767 ], [ 135.535067486061308, 34.074902429471692 ], [ 135.535705236181371, 34.074813266058996 ], [ 135.536232576366132, 34.075033038525781 ], [ 135.536982904976185, 34.075138976972539 ], [ 135.537497039199764, 34.075032013210226 ], [ 135.538534535300528, 34.075231712798328 ], [ 135.539800552807634, 34.07502978508704 ], [ 135.540243089492407, 34.074708133767494 ], [ 135.542256997512197, 34.072302468059277 ], [ 135.543213536765279, 34.071835494400553 ], [ 135.544309660143881, 34.071839545110223 ], [ 135.545041611426768, 34.071446389716982 ], [ 135.545422156133156, 34.07095078809099 ], [ 135.546184921783151, 34.069250164727762 ], [ 135.548046723789639, 34.068203587734629 ], [ 135.5476458919089, 34.067199256390154 ], [ 135.547080049736422, 34.066925292000953 ], [ 135.546065691887321, 34.065648943538925 ], [ 135.545603718311185, 34.065477212523966 ], [ 135.544364589318519, 34.064419210028191 ], [ 135.543341155334019, 34.063969144329128 ], [ 135.542605797272898, 34.061818135242468 ], [ 135.541974811815066, 34.061588845932938 ], [ 135.540310828310112, 34.060488214327677 ], [ 135.537873579753352, 34.05952820033238 ], [ 135.53781520504586, 34.058867713483096 ], [ 135.538242409205992, 34.05837668840114 ], [ 135.538369303063206, 34.057830300119718 ], [ 135.536843589307153, 34.055057265861777 ], [ 135.536377113119158, 34.053198523338978 ], [ 135.536094105824731, 34.05282089967023 ], [ 135.535981450322993, 34.05188169381244 ], [ 135.535277426429815, 34.050855023138062 ], [ 135.534276199453217, 34.050361273141995 ], [ 135.532243315930742, 34.048628697329477 ], [ 135.531022120513768, 34.048202970954506 ], [ 135.529469550957373, 34.048057006392611 ], [ 135.528157543723466, 34.047691901024137 ], [ 135.526294568968098, 34.048055794195044 ], [ 135.523787906945046, 34.048048781165704 ], [ 135.522691981038861, 34.04788449524218 ], [ 135.518468499293505, 34.047917191844704 ], [ 135.517163481971096, 34.046924258491202 ], [ 135.516483414819049, 34.046637863009792 ], [ 135.514293958666428, 34.046435668718388 ], [ 135.513144505076554, 34.045879170660555 ], [ 135.510976973427461, 34.045643614827654 ], [ 135.510132712265772, 34.046437187834499 ], [ 135.509187109512254, 34.046539219936356 ], [ 135.508688479214157, 34.045969784634799 ], [ 135.50788533729505, 34.045543670433901 ], [ 135.506895054488808, 34.045333329708562 ], [ 135.506277288251113, 34.04500078453659 ], [ 135.505708042246908, 34.044320191376777 ], [ 135.505650517657955, 34.043551348179967 ], [ 135.505162105742471, 34.042824590572422 ], [ 135.504968427545549, 34.042029422467053 ], [ 135.503511985924035, 34.041932994508514 ], [ 135.501588040076427, 34.042534522135504 ], [ 135.499715078833617, 34.042589775901277 ], [ 135.498807195267489, 34.043053508000121 ], [ 135.497506966238802, 34.045050717026619 ], [ 135.496619980748306, 34.04787067606938 ], [ 135.495976027532095, 34.051618861696241 ], [ 135.495519963510844, 34.052252348463263 ], [ 135.494705764381649, 34.0522928352637 ], [ 135.493574084939439, 34.051993493763376 ], [ 135.492373886543817, 34.052294833196456 ], [ 135.487598774849715, 34.054151295171749 ], [ 135.486089845751991, 34.054595682806443 ], [ 135.484117426834814, 34.054743539242764 ], [ 135.48287805979416, 34.055176878645788 ], [ 135.481235673076014, 34.056520384499713 ], [ 135.480436936052058, 34.057480029619697 ], [ 135.480228779126691, 34.058213384984768 ], [ 135.479640385573475, 34.05884905844087 ], [ 135.47940268691508, 34.058810440737695 ], [ 135.479243621436979, 34.058103004707746 ], [ 135.479043994742199, 34.057865210783483 ], [ 135.478644604524192, 34.057842812828135 ], [ 135.477678382988984, 34.058110604823469 ], [ 135.476947407776464, 34.059189977751402 ], [ 135.476212568540888, 34.059550450814889 ], [ 135.475385904540531, 34.063257522606186 ], [ 135.474404366262405, 34.065645473145921 ], [ 135.471680000021706, 34.068742279515781 ], [ 135.47148190990319, 34.069317873942197 ], [ 135.47148337443079, 34.071054545961154 ], [ 135.470935295360249, 34.074550609640504 ], [ 135.472994172442867, 34.075131240630178 ], [ 135.474291011991653, 34.075219057120229 ], [ 135.475533609379397, 34.075905054765087 ], [ 135.476083996064034, 34.076004319783834 ], [ 135.478716459201792, 34.075461307784543 ], [ 135.481557555714971, 34.075438656005566 ], [ 135.484069927968932, 34.074394638823875 ], [ 135.484896248591753, 34.07425680474902 ], [ 135.485631384511237, 34.074335389594538 ], [ 135.48790131340462, 34.075211936940349 ], [ 135.489468084562361, 34.075316780230573 ], [ 135.489862756803319, 34.075506765938151 ], [ 135.49070570136584, 34.076474395562997 ], [ 135.491151305823934, 34.076720232326622 ], [ 135.493455158280256, 34.076822577417637 ], [ 135.495995541794684, 34.077956759497056 ], [ 135.499269234633914, 34.078734501449503 ], [ 135.499861062170424, 34.079030773367471 ], [ 135.50040404702554, 34.079573799243349 ], [ 135.500615774256687, 34.080099139641447 ], [ 135.501165013833571, 34.080508072793272 ], [ 135.50250054819827, 34.080524457034663 ], [ 135.503129832966806, 34.080795785741074 ], [ 135.503968495097212, 34.081623145285199 ], [ 135.504368208838315, 34.081414283286797 ], [ 135.504719639187982, 34.081487964306135 ], [ 135.505701325222617, 34.082194167710824 ] ] ] } },
{ "type": "Feature", "properties": { "CITY_NAME": "有田川町", "S_NAME": "大字久野原", "JINKO": 276, "medical_area": "30_有田医療圏", "町丁目名": "有田川町大字久野原" }, "geometry": { "type": "Polygon", "coordinates": [ [ [ 135.468080811986454, 34.112155654803537 ], [ 135.468768910157763, 34.112321917953743 ], [ 135.470813499089644, 34.112101718026416 ], [ 135.471114537031269, 34.111896782316876 ], [ 135.472100889101341, 34.110357095511858 ], [ 135.472803665705243, 34.110093584552651 ], [ 135.473025951847831, 34.109805329150937 ], [ 135.472941992807421, 34.109455468970602 ], [ 135.472588474718293, 34.109233348742151 ], [ 135.470977031013859, 34.109618868957178 ], [ 135.470537708266505, 34.109347624573331 ], [ 135.470558124535103, 34.109107105844409 ], [ 135.471847718227451, 34.108115873711256 ], [ 135.472105720157941, 34.107624218720211 ], [ 135.471708662047632, 34.107482199337838 ], [ 135.470708425982735, 34.107652561053925 ], [ 135.470543698014609, 34.10754873177649 ], [ 135.470552551472451, 34.107233642350252 ], [ 135.471212035153115, 34.10644310617743 ], [ 135.471106451492091, 34.106250784453707 ], [ 135.470197651769695, 34.105858901346856 ], [ 135.470111896020484, 34.105569041556592 ], [ 135.470169144470219, 34.105131040486143 ], [ 135.47128741547715, 34.103704901074316 ], [ 135.472732695052031, 34.103088607825235 ], [ 135.473723881053616, 34.102367088584565 ], [ 135.474144034328134, 34.101870907845687 ], [ 135.47410134102924, 34.101303860487597 ], [ 135.472943042929728, 34.100617084775195 ], [ 135.472439967240859, 34.099836897521747 ], [ 135.472659950000747, 34.098718057550357 ], [ 135.47323756619943, 34.097784304834285 ], [ 135.474278787861635, 34.096812242612948 ], [ 135.476077778859008, 34.096187126946305 ], [ 135.477269510865113, 34.095985258910702 ], [ 135.480046739377315, 34.094970219985591 ], [ 135.482621020129557, 34.09477624812461 ], [ 135.483837333048513, 34.094507364132646 ], [ 135.484759611218664, 34.094088477432258 ], [ 135.487891036380859, 34.094395780846405 ], [ 135.488346599214708, 34.094306826499718 ], [ 135.489784709960929, 34.093519302500582 ], [ 135.490833924390103, 34.093566362476949 ], [ 135.491988290279863, 34.093342808972885 ], [ 135.493443770581479, 34.093789220726187 ], [ 135.49594329236686, 34.093196048149395 ], [ 135.496526576186284, 34.092822879551143 ], [ 135.497583842473233, 34.091266035464528 ], [ 135.498314265705062, 34.090607314490626 ], [ 135.499712985498377, 34.089941295167286 ], [ 135.500400948611457, 34.089264921137641 ], [ 135.501764012484728, 34.086838222979161 ], [ 135.502239156733737, 34.086285511974701 ], [ 135.502815066814065, 34.084928661880319 ], [ 135.50475716258714, 34.082636533418395 ], [ 135.505701325222617, 34.082194167710789 ], [ 135.504719639188039, 34.081487964306135 ], [ 135.504368208838372, 34.081414283286797 ], [ 135.503968495097212, 34.081623145285199 ], [ 135.503129832966806, 34.08079578574106 ], [ 135.50250054819827, 34.080524457034663 ], [ 135.501165013833571, 34.080508072793272 ], [ 135.500615774256687, 34.080099139641447 ], [ 135.50040404702554, 34.079573799243349 ], [ 135.499861062170424, 34.079030773367471 ], [ 135.499269234633886, 34.078734501449503 ], [ 135.495995541794684, 34.077956759497056 ], [ 135.493455158280227, 34.07682257741763 ], [ 135.49115130582399, 34.076720232326622 ], [ 135.49070570136584, 34.076474395562983 ], [ 135.489862756803319, 34.075506765938151 ], [ 135.489468084562361, 34.075316780230573 ], [ 135.48790131340462, 34.075211936940349 ], [ 135.486448567473275, 34.074578993483691 ], [ 135.484896248591753, 34.07425680474902 ], [ 135.484069927968932, 34.074394638823875 ], [ 135.481557555714971, 34.075438656005566 ], [ 135.478716459201792, 34.075461307784543 ], [ 135.476083996064034, 34.07600431978382 ], [ 135.475533609379426, 34.075905054765116 ], [ 135.474291011991653, 34.075219057120229 ], [ 135.472994172442867, 34.075131240630157 ], [ 135.470935295360249, 34.074550609640504 ], [ 135.469277285377046, 34.074541501153128 ], [ 135.468606197035655, 34.074227984313367 ], [ 135.466110043519791, 34.073971365794264 ], [ 135.464951068392025, 34.074494321260211 ], [ 135.462813876955892, 34.07645678898789 ], [ 135.46203476923904, 34.078843975946462 ], [ 135.461637939200017, 34.079025657374977 ], [ 135.460070339723728, 34.079155578651218 ], [ 135.457883844173864, 34.080107305402009 ], [ 135.45742422694866, 34.080149800698692 ], [ 135.454638510932767, 34.079081243924854 ], [ 135.454158688246935, 34.078962055153049 ], [ 135.452636261457258, 34.079179157187816 ], [ 135.450942884778698, 34.078432040571549 ], [ 135.449505678924538, 34.078167416203463 ], [ 135.447759178207036, 34.078453607388724 ], [ 135.446517333968046, 34.079513475432314 ], [ 135.444922911178963, 34.080521172940912 ], [ 135.443842482336834, 34.081584556779148 ], [ 135.443694956008812, 34.082434630238112 ], [ 135.443752492331186, 34.084941320528287 ], [ 135.444401602598731, 34.087901167409719 ], [ 135.44449629907615, 34.090003814352045 ], [ 135.444166582354768, 34.092684514142576 ], [ 135.442590380231451, 34.096689685159674 ], [ 135.441690166967845, 34.098278303273815 ], [ 135.440511765677485, 34.099409943028981 ], [ 135.438628365742716, 34.100346932527721 ], [ 135.443743332578492, 34.104487011330974 ], [ 135.44631228118547, 34.10614815267045 ], [ 135.447156542488301, 34.107006040121618 ], [ 135.450712634475849, 34.108190268570183 ], [ 135.45566272612345, 34.111389865381923 ], [ 135.457909660755803, 34.113492002461271 ], [ 135.460506049073786, 34.117571365476053 ], [ 135.460959708522637, 34.117940906687281 ], [ 135.461405646005289, 34.118092049996832 ], [ 135.462101459902215, 34.117960276853388 ], [ 135.466517454704359, 34.116571053381165 ], [ 135.468570453928521, 34.116289755524221 ], [ 135.468365297343752, 34.115944007803421 ], [ 135.467842946828654, 34.115701834597708 ], [ 135.467150860576453, 34.114711581908779 ], [ 135.467526734151818, 34.113692157082255 ], [ 135.468064308233068, 34.113296241352785 ], [ 135.468080811986454, 34.112155654803537 ] ] ] } },
{ "type": "Feature", "properties": { "CITY_NAME": "有田川町", "S_NAME": "大字井谷", "JINKO": 14, "medical_area": "30_有田医療圏", "町丁目名": "有田川町大字井谷" }, "geometry": { "type": "Polygon", "coordinates": [ [ [ 135.494916363026732, 34.112416730318472 ], [ 135.494255955150862, 34.10659929419127 ], [ 135.492751105648921, 34.101028558844433 ], [ 135.493443770581507, 34.093789220726187 ], [ 135.491988290279863, 34.093342808972885 ], [ 135.490833924390103, 34.09356636247697 ], [ 135.489784709960986, 34.093519302500567 ], [ 135.488346599214736, 34.094306826499718 ], [ 135.487891036380859, 34.09439578084644 ], [ 135.484759611218664, 34.094088477432273 ], [ 135.483837333048513, 34.094507364132646 ], [ 135.482621020129557, 34.09477624812461 ], [ 135.480046739377315, 34.094970219985591 ], [ 135.477269510865113, 34.095985258910702 ], [ 135.476077778859064, 34.096187126946305 ], [ 135.474278787861635, 34.096812242612948 ], [ 135.47323756619943, 34.097784304834299 ], [ 135.472659950000747, 34.098718057550357 ], [ 135.472439967240888, 34.09983689752174 ], [ 135.472943042929757, 34.100617084775187 ], [ 135.474101341029211, 34.101303860487597 ], [ 135.474144034328134, 34.101870907845687 ], [ 135.473723881053616, 34.102367088584565 ], [ 135.472732695052031, 34.103088607825235 ], [ 135.47128741547715, 34.103704901074295 ], [ 135.470169144470219, 34.105131040486143 ], [ 135.470111896020512, 34.105569041556592 ], [ 135.470197651769695, 34.105858901346856 ], [ 135.471106451492091, 34.106250784453707 ], [ 135.471212035153115, 34.106443106177437 ], [ 135.470552551472451, 34.107233642350252 ], [ 135.470543698014609, 34.10754873177649 ], [ 135.470708425982735, 34.107652561053925 ], [ 135.471708662047632, 34.107482199337831 ], [ 135.47210572015797, 34.107624218720211 ], [ 135.47184771822748, 34.108115873711242 ], [ 135.470558124535103, 34.10910710584438 ], [ 135.470537708266505, 34.109347624573317 ], [ 135.470977031013859, 34.109618868957178 ], [ 135.472588474718293, 34.109233348742151 ], [ 135.473030556440023, 34.109621934862588 ], [ 135.472949247117043, 34.109953901062681 ], [ 135.472100889101313, 34.110357095511858 ], [ 135.471833121451482, 34.110872513528875 ], [ 135.473676203135568, 34.111701137822621 ], [ 135.476185130502813, 34.113415131255913 ], [ 135.478036848370323, 34.114911877103637 ], [ 135.479122714799644, 34.115363043110591 ], [ 135.480262070517426, 34.115410827745521 ], [ 135.481403016105361, 34.115217858781236 ], [ 135.48610842642799, 34.113645451016247 ], [ 135.489566799591557, 34.112799339624104 ], [ 135.494916363026732, 34.112416730318472 ] ] ] } },
{ "type": "Feature", "properties": { "CITY_NAME": "有田川町", "S_NAME": "大字室川", "JINKO": 6, "medical_area": "30_有田医療圏", "町丁目名": "有田川町大字室川" }, "geometry": { "type": "Polygon", "coordinates": [ [ [ 135.53281766340919, 34.101366485233022 ], [ 135.53317543789214, 34.101305433799645 ], [ 135.535222979423224, 34.100088847671856 ], [ 135.536196803256985, 34.099943886455819 ], [ 135.537746870611272, 34.098903437704912 ], [ 135.542313404127441, 34.097371384312019 ], [ 135.543678838080126, 34.0970166364758 ], [ 135.544234799523167, 34.097018684949155 ], [ 135.544999167199364, 34.097243654809546 ], [ 135.546189469155678, 34.097873787177576 ], [ 135.548412003839474, 34.096994586608481 ], [ 135.548701881868965, 34.09646385443849 ], [ 135.548601389477085, 34.095725306993025 ], [ 135.549091690337917, 34.094305144387334 ], [ 135.548820862739547, 34.09297052057611 ], [ 135.548952531817008, 34.092258619652732 ], [ 135.549757056422465, 34.090622537206812 ], [ 135.549976462064791, 34.089847282678576 ], [ 135.54994656626053, 34.088099663665822 ], [ 135.549368781071024, 34.0859403792983 ], [ 135.549970930037972, 34.084729402382273 ], [ 135.549392131567117, 34.084305790599579 ], [ 135.549036932288544, 34.083727475500126 ], [ 135.54830871595118, 34.083290489790961 ], [ 135.546334813691658, 34.082822008355421 ], [ 135.543262306574746, 34.081660157998336 ], [ 135.542529340259108, 34.079692691871102 ], [ 135.541680533206375, 34.078642149608321 ], [ 135.540588258258879, 34.077997671457318 ], [ 135.540096548045454, 34.077257663543179 ], [ 135.539839302243195, 34.076583754527704 ], [ 135.539800552807634, 34.07502978508704 ], [ 135.538534535300528, 34.075231712798328 ], [ 135.537497039199764, 34.075032013210226 ], [ 135.536982904976185, 34.075138976972539 ], [ 135.536232576366132, 34.075033038525781 ], [ 135.535705236181371, 34.074813266058996 ], [ 135.535067486061308, 34.074902429471692 ], [ 135.534198529556249, 34.074037578814767 ], [ 135.533742632704929, 34.073967250627497 ], [ 135.531457828103896, 34.074363028459494 ], [ 135.530529572000802, 34.074268774965844 ], [ 135.528278743752452, 34.074394290621242 ], [ 135.526153005016312, 34.075208262491628 ], [ 135.524177541293852, 34.076778412311207 ], [ 135.522684118069066, 34.076593026435653 ], [ 135.520321993870482, 34.076747287912767 ], [ 135.517133155955491, 34.077753374831296 ], [ 135.516068437511706, 34.078396517777094 ], [ 135.510769831340383, 34.079406583793499 ], [ 135.509855638590551, 34.080461497412763 ], [ 135.50909987952042, 34.080916054905565 ], [ 135.508241167463382, 34.081144655089581 ], [ 135.506835967231723, 34.082253649893822 ], [ 135.505701325222617, 34.082194167710824 ], [ 135.50475716258714, 34.082636533418395 ], [ 135.502815066814065, 34.084928661880319 ], [ 135.502239156733737, 34.086285511974701 ], [ 135.501764012484756, 34.086838222979161 ], [ 135.500400948611457, 34.089264921137641 ], [ 135.499712985498377, 34.089941295167293 ], [ 135.498314265705062, 34.090607314490626 ], [ 135.497583842473233, 34.091266035464528 ], [ 135.496526576186284, 34.092822879551143 ], [ 135.49594329236686, 34.093196048149423 ], [ 135.493443770581507, 34.093789220726187 ], [ 135.492751105648921, 34.101028558844433 ], [ 135.494255955150862, 34.10659929419127 ], [ 135.494916363026732, 34.112416730318472 ], [ 135.497562645887939, 34.112237488650628 ], [ 135.505603505018485, 34.108773426894167 ], [ 135.507272110324152, 34.107868723195011 ], [ 135.510782239543403, 34.107125013890148 ], [ 135.511403695104491, 34.106435525651243 ], [ 135.512355212845989, 34.105737617208405 ], [ 135.51385096693221, 34.105062269352715 ], [ 135.515795754158347, 34.104710692654557 ], [ 135.517200475048924, 34.105046397342136 ], [ 135.519596731163631, 34.104553254072442 ], [ 135.521096401629279, 34.104539357649266 ], [ 135.521889798307114, 34.10435957894196 ], [ 135.52523952989219, 34.102311547241506 ], [ 135.52613753180168, 34.101379330634437 ], [ 135.527096188087739, 34.100697809687709 ], [ 135.527941222353235, 34.100395354494658 ], [ 135.528740044442145, 34.100165406757078 ], [ 135.530326899253396, 34.100148072647265 ], [ 135.531227808715016, 34.100360551619438 ], [ 135.53281766340919, 34.101366485233022 ] ] ] } },
{ "type": "Feature", "properties": { "CITY_NAME": "有田川町", "S_NAME": "大字板尾", "JINKO": 94, "medical_area": "30_有田医療圏", "町丁目名": "有田川町大字板尾" }, "geometry": { "type": "Polygon", "coordinates": [ [ [ 135.495912186432292, 34.115654857101632 ], [ 135.494916363026761, 34.112416730318493 ], [ 135.489566799591557, 34.112799339624104 ], [ 135.486108426427961, 34.113645451016247 ], [ 135.481403016105361, 34.115217858781236 ], [ 135.480262070517426, 34.115410827745521 ], [ 135.479122714799644, 34.115363043110591 ], [ 135.478036848370323, 34.114911877103637 ], [ 135.476185130502813, 34.113415131255913 ], [ 135.473676203135597, 34.111701137822621 ], [ 135.471833121451539, 34.110872513528896 ], [ 135.471284310261382, 34.11146771649166 ], [ 135.471114537031269, 34.111896782316876 ], [ 135.470813499089644, 34.112101718026416 ], [ 135.468768910157763, 34.112321917953743 ], [ 135.468080811986454, 34.112155654803537 ], [ 135.468064308233068, 34.113296241352785 ], [ 135.467526734151818, 34.113692157082255 ], [ 135.467150860576453, 34.114711581908779 ], [ 135.467842946828654, 34.115701834597708 ], [ 135.468365297343752, 34.115944007803421 ], [ 135.468570453928521, 34.116289755524221 ], [ 135.468477136702148, 34.116799032717608 ], [ 135.468753429905547, 34.117294976718654 ], [ 135.46867127290335, 34.117467050963185 ], [ 135.467352790589757, 34.117881148838123 ], [ 135.466978589590553, 34.118629120671116 ], [ 135.467083317103203, 34.119176872625559 ], [ 135.468759403852488, 34.120050775276745 ], [ 135.470066972207889, 34.12139725844257 ], [ 135.471295927600977, 34.123572009251419 ], [ 135.472696117097257, 34.125328512843303 ], [ 135.473648913089932, 34.126223336017922 ], [ 135.474995619599355, 34.128161594277934 ], [ 135.476071689558779, 34.130356917418645 ], [ 135.476609678280397, 34.131079211943543 ], [ 135.477548478542758, 34.131802357067613 ], [ 135.479714723911769, 34.132767342343783 ], [ 135.481047766153097, 34.133959113098292 ], [ 135.481903705941477, 34.135101530901316 ], [ 135.482708901217194, 34.13781911478609 ], [ 135.483399061924445, 34.138440014848996 ], [ 135.484134860920079, 34.139415400368776 ], [ 135.485203281951527, 34.142256210966259 ], [ 135.485732079110107, 34.142757107981531 ], [ 135.486448634084212, 34.143014650110423 ], [ 135.491514775544516, 34.139612277002023 ], [ 135.496174219088687, 34.135873626880382 ], [ 135.49722761273344, 34.134725447583321 ], [ 135.498462594211361, 34.132719518355152 ], [ 135.498697029705511, 34.131757326588165 ], [ 135.498618325202045, 34.131075324172933 ], [ 135.500293771287829, 34.129908948392803 ], [ 135.499461654196864, 34.127644567119631 ], [ 135.497037747201972, 34.123262701472008 ], [ 135.49597371836586, 34.120533309730611 ], [ 135.495982347062665, 34.119724309230207 ], [ 135.496363088356901, 34.118344449409527 ], [ 135.495912186432292, 34.115654857101632 ] ] ] } },
{ "type": "Feature", "properties": { "CITY_NAME": "有田川町", "S_NAME": "大字杉野原", "JINKO": 99, "medical_area": "30_有田医療圏", "町丁目名": "有田川町大字杉野原" }, "geometry": { "type": "Polygon", "coordinates": [ [ [ 135.506202265145362, 34.122402619354609 ], [ 135.508637836865717, 34.122376028094436 ], [ 135.512588536930565, 34.123565633670076 ], [ 135.513920217727446, 34.122976704231931 ], [ 135.51495709167574, 34.122897541563766 ], [ 135.51649807967118, 34.123351722703049 ], [ 135.517496052843001, 34.124071272346825 ], [ 135.518005336267777, 34.123790397456858 ], [ 135.519161908782962, 34.12255848755165 ], [ 135.522026366418203, 34.120799166018003 ], [ 135.52227813781505, 34.12046909418536 ], [ 135.522364564698393, 34.119576443067707 ], [ 135.522579524732379, 34.119209322078696 ], [ 135.523356034053279, 34.118716605494853 ], [ 135.524347988066893, 34.118435600066242 ], [ 135.526111627325889, 34.117518562345467 ], [ 135.526387353689444, 34.117208718716711 ], [ 135.529194891022058, 34.115636778799548 ], [ 135.531006785813446, 34.11502018174739 ], [ 135.533091474826108, 34.11461082710813 ], [ 135.53280439182268, 34.113290180549221 ], [ 135.532878389643884, 34.112288147921504 ], [ 135.532507162752125, 34.111125948977978 ], [ 135.532531475038581, 34.11073807772032 ], [ 135.532715406319682, 34.110273752114821 ], [ 135.534185587275999, 34.108832120984665 ], [ 135.53409583530842, 34.107637039395833 ], [ 135.534473037125395, 34.104315833677546 ], [ 135.532960802276847, 34.101969955789507 ], [ 135.53281766340919, 34.101366485233022 ], [ 135.531227808715016, 34.100360551619438 ], [ 135.530326899253367, 34.100148072647237 ], [ 135.528740044442173, 34.100165406757078 ], [ 135.527941222353263, 34.100395354494651 ], [ 135.527096188087768, 34.100697809687716 ], [ 135.526137531801623, 34.101379330634408 ], [ 135.52523952989219, 34.102311547241506 ], [ 135.521889798307114, 34.10435957894196 ], [ 135.521096401629279, 34.104539357649266 ], [ 135.519596731163602, 34.104553254072449 ], [ 135.517200475048924, 34.105046397342157 ], [ 135.515795754158347, 34.104710692654557 ], [ 135.513850966932239, 34.105062269352715 ], [ 135.512355212845989, 34.105737617208405 ], [ 135.511403695104491, 34.106435525651243 ], [ 135.510782239543431, 34.107125013890133 ], [ 135.507272110324152, 34.107868723195025 ], [ 135.505603505018485, 34.108773426894167 ], [ 135.497562645887939, 34.112237488650642 ], [ 135.494916363026761, 34.112416730318493 ], [ 135.495912186432292, 34.115654857101632 ], [ 135.496028862811812, 34.116833469673693 ], [ 135.496282329924952, 34.117571702414423 ], [ 135.496363088356901, 34.118344449409527 ], [ 135.495982347062665, 34.119724309230207 ], [ 135.49597371836586, 34.120533309730611 ], [ 135.497037747201972, 34.123262701472008 ], [ 135.499461654196864, 34.127644567119631 ], [ 135.500293771287829, 34.129908948392803 ], [ 135.502575423738875, 34.128395646435273 ], [ 135.503155516058257, 34.127814498034525 ], [ 135.50330115959099, 34.127274840297019 ], [ 135.503185041912246, 34.125672794719314 ], [ 135.503302835820961, 34.124649268797135 ], [ 135.503762957031654, 34.123727989361974 ], [ 135.504469607175082, 34.123150163001355 ], [ 135.506202265145362, 34.122402619354609 ] ] ] } },
{ "type": "Feature", "properties": { "CITY_NAME": "有田川町", "S_NAME": "大字押手", "JINKO": 52, "medical_area": "30_有田医療圏", "町丁目名": "有田川町大字押手" }, "geometry": { "type": "Polygon", "coordinates": [ [ [ 135.48884413621434, 34.154717829477683 ], [ 135.489116684866701, 34.154627811530311 ], [ 135.489487193228712, 34.153991902811846 ], [ 135.489840186935623, 34.153802479028499 ], [ 135.491526016779687, 34.153439916732417 ], [ 135.493253475612306, 34.153453203239906 ], [ 135.494665783829049, 34.152636856078971 ], [ 135.497126062112841, 34.151527661971066 ], [ 135.497965921900658, 34.151681811026194 ], [ 135.498222329060667, 34.151538179230464 ], [ 135.498877619038183, 34.1506371523258 ], [ 135.499087587711784, 34.149891247683634 ], [ 135.500047110184113, 34.149208390403423 ], [ 135.50048349373634, 34.148689779518641 ], [ 135.500578430501577, 34.147974398245523 ], [ 135.500865061196862, 34.147413623289168 ], [ 135.502819250766834, 34.145418466787646 ], [ 135.50335948486412, 34.144547660604623 ], [ 135.504390895023562, 34.143906611300324 ], [ 135.506358153309236, 34.143463421491369 ], [ 135.506227816553775, 34.142626962600723 ], [ 135.506534967441098, 34.141712096637335 ], [ 135.506515287993466, 34.140959054052288 ], [ 135.506871863180208, 34.140138346300319 ], [ 135.506539195937421, 34.139076246352332 ], [ 135.506598888623614, 34.138046424128319 ], [ 135.508164758088128, 34.138056615102663 ], [ 135.509000945281315, 34.137949780119023 ], [ 135.509635756838094, 34.137678305396747 ], [ 135.510768390307504, 34.13679758089345 ], [ 135.511228118001043, 34.135732461290416 ], [ 135.512332729642566, 34.135205634932895 ], [ 135.512731627257835, 34.134739248462175 ], [ 135.512914043844916, 34.134239601298916 ], [ 135.512918484041677, 34.133460465394592 ], [ 135.514600728483799, 34.130980761234838 ], [ 135.515661187316624, 34.130723206957228 ], [ 135.515442256654637, 34.129824715248716 ], [ 135.514680850019118, 34.129259778466427 ], [ 135.513831075602269, 34.127964775860995 ], [ 135.513822167759201, 34.127573538309974 ], [ 135.515050526940655, 34.12676104782507 ], [ 135.516685856890064, 34.12468736597139 ], [ 135.517496052843001, 34.124071272346825 ], [ 135.51649807967118, 34.12335172270307 ], [ 135.51495709167574, 34.122897541563766 ], [ 135.513920217727446, 34.122976704231931 ], [ 135.512588536930565, 34.123565633670054 ], [ 135.508637836865745, 34.122376028094443 ], [ 135.506202265145362, 34.122402619354631 ], [ 135.504469607175054, 34.123150163001355 ], [ 135.503762957031654, 34.123727989361974 ], [ 135.503302835820961, 34.124649268797135 ], [ 135.503185041912246, 34.12567279471935 ], [ 135.50330115959099, 34.127274840297048 ], [ 135.503155516058257, 34.127814498034525 ], [ 135.502575423738875, 34.128395646435273 ], [ 135.498618325202045, 34.131075324172933 ], [ 135.498697029705511, 34.131757326588165 ], [ 135.498462594211333, 34.132719518355167 ], [ 135.49722761273344, 34.134725447583321 ], [ 135.496174219088687, 34.135873626880382 ], [ 135.491514775544573, 34.139612277002009 ], [ 135.486448634084212, 34.143014650110423 ], [ 135.482201756134288, 34.146419828091268 ], [ 135.481631823740457, 34.147074885914151 ], [ 135.480913555682775, 34.148567793742409 ], [ 135.47994051452244, 34.149983833880675 ], [ 135.481047400578319, 34.150534522046009 ], [ 135.482049718184754, 34.151495123674955 ], [ 135.482913798038254, 34.151771902128701 ], [ 135.483269199129211, 34.152246865990023 ], [ 135.484113049050649, 34.152452832590996 ], [ 135.484273160086531, 34.152944162498486 ], [ 135.484611560058937, 34.153186046243675 ], [ 135.487047499411915, 34.153305208577692 ], [ 135.488271636353261, 34.154060555262411 ], [ 135.48884413621434, 34.154717829477683 ] ] ] } },
{ "type": "Feature", "properties": { "CITY_NAME": "有田川町", "S_NAME": "大字沼谷", "JINKO": 32, "medical_area": "30_有田医療圏", "町丁目名": "有田川町大字沼谷" }, "geometry": { "type": "Polygon", "coordinates": [ [ [ 135.486448634084212, 34.143014650110423 ], [ 135.485732079110107, 34.142757107981531 ], [ 135.485203281951527, 34.142256210966259 ], [ 135.484134860920079, 34.139415400368776 ], [ 135.483399061924445, 34.138440014848996 ], [ 135.482708901217194, 34.13781911478609 ], [ 135.481903705941477, 34.135101530901316 ], [ 135.481047766153097, 34.133959113098292 ], [ 135.479714723911769, 34.132767342343783 ], [ 135.477548478542758, 34.131802357067613 ], [ 135.476609678280397, 34.131079211943543 ], [ 135.476071689558779, 34.130356917418645 ], [ 135.474995619599355, 34.128161594277934 ], [ 135.47364891308996, 34.126223336017965 ], [ 135.472696117097257, 34.125328512843275 ], [ 135.471295927600977, 34.123572009251419 ], [ 135.470066972207889, 34.12139725844257 ], [ 135.468759403852488, 34.120050775276752 ], [ 135.467083317103203, 34.119176872625594 ], [ 135.466978589590553, 34.118629120671137 ], [ 135.467352790589757, 34.117881148838123 ], [ 135.46867127290335, 34.117467050963185 ], [ 135.468753429905547, 34.117294976718654 ], [ 135.46847713670212, 34.116799032717623 ], [ 135.468570453928521, 34.116289755524221 ], [ 135.466517454704359, 34.116571053381165 ], [ 135.461405646005318, 34.118092049996832 ], [ 135.460506049073729, 34.117571365476067 ], [ 135.459063427053422, 34.115190117083465 ], [ 135.457288297437117, 34.115615687244855 ], [ 135.456097779720096, 34.116340344536539 ], [ 135.455244928190126, 34.117238484191532 ], [ 135.454660349033304, 34.119754211575355 ], [ 135.453988167487097, 34.120667921707671 ], [ 135.451607972780835, 34.123168051685468 ], [ 135.450214555084472, 34.126897713601998 ], [ 135.450766445557207, 34.127989708332187 ], [ 135.452167498656678, 34.129693352034018 ], [ 135.453554466746965, 34.130022120234763 ], [ 135.456766480951558, 34.131827390936373 ], [ 135.457316962071673, 34.131913777125128 ], [ 135.457756008522665, 34.132194495835499 ], [ 135.458056535013611, 34.132600542480951 ], [ 135.458256198425715, 34.135144575435 ], [ 135.458584871163566, 34.13545537147187 ], [ 135.458904330952123, 34.136130840969528 ], [ 135.46079239763796, 34.13783636400192 ], [ 135.463427950098435, 34.139352554327331 ], [ 135.464409715744921, 34.139567713693175 ], [ 135.465224826039815, 34.140557931285521 ], [ 135.46621788728433, 34.141170806359739 ], [ 135.467270258086643, 34.141425546382195 ], [ 135.467961265784282, 34.141821844809854 ], [ 135.468817988656923, 34.142522431164537 ], [ 135.468978876461847, 34.142872768772115 ], [ 135.469562600190784, 34.143163360928902 ], [ 135.470046985948841, 34.143927135432726 ], [ 135.4704173880653, 34.144180883819125 ], [ 135.471648254818604, 34.144554673382196 ], [ 135.472799918762576, 34.145468368347288 ], [ 135.473531344924822, 34.145652800841404 ], [ 135.476101548245367, 34.148168907809307 ], [ 135.47994051452244, 34.149983833880675 ], [ 135.480913555682775, 34.148567793742409 ], [ 135.481631823740457, 34.147074885914151 ], [ 135.482201756134288, 34.146419828091268 ], [ 135.486448634084212, 34.143014650110423 ] ] ] } }
]
}
