{
"type": "FeatureCollection",
"name": "geo_30_3",
"crs": { "type": "name", "properties": { "name": "urn:ogc:def:crs:OGC:1.3:CRS84" } },
"features": [
{ "type": "Feature", "properties": { "ID": 3033000100000, "正式名称": "森本歯科医院", "機関区分": 3, "都道府県コード": 30, "市区町村コード": 201, "所在地": "和歌山県和歌山市加太１１９４", "緯度": 34.275628, "経度": 135.076801, "url": "https://www.iryou.teikyouseido.mhlw.go.jp/znk-web/juminkanja/S2430/initialize?prefCd=30&kikanCd=3000100000&kikanKbn=3", "url2": null, "内容": "森本歯科医院【3:歯科】和歌山県和歌山市加太１１９４" }, "geometry": { "type": "Point", "coordinates": [ 135.076801, 34.275628 ] } },
{ "type": "Feature", "properties": { "ID": 3033000300000, "正式名称": "武田歯科医院", "機関区分": 3, "都道府県コード": 30, "市区町村コード": 201, "所在地": "和歌山県和歌山市西庄７７９－１", "緯度": 34.254631, "経度": 135.11777, "url": "https://www.iryou.teikyouseido.mhlw.go.jp/znk-web/juminkanja/S2430/initialize?prefCd=30&kikanCd=3000300000&kikanKbn=3", "url2": "http://www.takedashika.com", "内容": "武田歯科医院【3:歯科】和歌山県和歌山市西庄７７９－１" }, "geometry": { "type": "Point", "coordinates": [ 135.11777, 34.254631 ] } },
{ "type": "Feature", "properties": { "ID": 3033000400000, "正式名称": "グリーン歯科", "機関区分": 3, "都道府県コード": 30, "市区町村コード": 201, "所在地": "和歌山県和歌山市西庄８６－５", "緯度": 34.26238, "経度": 135.118075, "url": "https://www.iryou.teikyouseido.mhlw.go.jp/znk-web/juminkanja/S2430/initialize?prefCd=30&kikanCd=3000400000&kikanKbn=3", "url2": "http://www.green-dental.jp/", "内容": "グリーン歯科【3:歯科】和歌山県和歌山市西庄８６－５" }, "geometry": { "type": "Point", "coordinates": [ 135.118075, 34.26238 ] } },
{ "type": "Feature", "properties": { "ID": 3033000600000, "正式名称": "湯川歯科医院", "機関区分": 3, "都道府県コード": 30, "市区町村コード": 201, "所在地": "和歌山県和歌山市西庄２５９－７", "緯度": 34.259742, "経度": 135.118214, "url": "https://www.iryou.teikyouseido.mhlw.go.jp/znk-web/juminkanja/S2430/initialize?prefCd=30&kikanCd=3000600000&kikanKbn=3", "url2": null, "内容": "湯川歯科医院【3:歯科】和歌山県和歌山市西庄２５９－７" }, "geometry": { "type": "Point", "coordinates": [ 135.118214, 34.259742 ] } },
{ "type": "Feature", "properties": { "ID": 3033000700000, "正式名称": "医療法人　野上歯科医院", "機関区分": 3, "都道府県コード": 30, "市区町村コード": 201, "所在地": "和歌山県和歌山市西庄３１１－１２", "緯度": 34.256159, "経度": 135.117214, "url": "https://www.iryou.teikyouseido.mhlw.go.jp/znk-web/juminkanja/S2430/initialize?prefCd=30&kikanCd=3000700000&kikanKbn=3", "url2": null, "内容": "医療法人　野上歯科医院【3:歯科】和歌山県和歌山市西庄３１１－１２" }, "geometry": { "type": "Point", "coordinates": [ 135.117214, 34.256159 ] } },
{ "type": "Feature", "properties": { "ID": 3033001200000, "正式名称": "南出歯科医院", "機関区分": 3, "都道府県コード": 30, "市区町村コード": 201, "所在地": "和歌山県和歌山市江南２３１－５", "緯度": 34.192085, "経度": 135.223903, "url": "https://www.iryou.teikyouseido.mhlw.go.jp/znk-web/juminkanja/S2430/initialize?prefCd=30&kikanCd=3001200000&kikanKbn=3", "url2": null, "内容": "南出歯科医院【3:歯科】和歌山県和歌山市江南２３１－５" }, "geometry": { "type": "Point", "coordinates": [ 135.223903, 34.192085 ] } },
{ "type": "Feature", "properties": { "ID": 3033001300000, "正式名称": "谷口歯科医院", "機関区分": 3, "都道府県コード": 30, "市区町村コード": 201, "所在地": "和歌山県和歌山市吉礼６４－５", "緯度": 34.203223, "経度": 135.237541, "url": "https://www.iryou.teikyouseido.mhlw.go.jp/znk-web/juminkanja/S2430/initialize?prefCd=30&kikanCd=3001300000&kikanKbn=3", "url2": null, "内容": "谷口歯科医院【3:歯科】和歌山県和歌山市吉礼６４－５" }, "geometry": { "type": "Point", "coordinates": [ 135.237541, 34.203223 ] } },
{ "type": "Feature", "properties": { "ID": 3033001400000, "正式名称": "田井歯科医院", "機関区分": 3, "都道府県コード": 30, "市区町村コード": 201, "所在地": "和歌山県和歌山市馬場６５－４", "緯度": 34.192779, "経度": 135.227653, "url": "https://www.iryou.teikyouseido.mhlw.go.jp/znk-web/juminkanja/S2430/initialize?prefCd=30&kikanCd=3001400000&kikanKbn=3", "url2": null, "内容": "田井歯科医院【3:歯科】和歌山県和歌山市馬場６５－４" }, "geometry": { "type": "Point", "coordinates": [ 135.227653, 34.192779 ] } },
{ "type": "Feature", "properties": { "ID": 3033001500000, "正式名称": "﨑山歯科医院", "機関区分": 3, "都道府県コード": 30, "市区町村コード": 208, "所在地": "和歌山県紀の川市貴志川町丸栖３４－７", "緯度": 34.231498, "経度": 135.323226, "url": "https://www.iryou.teikyouseido.mhlw.go.jp/znk-web/juminkanja/S2430/initialize?prefCd=30&kikanCd=3001500000&kikanKbn=3", "url2": null, "内容": "﨑山歯科医院【3:歯科】和歌山県紀の川市貴志川町丸栖３４－７" }, "geometry": { "type": "Point", "coordinates": [ 135.323226, 34.231498 ] } },
{ "type": "Feature", "properties": { "ID": 3033001600000, "正式名称": "山本歯科矯正", "機関区分": 3, "都道府県コード": 30, "市区町村コード": 208, "所在地": "和歌山県紀の川市貴志川町北山３７９", "緯度": 34.227777, "経度": 135.320338, "url": "https://www.iryou.teikyouseido.mhlw.go.jp/znk-web/juminkanja/S2430/initialize?prefCd=30&kikanCd=3001600000&kikanKbn=3", "url2": null, "内容": "山本歯科矯正【3:歯科】和歌山県紀の川市貴志川町北山３７９" }, "geometry": { "type": "Point", "coordinates": [ 135.320338, 34.227777 ] } },
{ "type": "Feature", "properties": { "ID": 3033001700000, "正式名称": "田原歯科", "機関区分": 3, "都道府県コード": 30, "市区町村コード": 208, "所在地": "和歌山県紀の川市貴志川町前田８６－７", "緯度": 34.222916, "経度": 135.317783, "url": "https://www.iryou.teikyouseido.mhlw.go.jp/znk-web/juminkanja/S2430/initialize?prefCd=30&kikanCd=3001700000&kikanKbn=3", "url2": "http://taharashika.com/", "内容": "田原歯科【3:歯科】和歌山県紀の川市貴志川町前田８６－７" }, "geometry": { "type": "Point", "coordinates": [ 135.317783, 34.222916 ] } },
{ "type": "Feature", "properties": { "ID": 3033001900000, "正式名称": "医療法人　山中歯科医院", "機関区分": 3, "都道府県コード": 30, "市区町村コード": 208, "所在地": "和歌山県紀の川市貴志川町神戸７８４", "緯度": 34.208001, "経度": 135.312506, "url": "https://www.iryou.teikyouseido.mhlw.go.jp/znk-web/juminkanja/S2430/initialize?prefCd=30&kikanCd=3001900000&kikanKbn=3", "url2": "http://www.yamanaka-shika.com", "内容": "医療法人　山中歯科医院【3:歯科】和歌山県紀の川市貴志川町神戸７８４" }, "geometry": { "type": "Point", "coordinates": [ 135.312506, 34.208001 ] } },
{ "type": "Feature", "properties": { "ID": 3033002000000, "正式名称": "吉村歯科医院", "機関区分": 3, "都道府県コード": 30, "市区町村コード": 208, "所在地": "和歌山県紀の川市貴志川町長原２４８－８", "緯度": 34.215556, "経度": 135.304257, "url": "https://www.iryou.teikyouseido.mhlw.go.jp/znk-web/juminkanja/S2430/initialize?prefCd=30&kikanCd=3002000000&kikanKbn=3", "url2": "http://www.yoshimura-shika.net/", "内容": "吉村歯科医院【3:歯科】和歌山県紀の川市貴志川町長原２４８－８" }, "geometry": { "type": "Point", "coordinates": [ 135.304257, 34.215556 ] } },
{ "type": "Feature", "properties": { "ID": 3033002100000, "正式名称": "はぎはら歯科", "機関区分": 3, "都道府県コード": 30, "市区町村コード": 208, "所在地": "和歌山県紀の川市貴志川町長原１０２", "緯度": 34.215639, "経度": 135.298423, "url": "https://www.iryou.teikyouseido.mhlw.go.jp/znk-web/juminkanja/S2430/initialize?prefCd=30&kikanCd=3002100000&kikanKbn=3", "url2": null, "内容": "はぎはら歯科【3:歯科】和歌山県紀の川市貴志川町長原１０２" }, "geometry": { "type": "Point", "coordinates": [ 135.298423, 34.215639 ] } },
{ "type": "Feature", "properties": { "ID": 3033002200000, "正式名称": "中西歯科医院", "機関区分": 3, "都道府県コード": 30, "市区町村コード": 208, "所在地": "和歌山県紀の川市貴志川町長山２７７－１７６", "緯度": 34.208584, "経度": 135.288424, "url": "https://www.iryou.teikyouseido.mhlw.go.jp/znk-web/juminkanja/S2430/initialize?prefCd=30&kikanCd=3002200000&kikanKbn=3", "url2": null, "内容": "中西歯科医院【3:歯科】和歌山県紀の川市貴志川町長山２７７－１７６" }, "geometry": { "type": "Point", "coordinates": [ 135.288424, 34.208584 ] } },
{ "type": "Feature", "properties": { "ID": 3033002300000, "正式名称": "北村歯科医院", "機関区分": 3, "都道府県コード": 30, "市区町村コード": 208, "所在地": "和歌山県紀の川市貴志川町北８１０", "緯度": 34.214097, "経度": 135.327309, "url": "https://www.iryou.teikyouseido.mhlw.go.jp/znk-web/juminkanja/S2430/initialize?prefCd=30&kikanCd=3002300000&kikanKbn=3", "url2": null, "内容": "北村歯科医院【3:歯科】和歌山県紀の川市貴志川町北８１０" }, "geometry": { "type": "Point", "coordinates": [ 135.327309, 34.214097 ] } },
{ "type": "Feature", "properties": { "ID": 3033002400000, "正式名称": "西田歯科医院", "機関区分": 3, "都道府県コード": 30, "市区町村コード": 304, "所在地": "和歌山県海草郡紀美野町下佐々１０３５－４", "緯度": 34.15534, "経度": 135.316897, "url": "https://www.iryou.teikyouseido.mhlw.go.jp/znk-web/juminkanja/S2430/initialize?prefCd=30&kikanCd=3002400000&kikanKbn=3", "url2": null, "内容": "西田歯科医院【3:歯科】和歌山県海草郡紀美野町下佐々１０３５－４" }, "geometry": { "type": "Point", "coordinates": [ 135.316897, 34.15534 ] } },
{ "type": "Feature", "properties": { "ID": 3033002600000, "正式名称": "石山歯科医院", "機関区分": 3, "都道府県コード": 30, "市区町村コード": 202, "所在地": "和歌山県海南市野上中１５６", "緯度": 34.162561, "経度": 135.280511, "url": "https://www.iryou.teikyouseido.mhlw.go.jp/znk-web/juminkanja/S2430/initialize?prefCd=30&kikanCd=3002600000&kikanKbn=3", "url2": "http://www.dental-ishiyama.net", "内容": "石山歯科医院【3:歯科】和歌山県海南市野上中１５６" }, "geometry": { "type": "Point", "coordinates": [ 135.280511, 34.162561 ] } },
{ "type": "Feature", "properties": { "ID": 3033002700000, "正式名称": "今西歯科医院", "機関区分": 3, "都道府県コード": 30, "市区町村コード": 202, "所在地": "和歌山県海南市溝ノ口３２３", "緯度": 34.159339, "経度": 135.291704, "url": "https://www.iryou.teikyouseido.mhlw.go.jp/znk-web/juminkanja/S2430/initialize?prefCd=30&kikanCd=3002700000&kikanKbn=3", "url2": null, "内容": "今西歯科医院【3:歯科】和歌山県海南市溝ノ口３２３" }, "geometry": { "type": "Point", "coordinates": [ 135.291704, 34.159339 ] } },
{ "type": "Feature", "properties": { "ID": 3033002800000, "正式名称": "林歯科医院", "機関区分": 3, "都道府県コード": 30, "市区町村コード": 202, "所在地": "和歌山県海南市沖野々３４９", "緯度": 34.162339, "経度": 135.274817, "url": "https://www.iryou.teikyouseido.mhlw.go.jp/znk-web/juminkanja/S2430/initialize?prefCd=30&kikanCd=3002800000&kikanKbn=3", "url2": null, "内容": "林歯科医院【3:歯科】和歌山県海南市沖野々３４９" }, "geometry": { "type": "Point", "coordinates": [ 135.274817, 34.162339 ] } },
{ "type": "Feature", "properties": { "ID": 3033002900000, "正式名称": "井内歯科医院", "機関区分": 3, "都道府県コード": 30, "市区町村コード": 202, "所在地": "和歌山県海南市沖野々３３４－６", "緯度": 34.161144, "経度": 135.272178, "url": "https://www.iryou.teikyouseido.mhlw.go.jp/znk-web/juminkanja/S2430/initialize?prefCd=30&kikanCd=3002900000&kikanKbn=3", "url2": null, "内容": "井内歯科医院【3:歯科】和歌山県海南市沖野々３３４－６" }, "geometry": { "type": "Point", "coordinates": [ 135.272178, 34.161144 ] } },
{ "type": "Feature", "properties": { "ID": 3033003000000, "正式名称": "河野歯科", "機関区分": 3, "都道府県コード": 30, "市区町村コード": 304, "所在地": "和歌山県海草郡紀美野町福田１３６－６", "緯度": 34.156285, "経度": 135.343506, "url": "https://www.iryou.teikyouseido.mhlw.go.jp/znk-web/juminkanja/S2430/initialize?prefCd=30&kikanCd=3003000000&kikanKbn=3", "url2": null, "内容": "河野歯科【3:歯科】和歌山県海草郡紀美野町福田１３６－６" }, "geometry": { "type": "Point", "coordinates": [ 135.343506, 34.156285 ] } },
{ "type": "Feature", "properties": { "ID": 3033003200000, "正式名称": "藤原歯科医院", "機関区分": 3, "都道府県コード": 30, "市区町村コード": 201, "所在地": "和歌山県和歌山市北新戎ノ丁２５", "緯度": 34.238357, "経度": 135.178071, "url": "https://www.iryou.teikyouseido.mhlw.go.jp/znk-web/juminkanja/S2430/initialize?prefCd=30&kikanCd=3003200000&kikanKbn=3", "url2": "http://www.fujiwarashika.com/", "内容": "藤原歯科医院【3:歯科】和歌山県和歌山市北新戎ノ丁２５" }, "geometry": { "type": "Point", "coordinates": [ 135.178071, 34.238357 ] } },
{ "type": "Feature", "properties": { "ID": 3033003300000, "正式名称": "元寺町いわはし歯科クリニック", "機関区分": 3, "都道府県コード": 30, "市区町村コード": 201, "所在地": "和歌山県和歌山市元寺町５－５３", "緯度": 34.23894, "経度": 135.17671, "url": "https://www.iryou.teikyouseido.mhlw.go.jp/znk-web/juminkanja/S2430/initialize?prefCd=30&kikanCd=3003300000&kikanKbn=3", "url2": "https://dental-iwahashi.com", "内容": "元寺町いわはし歯科クリニック【3:歯科】和歌山県和歌山市元寺町５－５３" }, "geometry": { "type": "Point", "coordinates": [ 135.17671, 34.23894 ] } },
{ "type": "Feature", "properties": { "ID": 3033003500000, "正式名称": "医療法人　孝紀会　中西歯科医院", "機関区分": 3, "都道府県コード": 30, "市区町村コード": 201, "所在地": "和歌山県和歌山市元寺町２－２１　前田ビル２階", "緯度": 34.235301, "経度": 135.176599, "url": "https://www.iryou.teikyouseido.mhlw.go.jp/znk-web/juminkanja/S2430/initialize?prefCd=30&kikanCd=3003500000&kikanKbn=3", "url2": null, "内容": "医療法人　孝紀会　中西歯科医院【3:歯科】和歌山県和歌山市元寺町２－２１　前田ビル２階" }, "geometry": { "type": "Point", "coordinates": [ 135.176599, 34.235301 ] } },
{ "type": "Feature", "properties": { "ID": 3033004000000, "正式名称": "太田矯正歯科クリニック", "機関区分": 3, "都道府県コード": 30, "市区町村コード": 201, "所在地": "和歌山県和歌山市本町２－２７　松屋ビル３Ｆ", "緯度": 34.234912, "経度": 135.174572, "url": "https://www.iryou.teikyouseido.mhlw.go.jp/znk-web/juminkanja/S2430/initialize?prefCd=30&kikanCd=3004000000&kikanKbn=3", "url2": "http://www.ota-ortho.com/", "内容": "太田矯正歯科クリニック【3:歯科】和歌山県和歌山市本町２－２７　松屋ビル３Ｆ" }, "geometry": { "type": "Point", "coordinates": [ 135.174572, 34.234912 ] } },
{ "type": "Feature", "properties": { "ID": 3033004200000, "正式名称": "川崎歯科", "機関区分": 3, "都道府県コード": 30, "市区町村コード": 201, "所在地": "和歌山県和歌山市万町４番地　ニューリチャードビル２Ｆ", "緯度": 34.233912, "経度": 135.172683, "url": "https://www.iryou.teikyouseido.mhlw.go.jp/znk-web/juminkanja/S2430/initialize?prefCd=30&kikanCd=3004200000&kikanKbn=3", "url2": null, "内容": "川崎歯科【3:歯科】和歌山県和歌山市万町４番地　ニューリチャードビル２Ｆ" }, "geometry": { "type": "Point", "coordinates": [ 135.172683, 34.233912 ] } },
{ "type": "Feature", "properties": { "ID": 3033004600000, "正式名称": "角野歯科医院", "機関区分": 3, "都道府県コード": 30, "市区町村コード": 201, "所在地": "和歌山県和歌山市一筋目７", "緯度": 34.237495, "経度": 135.169711, "url": "https://www.iryou.teikyouseido.mhlw.go.jp/znk-web/juminkanja/S2430/initialize?prefCd=30&kikanCd=3004600000&kikanKbn=3", "url2": "https://kadono.dental/", "内容": "角野歯科医院【3:歯科】和歌山県和歌山市一筋目７" }, "geometry": { "type": "Point", "coordinates": [ 135.169711, 34.237495 ] } },
{ "type": "Feature", "properties": { "ID": 3033004700000, "正式名称": "岩橋歯科医院", "機関区分": 3, "都道府県コード": 30, "市区町村コード": 201, "所在地": "和歌山県和歌山市三木町中ノ丁１", "緯度": 34.230941, "経度": 135.178016, "url": "https://www.iryou.teikyouseido.mhlw.go.jp/znk-web/juminkanja/S2430/initialize?prefCd=30&kikanCd=3004700000&kikanKbn=3", "url2": null, "内容": "岩橋歯科医院【3:歯科】和歌山県和歌山市三木町中ノ丁１" }, "geometry": { "type": "Point", "coordinates": [ 135.178016, 34.230941 ] } },
{ "type": "Feature", "properties": { "ID": 3033005100000, "正式名称": "平歯科医院", "機関区分": 3, "都道府県コード": 30, "市区町村コード": 201, "所在地": "和歌山県和歌山市広瀬通丁３－４０", "緯度": 34.22633, "経度": 135.183766, "url": "https://www.iryou.teikyouseido.mhlw.go.jp/znk-web/juminkanja/S2430/initialize?prefCd=30&kikanCd=3005100000&kikanKbn=3", "url2": null, "内容": "平歯科医院【3:歯科】和歌山県和歌山市広瀬通丁３－４０" }, "geometry": { "type": "Point", "coordinates": [ 135.183766, 34.22633 ] } },
{ "type": "Feature", "properties": { "ID": 3033005400000, "正式名称": "梅本歯科医院", "機関区分": 3, "都道府県コード": 30, "市区町村コード": 201, "所在地": "和歌山県和歌山市堀止東１－２－２９", "緯度": 34.214276, "経度": 135.170684, "url": "https://www.iryou.teikyouseido.mhlw.go.jp/znk-web/juminkanja/S2430/initialize?prefCd=30&kikanCd=3005400000&kikanKbn=3", "url2": null, "内容": "梅本歯科医院【3:歯科】和歌山県和歌山市堀止東１－２－２９" }, "geometry": { "type": "Point", "coordinates": [ 135.170684, 34.214276 ] } },
{ "type": "Feature", "properties": { "ID": 3033005700000, "正式名称": "さわデンタルクリニック", "機関区分": 3, "都道府県コード": 30, "市区町村コード": 201, "所在地": "和歌山県和歌山市三番丁２", "緯度": 34.228858, "経度": 135.176683, "url": "https://www.iryou.teikyouseido.mhlw.go.jp/znk-web/juminkanja/S2430/initialize?prefCd=30&kikanCd=3005700000&kikanKbn=3", "url2": null, "内容": "さわデンタルクリニック【3:歯科】和歌山県和歌山市三番丁２" }, "geometry": { "type": "Point", "coordinates": [ 135.176683, 34.228858 ] } },
{ "type": "Feature", "properties": { "ID": 3033005900000, "正式名称": "大平歯科医院", "機関区分": 3, "都道府県コード": 30, "市区町村コード": 201, "所在地": "和歌山県和歌山市十三番丁１３番丁４", "緯度": 34.232108, "経度": 135.168045, "url": "https://www.iryou.teikyouseido.mhlw.go.jp/znk-web/juminkanja/S2430/initialize?prefCd=30&kikanCd=3005900000&kikanKbn=3", "url2": null, "内容": "大平歯科医院【3:歯科】和歌山県和歌山市十三番丁１３番丁４" }, "geometry": { "type": "Point", "coordinates": [ 135.168045, 34.232108 ] } },
{ "type": "Feature", "properties": { "ID": 3033006000000, "正式名称": "水島歯科医院", "機関区分": 3, "都道府県コード": 30, "市区町村コード": 201, "所在地": "和歌山県和歌山市屋形町３－４３", "緯度": 34.226469, "経度": 135.178489, "url": "https://www.iryou.teikyouseido.mhlw.go.jp/znk-web/juminkanja/S2430/initialize?prefCd=30&kikanCd=3006000000&kikanKbn=3", "url2": "http://www.eonet.ne.jp/~mizushimasika/", "内容": "水島歯科医院【3:歯科】和歌山県和歌山市屋形町３－４３" }, "geometry": { "type": "Point", "coordinates": [ 135.178489, 34.226469 ] } },
{ "type": "Feature", "properties": { "ID": 3033006100000, "正式名称": "楠山歯科医院", "機関区分": 3, "都道府県コード": 30, "市区町村コード": 201, "所在地": "和歌山県和歌山市屋形町５－１８", "緯度": 34.223636, "経度": 135.1781, "url": "https://www.iryou.teikyouseido.mhlw.go.jp/znk-web/juminkanja/S2430/initialize?prefCd=30&kikanCd=3006100000&kikanKbn=3", "url2": null, "内容": "楠山歯科医院【3:歯科】和歌山県和歌山市屋形町５－１８" }, "geometry": { "type": "Point", "coordinates": [ 135.1781, 34.223636 ] } },
{ "type": "Feature", "properties": { "ID": 3033006200000, "正式名称": "藤田歯科医院", "機関区分": 3, "都道府県コード": 30, "市区町村コード": 201, "所在地": "和歌山県和歌山市十番丁１０１", "緯度": 34.230496, "経度": 135.174628, "url": "https://www.iryou.teikyouseido.mhlw.go.jp/znk-web/juminkanja/S2430/initialize?prefCd=30&kikanCd=3006200000&kikanKbn=3", "url2": null, "内容": "藤田歯科医院【3:歯科】和歌山県和歌山市十番丁１０１" }, "geometry": { "type": "Point", "coordinates": [ 135.174628, 34.230496 ] } },
{ "type": "Feature", "properties": { "ID": 3033006400000, "正式名称": "公園前中山歯科", "機関区分": 3, "都道府県コード": 30, "市区町村コード": 201, "所在地": "和歌山県和歌山市六番丁４３　ハピネスビル３階", "緯度": 34.229608, "経度": 135.1766, "url": "https://www.iryou.teikyouseido.mhlw.go.jp/znk-web/juminkanja/S2430/initialize?prefCd=30&kikanCd=3006400000&kikanKbn=3", "url2": null, "内容": "公園前中山歯科【3:歯科】和歌山県和歌山市六番丁４３　ハピネスビル３階" }, "geometry": { "type": "Point", "coordinates": [ 135.1766, 34.229608 ] } },
{ "type": "Feature", "properties": { "ID": 3033006500000, "正式名称": "竹内歯科クリニック", "機関区分": 3, "都道府県コード": 30, "市区町村コード": 201, "所在地": "和歌山県和歌山市八番丁１", "緯度": 34.231152, "経度": 135.167668, "url": "https://www.iryou.teikyouseido.mhlw.go.jp/znk-web/juminkanja/S2430/initialize?prefCd=30&kikanCd=3006500000&kikanKbn=3", "url2": "https://www.eonet.ne.jp/~clinic/", "内容": "竹内歯科クリニック【3:歯科】和歌山県和歌山市八番丁１" }, "geometry": { "type": "Point", "coordinates": [ 135.167668, 34.231152 ] } },
{ "type": "Feature", "properties": { "ID": 3033006700000, "正式名称": "熱田歯科室", "機関区分": 3, "都道府県コード": 30, "市区町村コード": 201, "所在地": "和歌山県和歌山市十一番丁４４", "緯度": 34.231996, "経度": 135.176072, "url": "https://www.iryou.teikyouseido.mhlw.go.jp/znk-web/juminkanja/S2430/initialize?prefCd=30&kikanCd=3006700000&kikanKbn=3", "url2": null, "内容": "熱田歯科室【3:歯科】和歌山県和歌山市十一番丁４４" }, "geometry": { "type": "Point", "coordinates": [ 135.176072, 34.231996 ] } },
{ "type": "Feature", "properties": { "ID": 3033006800000, "正式名称": "谷口歯科医院", "機関区分": 3, "都道府県コード": 30, "市区町村コード": 201, "所在地": "和歌山県和歌山市十一番丁９　京橋ビル３Ｆ", "緯度": 34.232274, "経度": 135.174711, "url": "https://www.iryou.teikyouseido.mhlw.go.jp/znk-web/juminkanja/S2430/initialize?prefCd=30&kikanCd=3006800000&kikanKbn=3", "url2": null, "内容": "谷口歯科医院【3:歯科】和歌山県和歌山市十一番丁９　京橋ビル３Ｆ" }, "geometry": { "type": "Point", "coordinates": [ 135.174711, 34.232274 ] } },
{ "type": "Feature", "properties": { "ID": 3033007100000, "正式名称": "内藤歯科", "機関区分": 3, "都道府県コード": 30, "市区町村コード": 201, "所在地": "和歌山県和歌山市東蔵前丁４　ファーストビル３階", "緯度": 34.235495, "経度": 135.166961, "url": "https://www.iryou.teikyouseido.mhlw.go.jp/znk-web/juminkanja/S2430/initialize?prefCd=30&kikanCd=3007100000&kikanKbn=3", "url2": "http://naito.dental-net.jp/", "内容": "内藤歯科【3:歯科】和歌山県和歌山市東蔵前丁４　ファーストビル３階" }, "geometry": { "type": "Point", "coordinates": [ 135.166961, 34.235495 ] } },
{ "type": "Feature", "properties": { "ID": 3033007200000, "正式名称": "戸村矯正歯科クリニック", "機関区分": 3, "都道府県コード": 30, "市区町村コード": 201, "所在地": "和歌山県和歌山市西布経丁１－１", "緯度": 34.236773, "経度": 135.169128, "url": "https://www.iryou.teikyouseido.mhlw.go.jp/znk-web/juminkanja/S2430/initialize?prefCd=30&kikanCd=3007200000&kikanKbn=3", "url2": "http://www.tomura-ortho.com", "内容": "戸村矯正歯科クリニック【3:歯科】和歌山県和歌山市西布経丁１－１" }, "geometry": { "type": "Point", "coordinates": [ 135.169128, 34.236773 ] } },
{ "type": "Feature", "properties": { "ID": 3033007400000, "正式名称": "大河内歯科医院", "機関区分": 3, "都道府県コード": 30, "市区町村コード": 201, "所在地": "和歌山県和歌山市元博労町２２", "緯度": 34.235079, "経度": 135.169767, "url": "https://www.iryou.teikyouseido.mhlw.go.jp/znk-web/juminkanja/S2430/initialize?prefCd=30&kikanCd=3007400000&kikanKbn=3", "url2": "https://wakayamashi-dental.jimdofree.com/", "内容": "大河内歯科医院【3:歯科】和歌山県和歌山市元博労町２２" }, "geometry": { "type": "Point", "coordinates": [ 135.169767, 34.235079 ] } },
{ "type": "Feature", "properties": { "ID": 3033007500000, "正式名称": "医療法人　天響会　沖殿歯科医院", "機関区分": 3, "都道府県コード": 30, "市区町村コード": 201, "所在地": "和歌山県和歌山市下町１８", "緯度": 34.230913, "経度": 135.16324, "url": "https://www.iryou.teikyouseido.mhlw.go.jp/znk-web/juminkanja/S2430/initialize?prefCd=30&kikanCd=3007500000&kikanKbn=3", "url2": "http://okidono.com", "内容": "医療法人　天響会　沖殿歯科医院【3:歯科】和歌山県和歌山市下町１８" }, "geometry": { "type": "Point", "coordinates": [ 135.16324, 34.230913 ] } },
{ "type": "Feature", "properties": { "ID": 3033007600000, "正式名称": "野村歯科医院", "機関区分": 3, "都道府県コード": 30, "市区町村コード": 201, "所在地": "和歌山県和歌山市西汀丁４４", "緯度": 34.229469, "経度": 135.166989, "url": "https://www.iryou.teikyouseido.mhlw.go.jp/znk-web/juminkanja/S2430/initialize?prefCd=30&kikanCd=3007600000&kikanKbn=3", "url2": "http://nomuradental.jp/", "内容": "野村歯科医院【3:歯科】和歌山県和歌山市西汀丁４４" }, "geometry": { "type": "Point", "coordinates": [ 135.166989, 34.229469 ] } },
{ "type": "Feature", "properties": { "ID": 3033007700000, "正式名称": "玉置歯科医院", "機関区分": 3, "都道府県コード": 30, "市区町村コード": 201, "所在地": "和歌山県和歌山市雑賀屋町東ノ丁２１", "緯度": 34.226802, "経度": 135.169183, "url": "https://www.iryou.teikyouseido.mhlw.go.jp/znk-web/juminkanja/S2430/initialize?prefCd=30&kikanCd=3007700000&kikanKbn=3", "url2": "http://www.tamakidc.jp", "内容": "玉置歯科医院【3:歯科】和歌山県和歌山市雑賀屋町東ノ丁２１" }, "geometry": { "type": "Point", "coordinates": [ 135.169183, 34.226802 ] } },
{ "type": "Feature", "properties": { "ID": 3033008200000, "正式名称": "高塚歯科医院", "機関区分": 3, "都道府県コード": 30, "市区町村コード": 201, "所在地": "和歌山県和歌山市湊通丁北３－７", "緯度": 34.223496, "経度": 135.165407, "url": "https://www.iryou.teikyouseido.mhlw.go.jp/znk-web/juminkanja/S2430/initialize?prefCd=30&kikanCd=3008200000&kikanKbn=3", "url2": "http://takatsukasika.com", "内容": "高塚歯科医院【3:歯科】和歌山県和歌山市湊通丁北３－７" }, "geometry": { "type": "Point", "coordinates": [ 135.165407, 34.223496 ] } },
{ "type": "Feature", "properties": { "ID": 3033008400000, "正式名称": "戸村歯科医院", "機関区分": 3, "都道府県コード": 30, "市区町村コード": 201, "所在地": "和歌山県和歌山市小松原５－２－２６", "緯度": 34.218831, "経度": 135.166962, "url": "https://www.iryou.teikyouseido.mhlw.go.jp/znk-web/juminkanja/S2430/initialize?prefCd=30&kikanCd=3008400000&kikanKbn=3", "url2": null, "内容": "戸村歯科医院【3:歯科】和歌山県和歌山市小松原５－２－２６" }, "geometry": { "type": "Point", "coordinates": [ 135.166962, 34.218831 ] } },
{ "type": "Feature", "properties": { "ID": 3033009000000, "正式名称": "神田歯科医院", "機関区分": 3, "都道府県コード": 30, "市区町村コード": 201, "所在地": "和歌山県和歌山市葵町４番２６号", "緯度": 34.213581, "経度": 135.162352, "url": "https://www.iryou.teikyouseido.mhlw.go.jp/znk-web/juminkanja/S2430/initialize?prefCd=30&kikanCd=3009000000&kikanKbn=3", "url2": null, "内容": "神田歯科医院【3:歯科】和歌山県和歌山市葵町４番２６号" }, "geometry": { "type": "Point", "coordinates": [ 135.162352, 34.213581 ] } },
{ "type": "Feature", "properties": { "ID": 3033009100000, "正式名称": "スマイル歯科", "機関区分": 3, "都道府県コード": 30, "市区町村コード": 201, "所在地": "和歌山県和歌山市湊御殿２－３－３７", "緯度": 34.220386, "経度": 135.156435, "url": "https://www.iryou.teikyouseido.mhlw.go.jp/znk-web/juminkanja/S2430/initialize?prefCd=30&kikanCd=3009100000&kikanKbn=3", "url2": "http://smile-dentalclinic.jimdosite.com/", "内容": "スマイル歯科【3:歯科】和歌山県和歌山市湊御殿２－３－３７" }, "geometry": { "type": "Point", "coordinates": [ 135.156435, 34.220386 ] } },
{ "type": "Feature", "properties": { "ID": 3033009200000, "正式名称": "マルヤマ歯科", "機関区分": 3, "都道府県コード": 30, "市区町村コード": 201, "所在地": "和歌山県和歌山市築港１－１６－３", "緯度": 34.22333, "経度": 135.156685, "url": "https://www.iryou.teikyouseido.mhlw.go.jp/znk-web/juminkanja/S2430/initialize?prefCd=30&kikanCd=3009200000&kikanKbn=3", "url2": "https://www.maruyama-dental.info/", "内容": "マルヤマ歯科【3:歯科】和歌山県和歌山市築港１－１６－３" }, "geometry": { "type": "Point", "coordinates": [ 135.156685, 34.22333 ] } },
{ "type": "Feature", "properties": { "ID": 3033009300000, "正式名称": "Ｍ’ｓ　Ｄｅｎｔａｌ", "機関区分": 3, "都道府県コード": 30, "市区町村コード": 201, "所在地": "和歌山県和歌山市西河岸町９９", "緯度": 34.226746, "経度": 135.160573, "url": "https://www.iryou.teikyouseido.mhlw.go.jp/znk-web/juminkanja/S2430/initialize?prefCd=30&kikanCd=3009300000&kikanKbn=3", "url2": null, "内容": "Ｍ’ｓ　Ｄｅｎｔａｌ【3:歯科】和歌山県和歌山市西河岸町９９" }, "geometry": { "type": "Point", "coordinates": [ 135.160573, 34.226746 ] } },
{ "type": "Feature", "properties": { "ID": 3033009400000, "正式名称": "医療法人　仲河歯科医院", "機関区分": 3, "都道府県コード": 30, "市区町村コード": 201, "所在地": "和歌山県和歌山市岩橋２３６番地の３", "緯度": 34.236885, "経度": 135.233512, "url": "https://www.iryou.teikyouseido.mhlw.go.jp/znk-web/juminkanja/S2430/initialize?prefCd=30&kikanCd=3009400000&kikanKbn=3", "url2": null, "内容": "医療法人　仲河歯科医院【3:歯科】和歌山県和歌山市岩橋２３６番地の３" }, "geometry": { "type": "Point", "coordinates": [ 135.233512, 34.236885 ] } },
{ "type": "Feature", "properties": { "ID": 3033009500000, "正式名称": "いずみ歯科", "機関区分": 3, "都道府県コード": 30, "市区町村コード": 201, "所在地": "和歌山県和歌山市鳴神１０５", "緯度": 34.225331, "経度": 135.212014, "url": "https://www.iryou.teikyouseido.mhlw.go.jp/znk-web/juminkanja/S2430/initialize?prefCd=30&kikanCd=3009500000&kikanKbn=3", "url2": "https://www.izumidental.net", "内容": "いずみ歯科【3:歯科】和歌山県和歌山市鳴神１０５" }, "geometry": { "type": "Point", "coordinates": [ 135.212014, 34.225331 ] } },
{ "type": "Feature", "properties": { "ID": 3033009700000, "正式名称": "松本歯科医院", "機関区分": 3, "都道府県コード": 30, "市区町村コード": 201, "所在地": "和歌山県和歌山市栗栖１１０４－１", "緯度": 34.245412, "経度": 135.216263, "url": "https://www.iryou.teikyouseido.mhlw.go.jp/znk-web/juminkanja/S2430/initialize?prefCd=30&kikanCd=3009700000&kikanKbn=3", "url2": null, "内容": "松本歯科医院【3:歯科】和歌山県和歌山市栗栖１１０４－１" }, "geometry": { "type": "Point", "coordinates": [ 135.216263, 34.245412 ] } },
{ "type": "Feature", "properties": { "ID": 3033010000000, "正式名称": "むくだい歯科医院", "機関区分": 3, "都道府県コード": 30, "市区町村コード": 201, "所在地": "和歌山県和歌山市神前３８３－２１", "緯度": 34.21161, "経度": 135.205487, "url": "https://www.iryou.teikyouseido.mhlw.go.jp/znk-web/juminkanja/S2430/initialize?prefCd=30&kikanCd=3010000000&kikanKbn=3", "url2": "https://mukudai-shika.com/", "内容": "むくだい歯科医院【3:歯科】和歌山県和歌山市神前３８３－２１" }, "geometry": { "type": "Point", "coordinates": [ 135.205487, 34.21161 ] } },
{ "type": "Feature", "properties": { "ID": 3033010100000, "正式名称": "秋月歯科医院", "機関区分": 3, "都道府県コード": 30, "市区町村コード": 201, "所在地": "和歌山県和歌山市神前５３４－１", "緯度": 34.207944, "経度": 135.207487, "url": "https://www.iryou.teikyouseido.mhlw.go.jp/znk-web/juminkanja/S2430/initialize?prefCd=30&kikanCd=3010100000&kikanKbn=3", "url2": null, "内容": "秋月歯科医院【3:歯科】和歌山県和歌山市神前５３４－１" }, "geometry": { "type": "Point", "coordinates": [ 135.207487, 34.207944 ] } },
{ "type": "Feature", "properties": { "ID": 3033010200000, "正式名称": "上野山歯科", "機関区分": 3, "都道府県コード": 30, "市区町村コード": 201, "所在地": "和歌山県和歌山市神前３７－６５", "緯度": 34.214221, "経度": 135.208293, "url": "https://www.iryou.teikyouseido.mhlw.go.jp/znk-web/juminkanja/S2430/initialize?prefCd=30&kikanCd=3010200000&kikanKbn=3", "url2": null, "内容": "上野山歯科【3:歯科】和歌山県和歌山市神前３７－６５" }, "geometry": { "type": "Point", "coordinates": [ 135.208293, 34.214221 ] } },
{ "type": "Feature", "properties": { "ID": 3033010300000, "正式名称": "酒井歯科", "機関区分": 3, "都道府県コード": 30, "市区町村コード": 201, "所在地": "和歌山県和歌山市北出島１４８番地", "緯度": 34.222303, "経度": 135.195681, "url": "https://www.iryou.teikyouseido.mhlw.go.jp/znk-web/juminkanja/S2430/initialize?prefCd=30&kikanCd=3010300000&kikanKbn=3", "url2": null, "内容": "酒井歯科【3:歯科】和歌山県和歌山市北出島１４８番地" }, "geometry": { "type": "Point", "coordinates": [ 135.195681, 34.222303 ] } },
{ "type": "Feature", "properties": { "ID": 3033010400000, "正式名称": "宮本歯科", "機関区分": 3, "都道府県コード": 30, "市区町村コード": 201, "所在地": "和歌山県和歌山市北出島４６", "緯度": 34.224692, "経度": 135.193598, "url": "https://www.iryou.teikyouseido.mhlw.go.jp/znk-web/juminkanja/S2430/initialize?prefCd=30&kikanCd=3010400000&kikanKbn=3", "url2": null, "内容": "宮本歯科【3:歯科】和歌山県和歌山市北出島４６" }, "geometry": { "type": "Point", "coordinates": [ 135.193598, 34.224692 ] } },
{ "type": "Feature", "properties": { "ID": 3033010600000, "正式名称": "和歌山県障害児（者）高齢者歯科口腔保健センター", "機関区分": 3, "都道府県コード": 30, "市区町村コード": 201, "所在地": "和歌山県和歌山市手平２－１－２　県民プラザ和歌山ビッグ愛１Ｆ", "緯度": 34.218414, "経度": 135.19021, "url": "https://www.iryou.teikyouseido.mhlw.go.jp/znk-web/juminkanja/S2430/initialize?prefCd=30&kikanCd=3010600000&kikanKbn=3", "url2": null, "内容": "和歌山県障害児（者）高齢者歯科口腔保健センター【3:歯科】和歌山県和歌山市手平２－１－２　県民プラザ和歌山ビッグ愛１Ｆ" }, "geometry": { "type": "Point", "coordinates": [ 135.19021, 34.218414 ] } },
{ "type": "Feature", "properties": { "ID": 3033010700000, "正式名称": "辻岡歯科医院", "機関区分": 3, "都道府県コード": 30, "市区町村コード": 201, "所在地": "和歌山県和歌山市手平５－１－１７", "緯度": 34.215637, "経度": 135.186655, "url": "https://www.iryou.teikyouseido.mhlw.go.jp/znk-web/juminkanja/S2430/initialize?prefCd=30&kikanCd=3010700000&kikanKbn=3", "url2": null, "内容": "辻岡歯科医院【3:歯科】和歌山県和歌山市手平５－１－１７" }, "geometry": { "type": "Point", "coordinates": [ 135.186655, 34.215637 ] } },
{ "type": "Feature", "properties": { "ID": 3033011000000, "正式名称": "南海歯科医院", "機関区分": 3, "都道府県コード": 30, "市区町村コード": 201, "所在地": "和歌山県和歌山市太田１１５－４", "緯度": 34.226692, "経度": 135.195931, "url": "https://www.iryou.teikyouseido.mhlw.go.jp/znk-web/juminkanja/S2430/initialize?prefCd=30&kikanCd=3011000000&kikanKbn=3", "url2": "https://nankaishika.com/", "内容": "南海歯科医院【3:歯科】和歌山県和歌山市太田１１５－４" }, "geometry": { "type": "Point", "coordinates": [ 135.195931, 34.226692 ] } },
{ "type": "Feature", "properties": { "ID": 3033011200000, "正式名称": "りく歯科医院", "機関区分": 3, "都道府県コード": 30, "市区町村コード": 201, "所在地": "和歌山県和歌山市太田３ー９－１９メゾン・ド・ルー１Ｆ", "緯度": 34.231663, "経度": 135.197626, "url": "https://www.iryou.teikyouseido.mhlw.go.jp/znk-web/juminkanja/S2430/initialize?prefCd=30&kikanCd=3011200000&kikanKbn=3", "url2": null, "内容": "りく歯科医院【3:歯科】和歌山県和歌山市太田３ー９－１９メゾン・ド・ルー１Ｆ" }, "geometry": { "type": "Point", "coordinates": [ 135.197626, 34.231663 ] } },
{ "type": "Feature", "properties": { "ID": 3033011400000, "正式名称": "中西歯科医院", "機関区分": 3, "都道府県コード": 30, "市区町村コード": 201, "所在地": "和歌山県和歌山市太田１丁目１－２９", "緯度": 34.228969, "経度": 135.192793, "url": "https://www.iryou.teikyouseido.mhlw.go.jp/znk-web/juminkanja/S2430/initialize?prefCd=30&kikanCd=3011400000&kikanKbn=3", "url2": null, "内容": "中西歯科医院【3:歯科】和歌山県和歌山市太田１丁目１－２９" }, "geometry": { "type": "Point", "coordinates": [ 135.192793, 34.228969 ] } },
{ "type": "Feature", "properties": { "ID": 3033011500000, "正式名称": "研司歯科クリニック", "機関区分": 3, "都道府県コード": 30, "市区町村コード": 201, "所在地": "和歌山県和歌山市太田６５－１１", "緯度": 34.226192, "経度": 135.194209, "url": "https://www.iryou.teikyouseido.mhlw.go.jp/znk-web/juminkanja/S2430/initialize?prefCd=30&kikanCd=3011500000&kikanKbn=3", "url2": null, "内容": "研司歯科クリニック【3:歯科】和歌山県和歌山市太田６５－１１" }, "geometry": { "type": "Point", "coordinates": [ 135.194209, 34.226192 ] } },
{ "type": "Feature", "properties": { "ID": 3033011800000, "正式名称": "井関歯科医院", "機関区分": 3, "都道府県コード": 30, "市区町村コード": 201, "所在地": "和歌山県和歌山市田中町４丁目１１８番地", "緯度": 34.228052, "経度": 135.188932, "url": "https://www.iryou.teikyouseido.mhlw.go.jp/znk-web/juminkanja/S2430/initialize?prefCd=30&kikanCd=3011800000&kikanKbn=3", "url2": null, "内容": "井関歯科医院【3:歯科】和歌山県和歌山市田中町４丁目１１８番地" }, "geometry": { "type": "Point", "coordinates": [ 135.188932, 34.228052 ] } },
{ "type": "Feature", "properties": { "ID": 3033012200000, "正式名称": "ほんだ歯科", "機関区分": 3, "都道府県コード": 30, "市区町村コード": 201, "所在地": "和歌山県和歌山市美園町５丁目６１番地　ＪＲ和歌山駅ビル４階", "緯度": 34.232024, "経度": 135.191126, "url": "https://www.iryou.teikyouseido.mhlw.go.jp/znk-web/juminkanja/S2430/initialize?prefCd=30&kikanCd=3012200000&kikanKbn=3", "url2": "http://honda-dc.cihp2.jp/", "内容": "ほんだ歯科【3:歯科】和歌山県和歌山市美園町５丁目６１番地　ＪＲ和歌山駅ビル４階" }, "geometry": { "type": "Point", "coordinates": [ 135.191126, 34.232024 ] } },
{ "type": "Feature", "properties": { "ID": 3033012300000, "正式名称": "おおまゑ歯科", "機関区分": 3, "都道府県コード": 30, "市区町村コード": 201, "所在地": "和歌山県和歌山市美園町５－１１－１５", "緯度": 34.230552, "経度": 135.191237, "url": "https://www.iryou.teikyouseido.mhlw.go.jp/znk-web/juminkanja/S2430/initialize?prefCd=30&kikanCd=3012300000&kikanKbn=3", "url2": null, "内容": "おおまゑ歯科【3:歯科】和歌山県和歌山市美園町５－１１－１５" }, "geometry": { "type": "Point", "coordinates": [ 135.191237, 34.230552 ] } },
{ "type": "Feature", "properties": { "ID": 3033012400000, "正式名称": "はやし歯科医院", "機関区分": 3, "都道府県コード": 30, "市区町村コード": 201, "所在地": "和歌山県和歌山市美園町４－６９－８　林ビル１．２Ｆ", "緯度": 34.231802, "経度": 135.188931, "url": "https://www.iryou.teikyouseido.mhlw.go.jp/znk-web/juminkanja/S2430/initialize?prefCd=30&kikanCd=3012400000&kikanKbn=3", "url2": "https://www.hayashishika.net/", "内容": "はやし歯科医院【3:歯科】和歌山県和歌山市美園町４－６９－８　林ビル１．２Ｆ" }, "geometry": { "type": "Point", "coordinates": [ 135.188931, 34.231802 ] } },
{ "type": "Feature", "properties": { "ID": 3033012700000, "正式名称": "井口矯正歯科", "機関区分": 3, "都道府県コード": 30, "市区町村コード": 201, "所在地": "和歌山県和歌山市美園町５－１－２", "緯度": 34.23183, "経度": 135.189987, "url": "https://www.iryou.teikyouseido.mhlw.go.jp/znk-web/juminkanja/S2430/initialize?prefCd=30&kikanCd=3012700000&kikanKbn=3", "url2": "http://www.iguchi-kyousei.com/", "内容": "井口矯正歯科【3:歯科】和歌山県和歌山市美園町５－１－２" }, "geometry": { "type": "Point", "coordinates": [ 135.189987, 34.23183 ] } },
{ "type": "Feature", "properties": { "ID": 3033013300000, "正式名称": "むろたに歯科", "機関区分": 3, "都道府県コード": 30, "市区町村コード": 201, "所在地": "和歌山県和歌山市黒田１７３－３", "緯度": 34.235663, "経度": 135.195737, "url": "https://www.iryou.teikyouseido.mhlw.go.jp/znk-web/juminkanja/S2430/initialize?prefCd=30&kikanCd=3013300000&kikanKbn=3", "url2": null, "内容": "むろたに歯科【3:歯科】和歌山県和歌山市黒田１７３－３" }, "geometry": { "type": "Point", "coordinates": [ 135.195737, 34.235663 ] } },
{ "type": "Feature", "properties": { "ID": 3033013400000, "正式名称": "青島歯科", "機関区分": 3, "都道府県コード": 30, "市区町村コード": 201, "所在地": "和歌山県和歌山市黒田２５３", "緯度": 34.236719, "経度": 135.195793, "url": "https://www.iryou.teikyouseido.mhlw.go.jp/znk-web/juminkanja/S2430/initialize?prefCd=30&kikanCd=3013400000&kikanKbn=3", "url2": null, "内容": "青島歯科【3:歯科】和歌山県和歌山市黒田２５３" }, "geometry": { "type": "Point", "coordinates": [ 135.195793, 34.236719 ] } },
{ "type": "Feature", "properties": { "ID": 3033013700000, "正式名称": "中本歯科医院", "機関区分": 3, "都道府県コード": 30, "市区町村コード": 201, "所在地": "和歌山県和歌山市友田町４－９６", "緯度": 34.232552, "経度": 135.188737, "url": "https://www.iryou.teikyouseido.mhlw.go.jp/znk-web/juminkanja/S2430/initialize?prefCd=30&kikanCd=3013700000&kikanKbn=3", "url2": null, "内容": "中本歯科医院【3:歯科】和歌山県和歌山市友田町４－９６" }, "geometry": { "type": "Point", "coordinates": [ 135.188737, 34.232552 ] } },
{ "type": "Feature", "properties": { "ID": 3033013900000, "正式名称": "医療法人　金尾好章歯科医院", "機関区分": 3, "都道府県コード": 30, "市区町村コード": 201, "所在地": "和歌山県和歌山市吉田５３７", "緯度": 34.234802, "経度": 135.188737, "url": "https://www.iryou.teikyouseido.mhlw.go.jp/znk-web/juminkanja/S2430/initialize?prefCd=30&kikanCd=3013900000&kikanKbn=3", "url2": "http://kanaoshika.com/", "内容": "医療法人　金尾好章歯科医院【3:歯科】和歌山県和歌山市吉田５３７" }, "geometry": { "type": "Point", "coordinates": [ 135.188737, 34.234802 ] } },
{ "type": "Feature", "properties": { "ID": 3033014100000, "正式名称": "松谷歯科医院", "機関区分": 3, "都道府県コード": 30, "市区町村コード": 201, "所在地": "和歌山県和歌山市吉田３２３　メゾンドール和歌山３Ｆ", "緯度": 34.236468, "経度": 135.189181, "url": "https://www.iryou.teikyouseido.mhlw.go.jp/znk-web/juminkanja/S2430/initialize?prefCd=30&kikanCd=3014100000&kikanKbn=3", "url2": null, "内容": "松谷歯科医院【3:歯科】和歌山県和歌山市吉田３２３　メゾンドール和歌山３Ｆ" }, "geometry": { "type": "Point", "coordinates": [ 135.189181, 34.236468 ] } },
{ "type": "Feature", "properties": { "ID": 3033014300000, "正式名称": "長谷川歯科医院", "機関区分": 3, "都道府県コード": 30, "市区町村コード": 201, "所在地": "和歌山県和歌山市納定３８", "緯度": 34.238772, "経度": 135.193506, "url": "https://www.iryou.teikyouseido.mhlw.go.jp/znk-web/juminkanja/S2430/initialize?prefCd=30&kikanCd=3014300000&kikanKbn=3", "url2": "https://www.hasegawa-shikaiin.net/", "内容": "長谷川歯科医院【3:歯科】和歌山県和歌山市納定３８" }, "geometry": { "type": "Point", "coordinates": [ 135.193506, 34.238772 ] } },
{ "type": "Feature", "properties": { "ID": 3033014400000, "正式名称": "医療法人愛元会　とくつファミリー歯科クリニック", "機関区分": 3, "都道府県コード": 30, "市区町村コード": 201, "所在地": "和歌山県和歌山市新在家１６３ー９", "緯度": 34.244662, "経度": 135.196625, "url": "https://www.iryou.teikyouseido.mhlw.go.jp/znk-web/juminkanja/S2430/initialize?prefCd=30&kikanCd=3014400000&kikanKbn=3", "url2": "https://www.tokutsu-family-dental-clinic.com", "内容": "医療法人愛元会　とくつファミリー歯科クリニック【3:歯科】和歌山県和歌山市新在家１６３ー９" }, "geometry": { "type": "Point", "coordinates": [ 135.196625, 34.244662 ] } },
{ "type": "Feature", "properties": { "ID": 3033014500000, "正式名称": "崎山歯科医院", "機関区分": 3, "都道府県コード": 30, "市区町村コード": 201, "所在地": "和歌山県和歌山市新八百屋丁９", "緯度": 34.234274, "経度": 135.180127, "url": "https://www.iryou.teikyouseido.mhlw.go.jp/znk-web/juminkanja/S2430/initialize?prefCd=30&kikanCd=3014500000&kikanKbn=3", "url2": "http://sakiyamashika.com/", "内容": "崎山歯科医院【3:歯科】和歌山県和歌山市新八百屋丁９" }, "geometry": { "type": "Point", "coordinates": [ 135.180127, 34.234274 ] } },
{ "type": "Feature", "properties": { "ID": 3033014600000, "正式名称": "井関歯科医院", "機関区分": 3, "都道府県コード": 30, "市区町村コード": 201, "所在地": "和歌山県和歌山市数寄屋丁１６", "緯度": 34.231885, "経度": 135.181377, "url": "https://www.iryou.teikyouseido.mhlw.go.jp/znk-web/juminkanja/S2430/initialize?prefCd=30&kikanCd=3014600000&kikanKbn=3", "url2": "http://www.iseki-dental.com/", "内容": "井関歯科医院【3:歯科】和歌山県和歌山市数寄屋丁１６" }, "geometry": { "type": "Point", "coordinates": [ 135.181377, 34.231885 ] } },
{ "type": "Feature", "properties": { "ID": 3033014800000, "正式名称": "こじまデンタルクリニック", "機関区分": 3, "都道府県コード": 30, "市区町村コード": 201, "所在地": "和歌山県和歌山市新堺丁２", "緯度": 34.235273, "経度": 135.179599, "url": "https://www.iryou.teikyouseido.mhlw.go.jp/znk-web/juminkanja/S2430/initialize?prefCd=30&kikanCd=3014800000&kikanKbn=3", "url2": "https://kojima-dent.jp/", "内容": "こじまデンタルクリニック【3:歯科】和歌山県和歌山市新堺丁２" }, "geometry": { "type": "Point", "coordinates": [ 135.179599, 34.235273 ] } },
{ "type": "Feature", "properties": { "ID": 3033015000000, "正式名称": "前岡歯科医院", "機関区分": 3, "都道府県コード": 30, "市区町村コード": 201, "所在地": "和歌山県和歌山市有本２３２－８", "緯度": 34.247133, "経度": 135.196125, "url": "https://www.iryou.teikyouseido.mhlw.go.jp/znk-web/juminkanja/S2430/initialize?prefCd=30&kikanCd=3015000000&kikanKbn=3", "url2": null, "内容": "前岡歯科医院【3:歯科】和歌山県和歌山市有本２３２－８" }, "geometry": { "type": "Point", "coordinates": [ 135.196125, 34.247133 ] } },
{ "type": "Feature", "properties": { "ID": 3033015100000, "正式名称": "四ケ郷土橋Ｋ歯科医院", "機関区分": 3, "都道府県コード": 30, "市区町村コード": 201, "所在地": "和歌山県和歌山市加納３３５－４３", "緯度": 34.243245, "経度": 135.207013, "url": "https://www.iryou.teikyouseido.mhlw.go.jp/znk-web/juminkanja/S2430/initialize?prefCd=30&kikanCd=3015100000&kikanKbn=3", "url2": null, "内容": "四ケ郷土橋Ｋ歯科医院【3:歯科】和歌山県和歌山市加納３３５－４３" }, "geometry": { "type": "Point", "coordinates": [ 135.207013, 34.243245 ] } },
{ "type": "Feature", "properties": { "ID": 3033015200000, "正式名称": "中之島デンタルクリニック", "機関区分": 3, "都道府県コード": 30, "市区町村コード": 201, "所在地": "和歌山県和歌山市中之島１４８７", "緯度": 34.239468, "経度": 135.18557, "url": "https://www.iryou.teikyouseido.mhlw.go.jp/znk-web/juminkanja/S2430/initialize?prefCd=30&kikanCd=3015200000&kikanKbn=3", "url2": "nakanoshima-dental.com", "内容": "中之島デンタルクリニック【3:歯科】和歌山県和歌山市中之島１４８７" }, "geometry": { "type": "Point", "coordinates": [ 135.18557, 34.239468 ] } },
{ "type": "Feature", "properties": { "ID": 3033015300000, "正式名称": "原田歯科医院", "機関区分": 3, "都道府県コード": 30, "市区町村コード": 201, "所在地": "和歌山県和歌山市中之島２３３７番地", "緯度": 34.235385, "経度": 135.185488, "url": "https://www.iryou.teikyouseido.mhlw.go.jp/znk-web/juminkanja/S2430/initialize?prefCd=30&kikanCd=3015300000&kikanKbn=3", "url2": null, "内容": "原田歯科医院【3:歯科】和歌山県和歌山市中之島２３３７番地" }, "geometry": { "type": "Point", "coordinates": [ 135.185488, 34.235385 ] } },
{ "type": "Feature", "properties": { "ID": 3033015400000, "正式名称": "湯川歯科医院", "機関区分": 3, "都道府県コード": 30, "市区町村コード": 201, "所在地": "和歌山県和歌山市中之島６７８－１", "緯度": 34.239718, "経度": 135.181127, "url": "https://www.iryou.teikyouseido.mhlw.go.jp/znk-web/juminkanja/S2430/initialize?prefCd=30&kikanCd=3015400000&kikanKbn=3", "url2": null, "内容": "湯川歯科医院【3:歯科】和歌山県和歌山市中之島６７８－１" }, "geometry": { "type": "Point", "coordinates": [ 135.181127, 34.239718 ] } },
{ "type": "Feature", "properties": { "ID": 3033015500000, "正式名称": "東海歯科医院", "機関区分": 3, "都道府県コード": 30, "市区町村コード": 201, "所在地": "和歌山県和歌山市中之島２０４８", "緯度": 34.240495, "経度": 135.184681, "url": "https://www.iryou.teikyouseido.mhlw.go.jp/znk-web/juminkanja/S2430/initialize?prefCd=30&kikanCd=3015500000&kikanKbn=3", "url2": null, "内容": "東海歯科医院【3:歯科】和歌山県和歌山市中之島２０４８" }, "geometry": { "type": "Point", "coordinates": [ 135.184681, 34.240495 ] } },
{ "type": "Feature", "properties": { "ID": 3033015600000, "正式名称": "やの歯科", "機関区分": 3, "都道府県コード": 30, "市区町村コード": 201, "所在地": "和歌山県和歌山市中之島２９４－１", "緯度": 34.244384, "経度": 135.194542, "url": "https://www.iryou.teikyouseido.mhlw.go.jp/znk-web/juminkanja/S2430/initialize?prefCd=30&kikanCd=3015600000&kikanKbn=3", "url2": null, "内容": "やの歯科【3:歯科】和歌山県和歌山市中之島２９４－１" }, "geometry": { "type": "Point", "coordinates": [ 135.194542, 34.244384 ] } },
{ "type": "Feature", "properties": { "ID": 3033015700000, "正式名称": "神人歯科医院", "機関区分": 3, "都道府県コード": 30, "市区町村コード": 201, "所在地": "和歌山県和歌山市中之島２２８２", "緯度": 34.235801, "経度": 135.186626, "url": "https://www.iryou.teikyouseido.mhlw.go.jp/znk-web/juminkanja/S2430/initialize?prefCd=30&kikanCd=3015700000&kikanKbn=3", "url2": null, "内容": "神人歯科医院【3:歯科】和歌山県和歌山市中之島２２８２" }, "geometry": { "type": "Point", "coordinates": [ 135.186626, 34.235801 ] } },
{ "type": "Feature", "properties": { "ID": 3033015900000, "正式名称": "高畑歯科医院", "機関区分": 3, "都道府県コード": 30, "市区町村コード": 201, "所在地": "和歌山県和歌山市畑屋敷中ノ丁２８", "緯度": 34.23483, "経度": 135.182016, "url": "https://www.iryou.teikyouseido.mhlw.go.jp/znk-web/juminkanja/S2430/initialize?prefCd=30&kikanCd=3015900000&kikanKbn=3", "url2": null, "内容": "高畑歯科医院【3:歯科】和歌山県和歌山市畑屋敷中ノ丁２８" }, "geometry": { "type": "Point", "coordinates": [ 135.182016, 34.23483 ] } },
{ "type": "Feature", "properties": { "ID": 3033016100000, "正式名称": "尾谷歯科クリニック", "機関区分": 3, "都道府県コード": 30, "市区町村コード": 201, "所在地": "和歌山県和歌山市福島６７９－５", "緯度": 34.245856, "経度": 135.161906, "url": "https://www.iryou.teikyouseido.mhlw.go.jp/znk-web/juminkanja/S2430/initialize?prefCd=30&kikanCd=3016100000&kikanKbn=3", "url2": null, "内容": "尾谷歯科クリニック【3:歯科】和歌山県和歌山市福島６７９－５" }, "geometry": { "type": "Point", "coordinates": [ 135.161906, 34.245856 ] } },
{ "type": "Feature", "properties": { "ID": 3033016200000, "正式名称": "医療法人　ウェルネス小畑歯科医院", "機関区分": 3, "都道府県コード": 30, "市区町村コード": 201, "所在地": "和歌山県和歌山市福島３２４－１", "緯度": 34.250022, "経度": 135.165683, "url": "https://www.iryou.teikyouseido.mhlw.go.jp/znk-web/juminkanja/S2430/initialize?prefCd=30&kikanCd=3016200000&kikanKbn=3", "url2": "https://www.wellness-kobata-dc.com/", "内容": "医療法人　ウェルネス小畑歯科医院【3:歯科】和歌山県和歌山市福島３２４－１" }, "geometry": { "type": "Point", "coordinates": [ 135.165683, 34.250022 ] } },
{ "type": "Feature", "properties": { "ID": 3033016300000, "正式名称": "さわもと歯科医院", "機関区分": 3, "都道府県コード": 30, "市区町村コード": 201, "所在地": "和歌山県和歌山市野崎２３１", "緯度": 34.244467, "経度": 135.156018, "url": "https://www.iryou.teikyouseido.mhlw.go.jp/znk-web/juminkanja/S2430/initialize?prefCd=30&kikanCd=3016300000&kikanKbn=3", "url2": null, "内容": "さわもと歯科医院【3:歯科】和歌山県和歌山市野崎２３１" }, "geometry": { "type": "Point", "coordinates": [ 135.156018, 34.244467 ] } },
{ "type": "Feature", "properties": { "ID": 3033016400000, "正式名称": "岡本歯科医院", "機関区分": 3, "都道府県コード": 30, "市区町村コード": 201, "所在地": "和歌山県和歌山市北島３８－１４", "緯度": 34.244828, "経度": 135.162267, "url": "https://www.iryou.teikyouseido.mhlw.go.jp/znk-web/juminkanja/S2430/initialize?prefCd=30&kikanCd=3016400000&kikanKbn=3", "url2": null, "内容": "岡本歯科医院【3:歯科】和歌山県和歌山市北島３８－１４" }, "geometry": { "type": "Point", "coordinates": [ 135.162267, 34.244828 ] } },
{ "type": "Feature", "properties": { "ID": 3033016800000, "正式名称": "ヒロデンタルクリニック", "機関区分": 3, "都道府県コード": 30, "市区町村コード": 201, "所在地": "和歌山県和歌山市湊４丁目９－２９", "緯度": 34.230579, "経度": 135.142908, "url": "https://www.iryou.teikyouseido.mhlw.go.jp/znk-web/juminkanja/S2430/initialize?prefCd=30&kikanCd=3016800000&kikanKbn=3", "url2": null, "内容": "ヒロデンタルクリニック【3:歯科】和歌山県和歌山市湊４丁目９－２９" }, "geometry": { "type": "Point", "coordinates": [ 135.142908, 34.230579 ] } },
{ "type": "Feature", "properties": { "ID": 3033017000000, "正式名称": "つえむら歯科", "機関区分": 3, "都道府県コード": 30, "市区町村コード": 201, "所在地": "和歌山県和歌山市狐島３８２－５", "緯度": 34.243439, "経度": 135.152296, "url": "https://www.iryou.teikyouseido.mhlw.go.jp/znk-web/juminkanja/S2430/initialize?prefCd=30&kikanCd=3017000000&kikanKbn=3", "url2": "http://tsuemurashika.moo.jp/", "内容": "つえむら歯科【3:歯科】和歌山県和歌山市狐島３８２－５" }, "geometry": { "type": "Point", "coordinates": [ 135.152296, 34.243439 ] } },
{ "type": "Feature", "properties": { "ID": 3033017100000, "正式名称": "澤本歯科医院", "機関区分": 3, "都道府県コード": 30, "市区町村コード": 201, "所在地": "和歌山県和歌山市狐島３０８―２", "緯度": 34.245911, "経度": 135.149073, "url": "https://www.iryou.teikyouseido.mhlw.go.jp/znk-web/juminkanja/S2430/initialize?prefCd=30&kikanCd=3017100000&kikanKbn=3", "url2": null, "内容": "澤本歯科医院【3:歯科】和歌山県和歌山市狐島３０８―２" }, "geometry": { "type": "Point", "coordinates": [ 135.149073, 34.245911 ] } },
{ "type": "Feature", "properties": { "ID": 3033017400000, "正式名称": "医療法人雅会　小畑歯科医院", "機関区分": 3, "都道府県コード": 30, "市区町村コード": 201, "所在地": "和歌山県和歌山市松江北７－５－１", "緯度": 34.251827, "経度": 135.128492, "url": "https://www.iryou.teikyouseido.mhlw.go.jp/znk-web/juminkanja/S2430/initialize?prefCd=30&kikanCd=3017400000&kikanKbn=3", "url2": null, "内容": "医療法人雅会　小畑歯科医院【3:歯科】和歌山県和歌山市松江北７－５－１" }, "geometry": { "type": "Point", "coordinates": [ 135.128492, 34.251827 ] } },
{ "type": "Feature", "properties": { "ID": 3033017500000, "正式名称": "藤田歯科医院", "機関区分": 3, "都道府県コード": 30, "市区町村コード": 201, "所在地": "和歌山県和歌山市松江北２－２０－１５", "緯度": 34.249632, "経度": 135.134352, "url": "https://www.iryou.teikyouseido.mhlw.go.jp/znk-web/juminkanja/S2430/initialize?prefCd=30&kikanCd=3017500000&kikanKbn=3", "url2": null, "内容": "藤田歯科医院【3:歯科】和歌山県和歌山市松江北２－２０－１５" }, "geometry": { "type": "Point", "coordinates": [ 135.134352, 34.249632 ] } },
{ "type": "Feature", "properties": { "ID": 3033017600000, "正式名称": "西村歯科医院", "機関区分": 3, "都道府県コード": 30, "市区町村コード": 201, "所在地": "和歌山県和歌山市土入１６８－４２", "緯度": 34.252938, "経度": 135.141212, "url": "https://www.iryou.teikyouseido.mhlw.go.jp/znk-web/juminkanja/S2430/initialize?prefCd=30&kikanCd=3017600000&kikanKbn=3", "url2": null, "内容": "西村歯科医院【3:歯科】和歌山県和歌山市土入１６８－４２" }, "geometry": { "type": "Point", "coordinates": [ 135.141212, 34.252938 ] } },
{ "type": "Feature", "properties": { "ID": 3033017700000, "正式名称": "つつみ歯科医院", "機関区分": 3, "都道府県コード": 30, "市区町村コード": 201, "所在地": "和歌山県和歌山市中野３１－１　和歌山パームシティ３０２号", "緯度": 34.255049, "経度": 135.140934, "url": "https://www.iryou.teikyouseido.mhlw.go.jp/znk-web/juminkanja/S2430/initialize?prefCd=30&kikanCd=3017700000&kikanKbn=3", "url2": "http://www.tsutsumi-shika.net/", "内容": "つつみ歯科医院【3:歯科】和歌山県和歌山市中野３１－１　和歌山パームシティ３０２号" }, "geometry": { "type": "Point", "coordinates": [ 135.140934, 34.255049 ] } },
{ "type": "Feature", "properties": { "ID": 3033017800000, "正式名称": "にしじま歯科", "機関区分": 3, "都道府県コード": 30, "市区町村コード": 201, "所在地": "和歌山県和歌山市榎原２７２－２３", "緯度": 34.256715, "経度": 135.128547, "url": "https://www.iryou.teikyouseido.mhlw.go.jp/znk-web/juminkanja/S2430/initialize?prefCd=30&kikanCd=3017800000&kikanKbn=3", "url2": null, "内容": "にしじま歯科【3:歯科】和歌山県和歌山市榎原２７２－２３" }, "geometry": { "type": "Point", "coordinates": [ 135.128547, 34.256715 ] } },
{ "type": "Feature", "properties": { "ID": 3033018000000, "正式名称": "小林歯科医院", "機関区分": 3, "都道府県コード": 30, "市区町村コード": 201, "所在地": "和歌山県和歌山市古屋４１９", "緯度": 34.253215, "経度": 135.120103, "url": "https://www.iryou.teikyouseido.mhlw.go.jp/znk-web/juminkanja/S2430/initialize?prefCd=30&kikanCd=3018000000&kikanKbn=3", "url2": "http://e-kobayashidc.main.jp", "内容": "小林歯科医院【3:歯科】和歌山県和歌山市古屋４１９" }, "geometry": { "type": "Point", "coordinates": [ 135.120103, 34.253215 ] } },
{ "type": "Feature", "properties": { "ID": 3033018400000, "正式名称": "広井歯科医院", "機関区分": 3, "都道府県コード": 30, "市区町村コード": 201, "所在地": "和歌山県和歌山市延時１４７－１３　グランドビル２Ｆ", "緯度": 34.25216, "経度": 135.147018, "url": "https://www.iryou.teikyouseido.mhlw.go.jp/znk-web/juminkanja/S2430/initialize?prefCd=30&kikanCd=3018400000&kikanKbn=3", "url2": null, "内容": "広井歯科医院【3:歯科】和歌山県和歌山市延時１４７－１３　グランドビル２Ｆ" }, "geometry": { "type": "Point", "coordinates": [ 135.147018, 34.25216 ] } },
{ "type": "Feature", "properties": { "ID": 3033018600000, "正式名称": "貴志歯科医院", "機関区分": 3, "都道府県コード": 30, "市区町村コード": 201, "所在地": "和歌山県和歌山市中１５８", "緯度": 34.260798, "経度": 135.146046, "url": "https://www.iryou.teikyouseido.mhlw.go.jp/znk-web/juminkanja/S2430/initialize?prefCd=30&kikanCd=3018600000&kikanKbn=3", "url2": null, "内容": "貴志歯科医院【3:歯科】和歌山県和歌山市中１５８" }, "geometry": { "type": "Point", "coordinates": [ 135.146046, 34.260798 ] } },
{ "type": "Feature", "properties": { "ID": 3033018900000, "正式名称": "つちはし歯科", "機関区分": 3, "都道府県コード": 30, "市区町村コード": 201, "所在地": "和歌山県和歌山市楠見中２０１－７", "緯度": 34.255327, "経度": 135.180348, "url": "https://www.iryou.teikyouseido.mhlw.go.jp/znk-web/juminkanja/S2430/initialize?prefCd=30&kikanCd=3018900000&kikanKbn=3", "url2": null, "内容": "つちはし歯科【3:歯科】和歌山県和歌山市楠見中２０１－７" }, "geometry": { "type": "Point", "coordinates": [ 135.180348, 34.255327 ] } },
{ "type": "Feature", "properties": { "ID": 3033019100000, "正式名称": "山西歯科医院", "機関区分": 3, "都道府県コード": 30, "市区町村コード": 201, "所在地": "和歌山県和歌山市楠見中３３－６", "緯度": 34.253688, "経度": 135.175349, "url": "https://www.iryou.teikyouseido.mhlw.go.jp/znk-web/juminkanja/S2430/initialize?prefCd=30&kikanCd=3019100000&kikanKbn=3", "url2": null, "内容": "山西歯科医院【3:歯科】和歌山県和歌山市楠見中３３－６" }, "geometry": { "type": "Point", "coordinates": [ 135.175349, 34.253688 ] } },
{ "type": "Feature", "properties": { "ID": 3033019200000, "正式名称": "吉田歯科医院", "機関区分": 3, "都道府県コード": 30, "市区町村コード": 201, "所在地": "和歌山県和歌山市楠見中４７－１５", "緯度": 34.253605, "経度": 135.172127, "url": "https://www.iryou.teikyouseido.mhlw.go.jp/znk-web/juminkanja/S2430/initialize?prefCd=30&kikanCd=3019200000&kikanKbn=3", "url2": "http://www.yoshida-dc.com.", "内容": "吉田歯科医院【3:歯科】和歌山県和歌山市楠見中４７－１５" }, "geometry": { "type": "Point", "coordinates": [ 135.172127, 34.253605 ] } },
{ "type": "Feature", "properties": { "ID": 3033019900000, "正式名称": "貴志歯科医院", "機関区分": 3, "都道府県コード": 30, "市区町村コード": 201, "所在地": "和歌山県和歌山市六十谷２２０―４", "緯度": 34.261743, "経度": 135.203179, "url": "https://www.iryou.teikyouseido.mhlw.go.jp/znk-web/juminkanja/S2430/initialize?prefCd=30&kikanCd=3019900000&kikanKbn=3", "url2": null, "内容": "貴志歯科医院【3:歯科】和歌山県和歌山市六十谷２２０―４" }, "geometry": { "type": "Point", "coordinates": [ 135.203179, 34.261743 ] } },
{ "type": "Feature", "properties": { "ID": 3033020100000, "正式名称": "岩尾歯科", "機関区分": 3, "都道府県コード": 30, "市区町村コード": 201, "所在地": "和歌山県和歌山市園部８８８－７", "緯度": 34.262493, "経度": 135.192903, "url": "https://www.iryou.teikyouseido.mhlw.go.jp/znk-web/juminkanja/S2430/initialize?prefCd=30&kikanCd=3020100000&kikanKbn=3", "url2": null, "内容": "岩尾歯科【3:歯科】和歌山県和歌山市園部８８８－７" }, "geometry": { "type": "Point", "coordinates": [ 135.192903, 34.262493 ] } },
{ "type": "Feature", "properties": { "ID": 3033020200000, "正式名称": "園部歯科医院", "機関区分": 3, "都道府県コード": 30, "市区町村コード": 201, "所在地": "和歌山県和歌山市園部１４５８", "緯度": 34.263743, "経度": 135.197707, "url": "https://www.iryou.teikyouseido.mhlw.go.jp/znk-web/juminkanja/S2430/initialize?prefCd=30&kikanCd=3020200000&kikanKbn=3", "url2": null, "内容": "園部歯科医院【3:歯科】和歌山県和歌山市園部１４５８" }, "geometry": { "type": "Point", "coordinates": [ 135.197707, 34.263743 ] } },
{ "type": "Feature", "properties": { "ID": 3033020300000, "正式名称": "山崎歯科医院", "機関区分": 3, "都道府県コード": 30, "市区町村コード": 201, "所在地": "和歌山県和歌山市園部１５８１－２３", "緯度": 34.262799, "経度": 135.196624, "url": "https://www.iryou.teikyouseido.mhlw.go.jp/znk-web/juminkanja/S2430/initialize?prefCd=30&kikanCd=3020300000&kikanKbn=3", "url2": null, "内容": "山崎歯科医院【3:歯科】和歌山県和歌山市園部１５８１－２３" }, "geometry": { "type": "Point", "coordinates": [ 135.196624, 34.262799 ] } },
{ "type": "Feature", "properties": { "ID": 3033020400000, "正式名称": "岩井歯科", "機関区分": 3, "都道府県コード": 30, "市区町村コード": 201, "所在地": "和歌山県和歌山市園部９６６－３", "緯度": 34.261855, "経度": 135.189708, "url": "https://www.iryou.teikyouseido.mhlw.go.jp/znk-web/juminkanja/S2430/initialize?prefCd=30&kikanCd=3020400000&kikanKbn=3", "url2": null, "内容": "岩井歯科【3:歯科】和歌山県和歌山市園部９６６－３" }, "geometry": { "type": "Point", "coordinates": [ 135.189708, 34.261855 ] } },
{ "type": "Feature", "properties": { "ID": 3033020600000, "正式名称": "やました歯科医院", "機関区分": 3, "都道府県コード": 30, "市区町村コード": 201, "所在地": "和歌山県和歌山市新中島８０－９", "緯度": 34.215471, "経度": 135.198043, "url": "https://www.iryou.teikyouseido.mhlw.go.jp/znk-web/juminkanja/S2430/initialize?prefCd=30&kikanCd=3020600000&kikanKbn=3", "url2": null, "内容": "やました歯科医院【3:歯科】和歌山県和歌山市新中島８０－９" }, "geometry": { "type": "Point", "coordinates": [ 135.198043, 34.215471 ] } },
{ "type": "Feature", "properties": { "ID": 3033020700000, "正式名称": "もりおか歯科", "機関区分": 3, "都道府県コード": 30, "市区町村コード": 201, "所在地": "和歌山県和歌山市田尻１２４－５", "緯度": 34.209498, "経度": 135.198099, "url": "https://www.iryou.teikyouseido.mhlw.go.jp/znk-web/juminkanja/S2430/initialize?prefCd=30&kikanCd=3020700000&kikanKbn=3", "url2": "http://morioka-dent.com/", "内容": "もりおか歯科【3:歯科】和歌山県和歌山市田尻１２４－５" }, "geometry": { "type": "Point", "coordinates": [ 135.198099, 34.209498 ] } },
{ "type": "Feature", "properties": { "ID": 3033020800000, "正式名称": "藤井歯科医院", "機関区分": 3, "都道府県コード": 30, "市区町村コード": 201, "所在地": "和歌山県和歌山市中島２８８－２", "緯度": 34.208832, "経度": 135.186878, "url": "https://www.iryou.teikyouseido.mhlw.go.jp/znk-web/juminkanja/S2430/initialize?prefCd=30&kikanCd=3020800000&kikanKbn=3", "url2": null, "内容": "藤井歯科医院【3:歯科】和歌山県和歌山市中島２８８－２" }, "geometry": { "type": "Point", "coordinates": [ 135.186878, 34.208832 ] } },
{ "type": "Feature", "properties": { "ID": 3033020900000, "正式名称": "岩端歯科医院", "機関区分": 3, "都道府県コード": 30, "市区町村コード": 201, "所在地": "和歌山県和歌山市小雑賀６９６－５", "緯度": 34.200666, "経度": 135.183683, "url": "https://www.iryou.teikyouseido.mhlw.go.jp/znk-web/juminkanja/S2430/initialize?prefCd=30&kikanCd=3020900000&kikanKbn=3", "url2": "https://wakayamashi-iwabata-dc.com", "内容": "岩端歯科医院【3:歯科】和歌山県和歌山市小雑賀６９６－５" }, "geometry": { "type": "Point", "coordinates": [ 135.183683, 34.200666 ] } },
{ "type": "Feature", "properties": { "ID": 3033021000000, "正式名称": "たけうち歯科医院", "機関区分": 3, "都道府県コード": 30, "市区町村コード": 201, "所在地": "和歌山県和歌山市北中島１―３３", "緯度": 34.214054, "経度": 135.188488, "url": "https://www.iryou.teikyouseido.mhlw.go.jp/znk-web/juminkanja/S2430/initialize?prefCd=30&kikanCd=3021000000&kikanKbn=3", "url2": null, "内容": "たけうち歯科医院【3:歯科】和歌山県和歌山市北中島１―３３" }, "geometry": { "type": "Point", "coordinates": [ 135.188488, 34.214054 ] } },
{ "type": "Feature", "properties": { "ID": 3033021100000, "正式名称": "松本歯科診療所", "機関区分": 3, "都道府県コード": 30, "市区町村コード": 201, "所在地": "和歌山県和歌山市北中島１丁目５番１号　クリニックビル２Ｆ", "緯度": 34.213665, "経度": 135.187321, "url": "https://www.iryou.teikyouseido.mhlw.go.jp/znk-web/juminkanja/S2430/initialize?prefCd=30&kikanCd=3021100000&kikanKbn=3", "url2": null, "内容": "松本歯科診療所【3:歯科】和歌山県和歌山市北中島１丁目５番１号　クリニックビル２Ｆ" }, "geometry": { "type": "Point", "coordinates": [ 135.187321, 34.213665 ] } },
{ "type": "Feature", "properties": { "ID": 3033021200000, "正式名称": "山下歯科医院", "機関区分": 3, "都道府県コード": 30, "市区町村コード": 201, "所在地": "和歌山県和歌山市三葛１０２―１", "緯度": 34.188113, "経度": 135.188351, "url": "https://www.iryou.teikyouseido.mhlw.go.jp/znk-web/juminkanja/S2430/initialize?prefCd=30&kikanCd=3021200000&kikanKbn=3", "url2": null, "内容": "山下歯科医院【3:歯科】和歌山県和歌山市三葛１０２―１" }, "geometry": { "type": "Point", "coordinates": [ 135.188351, 34.188113 ] } },
{ "type": "Feature", "properties": { "ID": 3033021300000, "正式名称": "紀三井寺歯科", "機関区分": 3, "都道府県コード": 30, "市区町村コード": 201, "所在地": "和歌山県和歌山市紀三井寺７４９番地－３", "緯度": 34.185974, "経度": 135.185934, "url": "https://www.iryou.teikyouseido.mhlw.go.jp/znk-web/juminkanja/S2430/initialize?prefCd=30&kikanCd=3021300000&kikanKbn=3", "url2": "https://kimiidera-shika.com/", "内容": "紀三井寺歯科【3:歯科】和歌山県和歌山市紀三井寺７４９番地－３" }, "geometry": { "type": "Point", "coordinates": [ 135.185934, 34.185974 ] } },
{ "type": "Feature", "properties": { "ID": 3033021500000, "正式名称": "炭井歯科", "機関区分": 3, "都道府県コード": 30, "市区町村コード": 201, "所在地": "和歌山県和歌山市内原８１８－１６", "緯度": 34.17178, "経度": 135.196073, "url": "https://www.iryou.teikyouseido.mhlw.go.jp/znk-web/juminkanja/S2430/initialize?prefCd=30&kikanCd=3021500000&kikanKbn=3", "url2": null, "内容": "炭井歯科【3:歯科】和歌山県和歌山市内原８１８－１６" }, "geometry": { "type": "Point", "coordinates": [ 135.196073, 34.17178 ] } },
{ "type": "Feature", "properties": { "ID": 3033021600000, "正式名称": "沼田歯科医院", "機関区分": 3, "都道府県コード": 30, "市区町村コード": 201, "所在地": "和歌山県和歌山市内原９９６－１", "緯度": 34.171141, "経度": 135.189657, "url": "https://www.iryou.teikyouseido.mhlw.go.jp/znk-web/juminkanja/S2430/initialize?prefCd=30&kikanCd=3021600000&kikanKbn=3", "url2": null, "内容": "沼田歯科医院【3:歯科】和歌山県和歌山市内原９９６－１" }, "geometry": { "type": "Point", "coordinates": [ 135.189657, 34.171141 ] } },
{ "type": "Feature", "properties": { "ID": 3033021700000, "正式名称": "佐武歯科医院", "機関区分": 3, "都道府県コード": 30, "市区町村コード": 201, "所在地": "和歌山県和歌山市内原９３７－２５", "緯度": 34.17128, "経度": 135.191462, "url": "https://www.iryou.teikyouseido.mhlw.go.jp/znk-web/juminkanja/S2430/initialize?prefCd=30&kikanCd=3021700000&kikanKbn=3", "url2": null, "内容": "佐武歯科医院【3:歯科】和歌山県和歌山市内原９３７－２５" }, "geometry": { "type": "Point", "coordinates": [ 135.191462, 34.17128 ] } },
{ "type": "Feature", "properties": { "ID": 3033021900000, "正式名称": "滝本歯科医院", "機関区分": 3, "都道府県コード": 30, "市区町村コード": 201, "所在地": "和歌山県和歌山市毛見６０", "緯度": 34.163559, "経度": 135.187352, "url": "https://www.iryou.teikyouseido.mhlw.go.jp/znk-web/juminkanja/S2430/initialize?prefCd=30&kikanCd=3021900000&kikanKbn=3", "url2": null, "内容": "滝本歯科医院【3:歯科】和歌山県和歌山市毛見６０" }, "geometry": { "type": "Point", "coordinates": [ 135.187352, 34.163559 ] } },
{ "type": "Feature", "properties": { "ID": 3033022000000, "正式名称": "福田歯科医院", "機関区分": 3, "都道府県コード": 30, "市区町村コード": 201, "所在地": "和歌山県和歌山市和歌浦東２－７－１６", "緯度": 34.189584, "経度": 135.174574, "url": "https://www.iryou.teikyouseido.mhlw.go.jp/znk-web/juminkanja/S2430/initialize?prefCd=30&kikanCd=3022000000&kikanKbn=3", "url2": null, "内容": "福田歯科医院【3:歯科】和歌山県和歌山市和歌浦東２－７－１６" }, "geometry": { "type": "Point", "coordinates": [ 135.174574, 34.189584 ] } },
{ "type": "Feature", "properties": { "ID": 3033022100000, "正式名称": "山下歯科診療所", "機関区分": 3, "都道府県コード": 30, "市区町村コード": 201, "所在地": "和歌山県和歌山市和歌浦東２－１－６６", "緯度": 34.194445, "経度": 135.170685, "url": "https://www.iryou.teikyouseido.mhlw.go.jp/znk-web/juminkanja/S2430/initialize?prefCd=30&kikanCd=3022100000&kikanKbn=3", "url2": null, "内容": "山下歯科診療所【3:歯科】和歌山県和歌山市和歌浦東２－１－６６" }, "geometry": { "type": "Point", "coordinates": [ 135.170685, 34.194445 ] } },
{ "type": "Feature", "properties": { "ID": 3033022200000, "正式名称": "和歌浦歯科クリニック", "機関区分": 3, "都道府県コード": 30, "市区町村コード": 201, "所在地": "和歌山県和歌山市和歌浦東２丁目９番５４号", "緯度": 34.192123, "経度": 135.176004, "url": "https://www.iryou.teikyouseido.mhlw.go.jp/znk-web/juminkanja/S2430/initialize?prefCd=30&kikanCd=3022200000&kikanKbn=3", "url2": "https://wakaura-shika.com", "内容": "和歌浦歯科クリニック【3:歯科】和歌山県和歌山市和歌浦東２丁目９番５４号" }, "geometry": { "type": "Point", "coordinates": [ 135.176004, 34.192123 ] } },
{ "type": "Feature", "properties": { "ID": 3033022400000, "正式名称": "和中歯科", "機関区分": 3, "都道府県コード": 30, "市区町村コード": 201, "所在地": "和歌山県和歌山市和歌浦西１丁目７－１", "緯度": 34.19475, "経度": 135.169324, "url": "https://www.iryou.teikyouseido.mhlw.go.jp/znk-web/juminkanja/S2430/initialize?prefCd=30&kikanCd=3022400000&kikanKbn=3", "url2": "https://wanakashika.ci-hp.jp", "内容": "和中歯科【3:歯科】和歌山県和歌山市和歌浦西１丁目７－１" }, "geometry": { "type": "Point", "coordinates": [ 135.169324, 34.19475 ] } },
{ "type": "Feature", "properties": { "ID": 3033022600000, "正式名称": "伊東歯科医院", "機関区分": 3, "都道府県コード": 30, "市区町村コード": 201, "所在地": "和歌山県和歌山市新高町５－１４", "緯度": 34.202888, "経度": 135.167658, "url": "https://www.iryou.teikyouseido.mhlw.go.jp/znk-web/juminkanja/S2430/initialize?prefCd=30&kikanCd=3022600000&kikanKbn=3", "url2": null, "内容": "伊東歯科医院【3:歯科】和歌山県和歌山市新高町５－１４" }, "geometry": { "type": "Point", "coordinates": [ 135.167658, 34.202888 ] } },
{ "type": "Feature", "properties": { "ID": 3033022700000, "正式名称": "向林歯科医院", "機関区分": 3, "都道府県コード": 30, "市区町村コード": 201, "所在地": "和歌山県和歌山市新高町４－１０", "緯度": 34.202194, "経度": 135.167963, "url": "https://www.iryou.teikyouseido.mhlw.go.jp/znk-web/juminkanja/S2430/initialize?prefCd=30&kikanCd=3022700000&kikanKbn=3", "url2": null, "内容": "向林歯科医院【3:歯科】和歌山県和歌山市新高町４－１０" }, "geometry": { "type": "Point", "coordinates": [ 135.167963, 34.202194 ] } },
{ "type": "Feature", "properties": { "ID": 3033022800000, "正式名称": "ふくにし歯科医院", "機関区分": 3, "都道府県コード": 30, "市区町村コード": 201, "所在地": "和歌山県和歌山市西浜１００２－１６", "緯度": 34.196888, "経度": 135.158409, "url": "https://www.iryou.teikyouseido.mhlw.go.jp/znk-web/juminkanja/S2430/initialize?prefCd=30&kikanCd=3022800000&kikanKbn=3", "url2": null, "内容": "ふくにし歯科医院【3:歯科】和歌山県和歌山市西浜１００２－１６" }, "geometry": { "type": "Point", "coordinates": [ 135.158409, 34.196888 ] } },
{ "type": "Feature", "properties": { "ID": 3033022900000, "正式名称": "豊田歯科医院", "機関区分": 3, "都道府県コード": 30, "市区町村コード": 201, "所在地": "和歌山県和歌山市西浜８９１－１３", "緯度": 34.203943, "経度": 135.159019, "url": "https://www.iryou.teikyouseido.mhlw.go.jp/znk-web/juminkanja/S2430/initialize?prefCd=30&kikanCd=3022900000&kikanKbn=3", "url2": null, "内容": "豊田歯科医院【3:歯科】和歌山県和歌山市西浜８９１－１３" }, "geometry": { "type": "Point", "coordinates": [ 135.159019, 34.203943 ] } },
{ "type": "Feature", "properties": { "ID": 3033023000000, "正式名称": "田中ハタ歯科", "機関区分": 3, "都道府県コード": 30, "市区町村コード": 201, "所在地": "和歌山県和歌山市堀止南ノ丁２－３３", "緯度": 34.213165, "経度": 135.171101, "url": "https://www.iryou.teikyouseido.mhlw.go.jp/znk-web/juminkanja/S2430/initialize?prefCd=30&kikanCd=3023000000&kikanKbn=3", "url2": null, "内容": "田中ハタ歯科【3:歯科】和歌山県和歌山市堀止南ノ丁２－３３" }, "geometry": { "type": "Point", "coordinates": [ 135.171101, 34.213165 ] } },
{ "type": "Feature", "properties": { "ID": 3033023300000, "正式名称": "永井歯科医院", "機関区分": 3, "都道府県コード": 30, "市区町村コード": 201, "所在地": "和歌山県和歌山市堀止西１－２－２", "緯度": 34.214082, "経度": 135.169768, "url": "https://www.iryou.teikyouseido.mhlw.go.jp/znk-web/juminkanja/S2430/initialize?prefCd=30&kikanCd=3023300000&kikanKbn=3", "url2": null, "内容": "永井歯科医院【3:歯科】和歌山県和歌山市堀止西１－２－２" }, "geometry": { "type": "Point", "coordinates": [ 135.169768, 34.214082 ] } },
{ "type": "Feature", "properties": { "ID": 3033023400000, "正式名称": "中野歯科医院", "機関区分": 3, "都道府県コード": 30, "市区町村コード": 201, "所在地": "和歌山県和歌山市堀止西１－９－１８", "緯度": 34.213637, "経度": 135.16749, "url": "https://www.iryou.teikyouseido.mhlw.go.jp/znk-web/juminkanja/S2430/initialize?prefCd=30&kikanCd=3023400000&kikanKbn=3", "url2": null, "内容": "中野歯科医院【3:歯科】和歌山県和歌山市堀止西１－９－１８" }, "geometry": { "type": "Point", "coordinates": [ 135.16749, 34.213637 ] } },
{ "type": "Feature", "properties": { "ID": 3033023600000, "正式名称": "土谷歯科クリニツク", "機関区分": 3, "都道府県コード": 30, "市区町村コード": 201, "所在地": "和歌山県和歌山市西高松１－３－７", "緯度": 34.210137, "経度": 135.171962, "url": "https://www.iryou.teikyouseido.mhlw.go.jp/znk-web/juminkanja/S2430/initialize?prefCd=30&kikanCd=3023600000&kikanKbn=3", "url2": "https://tsuchiyadc.ci-hp.jp", "内容": "土谷歯科クリニツク【3:歯科】和歌山県和歌山市西高松１－３－７" }, "geometry": { "type": "Point", "coordinates": [ 135.171962, 34.210137 ] } },
{ "type": "Feature", "properties": { "ID": 3033023800000, "正式名称": "木下歯科医院", "機関区分": 3, "都道府県コード": 30, "市区町村コード": 201, "所在地": "和歌山県和歌山市西高松１丁目５－４７", "緯度": 34.20911, "経度": 135.171129, "url": "https://www.iryou.teikyouseido.mhlw.go.jp/znk-web/juminkanja/S2430/initialize?prefCd=30&kikanCd=3023800000&kikanKbn=3", "url2": null, "内容": "木下歯科医院【3:歯科】和歌山県和歌山市西高松１丁目５－４７" }, "geometry": { "type": "Point", "coordinates": [ 135.171129, 34.20911 ] } },
{ "type": "Feature", "properties": { "ID": 3033024100000, "正式名称": "アリマ歯科医院", "機関区分": 3, "都道府県コード": 30, "市区町村コード": 201, "所在地": "和歌山県和歌山市西高松２丁目１５－７", "緯度": 34.203761, "経度": 135.170461, "url": "https://www.iryou.teikyouseido.mhlw.go.jp/znk-web/juminkanja/S2430/initialize?prefCd=30&kikanCd=3024100000&kikanKbn=3", "url2": "http://arimasika.com/", "内容": "アリマ歯科医院【3:歯科】和歌山県和歌山市西高松２丁目１５－７" }, "geometry": { "type": "Point", "coordinates": [ 135.170461, 34.203761 ] } },
{ "type": "Feature", "properties": { "ID": 3033024200000, "正式名称": "医療法人　川崎歯科医院", "機関区分": 3, "都道府県コード": 30, "市区町村コード": 201, "所在地": "和歌山県和歌山市東高松３丁目２番７号", "緯度": 34.206498, "経度": 135.173046, "url": "https://www.iryou.teikyouseido.mhlw.go.jp/znk-web/juminkanja/S2430/initialize?prefCd=30&kikanCd=3024200000&kikanKbn=3", "url2": null, "内容": "医療法人　川崎歯科医院【3:歯科】和歌山県和歌山市東高松３丁目２番７号" }, "geometry": { "type": "Point", "coordinates": [ 135.173046, 34.206498 ] } },
{ "type": "Feature", "properties": { "ID": 3033024400000, "正式名称": "やまにし矯正歯科", "機関区分": 3, "都道府県コード": 30, "市区町村コード": 201, "所在地": "和歌山県和歌山市東高松２－１－２３", "緯度": 34.208582, "経度": 135.171907, "url": "https://www.iryou.teikyouseido.mhlw.go.jp/znk-web/juminkanja/S2430/initialize?prefCd=30&kikanCd=3024400000&kikanKbn=3", "url2": "http://hanarabikirei.com", "内容": "やまにし矯正歯科【3:歯科】和歌山県和歌山市東高松２－１－２３" }, "geometry": { "type": "Point", "coordinates": [ 135.171907, 34.208582 ] } },
{ "type": "Feature", "properties": { "ID": 3033024500000, "正式名称": "歯科やまにし", "機関区分": 3, "都道府県コード": 30, "市区町村コード": 201, "所在地": "和歌山県和歌山市塩屋４－５－２２", "緯度": 34.199333, "経度": 135.177573, "url": "https://www.iryou.teikyouseido.mhlw.go.jp/znk-web/juminkanja/S2430/initialize?prefCd=30&kikanCd=3024500000&kikanKbn=3", "url2": "http://www.shika-yamanishi.jp/", "内容": "歯科やまにし【3:歯科】和歌山県和歌山市塩屋４－５－２２" }, "geometry": { "type": "Point", "coordinates": [ 135.177573, 34.199333 ] } },
{ "type": "Feature", "properties": { "ID": 3033024900000, "正式名称": "山崎歯科医院", "機関区分": 3, "都道府県コード": 30, "市区町村コード": 202, "所在地": "和歌山県海南市船尾２４１番地", "緯度": 34.158643, "経度": 135.202018, "url": "https://www.iryou.teikyouseido.mhlw.go.jp/znk-web/juminkanja/S2430/initialize?prefCd=30&kikanCd=3024900000&kikanKbn=3", "url2": "yamazaki-sika.jp", "内容": "山崎歯科医院【3:歯科】和歌山県海南市船尾２４１番地" }, "geometry": { "type": "Point", "coordinates": [ 135.202018, 34.158643 ] } },
{ "type": "Feature", "properties": { "ID": 3033025100000, "正式名称": "山本歯科医院", "機関区分": 3, "都道府県コード": 30, "市区町村コード": 202, "所在地": "和歌山県海南市船尾１２２", "緯度": 34.1603, "経度": 135.200602, "url": "https://www.iryou.teikyouseido.mhlw.go.jp/znk-web/juminkanja/S2430/initialize?prefCd=30&kikanCd=3025100000&kikanKbn=3", "url2": null, "内容": "山本歯科医院【3:歯科】和歌山県海南市船尾１２２" }, "geometry": { "type": "Point", "coordinates": [ 135.200602, 34.1603 ] } },
{ "type": "Feature", "properties": { "ID": 3033025200000, "正式名称": "山田歯科", "機関区分": 3, "都道府県コード": 30, "市区町村コード": 202, "所在地": "和歌山県海南市船尾１８６－５６", "緯度": 34.158449, "経度": 135.20735, "url": "https://www.iryou.teikyouseido.mhlw.go.jp/znk-web/juminkanja/S2430/initialize?prefCd=30&kikanCd=3025200000&kikanKbn=3", "url2": null, "内容": "山田歯科【3:歯科】和歌山県海南市船尾１８６－５６" }, "geometry": { "type": "Point", "coordinates": [ 135.20735, 34.158449 ] } },
{ "type": "Feature", "properties": { "ID": 3033025300000, "正式名称": "児島歯科医院", "機関区分": 3, "都道府県コード": 30, "市区町村コード": 202, "所在地": "和歌山県海南市船尾１９４", "緯度": 34.158338, "経度": 135.20635, "url": "https://www.iryou.teikyouseido.mhlw.go.jp/znk-web/juminkanja/S2430/initialize?prefCd=30&kikanCd=3025300000&kikanKbn=3", "url2": null, "内容": "児島歯科医院【3:歯科】和歌山県海南市船尾１９４" }, "geometry": { "type": "Point", "coordinates": [ 135.20635, 34.158338 ] } },
{ "type": "Feature", "properties": { "ID": 3033025400000, "正式名称": "岡田歯科・矯正歯科医院", "機関区分": 3, "都道府県コード": 30, "市区町村コード": 202, "所在地": "和歌山県海南市日方１５００－２２", "緯度": 34.155894, "経度": 135.213683, "url": "https://www.iryou.teikyouseido.mhlw.go.jp/znk-web/juminkanja/S2430/initialize?prefCd=30&kikanCd=3025400000&kikanKbn=3", "url2": "https://www.okada-dental-orthodontic-dinic.com", "内容": "岡田歯科・矯正歯科医院【3:歯科】和歌山県海南市日方１５００－２２" }, "geometry": { "type": "Point", "coordinates": [ 135.213683, 34.155894 ] } },
{ "type": "Feature", "properties": { "ID": 3033025500000, "正式名称": "玉置歯科医院", "機関区分": 3, "都道府県コード": 30, "市区町村コード": 202, "所在地": "和歌山県海南市日方１５１９－２", "緯度": 34.155699, "経度": 135.210906, "url": "https://www.iryou.teikyouseido.mhlw.go.jp/znk-web/juminkanja/S2430/initialize?prefCd=30&kikanCd=3025500000&kikanKbn=3", "url2": null, "内容": "玉置歯科医院【3:歯科】和歌山県海南市日方１５１９－２" }, "geometry": { "type": "Point", "coordinates": [ 135.210906, 34.155699 ] } },
{ "type": "Feature", "properties": { "ID": 3033025900000, "正式名称": "片山歯科医院", "機関区分": 3, "都道府県コード": 30, "市区町村コード": 202, "所在地": "和歌山県海南市日方１５２１－８", "緯度": 34.154255, "経度": 135.210406, "url": "https://www.iryou.teikyouseido.mhlw.go.jp/znk-web/juminkanja/S2430/initialize?prefCd=30&kikanCd=3025900000&kikanKbn=3", "url2": null, "内容": "片山歯科医院【3:歯科】和歌山県海南市日方１５２１－８" }, "geometry": { "type": "Point", "coordinates": [ 135.210406, 34.154255 ] } },
{ "type": "Feature", "properties": { "ID": 3033026000000, "正式名称": "畑岡歯科医院", "機関区分": 3, "都道府県コード": 30, "市区町村コード": 202, "所在地": "和歌山県海南市日方１２９０－１６", "緯度": 34.155089, "経度": 135.208822, "url": "https://www.iryou.teikyouseido.mhlw.go.jp/znk-web/juminkanja/S2430/initialize?prefCd=30&kikanCd=3026000000&kikanKbn=3", "url2": "https://www.taokashikaiin.com", "内容": "畑岡歯科医院【3:歯科】和歌山県海南市日方１２９０－１６" }, "geometry": { "type": "Point", "coordinates": [ 135.208822, 34.155089 ] } },
{ "type": "Feature", "properties": { "ID": 3033026100000, "正式名称": "田井歯科医院", "機関区分": 3, "都道府県コード": 30, "市区町村コード": 202, "所在地": "和歌山県海南市日方１０１１", "緯度": 34.157449, "経度": 135.214489, "url": "https://www.iryou.teikyouseido.mhlw.go.jp/znk-web/juminkanja/S2430/initialize?prefCd=30&kikanCd=3026100000&kikanKbn=3", "url2": null, "内容": "田井歯科医院【3:歯科】和歌山県海南市日方１０１１" }, "geometry": { "type": "Point", "coordinates": [ 135.214489, 34.157449 ] } },
{ "type": "Feature", "properties": { "ID": 3033026300000, "正式名称": "中山歯科医院", "機関区分": 3, "都道府県コード": 30, "市区町村コード": 202, "所在地": "和歌山県海南市黒江１２６０", "緯度": 34.17017, "経度": 135.209739, "url": "https://www.iryou.teikyouseido.mhlw.go.jp/znk-web/juminkanja/S2430/initialize?prefCd=30&kikanCd=3026300000&kikanKbn=3", "url2": null, "内容": "中山歯科医院【3:歯科】和歌山県海南市黒江１２６０" }, "geometry": { "type": "Point", "coordinates": [ 135.209739, 34.17017 ] } },
{ "type": "Feature", "properties": { "ID": 3033026400000, "正式名称": "平田歯科医院", "機関区分": 3, "都道府県コード": 30, "市区町村コード": 202, "所在地": "和歌山県海南市黒江７２２", "緯度": 34.162449, "経度": 135.205517, "url": "https://www.iryou.teikyouseido.mhlw.go.jp/znk-web/juminkanja/S2430/initialize?prefCd=30&kikanCd=3026400000&kikanKbn=3", "url2": null, "内容": "平田歯科医院【3:歯科】和歌山県海南市黒江７２２" }, "geometry": { "type": "Point", "coordinates": [ 135.205517, 34.162449 ] } },
{ "type": "Feature", "properties": { "ID": 3033026600000, "正式名称": "中山たく歯科医院", "機関区分": 3, "都道府県コード": 30, "市区町村コード": 202, "所在地": "和歌山県海南市大野中６０２－４", "緯度": 34.153228, "経度": 135.226738, "url": "https://www.iryou.teikyouseido.mhlw.go.jp/znk-web/juminkanja/S2430/initialize?prefCd=30&kikanCd=3026600000&kikanKbn=3", "url2": "https://www.nakayamataku-dc.com/", "内容": "中山たく歯科医院【3:歯科】和歌山県海南市大野中６０２－４" }, "geometry": { "type": "Point", "coordinates": [ 135.226738, 34.153228 ] } },
{ "type": "Feature", "properties": { "ID": 3033026800000, "正式名称": "まとう歯科医院", "機関区分": 3, "都道府県コード": 30, "市区町村コード": 202, "所在地": "和歌山県海南市重根４４２－１", "緯度": 34.153644, "経度": 135.245375, "url": "https://www.iryou.teikyouseido.mhlw.go.jp/znk-web/juminkanja/S2430/initialize?prefCd=30&kikanCd=3026800000&kikanKbn=3", "url2": null, "内容": "まとう歯科医院【3:歯科】和歌山県海南市重根４４２－１" }, "geometry": { "type": "Point", "coordinates": [ 135.245375, 34.153644 ] } },
{ "type": "Feature", "properties": { "ID": 3033026900000, "正式名称": "寺本歯科", "機関区分": 3, "都道府県コード": 30, "市区町村コード": 202, "所在地": "和歌山県海南市重根１１６９－２", "緯度": 34.154894, "経度": 135.253875, "url": "https://www.iryou.teikyouseido.mhlw.go.jp/znk-web/juminkanja/S2430/initialize?prefCd=30&kikanCd=3026900000&kikanKbn=3", "url2": "http://www.teramotodc.com", "内容": "寺本歯科【3:歯科】和歌山県海南市重根１１６９－２" }, "geometry": { "type": "Point", "coordinates": [ 135.253875, 34.154894 ] } },
{ "type": "Feature", "properties": { "ID": 3033027400000, "正式名称": "ホワイト歯科", "機関区分": 3, "都道府県コード": 30, "市区町村コード": 202, "所在地": "和歌山県海南市名高２６９－７", "緯度": 34.151811, "経度": 135.215517, "url": "https://www.iryou.teikyouseido.mhlw.go.jp/znk-web/juminkanja/S2430/initialize?prefCd=30&kikanCd=3027400000&kikanKbn=3", "url2": null, "内容": "ホワイト歯科【3:歯科】和歌山県海南市名高２６９－７" }, "geometry": { "type": "Point", "coordinates": [ 135.215517, 34.151811 ] } },
{ "type": "Feature", "properties": { "ID": 3033027500000, "正式名称": "さかい歯科", "機関区分": 3, "都道府県コード": 30, "市区町村コード": 361, "所在地": "和歌山県有田郡湯浅町湯浅９６２", "緯度": 34.035971, "経度": 135.179236, "url": "https://www.iryou.teikyouseido.mhlw.go.jp/znk-web/juminkanja/S2430/initialize?prefCd=30&kikanCd=3027500000&kikanKbn=3", "url2": "http://sakai-do.cihp.ip/", "内容": "さかい歯科【3:歯科】和歌山県有田郡湯浅町湯浅９６２" }, "geometry": { "type": "Point", "coordinates": [ 135.179236, 34.035971 ] } },
{ "type": "Feature", "properties": { "ID": 3033027600000, "正式名称": "上田歯科", "機関区分": 3, "都道府県コード": 30, "市区町村コード": 361, "所在地": "和歌山県有田郡湯浅町湯浅２８３２－３", "緯度": 34.035129, "経度": 135.172359, "url": "https://www.iryou.teikyouseido.mhlw.go.jp/znk-web/juminkanja/S2430/initialize?prefCd=30&kikanCd=3027600000&kikanKbn=3", "url2": null, "内容": "上田歯科【3:歯科】和歌山県有田郡湯浅町湯浅２８３２－３" }, "geometry": { "type": "Point", "coordinates": [ 135.172359, 34.035129 ] } },
{ "type": "Feature", "properties": { "ID": 3033027800000, "正式名称": "医療法人　若葉会　ながたに歯科", "機関区分": 3, "都道府県コード": 30, "市区町村コード": 361, "所在地": "和歌山県有田郡湯浅町湯浅１４５６－８", "緯度": 34.035017, "経度": 135.18483, "url": "https://www.iryou.teikyouseido.mhlw.go.jp/znk-web/juminkanja/S2430/initialize?prefCd=30&kikanCd=3027800000&kikanKbn=3", "url2": null, "内容": "医療法人　若葉会　ながたに歯科【3:歯科】和歌山県有田郡湯浅町湯浅１４５６－８" }, "geometry": { "type": "Point", "coordinates": [ 135.18483, 34.035017 ] } },
{ "type": "Feature", "properties": { "ID": 3033027900000, "正式名称": "大谷歯科", "機関区分": 3, "都道府県コード": 30, "市区町村コード": 361, "所在地": "和歌山県有田郡湯浅町湯浅１２９１－１９", "緯度": 34.031545, "経度": 135.178248, "url": "https://www.iryou.teikyouseido.mhlw.go.jp/znk-web/juminkanja/S2430/initialize?prefCd=30&kikanCd=3027900000&kikanKbn=3", "url2": null, "内容": "大谷歯科【3:歯科】和歌山県有田郡湯浅町湯浅１２９１－１９" }, "geometry": { "type": "Point", "coordinates": [ 135.178248, 34.031545 ] } },
{ "type": "Feature", "properties": { "ID": 3033028000000, "正式名称": "大橋歯科・矯正歯科", "機関区分": 3, "都道府県コード": 30, "市区町村コード": 361, "所在地": "和歌山県有田郡湯浅町湯浅１２６７番地", "緯度": 34.03124, "経度": 135.176609, "url": "https://www.iryou.teikyouseido.mhlw.go.jp/znk-web/juminkanja/S2430/initialize?prefCd=30&kikanCd=3028000000&kikanKbn=3", "url2": "http://www.ohashi-kyousei.com/", "内容": "大橋歯科・矯正歯科【3:歯科】和歌山県有田郡湯浅町湯浅１２６７番地" }, "geometry": { "type": "Point", "coordinates": [ 135.176609, 34.03124 ] } },
{ "type": "Feature", "properties": { "ID": 3033028200000, "正式名称": "やまだ歯科クリニック", "機関区分": 3, "都道府県コード": 30, "市区町村コード": 361, "所在地": "和歌山県有田郡湯浅町湯浅２１６６－１１", "緯度": 34.039933, "経度": 135.186857, "url": "https://www.iryou.teikyouseido.mhlw.go.jp/znk-web/juminkanja/S2430/initialize?prefCd=30&kikanCd=3028200000&kikanKbn=3", "url2": null, "内容": "やまだ歯科クリニック【3:歯科】和歌山県有田郡湯浅町湯浅２１６６－１１" }, "geometry": { "type": "Point", "coordinates": [ 135.186857, 34.039933 ] } },
{ "type": "Feature", "properties": { "ID": 3033028300000, "正式名称": "太田歯科医院", "機関区分": 3, "都道府県コード": 30, "市区町村コード": 366, "所在地": "和歌山県有田郡有田川町下津野１２８９－１", "緯度": 34.063153, "経度": 135.214937, "url": "https://www.iryou.teikyouseido.mhlw.go.jp/znk-web/juminkanja/S2430/initialize?prefCd=30&kikanCd=3028300000&kikanKbn=3", "url2": null, "内容": "太田歯科医院【3:歯科】和歌山県有田郡有田川町下津野１２８９－１" }, "geometry": { "type": "Point", "coordinates": [ 135.214937, 34.063153 ] } },
{ "type": "Feature", "properties": { "ID": 3033028400000, "正式名称": "荻野歯科医院", "機関区分": 3, "都道府県コード": 30, "市区町村コード": 366, "所在地": "和歌山県有田郡有田川町下津野１８５－１", "緯度": 34.066153, "経度": 135.221131, "url": "https://www.iryou.teikyouseido.mhlw.go.jp/znk-web/juminkanja/S2430/initialize?prefCd=30&kikanCd=3028400000&kikanKbn=3", "url2": null, "内容": "荻野歯科医院【3:歯科】和歌山県有田郡有田川町下津野１８５－１" }, "geometry": { "type": "Point", "coordinates": [ 135.221131, 34.066153 ] } },
{ "type": "Feature", "properties": { "ID": 3033028500000, "正式名称": "滝川歯科医院", "機関区分": 3, "都道府県コード": 30, "市区町村コード": 366, "所在地": "和歌山県有田郡有田川町天満５２２－４", "緯度": 34.062903, "経度": 135.202438, "url": "https://www.iryou.teikyouseido.mhlw.go.jp/znk-web/juminkanja/S2430/initialize?prefCd=30&kikanCd=3028500000&kikanKbn=3", "url2": null, "内容": "滝川歯科医院【3:歯科】和歌山県有田郡有田川町天満５２２－４" }, "geometry": { "type": "Point", "coordinates": [ 135.202438, 34.062903 ] } },
{ "type": "Feature", "properties": { "ID": 3033028600000, "正式名称": "あさかわ歯科医院", "機関区分": 3, "都道府県コード": 30, "市区町村コード": 366, "所在地": "和歌山県有田郡有田川町天満２２１－９", "緯度": 34.055071, "経度": 135.201523, "url": "https://www.iryou.teikyouseido.mhlw.go.jp/znk-web/juminkanja/S2430/initialize?prefCd=30&kikanCd=3028600000&kikanKbn=3", "url2": null, "内容": "あさかわ歯科医院【3:歯科】和歌山県有田郡有田川町天満２２１－９" }, "geometry": { "type": "Point", "coordinates": [ 135.201523, 34.055071 ] } },
{ "type": "Feature", "properties": { "ID": 3033028700000, "正式名称": "湯田歯科医院", "機関区分": 3, "都道府県コード": 30, "市区町村コード": 366, "所在地": "和歌山県有田郡有田川町天満２８－１９", "緯度": 34.064514, "経度": 135.197716, "url": "https://www.iryou.teikyouseido.mhlw.go.jp/znk-web/juminkanja/S2430/initialize?prefCd=30&kikanCd=3028700000&kikanKbn=3", "url2": null, "内容": "湯田歯科医院【3:歯科】和歌山県有田郡有田川町天満２８－１９" }, "geometry": { "type": "Point", "coordinates": [ 135.197716, 34.064514 ] } },
{ "type": "Feature", "properties": { "ID": 3033028900000, "正式名称": "濱口歯科医院", "機関区分": 3, "都道府県コード": 30, "市区町村コード": 362, "所在地": "和歌山県有田郡広川町広６７２－１", "緯度": 34.025296, "経度": 135.172998, "url": "https://www.iryou.teikyouseido.mhlw.go.jp/znk-web/juminkanja/S2430/initialize?prefCd=30&kikanCd=3028900000&kikanKbn=3", "url2": null, "内容": "濱口歯科医院【3:歯科】和歌山県有田郡広川町広６７２－１" }, "geometry": { "type": "Point", "coordinates": [ 135.172998, 34.025296 ] } },
{ "type": "Feature", "properties": { "ID": 3033029000000, "正式名称": "下出歯科診療所", "機関区分": 3, "都道府県コード": 30, "市区町村コード": 362, "所在地": "和歌山県有田郡広川町広２９２－１", "緯度": 34.029629, "経度": 135.176026, "url": "https://www.iryou.teikyouseido.mhlw.go.jp/znk-web/juminkanja/S2430/initialize?prefCd=30&kikanCd=3029000000&kikanKbn=3", "url2": "https://www.shimode-shika.com/", "内容": "下出歯科診療所【3:歯科】和歌山県有田郡広川町広２９２－１" }, "geometry": { "type": "Point", "coordinates": [ 135.176026, 34.029629 ] } },
{ "type": "Feature", "properties": { "ID": 3033029200000, "正式名称": "前田歯科医院", "機関区分": 3, "都道府県コード": 30, "市区町村コード": 366, "所在地": "和歌山県有田郡有田川町金屋６３４", "緯度": 34.064154, "経度": 135.25299, "url": "https://www.iryou.teikyouseido.mhlw.go.jp/znk-web/juminkanja/S2430/initialize?prefCd=30&kikanCd=3029200000&kikanKbn=3", "url2": null, "内容": "前田歯科医院【3:歯科】和歌山県有田郡有田川町金屋６３４" }, "geometry": { "type": "Point", "coordinates": [ 135.25299, 34.064154 ] } },
{ "type": "Feature", "properties": { "ID": 3033029300000, "正式名称": "上西歯科粟生分院", "機関区分": 3, "都道府県コード": 30, "市区町村コード": 366, "所在地": "和歌山県有田郡有田川町粟生４６３－７", "緯度": 34.048551, "経度": 135.346655, "url": "https://www.iryou.teikyouseido.mhlw.go.jp/znk-web/juminkanja/S2430/initialize?prefCd=30&kikanCd=3029300000&kikanKbn=3", "url2": null, "内容": "上西歯科粟生分院【3:歯科】和歌山県有田郡有田川町粟生４６３－７" }, "geometry": { "type": "Point", "coordinates": [ 135.346655, 34.048551 ] } },
{ "type": "Feature", "properties": { "ID": 3033029400000, "正式名称": "いながきデンタルクリニック", "機関区分": 3, "都道府県コード": 30, "市区町村コード": 366, "所在地": "和歌山県有田郡有田川町清水３５２－１", "緯度": 34.083794, "経度": 135.429557, "url": "https://www.iryou.teikyouseido.mhlw.go.jp/znk-web/juminkanja/S2430/initialize?prefCd=30&kikanCd=3029400000&kikanKbn=3", "url2": null, "内容": "いながきデンタルクリニック【3:歯科】和歌山県有田郡有田川町清水３５２－１" }, "geometry": { "type": "Point", "coordinates": [ 135.429557, 34.083794 ] } },
{ "type": "Feature", "properties": { "ID": 3033029500000, "正式名称": "上西歯科医院", "機関区分": 3, "都道府県コード": 30, "市区町村コード": 366, "所在地": "和歌山県有田郡有田川町清水２９７－１", "緯度": 34.085544, "経度": 135.427446, "url": "https://www.iryou.teikyouseido.mhlw.go.jp/znk-web/juminkanja/S2430/initialize?prefCd=30&kikanCd=3029500000&kikanKbn=3", "url2": null, "内容": "上西歯科医院【3:歯科】和歌山県有田郡有田川町清水２９７－１" }, "geometry": { "type": "Point", "coordinates": [ 135.427446, 34.085544 ] } },
{ "type": "Feature", "properties": { "ID": 3033029700000, "正式名称": "ウエダ歯科", "機関区分": 3, "都道府県コード": 30, "市区町村コード": 366, "所在地": "和歌山県有田郡有田川町徳田５６３－６", "緯度": 34.060904, "経度": 135.245797, "url": "https://www.iryou.teikyouseido.mhlw.go.jp/znk-web/juminkanja/S2430/initialize?prefCd=30&kikanCd=3029700000&kikanKbn=3", "url2": "http://uedashika.jp/", "内容": "ウエダ歯科【3:歯科】和歌山県有田郡有田川町徳田５６３－６" }, "geometry": { "type": "Point", "coordinates": [ 135.245797, 34.060904 ] } },
{ "type": "Feature", "properties": { "ID": 3033029900000, "正式名称": "東歯科医院", "機関区分": 3, "都道府県コード": 30, "市区町村コード": 366, "所在地": "和歌山県有田郡有田川町庄１１－３", "緯度": 34.062071, "経度": 135.241324, "url": "https://www.iryou.teikyouseido.mhlw.go.jp/znk-web/juminkanja/S2430/initialize?prefCd=30&kikanCd=3029900000&kikanKbn=3", "url2": null, "内容": "東歯科医院【3:歯科】和歌山県有田郡有田川町庄１１－３" }, "geometry": { "type": "Point", "coordinates": [ 135.241324, 34.062071 ] } },
{ "type": "Feature", "properties": { "ID": 3033030000000, "正式名称": "吉田歯科", "機関区分": 3, "都道府県コード": 30, "市区町村コード": 366, "所在地": "和歌山県有田郡有田川町上中島５１３", "緯度": 34.071958, "経度": 135.206493, "url": "https://www.iryou.teikyouseido.mhlw.go.jp/znk-web/juminkanja/S2430/initialize?prefCd=30&kikanCd=3030000000&kikanKbn=3", "url2": null, "内容": "吉田歯科【3:歯科】和歌山県有田郡有田川町上中島５１３" }, "geometry": { "type": "Point", "coordinates": [ 135.206493, 34.071958 ] } },
{ "type": "Feature", "properties": { "ID": 3033030100000, "正式名称": "宮本歯科", "機関区分": 3, "都道府県コード": 30, "市区町村コード": 205, "所在地": "和歌山県御坊市御坊２５４", "緯度": 33.888699, "経度": 135.156284, "url": "https://www.iryou.teikyouseido.mhlw.go.jp/znk-web/juminkanja/S2430/initialize?prefCd=30&kikanCd=3030100000&kikanKbn=3", "url2": null, "内容": "宮本歯科【3:歯科】和歌山県御坊市御坊２５４" }, "geometry": { "type": "Point", "coordinates": [ 135.156284, 33.888699 ] } },
{ "type": "Feature", "properties": { "ID": 3033030200000, "正式名称": "医療法人　野尻歯科", "機関区分": 3, "都道府県コード": 30, "市区町村コード": 205, "所在地": "和歌山県御坊市薗３５０－４", "緯度": 33.890449, "経度": 135.152034, "url": "https://www.iryou.teikyouseido.mhlw.go.jp/znk-web/juminkanja/S2430/initialize?prefCd=30&kikanCd=3030200000&kikanKbn=3", "url2": null, "内容": "医療法人　野尻歯科【3:歯科】和歌山県御坊市薗３５０－４" }, "geometry": { "type": "Point", "coordinates": [ 135.152034, 33.890449 ] } },
{ "type": "Feature", "properties": { "ID": 3033030500000, "正式名称": "杉村歯科医院", "機関区分": 3, "都道府県コード": 30, "市区町村コード": 205, "所在地": "和歌山県御坊市薗５０８番地", "緯度": 33.887505, "経度": 135.155367, "url": "https://www.iryou.teikyouseido.mhlw.go.jp/znk-web/juminkanja/S2430/initialize?prefCd=30&kikanCd=3030500000&kikanKbn=3", "url2": null, "内容": "杉村歯科医院【3:歯科】和歌山県御坊市薗５０８番地" }, "geometry": { "type": "Point", "coordinates": [ 135.155367, 33.887505 ] } },
{ "type": "Feature", "properties": { "ID": 3033030800000, "正式名称": "五木田歯科医院", "機関区分": 3, "都道府県コード": 30, "市区町村コード": 205, "所在地": "和歌山県御坊市島１６７－２", "緯度": 33.893477, "経度": 135.158367, "url": "https://www.iryou.teikyouseido.mhlw.go.jp/znk-web/juminkanja/S2430/initialize?prefCd=30&kikanCd=3030800000&kikanKbn=3", "url2": null, "内容": "五木田歯科医院【3:歯科】和歌山県御坊市島１６７－２" }, "geometry": { "type": "Point", "coordinates": [ 135.158367, 33.893477 ] } },
{ "type": "Feature", "properties": { "ID": 3033031100000, "正式名称": "くりもと歯科医院", "機関区分": 3, "都道府県コード": 30, "市区町村コード": 205, "所在地": "和歌山県御坊市湯川町財部６４１－２４", "緯度": 33.897365, "経度": 135.151089, "url": "https://www.iryou.teikyouseido.mhlw.go.jp/znk-web/juminkanja/S2430/initialize?prefCd=30&kikanCd=3031100000&kikanKbn=3", "url2": "http://www.kurimoto-shika.jp/", "内容": "くりもと歯科医院【3:歯科】和歌山県御坊市湯川町財部６４１－２４" }, "geometry": { "type": "Point", "coordinates": [ 135.151089, 33.897365 ] } },
{ "type": "Feature", "properties": { "ID": 3033031200000, "正式名称": "藤田歯科診療所", "機関区分": 3, "都道府県コード": 30, "市区町村コード": 205, "所在地": "和歌山県御坊市湯川町財部８３５－４", "緯度": 33.900698, "経度": 135.160838, "url": "https://www.iryou.teikyouseido.mhlw.go.jp/znk-web/juminkanja/S2430/initialize?prefCd=30&kikanCd=3031200000&kikanKbn=3", "url2": null, "内容": "藤田歯科診療所【3:歯科】和歌山県御坊市湯川町財部８３５－４" }, "geometry": { "type": "Point", "coordinates": [ 135.160838, 33.900698 ] } },
{ "type": "Feature", "properties": { "ID": 3033031300000, "正式名称": "医療法人　松洋会　御坊歯科", "機関区分": 3, "都道府県コード": 30, "市区町村コード": 205, "所在地": "和歌山県御坊市湯川町小松原５３３－４", "緯度": 33.905415, "経度": 135.153132, "url": "https://www.iryou.teikyouseido.mhlw.go.jp/znk-web/juminkanja/S2430/initialize?prefCd=30&kikanCd=3031300000&kikanKbn=3", "url2": null, "内容": "医療法人　松洋会　御坊歯科【3:歯科】和歌山県御坊市湯川町小松原５３３－４" }, "geometry": { "type": "Point", "coordinates": [ 135.153132, 33.905415 ] } },
{ "type": "Feature", "properties": { "ID": 3033031600000, "正式名称": "西馬歯科診療所", "機関区分": 3, "都道府県コード": 30, "市区町村コード": 205, "所在地": "和歌山県御坊市湯川町小松原３７４－４", "緯度": 33.907558, "経度": 135.160727, "url": "https://www.iryou.teikyouseido.mhlw.go.jp/znk-web/juminkanja/S2430/initialize?prefCd=30&kikanCd=3031600000&kikanKbn=3", "url2": "http://www.nishiuma-dc.com", "内容": "西馬歯科診療所【3:歯科】和歌山県御坊市湯川町小松原３７４－４" }, "geometry": { "type": "Point", "coordinates": [ 135.160727, 33.907558 ] } },
{ "type": "Feature", "properties": { "ID": 3033031700000, "正式名称": "博愛歯科診察室", "機関区分": 3, "都道府県コード": 30, "市区町村コード": 205, "所在地": "和歌山県御坊市名田町上野１７２２番地１", "緯度": 33.832483, "経度": 135.179507, "url": "https://www.iryou.teikyouseido.mhlw.go.jp/znk-web/juminkanja/S2430/initialize?prefCd=30&kikanCd=3031700000&kikanKbn=3", "url2": null, "内容": "博愛歯科診察室【3:歯科】和歌山県御坊市名田町上野１７２２番地１" }, "geometry": { "type": "Point", "coordinates": [ 135.179507, 33.832483 ] } },
{ "type": "Feature", "properties": { "ID": 3033031900000, "正式名称": "岩崎歯科クリニック", "機関区分": 3, "都道府県コード": 30, "市区町村コード": 391, "所在地": "和歌山県日高郡みなべ町芝４４１－９", "緯度": 33.766826, "経度": 135.32297, "url": "https://www.iryou.teikyouseido.mhlw.go.jp/znk-web/juminkanja/S2430/initialize?prefCd=30&kikanCd=3031900000&kikanKbn=3", "url2": null, "内容": "岩崎歯科クリニック【3:歯科】和歌山県日高郡みなべ町芝４４１－９" }, "geometry": { "type": "Point", "coordinates": [ 135.32297, 33.766826 ] } },
{ "type": "Feature", "properties": { "ID": 3033032000000, "正式名称": "堅田歯科医院", "機関区分": 3, "都道府県コード": 30, "市区町村コード": 391, "所在地": "和歌山県日高郡みなべ町芝５０６－５", "緯度": 33.766104, "経度": 135.322304, "url": "https://www.iryou.teikyouseido.mhlw.go.jp/znk-web/juminkanja/S2430/initialize?prefCd=30&kikanCd=3032000000&kikanKbn=3", "url2": null, "内容": "堅田歯科医院【3:歯科】和歌山県日高郡みなべ町芝５０６－５" }, "geometry": { "type": "Point", "coordinates": [ 135.322304, 33.766104 ] } },
{ "type": "Feature", "properties": { "ID": 3033032100000, "正式名称": "南歯科医院", "機関区分": 3, "都道府県コード": 30, "市区町村コード": 391, "所在地": "和歌山県日高郡みなべ町芝４４６", "緯度": 33.765937, "経度": 135.323304, "url": "https://www.iryou.teikyouseido.mhlw.go.jp/znk-web/juminkanja/S2430/initialize?prefCd=30&kikanCd=3032100000&kikanKbn=3", "url2": null, "内容": "南歯科医院【3:歯科】和歌山県日高郡みなべ町芝４４６" }, "geometry": { "type": "Point", "coordinates": [ 135.323304, 33.765937 ] } },
{ "type": "Feature", "properties": { "ID": 3033032200000, "正式名称": "ヒロセ歯科医院", "機関区分": 3, "都道府県コード": 30, "市区町村コード": 391, "所在地": "和歌山県日高郡みなべ町気佐藤３９５－６", "緯度": 33.77802, "経度": 135.324858, "url": "https://www.iryou.teikyouseido.mhlw.go.jp/znk-web/juminkanja/S2430/initialize?prefCd=30&kikanCd=3032200000&kikanKbn=3", "url2": null, "内容": "ヒロセ歯科医院【3:歯科】和歌山県日高郡みなべ町気佐藤３９５－６" }, "geometry": { "type": "Point", "coordinates": [ 135.324858, 33.77802 ] } },
{ "type": "Feature", "properties": { "ID": 3033032300000, "正式名称": "龍神村歯科診療所", "機関区分": 3, "都道府県コード": 30, "市区町村コード": 206, "所在地": "和歌山県田辺市龍神村安井２７４", "緯度": 33.888455, "経度": 135.479173, "url": "https://www.iryou.teikyouseido.mhlw.go.jp/znk-web/juminkanja/S2430/initialize?prefCd=30&kikanCd=3032300000&kikanKbn=3", "url2": null, "内容": "龍神村歯科診療所【3:歯科】和歌山県田辺市龍神村安井２７４" }, "geometry": { "type": "Point", "coordinates": [ 135.479173, 33.888455 ] } },
{ "type": "Feature", "properties": { "ID": 3033032400000, "正式名称": "山本歯科医院", "機関区分": 3, "都道府県コード": 30, "市区町村コード": 206, "所在地": "和歌山県田辺市上万呂２４０", "緯度": 33.734026, "経度": 135.407575, "url": "https://www.iryou.teikyouseido.mhlw.go.jp/znk-web/juminkanja/S2430/initialize?prefCd=30&kikanCd=3032400000&kikanKbn=3", "url2": "http://418tanabe.com/", "内容": "山本歯科医院【3:歯科】和歌山県田辺市上万呂２４０" }, "geometry": { "type": "Point", "coordinates": [ 135.407575, 33.734026 ] } },
{ "type": "Feature", "properties": { "ID": 3033032500000, "正式名称": "おか歯科医院", "機関区分": 3, "都道府県コード": 30, "市区町村コード": 206, "所在地": "和歌山県田辺市中万呂９１－１", "緯度": 33.736637, "経度": 135.401076, "url": "https://www.iryou.teikyouseido.mhlw.go.jp/znk-web/juminkanja/S2430/initialize?prefCd=30&kikanCd=3032500000&kikanKbn=3", "url2": "http://www.oka-dental.net/", "内容": "おか歯科医院【3:歯科】和歌山県田辺市中万呂９１－１" }, "geometry": { "type": "Point", "coordinates": [ 135.401076, 33.736637 ] } },
{ "type": "Feature", "properties": { "ID": 3033032700000, "正式名称": "榎本デンタルクリニック", "機関区分": 3, "都道府県コード": 30, "市区町村コード": 206, "所在地": "和歌山県田辺市秋津町２１５－８", "緯度": 33.745719, "経度": 135.394187, "url": "https://www.iryou.teikyouseido.mhlw.go.jp/znk-web/juminkanja/S2430/initialize?prefCd=30&kikanCd=3032700000&kikanKbn=3", "url2": null, "内容": "榎本デンタルクリニック【3:歯科】和歌山県田辺市秋津町２１５－８" }, "geometry": { "type": "Point", "coordinates": [ 135.394187, 33.745719 ] } },
{ "type": "Feature", "properties": { "ID": 3033032900000, "正式名称": "住吉歯科医院", "機関区分": 3, "都道府県コード": 30, "市区町村コード": 206, "所在地": "和歌山県田辺市神島台１３－１５", "緯度": 33.707584, "経度": 135.401716, "url": "https://www.iryou.teikyouseido.mhlw.go.jp/znk-web/juminkanja/S2430/initialize?prefCd=30&kikanCd=3032900000&kikanKbn=3", "url2": null, "内容": "住吉歯科医院【3:歯科】和歌山県田辺市神島台１３－１５" }, "geometry": { "type": "Point", "coordinates": [ 135.401716, 33.707584 ] } },
{ "type": "Feature", "properties": { "ID": 3033033000000, "正式名称": "初山歯科医院", "機関区分": 3, "都道府県コード": 30, "市区町村コード": 206, "所在地": "和歌山県田辺市新万２０－６", "緯度": 33.733081, "経度": 135.397104, "url": "https://www.iryou.teikyouseido.mhlw.go.jp/znk-web/juminkanja/S2430/initialize?prefCd=30&kikanCd=3033000000&kikanKbn=3", "url2": null, "内容": "初山歯科医院【3:歯科】和歌山県田辺市新万２０－６" }, "geometry": { "type": "Point", "coordinates": [ 135.397104, 33.733081 ] } },
{ "type": "Feature", "properties": { "ID": 3033033100000, "正式名称": "岩上歯科医院", "機関区分": 3, "都道府県コード": 30, "市区町村コード": 206, "所在地": "和歌山県田辺市あけぼの４４－１７", "緯度": 33.731415, "経度": 135.392661, "url": "https://www.iryou.teikyouseido.mhlw.go.jp/znk-web/juminkanja/S2430/initialize?prefCd=30&kikanCd=3033100000&kikanKbn=3", "url2": null, "内容": "岩上歯科医院【3:歯科】和歌山県田辺市あけぼの４４－１７" }, "geometry": { "type": "Point", "coordinates": [ 135.392661, 33.731415 ] } },
{ "type": "Feature", "properties": { "ID": 3033033200000, "正式名称": "竹原歯科医院", "機関区分": 3, "都道府県コード": 30, "市区町村コード": 206, "所在地": "和歌山県田辺市東山一丁目１８番１０号", "緯度": 33.727526, "経度": 135.39255, "url": "https://www.iryou.teikyouseido.mhlw.go.jp/znk-web/juminkanja/S2430/initialize?prefCd=30&kikanCd=3033200000&kikanKbn=3", "url2": "https://takehara-dc.com/", "内容": "竹原歯科医院【3:歯科】和歌山県田辺市東山一丁目１８番１０号" }, "geometry": { "type": "Point", "coordinates": [ 135.39255, 33.727526 ] } },
{ "type": "Feature", "properties": { "ID": 3033033400000, "正式名称": "堀歯科クリニック", "機関区分": 3, "都道府県コード": 30, "市区町村コード": 206, "所在地": "和歌山県田辺市東山１－４－３", "緯度": 33.72972, "経度": 135.388855, "url": "https://www.iryou.teikyouseido.mhlw.go.jp/znk-web/juminkanja/S2430/initialize?prefCd=30&kikanCd=3033400000&kikanKbn=3", "url2": null, "内容": "堀歯科クリニック【3:歯科】和歌山県田辺市東山１－４－３" }, "geometry": { "type": "Point", "coordinates": [ 135.388855, 33.72972 ] } },
{ "type": "Feature", "properties": { "ID": 3033033500000, "正式名称": "わだ歯科クリニック", "機関区分": 3, "都道府県コード": 30, "市区町村コード": 206, "所在地": "和歌山県田辺市文里２－３２－３", "緯度": 33.720304, "経度": 135.386273, "url": "https://www.iryou.teikyouseido.mhlw.go.jp/znk-web/juminkanja/S2430/initialize?prefCd=30&kikanCd=3033500000&kikanKbn=3", "url2": null, "内容": "わだ歯科クリニック【3:歯科】和歌山県田辺市文里２－３２－３" }, "geometry": { "type": "Point", "coordinates": [ 135.386273, 33.720304 ] } },
{ "type": "Feature", "properties": { "ID": 3033033600000, "正式名称": "真砂歯科医院", "機関区分": 3, "都道府県コード": 30, "市区町村コード": 206, "所在地": "和歌山県田辺市神子浜一丁目２２番地－１７号", "緯度": 33.723304, "経度": 135.388522, "url": "https://www.iryou.teikyouseido.mhlw.go.jp/znk-web/juminkanja/S2430/initialize?prefCd=30&kikanCd=3033600000&kikanKbn=3", "url2": null, "内容": "真砂歯科医院【3:歯科】和歌山県田辺市神子浜一丁目２２番地－１７号" }, "geometry": { "type": "Point", "coordinates": [ 135.388522, 33.723304 ] } },
{ "type": "Feature", "properties": { "ID": 3033033700000, "正式名称": "西出歯科医院", "機関区分": 3, "都道府県コード": 30, "市区町村コード": 206, "所在地": "和歌山県田辺市朝日ヶ丘１６－１２", "緯度": 33.735831, "経度": 135.390633, "url": "https://www.iryou.teikyouseido.mhlw.go.jp/znk-web/juminkanja/S2430/initialize?prefCd=30&kikanCd=3033700000&kikanKbn=3", "url2": null, "内容": "西出歯科医院【3:歯科】和歌山県田辺市朝日ヶ丘１６－１２" }, "geometry": { "type": "Point", "coordinates": [ 135.390633, 33.735831 ] } },
{ "type": "Feature", "properties": { "ID": 3033033800000, "正式名称": "ひまわり歯科", "機関区分": 3, "都道府県コード": 30, "市区町村コード": 206, "所在地": "和歌山県田辺市高雄三丁目１１－５", "緯度": 33.739525, "経度": 135.382216, "url": "https://www.iryou.teikyouseido.mhlw.go.jp/znk-web/juminkanja/S2430/initialize?prefCd=30&kikanCd=3033800000&kikanKbn=3", "url2": null, "内容": "ひまわり歯科【3:歯科】和歌山県田辺市高雄三丁目１１－５" }, "geometry": { "type": "Point", "coordinates": [ 135.382216, 33.739525 ] } },
{ "type": "Feature", "properties": { "ID": 3033034200000, "正式名称": "真砂歯科診療所", "機関区分": 3, "都道府県コード": 30, "市区町村コード": 206, "所在地": "和歌山県田辺市湊３１－５", "緯度": 33.730553, "経度": 135.385772, "url": "https://www.iryou.teikyouseido.mhlw.go.jp/znk-web/juminkanja/S2430/initialize?prefCd=30&kikanCd=3034200000&kikanKbn=3", "url2": null, "内容": "真砂歯科診療所【3:歯科】和歌山県田辺市湊３１－５" }, "geometry": { "type": "Point", "coordinates": [ 135.385772, 33.730553 ] } },
{ "type": "Feature", "properties": { "ID": 3033034300000, "正式名称": "医療法人　辻村歯科医院", "機関区分": 3, "都道府県コード": 30, "市区町村コード": 206, "所在地": "和歌山県田辺市高雄一丁目５－３８", "緯度": 33.735525, "経度": 135.379827, "url": "https://www.iryou.teikyouseido.mhlw.go.jp/znk-web/juminkanja/S2430/initialize?prefCd=30&kikanCd=3034300000&kikanKbn=3", "url2": null, "内容": "医療法人　辻村歯科医院【3:歯科】和歌山県田辺市高雄一丁目５－３８" }, "geometry": { "type": "Point", "coordinates": [ 135.379827, 33.735525 ] } },
{ "type": "Feature", "properties": { "ID": 3033034600000, "正式名称": "山路矯正歯科クリニック", "機関区分": 3, "都道府県コード": 30, "市区町村コード": 206, "所在地": "和歌山県田辺市下屋敷町３０－１", "緯度": 33.730609, "経度": 135.381189, "url": "https://www.iryou.teikyouseido.mhlw.go.jp/znk-web/juminkanja/S2430/initialize?prefCd=30&kikanCd=3034600000&kikanKbn=3", "url2": "http://www.yamaji-kyousei.com", "内容": "山路矯正歯科クリニック【3:歯科】和歌山県田辺市下屋敷町３０－１" }, "geometry": { "type": "Point", "coordinates": [ 135.381189, 33.730609 ] } },
{ "type": "Feature", "properties": { "ID": 3033034800000, "正式名称": "田辺歯科", "機関区分": 3, "都道府県コード": 30, "市区町村コード": 206, "所在地": "和歌山県田辺市新屋敷町６２－２", "緯度": 33.72847, "経度": 135.380551, "url": "https://www.iryou.teikyouseido.mhlw.go.jp/znk-web/juminkanja/S2430/initialize?prefCd=30&kikanCd=3034800000&kikanKbn=3", "url2": null, "内容": "田辺歯科【3:歯科】和歌山県田辺市新屋敷町６２－２" }, "geometry": { "type": "Point", "coordinates": [ 135.380551, 33.72847 ] } },
{ "type": "Feature", "properties": { "ID": 3033035100000, "正式名称": "坂本歯科医院", "機関区分": 3, "都道府県コード": 30, "市区町村コード": 206, "所在地": "和歌山県田辺市中屋敷町２４－１１", "緯度": 33.727859, "経度": 135.378495, "url": "https://www.iryou.teikyouseido.mhlw.go.jp/znk-web/juminkanja/S2430/initialize?prefCd=30&kikanCd=3035100000&kikanKbn=3", "url2": null, "内容": "坂本歯科医院【3:歯科】和歌山県田辺市中屋敷町２４－１１" }, "geometry": { "type": "Point", "coordinates": [ 135.378495, 33.727859 ] } },
{ "type": "Feature", "properties": { "ID": 3033035200000, "正式名称": "医療法人　丸山歯科医院", "機関区分": 3, "都道府県コード": 30, "市区町村コード": 206, "所在地": "和歌山県田辺市上屋敷３－１２－６", "緯度": 33.729359, "経度": 135.374384, "url": "https://www.iryou.teikyouseido.mhlw.go.jp/znk-web/juminkanja/S2430/initialize?prefCd=30&kikanCd=3035200000&kikanKbn=3", "url2": null, "内容": "医療法人　丸山歯科医院【3:歯科】和歌山県田辺市上屋敷３－１２－６" }, "geometry": { "type": "Point", "coordinates": [ 135.374384, 33.729359 ] } },
{ "type": "Feature", "properties": { "ID": 3033035700000, "正式名称": "稲成歯科医院", "機関区分": 3, "都道府県コード": 30, "市区町村コード": 206, "所在地": "和歌山県田辺市稲成町２８５６－３", "緯度": 33.743718, "経度": 135.374301, "url": "https://www.iryou.teikyouseido.mhlw.go.jp/znk-web/juminkanja/S2430/initialize?prefCd=30&kikanCd=3035700000&kikanKbn=3", "url2": null, "内容": "稲成歯科医院【3:歯科】和歌山県田辺市稲成町２８５６－３" }, "geometry": { "type": "Point", "coordinates": [ 135.374301, 33.743718 ] } },
{ "type": "Feature", "properties": { "ID": 3033036000000, "正式名称": "保富歯科医院", "機関区分": 3, "都道府県コード": 30, "市区町村コード": 206, "所在地": "和歌山県田辺市鮎川５８３－５", "緯度": 33.728278, "経度": 135.482764, "url": "https://www.iryou.teikyouseido.mhlw.go.jp/znk-web/juminkanja/S2430/initialize?prefCd=30&kikanCd=3036000000&kikanKbn=3", "url2": null, "内容": "保富歯科医院【3:歯科】和歌山県田辺市鮎川５８３－５" }, "geometry": { "type": "Point", "coordinates": [ 135.482764, 33.728278 ] } },
{ "type": "Feature", "properties": { "ID": 3033036100000, "正式名称": "田中歯科医院", "機関区分": 3, "都道府県コード": 30, "市区町村コード": 206, "所在地": "和歌山県田辺市中辺路町栗栖川１４２－５", "緯度": 33.788577, "経度": 135.514537, "url": "https://www.iryou.teikyouseido.mhlw.go.jp/znk-web/juminkanja/S2430/initialize?prefCd=30&kikanCd=3036100000&kikanKbn=3", "url2": "tanaka-tdc.com", "内容": "田中歯科医院【3:歯科】和歌山県田辺市中辺路町栗栖川１４２－５" }, "geometry": { "type": "Point", "coordinates": [ 135.514537, 33.788577 ] } },
{ "type": "Feature", "properties": { "ID": 3033036200000, "正式名称": "亀屋ビル歯科", "機関区分": 3, "都道府県コード": 30, "市区町村コード": 207, "所在地": "和歌山県新宮市谷王子町４５６－１　亀屋ビル２Ｆ", "緯度": 33.727537, "経度": 135.990638, "url": "https://www.iryou.teikyouseido.mhlw.go.jp/znk-web/juminkanja/S2430/initialize?prefCd=30&kikanCd=3036200000&kikanKbn=3", "url2": null, "内容": "亀屋ビル歯科【3:歯科】和歌山県新宮市谷王子町４５６－１　亀屋ビル２Ｆ" }, "geometry": { "type": "Point", "coordinates": [ 135.990638, 33.727537 ] } },
{ "type": "Feature", "properties": { "ID": 3033036700000, "正式名称": "しんぐう歯科", "機関区分": 3, "都道府県コード": 30, "市区町村コード": 207, "所在地": "和歌山県新宮市千穂２－３－１７", "緯度": 33.726481, "経度": 135.986833, "url": "https://www.iryou.teikyouseido.mhlw.go.jp/znk-web/juminkanja/S2430/initialize?prefCd=30&kikanCd=3036700000&kikanKbn=3", "url2": null, "内容": "しんぐう歯科【3:歯科】和歌山県新宮市千穂２－３－１７" }, "geometry": { "type": "Point", "coordinates": [ 135.986833, 33.726481 ] } },
{ "type": "Feature", "properties": { "ID": 3033036900000, "正式名称": "東歯科医院", "機関区分": 3, "都道府県コード": 30, "市区町村コード": 207, "所在地": "和歌山県新宮市池田３－１－１６", "緯度": 33.72737, "経度": 135.996, "url": "https://www.iryou.teikyouseido.mhlw.go.jp/znk-web/juminkanja/S2430/initialize?prefCd=30&kikanCd=3036900000&kikanKbn=3", "url2": null, "内容": "東歯科医院【3:歯科】和歌山県新宮市池田３－１－１６" }, "geometry": { "type": "Point", "coordinates": [ 135.996, 33.72737 ] } },
{ "type": "Feature", "properties": { "ID": 3033037000000, "正式名称": "大川歯科医院", "機関区分": 3, "都道府県コード": 30, "市区町村コード": 207, "所在地": "和歌山県新宮市蓬莱２－２－７", "緯度": 33.725648, "経度": 135.99725, "url": "https://www.iryou.teikyouseido.mhlw.go.jp/znk-web/juminkanja/S2430/initialize?prefCd=30&kikanCd=3037000000&kikanKbn=3", "url2": null, "内容": "大川歯科医院【3:歯科】和歌山県新宮市蓬莱２－２－７" }, "geometry": { "type": "Point", "coordinates": [ 135.99725, 33.725648 ] } },
{ "type": "Feature", "properties": { "ID": 3033037200000, "正式名称": "すがの歯科医院", "機関区分": 3, "都道府県コード": 30, "市区町村コード": 207, "所在地": "和歌山県新宮市田鶴原町１－２－２２", "緯度": 33.721121, "経度": 135.998444, "url": "https://www.iryou.teikyouseido.mhlw.go.jp/znk-web/juminkanja/S2430/initialize?prefCd=30&kikanCd=3037200000&kikanKbn=3", "url2": null, "内容": "すがの歯科医院【3:歯科】和歌山県新宮市田鶴原町１－２－２２" }, "geometry": { "type": "Point", "coordinates": [ 135.998444, 33.721121 ] } },
{ "type": "Feature", "properties": { "ID": 3033037300000, "正式名称": "小林歯科室", "機関区分": 3, "都道府県コード": 30, "市区町村コード": 207, "所在地": "和歌山県新宮市下田１丁目４番７号", "緯度": 33.720732, "経度": 135.995444, "url": "https://www.iryou.teikyouseido.mhlw.go.jp/znk-web/juminkanja/S2430/initialize?prefCd=30&kikanCd=3037300000&kikanKbn=3", "url2": null, "内容": "小林歯科室【3:歯科】和歌山県新宮市下田１丁目４番７号" }, "geometry": { "type": "Point", "coordinates": [ 135.995444, 33.720732 ] } },
{ "type": "Feature", "properties": { "ID": 3033037500000, "正式名称": "下出歯科医院", "機関区分": 3, "都道府県コード": 30, "市区町村コード": 207, "所在地": "和歌山県新宮市緑ケ丘２丁目３番５号", "緯度": 33.720204, "経度": 135.988639, "url": "https://www.iryou.teikyouseido.mhlw.go.jp/znk-web/juminkanja/S2430/initialize?prefCd=30&kikanCd=3037500000&kikanKbn=3", "url2": null, "内容": "下出歯科医院【3:歯科】和歌山県新宮市緑ケ丘２丁目３番５号" }, "geometry": { "type": "Point", "coordinates": [ 135.988639, 33.720204 ] } },
{ "type": "Feature", "properties": { "ID": 3033037600000, "正式名称": "岡本歯科", "機関区分": 3, "都道府県コード": 30, "市区町村コード": 207, "所在地": "和歌山県新宮市緑ケ丘１－８－１６", "緯度": 33.72001, "経度": 135.992222, "url": "https://www.iryou.teikyouseido.mhlw.go.jp/znk-web/juminkanja/S2430/initialize?prefCd=30&kikanCd=3037600000&kikanKbn=3", "url2": null, "内容": "岡本歯科【3:歯科】和歌山県新宮市緑ケ丘１－８－１６" }, "geometry": { "type": "Point", "coordinates": [ 135.992222, 33.72001 ] } },
{ "type": "Feature", "properties": { "ID": 3033038200000, "正式名称": "新宮デンタルクリニック", "機関区分": 3, "都道府県コード": 30, "市区町村コード": 207, "所在地": "和歌山県新宮市佐野３丁目１１ー１９　スーパーセンターオークワ南紀店", "緯度": 33.714288, "経度": 135.990334, "url": "https://www.iryou.teikyouseido.mhlw.go.jp/znk-web/juminkanja/S2430/initialize?prefCd=30&kikanCd=3038200000&kikanKbn=3", "url2": "http://www.shingu-dental.com/", "内容": "新宮デンタルクリニック【3:歯科】和歌山県新宮市佐野３丁目１１ー１９　スーパーセンターオークワ南紀店" }, "geometry": { "type": "Point", "coordinates": [ 135.990334, 33.714288 ] } },
{ "type": "Feature", "properties": { "ID": 3033038300000, "正式名称": "さかぐち歯科医院", "機関区分": 3, "都道府県コード": 30, "市区町村コード": 207, "所在地": "和歌山県新宮市三輪崎１２３６－６", "緯度": 33.687735, "経度": 135.977586, "url": "https://www.iryou.teikyouseido.mhlw.go.jp/znk-web/juminkanja/S2430/initialize?prefCd=30&kikanCd=3038300000&kikanKbn=3", "url2": null, "内容": "さかぐち歯科医院【3:歯科】和歌山県新宮市三輪崎１２３６－６" }, "geometry": { "type": "Point", "coordinates": [ 135.977586, 33.687735 ] } },
{ "type": "Feature", "properties": { "ID": 3033038400000, "正式名称": "向井歯科医院", "機関区分": 3, "都道府県コード": 30, "市区町村コード": 207, "所在地": "和歌山県新宮市三輪崎３－７－１", "緯度": 33.685457, "経度": 135.980836, "url": "https://www.iryou.teikyouseido.mhlw.go.jp/znk-web/juminkanja/S2430/initialize?prefCd=30&kikanCd=3038400000&kikanKbn=3", "url2": null, "内容": "向井歯科医院【3:歯科】和歌山県新宮市三輪崎３－７－１" }, "geometry": { "type": "Point", "coordinates": [ 135.980836, 33.685457 ] } },
{ "type": "Feature", "properties": { "ID": 3033038500000, "正式名称": "飯田歯科医院", "機関区分": 3, "都道府県コード": 30, "市区町村コード": 207, "所在地": "和歌山県新宮市三輪崎１１２９－３", "緯度": 33.68618, "経度": 135.972504, "url": "https://www.iryou.teikyouseido.mhlw.go.jp/znk-web/juminkanja/S2430/initialize?prefCd=30&kikanCd=3038500000&kikanKbn=3", "url2": null, "内容": "飯田歯科医院【3:歯科】和歌山県新宮市三輪崎１１２９－３" }, "geometry": { "type": "Point", "coordinates": [ 135.972504, 33.68618 ] } },
{ "type": "Feature", "properties": { "ID": 3033038600000, "正式名称": "山本歯科医院", "機関区分": 3, "都道府県コード": 30, "市区町村コード": 207, "所在地": "和歌山県新宮市三輪崎３丁目２番４号", "緯度": 33.686096, "経度": 135.98153, "url": "https://www.iryou.teikyouseido.mhlw.go.jp/znk-web/juminkanja/S2430/initialize?prefCd=30&kikanCd=3038600000&kikanKbn=3", "url2": null, "内容": "山本歯科医院【3:歯科】和歌山県新宮市三輪崎３丁目２番４号" }, "geometry": { "type": "Point", "coordinates": [ 135.98153, 33.686096 ] } },
{ "type": "Feature", "properties": { "ID": 3033038700000, "正式名称": "宮本歯科", "機関区分": 3, "都道府県コード": 30, "市区町村コード": 207, "所在地": "和歌山県新宮市佐野１丁目５－２８", "緯度": 33.68268, "経度": 135.976364, "url": "https://www.iryou.teikyouseido.mhlw.go.jp/znk-web/juminkanja/S2430/initialize?prefCd=30&kikanCd=3038700000&kikanKbn=3", "url2": null, "内容": "宮本歯科【3:歯科】和歌山県新宮市佐野１丁目５－２８" }, "geometry": { "type": "Point", "coordinates": [ 135.976364, 33.68268 ] } },
{ "type": "Feature", "properties": { "ID": 3033038800000, "正式名称": "ウエムラ歯科クリニック", "機関区分": 3, "都道府県コード": 30, "市区町村コード": 207, "所在地": "和歌山県新宮市新宮３９０－１　すみたビル３Ｆ", "緯度": 33.728259, "経度": 135.990194, "url": "https://www.iryou.teikyouseido.mhlw.go.jp/znk-web/juminkanja/S2430/initialize?prefCd=30&kikanCd=3038800000&kikanKbn=3", "url2": null, "内容": "ウエムラ歯科クリニック【3:歯科】和歌山県新宮市新宮３９０－１　すみたビル３Ｆ" }, "geometry": { "type": "Point", "coordinates": [ 135.990194, 33.728259 ] } },
{ "type": "Feature", "properties": { "ID": 3033039000000, "正式名称": "浜口歯科医院", "機関区分": 3, "都道府県コード": 30, "市区町村コード": 207, "所在地": "和歌山県新宮市新宮４５９６－４", "緯度": 33.716843, "経度": 135.997305, "url": "https://www.iryou.teikyouseido.mhlw.go.jp/znk-web/juminkanja/S2430/initialize?prefCd=30&kikanCd=3039000000&kikanKbn=3", "url2": null, "内容": "浜口歯科医院【3:歯科】和歌山県新宮市新宮４５９６－４" }, "geometry": { "type": "Point", "coordinates": [ 135.997305, 33.716843 ] } },
{ "type": "Feature", "properties": { "ID": 3033039400000, "正式名称": "Ｓｍｉｌｅ　Ｄｅｎｔａｌ　Ｃａｒｅ　小渕歯科医院", "機関区分": 3, "都道府県コード": 30, "市区町村コード": 206, "所在地": "和歌山県田辺市本宮町請川２５５－３", "緯度": 33.820689, "経度": 135.786929, "url": "https://www.iryou.teikyouseido.mhlw.go.jp/znk-web/juminkanja/S2430/initialize?prefCd=30&kikanCd=3039400000&kikanKbn=3", "url2": null, "内容": "Ｓｍｉｌｅ　Ｄｅｎｔａｌ　Ｃａｒｅ　小渕歯科医院【3:歯科】和歌山県田辺市本宮町請川２５５－３" }, "geometry": { "type": "Point", "coordinates": [ 135.786929, 33.820689 ] } },
{ "type": "Feature", "properties": { "ID": 3033039500000, "正式名称": "玉置歯科医院", "機関区分": 3, "都道府県コード": 30, "市区町村コード": 206, "所在地": "和歌山県田辺市本宮町伏拝９６７－６", "緯度": 33.867018, "経度": 135.75779, "url": "https://www.iryou.teikyouseido.mhlw.go.jp/znk-web/juminkanja/S2430/initialize?prefCd=30&kikanCd=3039500000&kikanKbn=3", "url2": null, "内容": "玉置歯科医院【3:歯科】和歌山県田辺市本宮町伏拝９６７－６" }, "geometry": { "type": "Point", "coordinates": [ 135.75779, 33.867018 ] } },
{ "type": "Feature", "properties": { "ID": 3033039600000, "正式名称": "落合デンタルオフィス", "機関区分": 3, "都道府県コード": 30, "市区町村コード": 203, "所在地": "和歌山県橋本市隅田町河瀬７８９－１", "緯度": 34.3238, "経度": 135.624697, "url": "https://www.iryou.teikyouseido.mhlw.go.jp/znk-web/juminkanja/S2430/initialize?prefCd=30&kikanCd=3039600000&kikanKbn=3", "url2": null, "内容": "落合デンタルオフィス【3:歯科】和歌山県橋本市隅田町河瀬７８９－１" }, "geometry": { "type": "Point", "coordinates": [ 135.624697, 34.3238 ] } },
{ "type": "Feature", "properties": { "ID": 3033039800000, "正式名称": "つちだ歯科医院", "機関区分": 3, "都道府県コード": 30, "市区町村コード": 203, "所在地": "和歌山県橋本市隅田町垂井５５－２", "緯度": 34.331355, "経度": 135.649556, "url": "https://www.iryou.teikyouseido.mhlw.go.jp/znk-web/juminkanja/S2430/initialize?prefCd=30&kikanCd=3039800000&kikanKbn=3", "url2": null, "内容": "つちだ歯科医院【3:歯科】和歌山県橋本市隅田町垂井５５－２" }, "geometry": { "type": "Point", "coordinates": [ 135.649556, 34.331355 ] } },
{ "type": "Feature", "properties": { "ID": 3033039900000, "正式名称": "隅田歯科医院", "機関区分": 3, "都道府県コード": 30, "市区町村コード": 203, "所在地": "和歌山県橋本市隅田町垂井７３－１", "緯度": 34.329244, "経度": 135.649862, "url": "https://www.iryou.teikyouseido.mhlw.go.jp/znk-web/juminkanja/S2430/initialize?prefCd=30&kikanCd=3039900000&kikanKbn=3", "url2": null, "内容": "隅田歯科医院【3:歯科】和歌山県橋本市隅田町垂井７３－１" }, "geometry": { "type": "Point", "coordinates": [ 135.649862, 34.329244 ] } },
{ "type": "Feature", "properties": { "ID": 3033040000000, "正式名称": "海堀歯科医院", "機関区分": 3, "都道府県コード": 30, "市区町村コード": 203, "所在地": "和歌山県橋本市学文路４１８", "緯度": 34.297746, "経度": 135.582008, "url": "https://www.iryou.teikyouseido.mhlw.go.jp/znk-web/juminkanja/S2430/initialize?prefCd=30&kikanCd=3040000000&kikanKbn=3", "url2": null, "内容": "海堀歯科医院【3:歯科】和歌山県橋本市学文路４１８" }, "geometry": { "type": "Point", "coordinates": [ 135.582008, 34.297746 ] } },
{ "type": "Feature", "properties": { "ID": 3033040500000, "正式名称": "多田歯科医院", "機関区分": 3, "都道府県コード": 30, "市区町村コード": 203, "所在地": "和歌山県橋本市古佐田１－６－１０", "緯度": 34.317411, "経度": 135.614754, "url": "https://www.iryou.teikyouseido.mhlw.go.jp/znk-web/juminkanja/S2430/initialize?prefCd=30&kikanCd=3040500000&kikanKbn=3", "url2": null, "内容": "多田歯科医院【3:歯科】和歌山県橋本市古佐田１－６－１０" }, "geometry": { "type": "Point", "coordinates": [ 135.614754, 34.317411 ] } },
{ "type": "Feature", "properties": { "ID": 3033040600000, "正式名称": "海堀歯科医院", "機関区分": 3, "都道府県コード": 30, "市区町村コード": 203, "所在地": "和歌山県橋本市古佐田２―３―８", "緯度": 34.317994, "経度": 135.616504, "url": "https://www.iryou.teikyouseido.mhlw.go.jp/znk-web/juminkanja/S2430/initialize?prefCd=30&kikanCd=3040600000&kikanKbn=3", "url2": null, "内容": "海堀歯科医院【3:歯科】和歌山県橋本市古佐田２―３―８" }, "geometry": { "type": "Point", "coordinates": [ 135.616504, 34.317994 ] } },
{ "type": "Feature", "properties": { "ID": 3033040800000, "正式名称": "森田歯科医院", "機関区分": 3, "都道府県コード": 30, "市区町村コード": 203, "所在地": "和歌山県橋本市小原田６８", "緯度": 34.328105, "経度": 135.607615, "url": "https://www.iryou.teikyouseido.mhlw.go.jp/znk-web/juminkanja/S2430/initialize?prefCd=30&kikanCd=3040800000&kikanKbn=3", "url2": null, "内容": "森田歯科医院【3:歯科】和歌山県橋本市小原田６８" }, "geometry": { "type": "Point", "coordinates": [ 135.607615, 34.328105 ] } },
{ "type": "Feature", "properties": { "ID": 3033040900000, "正式名称": "村上歯科医院", "機関区分": 3, "都道府県コード": 30, "市区町村コード": 203, "所在地": "和歌山県橋本市東家４－１４－８", "緯度": 34.316494, "経度": 135.610477, "url": "https://www.iryou.teikyouseido.mhlw.go.jp/znk-web/juminkanja/S2430/initialize?prefCd=30&kikanCd=3040900000&kikanKbn=3", "url2": null, "内容": "村上歯科医院【3:歯科】和歌山県橋本市東家４－１４－８" }, "geometry": { "type": "Point", "coordinates": [ 135.610477, 34.316494 ] } },
{ "type": "Feature", "properties": { "ID": 3033041300000, "正式名称": "ほりはた歯科医院", "機関区分": 3, "都道府県コード": 30, "市区町村コード": 203, "所在地": "和歌山県橋本市市脇１丁目１－２４", "緯度": 34.314828, "経度": 135.603366, "url": "https://www.iryou.teikyouseido.mhlw.go.jp/znk-web/juminkanja/S2430/initialize?prefCd=30&kikanCd=3041300000&kikanKbn=3", "url2": null, "内容": "ほりはた歯科医院【3:歯科】和歌山県橋本市市脇１丁目１－２４" }, "geometry": { "type": "Point", "coordinates": [ 135.603366, 34.314828 ] } },
{ "type": "Feature", "properties": { "ID": 3033041600000, "正式名称": "森歯科医院", "機関区分": 3, "都道府県コード": 30, "市区町村コード": 203, "所在地": "和歌山県橋本市慶賀野２８０－１　　森ビル１Ｆ", "緯度": 34.355268, "経度": 135.606114, "url": "https://www.iryou.teikyouseido.mhlw.go.jp/znk-web/juminkanja/S2430/initialize?prefCd=30&kikanCd=3041600000&kikanKbn=3", "url2": null, "内容": "森歯科医院【3:歯科】和歌山県橋本市慶賀野２８０－１　　森ビル１Ｆ" }, "geometry": { "type": "Point", "coordinates": [ 135.606114, 34.355268 ] } },
{ "type": "Feature", "properties": { "ID": 3033041700000, "正式名称": "加藤歯科医院", "機関区分": 3, "都道府県コード": 30, "市区町村コード": 203, "所在地": "和歌山県橋本市三石台１－３－１１", "緯度": 34.355732, "経度": 135.602121, "url": "https://www.iryou.teikyouseido.mhlw.go.jp/znk-web/juminkanja/S2430/initialize?prefCd=30&kikanCd=3041700000&kikanKbn=3", "url2": null, "内容": "加藤歯科医院【3:歯科】和歌山県橋本市三石台１－３－１１" }, "geometry": { "type": "Point", "coordinates": [ 135.602121, 34.355732 ] } },
{ "type": "Feature", "properties": { "ID": 3033041900000, "正式名称": "岩上歯科", "機関区分": 3, "都道府県コード": 30, "市区町村コード": 203, "所在地": "和歌山県橋本市御幸辻３０６－３", "緯度": 34.338326, "経度": 135.603476, "url": "https://www.iryou.teikyouseido.mhlw.go.jp/znk-web/juminkanja/S2430/initialize?prefCd=30&kikanCd=3041900000&kikanKbn=3", "url2": null, "内容": "岩上歯科【3:歯科】和歌山県橋本市御幸辻３０６－３" }, "geometry": { "type": "Point", "coordinates": [ 135.603476, 34.338326 ] } },
{ "type": "Feature", "properties": { "ID": 3033042200000, "正式名称": "守内歯科医院", "機関区分": 3, "都道府県コード": 30, "市区町村コード": 203, "所在地": "和歌山県橋本市高野口町名倉６", "緯度": 34.302468, "経度": 135.557398, "url": "https://www.iryou.teikyouseido.mhlw.go.jp/znk-web/juminkanja/S2430/initialize?prefCd=30&kikanCd=3042200000&kikanKbn=3", "url2": null, "内容": "守内歯科医院【3:歯科】和歌山県橋本市高野口町名倉６" }, "geometry": { "type": "Point", "coordinates": [ 135.557398, 34.302468 ] } },
{ "type": "Feature", "properties": { "ID": 3033042600000, "正式名称": "松岡歯科医院", "機関区分": 3, "都道府県コード": 30, "市区町村コード": 344, "所在地": "和歌山県伊都郡高野町高野山７９５レジデンス松岡", "緯度": 34.212304, "経度": 135.577597, "url": "https://www.iryou.teikyouseido.mhlw.go.jp/znk-web/juminkanja/S2430/initialize?prefCd=30&kikanCd=3042600000&kikanKbn=3", "url2": null, "内容": "松岡歯科医院【3:歯科】和歌山県伊都郡高野町高野山７９５レジデンス松岡" }, "geometry": { "type": "Point", "coordinates": [ 135.577597, 34.212304 ] } },
{ "type": "Feature", "properties": { "ID": 3033042900000, "正式名称": "岡歯科医院", "機関区分": 3, "都道府県コード": 30, "市区町村コード": 202, "所在地": "和歌山県海南市下津町下津３０６６－２", "緯度": 34.10987, "経度": 135.145886, "url": "https://www.iryou.teikyouseido.mhlw.go.jp/znk-web/juminkanja/S2430/initialize?prefCd=30&kikanCd=3042900000&kikanKbn=3", "url2": null, "内容": "岡歯科医院【3:歯科】和歌山県海南市下津町下津３０６６－２" }, "geometry": { "type": "Point", "coordinates": [ 135.145886, 34.10987 ] } },
{ "type": "Feature", "properties": { "ID": 3033043000000, "正式名称": "沼田歯科医院", "機関区分": 3, "都道府県コード": 30, "市区町村コード": 202, "所在地": "和歌山県海南市下津町黒田５５－５", "緯度": 34.126341, "経度": 135.158939, "url": "https://www.iryou.teikyouseido.mhlw.go.jp/znk-web/juminkanja/S2430/initialize?prefCd=30&kikanCd=3043000000&kikanKbn=3", "url2": null, "内容": "沼田歯科医院【3:歯科】和歌山県海南市下津町黒田５５－５" }, "geometry": { "type": "Point", "coordinates": [ 135.158939, 34.126341 ] } },
{ "type": "Feature", "properties": { "ID": 3033043100000, "正式名称": "荻野歯科医院", "機関区分": 3, "都道府県コード": 30, "市区町村コード": 202, "所在地": "和歌山県海南市下津町下２７０－１", "緯度": 34.127369, "経度": 135.162411, "url": "https://www.iryou.teikyouseido.mhlw.go.jp/znk-web/juminkanja/S2430/initialize?prefCd=30&kikanCd=3043100000&kikanKbn=3", "url2": null, "内容": "荻野歯科医院【3:歯科】和歌山県海南市下津町下２７０－１" }, "geometry": { "type": "Point", "coordinates": [ 135.162411, 34.127369 ] } },
{ "type": "Feature", "properties": { "ID": 3033043200000, "正式名称": "池田歯科診療所", "機関区分": 3, "都道府県コード": 30, "市区町村コード": 202, "所在地": "和歌山県海南市下津町小松原４－４", "緯度": 34.125507, "経度": 135.18316, "url": "https://www.iryou.teikyouseido.mhlw.go.jp/znk-web/juminkanja/S2430/initialize?prefCd=30&kikanCd=3043200000&kikanKbn=3", "url2": "http://ikeda-dc.main.jp/wdp", "内容": "池田歯科診療所【3:歯科】和歌山県海南市下津町小松原４－４" }, "geometry": { "type": "Point", "coordinates": [ 135.18316, 34.125507 ] } },
{ "type": "Feature", "properties": { "ID": 3033043300000, "正式名称": "もりもと歯科医院", "機関区分": 3, "都道府県コード": 30, "市区町村コード": 204, "所在地": "和歌山県有田市箕島６２－４", "緯度": 34.084061, "経度": 135.127957, "url": "https://www.iryou.teikyouseido.mhlw.go.jp/znk-web/juminkanja/S2430/initialize?prefCd=30&kikanCd=3043300000&kikanKbn=3", "url2": null, "内容": "もりもと歯科医院【3:歯科】和歌山県有田市箕島６２－４" }, "geometry": { "type": "Point", "coordinates": [ 135.127957, 34.084061 ] } },
{ "type": "Feature", "properties": { "ID": 3033043500000, "正式名称": "大浦歯科医院", "機関区分": 3, "都道府県コード": 30, "市区町村コード": 204, "所在地": "和歌山県有田市箕島５７－４", "緯度": 34.084234, "経度": 135.128471, "url": "https://www.iryou.teikyouseido.mhlw.go.jp/znk-web/juminkanja/S2430/initialize?prefCd=30&kikanCd=3043500000&kikanKbn=3", "url2": "https://www.oura-dental.com/", "内容": "大浦歯科医院【3:歯科】和歌山県有田市箕島５７－４" }, "geometry": { "type": "Point", "coordinates": [ 135.128471, 34.084234 ] } },
{ "type": "Feature", "properties": { "ID": 3033043600000, "正式名称": "成川歯科医院", "機関区分": 3, "都道府県コード": 30, "市区町村コード": 204, "所在地": "和歌山県有田市箕島８７７", "緯度": 34.085261, "経度": 135.124944, "url": "https://www.iryou.teikyouseido.mhlw.go.jp/znk-web/juminkanja/S2430/initialize?prefCd=30&kikanCd=3043600000&kikanKbn=3", "url2": null, "内容": "成川歯科医院【3:歯科】和歌山県有田市箕島８７７" }, "geometry": { "type": "Point", "coordinates": [ 135.124944, 34.085261 ] } },
{ "type": "Feature", "properties": { "ID": 3033043700000, "正式名称": "石垣歯科医院", "機関区分": 3, "都道府県コード": 30, "市区町村コード": 204, "所在地": "和歌山県有田市港町６３－２", "緯度": 34.088677, "経度": 135.113, "url": "https://www.iryou.teikyouseido.mhlw.go.jp/znk-web/juminkanja/S2430/initialize?prefCd=30&kikanCd=3043700000&kikanKbn=3", "url2": null, "内容": "石垣歯科医院【3:歯科】和歌山県有田市港町６３－２" }, "geometry": { "type": "Point", "coordinates": [ 135.113, 34.088677 ] } },
{ "type": "Feature", "properties": { "ID": 3033043900000, "正式名称": "西島歯科医院", "機関区分": 3, "都道府県コード": 30, "市区町村コード": 204, "所在地": "和歌山県有田市初島町浜１０４７－２", "緯度": 34.104258, "経度": 135.118166, "url": "https://www.iryou.teikyouseido.mhlw.go.jp/znk-web/juminkanja/S2430/initialize?prefCd=30&kikanCd=3043900000&kikanKbn=3", "url2": null, "内容": "西島歯科医院【3:歯科】和歌山県有田市初島町浜１０４７－２" }, "geometry": { "type": "Point", "coordinates": [ 135.118166, 34.104258 ] } },
{ "type": "Feature", "properties": { "ID": 3033044000000, "正式名称": "大中歯科医院", "機関区分": 3, "都道府県コード": 30, "市区町村コード": 204, "所在地": "和歌山県有田市初島町里２１０７－１", "緯度": 34.093676, "経度": 135.115583, "url": "https://www.iryou.teikyouseido.mhlw.go.jp/znk-web/juminkanja/S2430/initialize?prefCd=30&kikanCd=3044000000&kikanKbn=3", "url2": "http://www.o-skyek.jp/index.html", "内容": "大中歯科医院【3:歯科】和歌山県有田市初島町里２１０７－１" }, "geometry": { "type": "Point", "coordinates": [ 135.115583, 34.093676 ] } },
{ "type": "Feature", "properties": { "ID": 3033044100000, "正式名称": "医療法人　川島歯科クリニック", "機関区分": 3, "都道府県コード": 30, "市区町村コード": 204, "所在地": "和歌山県有田市辻堂８００－２", "緯度": 34.077151, "経度": 135.14272, "url": "https://www.iryou.teikyouseido.mhlw.go.jp/znk-web/juminkanja/S2430/initialize?prefCd=30&kikanCd=3044100000&kikanKbn=3", "url2": null, "内容": "医療法人　川島歯科クリニック【3:歯科】和歌山県有田市辻堂８００－２" }, "geometry": { "type": "Point", "coordinates": [ 135.14272, 34.077151 ] } },
{ "type": "Feature", "properties": { "ID": 3033044200000, "正式名称": "嶋田歯科医院", "機関区分": 3, "都道府県コード": 30, "市区町村コード": 204, "所在地": "和歌山県有田市辻堂７０９－２", "緯度": 34.078429, "経度": 135.141859, "url": "https://www.iryou.teikyouseido.mhlw.go.jp/znk-web/juminkanja/S2430/initialize?prefCd=30&kikanCd=3044200000&kikanKbn=3", "url2": null, "内容": "嶋田歯科医院【3:歯科】和歌山県有田市辻堂７０９－２" }, "geometry": { "type": "Point", "coordinates": [ 135.141859, 34.078429 ] } },
{ "type": "Feature", "properties": { "ID": 3033044300000, "正式名称": "富山歯科医院", "機関区分": 3, "都道府県コード": 30, "市区町村コード": 204, "所在地": "和歌山県有田市古江見４０４－２", "緯度": 34.078706, "経度": 135.130082, "url": "https://www.iryou.teikyouseido.mhlw.go.jp/znk-web/juminkanja/S2430/initialize?prefCd=30&kikanCd=3044300000&kikanKbn=3", "url2": null, "内容": "富山歯科医院【3:歯科】和歌山県有田市古江見４０４－２" }, "geometry": { "type": "Point", "coordinates": [ 135.130082, 34.078706 ] } },
{ "type": "Feature", "properties": { "ID": 3033044400000, "正式名称": "サンタ歯科", "機関区分": 3, "都道府県コード": 30, "市区町村コード": 204, "所在地": "和歌山県有田市古江見１５２", "緯度": 34.079959, "経度": 135.123974, "url": "https://www.iryou.teikyouseido.mhlw.go.jp/znk-web/juminkanja/S2430/initialize?prefCd=30&kikanCd=3044400000&kikanKbn=3", "url2": null, "内容": "サンタ歯科【3:歯科】和歌山県有田市古江見１５２" }, "geometry": { "type": "Point", "coordinates": [ 135.123974, 34.079959 ] } },
{ "type": "Feature", "properties": { "ID": 3033044500000, "正式名称": "大谷歯科医院", "機関区分": 3, "都道府県コード": 30, "市区町村コード": 204, "所在地": "和歌山県有田市宮原町新町５", "緯度": 34.079318, "経度": 135.173357, "url": "https://www.iryou.teikyouseido.mhlw.go.jp/znk-web/juminkanja/S2430/initialize?prefCd=30&kikanCd=3044500000&kikanKbn=3", "url2": null, "内容": "大谷歯科医院【3:歯科】和歌山県有田市宮原町新町５" }, "geometry": { "type": "Point", "coordinates": [ 135.173357, 34.079318 ] } },
{ "type": "Feature", "properties": { "ID": 3033044600000, "正式名称": "宮井歯科医院", "機関区分": 3, "都道府県コード": 30, "市区町村コード": 204, "所在地": "和歌山県有田市宮原町新町４９－１，　５０", "緯度": 34.077984, "経度": 135.173616, "url": "https://www.iryou.teikyouseido.mhlw.go.jp/znk-web/juminkanja/S2430/initialize?prefCd=30&kikanCd=3044600000&kikanKbn=3", "url2": null, "内容": "宮井歯科医院【3:歯科】和歌山県有田市宮原町新町４９－１，　５０" }, "geometry": { "type": "Point", "coordinates": [ 135.173616, 34.077984 ] } },
{ "type": "Feature", "properties": { "ID": 3033044700000, "正式名称": "九鬼歯科医院", "機関区分": 3, "都道府県コード": 30, "市区町村コード": 204, "所在地": "和歌山県有田市宮原町新町９８－２", "緯度": 34.078124, "経度": 135.174857, "url": "https://www.iryou.teikyouseido.mhlw.go.jp/znk-web/juminkanja/S2430/initialize?prefCd=30&kikanCd=3044700000&kikanKbn=3", "url2": null, "内容": "九鬼歯科医院【3:歯科】和歌山県有田市宮原町新町９８－２" }, "geometry": { "type": "Point", "coordinates": [ 135.174857, 34.078124 ] } },
{ "type": "Feature", "properties": { "ID": 3033044800000, "正式名称": "田井歯科", "機関区分": 3, "都道府県コード": 30, "市区町村コード": 383, "所在地": "和歌山県日高郡由良町江ノ駒３８８－１", "緯度": 33.962051, "経度": 135.113839, "url": "https://www.iryou.teikyouseido.mhlw.go.jp/znk-web/juminkanja/S2430/initialize?prefCd=30&kikanCd=3044800000&kikanKbn=3", "url2": null, "内容": "田井歯科【3:歯科】和歌山県日高郡由良町江ノ駒３８８－１" }, "geometry": { "type": "Point", "coordinates": [ 135.113839, 33.962051 ] } },
{ "type": "Feature", "properties": { "ID": 3033044900000, "正式名称": "平林歯科医院", "機関区分": 3, "都道府県コード": 30, "市区町村コード": 383, "所在地": "和歌山県日高郡由良町里２２２－１", "緯度": 33.959766, "経度": 135.120314, "url": "https://www.iryou.teikyouseido.mhlw.go.jp/znk-web/juminkanja/S2430/initialize?prefCd=30&kikanCd=3044900000&kikanKbn=3", "url2": null, "内容": "平林歯科医院【3:歯科】和歌山県日高郡由良町里２２２－１" }, "geometry": { "type": "Point", "coordinates": [ 135.120314, 33.959766 ] } },
{ "type": "Feature", "properties": { "ID": 3033045000000, "正式名称": "ひらさ歯科医院", "機関区分": 3, "都道府県コード": 30, "市区町村コード": 383, "所在地": "和歌山県日高郡由良町里４０７－２", "緯度": 33.967715, "経度": 135.126338, "url": "https://www.iryou.teikyouseido.mhlw.go.jp/znk-web/juminkanja/S2430/initialize?prefCd=30&kikanCd=3045000000&kikanKbn=3", "url2": null, "内容": "ひらさ歯科医院【3:歯科】和歌山県日高郡由良町里４０７－２" }, "geometry": { "type": "Point", "coordinates": [ 135.126338, 33.967715 ] } },
{ "type": "Feature", "properties": { "ID": 3033045100000, "正式名称": "上野山歯科医院", "機関区分": 3, "都道府県コード": 30, "市区町村コード": 382, "所在地": "和歌山県日高郡日高町高家７６８－５", "緯度": 33.92439, "経度": 135.137562, "url": "https://www.iryou.teikyouseido.mhlw.go.jp/znk-web/juminkanja/S2430/initialize?prefCd=30&kikanCd=3045100000&kikanKbn=3", "url2": null, "内容": "上野山歯科医院【3:歯科】和歌山県日高郡日高町高家７６８－５" }, "geometry": { "type": "Point", "coordinates": [ 135.137562, 33.92439 ] } },
{ "type": "Feature", "properties": { "ID": 3033045200000, "正式名称": "岡本歯科医院", "機関区分": 3, "都道府県コード": 30, "市区町村コード": 382, "所在地": "和歌山県日高郡日高町高家６４２－３", "緯度": 33.925695, "経度": 135.141588, "url": "https://www.iryou.teikyouseido.mhlw.go.jp/znk-web/juminkanja/S2430/initialize?prefCd=30&kikanCd=3045200000&kikanKbn=3", "url2": "http://www.okamotodental.jp/", "内容": "岡本歯科医院【3:歯科】和歌山県日高郡日高町高家６４２－３" }, "geometry": { "type": "Point", "coordinates": [ 135.141588, 33.925695 ] } },
{ "type": "Feature", "properties": { "ID": 3033045300000, "正式名称": "柏木歯科医院", "機関区分": 3, "都道府県コード": 30, "市区町村コード": 392, "所在地": "和歌山県日高郡日高川町小熊２５１２－４", "緯度": 33.913614, "経度": 135.19003, "url": "https://www.iryou.teikyouseido.mhlw.go.jp/znk-web/juminkanja/S2430/initialize?prefCd=30&kikanCd=3045300000&kikanKbn=3", "url2": null, "内容": "柏木歯科医院【3:歯科】和歌山県日高郡日高川町小熊２５１２－４" }, "geometry": { "type": "Point", "coordinates": [ 135.19003, 33.913614 ] } },
{ "type": "Feature", "properties": { "ID": 3033045500000, "正式名称": "よしだ歯科クリニック", "機関区分": 3, "都道府県コード": 30, "市区町村コード": 205, "所在地": "和歌山県御坊市藤田町吉田９４９－６", "緯度": 33.909447, "経度": 135.168782, "url": "https://www.iryou.teikyouseido.mhlw.go.jp/znk-web/juminkanja/S2430/initialize?prefCd=30&kikanCd=3045500000&kikanKbn=3", "url2": null, "内容": "よしだ歯科クリニック【3:歯科】和歌山県御坊市藤田町吉田９４９－６" }, "geometry": { "type": "Point", "coordinates": [ 135.168782, 33.909447 ] } },
{ "type": "Feature", "properties": { "ID": 3033045900000, "正式名称": "武田歯科診療所", "機関区分": 3, "都道府県コード": 30, "市区町村コード": 404, "所在地": "和歌山県西牟婁郡上富田町岩田１６４８", "緯度": 33.704613, "経度": 135.442741, "url": "https://www.iryou.teikyouseido.mhlw.go.jp/znk-web/juminkanja/S2430/initialize?prefCd=30&kikanCd=3045900000&kikanKbn=3", "url2": null, "内容": "武田歯科診療所【3:歯科】和歌山県西牟婁郡上富田町岩田１６４８" }, "geometry": { "type": "Point", "coordinates": [ 135.442741, 33.704613 ] } },
{ "type": "Feature", "properties": { "ID": 3033046000000, "正式名称": "中井歯科医院", "機関区分": 3, "都道府県コード": 30, "市区町村コード": 404, "所在地": "和歌山県西牟婁郡上富田町朝来１１０４", "緯度": 33.69503, "経度": 135.421132, "url": "https://www.iryou.teikyouseido.mhlw.go.jp/znk-web/juminkanja/S2430/initialize?prefCd=30&kikanCd=3046000000&kikanKbn=3", "url2": null, "内容": "中井歯科医院【3:歯科】和歌山県西牟婁郡上富田町朝来１１０４" }, "geometry": { "type": "Point", "coordinates": [ 135.421132, 33.69503 ] } },
{ "type": "Feature", "properties": { "ID": 3033046100000, "正式名称": "南歯科医院", "機関区分": 3, "都道府県コード": 30, "市区町村コード": 404, "所在地": "和歌山県西牟婁郡上富田町朝来１３７－５", "緯度": 33.69853, "経度": 135.428186, "url": "https://www.iryou.teikyouseido.mhlw.go.jp/znk-web/juminkanja/S2430/initialize?prefCd=30&kikanCd=3046100000&kikanKbn=3", "url2": null, "内容": "南歯科医院【3:歯科】和歌山県西牟婁郡上富田町朝来１３７－５" }, "geometry": { "type": "Point", "coordinates": [ 135.428186, 33.69853 ] } },
{ "type": "Feature", "properties": { "ID": 3033046200000, "正式名称": "大江歯科", "機関区分": 3, "都道府県コード": 30, "市区町村コード": 404, "所在地": "和歌山県西牟婁郡上富田町朝来１３６４－８", "緯度": 33.696252, "経度": 135.417937, "url": "https://www.iryou.teikyouseido.mhlw.go.jp/znk-web/juminkanja/S2430/initialize?prefCd=30&kikanCd=3046200000&kikanKbn=3", "url2": null, "内容": "大江歯科【3:歯科】和歌山県西牟婁郡上富田町朝来１３６４－８" }, "geometry": { "type": "Point", "coordinates": [ 135.417937, 33.696252 ] } },
{ "type": "Feature", "properties": { "ID": 3033046300000, "正式名称": "和田歯科医院", "機関区分": 3, "都道府県コード": 30, "市区町村コード": 404, "所在地": "和歌山県西牟婁郡上富田町朝来１３４８－１", "緯度": 33.696446, "経度": 135.418687, "url": "https://www.iryou.teikyouseido.mhlw.go.jp/znk-web/juminkanja/S2430/initialize?prefCd=30&kikanCd=3046300000&kikanKbn=3", "url2": null, "内容": "和田歯科医院【3:歯科】和歌山県西牟婁郡上富田町朝来１３４８－１" }, "geometry": { "type": "Point", "coordinates": [ 135.418687, 33.696446 ] } },
{ "type": "Feature", "properties": { "ID": 3033046400000, "正式名称": "上野歯科医院", "機関区分": 3, "都道府県コード": 30, "市区町村コード": 401, "所在地": "和歌山県西牟婁郡白浜町堅田２０１９－５", "緯度": 33.678975, "経度": 135.383747, "url": "https://www.iryou.teikyouseido.mhlw.go.jp/znk-web/juminkanja/S2430/initialize?prefCd=30&kikanCd=3046400000&kikanKbn=3", "url2": null, "内容": "上野歯科医院【3:歯科】和歌山県西牟婁郡白浜町堅田２０１９－５" }, "geometry": { "type": "Point", "coordinates": [ 135.383747, 33.678975 ] } },
{ "type": "Feature", "properties": { "ID": 3033046500000, "正式名称": "堅田歯科医院", "機関区分": 3, "都道府県コード": 30, "市区町村コード": 401, "所在地": "和歌山県西牟婁郡白浜町堅田２０５１－１", "緯度": 33.680281, "経度": 135.379886, "url": "https://www.iryou.teikyouseido.mhlw.go.jp/znk-web/juminkanja/S2430/initialize?prefCd=30&kikanCd=3046500000&kikanKbn=3", "url2": null, "内容": "堅田歯科医院【3:歯科】和歌山県西牟婁郡白浜町堅田２０５１－１" }, "geometry": { "type": "Point", "coordinates": [ 135.379886, 33.680281 ] } },
{ "type": "Feature", "properties": { "ID": 3033046600000, "正式名称": "いとう歯科医院", "機関区分": 3, "都道府県コード": 30, "市区町村コード": 401, "所在地": "和歌山県西牟婁郡白浜町１４２０－１", "緯度": 33.683724, "経度": 135.349388, "url": "https://www.iryou.teikyouseido.mhlw.go.jp/znk-web/juminkanja/S2430/initialize?prefCd=30&kikanCd=3046600000&kikanKbn=3", "url2": "www.ito-dc-shirahama.jp", "内容": "いとう歯科医院【3:歯科】和歌山県西牟婁郡白浜町１４２０－１" }, "geometry": { "type": "Point", "coordinates": [ 135.349388, 33.683724 ] } },
{ "type": "Feature", "properties": { "ID": 3033046900000, "正式名称": "小田歯科医院", "機関区分": 3, "都道府県コード": 30, "市区町村コード": 401, "所在地": "和歌山県西牟婁郡白浜町１３５３－２", "緯度": 33.683807, "経度": 135.344722, "url": "https://www.iryou.teikyouseido.mhlw.go.jp/znk-web/juminkanja/S2430/initialize?prefCd=30&kikanCd=3046900000&kikanKbn=3", "url2": null, "内容": "小田歯科医院【3:歯科】和歌山県西牟婁郡白浜町１３５３－２" }, "geometry": { "type": "Point", "coordinates": [ 135.344722, 33.683807 ] } },
{ "type": "Feature", "properties": { "ID": 3033047000000, "正式名称": "伊谷歯科医院", "機関区分": 3, "都道府県コード": 30, "市区町村コード": 401, "所在地": "和歌山県西牟婁郡白浜町才野３８０－１", "緯度": 33.656561, "経度": 135.390441, "url": "https://www.iryou.teikyouseido.mhlw.go.jp/znk-web/juminkanja/S2430/initialize?prefCd=30&kikanCd=3047000000&kikanKbn=3", "url2": null, "内容": "伊谷歯科医院【3:歯科】和歌山県西牟婁郡白浜町才野３８０－１" }, "geometry": { "type": "Point", "coordinates": [ 135.390441, 33.656561 ] } },
{ "type": "Feature", "properties": { "ID": 3033047200000, "正式名称": "愛須歯科医院", "機関区分": 3, "都道府県コード": 30, "市区町村コード": 401, "所在地": "和歌山県西牟婁郡白浜町日置２０５８", "緯度": 33.567709, "経度": 135.440409, "url": "https://www.iryou.teikyouseido.mhlw.go.jp/znk-web/juminkanja/S2430/initialize?prefCd=30&kikanCd=3047200000&kikanKbn=3", "url2": null, "内容": "愛須歯科医院【3:歯科】和歌山県西牟婁郡白浜町日置２０５８" }, "geometry": { "type": "Point", "coordinates": [ 135.440409, 33.567709 ] } },
{ "type": "Feature", "properties": { "ID": 3033047700000, "正式名称": "小森歯科医院", "機関区分": 3, "都道府県コード": 30, "市区町村コード": 428, "所在地": "和歌山県東牟婁郡串本町串本１７３５－１５", "緯度": 33.469172, "経度": 135.780945, "url": "https://www.iryou.teikyouseido.mhlw.go.jp/znk-web/juminkanja/S2430/initialize?prefCd=30&kikanCd=3047700000&kikanKbn=3", "url2": null, "内容": "小森歯科医院【3:歯科】和歌山県東牟婁郡串本町串本１７３５－１５" }, "geometry": { "type": "Point", "coordinates": [ 135.780945, 33.469172 ] } },
{ "type": "Feature", "properties": { "ID": 3033048100000, "正式名称": "奥根歯科医院", "機関区分": 3, "都道府県コード": 30, "市区町村コード": 424, "所在地": "和歌山県東牟婁郡古座川町高池６３－４", "緯度": 33.524722, "経度": 135.821856, "url": "https://www.iryou.teikyouseido.mhlw.go.jp/znk-web/juminkanja/S2430/initialize?prefCd=30&kikanCd=3048100000&kikanKbn=3", "url2": null, "内容": "奥根歯科医院【3:歯科】和歌山県東牟婁郡古座川町高池６３－４" }, "geometry": { "type": "Point", "coordinates": [ 135.821856, 33.524722 ] } },
{ "type": "Feature", "properties": { "ID": 3033048300000, "正式名称": "岩井歯科医院", "機関区分": 3, "都道府県コード": 30, "市区町村コード": 428, "所在地": "和歌山県東牟婁郡串本町中湊４５１", "緯度": 33.522528, "経度": 135.82555, "url": "https://www.iryou.teikyouseido.mhlw.go.jp/znk-web/juminkanja/S2430/initialize?prefCd=30&kikanCd=3048300000&kikanKbn=3", "url2": null, "内容": "岩井歯科医院【3:歯科】和歌山県東牟婁郡串本町中湊４５１" }, "geometry": { "type": "Point", "coordinates": [ 135.82555, 33.522528 ] } },
{ "type": "Feature", "properties": { "ID": 3033048500000, "正式名称": "間所歯科医院", "機関区分": 3, "都道府県コード": 30, "市区町村コード": 421, "所在地": "和歌山県東牟婁郡那智勝浦町下里２９０３－２", "緯度": 33.575746, "経度": 135.920957, "url": "https://www.iryou.teikyouseido.mhlw.go.jp/znk-web/juminkanja/S2430/initialize?prefCd=30&kikanCd=3048500000&kikanKbn=3", "url2": "http://madokoro-dental-clinic.sun.bindcloud.jp/", "内容": "間所歯科医院【3:歯科】和歌山県東牟婁郡那智勝浦町下里２９０３－２" }, "geometry": { "type": "Point", "coordinates": [ 135.920957, 33.575746 ] } },
{ "type": "Feature", "properties": { "ID": 3033048600000, "正式名称": "医療法人　真供会　和穂歯科医院", "機関区分": 3, "都道府県コード": 30, "市区町村コード": 422, "所在地": "和歌山県東牟婁郡太地町太地４２０３－９", "緯度": 33.596716, "経度": 135.945982, "url": "https://www.iryou.teikyouseido.mhlw.go.jp/znk-web/juminkanja/S2430/initialize?prefCd=30&kikanCd=3048600000&kikanKbn=3", "url2": "http://www.kazuho-shika.com", "内容": "医療法人　真供会　和穂歯科医院【3:歯科】和歌山県東牟婁郡太地町太地４２０３－９" }, "geometry": { "type": "Point", "coordinates": [ 135.945982, 33.596716 ] } },
{ "type": "Feature", "properties": { "ID": 3033048900000, "正式名称": "森岡歯科医院", "機関区分": 3, "都道府県コード": 30, "市区町村コード": 421, "所在地": "和歌山県東牟婁郡那智勝浦町宇久井１０７５番地", "緯度": 33.657766, "経度": 135.970838, "url": "https://www.iryou.teikyouseido.mhlw.go.jp/znk-web/juminkanja/S2430/initialize?prefCd=30&kikanCd=3048900000&kikanKbn=3", "url2": null, "内容": "森岡歯科医院【3:歯科】和歌山県東牟婁郡那智勝浦町宇久井１０７５番地" }, "geometry": { "type": "Point", "coordinates": [ 135.970838, 33.657766 ] } },
{ "type": "Feature", "properties": { "ID": 3033049100000, "正式名称": "松葉歯科医院", "機関区分": 3, "都道府県コード": 30, "市区町村コード": 421, "所在地": "和歌山県東牟婁郡那智勝浦町天満１－４４", "緯度": 33.63149, "経度": 135.937175, "url": "https://www.iryou.teikyouseido.mhlw.go.jp/znk-web/juminkanja/S2430/initialize?prefCd=30&kikanCd=3049100000&kikanKbn=3", "url2": null, "内容": "松葉歯科医院【3:歯科】和歌山県東牟婁郡那智勝浦町天満１－４４" }, "geometry": { "type": "Point", "coordinates": [ 135.937175, 33.63149 ] } },
{ "type": "Feature", "properties": { "ID": 3033049300000, "正式名称": "浦川歯科医院", "機関区分": 3, "都道府県コード": 30, "市区町村コード": 421, "所在地": "和歌山県東牟婁郡那智勝浦町天満４４４－２", "緯度": 33.637879, "経度": 135.934731, "url": "https://www.iryou.teikyouseido.mhlw.go.jp/znk-web/juminkanja/S2430/initialize?prefCd=30&kikanCd=3049300000&kikanKbn=3", "url2": "http://urakawa-dental-clinic.com", "内容": "浦川歯科医院【3:歯科】和歌山県東牟婁郡那智勝浦町天満４４４－２" }, "geometry": { "type": "Point", "coordinates": [ 135.934731, 33.637879 ] } },
{ "type": "Feature", "properties": { "ID": 3033049400000, "正式名称": "もみの木歯科医院", "機関区分": 3, "都道府県コード": 30, "市区町村コード": 421, "所在地": "和歌山県東牟婁郡那智勝浦町天満１７３０－４３", "緯度": 33.639878, "経度": 135.931481, "url": "https://www.iryou.teikyouseido.mhlw.go.jp/znk-web/juminkanja/S2430/initialize?prefCd=30&kikanCd=3049400000&kikanKbn=3", "url2": null, "内容": "もみの木歯科医院【3:歯科】和歌山県東牟婁郡那智勝浦町天満１７３０－４３" }, "geometry": { "type": "Point", "coordinates": [ 135.931481, 33.639878 ] } },
{ "type": "Feature", "properties": { "ID": 3033049700000, "正式名称": "和田歯科医院", "機関区分": 3, "都道府県コード": 30, "市区町村コード": 421, "所在地": "和歌山県東牟婁郡那智勝浦町朝日２丁目３番の３", "緯度": 33.62713, "経度": 135.940897, "url": "https://www.iryou.teikyouseido.mhlw.go.jp/znk-web/juminkanja/S2430/initialize?prefCd=30&kikanCd=3049700000&kikanKbn=3", "url2": null, "内容": "和田歯科医院【3:歯科】和歌山県東牟婁郡那智勝浦町朝日２丁目３番の３" }, "geometry": { "type": "Point", "coordinates": [ 135.940897, 33.62713 ] } },
{ "type": "Feature", "properties": { "ID": 3033049800000, "正式名称": "玉置歯科医院", "機関区分": 3, "都道府県コード": 30, "市区町村コード": 421, "所在地": "和歌山県東牟婁郡那智勝浦町朝日４丁目８６番地", "緯度": 33.630768, "経度": 135.938953, "url": "https://www.iryou.teikyouseido.mhlw.go.jp/znk-web/juminkanja/S2430/initialize?prefCd=30&kikanCd=3049800000&kikanKbn=3", "url2": null, "内容": "玉置歯科医院【3:歯科】和歌山県東牟婁郡那智勝浦町朝日４丁目８６番地" }, "geometry": { "type": "Point", "coordinates": [ 135.938953, 33.630768 ] } },
{ "type": "Feature", "properties": { "ID": 3033049900000, "正式名称": "和中歯科医院", "機関区分": 3, "都道府県コード": 30, "市区町村コード": 421, "所在地": "和歌山県東牟婁郡那智勝浦町朝日３－１７６", "緯度": 33.63024, "経度": 135.938509, "url": "https://www.iryou.teikyouseido.mhlw.go.jp/znk-web/juminkanja/S2430/initialize?prefCd=30&kikanCd=3049900000&kikanKbn=3", "url2": null, "内容": "和中歯科医院【3:歯科】和歌山県東牟婁郡那智勝浦町朝日３－１７６" }, "geometry": { "type": "Point", "coordinates": [ 135.938509, 33.63024 ] } },
{ "type": "Feature", "properties": { "ID": 3033050000000, "正式名称": "きし歯科", "機関区分": 3, "都道府県コード": 30, "市区町村コード": 421, "所在地": "和歌山県東牟婁郡那智勝浦町北浜１－８", "緯度": 33.63024, "経度": 135.943397, "url": "https://www.iryou.teikyouseido.mhlw.go.jp/znk-web/juminkanja/S2430/initialize?prefCd=30&kikanCd=3050000000&kikanKbn=3", "url2": null, "内容": "きし歯科【3:歯科】和歌山県東牟婁郡那智勝浦町北浜１－８" }, "geometry": { "type": "Point", "coordinates": [ 135.943397, 33.63024 ] } },
{ "type": "Feature", "properties": { "ID": 3033050100000, "正式名称": "さとう歯科", "機関区分": 3, "都道府県コード": 30, "市区町村コード": 421, "所在地": "和歌山県東牟婁郡那智勝浦町築地４－４－８", "緯度": 33.627408, "経度": 135.943814, "url": "https://www.iryou.teikyouseido.mhlw.go.jp/znk-web/juminkanja/S2430/initialize?prefCd=30&kikanCd=3050100000&kikanKbn=3", "url2": null, "内容": "さとう歯科【3:歯科】和歌山県東牟婁郡那智勝浦町築地４－４－８" }, "geometry": { "type": "Point", "coordinates": [ 135.943814, 33.627408 ] } },
{ "type": "Feature", "properties": { "ID": 3033050200000, "正式名称": "松本歯科医院", "機関区分": 3, "都道府県コード": 30, "市区町村コード": 208, "所在地": "和歌山県紀の川市桃山町調月１６１", "緯度": 34.235637, "経度": 135.337864, "url": "https://www.iryou.teikyouseido.mhlw.go.jp/znk-web/juminkanja/S2430/initialize?prefCd=30&kikanCd=3050200000&kikanKbn=3", "url2": null, "内容": "松本歯科医院【3:歯科】和歌山県紀の川市桃山町調月１６１" }, "geometry": { "type": "Point", "coordinates": [ 135.337864, 34.235637 ] } },
{ "type": "Feature", "properties": { "ID": 3033050400000, "正式名称": "滝川歯科", "機関区分": 3, "都道府県コード": 30, "市区町村コード": 209, "所在地": "和歌山県岩出市森２７３", "緯度": 34.274133, "経度": 135.30867, "url": "https://www.iryou.teikyouseido.mhlw.go.jp/znk-web/juminkanja/S2430/initialize?prefCd=30&kikanCd=3050400000&kikanKbn=3", "url2": null, "内容": "滝川歯科【3:歯科】和歌山県岩出市森２７３" }, "geometry": { "type": "Point", "coordinates": [ 135.30867, 34.274133 ] } },
{ "type": "Feature", "properties": { "ID": 3033050500000, "正式名称": "えのき歯科", "機関区分": 3, "都道府県コード": 30, "市区町村コード": 209, "所在地": "和歌山県岩出市西国分５２９－４", "緯度": 34.267745, "経度": 135.330891, "url": "https://www.iryou.teikyouseido.mhlw.go.jp/znk-web/juminkanja/S2430/initialize?prefCd=30&kikanCd=3050500000&kikanKbn=3", "url2": null, "内容": "えのき歯科【3:歯科】和歌山県岩出市西国分５２９－４" }, "geometry": { "type": "Point", "coordinates": [ 135.330891, 34.267745 ] } },
{ "type": "Feature", "properties": { "ID": 3033050600000, "正式名称": "たかぎ歯科医院", "機関区分": 3, "都道府県コード": 30, "市区町村コード": 209, "所在地": "和歌山県岩出市水栖１１－１０", "緯度": 34.267495, "経度": 135.326807, "url": "https://www.iryou.teikyouseido.mhlw.go.jp/znk-web/juminkanja/S2430/initialize?prefCd=30&kikanCd=3050600000&kikanKbn=3", "url2": null, "内容": "たかぎ歯科医院【3:歯科】和歌山県岩出市水栖１１－１０" }, "geometry": { "type": "Point", "coordinates": [ 135.326807, 34.267495 ] } },
{ "type": "Feature", "properties": { "ID": 3033050700000, "正式名称": "もりもと歯科", "機関区分": 3, "都道府県コード": 30, "市区町村コード": 209, "所在地": "和歌山県岩出市山田４－７", "緯度": 34.276743, "経度": 135.319558, "url": "https://www.iryou.teikyouseido.mhlw.go.jp/znk-web/juminkanja/S2430/initialize?prefCd=30&kikanCd=3050700000&kikanKbn=3", "url2": null, "内容": "もりもと歯科【3:歯科】和歌山県岩出市山田４－７" }, "geometry": { "type": "Point", "coordinates": [ 135.319558, 34.276743 ] } },
{ "type": "Feature", "properties": { "ID": 3033051100000, "正式名称": "水崎歯科医院", "機関区分": 3, "都道府県コード": 30, "市区町村コード": 209, "所在地": "和歌山県岩出市宮６７－４", "緯度": 34.254858, "経度": 135.314532, "url": "https://www.iryou.teikyouseido.mhlw.go.jp/znk-web/juminkanja/S2430/initialize?prefCd=30&kikanCd=3051100000&kikanKbn=3", "url2": null, "内容": "水崎歯科医院【3:歯科】和歌山県岩出市宮６７－４" }, "geometry": { "type": "Point", "coordinates": [ 135.314532, 34.254858 ] } },
{ "type": "Feature", "properties": { "ID": 3033051200000, "正式名称": "医療法人　井関歯科医院", "機関区分": 3, "都道府県コード": 30, "市区町村コード": 209, "所在地": "和歌山県岩出市清水３２６－４", "緯度": 34.254719, "経度": 135.31592, "url": "https://www.iryou.teikyouseido.mhlw.go.jp/znk-web/juminkanja/S2430/initialize?prefCd=30&kikanCd=3051200000&kikanKbn=3", "url2": "http://www.iseki-dental.jp", "内容": "医療法人　井関歯科医院【3:歯科】和歌山県岩出市清水３２６－４" }, "geometry": { "type": "Point", "coordinates": [ 135.31592, 34.254719 ] } },
{ "type": "Feature", "properties": { "ID": 3033051400000, "正式名称": "みやもと歯科医院", "機関区分": 3, "都道府県コード": 30, "市区町村コード": 209, "所在地": "和歌山県岩出市川尻２２９－３", "緯度": 34.269356, "経度": 135.313919, "url": "https://www.iryou.teikyouseido.mhlw.go.jp/znk-web/juminkanja/S2430/initialize?prefCd=30&kikanCd=3051400000&kikanKbn=3", "url2": null, "内容": "みやもと歯科医院【3:歯科】和歌山県岩出市川尻２２９－３" }, "geometry": { "type": "Point", "coordinates": [ 135.313919, 34.269356 ] } },
{ "type": "Feature", "properties": { "ID": 3033051500000, "正式名称": "岩崎歯科医院", "機関区分": 3, "都道府県コード": 30, "市区町村コード": 209, "所在地": "和歌山県岩出市川尻５６－３", "緯度": 34.267689, "経度": 135.31067, "url": "https://www.iryou.teikyouseido.mhlw.go.jp/znk-web/juminkanja/S2430/initialize?prefCd=30&kikanCd=3051500000&kikanKbn=3", "url2": null, "内容": "岩崎歯科医院【3:歯科】和歌山県岩出市川尻５６－３" }, "geometry": { "type": "Point", "coordinates": [ 135.31067, 34.267689 ] } },
{ "type": "Feature", "properties": { "ID": 3033051700000, "正式名称": "西歯科医院", "機関区分": 3, "都道府県コード": 30, "市区町村コード": 209, "所在地": "和歌山県岩出市畑毛２７４－９", "緯度": 34.258607, "経度": 135.302838, "url": "https://www.iryou.teikyouseido.mhlw.go.jp/znk-web/juminkanja/S2430/initialize?prefCd=30&kikanCd=3051700000&kikanKbn=3", "url2": "https://www.nishidental.net", "内容": "西歯科医院【3:歯科】和歌山県岩出市畑毛２７４－９" }, "geometry": { "type": "Point", "coordinates": [ 135.302838, 34.258607 ] } },
{ "type": "Feature", "properties": { "ID": 3033051800000, "正式名称": "医療法人　越智会　　おち歯科", "機関区分": 3, "都道府県コード": 30, "市区町村コード": 209, "所在地": "和歌山県岩出市中島６０１－４", "緯度": 34.263356, "経度": 135.2872, "url": "https://www.iryou.teikyouseido.mhlw.go.jp/znk-web/juminkanja/S2430/initialize?prefCd=30&kikanCd=3051800000&kikanKbn=3", "url2": null, "内容": "医療法人　越智会　　おち歯科【3:歯科】和歌山県岩出市中島６０１－４" }, "geometry": { "type": "Point", "coordinates": [ 135.2872, 34.263356 ] } },
{ "type": "Feature", "properties": { "ID": 3033051900000, "正式名称": "青木歯科医院", "機関区分": 3, "都道府県コード": 30, "市区町村コード": 209, "所在地": "和歌山県岩出市吉田２５７－１", "緯度": 34.266883, "経度": 135.28345, "url": "https://www.iryou.teikyouseido.mhlw.go.jp/znk-web/juminkanja/S2430/initialize?prefCd=30&kikanCd=3051900000&kikanKbn=3", "url2": "https://www.aokishika-wakayama.jp/", "内容": "青木歯科医院【3:歯科】和歌山県岩出市吉田２５７－１" }, "geometry": { "type": "Point", "coordinates": [ 135.28345, 34.266883 ] } },
{ "type": "Feature", "properties": { "ID": 3033052300000, "正式名称": "林歯科医院", "機関区分": 3, "都道府県コード": 30, "市区町村コード": 209, "所在地": "和歌山県岩出市金池４０１－８", "緯度": 34.275188, "経度": 135.288283, "url": "https://www.iryou.teikyouseido.mhlw.go.jp/znk-web/juminkanja/S2430/initialize?prefCd=30&kikanCd=3052300000&kikanKbn=3", "url2": null, "内容": "林歯科医院【3:歯科】和歌山県岩出市金池４０１－８" }, "geometry": { "type": "Point", "coordinates": [ 135.288283, 34.275188 ] } },
{ "type": "Feature", "properties": { "ID": 3033052400000, "正式名称": "笠原歯科医院", "機関区分": 3, "都道府県コード": 30, "市区町村コード": 201, "所在地": "和歌山県和歌山市新庄４９０", "緯度": 34.247274, "経度": 135.286062, "url": "https://www.iryou.teikyouseido.mhlw.go.jp/znk-web/juminkanja/S2430/initialize?prefCd=30&kikanCd=3052400000&kikanKbn=3", "url2": "https://r.goope.jp/kasahara-dent", "内容": "笠原歯科医院【3:歯科】和歌山県和歌山市新庄４９０" }, "geometry": { "type": "Point", "coordinates": [ 135.286062, 34.247274 ] } },
{ "type": "Feature", "properties": { "ID": 3033052500000, "正式名称": "明楽歯科医院", "機関区分": 3, "都道府県コード": 30, "市区町村コード": 201, "所在地": "和歌山県和歌山市大垣内６９０－７", "緯度": 34.241484, "経度": 135.276693, "url": "https://www.iryou.teikyouseido.mhlw.go.jp/znk-web/juminkanja/S2430/initialize?prefCd=30&kikanCd=3052500000&kikanKbn=3", "url2": null, "内容": "明楽歯科医院【3:歯科】和歌山県和歌山市大垣内６９０－７" }, "geometry": { "type": "Point", "coordinates": [ 135.276693, 34.241484 ] } },
{ "type": "Feature", "properties": { "ID": 3033052600000, "正式名称": "医療法人　良和会　仲河歯科医院", "機関区分": 3, "都道府県コード": 30, "市区町村コード": 201, "所在地": "和歌山県和歌山市平岡２１７－１", "緯度": 34.265717, "経度": 135.273118, "url": "https://www.iryou.teikyouseido.mhlw.go.jp/znk-web/juminkanja/S2430/initialize?prefCd=30&kikanCd=3052600000&kikanKbn=3", "url2": "https://nakagawadent.com/", "内容": "医療法人　良和会　仲河歯科医院【3:歯科】和歌山県和歌山市平岡２１７－１" }, "geometry": { "type": "Point", "coordinates": [ 135.273118, 34.265717 ] } },
{ "type": "Feature", "properties": { "ID": 3033052700000, "正式名称": "白川歯科医院", "機関区分": 3, "都道府県コード": 30, "市区町村コード": 201, "所在地": "和歌山県和歌山市楠本１－７２", "緯度": 34.2623, "経度": 135.253481, "url": "https://www.iryou.teikyouseido.mhlw.go.jp/znk-web/juminkanja/S2430/initialize?prefCd=30&kikanCd=3052700000&kikanKbn=3", "url2": null, "内容": "白川歯科医院【3:歯科】和歌山県和歌山市楠本１－７２" }, "geometry": { "type": "Point", "coordinates": [ 135.253481, 34.2623 ] } },
{ "type": "Feature", "properties": { "ID": 3033052800000, "正式名称": "橋本歯科医院", "機関区分": 3, "都道府県コード": 30, "市区町村コード": 201, "所在地": "和歌山県和歌山市島２３３－３", "緯度": 34.256856, "経度": 135.252759, "url": "https://www.iryou.teikyouseido.mhlw.go.jp/znk-web/juminkanja/S2430/initialize?prefCd=30&kikanCd=3052800000&kikanKbn=3", "url2": "http://www.eonet.ne.jp/~mast640/index.html", "内容": "橋本歯科医院【3:歯科】和歌山県和歌山市島２３３－３" }, "geometry": { "type": "Point", "coordinates": [ 135.252759, 34.256856 ] } },
{ "type": "Feature", "properties": { "ID": 3033052900000, "正式名称": "藤野歯科医院", "機関区分": 3, "都道府県コード": 30, "市区町村コード": 201, "所在地": "和歌山県和歌山市布施屋５９０－１", "緯度": 34.245274, "経度": 135.262814, "url": "https://www.iryou.teikyouseido.mhlw.go.jp/znk-web/juminkanja/S2430/initialize?prefCd=30&kikanCd=3052900000&kikanKbn=3", "url2": null, "内容": "藤野歯科医院【3:歯科】和歌山県和歌山市布施屋５９０－１" }, "geometry": { "type": "Point", "coordinates": [ 135.262814, 34.245274 ] } },
{ "type": "Feature", "properties": { "ID": 3033053000000, "正式名称": "岡歯科医院", "機関区分": 3, "都道府県コード": 30, "市区町村コード": 201, "所在地": "和歌山県和歌山市布施屋１１１－１", "緯度": 34.240996, "経度": 135.262064, "url": "https://www.iryou.teikyouseido.mhlw.go.jp/znk-web/juminkanja/S2430/initialize?prefCd=30&kikanCd=3053000000&kikanKbn=3", "url2": null, "内容": "岡歯科医院【3:歯科】和歌山県和歌山市布施屋１１１－１" }, "geometry": { "type": "Point", "coordinates": [ 135.262064, 34.240996 ] } },
{ "type": "Feature", "properties": { "ID": 3033053200000, "正式名称": "みやお歯科医院", "機関区分": 3, "都道府県コード": 30, "市区町村コード": 201, "所在地": "和歌山県和歌山市北野１５４－５", "緯度": 34.26891, "経度": 135.249787, "url": "https://www.iryou.teikyouseido.mhlw.go.jp/znk-web/juminkanja/S2430/initialize?prefCd=30&kikanCd=3053200000&kikanKbn=3", "url2": "https://www.miyao-dental.net", "内容": "みやお歯科医院【3:歯科】和歌山県和歌山市北野１５４－５" }, "geometry": { "type": "Point", "coordinates": [ 135.249787, 34.26891 ] } },
{ "type": "Feature", "properties": { "ID": 3033053300000, "正式名称": "谷口歯科医院", "機関区分": 3, "都道府県コード": 30, "市区町村コード": 201, "所在地": "和歌山県和歌山市北野４４２", "緯度": 34.268271, "経度": 135.245814, "url": "https://www.iryou.teikyouseido.mhlw.go.jp/znk-web/juminkanja/S2430/initialize?prefCd=30&kikanCd=3053300000&kikanKbn=3", "url2": null, "内容": "谷口歯科医院【3:歯科】和歌山県和歌山市北野４４２" }, "geometry": { "type": "Point", "coordinates": [ 135.245814, 34.268271 ] } },
{ "type": "Feature", "properties": { "ID": 3033053400000, "正式名称": "小谷歯科医院", "機関区分": 3, "都道府県コード": 30, "市区町村コード": 201, "所在地": "和歌山県和歌山市宇田森１８－４", "緯度": 34.2583, "経度": 135.249009, "url": "https://www.iryou.teikyouseido.mhlw.go.jp/znk-web/juminkanja/S2430/initialize?prefCd=30&kikanCd=3053400000&kikanKbn=3", "url2": null, "内容": "小谷歯科医院【3:歯科】和歌山県和歌山市宇田森１８－４" }, "geometry": { "type": "Point", "coordinates": [ 135.249009, 34.2583 ] } },
{ "type": "Feature", "properties": { "ID": 3033053700000, "正式名称": "中西歯科医院", "機関区分": 3, "都道府県コード": 30, "市区町村コード": 208, "所在地": "和歌山県紀の川市打田１６９番地２", "緯度": 34.258663, "経度": 135.371277, "url": "https://www.iryou.teikyouseido.mhlw.go.jp/znk-web/juminkanja/S2430/initialize?prefCd=30&kikanCd=3053700000&kikanKbn=3", "url2": null, "内容": "中西歯科医院【3:歯科】和歌山県紀の川市打田１６９番地２" }, "geometry": { "type": "Point", "coordinates": [ 135.371277, 34.258663 ] } },
{ "type": "Feature", "properties": { "ID": 3033053900000, "正式名称": "辻本歯科医院", "機関区分": 3, "都道府県コード": 30, "市区町村コード": 208, "所在地": "和歌山県紀の川市打田１４７８－１", "緯度": 34.25858, "経度": 135.365278, "url": "https://www.iryou.teikyouseido.mhlw.go.jp/znk-web/juminkanja/S2430/initialize?prefCd=30&kikanCd=3053900000&kikanKbn=3", "url2": "https://tsujimoto-dental-clinic.com/", "内容": "辻本歯科医院【3:歯科】和歌山県紀の川市打田１４７８－１" }, "geometry": { "type": "Point", "coordinates": [ 135.365278, 34.25858 ] } },
{ "type": "Feature", "properties": { "ID": 3033054000000, "正式名称": "加山歯科医院", "機関区分": 3, "都道府県コード": 30, "市区町村コード": 208, "所在地": "和歌山県紀の川市西大井９３－２", "緯度": 34.265884, "経度": 135.362832, "url": "https://www.iryou.teikyouseido.mhlw.go.jp/znk-web/juminkanja/S2430/initialize?prefCd=30&kikanCd=3054000000&kikanKbn=3", "url2": null, "内容": "加山歯科医院【3:歯科】和歌山県紀の川市西大井９３－２" }, "geometry": { "type": "Point", "coordinates": [ 135.362832, 34.265884 ] } },
{ "type": "Feature", "properties": { "ID": 3033054100000, "正式名称": "清瀧歯科医院", "機関区分": 3, "都道府県コード": 30, "市区町村コード": 208, "所在地": "和歌山県紀の川市花野１１７", "緯度": 34.258302, "経度": 135.358333, "url": "https://www.iryou.teikyouseido.mhlw.go.jp/znk-web/juminkanja/S2430/initialize?prefCd=30&kikanCd=3054100000&kikanKbn=3", "url2": null, "内容": "清瀧歯科医院【3:歯科】和歌山県紀の川市花野１１７" }, "geometry": { "type": "Point", "coordinates": [ 135.358333, 34.258302 ] } },
{ "type": "Feature", "properties": { "ID": 3033054200000, "正式名称": "あい歯科医院", "機関区分": 3, "都道府県コード": 30, "市区町村コード": 208, "所在地": "和歌山県紀の川市下井阪４５５", "緯度": 34.257707, "経度": 135.341067, "url": "https://www.iryou.teikyouseido.mhlw.go.jp/znk-web/juminkanja/S2430/initialize?prefCd=30&kikanCd=3054200000&kikanKbn=3", "url2": null, "内容": "あい歯科医院【3:歯科】和歌山県紀の川市下井阪４５５" }, "geometry": { "type": "Point", "coordinates": [ 135.341067, 34.257707 ] } },
{ "type": "Feature", "properties": { "ID": 3033055000000, "正式名称": "医療法人朋歯会　　岡本歯科医院", "機関区分": 3, "都道府県コード": 30, "市区町村コード": 208, "所在地": "和歌山県紀の川市粉河３８９－７", "緯度": 34.272412, "経度": 135.406828, "url": "https://www.iryou.teikyouseido.mhlw.go.jp/znk-web/juminkanja/S2430/initialize?prefCd=30&kikanCd=3055000000&kikanKbn=3", "url2": "http://www.okamoto-shika.or.jp", "内容": "医療法人朋歯会　　岡本歯科医院【3:歯科】和歌山県紀の川市粉河３８９－７" }, "geometry": { "type": "Point", "coordinates": [ 135.406828, 34.272412 ] } },
{ "type": "Feature", "properties": { "ID": 3033055100000, "正式名称": "神野歯科", "機関区分": 3, "都道府県コード": 30, "市区町村コード": 208, "所在地": "和歌山県紀の川市粉河１７２４", "緯度": 34.274218, "経度": 135.402996, "url": "https://www.iryou.teikyouseido.mhlw.go.jp/znk-web/juminkanja/S2430/initialize?prefCd=30&kikanCd=3055100000&kikanKbn=3", "url2": null, "内容": "神野歯科【3:歯科】和歌山県紀の川市粉河１７２４" }, "geometry": { "type": "Point", "coordinates": [ 135.402996, 34.274218 ] } },
{ "type": "Feature", "properties": { "ID": 3033055400000, "正式名称": "安村歯科医院", "機関区分": 3, "都道府県コード": 30, "市区町村コード": 208, "所在地": "和歌山県紀の川市名手市場１６１－２", "緯度": 34.273358, "経度": 135.436243, "url": "https://www.iryou.teikyouseido.mhlw.go.jp/znk-web/juminkanja/S2430/initialize?prefCd=30&kikanCd=3055400000&kikanKbn=3", "url2": null, "内容": "安村歯科医院【3:歯科】和歌山県紀の川市名手市場１６１－２" }, "geometry": { "type": "Point", "coordinates": [ 135.436243, 34.273358 ] } },
{ "type": "Feature", "properties": { "ID": 3033055500000, "正式名称": "中島歯科医院", "機関区分": 3, "都道府県コード": 30, "市区町村コード": 341, "所在地": "和歌山県伊都郡かつらぎ町妙寺４６８", "緯度": 34.29769, "経度": 135.519401, "url": "https://www.iryou.teikyouseido.mhlw.go.jp/znk-web/juminkanja/S2430/initialize?prefCd=30&kikanCd=3055500000&kikanKbn=3", "url2": "https://nakajimadc.jp", "内容": "中島歯科医院【3:歯科】和歌山県伊都郡かつらぎ町妙寺４６８" }, "geometry": { "type": "Point", "coordinates": [ 135.519401, 34.29769 ] } },
{ "type": "Feature", "properties": { "ID": 3033055700000, "正式名称": "杉村歯科医院", "機関区分": 3, "都道府県コード": 30, "市区町村コード": 341, "所在地": "和歌山県伊都郡かつらぎ町新田５３－２", "緯度": 34.298189, "経度": 135.511264, "url": "https://www.iryou.teikyouseido.mhlw.go.jp/znk-web/juminkanja/S2430/initialize?prefCd=30&kikanCd=3055700000&kikanKbn=3", "url2": null, "内容": "杉村歯科医院【3:歯科】和歌山県伊都郡かつらぎ町新田５３－２" }, "geometry": { "type": "Point", "coordinates": [ 135.511264, 34.298189 ] } },
{ "type": "Feature", "properties": { "ID": 3033055800000, "正式名称": "うちた歯科", "機関区分": 3, "都道府県コード": 30, "市区町村コード": 341, "所在地": "和歌山県伊都郡かつらぎ町笠田東１９６－１", "緯度": 34.286301, "経度": 135.482044, "url": "https://www.iryou.teikyouseido.mhlw.go.jp/znk-web/juminkanja/S2430/initialize?prefCd=30&kikanCd=3055800000&kikanKbn=3", "url2": null, "内容": "うちた歯科【3:歯科】和歌山県伊都郡かつらぎ町笠田東１９６－１" }, "geometry": { "type": "Point", "coordinates": [ 135.482044, 34.286301 ] } },
{ "type": "Feature", "properties": { "ID": 3033055900000, "正式名称": "中平歯科医院", "機関区分": 3, "都道府県コード": 30, "市区町村コード": 341, "所在地": "和歌山県伊都郡かつらぎ町笠田東７１－５", "緯度": 34.289801, "経度": 135.480628, "url": "https://www.iryou.teikyouseido.mhlw.go.jp/znk-web/juminkanja/S2430/initialize?prefCd=30&kikanCd=3055900000&kikanKbn=3", "url2": null, "内容": "中平歯科医院【3:歯科】和歌山県伊都郡かつらぎ町笠田東７１－５" }, "geometry": { "type": "Point", "coordinates": [ 135.480628, 34.289801 ] } },
{ "type": "Feature", "properties": { "ID": 3033056000000, "正式名称": "ゆあさ歯科医院", "機関区分": 3, "都道府県コード": 30, "市区町村コード": 341, "所在地": "和歌山県伊都郡かつらぎ町笠田東９８－８", "緯度": 34.287995, "経度": 135.482239, "url": "https://www.iryou.teikyouseido.mhlw.go.jp/znk-web/juminkanja/S2430/initialize?prefCd=30&kikanCd=3056000000&kikanKbn=3", "url2": null, "内容": "ゆあさ歯科医院【3:歯科】和歌山県伊都郡かつらぎ町笠田東９８－８" }, "geometry": { "type": "Point", "coordinates": [ 135.482239, 34.287995 ] } },
{ "type": "Feature", "properties": { "ID": 3033056100000, "正式名称": "椿井歯科医院", "機関区分": 3, "都道府県コード": 30, "市区町村コード": 341, "所在地": "和歌山県伊都郡かつらぎ町笠田東４５７", "緯度": 34.287995, "経度": 135.476294, "url": "https://www.iryou.teikyouseido.mhlw.go.jp/znk-web/juminkanja/S2430/initialize?prefCd=30&kikanCd=3056100000&kikanKbn=3", "url2": null, "内容": "椿井歯科医院【3:歯科】和歌山県伊都郡かつらぎ町笠田東４５７" }, "geometry": { "type": "Point", "coordinates": [ 135.476294, 34.287995 ] } },
{ "type": "Feature", "properties": { "ID": 3033056200000, "正式名称": "田村歯科クリニック", "機関区分": 3, "都道府県コード": 30, "市区町村コード": 341, "所在地": "和歌山県伊都郡かつらぎ町笠田東１０３－６", "緯度": 34.289162, "経度": 135.482016, "url": "https://www.iryou.teikyouseido.mhlw.go.jp/znk-web/juminkanja/S2430/initialize?prefCd=30&kikanCd=3056200000&kikanKbn=3", "url2": null, "内容": "田村歯科クリニック【3:歯科】和歌山県伊都郡かつらぎ町笠田東１０３－６" }, "geometry": { "type": "Point", "coordinates": [ 135.482016, 34.289162 ] } },
{ "type": "Feature", "properties": { "ID": 3033056400000, "正式名称": "石川歯科医院", "機関区分": 3, "都道府県コード": 30, "市区町村コード": 203, "所在地": "和歌山県橋本市高野口町伏原１７４－１", "緯度": 34.305079, "経度": 135.570369, "url": "https://www.iryou.teikyouseido.mhlw.go.jp/znk-web/juminkanja/S2430/initialize?prefCd=30&kikanCd=3056400000&kikanKbn=3", "url2": null, "内容": "石川歯科医院【3:歯科】和歌山県橋本市高野口町伏原１７４－１" }, "geometry": { "type": "Point", "coordinates": [ 135.570369, 34.305079 ] } },
{ "type": "Feature", "properties": { "ID": 3033056500000, "正式名称": "喜多歯科医院", "機関区分": 3, "都道府県コード": 30, "市区町村コード": 203, "所在地": "和歌山県橋本市高野口町名古曽８０４－２", "緯度": 34.305523, "経度": 135.56112, "url": "https://www.iryou.teikyouseido.mhlw.go.jp/znk-web/juminkanja/S2430/initialize?prefCd=30&kikanCd=3056500000&kikanKbn=3", "url2": null, "内容": "喜多歯科医院【3:歯科】和歌山県橋本市高野口町名古曽８０４－２" }, "geometry": { "type": "Point", "coordinates": [ 135.56112, 34.305523 ] } },
{ "type": "Feature", "properties": { "ID": 3033056600000, "正式名称": "辻歯科医院", "機関区分": 3, "都道府県コード": 30, "市区町村コード": 203, "所在地": "和歌山県橋本市高野口町名古曽１２", "緯度": 34.302912, "経度": 135.567453, "url": "https://www.iryou.teikyouseido.mhlw.go.jp/znk-web/juminkanja/S2430/initialize?prefCd=30&kikanCd=3056600000&kikanKbn=3", "url2": null, "内容": "辻歯科医院【3:歯科】和歌山県橋本市高野口町名古曽１２" }, "geometry": { "type": "Point", "coordinates": [ 135.567453, 34.302912 ] } },
{ "type": "Feature", "properties": { "ID": 3033056700000, "正式名称": "吉川歯科医院", "機関区分": 3, "都道府県コード": 30, "市区町村コード": 203, "所在地": "和歌山県橋本市高野口町名古曽１０１９", "緯度": 34.305828, "経度": 135.557814, "url": "https://www.iryou.teikyouseido.mhlw.go.jp/znk-web/juminkanja/S2430/initialize?prefCd=30&kikanCd=3056700000&kikanKbn=3", "url2": null, "内容": "吉川歯科医院【3:歯科】和歌山県橋本市高野口町名古曽１０１９" }, "geometry": { "type": "Point", "coordinates": [ 135.557814, 34.305828 ] } },
{ "type": "Feature", "properties": { "ID": 3033056900000, "正式名称": "五木田美浜町歯科医院", "機関区分": 3, "都道府県コード": 30, "市区町村コード": 381, "所在地": "和歌山県日高郡美浜町吉原８９０", "緯度": 33.892115, "経度": 135.139618, "url": "https://www.iryou.teikyouseido.mhlw.go.jp/znk-web/juminkanja/S2430/initialize?prefCd=30&kikanCd=3056900000&kikanKbn=3", "url2": null, "内容": "五木田美浜町歯科医院【3:歯科】和歌山県日高郡美浜町吉原８９０" }, "geometry": { "type": "Point", "coordinates": [ 135.139618, 33.892115 ] } },
{ "type": "Feature", "properties": { "ID": 3033057100000, "正式名称": "薗歯科クリニック", "機関区分": 3, "都道府県コード": 30, "市区町村コード": 205, "所在地": "和歌山県御坊市湯川町財部９３１－５", "緯度": 33.898893, "経度": 135.162255, "url": "https://www.iryou.teikyouseido.mhlw.go.jp/znk-web/juminkanja/S2430/initialize?prefCd=30&kikanCd=3057100000&kikanKbn=3", "url2": "http://www.citydo.com/sp/0738-22-9077", "内容": "薗歯科クリニック【3:歯科】和歌山県御坊市湯川町財部９３１－５" }, "geometry": { "type": "Point", "coordinates": [ 135.162255, 33.898893 ] } },
{ "type": "Feature", "properties": { "ID": 3033057200000, "正式名称": "神野歯科医院", "機関区分": 3, "都道府県コード": 30, "市区町村コード": 201, "所在地": "和歌山県和歌山市中之島３５６番２０", "緯度": 34.24194, "経度": 135.194681, "url": "https://www.iryou.teikyouseido.mhlw.go.jp/znk-web/juminkanja/S2430/initialize?prefCd=30&kikanCd=3057200000&kikanKbn=3", "url2": null, "内容": "神野歯科医院【3:歯科】和歌山県和歌山市中之島３５６番２０" }, "geometry": { "type": "Point", "coordinates": [ 135.194681, 34.24194 ] } },
{ "type": "Feature", "properties": { "ID": 3033057300000, "正式名称": "下田歯科クリニック", "機関区分": 3, "都道府県コード": 30, "市区町村コード": 203, "所在地": "和歌山県橋本市清水１５９－６", "緯度": 34.307523, "経度": 135.603144, "url": "https://www.iryou.teikyouseido.mhlw.go.jp/znk-web/juminkanja/S2430/initialize?prefCd=30&kikanCd=3057300000&kikanKbn=3", "url2": null, "内容": "下田歯科クリニック【3:歯科】和歌山県橋本市清水１５９－６" }, "geometry": { "type": "Point", "coordinates": [ 135.603144, 34.307523 ] } },
{ "type": "Feature", "properties": { "ID": 3033057500000, "正式名称": "医療法人清真会　海南歯科診療所", "機関区分": 3, "都道府県コード": 30, "市区町村コード": 202, "所在地": "和歌山県海南市名高１４５", "緯度": 34.153089, "経度": 135.218683, "url": "https://www.iryou.teikyouseido.mhlw.go.jp/znk-web/juminkanja/S2430/initialize?prefCd=30&kikanCd=3057500000&kikanKbn=3", "url2": null, "内容": "医療法人清真会　海南歯科診療所【3:歯科】和歌山県海南市名高１４５" }, "geometry": { "type": "Point", "coordinates": [ 135.218683, 34.153089 ] } },
{ "type": "Feature", "properties": { "ID": 3033057800000, "正式名称": "シカゴ歯科クリニック", "機関区分": 3, "都道府県コード": 30, "市区町村コード": 201, "所在地": "和歌山県和歌山市加納２０２－１", "緯度": 34.245329, "経度": 135.205985, "url": "https://www.iryou.teikyouseido.mhlw.go.jp/znk-web/juminkanja/S2430/initialize?prefCd=30&kikanCd=3057800000&kikanKbn=3", "url2": null, "内容": "シカゴ歯科クリニック【3:歯科】和歌山県和歌山市加納２０２－１" }, "geometry": { "type": "Point", "coordinates": [ 135.205985, 34.245329 ] } },
{ "type": "Feature", "properties": { "ID": 3033058000000, "正式名称": "はたなか歯科クリニック", "機関区分": 3, "都道府県コード": 30, "市区町村コード": 209, "所在地": "和歌山県岩出市清水３５４－１", "緯度": 34.25608, "経度": 135.317282, "url": "https://www.iryou.teikyouseido.mhlw.go.jp/znk-web/juminkanja/S2430/initialize?prefCd=30&kikanCd=3058000000&kikanKbn=3", "url2": "https://www.hatanakashika.jp", "内容": "はたなか歯科クリニック【3:歯科】和歌山県岩出市清水３５４－１" }, "geometry": { "type": "Point", "coordinates": [ 135.317282, 34.25608 ] } },
{ "type": "Feature", "properties": { "ID": 3033058200000, "正式名称": "こじま歯科医院", "機関区分": 3, "都道府県コード": 30, "市区町村コード": 203, "所在地": "和歌山県橋本市古佐田１－１０００", "緯度": 34.317244, "経度": 135.611587, "url": "https://www.iryou.teikyouseido.mhlw.go.jp/znk-web/juminkanja/S2430/initialize?prefCd=30&kikanCd=3058200000&kikanKbn=3", "url2": null, "内容": "こじま歯科医院【3:歯科】和歌山県橋本市古佐田１－１０００" }, "geometry": { "type": "Point", "coordinates": [ 135.611587, 34.317244 ] } },
{ "type": "Feature", "properties": { "ID": 3033058300000, "正式名称": "高畑歯科医院", "機関区分": 3, "都道府県コード": 30, "市区町村コード": 201, "所在地": "和歌山県和歌山市本町５丁目２３番地", "緯度": 34.238551, "経度": 135.174627, "url": "https://www.iryou.teikyouseido.mhlw.go.jp/znk-web/juminkanja/S2430/initialize?prefCd=30&kikanCd=3058300000&kikanKbn=3", "url2": null, "内容": "高畑歯科医院【3:歯科】和歌山県和歌山市本町５丁目２３番地" }, "geometry": { "type": "Point", "coordinates": [ 135.174627, 34.238551 ] } },
{ "type": "Feature", "properties": { "ID": 3033058400000, "正式名称": "太田歯科医院", "機関区分": 3, "都道府県コード": 30, "市区町村コード": 201, "所在地": "和歌山県和歌山市柳丁４８番地", "緯度": 34.229608, "経度": 135.183099, "url": "https://www.iryou.teikyouseido.mhlw.go.jp/znk-web/juminkanja/S2430/initialize?prefCd=30&kikanCd=3058400000&kikanKbn=3", "url2": null, "内容": "太田歯科医院【3:歯科】和歌山県和歌山市柳丁４８番地" }, "geometry": { "type": "Point", "coordinates": [ 135.183099, 34.229608 ] } },
{ "type": "Feature", "properties": { "ID": 3033058600000, "正式名称": "ゆかり歯科", "機関区分": 3, "都道府県コード": 30, "市区町村コード": 206, "所在地": "和歌山県田辺市末広町１３番１０号", "緯度": 33.723832, "経度": 135.380023, "url": "https://www.iryou.teikyouseido.mhlw.go.jp/znk-web/juminkanja/S2430/initialize?prefCd=30&kikanCd=3058600000&kikanKbn=3", "url2": null, "内容": "ゆかり歯科【3:歯科】和歌山県田辺市末広町１３番１０号" }, "geometry": { "type": "Point", "coordinates": [ 135.380023, 33.723832 ] } },
{ "type": "Feature", "properties": { "ID": 3033058800000, "正式名称": "なかにし歯科医院", "機関区分": 3, "都道府県コード": 30, "市区町村コード": 201, "所在地": "和歌山県和歌山市弘西１２６２－３", "緯度": 34.260244, "経度": 135.235038, "url": "https://www.iryou.teikyouseido.mhlw.go.jp/znk-web/juminkanja/S2430/initialize?prefCd=30&kikanCd=3058800000&kikanKbn=3", "url2": "https://www.nakanisi-dental.jp/", "内容": "なかにし歯科医院【3:歯科】和歌山県和歌山市弘西１２６２－３" }, "geometry": { "type": "Point", "coordinates": [ 135.235038, 34.260244 ] } },
{ "type": "Feature", "properties": { "ID": 3033058900000, "正式名称": "岡本歯科医院", "機関区分": 3, "都道府県コード": 30, "市区町村コード": 208, "所在地": "和歌山県紀の川市名手市場１２５", "緯度": 34.272885, "経度": 135.435715, "url": "https://www.iryou.teikyouseido.mhlw.go.jp/znk-web/juminkanja/S2430/initialize?prefCd=30&kikanCd=3058900000&kikanKbn=3", "url2": null, "内容": "岡本歯科医院【3:歯科】和歌山県紀の川市名手市場１２５" }, "geometry": { "type": "Point", "coordinates": [ 135.435715, 34.272885 ] } },
{ "type": "Feature", "properties": { "ID": 3033059000000, "正式名称": "上西歯科医院", "機関区分": 3, "都道府県コード": 30, "市区町村コード": 201, "所在地": "和歌山県和歌山市南中間町８１", "緯度": 34.225302, "経度": 135.164268, "url": "https://www.iryou.teikyouseido.mhlw.go.jp/znk-web/juminkanja/S2430/initialize?prefCd=30&kikanCd=3059000000&kikanKbn=3", "url2": "http://www.uenishi-dc.com/pc/", "内容": "上西歯科医院【3:歯科】和歌山県和歌山市南中間町８１" }, "geometry": { "type": "Point", "coordinates": [ 135.164268, 34.225302 ] } },
{ "type": "Feature", "properties": { "ID": 3033059200000, "正式名称": "ひだか歯科", "機関区分": 3, "都道府県コード": 30, "市区町村コード": 382, "所在地": "和歌山県日高郡日高町小中４９３－１", "緯度": 33.920973, "経度": 135.127396, "url": "https://www.iryou.teikyouseido.mhlw.go.jp/znk-web/juminkanja/S2430/initialize?prefCd=30&kikanCd=3059200000&kikanKbn=3", "url2": null, "内容": "ひだか歯科【3:歯科】和歌山県日高郡日高町小中４９３－１" }, "geometry": { "type": "Point", "coordinates": [ 135.127396, 33.920973 ] } },
{ "type": "Feature", "properties": { "ID": 3033059400000, "正式名称": "まさご歯科口腔外科クリニック", "機関区分": 3, "都道府県コード": 30, "市区町村コード": 206, "所在地": "和歌山県田辺市南新町２１５", "緯度": 33.732081, "経度": 135.379773, "url": "https://www.iryou.teikyouseido.mhlw.go.jp/znk-web/juminkanja/S2430/initialize?prefCd=30&kikanCd=3059400000&kikanKbn=3", "url2": "http://www.masago-dentalclinic.com/", "内容": "まさご歯科口腔外科クリニック【3:歯科】和歌山県田辺市南新町２１５" }, "geometry": { "type": "Point", "coordinates": [ 135.379773, 33.732081 ] } },
{ "type": "Feature", "properties": { "ID": 3033059500000, "正式名称": "医療法人　良桜会　小柳歯科クリニック", "機関区分": 3, "都道府県コード": 30, "市区町村コード": 203, "所在地": "和歌山県橋本市岸上５６３－１", "緯度": 34.311578, "経度": 135.58959, "url": "https://www.iryou.teikyouseido.mhlw.go.jp/znk-web/juminkanja/S2430/initialize?prefCd=30&kikanCd=3059500000&kikanKbn=3", "url2": "http://www.koyanagi-dc.com", "内容": "医療法人　良桜会　小柳歯科クリニック【3:歯科】和歌山県橋本市岸上５６３－１" }, "geometry": { "type": "Point", "coordinates": [ 135.58959, 34.311578 ] } },
{ "type": "Feature", "properties": { "ID": 3033059600000, "正式名称": "後藤歯科", "機関区分": 3, "都道府県コード": 30, "市区町村コード": 203, "所在地": "和歌山県橋本市市脇４－３－２７", "緯度": 34.31194, "経度": 135.601755, "url": "https://www.iryou.teikyouseido.mhlw.go.jp/znk-web/juminkanja/S2430/initialize?prefCd=30&kikanCd=3059600000&kikanKbn=3", "url2": "https://510-dc.com/", "内容": "後藤歯科【3:歯科】和歌山県橋本市市脇４－３－２７" }, "geometry": { "type": "Point", "coordinates": [ 135.601755, 34.31194 ] } },
{ "type": "Feature", "properties": { "ID": 3033059700000, "正式名称": "西村歯科医院", "機関区分": 3, "都道府県コード": 30, "市区町村コード": 201, "所在地": "和歌山県和歌山市西高松１丁目１３－１４", "緯度": 34.207943, "経度": 135.168407, "url": "https://www.iryou.teikyouseido.mhlw.go.jp/znk-web/juminkanja/S2430/initialize?prefCd=30&kikanCd=3059700000&kikanKbn=3", "url2": null, "内容": "西村歯科医院【3:歯科】和歌山県和歌山市西高松１丁目１３－１４" }, "geometry": { "type": "Point", "coordinates": [ 135.168407, 34.207943 ] } },
{ "type": "Feature", "properties": { "ID": 3033059900000, "正式名称": "岩橋歯科医院", "機関区分": 3, "都道府県コード": 30, "市区町村コード": 201, "所在地": "和歌山県和歌山市橋向丁３９", "緯度": 34.227385, "経度": 135.184849, "url": "https://www.iryou.teikyouseido.mhlw.go.jp/znk-web/juminkanja/S2430/initialize?prefCd=30&kikanCd=3059900000&kikanKbn=3", "url2": "iwahashi-shika.com", "内容": "岩橋歯科医院【3:歯科】和歌山県和歌山市橋向丁３９" }, "geometry": { "type": "Point", "coordinates": [ 135.184849, 34.227385 ] } },
{ "type": "Feature", "properties": { "ID": 3033060000000, "正式名称": "谷地歯科クリニック", "機関区分": 3, "都道府県コード": 30, "市区町村コード": 207, "所在地": "和歌山県新宮市新宮５５４番１　大橋通りＴビル２Ｆ", "緯度": 33.727509, "経度": 135.9865, "url": "https://www.iryou.teikyouseido.mhlw.go.jp/znk-web/juminkanja/S2430/initialize?prefCd=30&kikanCd=3060000000&kikanKbn=3", "url2": null, "内容": "谷地歯科クリニック【3:歯科】和歌山県新宮市新宮５５４番１　大橋通りＴビル２Ｆ" }, "geometry": { "type": "Point", "coordinates": [ 135.9865, 33.727509 ] } },
{ "type": "Feature", "properties": { "ID": 3033060200000, "正式名称": "千代歯科", "機関区分": 3, "都道府県コード": 30, "市区町村コード": 201, "所在地": "和歌山県和歌山市松江北４－７－２０", "緯度": 34.252938, "経度": 135.131213, "url": "https://www.iryou.teikyouseido.mhlw.go.jp/znk-web/juminkanja/S2430/initialize?prefCd=30&kikanCd=3060200000&kikanKbn=3", "url2": null, "内容": "千代歯科【3:歯科】和歌山県和歌山市松江北４－７－２０" }, "geometry": { "type": "Point", "coordinates": [ 135.131213, 34.252938 ] } },
{ "type": "Feature", "properties": { "ID": 3033060300000, "正式名称": "ささや歯科医院", "機関区分": 3, "都道府県コード": 30, "市区町村コード": 207, "所在地": "和歌山県新宮市橋本２－１－６", "緯度": 33.717732, "経度": 135.987667, "url": "https://www.iryou.teikyouseido.mhlw.go.jp/znk-web/juminkanja/S2430/initialize?prefCd=30&kikanCd=3060300000&kikanKbn=3", "url2": null, "内容": "ささや歯科医院【3:歯科】和歌山県新宮市橋本２－１－６" }, "geometry": { "type": "Point", "coordinates": [ 135.987667, 33.717732 ] } },
{ "type": "Feature", "properties": { "ID": 3033060400000, "正式名称": "榎阪歯科医院", "機関区分": 3, "都道府県コード": 30, "市区町村コード": 206, "所在地": "和歌山県田辺市龍神村宮代６５５－１", "緯度": 33.916147, "経度": 135.505309, "url": "https://www.iryou.teikyouseido.mhlw.go.jp/znk-web/juminkanja/S2430/initialize?prefCd=30&kikanCd=3060400000&kikanKbn=3", "url2": null, "内容": "榎阪歯科医院【3:歯科】和歌山県田辺市龍神村宮代６５５－１" }, "geometry": { "type": "Point", "coordinates": [ 135.505309, 33.916147 ] } },
{ "type": "Feature", "properties": { "ID": 3033060600000, "正式名称": "ひまわり歯科医院", "機関区分": 3, "都道府県コード": 30, "市区町村コード": 203, "所在地": "和歌山県橋本市小峰台２丁目１２－４９", "緯度": 34.352578, "経度": 135.632854, "url": "https://www.iryou.teikyouseido.mhlw.go.jp/znk-web/juminkanja/S2430/initialize?prefCd=30&kikanCd=3060600000&kikanKbn=3", "url2": null, "内容": "ひまわり歯科医院【3:歯科】和歌山県橋本市小峰台２丁目１２－４９" }, "geometry": { "type": "Point", "coordinates": [ 135.632854, 34.352578 ] } },
{ "type": "Feature", "properties": { "ID": 3033060700000, "正式名称": "いわかみ歯科医院", "機関区分": 3, "都道府県コード": 30, "市区町村コード": 203, "所在地": "和歌山県橋本市隅田町下兵庫６２６－３", "緯度": 34.323522, "経度": 135.629697, "url": "https://www.iryou.teikyouseido.mhlw.go.jp/znk-web/juminkanja/S2430/initialize?prefCd=30&kikanCd=3060700000&kikanKbn=3", "url2": null, "内容": "いわかみ歯科医院【3:歯科】和歌山県橋本市隅田町下兵庫６２６－３" }, "geometry": { "type": "Point", "coordinates": [ 135.629697, 34.323522 ] } },
{ "type": "Feature", "properties": { "ID": 3033060800000, "正式名称": "医療法人　吉田歯科クリニック", "機関区分": 3, "都道府県コード": 30, "市区町村コード": 209, "所在地": "和歌山県岩出市根来１６０－１", "緯度": 34.277716, "経度": 135.314031, "url": "https://www.iryou.teikyouseido.mhlw.go.jp/znk-web/juminkanja/S2430/initialize?prefCd=30&kikanCd=3060800000&kikanKbn=3", "url2": "http://www.yoshida1182.com", "内容": "医療法人　吉田歯科クリニック【3:歯科】和歌山県岩出市根来１６０－１" }, "geometry": { "type": "Point", "coordinates": [ 135.314031, 34.277716 ] } },
{ "type": "Feature", "properties": { "ID": 3033060900000, "正式名称": "ひらた歯科クリニック", "機関区分": 3, "都道府県コード": 30, "市区町村コード": 202, "所在地": "和歌山県海南市築地１－８０", "緯度": 34.153255, "経度": 135.210822, "url": "https://www.iryou.teikyouseido.mhlw.go.jp/znk-web/juminkanja/S2430/initialize?prefCd=30&kikanCd=3060900000&kikanKbn=3", "url2": "http://www.hirata-shika.net/pc/", "内容": "ひらた歯科クリニック【3:歯科】和歌山県海南市築地１－８０" }, "geometry": { "type": "Point", "coordinates": [ 135.210822, 34.153255 ] } },
{ "type": "Feature", "properties": { "ID": 3033061000000, "正式名称": "宮本歯科クリニック", "機関区分": 3, "都道府県コード": 30, "市区町村コード": 201, "所在地": "和歌山県和歌山市十一番丁３７", "緯度": 34.231996, "経度": 135.175501, "url": "https://www.iryou.teikyouseido.mhlw.go.jp/znk-web/juminkanja/S2430/initialize?prefCd=30&kikanCd=3061000000&kikanKbn=3", "url2": "https://miyamoto-d-clinic.jp/", "内容": "宮本歯科クリニック【3:歯科】和歌山県和歌山市十一番丁３７" }, "geometry": { "type": "Point", "coordinates": [ 135.175501, 34.231996 ] } },
{ "type": "Feature", "properties": { "ID": 3033061200000, "正式名称": "にし歯科クリニック", "機関区分": 3, "都道府県コード": 30, "市区町村コード": 201, "所在地": "和歌山県和歌山市向６－９", "緯度": 34.258076, "経度": 135.151461, "url": "https://www.iryou.teikyouseido.mhlw.go.jp/znk-web/juminkanja/S2430/initialize?prefCd=30&kikanCd=3061200000&kikanKbn=3", "url2": "http://www.nishi-shika.net", "内容": "にし歯科クリニック【3:歯科】和歌山県和歌山市向６－９" }, "geometry": { "type": "Point", "coordinates": [ 135.151461, 34.258076 ] } },
{ "type": "Feature", "properties": { "ID": 3033061600000, "正式名称": "巴歯科医院", "機関区分": 3, "都道府県コード": 30, "市区町村コード": 206, "所在地": "和歌山県田辺市新屋敷町３５－９", "緯度": 33.727915, "経度": 135.380689, "url": "https://www.iryou.teikyouseido.mhlw.go.jp/znk-web/juminkanja/S2430/initialize?prefCd=30&kikanCd=3061600000&kikanKbn=3", "url2": null, "内容": "巴歯科医院【3:歯科】和歌山県田辺市新屋敷町３５－９" }, "geometry": { "type": "Point", "coordinates": [ 135.380689, 33.727915 ] } },
{ "type": "Feature", "properties": { "ID": 3033061700000, "正式名称": "たけ歯科クリニック", "機関区分": 3, "都道府県コード": 30, "市区町村コード": 201, "所在地": "和歌山県和歌山市黒田１丁目４－２　松浦ビル１Ｆ", "緯度": 34.233385, "経度": 135.191681, "url": "https://www.iryou.teikyouseido.mhlw.go.jp/znk-web/juminkanja/S2430/initialize?prefCd=30&kikanCd=3061700000&kikanKbn=3", "url2": "http://www.take-dental.jp/", "内容": "たけ歯科クリニック【3:歯科】和歌山県和歌山市黒田１丁目４－２　松浦ビル１Ｆ" }, "geometry": { "type": "Point", "coordinates": [ 135.191681, 34.233385 ] } },
{ "type": "Feature", "properties": { "ID": 3033061800000, "正式名称": "まえだ歯科", "機関区分": 3, "都道府県コード": 30, "市区町村コード": 201, "所在地": "和歌山県和歌山市米屋町１０", "緯度": 34.233274, "経度": 135.175461, "url": "https://www.iryou.teikyouseido.mhlw.go.jp/znk-web/juminkanja/S2430/initialize?prefCd=30&kikanCd=3061800000&kikanKbn=3", "url2": "http://www.maedadental.jp", "内容": "まえだ歯科【3:歯科】和歌山県和歌山市米屋町１０" }, "geometry": { "type": "Point", "coordinates": [ 135.175461, 34.233274 ] } },
{ "type": "Feature", "properties": { "ID": 3033061900000, "正式名称": "恩地歯科医院", "機関区分": 3, "都道府県コード": 30, "市区町村コード": 341, "所在地": "和歌山県伊都郡かつらぎ町大谷１４６", "緯度": 34.295606, "経度": 135.495542, "url": "https://www.iryou.teikyouseido.mhlw.go.jp/znk-web/juminkanja/S2430/initialize?prefCd=30&kikanCd=3061900000&kikanKbn=3", "url2": null, "内容": "恩地歯科医院【3:歯科】和歌山県伊都郡かつらぎ町大谷１４６" }, "geometry": { "type": "Point", "coordinates": [ 135.495542, 34.295606 ] } },
{ "type": "Feature", "properties": { "ID": 3033062100000, "正式名称": "医療法人うらら会　ふぁみりー歯科クリニック", "機関区分": 3, "都道府県コード": 30, "市区町村コード": 201, "所在地": "和歌山県和歌山市西庄４０９番１", "緯度": 34.260155, "経度": 135.111044, "url": "https://www.iryou.teikyouseido.mhlw.go.jp/znk-web/juminkanja/S2430/initialize?prefCd=30&kikanCd=3062100000&kikanKbn=3", "url2": "http://www.family-dento.com", "内容": "医療法人うらら会　ふぁみりー歯科クリニック【3:歯科】和歌山県和歌山市西庄４０９番１" }, "geometry": { "type": "Point", "coordinates": [ 135.111044, 34.260155 ] } },
{ "type": "Feature", "properties": { "ID": 3033062300000, "正式名称": "おぐり歯科クリニック", "機関区分": 3, "都道府県コード": 30, "市区町村コード": 201, "所在地": "和歌山県和歌山市里９３－１", "緯度": 34.264439, "経度": 135.26473, "url": "https://www.iryou.teikyouseido.mhlw.go.jp/znk-web/juminkanja/S2430/initialize?prefCd=30&kikanCd=3062300000&kikanKbn=3", "url2": "http://www.oguri-dentalclinic.com", "内容": "おぐり歯科クリニック【3:歯科】和歌山県和歌山市里９３－１" }, "geometry": { "type": "Point", "coordinates": [ 135.26473, 34.264439 ] } },
{ "type": "Feature", "properties": { "ID": 3033062400000, "正式名称": "くすの木デンタルクリニック", "機関区分": 3, "都道府県コード": 30, "市区町村コード": 201, "所在地": "和歌山県和歌山市島崎町５丁目３２－７", "緯度": 34.219609, "経度": 135.180045, "url": "https://www.iryou.teikyouseido.mhlw.go.jp/znk-web/juminkanja/S2430/initialize?prefCd=30&kikanCd=3062400000&kikanKbn=3", "url2": null, "内容": "くすの木デンタルクリニック【3:歯科】和歌山県和歌山市島崎町５丁目３２－７" }, "geometry": { "type": "Point", "coordinates": [ 135.180045, 34.219609 ] } },
{ "type": "Feature", "properties": { "ID": 3033062500000, "正式名称": "尾崎歯科医院", "機関区分": 3, "都道府県コード": 30, "市区町村コード": 406, "所在地": "和歌山県西牟婁郡すさみ町周参見４０２６－８", "緯度": 33.550522, "経度": 135.497002, "url": "https://www.iryou.teikyouseido.mhlw.go.jp/znk-web/juminkanja/S2430/initialize?prefCd=30&kikanCd=3062500000&kikanKbn=3", "url2": null, "内容": "尾崎歯科医院【3:歯科】和歌山県西牟婁郡すさみ町周参見４０２６－８" }, "geometry": { "type": "Point", "coordinates": [ 135.497002, 33.550522 ] } },
{ "type": "Feature", "properties": { "ID": 3033062600000, "正式名称": "ふじやま歯科クリニック", "機関区分": 3, "都道府県コード": 30, "市区町村コード": 202, "所在地": "和歌山県海南市野上中３７１－１", "緯度": 34.162755, "経度": 135.285205, "url": "https://www.iryou.teikyouseido.mhlw.go.jp/znk-web/juminkanja/S2430/initialize?prefCd=30&kikanCd=3062600000&kikanKbn=3", "url2": null, "内容": "ふじやま歯科クリニック【3:歯科】和歌山県海南市野上中３７１－１" }, "geometry": { "type": "Point", "coordinates": [ 135.285205, 34.162755 ] } },
{ "type": "Feature", "properties": { "ID": 3033062700000, "正式名称": "佐々木デンタルクリニック", "機関区分": 3, "都道府県コード": 30, "市区町村コード": 201, "所在地": "和歌山県和歌山市井ノ口３２５", "緯度": 34.239052, "経度": 135.244344, "url": "https://www.iryou.teikyouseido.mhlw.go.jp/znk-web/juminkanja/S2430/initialize?prefCd=30&kikanCd=3062700000&kikanKbn=3", "url2": "http://www.sasakidentalclinic.jp", "内容": "佐々木デンタルクリニック【3:歯科】和歌山県和歌山市井ノ口３２５" }, "geometry": { "type": "Point", "coordinates": [ 135.244344, 34.239052 ] } },
{ "type": "Feature", "properties": { "ID": 3033062900000, "正式名称": "紀和歯科医院", "機関区分": 3, "都道府県コード": 30, "市区町村コード": 201, "所在地": "和歌山県和歌山市和歌浦東３丁目１番２１号", "緯度": 34.190278, "経度": 135.17549, "url": "https://www.iryou.teikyouseido.mhlw.go.jp/znk-web/juminkanja/S2430/initialize?prefCd=30&kikanCd=3062900000&kikanKbn=3", "url2": null, "内容": "紀和歯科医院【3:歯科】和歌山県和歌山市和歌浦東３丁目１番２１号" }, "geometry": { "type": "Point", "coordinates": [ 135.17549, 34.190278 ] } },
{ "type": "Feature", "properties": { "ID": 3033063000000, "正式名称": "ふぁみりあ歯科", "機関区分": 3, "都道府県コード": 30, "市区町村コード": 205, "所在地": "和歌山県御坊市藤田町藤井２１９７", "緯度": 33.90517, "経度": 135.175306, "url": "https://www.iryou.teikyouseido.mhlw.go.jp/znk-web/juminkanja/S2430/initialize?prefCd=30&kikanCd=3063000000&kikanKbn=3", "url2": null, "内容": "ふぁみりあ歯科【3:歯科】和歌山県御坊市藤田町藤井２１９７" }, "geometry": { "type": "Point", "coordinates": [ 135.175306, 33.90517 ] } },
{ "type": "Feature", "properties": { "ID": 3033063200000, "正式名称": "小西歯科クリニック", "機関区分": 3, "都道府県コード": 30, "市区町村コード": 201, "所在地": "和歌山県和歌山市東長町７丁目１２番地", "緯度": 34.223302, "経度": 135.166101, "url": "https://www.iryou.teikyouseido.mhlw.go.jp/znk-web/juminkanja/S2430/initialize?prefCd=30&kikanCd=3063200000&kikanKbn=3", "url2": "http://www.konishi-dc.net/", "内容": "小西歯科クリニック【3:歯科】和歌山県和歌山市東長町７丁目１２番地" }, "geometry": { "type": "Point", "coordinates": [ 135.166101, 34.223302 ] } },
{ "type": "Feature", "properties": { "ID": 3033063300000, "正式名称": "おかだ歯科クリニック", "機関区分": 3, "都道府県コード": 30, "市区町村コード": 203, "所在地": "和歌山県橋本市市脇一丁目４６－３", "緯度": 34.314856, "経度": 135.601088, "url": "https://www.iryou.teikyouseido.mhlw.go.jp/znk-web/juminkanja/S2430/initialize?prefCd=30&kikanCd=3063300000&kikanKbn=3", "url2": null, "内容": "おかだ歯科クリニック【3:歯科】和歌山県橋本市市脇一丁目４６－３" }, "geometry": { "type": "Point", "coordinates": [ 135.601088, 34.314856 ] } },
{ "type": "Feature", "properties": { "ID": 3033063400000, "正式名称": "はたの歯科クリニック", "機関区分": 3, "都道府県コード": 30, "市区町村コード": 203, "所在地": "和歌山県橋本市学文路２２１", "緯度": 34.297052, "経度": 135.578508, "url": "https://www.iryou.teikyouseido.mhlw.go.jp/znk-web/juminkanja/S2430/initialize?prefCd=30&kikanCd=3063400000&kikanKbn=3", "url2": null, "内容": "はたの歯科クリニック【3:歯科】和歌山県橋本市学文路２２１" }, "geometry": { "type": "Point", "coordinates": [ 135.578508, 34.297052 ] } },
{ "type": "Feature", "properties": { "ID": 3033063600000, "正式名称": "藤田歯科医院", "機関区分": 3, "都道府県コード": 30, "市区町村コード": 208, "所在地": "和歌山県紀の川市中三谷１７－２０", "緯度": 34.27205, "経度": 135.343112, "url": "https://www.iryou.teikyouseido.mhlw.go.jp/znk-web/juminkanja/S2430/initialize?prefCd=30&kikanCd=3063600000&kikanKbn=3", "url2": null, "内容": "藤田歯科医院【3:歯科】和歌山県紀の川市中三谷１７－２０" }, "geometry": { "type": "Point", "coordinates": [ 135.343112, 34.27205 ] } },
{ "type": "Feature", "properties": { "ID": 3033063700000, "正式名称": "医療法人　あなはら歯科クリニック", "機関区分": 3, "都道府県コード": 30, "市区町村コード": 201, "所在地": "和歌山県和歌山市布引５３０－２", "緯度": 34.17503, "経度": 135.186768, "url": "https://www.iryou.teikyouseido.mhlw.go.jp/znk-web/juminkanja/S2430/initialize?prefCd=30&kikanCd=3063700000&kikanKbn=3", "url2": "http://anahara-dc.com/", "内容": "医療法人　あなはら歯科クリニック【3:歯科】和歌山県和歌山市布引５３０－２" }, "geometry": { "type": "Point", "coordinates": [ 135.186768, 34.17503 ] } },
{ "type": "Feature", "properties": { "ID": 3033063900000, "正式名称": "なかの歯科医院", "機関区分": 3, "都道府県コード": 30, "市区町村コード": 390, "所在地": "和歌山県日高郡印南町印南２２７２－１", "緯度": 33.815819, "経度": 135.219337, "url": "https://www.iryou.teikyouseido.mhlw.go.jp/znk-web/juminkanja/S2430/initialize?prefCd=30&kikanCd=3063900000&kikanKbn=3", "url2": "http://www.eonet.ne.jp/~nakano-dc/", "内容": "なかの歯科医院【3:歯科】和歌山県日高郡印南町印南２２７２－１" }, "geometry": { "type": "Point", "coordinates": [ 135.219337, 33.815819 ] } },
{ "type": "Feature", "properties": { "ID": 3033064000000, "正式名称": "太地歯科", "機関区分": 3, "都道府県コード": 30, "市区町村コード": 422, "所在地": "和歌山県東牟婁郡太地町太地３２８０番地", "緯度": 33.590884, "経度": 135.944648, "url": "https://www.iryou.teikyouseido.mhlw.go.jp/znk-web/juminkanja/S2430/initialize?prefCd=30&kikanCd=3064000000&kikanKbn=3", "url2": null, "内容": "太地歯科【3:歯科】和歌山県東牟婁郡太地町太地３２８０番地" }, "geometry": { "type": "Point", "coordinates": [ 135.944648, 33.590884 ] } },
{ "type": "Feature", "properties": { "ID": 3033064400000, "正式名称": "磯野歯科医院", "機関区分": 3, "都道府県コード": 30, "市区町村コード": 208, "所在地": "和歌山県紀の川市名手市場８２番１５", "緯度": 34.274236, "経度": 135.433874, "url": "https://www.iryou.teikyouseido.mhlw.go.jp/znk-web/juminkanja/S2430/initialize?prefCd=30&kikanCd=3064400000&kikanKbn=3", "url2": null, "内容": "磯野歯科医院【3:歯科】和歌山県紀の川市名手市場８２番１５" }, "geometry": { "type": "Point", "coordinates": [ 135.433874, 34.274236 ] } },
{ "type": "Feature", "properties": { "ID": 3033064500000, "正式名称": "津守歯科クリニック", "機関区分": 3, "都道府県コード": 30, "市区町村コード": 201, "所在地": "和歌山県和歌山市土入２１－２１", "緯度": 34.253577, "経度": 135.142184, "url": "https://www.iryou.teikyouseido.mhlw.go.jp/znk-web/juminkanja/S2430/initialize?prefCd=30&kikanCd=3064500000&kikanKbn=3", "url2": "https://www.tsumori-dental.com", "内容": "津守歯科クリニック【3:歯科】和歌山県和歌山市土入２１－２１" }, "geometry": { "type": "Point", "coordinates": [ 135.142184, 34.253577 ] } },
{ "type": "Feature", "properties": { "ID": 3033064600000, "正式名称": "やま歯科診療所", "機関区分": 3, "都道府県コード": 30, "市区町村コード": 209, "所在地": "和歌山県岩出市山５９４－２", "緯度": 34.272216, "経度": 135.284672, "url": "https://www.iryou.teikyouseido.mhlw.go.jp/znk-web/juminkanja/S2430/initialize?prefCd=30&kikanCd=3064600000&kikanKbn=3", "url2": null, "内容": "やま歯科診療所【3:歯科】和歌山県岩出市山５９４－２" }, "geometry": { "type": "Point", "coordinates": [ 135.284672, 34.272216 ] } },
{ "type": "Feature", "properties": { "ID": 3033064700000, "正式名称": "川原河歯科診療所", "機関区分": 3, "都道府県コード": 30, "市区町村コード": 392, "所在地": "和歌山県日高郡日高川町川原河１２２番地の１", "緯度": 33.981108, "経度": 135.366203, "url": "https://www.iryou.teikyouseido.mhlw.go.jp/znk-web/juminkanja/S2430/initialize?prefCd=30&kikanCd=3064700000&kikanKbn=3", "url2": null, "内容": "川原河歯科診療所【3:歯科】和歌山県日高郡日高川町川原河１２２番地の１" }, "geometry": { "type": "Point", "coordinates": [ 135.366203, 33.981108 ] } },
{ "type": "Feature", "properties": { "ID": 3033064800000, "正式名称": "たかだ歯科クリニック", "機関区分": 3, "都道府県コード": 30, "市区町村コード": 201, "所在地": "和歌山県和歌山市太田２－２－１７　ＨＩＲＡＴＡ　ＳＯＵＴＨ　１Ｆ", "緯度": 34.22958, "経度": 135.196737, "url": "https://www.iryou.teikyouseido.mhlw.go.jp/znk-web/juminkanja/S2430/initialize?prefCd=30&kikanCd=3064800000&kikanKbn=3", "url2": "http://www.takada-dentalclinic.com", "内容": "たかだ歯科クリニック【3:歯科】和歌山県和歌山市太田２－２－１７　ＨＩＲＡＴＡ　ＳＯＵＴＨ　１Ｆ" }, "geometry": { "type": "Point", "coordinates": [ 135.196737, 34.22958 ] } },
{ "type": "Feature", "properties": { "ID": 3033064900000, "正式名称": "辻本歯科クリニック", "機関区分": 3, "都道府県コード": 30, "市区町村コード": 203, "所在地": "和歌山県橋本市高野口町大野２３５－１", "緯度": 34.304911, "経度": 135.548648, "url": "https://www.iryou.teikyouseido.mhlw.go.jp/znk-web/juminkanja/S2430/initialize?prefCd=30&kikanCd=3064900000&kikanKbn=3", "url2": null, "内容": "辻本歯科クリニック【3:歯科】和歌山県橋本市高野口町大野２３５－１" }, "geometry": { "type": "Point", "coordinates": [ 135.548648, 34.304911 ] } },
{ "type": "Feature", "properties": { "ID": 3033065000000, "正式名称": "たえなか歯科クリニック", "機関区分": 3, "都道府県コード": 30, "市区町村コード": 341, "所在地": "和歌山県伊都郡かつらぎ町妙寺１５１－１", "緯度": 34.301244, "経度": 135.528373, "url": "https://www.iryou.teikyouseido.mhlw.go.jp/znk-web/juminkanja/S2430/initialize?prefCd=30&kikanCd=3065000000&kikanKbn=3", "url2": null, "内容": "たえなか歯科クリニック【3:歯科】和歌山県伊都郡かつらぎ町妙寺１５１－１" }, "geometry": { "type": "Point", "coordinates": [ 135.528373, 34.301244 ] } },
{ "type": "Feature", "properties": { "ID": 3033065100000, "正式名称": "ほとみ歯科", "機関区分": 3, "都道府県コード": 30, "市区町村コード": 206, "所在地": "和歌山県田辺市上秋津２０５６－３", "緯度": 33.755357, "経度": 135.406102, "url": "https://www.iryou.teikyouseido.mhlw.go.jp/znk-web/juminkanja/S2430/initialize?prefCd=30&kikanCd=3065100000&kikanKbn=3", "url2": null, "内容": "ほとみ歯科【3:歯科】和歌山県田辺市上秋津２０５６－３" }, "geometry": { "type": "Point", "coordinates": [ 135.406102, 33.755357 ] } },
{ "type": "Feature", "properties": { "ID": 3033065200000, "正式名称": "医療法人　志学会　　ｏｋａ　ｄｅｎｔａｌ　ｃｌｉｎｉｃ", "機関区分": 3, "都道府県コード": 30, "市区町村コード": 209, "所在地": "和歌山県岩出市野上野２４２－１１", "緯度": 34.271022, "経度": 135.317919, "url": "https://www.iryou.teikyouseido.mhlw.go.jp/znk-web/juminkanja/S2430/initialize?prefCd=30&kikanCd=3065200000&kikanKbn=3", "url2": "http://www.ma-dental.com", "内容": "医療法人　志学会　　ｏｋａ　ｄｅｎｔａｌ　ｃｌｉｎｉｃ【3:歯科】和歌山県岩出市野上野２４２－１１" }, "geometry": { "type": "Point", "coordinates": [ 135.317919, 34.271022 ] } },
{ "type": "Feature", "properties": { "ID": 3033065300000, "正式名称": "ふじはら矯正歯科・小児歯科医院", "機関区分": 3, "都道府県コード": 30, "市区町村コード": 209, "所在地": "和歌山県岩出市中黒５３４－８", "緯度": 34.267744, "経度": 135.285895, "url": "https://www.iryou.teikyouseido.mhlw.go.jp/znk-web/juminkanja/S2430/initialize?prefCd=30&kikanCd=3065300000&kikanKbn=3", "url2": "http://www.dental-ortho.com", "内容": "ふじはら矯正歯科・小児歯科医院【3:歯科】和歌山県岩出市中黒５３４－８" }, "geometry": { "type": "Point", "coordinates": [ 135.285895, 34.267744 ] } },
{ "type": "Feature", "properties": { "ID": 3033065400000, "正式名称": "新宮小渕歯科・矯正歯科", "機関区分": 3, "都道府県コード": 30, "市区町村コード": 207, "所在地": "和歌山県新宮市神倉四丁目６番４６号", "緯度": 33.720593, "経度": 135.986945, "url": "https://www.iryou.teikyouseido.mhlw.go.jp/znk-web/juminkanja/S2430/initialize?prefCd=30&kikanCd=3065400000&kikanKbn=3", "url2": null, "内容": "新宮小渕歯科・矯正歯科【3:歯科】和歌山県新宮市神倉四丁目６番４６号" }, "geometry": { "type": "Point", "coordinates": [ 135.986945, 33.720593 ] } },
{ "type": "Feature", "properties": { "ID": 3033065600000, "正式名称": "医療法人隆美会　有本矯正歯科医院", "機関区分": 3, "都道府県コード": 30, "市区町村コード": 201, "所在地": "和歌山県和歌山市黒田１丁目２番２０号", "緯度": 34.232635, "経度": 135.193459, "url": "https://www.iryou.teikyouseido.mhlw.go.jp/znk-web/juminkanja/S2430/initialize?prefCd=30&kikanCd=3065600000&kikanKbn=3", "url2": "http://www.arimoto.or.jp", "内容": "医療法人隆美会　有本矯正歯科医院【3:歯科】和歌山県和歌山市黒田１丁目２番２０号" }, "geometry": { "type": "Point", "coordinates": [ 135.193459, 34.232635 ] } },
{ "type": "Feature", "properties": { "ID": 3033065900000, "正式名称": "藤田歯科", "機関区分": 3, "都道府県コード": 30, "市区町村コード": 201, "所在地": "和歌山県和歌山市北島４３３－１８", "緯度": 34.239293, "経度": 135.156714, "url": "https://www.iryou.teikyouseido.mhlw.go.jp/znk-web/juminkanja/S2430/initialize?prefCd=30&kikanCd=3065900000&kikanKbn=3", "url2": null, "内容": "藤田歯科【3:歯科】和歌山県和歌山市北島４３３－１８" }, "geometry": { "type": "Point", "coordinates": [ 135.156714, 34.239293 ] } },
{ "type": "Feature", "properties": { "ID": 3033066000000, "正式名称": "宇佐美歯科", "機関区分": 3, "都道府県コード": 30, "市区町村コード": 201, "所在地": "和歌山県和歌山市梶取２４４－１２", "緯度": 34.2488, "経度": 135.157461, "url": "https://www.iryou.teikyouseido.mhlw.go.jp/znk-web/juminkanja/S2430/initialize?prefCd=30&kikanCd=3066000000&kikanKbn=3", "url2": null, "内容": "宇佐美歯科【3:歯科】和歌山県和歌山市梶取２４４－１２" }, "geometry": { "type": "Point", "coordinates": [ 135.157461, 34.2488 ] } },
{ "type": "Feature", "properties": { "ID": 3033066100000, "正式名称": "けやき歯科クリニック", "機関区分": 3, "都道府県コード": 30, "市区町村コード": 201, "所在地": "和歌山県和歌山市七番丁２６－１　ダイワロイネット２Ｆ", "緯度": 34.23033, "経度": 135.17335, "url": "https://www.iryou.teikyouseido.mhlw.go.jp/znk-web/juminkanja/S2430/initialize?prefCd=30&kikanCd=3066100000&kikanKbn=3", "url2": "http://keyaki.dentalmall.jp/index.html", "内容": "けやき歯科クリニック【3:歯科】和歌山県和歌山市七番丁２６－１　ダイワロイネット２Ｆ" }, "geometry": { "type": "Point", "coordinates": [ 135.17335, 34.23033 ] } },
{ "type": "Feature", "properties": { "ID": 3033066200000, "正式名称": "伊都地方休日急患歯科診療所", "機関区分": 3, "都道府県コード": 30, "市区町村コード": 203, "所在地": "和歌山県橋本市東家１－３－１", "緯度": 34.315772, "経度": 135.603727, "url": "https://www.iryou.teikyouseido.mhlw.go.jp/znk-web/juminkanja/S2430/initialize?prefCd=30&kikanCd=3066200000&kikanKbn=3", "url2": "http://www.hashimoto-kouiki.jp/", "内容": "伊都地方休日急患歯科診療所【3:歯科】和歌山県橋本市東家１－３－１" }, "geometry": { "type": "Point", "coordinates": [ 135.603727, 34.315772 ] } },
{ "type": "Feature", "properties": { "ID": 3033066300000, "正式名称": "おがみ歯科クリニック", "機関区分": 3, "都道府県コード": 30, "市区町村コード": 201, "所在地": "和歌山県和歌山市秋月４６８－８", "緯度": 34.227058, "経度": 135.206684, "url": "https://www.iryou.teikyouseido.mhlw.go.jp/znk-web/juminkanja/S2430/initialize?prefCd=30&kikanCd=3066300000&kikanKbn=3", "url2": null, "内容": "おがみ歯科クリニック【3:歯科】和歌山県和歌山市秋月４６８－８" }, "geometry": { "type": "Point", "coordinates": [ 135.206684, 34.227058 ] } },
{ "type": "Feature", "properties": { "ID": 3033066500000, "正式名称": "藤田歯科", "機関区分": 3, "都道府県コード": 30, "市区町村コード": 201, "所在地": "和歌山県和歌山市小雑賀７１０", "緯度": 34.199861, "経度": 135.184795, "url": "https://www.iryou.teikyouseido.mhlw.go.jp/znk-web/juminkanja/S2430/initialize?prefCd=30&kikanCd=3066500000&kikanKbn=3", "url2": "http://www.fujita-d-e.net/", "内容": "藤田歯科【3:歯科】和歌山県和歌山市小雑賀７１０" }, "geometry": { "type": "Point", "coordinates": [ 135.184795, 34.199861 ] } },
{ "type": "Feature", "properties": { "ID": 3033066700000, "正式名称": "とよざわ歯科クリニック", "機関区分": 3, "都道府県コード": 30, "市区町村コード": 203, "所在地": "和歌山県橋本市橋本２丁目１５０８番地", "緯度": 34.315828, "経度": 135.614059, "url": "https://www.iryou.teikyouseido.mhlw.go.jp/znk-web/juminkanja/S2430/initialize?prefCd=30&kikanCd=3066700000&kikanKbn=3", "url2": null, "内容": "とよざわ歯科クリニック【3:歯科】和歌山県橋本市橋本２丁目１５０８番地" }, "geometry": { "type": "Point", "coordinates": [ 135.614059, 34.315828 ] } },
{ "type": "Feature", "properties": { "ID": 3033066800000, "正式名称": "かたおか歯科クリニック", "機関区分": 3, "都道府県コード": 30, "市区町村コード": 201, "所在地": "和歌山県和歌山市黒田１００－６", "緯度": 34.233746, "経度": 135.192876, "url": "https://www.iryou.teikyouseido.mhlw.go.jp/znk-web/juminkanja/S2430/initialize?prefCd=30&kikanCd=3066800000&kikanKbn=3", "url2": "http://www.kataoka-shikaclinic.com/", "内容": "かたおか歯科クリニック【3:歯科】和歌山県和歌山市黒田１００－６" }, "geometry": { "type": "Point", "coordinates": [ 135.192876, 34.233746 ] } },
{ "type": "Feature", "properties": { "ID": 3033067300000, "正式名称": "医療法人かわさきデンタルクリニック", "機関区分": 3, "都道府県コード": 30, "市区町村コード": 201, "所在地": "和歌山県和歌山市中５７３－１９　エスタシオン４０３", "緯度": 34.276435, "経度": 135.147433, "url": "https://www.iryou.teikyouseido.mhlw.go.jp/znk-web/juminkanja/S2430/initialize?prefCd=30&kikanCd=3067300000&kikanKbn=3", "url2": "http://www.kawasakidentalclinic.com", "内容": "医療法人かわさきデンタルクリニック【3:歯科】和歌山県和歌山市中５７３－１９　エスタシオン４０３" }, "geometry": { "type": "Point", "coordinates": [ 135.147433, 34.276435 ] } },
{ "type": "Feature", "properties": { "ID": 3033067400000, "正式名称": "医療法人　雅心会　ホワイトエッセンスわかやま歯科", "機関区分": 3, "都道府県コード": 30, "市区町村コード": 201, "所在地": "和歌山県和歌山市ふじと台２３番地イオンモール和歌山２階", "緯度": 34.275658, "経度": 135.148933, "url": "https://www.iryou.teikyouseido.mhlw.go.jp/znk-web/juminkanja/S2430/initialize?prefCd=30&kikanCd=3067400000&kikanKbn=3", "url2": "http://www.whiteessence.com/shop/wakayama-aeon/", "内容": "医療法人　雅心会　ホワイトエッセンスわかやま歯科【3:歯科】和歌山県和歌山市ふじと台２３番地イオンモール和歌山２階" }, "geometry": { "type": "Point", "coordinates": [ 135.148933, 34.275658 ] } },
{ "type": "Feature", "properties": { "ID": 3033067500000, "正式名称": "医療法人たんぽぽ会歯科和歌山院", "機関区分": 3, "都道府県コード": 30, "市区町村コード": 201, "所在地": "和歌山県和歌山市里２７番１－３", "緯度": 34.262505, "経度": 135.266101, "url": "https://www.iryou.teikyouseido.mhlw.go.jp/znk-web/juminkanja/S2430/initialize?prefCd=30&kikanCd=3067500000&kikanKbn=3", "url2": "http://www.tanpopo-wakayama.com", "内容": "医療法人たんぽぽ会歯科和歌山院【3:歯科】和歌山県和歌山市里２７番１－３" }, "geometry": { "type": "Point", "coordinates": [ 135.266101, 34.262505 ] } },
{ "type": "Feature", "properties": { "ID": 3033067700000, "正式名称": "サンゴ台デンタルセンター　いわたに", "機関区分": 3, "都道府県コード": 30, "市区町村コード": 428, "所在地": "和歌山県東牟婁郡串本町サンゴ台１０６０－２５２", "緯度": 33.482032, "経度": 135.782286, "url": "https://www.iryou.teikyouseido.mhlw.go.jp/znk-web/juminkanja/S2430/initialize?prefCd=30&kikanCd=3067700000&kikanKbn=3", "url2": null, "内容": "サンゴ台デンタルセンター　いわたに【3:歯科】和歌山県東牟婁郡串本町サンゴ台１０６０－２５２" }, "geometry": { "type": "Point", "coordinates": [ 135.782286, 33.482032 ] } },
{ "type": "Feature", "properties": { "ID": 3033067800000, "正式名称": "オリーブ歯科", "機関区分": 3, "都道府県コード": 30, "市区町村コード": 208, "所在地": "和歌山県紀の川市粉河８３７－２", "緯度": 34.270469, "経度": 135.40669, "url": "https://www.iryou.teikyouseido.mhlw.go.jp/znk-web/juminkanja/S2430/initialize?prefCd=30&kikanCd=3067800000&kikanKbn=3", "url2": "http://www.olive-shika.jp/", "内容": "オリーブ歯科【3:歯科】和歌山県紀の川市粉河８３７－２" }, "geometry": { "type": "Point", "coordinates": [ 135.40669, 34.270469 ] } },
{ "type": "Feature", "properties": { "ID": 3033067900000, "正式名称": "シバデンタルクリニック", "機関区分": 3, "都道府県コード": 30, "市区町村コード": 205, "所在地": "和歌山県御坊市湯川町小松原２４８－１０", "緯度": 33.901518, "経度": 135.164326, "url": "https://www.iryou.teikyouseido.mhlw.go.jp/znk-web/juminkanja/S2430/initialize?prefCd=30&kikanCd=3067900000&kikanKbn=3", "url2": null, "内容": "シバデンタルクリニック【3:歯科】和歌山県御坊市湯川町小松原２４８－１０" }, "geometry": { "type": "Point", "coordinates": [ 135.164326, 33.901518 ] } },
{ "type": "Feature", "properties": { "ID": 3033068000000, "正式名称": "阪中歯科", "機関区分": 3, "都道府県コード": 30, "市区町村コード": 341, "所在地": "和歌山県伊都郡かつらぎ町妙寺２７－１", "緯度": 34.299051, "経度": 135.524817, "url": "https://www.iryou.teikyouseido.mhlw.go.jp/znk-web/juminkanja/S2430/initialize?prefCd=30&kikanCd=3068000000&kikanKbn=3", "url2": null, "内容": "阪中歯科【3:歯科】和歌山県伊都郡かつらぎ町妙寺２７－１" }, "geometry": { "type": "Point", "coordinates": [ 135.524817, 34.299051 ] } },
{ "type": "Feature", "properties": { "ID": 3033068100000, "正式名称": "にしの歯科クリニック", "機関区分": 3, "都道府県コード": 30, "市区町村コード": 206, "所在地": "和歌山県田辺市稲成町字新江原３２４６", "緯度": 33.743468, "経度": 135.3768, "url": "https://www.iryou.teikyouseido.mhlw.go.jp/znk-web/juminkanja/S2430/initialize?prefCd=30&kikanCd=3068100000&kikanKbn=3", "url2": null, "内容": "にしの歯科クリニック【3:歯科】和歌山県田辺市稲成町字新江原３２４６" }, "geometry": { "type": "Point", "coordinates": [ 135.3768, 33.743468 ] } },
{ "type": "Feature", "properties": { "ID": 3033068200000, "正式名称": "こうざき西歯科クリニック", "機関区分": 3, "都道府県コード": 30, "市区町村コード": 201, "所在地": "和歌山県和歌山市神前１０５－１", "緯度": 34.216332, "経度": 135.207098, "url": "https://www.iryou.teikyouseido.mhlw.go.jp/znk-web/juminkanja/S2430/initialize?prefCd=30&kikanCd=3068200000&kikanKbn=3", "url2": "http://nishi-dent.com/", "内容": "こうざき西歯科クリニック【3:歯科】和歌山県和歌山市神前１０５－１" }, "geometry": { "type": "Point", "coordinates": [ 135.207098, 34.216332 ] } },
{ "type": "Feature", "properties": { "ID": 3033068600000, "正式名称": "石原歯科クリニック", "機関区分": 3, "都道府県コード": 30, "市区町村コード": 201, "所在地": "和歌山県和歌山市平井１２６－１", "緯度": 34.258639, "経度": 135.169334, "url": "https://www.iryou.teikyouseido.mhlw.go.jp/znk-web/juminkanja/S2430/initialize?prefCd=30&kikanCd=3068600000&kikanKbn=3", "url2": null, "内容": "石原歯科クリニック【3:歯科】和歌山県和歌山市平井１２６－１" }, "geometry": { "type": "Point", "coordinates": [ 135.169334, 34.258639 ] } },
{ "type": "Feature", "properties": { "ID": 3033068700000, "正式名称": "秋葉山デンタルオフィス", "機関区分": 3, "都道府県コード": 30, "市区町村コード": 201, "所在地": "和歌山県和歌山市秋葉町３－２", "緯度": 34.199817, "経度": 135.169604, "url": "https://www.iryou.teikyouseido.mhlw.go.jp/znk-web/juminkanja/S2430/initialize?prefCd=30&kikanCd=3068700000&kikanKbn=3", "url2": null, "内容": "秋葉山デンタルオフィス【3:歯科】和歌山県和歌山市秋葉町３－２" }, "geometry": { "type": "Point", "coordinates": [ 135.169604, 34.199817 ] } },
{ "type": "Feature", "properties": { "ID": 3033068800000, "正式名称": "オレンジ歯科", "機関区分": 3, "都道府県コード": 30, "市区町村コード": 201, "所在地": "和歌山県和歌山市黒田１４３", "緯度": 34.236219, "経度": 135.194043, "url": "https://www.iryou.teikyouseido.mhlw.go.jp/znk-web/juminkanja/S2430/initialize?prefCd=30&kikanCd=3068800000&kikanKbn=3", "url2": "http://we-love-orangeshika.com/", "内容": "オレンジ歯科【3:歯科】和歌山県和歌山市黒田１４３" }, "geometry": { "type": "Point", "coordinates": [ 135.194043, 34.236219 ] } },
{ "type": "Feature", "properties": { "ID": 3033068900000, "正式名称": "ちあき歯科", "機関区分": 3, "都道府県コード": 30, "市区町村コード": 421, "所在地": "和歌山県東牟婁郡那智勝浦町天満１丁目３３", "緯度": 33.635351, "経度": 135.933036, "url": "https://www.iryou.teikyouseido.mhlw.go.jp/znk-web/juminkanja/S2430/initialize?prefCd=30&kikanCd=3068900000&kikanKbn=3", "url2": "https://www.chiaki-dental-clinic.com", "内容": "ちあき歯科【3:歯科】和歌山県東牟婁郡那智勝浦町天満１丁目３３" }, "geometry": { "type": "Point", "coordinates": [ 135.933036, 33.635351 ] } },
{ "type": "Feature", "properties": { "ID": 3033069000000, "正式名称": "わだ歯科クリニック", "機関区分": 3, "都道府県コード": 30, "市区町村コード": 201, "所在地": "和歌山県和歌山市中島５７６番１", "緯度": 34.214296, "経度": 135.194237, "url": "https://www.iryou.teikyouseido.mhlw.go.jp/znk-web/juminkanja/S2430/initialize?prefCd=30&kikanCd=3069000000&kikanKbn=3", "url2": "http://www.wadadc.net/", "内容": "わだ歯科クリニック【3:歯科】和歌山県和歌山市中島５７６番１" }, "geometry": { "type": "Point", "coordinates": [ 135.194237, 34.214296 ] } },
{ "type": "Feature", "properties": { "ID": 3033069200000, "正式名称": "医療法人しおり　ヒルデンタルクリニック", "機関区分": 3, "都道府県コード": 30, "市区町村コード": 404, "所在地": "和歌山県西牟婁郡上富田町朝来２５８５", "緯度": 33.701222, "経度": 135.419363, "url": "https://www.iryou.teikyouseido.mhlw.go.jp/znk-web/juminkanja/S2430/initialize?prefCd=30&kikanCd=3069200000&kikanKbn=3", "url2": null, "内容": "医療法人しおり　ヒルデンタルクリニック【3:歯科】和歌山県西牟婁郡上富田町朝来２５８５" }, "geometry": { "type": "Point", "coordinates": [ 135.419363, 33.701222 ] } },
{ "type": "Feature", "properties": { "ID": 3033069400000, "正式名称": "今村歯科医院", "機関区分": 3, "都道府県コード": 30, "市区町村コード": 202, "所在地": "和歌山県海南市日方１２５－１", "緯度": 34.160616, "経度": 135.207322, "url": "https://www.iryou.teikyouseido.mhlw.go.jp/znk-web/juminkanja/S2430/initialize?prefCd=30&kikanCd=3069400000&kikanKbn=3", "url2": "http://www.eonet.ne.jp/~imamura-shika/", "内容": "今村歯科医院【3:歯科】和歌山県海南市日方１２５－１" }, "geometry": { "type": "Point", "coordinates": [ 135.207322, 34.160616 ] } },
{ "type": "Feature", "properties": { "ID": 3033069500000, "正式名称": "やぶた歯科クリニック", "機関区分": 3, "都道府県コード": 30, "市区町村コード": 201, "所在地": "和歌山県和歌山市森小手穂６８２－１４", "緯度": 34.208765, "経度": 135.225073, "url": "https://www.iryou.teikyouseido.mhlw.go.jp/znk-web/juminkanja/S2430/initialize?prefCd=30&kikanCd=3069500000&kikanKbn=3", "url2": "https://www.yabutadentalclinic.com/", "内容": "やぶた歯科クリニック【3:歯科】和歌山県和歌山市森小手穂６８２－１４" }, "geometry": { "type": "Point", "coordinates": [ 135.225073, 34.208765 ] } },
{ "type": "Feature", "properties": { "ID": 3033069600000, "正式名称": "和歌山こまつ歯科", "機関区分": 3, "都道府県コード": 30, "市区町村コード": 201, "所在地": "和歌山県和歌山市新中島６７－１", "緯度": 34.215304, "経度": 135.199265, "url": "https://www.iryou.teikyouseido.mhlw.go.jp/znk-web/juminkanja/S2430/initialize?prefCd=30&kikanCd=3069600000&kikanKbn=3", "url2": "https://wakayama-shika.com/", "内容": "和歌山こまつ歯科【3:歯科】和歌山県和歌山市新中島６７－１" }, "geometry": { "type": "Point", "coordinates": [ 135.199265, 34.215304 ] } },
{ "type": "Feature", "properties": { "ID": 3033069700000, "正式名称": "味八木歯科医院", "機関区分": 3, "都道府県コード": 30, "市区町村コード": 207, "所在地": "和歌山県新宮市神倉４丁目６－４０", "緯度": 33.720204, "経度": 135.987001, "url": "https://www.iryou.teikyouseido.mhlw.go.jp/znk-web/juminkanja/S2430/initialize?prefCd=30&kikanCd=3069700000&kikanKbn=3", "url2": null, "内容": "味八木歯科医院【3:歯科】和歌山県新宮市神倉４丁目６－４０" }, "geometry": { "type": "Point", "coordinates": [ 135.987001, 33.720204 ] } },
{ "type": "Feature", "properties": { "ID": 3033069800000, "正式名称": "カワシマ歯科クリニック", "機関区分": 3, "都道府県コード": 30, "市区町村コード": 201, "所在地": "和歌山県和歌山市直川１－４", "緯度": 34.26116, "経度": 135.208595, "url": "https://www.iryou.teikyouseido.mhlw.go.jp/znk-web/juminkanja/S2430/initialize?prefCd=30&kikanCd=3069800000&kikanKbn=3", "url2": null, "内容": "カワシマ歯科クリニック【3:歯科】和歌山県和歌山市直川１－４" }, "geometry": { "type": "Point", "coordinates": [ 135.208595, 34.26116 ] } },
{ "type": "Feature", "properties": { "ID": 3033070100000, "正式名称": "西嶋歯科クリニック", "機関区分": 3, "都道府県コード": 30, "市区町村コード": 207, "所在地": "和歌山県新宮市千穂１丁目１番４８号", "緯度": 33.725203, "経度": 135.986417, "url": "https://www.iryou.teikyouseido.mhlw.go.jp/znk-web/juminkanja/S2430/initialize?prefCd=30&kikanCd=3070100000&kikanKbn=3", "url2": null, "内容": "西嶋歯科クリニック【3:歯科】和歌山県新宮市千穂１丁目１番４８号" }, "geometry": { "type": "Point", "coordinates": [ 135.986417, 33.725203 ] } },
{ "type": "Feature", "properties": { "ID": 3033070200000, "正式名称": "おかもと歯科クリニック", "機関区分": 3, "都道府県コード": 30, "市区町村コード": 203, "所在地": "和歌山県橋本市小峰台１－３３－１０", "緯度": 34.348802, "経度": 135.623551, "url": "https://www.iryou.teikyouseido.mhlw.go.jp/znk-web/juminkanja/S2430/initialize?prefCd=30&kikanCd=3070200000&kikanKbn=3", "url2": "https://www.okamotodentalclinic.net", "内容": "おかもと歯科クリニック【3:歯科】和歌山県橋本市小峰台１－３３－１０" }, "geometry": { "type": "Point", "coordinates": [ 135.623551, 34.348802 ] } },
{ "type": "Feature", "properties": { "ID": 3033070300000, "正式名称": "すがわ歯科", "機関区分": 3, "都道府県コード": 30, "市区町村コード": 206, "所在地": "和歌山県田辺市秋津町７４２", "緯度": 33.745329, "経度": 135.387576, "url": "https://www.iryou.teikyouseido.mhlw.go.jp/znk-web/juminkanja/S2430/initialize?prefCd=30&kikanCd=3070300000&kikanKbn=3", "url2": null, "内容": "すがわ歯科【3:歯科】和歌山県田辺市秋津町７４２" }, "geometry": { "type": "Point", "coordinates": [ 135.387576, 33.745329 ] } },
{ "type": "Feature", "properties": { "ID": 3033070400000, "正式名称": "園部きらり歯科", "機関区分": 3, "都道府県コード": 30, "市区町村コード": 201, "所在地": "和歌山県和歌山市園部８６５－１", "緯度": 34.262355, "経度": 135.194347, "url": "https://www.iryou.teikyouseido.mhlw.go.jp/znk-web/juminkanja/S2430/initialize?prefCd=30&kikanCd=3070400000&kikanKbn=3", "url2": "http://www.sonobekirari-dc.com/", "内容": "園部きらり歯科【3:歯科】和歌山県和歌山市園部８６５－１" }, "geometry": { "type": "Point", "coordinates": [ 135.194347, 34.262355 ] } },
{ "type": "Feature", "properties": { "ID": 3033070500000, "正式名称": "ありだ歯科クリニック", "機関区分": 3, "都道府県コード": 30, "市区町村コード": 204, "所在地": "和歌山県有田市宮崎町４７１番２", "緯度": 34.079678, "経度": 135.108473, "url": "https://www.iryou.teikyouseido.mhlw.go.jp/znk-web/juminkanja/S2430/initialize?prefCd=30&kikanCd=3070500000&kikanKbn=3", "url2": null, "内容": "ありだ歯科クリニック【3:歯科】和歌山県有田市宮崎町４７１番２" }, "geometry": { "type": "Point", "coordinates": [ 135.108473, 34.079678 ] } },
{ "type": "Feature", "properties": { "ID": 3033070700000, "正式名称": "山本歯科医院", "機関区分": 3, "都道府県コード": 30, "市区町村コード": 201, "所在地": "和歌山県和歌山市古屋８６－３", "緯度": 34.254544, "経度": 135.11989, "url": "https://www.iryou.teikyouseido.mhlw.go.jp/znk-web/juminkanja/S2430/initialize?prefCd=30&kikanCd=3070700000&kikanKbn=3", "url2": null, "内容": "山本歯科医院【3:歯科】和歌山県和歌山市古屋８６－３" }, "geometry": { "type": "Point", "coordinates": [ 135.11989, 34.254544 ] } },
{ "type": "Feature", "properties": { "ID": 3033070900000, "正式名称": "医療法人誠友会ささの歯科おとなこども歯科クリニック", "機関区分": 3, "都道府県コード": 30, "市区町村コード": 366, "所在地": "和歌山県有田郡有田川町下津野１１０６－３", "緯度": 34.06046, "経度": 135.209966, "url": "https://www.iryou.teikyouseido.mhlw.go.jp/znk-web/juminkanja/S2430/initialize?prefCd=30&kikanCd=3070900000&kikanKbn=3", "url2": "http://www.sasano-dental.net/", "内容": "医療法人誠友会ささの歯科おとなこども歯科クリニック【3:歯科】和歌山県有田郡有田川町下津野１１０６－３" }, "geometry": { "type": "Point", "coordinates": [ 135.209966, 34.06046 ] } },
{ "type": "Feature", "properties": { "ID": 3033071000000, "正式名称": "医療法人ベルウェル　クレア歯科クリニック", "機関区分": 3, "都道府県コード": 30, "市区町村コード": 201, "所在地": "和歌山県和歌山市平井１０８－７", "緯度": 34.259966, "経度": 135.168044, "url": "https://www.iryou.teikyouseido.mhlw.go.jp/znk-web/juminkanja/S2430/initialize?prefCd=30&kikanCd=3071000000&kikanKbn=3", "url2": "http://crea.dental/", "内容": "医療法人ベルウェル　クレア歯科クリニック【3:歯科】和歌山県和歌山市平井１０８－７" }, "geometry": { "type": "Point", "coordinates": [ 135.168044, 34.259966 ] } },
{ "type": "Feature", "properties": { "ID": 3033071100000, "正式名称": "おおみち歯科クリニック", "機関区分": 3, "都道府県コード": 30, "市区町村コード": 201, "所在地": "和歌山県和歌山市直川６１３－１７", "緯度": 34.262555, "経度": 135.221253, "url": "https://www.iryou.teikyouseido.mhlw.go.jp/znk-web/juminkanja/S2430/initialize?prefCd=30&kikanCd=3071100000&kikanKbn=3", "url2": "https://www.oomichi-dental.com/", "内容": "おおみち歯科クリニック【3:歯科】和歌山県和歌山市直川６１３－１７" }, "geometry": { "type": "Point", "coordinates": [ 135.221253, 34.262555 ] } },
{ "type": "Feature", "properties": { "ID": 3033071300000, "正式名称": "ねごろ歯科口腔外科クリニック", "機関区分": 3, "都道府県コード": 30, "市区町村コード": 201, "所在地": "和歌山県和歌山市坂田４２２－２", "緯度": 34.201444, "経度": 135.203099, "url": "https://www.iryou.teikyouseido.mhlw.go.jp/znk-web/juminkanja/S2430/initialize?prefCd=30&kikanCd=3071300000&kikanKbn=3", "url2": null, "内容": "ねごろ歯科口腔外科クリニック【3:歯科】和歌山県和歌山市坂田４２２－２" }, "geometry": { "type": "Point", "coordinates": [ 135.203099, 34.201444 ] } },
{ "type": "Feature", "properties": { "ID": 3033071600000, "正式名称": "ごう歯科クリニック", "機関区分": 3, "都道府県コード": 30, "市区町村コード": 201, "所在地": "和歌山県和歌山市和田１６０－３", "緯度": 34.198945, "経度": 135.21132, "url": "https://www.iryou.teikyouseido.mhlw.go.jp/znk-web/juminkanja/S2430/initialize?prefCd=30&kikanCd=3071600000&kikanKbn=3", "url2": "https://goshika-dental.com", "内容": "ごう歯科クリニック【3:歯科】和歌山県和歌山市和田１６０－３" }, "geometry": { "type": "Point", "coordinates": [ 135.21132, 34.198945 ] } },
{ "type": "Feature", "properties": { "ID": 3033071700000, "正式名称": "川崎歯科クリニック", "機関区分": 3, "都道府県コード": 30, "市区町村コード": 201, "所在地": "和歌山県和歌山市新生町２７８－３", "緯度": 34.222886, "経度": 135.18696, "url": "https://www.iryou.teikyouseido.mhlw.go.jp/znk-web/juminkanja/S2430/initialize?prefCd=30&kikanCd=3071700000&kikanKbn=3", "url2": "https://www.kawasaki-dent.jp", "内容": "川崎歯科クリニック【3:歯科】和歌山県和歌山市新生町２７８－３" }, "geometry": { "type": "Point", "coordinates": [ 135.18696, 34.222886 ] } },
{ "type": "Feature", "properties": { "ID": 3033071800000, "正式名称": "山中歯科こども歯科クリニック", "機関区分": 3, "都道府県コード": 30, "市区町村コード": 201, "所在地": "和歌山県和歌山市市小路９１－６", "緯度": 34.257049, "経度": 135.164766, "url": "https://www.iryou.teikyouseido.mhlw.go.jp/znk-web/juminkanja/S2430/initialize?prefCd=30&kikanCd=3071800000&kikanKbn=3", "url2": "https://www.yamanaka-dc.net/", "内容": "山中歯科こども歯科クリニック【3:歯科】和歌山県和歌山市市小路９１－６" }, "geometry": { "type": "Point", "coordinates": [ 135.164766, 34.257049 ] } },
{ "type": "Feature", "properties": { "ID": 3033071900000, "正式名称": "Ｍａｓｕｄａ　Ｄｅｎｔａｌ　Ｃｌｉｎｉｃ", "機関区分": 3, "都道府県コード": 30, "市区町村コード": 209, "所在地": "和歌山県岩出市西安上９４－１", "緯度": 34.277438, "経度": 135.291366, "url": "https://www.iryou.teikyouseido.mhlw.go.jp/znk-web/juminkanja/S2430/initialize?prefCd=30&kikanCd=3071900000&kikanKbn=3", "url2": null, "内容": "Ｍａｓｕｄａ　Ｄｅｎｔａｌ　Ｃｌｉｎｉｃ【3:歯科】和歌山県岩出市西安上９４－１" }, "geometry": { "type": "Point", "coordinates": [ 135.291366, 34.277438 ] } },
{ "type": "Feature", "properties": { "ID": 3033072000000, "正式名称": "こたに歯科", "機関区分": 3, "都道府県コード": 30, "市区町村コード": 201, "所在地": "和歌山県和歌山市手平１－７－３１", "緯度": 34.219303, "経度": 135.186405, "url": "https://www.iryou.teikyouseido.mhlw.go.jp/znk-web/juminkanja/S2430/initialize?prefCd=30&kikanCd=3072000000&kikanKbn=3", "url2": "https://kotani-shika.com", "内容": "こたに歯科【3:歯科】和歌山県和歌山市手平１－７－３１" }, "geometry": { "type": "Point", "coordinates": [ 135.186405, 34.219303 ] } },
{ "type": "Feature", "properties": { "ID": 3033072200000, "正式名称": "Ｄｅｎｔａｌ　ｏｆｆｉｃｅ　Ｗ．Ｉ．Ｃ．", "機関区分": 3, "都道府県コード": 30, "市区町村コード": 201, "所在地": "和歌山県和歌山市美園町４－８１－１　ＳＯＰＨＩＡ和歌山イーストプラザ１号館４階", "緯度": 34.23083, "経度": 135.189237, "url": "https://www.iryou.teikyouseido.mhlw.go.jp/znk-web/juminkanja/S2430/initialize?prefCd=30&kikanCd=3072200000&kikanKbn=3", "url2": null, "内容": "Ｄｅｎｔａｌ　ｏｆｆｉｃｅ　Ｗ．Ｉ．Ｃ．【3:歯科】和歌山県和歌山市美園町４－８１－１　ＳＯＰＨＩＡ和歌山イーストプラザ１号館４階" }, "geometry": { "type": "Point", "coordinates": [ 135.189237, 34.23083 ] } },
{ "type": "Feature", "properties": { "ID": 3033072300000, "正式名称": "木下歯科クリニック", "機関区分": 3, "都道府県コード": 30, "市区町村コード": 201, "所在地": "和歌山県和歌山市西小二里２丁目４番８７　フェリキタス西浜１０１号", "緯度": 34.204526, "経度": 135.159491, "url": "https://www.iryou.teikyouseido.mhlw.go.jp/znk-web/juminkanja/S2430/initialize?prefCd=30&kikanCd=3072300000&kikanKbn=3", "url2": "http://kinoshita-shika-clinic.com", "内容": "木下歯科クリニック【3:歯科】和歌山県和歌山市西小二里２丁目４番８７　フェリキタス西浜１０１号" }, "geometry": { "type": "Point", "coordinates": [ 135.159491, 34.204526 ] } },
{ "type": "Feature", "properties": { "ID": 3033072400000, "正式名称": "みなみで歯科クリニック", "機関区分": 3, "都道府県コード": 30, "市区町村コード": 201, "所在地": "和歌山県和歌山市舟津町３丁目１６－３", "緯度": 34.22022, "経度": 135.159268, "url": "https://www.iryou.teikyouseido.mhlw.go.jp/znk-web/juminkanja/S2430/initialize?prefCd=30&kikanCd=3072400000&kikanKbn=3", "url2": "http://minamide-dc.com", "内容": "みなみで歯科クリニック【3:歯科】和歌山県和歌山市舟津町３丁目１６－３" }, "geometry": { "type": "Point", "coordinates": [ 135.159268, 34.22022 ] } },
{ "type": "Feature", "properties": { "ID": 3033072500000, "正式名称": "タブチ歯科クリニック", "機関区分": 3, "都道府県コード": 30, "市区町村コード": 202, "所在地": "和歌山県海南市日方１２７２－５３", "緯度": 34.155616, "経度": 135.208683, "url": "https://www.iryou.teikyouseido.mhlw.go.jp/znk-web/juminkanja/S2430/initialize?prefCd=30&kikanCd=3072500000&kikanKbn=3", "url2": "www.tabuchi-dental.com", "内容": "タブチ歯科クリニック【3:歯科】和歌山県海南市日方１２７２－５３" }, "geometry": { "type": "Point", "coordinates": [ 135.208683, 34.155616 ] } },
{ "type": "Feature", "properties": { "ID": 3033072600000, "正式名称": "あっそ歯科クリニック", "機関区分": 3, "都道府県コード": 30, "市区町村コード": 202, "所在地": "和歌山県海南市多田１３４－２", "緯度": 34.174865, "経度": 135.231904, "url": "https://www.iryou.teikyouseido.mhlw.go.jp/znk-web/juminkanja/S2430/initialize?prefCd=30&kikanCd=3072600000&kikanKbn=3", "url2": "https://www.asso-dental.jp", "内容": "あっそ歯科クリニック【3:歯科】和歌山県海南市多田１３４－２" }, "geometry": { "type": "Point", "coordinates": [ 135.231904, 34.174865 ] } },
{ "type": "Feature", "properties": { "ID": 3033072700000, "正式名称": "もり歯科クリニック", "機関区分": 3, "都道府県コード": 30, "市区町村コード": 201, "所在地": "和歌山県和歌山市木ノ本５５５－７", "緯度": 34.261854, "経度": 135.132047, "url": "https://www.iryou.teikyouseido.mhlw.go.jp/znk-web/juminkanja/S2430/initialize?prefCd=30&kikanCd=3072700000&kikanKbn=3", "url2": "https://morishikaclinic.com/", "内容": "もり歯科クリニック【3:歯科】和歌山県和歌山市木ノ本５５５－７" }, "geometry": { "type": "Point", "coordinates": [ 135.132047, 34.261854 ] } },
{ "type": "Feature", "properties": { "ID": 3033072900000, "正式名称": "さくら歯科", "機関区分": 3, "都道府県コード": 30, "市区町村コード": 208, "所在地": "和歌山県紀の川市桃山町最上１５３－１", "緯度": 34.239322, "経度": 135.343375, "url": "https://www.iryou.teikyouseido.mhlw.go.jp/znk-web/juminkanja/S2430/initialize?prefCd=30&kikanCd=3072900000&kikanKbn=3", "url2": "https://sakura-dental-cl.jp", "内容": "さくら歯科【3:歯科】和歌山県紀の川市桃山町最上１５３－１" }, "geometry": { "type": "Point", "coordinates": [ 135.343375, 34.239322 ] } },
{ "type": "Feature", "properties": { "ID": 3033073000000, "正式名称": "堀切歯科診療所", "機関区分": 3, "都道府県コード": 30, "市区町村コード": 203, "所在地": "和歌山県橋本市御幸辻２５１－２", "緯度": 34.340909, "経度": 135.60567, "url": "https://www.iryou.teikyouseido.mhlw.go.jp/znk-web/juminkanja/S2430/initialize?prefCd=30&kikanCd=3073000000&kikanKbn=3", "url2": null, "内容": "堀切歯科診療所【3:歯科】和歌山県橋本市御幸辻２５１－２" }, "geometry": { "type": "Point", "coordinates": [ 135.60567, 34.340909 ] } },
{ "type": "Feature", "properties": { "ID": 3033073100000, "正式名称": "Ｗａｋａｙａｍａ　Ｐｒｉｖａｔｅ　Ｄｅｎｔａｌ　Ｏｆｆｉｃｅ", "機関区分": 3, "都道府県コード": 30, "市区町村コード": 201, "所在地": "和歌山県和歌山市美園町５丁目１－３　池村ビル５０１", "緯度": 34.231913, "経度": 135.190154, "url": "https://www.iryou.teikyouseido.mhlw.go.jp/znk-web/juminkanja/S2430/initialize?prefCd=30&kikanCd=3073100000&kikanKbn=3", "url2": "https://www.w-private-do.com", "内容": "Ｗａｋａｙａｍａ　Ｐｒｉｖａｔｅ　Ｄｅｎｔａｌ　Ｏｆｆｉｃｅ【3:歯科】和歌山県和歌山市美園町５丁目１－３　池村ビル５０１" }, "geometry": { "type": "Point", "coordinates": [ 135.190154, 34.231913 ] } },
{ "type": "Feature", "properties": { "ID": 3033073200000, "正式名称": "医療法人慶栄会　きもと歯科クリニック", "機関区分": 3, "都道府県コード": 30, "市区町村コード": 201, "所在地": "和歌山県和歌山市木ノ本３１０－１", "緯度": 34.258728, "経度": 135.126987, "url": "https://www.iryou.teikyouseido.mhlw.go.jp/znk-web/juminkanja/S2430/initialize?prefCd=30&kikanCd=3073200000&kikanKbn=3", "url2": "https://kimoto-dentalclinic.com", "内容": "医療法人慶栄会　きもと歯科クリニック【3:歯科】和歌山県和歌山市木ノ本３１０－１" }, "geometry": { "type": "Point", "coordinates": [ 135.126987, 34.258728 ] } },
{ "type": "Feature", "properties": { "ID": 3033073300000, "正式名称": "愛須デンタルクリニック", "機関区分": 3, "都道府県コード": 30, "市区町村コード": 404, "所在地": "和歌山県西牟婁郡上富田町朝来字沖之芝７９８－３", "緯度": 33.695364, "経度": 135.428242, "url": "https://www.iryou.teikyouseido.mhlw.go.jp/znk-web/juminkanja/S2430/initialize?prefCd=30&kikanCd=3073300000&kikanKbn=3", "url2": null, "内容": "愛須デンタルクリニック【3:歯科】和歌山県西牟婁郡上富田町朝来字沖之芝７９８－３" }, "geometry": { "type": "Point", "coordinates": [ 135.428242, 33.695364 ] } },
{ "type": "Feature", "properties": { "ID": 3033073400000, "正式名称": "たにもと歯科クリニック", "機関区分": 3, "都道府県コード": 30, "市区町村コード": 205, "所在地": "和歌山県御坊市薗２６６－１５", "緯度": 33.893032, "経度": 135.155784, "url": "https://www.iryou.teikyouseido.mhlw.go.jp/znk-web/juminkanja/S2430/initialize?prefCd=30&kikanCd=3073400000&kikanKbn=3", "url2": "http://www.ninjahp.com/hp/292_dental/", "内容": "たにもと歯科クリニック【3:歯科】和歌山県御坊市薗２６６－１５" }, "geometry": { "type": "Point", "coordinates": [ 135.155784, 33.893032 ] } },
{ "type": "Feature", "properties": { "ID": 3033073500000, "正式名称": "ゆあさ歯科クリニック", "機関区分": 3, "都道府県コード": 30, "市区町村コード": 201, "所在地": "和歌山県和歌山市鷹匠町２丁目６０", "緯度": 34.221775, "経度": 135.176295, "url": "https://www.iryou.teikyouseido.mhlw.go.jp/znk-web/juminkanja/S2430/initialize?prefCd=30&kikanCd=3073500000&kikanKbn=3", "url2": "http://wakayama-yuasa.com", "内容": "ゆあさ歯科クリニック【3:歯科】和歌山県和歌山市鷹匠町２丁目６０" }, "geometry": { "type": "Point", "coordinates": [ 135.176295, 34.221775 ] } },
{ "type": "Feature", "properties": { "ID": 3033073600000, "正式名称": "上野山歯科・こども歯科", "機関区分": 3, "都道府県コード": 30, "市区町村コード": 366, "所在地": "和歌山県有田郡有田川町水尻６９９－５", "緯度": 34.049904, "経度": 135.19069, "url": "https://www.iryou.teikyouseido.mhlw.go.jp/znk-web/juminkanja/S2430/initialize?prefCd=30&kikanCd=3073600000&kikanKbn=3", "url2": "https://uenoyama-dental.com", "内容": "上野山歯科・こども歯科【3:歯科】和歌山県有田郡有田川町水尻６９９－５" }, "geometry": { "type": "Point", "coordinates": [ 135.19069, 34.049904 ] } },
{ "type": "Feature", "properties": { "ID": 3033073700000, "正式名称": "しもつ歯科クリニック", "機関区分": 3, "都道府県コード": 30, "市区町村コード": 202, "所在地": "和歌山県海南市下津町丁９２－６", "緯度": 34.121202, "経度": 135.155217, "url": "https://www.iryou.teikyouseido.mhlw.go.jp/znk-web/juminkanja/S2430/initialize?prefCd=30&kikanCd=3073700000&kikanKbn=3", "url2": "https://shimotsu.dental", "内容": "しもつ歯科クリニック【3:歯科】和歌山県海南市下津町丁９２－６" }, "geometry": { "type": "Point", "coordinates": [ 135.155217, 34.121202 ] } },
{ "type": "Feature", "properties": { "ID": 3033074000000, "正式名称": "きのかわ歯科クリニック", "機関区分": 3, "都道府県コード": 30, "市区町村コード": 208, "所在地": "和歌山県紀の川市久留壁２１－２", "緯度": 34.266213, "経度": 135.363974, "url": "https://www.iryou.teikyouseido.mhlw.go.jp/znk-web/juminkanja/S2430/initialize?prefCd=30&kikanCd=3074000000&kikanKbn=3", "url2": "https://kinokawa-dc.com/", "内容": "きのかわ歯科クリニック【3:歯科】和歌山県紀の川市久留壁２１－２" }, "geometry": { "type": "Point", "coordinates": [ 135.363974, 34.266213 ] } },
{ "type": "Feature", "properties": { "ID": 3033074100000, "正式名称": "あじさい歯科", "機関区分": 3, "都道府県コード": 30, "市区町村コード": 341, "所在地": "和歌山県伊都郡かつらぎ町妙寺４３９番９２", "緯度": 34.296412, "経度": 135.519763, "url": "https://www.iryou.teikyouseido.mhlw.go.jp/znk-web/juminkanja/S2430/initialize?prefCd=30&kikanCd=3074100000&kikanKbn=3", "url2": null, "内容": "あじさい歯科【3:歯科】和歌山県伊都郡かつらぎ町妙寺４３９番９２" }, "geometry": { "type": "Point", "coordinates": [ 135.519763, 34.296412 ] } },
{ "type": "Feature", "properties": { "ID": 3033074200000, "正式名称": "みなかた歯科クリニック", "機関区分": 3, "都道府県コード": 30, "市区町村コード": 201, "所在地": "和歌山県和歌山市梶取２３９－１", "緯度": 34.250227, "経度": 135.160025, "url": "https://www.iryou.teikyouseido.mhlw.go.jp/znk-web/juminkanja/S2430/initialize?prefCd=30&kikanCd=3074200000&kikanKbn=3", "url2": "https://www.minakata-dc.com/", "内容": "みなかた歯科クリニック【3:歯科】和歌山県和歌山市梶取２３９－１" }, "geometry": { "type": "Point", "coordinates": [ 135.160025, 34.250227 ] } },
{ "type": "Feature", "properties": { "ID": 3033074300000, "正式名称": "やまもと歯科", "機関区分": 3, "都道府県コード": 30, "市区町村コード": 201, "所在地": "和歌山県和歌山市口須佐１番１", "緯度": 34.205834, "経度": 135.251372, "url": "https://www.iryou.teikyouseido.mhlw.go.jp/znk-web/juminkanja/S2430/initialize?prefCd=30&kikanCd=3074300000&kikanKbn=3", "url2": "https://www.yamamotodc.info/", "内容": "やまもと歯科【3:歯科】和歌山県和歌山市口須佐１番１" }, "geometry": { "type": "Point", "coordinates": [ 135.251372, 34.205834 ] } },
{ "type": "Feature", "properties": { "ID": 3033074400000, "正式名称": "たなか歯科クリニック", "機関区分": 3, "都道府県コード": 30, "市区町村コード": 206, "所在地": "和歌山県田辺市たきない町２１－３３", "緯度": 33.700687, "経度": 135.401258, "url": "https://www.iryou.teikyouseido.mhlw.go.jp/znk-web/juminkanja/S2430/initialize?prefCd=30&kikanCd=3074400000&kikanKbn=3", "url2": "https://dc-tanaka.net/", "内容": "たなか歯科クリニック【3:歯科】和歌山県田辺市たきない町２１－３３" }, "geometry": { "type": "Point", "coordinates": [ 135.401258, 33.700687 ] } },
{ "type": "Feature", "properties": { "ID": 3033074700000, "正式名称": "医療法人　千尋会　アリス歯科クリニック", "機関区分": 3, "都道府県コード": 30, "市区町村コード": 201, "所在地": "和歌山県和歌山市鳴神７５５－１", "緯度": 34.237691, "経度": 135.209541, "url": "https://www.iryou.teikyouseido.mhlw.go.jp/znk-web/juminkanja/S2430/initialize?prefCd=30&kikanCd=3074700000&kikanKbn=3", "url2": "https://alice-shika.com/", "内容": "医療法人　千尋会　アリス歯科クリニック【3:歯科】和歌山県和歌山市鳴神７５５－１" }, "geometry": { "type": "Point", "coordinates": [ 135.209541, 34.237691 ] } },
{ "type": "Feature", "properties": { "ID": 3033074800000, "正式名称": "フクロウのもり　こども歯科クリニック", "機関区分": 3, "都道府県コード": 30, "市区町村コード": 201, "所在地": "和歌山県和歌山市西高松２丁目７－８", "緯度": 34.205776, "経度": 135.170907, "url": "https://www.iryou.teikyouseido.mhlw.go.jp/znk-web/juminkanja/S2430/initialize?prefCd=30&kikanCd=3074800000&kikanKbn=3", "url2": null, "内容": "フクロウのもり　こども歯科クリニック【3:歯科】和歌山県和歌山市西高松２丁目７－８" }, "geometry": { "type": "Point", "coordinates": [ 135.170907, 34.205776 ] } },
{ "type": "Feature", "properties": { "ID": 3033074900000, "正式名称": "なかにし歯科医院", "機関区分": 3, "都道府県コード": 30, "市区町村コード": 366, "所在地": "和歌山県有田郡有田川町下津野８５４－１", "緯度": 34.064417, "経度": 135.20928, "url": "https://www.iryou.teikyouseido.mhlw.go.jp/znk-web/juminkanja/S2430/initialize?prefCd=30&kikanCd=3074900000&kikanKbn=3", "url2": null, "内容": "なかにし歯科医院【3:歯科】和歌山県有田郡有田川町下津野８５４－１" }, "geometry": { "type": "Point", "coordinates": [ 135.20928, 34.064417 ] } },
{ "type": "Feature", "properties": { "ID": 3033075000000, "正式名称": "小島ホワイト歯科クリニック", "機関区分": 3, "都道府県コード": 30, "市区町村コード": 201, "所在地": "和歌山県和歌山市栄谷４４７－１", "緯度": 34.259631, "経度": 135.161321, "url": "https://www.iryou.teikyouseido.mhlw.go.jp/znk-web/juminkanja/S2430/initialize?prefCd=30&kikanCd=3075000000&kikanKbn=3", "url2": null, "内容": "小島ホワイト歯科クリニック【3:歯科】和歌山県和歌山市栄谷４４７－１" }, "geometry": { "type": "Point", "coordinates": [ 135.161321, 34.259631 ] } },
{ "type": "Feature", "properties": { "ID": 3033075100000, "正式名称": "日高歯科医院", "機関区分": 3, "都道府県コード": 30, "市区町村コード": 428, "所在地": "和歌山県東牟婁郡串本町西向１９４－１", "緯度": 33.520445, "経度": 135.821024, "url": "https://www.iryou.teikyouseido.mhlw.go.jp/znk-web/juminkanja/S2430/initialize?prefCd=30&kikanCd=3075100000&kikanKbn=3", "url2": null, "内容": "日高歯科医院【3:歯科】和歌山県東牟婁郡串本町西向１９４－１" }, "geometry": { "type": "Point", "coordinates": [ 135.821024, 33.520445 ] } },
{ "type": "Feature", "properties": { "ID": 3033075200000, "正式名称": "中嶋歯科医院", "機関区分": 3, "都道府県コード": 30, "市区町村コード": 209, "所在地": "和歌山県岩出市高塚２２５番地の１", "緯度": 34.257608, "経度": 135.322725, "url": "https://www.iryou.teikyouseido.mhlw.go.jp/znk-web/juminkanja/S2430/initialize?prefCd=30&kikanCd=3075200000&kikanKbn=3", "url2": "http://www.nakashima-dentaloffice.jp", "内容": "中嶋歯科医院【3:歯科】和歌山県岩出市高塚２２５番地の１" }, "geometry": { "type": "Point", "coordinates": [ 135.322725, 34.257608 ] } },
{ "type": "Feature", "properties": { "ID": 3033075300000, "正式名称": "医療法人有真会やまにし歯科医院", "機関区分": 3, "都道府県コード": 30, "市区町村コード": 201, "所在地": "和歌山県和歌山市西庄２３５番地の１４", "緯度": 34.261986, "経度": 135.120431, "url": "https://www.iryou.teikyouseido.mhlw.go.jp/znk-web/juminkanja/S2430/initialize?prefCd=30&kikanCd=3075300000&kikanKbn=3", "url2": "https://www.yamanishi-dental.net/", "内容": "医療法人有真会やまにし歯科医院【3:歯科】和歌山県和歌山市西庄２３５番地の１４" }, "geometry": { "type": "Point", "coordinates": [ 135.120431, 34.261986 ] } },
{ "type": "Feature", "properties": { "ID": 3033075400000, "正式名称": "木田歯科医院", "機関区分": 3, "都道府県コード": 30, "市区町村コード": 203, "所在地": "和歌山県橋本市あやの台１－４４－３", "緯度": 34.338276, "経度": 135.654935, "url": "https://www.iryou.teikyouseido.mhlw.go.jp/znk-web/juminkanja/S2430/initialize?prefCd=30&kikanCd=3075400000&kikanKbn=3", "url2": null, "内容": "木田歯科医院【3:歯科】和歌山県橋本市あやの台１－４４－３" }, "geometry": { "type": "Point", "coordinates": [ 135.654935, 34.338276 ] } },
{ "type": "Feature", "properties": { "ID": 3033305200001, "正式名称": "岩出根来デンタルオフィス", "機関区分": 3, "都道府県コード": 30, "市区町村コード": 209, "所在地": "和歌山県岩出市中黒２６６－１", "緯度": 34.271475, "経度": 135.293538, "url": "https://www.iryou.teikyouseido.mhlw.go.jp/znk-web/juminkanja/S2430/initialize?prefCd=30&kikanCd=3305200001&kikanKbn=3", "url2": null, "内容": "岩出根来デンタルオフィス【3:歯科】和歌山県岩出市中黒２６６－１" }, "geometry": { "type": "Point", "coordinates": [ 135.293538, 34.271475 ] } },
{ "type": "Feature", "properties": { "ID": 3033305200002, "正式名称": "紀の川こもれび歯科医院", "機関区分": 3, "都道府県コード": 30, "市区町村コード": 208, "所在地": "和歌山県紀の川市下井阪４６６－１", "緯度": 34.258657, "経度": 135.340278, "url": "https://www.iryou.teikyouseido.mhlw.go.jp/znk-web/juminkanja/S2430/initialize?prefCd=30&kikanCd=3305200002&kikanKbn=3", "url2": "https://k-komorebi.com/", "内容": "紀の川こもれび歯科医院【3:歯科】和歌山県紀の川市下井阪４６６－１" }, "geometry": { "type": "Point", "coordinates": [ 135.340278, 34.258657 ] } }
]
}
