{
"type": "FeatureCollection",
"name": "geo_0_町丁目境界07",
"crs": { "type": "name", "properties": { "name": "urn:ogc:def:crs:EPSG::4612" } },
"features": [
{ "type": "Feature", "properties": { "CITY_NAME": "新宮市", "S_NAME": "井の沢", "JINKO": 468, "medical_area": "30_新宮医療圏", "町丁目名": "新宮市井の沢" }, "geometry": { "type": "Polygon", "coordinates": [ [ [ 135.990736779676212, 33.724941250059246 ], [ 135.992036250347638, 33.724892401655183 ], [ 135.992074896680549, 33.724621343187351 ], [ 135.992056971367106, 33.723776325412139 ], [ 135.991684748521351, 33.721885378292406 ], [ 135.99098286408389, 33.721684032306364 ], [ 135.988666049115977, 33.721817624867164 ], [ 135.989129371938986, 33.724099826189274 ], [ 135.990670008071561, 33.723933789785463 ], [ 135.990736779676212, 33.724941250059246 ] ] ] } },
{ "type": "Feature", "properties": { "CITY_NAME": "新宮市", "S_NAME": "徐福一丁目", "JINKO": 161, "medical_area": "30_新宮医療圏", "町丁目名": "新宮市徐福一丁目" }, "geometry": { "type": "Polygon", "coordinates": [ [ [ 135.996001550031508, 33.72667967046705 ], [ 135.996031229103892, 33.726384661549801 ], [ 135.996810194307926, 33.725323665661818 ], [ 135.995616170697247, 33.725584451655578 ], [ 135.993487752993786, 33.725725469351907 ], [ 135.992864210553165, 33.726522718137851 ], [ 135.993221706631061, 33.726732497965784 ], [ 135.994292463788895, 33.726918753607769 ], [ 135.994877414773498, 33.726709261581028 ], [ 135.996001550031508, 33.72667967046705 ] ] ] } },
{ "type": "Feature", "properties": { "CITY_NAME": "新宮市", "S_NAME": "徐福二丁目", "JINKO": 42, "medical_area": "30_新宮医療圏", "町丁目名": "新宮市徐福二丁目" }, "geometry": { "type": "Polygon", "coordinates": [ [ [ 135.995824719935484, 33.722713181729489 ], [ 135.996600188912566, 33.721737785780007 ], [ 135.996482977713669, 33.721575772362804 ], [ 135.996320951555333, 33.721736097402747 ], [ 135.995974690051924, 33.721455883633702 ], [ 135.995492057981153, 33.722032658440021 ], [ 135.995154448971505, 33.721857259036554 ], [ 135.99468588712233, 33.721901635083654 ], [ 135.994381364049332, 33.722282298487521 ], [ 135.994480953838746, 33.722730166024576 ], [ 135.994003346326593, 33.723856802896165 ], [ 135.994186825659511, 33.72387441540468 ], [ 135.993392904300435, 33.725728990864162 ], [ 135.995616170697247, 33.725584451655578 ], [ 135.996810194307926, 33.725323665661818 ], [ 135.997080999063286, 33.724086291582182 ], [ 135.995809686692525, 33.723977965785409 ], [ 135.996177172003883, 33.722892229525932 ], [ 135.995824719935484, 33.722713181729489 ] ] ] } },
{ "type": "Feature", "properties": { "CITY_NAME": "新宮市", "S_NAME": "新宮", "JINKO": 3823, "medical_area": "30_新宮医療圏", "町丁目名": "新宮市新宮" }, "geometry": { "type": "Polygon", "coordinates": [ [ [ 135.985366214809915, 33.735347977345484 ], [ 135.987873136479379, 33.734332272070894 ], [ 135.987130220086073, 33.731780046651764 ], [ 135.984893914074689, 33.732457937021117 ], [ 135.984647613731966, 33.73199893155082 ], [ 135.984985901395305, 33.731289349380454 ], [ 135.98340258933365, 33.731423996646541 ], [ 135.983298496537969, 33.731584726987691 ], [ 135.982778672229216, 33.731688912692128 ], [ 135.982483479711505, 33.732913965811349 ], [ 135.983159061532916, 33.733256529721878 ], [ 135.981767828471249, 33.734038657575965 ], [ 135.97812785749511, 33.73508937337548 ], [ 135.977293257074479, 33.734987098048336 ], [ 135.976343555515626, 33.734584156587239 ], [ 135.974802271325274, 33.73323071074244 ], [ 135.975383620393785, 33.7327540776269 ], [ 135.975826615034066, 33.732763034753013 ], [ 135.976604359345117, 33.733389531209639 ], [ 135.976331369977089, 33.733768453145849 ], [ 135.976419906015565, 33.734011207360901 ], [ 135.977436936857714, 33.734396268409185 ], [ 135.978110378489561, 33.734091513240202 ], [ 135.977997045989383, 33.733813114522405 ], [ 135.977522206761734, 33.733555505908228 ], [ 135.977568322026116, 33.733374762985086 ], [ 135.977968771304489, 33.733454849644481 ], [ 135.97811063735395, 33.733022510478584 ], [ 135.978576480584195, 33.733847159478607 ], [ 135.979714090845505, 33.733921437728881 ], [ 135.980103999453036, 33.73361648947099 ], [ 135.980266976510052, 33.733814872662265 ], [ 135.980825156191997, 33.733828335921359 ], [ 135.980864211261206, 33.733526294367081 ], [ 135.981317836347273, 33.733558901123445 ], [ 135.981569495635597, 33.733363534175176 ], [ 135.981566015726543, 33.733070503277183 ], [ 135.982223506519858, 33.732654572857321 ], [ 135.982110178916173, 33.732236989900294 ], [ 135.981319868506034, 33.732284218526786 ], [ 135.981767397266196, 33.731851496398477 ], [ 135.981293485199529, 33.731335246507264 ], [ 135.981884762276707, 33.73106131585228 ], [ 135.983122141156429, 33.731356198128189 ], [ 135.983175395074682, 33.730843966076336 ], [ 135.983481891920718, 33.731147459035434 ], [ 135.983609519699797, 33.73086332093456 ], [ 135.984155333378595, 33.730590924799849 ], [ 135.984160738675399, 33.730044595082276 ], [ 135.984591430331307, 33.729418435684309 ], [ 135.984474550133683, 33.729048332107446 ], [ 135.984636298740924, 33.728995943877429 ], [ 135.984650694360994, 33.728268440242381 ], [ 135.985032526421662, 33.728306791063083 ], [ 135.985034738556095, 33.72815040903027 ], [ 135.985639124509504, 33.728244283499578 ], [ 135.985739047331748, 33.727826990923617 ], [ 135.986229600900174, 33.727819699085565 ], [ 135.98629719268169, 33.727574283963229 ], [ 135.986682502161159, 33.727571068432844 ], [ 135.986654236498993, 33.726881016191093 ], [ 135.984618517502582, 33.727032879335283 ], [ 135.983700592222363, 33.726722400314905 ], [ 135.983892048976401, 33.726124228685606 ], [ 135.983899553242821, 33.724529417671661 ], [ 135.983803343232836, 33.723762290583196 ], [ 135.983424280956285, 33.722901580123029 ], [ 135.983555556391877, 33.722561501253722 ], [ 135.983415346011867, 33.722160104567479 ], [ 135.982516464592123, 33.721394564056368 ], [ 135.98066539887509, 33.721097746164311 ], [ 135.979297647493894, 33.720584720518033 ], [ 135.978547912819266, 33.71981185190549 ], [ 135.978983688886387, 33.71920696760538 ], [ 135.979065597430662, 33.718551167757553 ], [ 135.978506035581404, 33.717955421430588 ], [ 135.978999927659913, 33.717731354669795 ], [ 135.979225462532185, 33.718183204909522 ], [ 135.979493644345553, 33.718314831644875 ], [ 135.980795036894335, 33.718138499773737 ], [ 135.981360728761956, 33.718597720521373 ], [ 135.982019853135597, 33.718775182943865 ], [ 135.981803847653509, 33.718513532904346 ], [ 135.982139926977339, 33.718023162731519 ], [ 135.983105791725251, 33.717923120186867 ], [ 135.983475682474108, 33.717733396238295 ], [ 135.983825499525778, 33.717141306091513 ], [ 135.984448041014502, 33.71703120816764 ], [ 135.984546893478466, 33.71718421955223 ], [ 135.984433351686164, 33.717349462233699 ], [ 135.984707935689556, 33.717722833679915 ], [ 135.985687763210393, 33.71834998937949 ], [ 135.986016852236418, 33.71832747432493 ], [ 135.986395806624444, 33.718594477653454 ], [ 135.986375913846587, 33.718143789993931 ], [ 135.985619799585237, 33.717475098138657 ], [ 135.985531978384046, 33.717046522867307 ], [ 135.985142043912049, 33.71659524033732 ], [ 135.985219186560613, 33.714537502445225 ], [ 135.985048634111735, 33.714220359033355 ], [ 135.985428165364169, 33.713984693000036 ], [ 135.986602695574561, 33.714303605042339 ], [ 135.986188943013019, 33.713791179882421 ], [ 135.986220320966908, 33.713523644970252 ], [ 135.987424970912286, 33.713561488246931 ], [ 135.987752218897612, 33.713814676930532 ], [ 135.987852908404818, 33.714158298917077 ], [ 135.988096875568459, 33.714134645725899 ], [ 135.989395095166287, 33.712922133201765 ], [ 135.991610664289908, 33.714698627402903 ], [ 135.992416336119533, 33.714182736295101 ], [ 135.994092044986985, 33.714833369298397 ], [ 135.994302714455642, 33.71616542606624 ], [ 135.995671509610958, 33.71780489594537 ], [ 135.996802340271842, 33.717419997349012 ], [ 136.000872150489386, 33.71476641999169 ], [ 136.003047353103511, 33.71440301447646 ], [ 135.997859809124861, 33.70859486907122 ], [ 135.996106727057196, 33.706324458447838 ], [ 135.994478886727023, 33.704042471543566 ], [ 135.992607403460454, 33.700642426909511 ], [ 135.990583454310411, 33.70085943227987 ], [ 135.989677932813038, 33.701317239913358 ], [ 135.986185254751859, 33.701963335378956 ], [ 135.98404677406694, 33.701900986125047 ], [ 135.983578945555962, 33.701601979757072 ], [ 135.982742290887614, 33.701472961013884 ], [ 135.982467046581831, 33.701675366327599 ], [ 135.982665115459014, 33.702167627684737 ], [ 135.98191109401759, 33.701721213915128 ], [ 135.98163534151152, 33.701843879079931 ], [ 135.981331596511723, 33.70111125944414 ], [ 135.980747237997946, 33.701023260938243 ], [ 135.980665240931472, 33.701960943937081 ], [ 135.977417495814308, 33.708249083871955 ], [ 135.975485899274901, 33.708471040158933 ], [ 135.974509221780409, 33.709660180203862 ], [ 135.974778849812424, 33.709973416261619 ], [ 135.974788041073168, 33.710884787194637 ], [ 135.975175241076471, 33.711880340374606 ], [ 135.974567194937862, 33.712651844197744 ], [ 135.975034778274875, 33.713571484351291 ], [ 135.97514515092243, 33.71437595280085 ], [ 135.974848347179801, 33.714749801492431 ], [ 135.974807578274152, 33.71588757203083 ], [ 135.974936944870507, 33.716279676912592 ], [ 135.97472376564275, 33.716601837077008 ], [ 135.975011238244917, 33.717817298231644 ], [ 135.974952638302739, 33.718340669898502 ], [ 135.975303113253517, 33.71929902839215 ], [ 135.975848615867392, 33.719671345193234 ], [ 135.975954300422188, 33.720020334262827 ], [ 135.97660562642875, 33.720225155973893 ], [ 135.976872097818443, 33.720481753064952 ], [ 135.975511217333292, 33.721027008339149 ], [ 135.975352139349582, 33.722946663115792 ], [ 135.976650091699639, 33.723501562346904 ], [ 135.977003961383787, 33.724130249747176 ], [ 135.977129113740062, 33.725104061898598 ], [ 135.976889091806129, 33.726358308969111 ], [ 135.976309748270978, 33.727747882271089 ], [ 135.975107141208326, 33.728943325497113 ], [ 135.972890127591313, 33.730615988932527 ], [ 135.972384562126848, 33.731568103565493 ], [ 135.97211856576169, 33.73302871065107 ], [ 135.972601241064893, 33.734609646699852 ], [ 135.97305476325721, 33.735068873259387 ], [ 135.974408184799728, 33.735694652108492 ], [ 135.979073629771904, 33.736863347159506 ], [ 135.982264170546415, 33.736324497521942 ], [ 135.985366214809915, 33.735347977345484 ] ] ] } },
{ "type": "Feature", "properties": { "CITY_NAME": "新宮市", "S_NAME": "新宮", "JINKO": 0, "medical_area": "30_新宮医療圏", "町丁目名": "新宮市新宮" }, "geometry": { "type": "Polygon", "coordinates": [ [ [ 135.993393458921616, 33.729578881742569 ], [ 135.993628397683125, 33.729448991737371 ], [ 135.992883176584257, 33.728983231375395 ], [ 135.993382436307542, 33.728555381959573 ], [ 135.993383819770884, 33.728079904664597 ], [ 135.992973248944764, 33.728067220661593 ], [ 135.992948559902175, 33.726967628689977 ], [ 135.993221706631061, 33.726732497965784 ], [ 135.992864210553165, 33.726522718137851 ], [ 135.992053854597799, 33.727704853980619 ], [ 135.991729992894335, 33.726957320308138 ], [ 135.991395273110072, 33.726813892557438 ], [ 135.989330606577198, 33.726691955734992 ], [ 135.98872016068853, 33.726509905602306 ], [ 135.987753582814435, 33.726614812431094 ], [ 135.987714261547524, 33.727213426091957 ], [ 135.987924625499744, 33.727248095751769 ], [ 135.988098279893563, 33.727908310028674 ], [ 135.988955287783739, 33.72767806814894 ], [ 135.989016780612531, 33.727839466991739 ], [ 135.989417129363829, 33.727748417402218 ], [ 135.989755130748421, 33.728688990580807 ], [ 135.990408978599817, 33.728453743895336 ], [ 135.990859151567349, 33.729441893744919 ], [ 135.989707844250432, 33.729815608984168 ], [ 135.991190153739893, 33.732942501814883 ], [ 135.993792464462302, 33.73203993450808 ], [ 135.99317333445174, 33.730932321402051 ], [ 135.993102229370493, 33.730256233401377 ], [ 135.993393458921616, 33.729578881742569 ] ] ] } },
{ "type": "Feature", "properties": { "CITY_NAME": "新宮市", "S_NAME": "相筋一丁目", "JINKO": 150, "medical_area": "30_新宮医療圏", "町丁目名": "新宮市相筋一丁目" }, "geometry": { "type": "Polygon", "coordinates": [ [ [ 135.980787827272678, 33.734389456866388 ], [ 135.983159061532916, 33.733256529721878 ], [ 135.982483479711505, 33.732913965811349 ], [ 135.982778672229216, 33.731688912692128 ], [ 135.984013638295693, 33.731350107975018 ], [ 135.984032412443838, 33.731057644227967 ], [ 135.983790076315785, 33.730842210361565 ], [ 135.983609519699797, 33.73086332093456 ], [ 135.983439363129747, 33.731150412280741 ], [ 135.98314350413699, 33.730858754988084 ], [ 135.983168215866158, 33.731323661228316 ], [ 135.98301936875319, 33.731382812026098 ], [ 135.981884762276707, 33.73106131585228 ], [ 135.981293485199529, 33.731335246507264 ], [ 135.981767397266196, 33.731851496398477 ], [ 135.981319868506034, 33.73228421852675 ], [ 135.982110178916173, 33.732236989900294 ], [ 135.982223506519858, 33.732654572857292 ], [ 135.981566015726543, 33.733070503277169 ], [ 135.981569495635597, 33.733363534175176 ], [ 135.981317836347273, 33.733558901123445 ], [ 135.980864211261206, 33.733526294367081 ], [ 135.980853514554838, 33.733795796586456 ], [ 135.980573003701579, 33.733792094598378 ], [ 135.980565285974848, 33.734000313885204 ], [ 135.980787827272678, 33.734389456866388 ] ] ] } },
{ "type": "Feature", "properties": { "CITY_NAME": "新宮市", "S_NAME": "相筋二丁目", "JINKO": 355, "medical_area": "30_新宮医療圏", "町丁目名": "新宮市相筋二丁目" }, "geometry": { "type": "Polygon", "coordinates": [ [ [ 135.978709113139445, 33.73498577717465 ], [ 135.980787827272678, 33.734389456866388 ], [ 135.980573003701579, 33.733792094598378 ], [ 135.980266976510052, 33.733814872662265 ], [ 135.980103999453036, 33.73361648947099 ], [ 135.979714090845505, 33.733921437728881 ], [ 135.978576480584195, 33.733847159478607 ], [ 135.97811063735395, 33.733022510478584 ], [ 135.977968771304489, 33.733454849644481 ], [ 135.977568322026116, 33.733374762985086 ], [ 135.977522206761734, 33.733555505908228 ], [ 135.977997045989383, 33.733813114522405 ], [ 135.978110378489561, 33.734091513240202 ], [ 135.977436936857714, 33.734396268409185 ], [ 135.976419906015565, 33.734011207360901 ], [ 135.976331369977089, 33.733768453145849 ], [ 135.976604359345117, 33.733389531209617 ], [ 135.975826615034066, 33.732763034753013 ], [ 135.975383620393785, 33.7327540776269 ], [ 135.974802271325274, 33.73323071074244 ], [ 135.976095511637396, 33.734433088246035 ], [ 135.977585621759459, 33.735068434836535 ], [ 135.978709113139445, 33.73498577717465 ] ] ] } },
{ "type": "Feature", "properties": { "CITY_NAME": "新宮市", "S_NAME": "あけぼの", "JINKO": 45, "medical_area": "30_新宮医療圏", "町丁目名": "新宮市あけぼの" }, "geometry": { "type": "Polygon", "coordinates": [ [ [ 136.004712662407172, 33.728246963173092 ], [ 136.0108887861509, 33.726777442749309 ], [ 136.011269787489539, 33.727304016447277 ], [ 136.012034925328294, 33.727645712834303 ], [ 136.012822641941597, 33.727476003473484 ], [ 136.012961765892584, 33.727017137424077 ], [ 136.012476023325547, 33.726130911595845 ], [ 136.012368961942826, 33.724741413778304 ], [ 136.010750026242476, 33.722506508084678 ], [ 136.009492557886745, 33.72300295230027 ], [ 136.00894750929433, 33.722725331180811 ], [ 136.00811069382371, 33.723260899662954 ], [ 136.005310111372921, 33.720437719428496 ], [ 136.004218931648325, 33.722160065947989 ], [ 136.003111754484735, 33.72308036690206 ], [ 136.002608416711723, 33.724805630379258 ], [ 136.001709489379124, 33.72540723662263 ], [ 136.001151471650644, 33.726220852488346 ], [ 136.004712662407172, 33.728246963173092 ] ] ] } },
{ "type": "Feature", "properties": { "CITY_NAME": "新宮市", "S_NAME": "阿須賀一丁目", "JINKO": 59, "medical_area": "30_新宮医療圏", "町丁目名": "新宮市阿須賀一丁目" }, "geometry": { "type": "Polygon", "coordinates": [ [ [ 135.998929372048025, 33.727951794821742 ], [ 135.998079311982963, 33.72776443741197 ], [ 135.996133978757143, 33.727820112481155 ], [ 135.996086653509707, 33.729192160967045 ], [ 135.996821946249867, 33.731054602413145 ], [ 136.00025405142199, 33.729833511875967 ], [ 135.998929372048025, 33.727951794821742 ] ] ] } },
{ "type": "Feature", "properties": { "CITY_NAME": "新宮市", "S_NAME": "阿須賀二丁目", "JINKO": 219, "medical_area": "30_新宮医療圏", "町丁目名": "新宮市阿須賀二丁目" }, "geometry": { "type": "Polygon", "coordinates": [ [ [ 135.996133978757143, 33.727820112481155 ], [ 135.998072600028109, 33.727783033963519 ], [ 135.998438280971101, 33.726452113405784 ], [ 135.996012343842494, 33.726483702175187 ], [ 135.996133978757143, 33.727820112481155 ] ] ] } },
{ "type": "Feature", "properties": { "CITY_NAME": "新宮市", "S_NAME": "池田一丁目", "JINKO": 111, "medical_area": "30_新宮医療圏", "町丁目名": "新宮市池田一丁目" }, "geometry": { "type": "Polygon", "coordinates": [ [ [ 135.996821946249867, 33.731054602413145 ], [ 135.996086653509707, 33.729192160967045 ], [ 135.996127940558353, 33.728226276807035 ], [ 135.994588325503429, 33.728254041166835 ], [ 135.994544966569094, 33.729280361829751 ], [ 135.99387491496492, 33.729334175547109 ], [ 135.993393458921616, 33.729578881742569 ], [ 135.993135323976077, 33.730090417111228 ], [ 135.993252729331601, 33.731197601052791 ], [ 135.993792464462302, 33.73203993450808 ], [ 135.996821946249867, 33.731054602413145 ] ] ] } },
{ "type": "Feature", "properties": { "CITY_NAME": "新宮市", "S_NAME": "池田二丁目", "JINKO": 69, "medical_area": "30_新宮医療圏", "町丁目名": "新宮市池田二丁目" }, "geometry": { "type": "Polygon", "coordinates": [ [ [ 135.996127940558353, 33.728226276807035 ], [ 135.99609056243446, 33.727420992851087 ], [ 135.994542359825516, 33.727482285357382 ], [ 135.994588325503429, 33.728254041166835 ], [ 135.996127940558353, 33.728226276807035 ] ] ] } },
{ "type": "Feature", "properties": { "CITY_NAME": "新宮市", "S_NAME": "池田三丁目", "JINKO": 86, "medical_area": "30_新宮医療圏", "町丁目名": "新宮市池田三丁目" }, "geometry": { "type": "Polygon", "coordinates": [ [ [ 135.99609056243446, 33.727420992851087 ], [ 135.996001550031508, 33.72667967046705 ], [ 135.994877414773498, 33.726709261581028 ], [ 135.994508282029443, 33.726859301612571 ], [ 135.994542359825516, 33.727482285357382 ], [ 135.99609056243446, 33.727420992851087 ] ] ] } },
{ "type": "Feature", "properties": { "CITY_NAME": "新宮市", "S_NAME": "磐盾", "JINKO": 492, "medical_area": "30_新宮医療圏", "町丁目名": "新宮市磐盾" }, "geometry": { "type": "Polygon", "coordinates": [ [ [ 135.983811395748546, 33.721913604648556 ], [ 135.983791091693405, 33.72132935407739 ], [ 135.984356137302171, 33.721485239307391 ], [ 135.984622593670167, 33.720087554398134 ], [ 135.98439603614176, 33.719877893593569 ], [ 135.984205804762126, 33.720199368276312 ], [ 135.984011611890281, 33.720093119034551 ], [ 135.983482480253997, 33.719714500525477 ], [ 135.982969542662289, 33.719055806283301 ], [ 135.979760598773737, 33.719424049606829 ], [ 135.978554415918609, 33.719739580197832 ], [ 135.979685701463779, 33.720836540865108 ], [ 135.982516464592123, 33.721394564056354 ], [ 135.983300606087198, 33.72200384883412 ], [ 135.983811395748546, 33.721913604648556 ] ] ] } },
{ "type": "Feature", "properties": { "CITY_NAME": "新宮市", "S_NAME": "浮島", "JINKO": 224, "medical_area": "30_新宮医療圏", "町丁目名": "新宮市浮島" }, "geometry": { "type": "Polygon", "coordinates": [ [ [ 135.992036250347638, 33.724892401655183 ], [ 135.989814460455761, 33.725055330475108 ], [ 135.988685089482516, 33.725413404664252 ], [ 135.989109854898487, 33.725818888845076 ], [ 135.989244281824313, 33.726680681223193 ], [ 135.991395273110072, 33.726813892557438 ], [ 135.992036250347638, 33.724892401655183 ] ] ] } },
{ "type": "Feature", "properties": { "CITY_NAME": "新宮市", "S_NAME": "王子町一丁目", "JINKO": 577, "medical_area": "30_新宮医療圏", "町丁目名": "新宮市王子町一丁目" }, "geometry": { "type": "Polygon", "coordinates": [ [ [ 136.001515746352425, 33.714884462938649 ], [ 136.001231942972652, 33.714691320483183 ], [ 136.00125410385786, 33.715402637112504 ], [ 136.001032733267749, 33.716096631766447 ], [ 135.999186958513519, 33.718467308558303 ], [ 135.999779056514114, 33.718698204905408 ], [ 136.000034173279289, 33.719316112082659 ], [ 136.000737482048635, 33.719796222360351 ], [ 136.000636710781947, 33.719981204415149 ], [ 136.001600506390702, 33.720151640770155 ], [ 136.001666243857443, 33.719576274264377 ], [ 136.001906477073675, 33.719256743558894 ], [ 136.001931325897459, 33.718625025173019 ], [ 136.001745361029691, 33.718179983272968 ], [ 136.002391468986986, 33.717128834898055 ], [ 136.001391683280019, 33.714993227953087 ], [ 136.001515746352425, 33.714884462938649 ] ] ] } },
{ "type": "Feature", "properties": { "CITY_NAME": "新宮市", "S_NAME": "王子町二丁目", "JINKO": 321, "medical_area": "30_新宮医療圏", "町丁目名": "新宮市王子町二丁目" }, "geometry": { "type": "Polygon", "coordinates": [ [ [ 136.003621607668606, 33.718674399301307 ], [ 136.002326736043074, 33.71717617394404 ], [ 136.002092940056258, 33.717501480072713 ], [ 136.002128192516579, 33.717731680855771 ], [ 136.001745361029691, 33.718179983272968 ], [ 136.001931325897459, 33.718625025173019 ], [ 136.001906477073675, 33.719256743558894 ], [ 136.001666243857443, 33.719576274264377 ], [ 136.001584403550623, 33.720050769846679 ], [ 136.001979010760607, 33.720360271841834 ], [ 136.001943924985625, 33.720473542341438 ], [ 136.003257903227023, 33.720652966252551 ], [ 136.004691738461389, 33.720131059526793 ], [ 136.004324643125983, 33.719485983508058 ], [ 136.003551500608523, 33.719064224051969 ], [ 136.003621607668606, 33.718674399301307 ] ] ] } },
{ "type": "Feature", "properties": { "CITY_NAME": "新宮市", "S_NAME": "王子町三丁目", "JINKO": 286, "medical_area": "30_新宮医療圏", "町丁目名": "新宮市王子町三丁目" }, "geometry": { "type": "Polygon", "coordinates": [ [ [ 136.008894343115458, 33.722791972624989 ], [ 136.009492557886745, 33.72300295230027 ], [ 136.010750026242476, 33.722506508084678 ], [ 136.009574754856118, 33.721064843054364 ], [ 136.003047353103511, 33.71440301447646 ], [ 136.001427339976033, 33.714704276405321 ], [ 136.001515746352425, 33.714884462938649 ], [ 136.001391683280019, 33.714993227953087 ], [ 136.002154073864176, 33.716736908101531 ], [ 136.003249327459514, 33.718277834661137 ], [ 136.00355685373944, 33.718503231219124 ], [ 136.003551500608523, 33.719064224051969 ], [ 136.004324643125983, 33.719485983508058 ], [ 136.004691738461389, 33.720131059526793 ], [ 136.005191353123308, 33.720186675799248 ], [ 136.00811069382371, 33.723260899662954 ], [ 136.008894343115458, 33.722791972624989 ] ] ] } },
{ "type": "Feature", "properties": { "CITY_NAME": "新宮市", "S_NAME": "春日", "JINKO": 215, "medical_area": "30_新宮医療圏", "町丁目名": "新宮市春日" }, "geometry": { "type": "Polygon", "coordinates": [ [ [ 135.99321538077885, 33.726097115422256 ], [ 135.993970986552739, 33.724383141305367 ], [ 135.993282185339609, 33.72422886674061 ], [ 135.99335514670193, 33.723832141100964 ], [ 135.992056971367106, 33.723776325412139 ], [ 135.992036250347638, 33.724892401655183 ], [ 135.991395273110072, 33.726813892557438 ], [ 135.991729992894335, 33.726957320308138 ], [ 135.992053854597799, 33.727704853980619 ], [ 135.99321538077885, 33.726097115422256 ] ] ] } },
{ "type": "Feature", "properties": { "CITY_NAME": "新宮市", "S_NAME": "神倉一丁目", "JINKO": 445, "medical_area": "30_新宮医療圏", "町丁目名": "新宮市神倉一丁目" }, "geometry": { "type": "Polygon", "coordinates": [ [ [ 135.984306017239618, 33.724654571787319 ], [ 135.984242722418372, 33.724342927798602 ], [ 135.985488604136492, 33.724316134895346 ], [ 135.985495328832314, 33.724456878915149 ], [ 135.986568989871188, 33.724367073439119 ], [ 135.986494366604774, 33.721947663208717 ], [ 135.984571864283453, 33.72186452546589 ], [ 135.984245450570086, 33.721494947432241 ], [ 135.983791091693405, 33.72132935407739 ], [ 135.983811395748546, 33.721913604648556 ], [ 135.983300606087198, 33.72200384883412 ], [ 135.983555556391877, 33.722561501253722 ], [ 135.983424280956285, 33.722901580123029 ], [ 135.983803343232836, 33.723762290583167 ], [ 135.983887244888535, 33.724648604431465 ], [ 135.984306017239618, 33.724654571787319 ] ] ] } },
{ "type": "Feature", "properties": { "CITY_NAME": "新宮市", "S_NAME": "神倉二丁目", "JINKO": 382, "medical_area": "30_新宮医療圏", "町丁目名": "新宮市神倉二丁目" }, "geometry": { "type": "Polygon", "coordinates": [ [ [ 135.989129371938986, 33.724099826189274 ], [ 135.988666049115977, 33.721817624867164 ], [ 135.986494366604774, 33.721947663208717 ], [ 135.986568989871188, 33.724367073439119 ], [ 135.989129371938986, 33.724099826189274 ] ] ] } },
{ "type": "Feature", "properties": { "CITY_NAME": "新宮市", "S_NAME": "神倉三丁目", "JINKO": 115, "medical_area": "30_新宮医療圏", "町丁目名": "新宮市神倉三丁目" }, "geometry": { "type": "Polygon", "coordinates": [ [ [ 135.986494366604774, 33.721947663208717 ], [ 135.986970551216302, 33.71915777172579 ], [ 135.984703744958239, 33.718913861890769 ], [ 135.982969542662289, 33.719055806283301 ], [ 135.983482480253997, 33.719714500525477 ], [ 135.984011611890281, 33.720093119034551 ], [ 135.984205804762126, 33.720199368276312 ], [ 135.98439603614176, 33.719877893593569 ], [ 135.984622593670167, 33.720087554398134 ], [ 135.984356137302171, 33.721485239307391 ], [ 135.984245450570086, 33.721494947432241 ], [ 135.984415785564352, 33.721779131430687 ], [ 135.986494366604774, 33.721947663208717 ] ] ] } },
{ "type": "Feature", "properties": { "CITY_NAME": "新宮市", "S_NAME": "神倉四丁目", "JINKO": 233, "medical_area": "30_新宮医療圏", "町丁目名": "新宮市神倉四丁目" }, "geometry": { "type": "Polygon", "coordinates": [ [ [ 135.98860849501682, 33.721821002897265 ], [ 135.988303274500225, 33.719178005357008 ], [ 135.986970551216302, 33.71915777172579 ], [ 135.986494366604774, 33.721947663208717 ], [ 135.98860849501682, 33.721821002897265 ] ] ] } },
{ "type": "Feature", "properties": { "CITY_NAME": "新宮市", "S_NAME": "熊野地一丁目", "JINKO": 442, "medical_area": "30_新宮医療圏", "町丁目名": "新宮市熊野地一丁目" }, "geometry": { "type": "Polygon", "coordinates": [ [ [ 136.002608416711723, 33.724805630379258 ], [ 136.003111754484735, 33.72308036690206 ], [ 136.002141987647576, 33.723489957206581 ], [ 136.001230210588488, 33.723643132103511 ], [ 136.000061022108866, 33.723399020837867 ], [ 135.999679692948121, 33.723599365533168 ], [ 135.999240715186033, 33.724272792194689 ], [ 135.9988927232084, 33.724325065809602 ], [ 135.998630090352862, 33.725051881808504 ], [ 136.001703696776929, 33.725446261144612 ], [ 136.002608416711723, 33.724805630379258 ] ] ] } },
{ "type": "Feature", "properties": { "CITY_NAME": "新宮市", "S_NAME": "熊野地二丁目", "JINKO": 604, "medical_area": "30_新宮医療圏", "町丁目名": "新宮市熊野地二丁目" }, "geometry": { "type": "Polygon", "coordinates": [ [ [ 136.004218931648325, 33.722160065947989 ], [ 136.005357903728054, 33.720350933158066 ], [ 136.004968191821746, 33.720142171740918 ], [ 136.004218783895908, 33.720211813687236 ], [ 136.003061395217514, 33.720675235398637 ], [ 136.001437656565656, 33.720493003258611 ], [ 136.001219082473369, 33.720770266757185 ], [ 136.000801569369457, 33.722502566207581 ], [ 136.00040854605146, 33.722947907102551 ], [ 135.999930203046688, 33.72316389204925 ], [ 136.000061022108866, 33.723399020837867 ], [ 136.001230210588488, 33.723643132103511 ], [ 136.002141987647576, 33.723489957206581 ], [ 136.003076535284549, 33.723098119814551 ], [ 136.003509529043242, 33.722875362860314 ], [ 136.004218931648325, 33.722160065947989 ] ] ] } },
{ "type": "Feature", "properties": { "CITY_NAME": "新宮市", "S_NAME": "五新", "JINKO": 312, "medical_area": "30_新宮医療圏", "町丁目名": "新宮市五新" }, "geometry": { "type": "Polygon", "coordinates": [ [ [ 135.983989674731305, 33.718935054139877 ], [ 135.986970551216302, 33.71915777172579 ], [ 135.987038396458018, 33.718717374878125 ], [ 135.986606510705229, 33.718748197774794 ], [ 135.986626692164663, 33.718626052766396 ], [ 135.986255542060235, 33.718578688035073 ], [ 135.986016852236418, 33.71832747432493 ], [ 135.985687763210393, 33.71834998937949 ], [ 135.984707935689556, 33.717722833679915 ], [ 135.984433351686164, 33.717349462233699 ], [ 135.984546893478466, 33.71718421955223 ], [ 135.984448041014502, 33.71703120816764 ], [ 135.983825499525778, 33.717141306091513 ], [ 135.983475682474108, 33.717733396238295 ], [ 135.983105791725251, 33.717923120186867 ], [ 135.982139926977339, 33.718023162731519 ], [ 135.981803847653509, 33.718513532904346 ], [ 135.982019853135597, 33.718775182943865 ], [ 135.981360728761956, 33.718597720521373 ], [ 135.980795036894335, 33.718138499773737 ], [ 135.979493644345553, 33.718314831644875 ], [ 135.979225462532185, 33.718183204909522 ], [ 135.978999927659913, 33.717731354669795 ], [ 135.978506035581404, 33.717955421430588 ], [ 135.979065597430662, 33.718551167757553 ], [ 135.978983688886387, 33.71920696760538 ], [ 135.978648838147819, 33.719692258599295 ], [ 135.979760598773737, 33.719424049606829 ], [ 135.983989674731305, 33.718935054139877 ] ] ] } },
{ "type": "Feature", "properties": { "CITY_NAME": "新宮市", "S_NAME": "清水元一丁目", "JINKO": 388, "medical_area": "30_新宮医療圏", "町丁目名": "新宮市清水元一丁目" }, "geometry": { "type": "Polygon", "coordinates": [ [ [ 135.998417573297417, 33.717524667123023 ], [ 135.997559470818544, 33.716920562238272 ], [ 135.996598783040128, 33.717528197536758 ], [ 135.995737876912955, 33.717789821414591 ], [ 135.996233902265004, 33.718419006188519 ], [ 135.996341472790363, 33.718808548629148 ], [ 135.995896406155822, 33.720281626565274 ], [ 135.996085225664871, 33.720682719106094 ], [ 135.996833732852394, 33.721445733962774 ], [ 135.999186958513519, 33.718467308558303 ], [ 135.998771545897966, 33.718316287322757 ], [ 135.998417573297417, 33.717524667123023 ] ] ] } },
{ "type": "Feature", "properties": { "CITY_NAME": "新宮市", "S_NAME": "清水元二丁目", "JINKO": 394, "medical_area": "30_新宮医療圏", "町丁目名": "新宮市清水元二丁目" }, "geometry": { "type": "Polygon", "coordinates": [ [ [ 136.001220050500024, 33.715601987188414 ], [ 136.001231942972652, 33.714691320483183 ], [ 136.000872150489386, 33.71476641999169 ], [ 135.997559470818544, 33.716920562238272 ], [ 135.998417573297417, 33.717524667123023 ], [ 135.998806613544588, 33.718350098883448 ], [ 135.999186958513519, 33.718467308558303 ], [ 136.001032733267749, 33.716096631766447 ], [ 136.001220050500024, 33.715601987188414 ] ] ] } },
{ "type": "Feature", "properties": { "CITY_NAME": "新宮市", "S_NAME": "下田一丁目", "JINKO": 446, "medical_area": "30_新宮医療圏", "町丁目名": "新宮市下田一丁目" }, "geometry": { "type": "Polygon", "coordinates": [ [ [ 135.996833732852394, 33.721445733962774 ], [ 135.995896406155822, 33.720281626565274 ], [ 135.996336292610295, 33.718961970801452 ], [ 135.996084489223136, 33.718199228417802 ], [ 135.995737876912955, 33.717789821414591 ], [ 135.994381254868472, 33.718099476157732 ], [ 135.993704740291378, 33.720042532051515 ], [ 135.993567393431874, 33.720315983841594 ], [ 135.993333641988983, 33.720267234579786 ], [ 135.993168911862739, 33.720718057467785 ], [ 135.994328354576794, 33.720953208277457 ], [ 135.994292799483759, 33.721655932132933 ], [ 135.996320643407671, 33.721357123718548 ], [ 135.996600188912566, 33.721737785780007 ], [ 135.996833732852394, 33.721445733962774 ] ] ] } },
{ "type": "Feature", "properties": { "CITY_NAME": "新宮市", "S_NAME": "下田二丁目", "JINKO": 426, "medical_area": "30_新宮医療圏", "町丁目名": "新宮市下田二丁目" }, "geometry": { "type": "Polygon", "coordinates": [ [ [ 135.99394571946425, 33.716919430245007 ], [ 135.991610664289965, 33.714698627402889 ], [ 135.98966049162857, 33.716621608302781 ], [ 135.989236668836327, 33.717557193594359 ], [ 135.989811048307189, 33.717614843742297 ], [ 135.990183914667284, 33.717882680529151 ], [ 135.991602244853311, 33.718266925239845 ], [ 135.99146181391643, 33.718616170640836 ], [ 135.994751784136525, 33.718014526856024 ], [ 135.99394571946425, 33.716919430245007 ] ] ] } },
{ "type": "Feature", "properties": { "CITY_NAME": "新宮市", "S_NAME": "下田三丁目", "JINKO": 161, "medical_area": "30_新宮医療圏", "町丁目名": "新宮市下田三丁目" }, "geometry": { "type": "Polygon", "coordinates": [ [ [ 135.992416336119533, 33.714182736295065 ], [ 135.991610664289965, 33.714698627402889 ], [ 135.99394571946425, 33.716919430245007 ], [ 135.994751784136525, 33.718014526856024 ], [ 135.995671509610958, 33.71780489594537 ], [ 135.994302714455642, 33.71616542606624 ], [ 135.994092044986985, 33.71483336929839 ], [ 135.992416336119533, 33.714182736295065 ] ] ] } },
{ "type": "Feature", "properties": { "CITY_NAME": "新宮市", "S_NAME": "田鶴原町一丁目", "JINKO": 189, "medical_area": "30_新宮医療圏", "町丁目名": "新宮市田鶴原町一丁目" }, "geometry": { "type": "Polygon", "coordinates": [ [ [ 135.997819357421264, 33.720289927658143 ], [ 135.996833732852394, 33.721445733962774 ], [ 135.997648705623277, 33.722126190184149 ], [ 135.99760885743089, 33.722278906968164 ], [ 135.999565518109449, 33.72312079098598 ], [ 136.000078808988064, 33.723159379894646 ], [ 136.000625047847649, 33.722736295126474 ], [ 136.000964753311536, 33.721995949047063 ], [ 135.999084774403997, 33.72146008118839 ], [ 135.998573098344082, 33.721138736569294 ], [ 135.997819357421264, 33.720289927658143 ] ] ] } },
{ "type": "Feature", "properties": { "CITY_NAME": "新宮市", "S_NAME": "田鶴原町二丁目", "JINKO": 458, "medical_area": "30_新宮医療圏", "町丁目名": "新宮市田鶴原町二丁目" }, "geometry": { "type": "Polygon", "coordinates": [ [ [ 136.001597531736735, 33.720451296346198 ], [ 136.001943924985625, 33.720473542341438 ], [ 136.001979010760607, 33.720360271841834 ], [ 136.001525737682954, 33.72010289778212 ], [ 136.000636710781947, 33.719981204415149 ], [ 136.000737482048635, 33.719796222360351 ], [ 136.000034173279289, 33.719316112082659 ], [ 135.999779056514114, 33.718698204905408 ], [ 135.999186958513519, 33.718467308558303 ], [ 135.99775969903007, 33.720250621827937 ], [ 135.998573098344082, 33.721138736569294 ], [ 135.999084774403997, 33.72146008118839 ], [ 136.000964753311536, 33.721995949047063 ], [ 136.001251147731438, 33.720687849663967 ], [ 136.001597531736735, 33.720451296346198 ] ] ] } },
{ "type": "Feature", "properties": { "CITY_NAME": "新宮市", "S_NAME": "千穂一丁目", "JINKO": 339, "medical_area": "30_新宮医療圏", "町丁目名": "新宮市千穂一丁目" }, "geometry": { "type": "Polygon", "coordinates": [ [ [ 135.986654236498993, 33.726881016191093 ], [ 135.986568989871188, 33.724367073439119 ], [ 135.985495328832314, 33.724456878915149 ], [ 135.985488604136492, 33.724316134895346 ], [ 135.984242722418372, 33.724342927798602 ], [ 135.984306017239618, 33.724654571787319 ], [ 135.983887244888535, 33.724648604431465 ], [ 135.983844257037816, 33.724777931128074 ], [ 135.983892048976401, 33.726124228685578 ], [ 135.983700592222363, 33.726722400314891 ], [ 135.984618517502582, 33.727032879335283 ], [ 135.986654236498993, 33.726881016191093 ] ] ] } },
{ "type": "Feature", "properties": { "CITY_NAME": "新宮市", "S_NAME": "千穂二丁目", "JINKO": 227, "medical_area": "30_新宮医療圏", "町丁目名": "新宮市千穂二丁目" }, "geometry": { "type": "Polygon", "coordinates": [ [ [ 135.987705696644952, 33.727386290205125 ], [ 135.987753582814435, 33.726614812431094 ], [ 135.98872016068853, 33.726509905602306 ], [ 135.989244281824313, 33.726680681223193 ], [ 135.989109854898487, 33.725818888845076 ], [ 135.988685089482516, 33.725413404664252 ], [ 135.986601864936631, 33.725566281851137 ], [ 135.986670127906706, 33.727368194515449 ], [ 135.987705696644952, 33.727386290205125 ] ] ] } },
{ "type": "Feature", "properties": { "CITY_NAME": "新宮市", "S_NAME": "千穂三丁目", "JINKO": 320, "medical_area": "30_新宮医療圏", "町丁目名": "新宮市千穂三丁目" }, "geometry": { "type": "Polygon", "coordinates": [ [ [ 135.990736779676212, 33.724941250059246 ], [ 135.990670008071561, 33.723933789785463 ], [ 135.986568989871188, 33.724367073439119 ], [ 135.986601864936631, 33.725566281851137 ], [ 135.988544193554816, 33.725447773109394 ], [ 135.990736779676212, 33.724941250059246 ] ] ] } },
{ "type": "Feature", "properties": { "CITY_NAME": "新宮市", "S_NAME": "野田", "JINKO": 333, "medical_area": "30_新宮医療圏", "町丁目名": "新宮市野田" }, "geometry": { "type": "Polygon", "coordinates": [ [ [ 135.994381364049332, 33.722282298487521 ], [ 135.99468588712233, 33.721901635083654 ], [ 135.995154448971505, 33.721857259036554 ], [ 135.995492057981153, 33.722032658440021 ], [ 135.995974690051924, 33.721455883633702 ], [ 135.996320951555333, 33.721736097402747 ], [ 135.996482977713669, 33.721575772362804 ], [ 135.996320643407671, 33.721357123718548 ], [ 135.992173785817016, 33.721961891907036 ], [ 135.991684748521351, 33.721885378292406 ], [ 135.992056971367106, 33.723776325412139 ], [ 135.99335514670193, 33.723832141100964 ], [ 135.993282185339609, 33.72422886674061 ], [ 135.993970986552739, 33.724383141305367 ], [ 135.994186825659511, 33.72387441540468 ], [ 135.994003346326593, 33.723856802896165 ], [ 135.994480953838746, 33.722730166024576 ], [ 135.994381364049332, 33.722282298487521 ] ] ] } },
{ "type": "Feature", "properties": { "CITY_NAME": "新宮市", "S_NAME": "橋本一丁目", "JINKO": 518, "medical_area": "30_新宮医療圏", "町丁目名": "新宮市橋本一丁目" }, "geometry": { "type": "Polygon", "coordinates": [ [ [ 135.988573342949536, 33.714917986673527 ], [ 135.988740207979447, 33.713521839534025 ], [ 135.988096875568459, 33.714134645725899 ], [ 135.987852908404818, 33.714158298917077 ], [ 135.987752218897612, 33.713814676930532 ], [ 135.987424970912286, 33.713561488246931 ], [ 135.986220320966908, 33.713523644970252 ], [ 135.986188943013019, 33.713791179882421 ], [ 135.986602695574561, 33.714303605042339 ], [ 135.985428165364169, 33.713984693000036 ], [ 135.985048634111735, 33.714220359033355 ], [ 135.985219186560613, 33.714537502445225 ], [ 135.985142043912049, 33.71659524033732 ], [ 135.985531978384046, 33.717046522867307 ], [ 135.985619799585237, 33.717475098138657 ], [ 135.986375913846587, 33.718143789993931 ], [ 135.986395806624444, 33.718594477653454 ], [ 135.986626692164663, 33.718626052766396 ], [ 135.986606510705229, 33.718748197774794 ], [ 135.987038396458018, 33.718717374878125 ], [ 135.987265917165473, 33.717262346240737 ], [ 135.988573342949536, 33.714917986673527 ] ] ] } },
{ "type": "Feature", "properties": { "CITY_NAME": "新宮市", "S_NAME": "橋本二丁目", "JINKO": 499, "medical_area": "30_新宮医療圏", "町丁目名": "新宮市橋本二丁目" }, "geometry": { "type": "Polygon", "coordinates": [ [ [ 135.991610664289965, 33.714698627402889 ], [ 135.989395095166287, 33.712922133201765 ], [ 135.988740207979447, 33.713521839534025 ], [ 135.988573342949536, 33.714917986673527 ], [ 135.987265917165473, 33.717262346240737 ], [ 135.987047887668041, 33.718655668595176 ], [ 135.989037041778431, 33.717773439661293 ], [ 135.98966049162857, 33.716621608302781 ], [ 135.991610664289965, 33.714698627402889 ] ] ] } },
{ "type": "Feature", "properties": { "CITY_NAME": "新宮市", "S_NAME": "蓬莱一丁目", "JINKO": 225, "medical_area": "30_新宮医療圏", "町丁目名": "新宮市蓬莱一丁目" }, "geometry": { "type": "Polygon", "coordinates": [ [ [ 136.001703696776929, 33.725446261144612 ], [ 135.998630090352862, 33.725051881808504 ], [ 135.998079311982963, 33.72776443741197 ], [ 135.998929372048025, 33.727951794821742 ], [ 136.00025405142199, 33.729833511875967 ], [ 136.004712662407172, 33.728246963173092 ], [ 136.001151471650644, 33.726220852488346 ], [ 136.001703696776929, 33.725446261144612 ] ] ] } },
{ "type": "Feature", "properties": { "CITY_NAME": "新宮市", "S_NAME": "蓬莱二丁目", "JINKO": 188, "medical_area": "30_新宮医療圏", "町丁目名": "新宮市蓬莱二丁目" }, "geometry": { "type": "Polygon", "coordinates": [ [ [ 135.996012343842494, 33.726483702175187 ], [ 135.998438280971101, 33.726452113405784 ], [ 135.998767976447425, 33.724547239857962 ], [ 135.996810194307926, 33.725323665661818 ], [ 135.996012343842494, 33.726483702175187 ] ] ] } },
{ "type": "Feature", "properties": { "CITY_NAME": "新宮市", "S_NAME": "蓬莱三丁目", "JINKO": 336, "medical_area": "30_新宮医療圏", "町丁目名": "新宮市蓬莱三丁目" }, "geometry": { "type": "Polygon", "coordinates": [ [ [ 135.996810194307926, 33.725323665661818 ], [ 135.999240715186033, 33.724272792194689 ], [ 135.999679692948121, 33.723599365533168 ], [ 136.000061022108866, 33.723399020837867 ], [ 135.999930203046688, 33.72316389204925 ], [ 135.999335616452839, 33.723057962564312 ], [ 135.99760885743089, 33.722278906968164 ], [ 135.996810194307926, 33.725323665661818 ] ] ] } },
{ "type": "Feature", "properties": { "CITY_NAME": "新宮市", "S_NAME": "丸山", "JINKO": 150, "medical_area": "30_新宮医療圏", "町丁目名": "新宮市丸山" }, "geometry": { "type": "Polygon", "coordinates": [ [ [ 135.997648705623277, 33.722126190184149 ], [ 135.996833732852394, 33.721445733962774 ], [ 135.995824719935484, 33.722713181729489 ], [ 135.996177172003883, 33.722892229525932 ], [ 135.995809686692525, 33.723977965785409 ], [ 135.997080999063286, 33.724086291582182 ], [ 135.997648705623277, 33.722126190184149 ] ] ] } },
{ "type": "Feature", "properties": { "CITY_NAME": "新宮市", "S_NAME": "緑ケ丘一丁目", "JINKO": 510, "medical_area": "30_新宮医療圏", "町丁目名": "新宮市緑ケ丘一丁目" }, "geometry": { "type": "Polygon", "coordinates": [ [ [ 135.993168911862739, 33.720718057467785 ], [ 135.993333641988983, 33.720267234579786 ], [ 135.993567393431874, 33.720315983841594 ], [ 135.993704740291378, 33.720042532051515 ], [ 135.994381254868472, 33.718099476157732 ], [ 135.99146181391643, 33.718616170640836 ], [ 135.990658879794921, 33.720827447894891 ], [ 135.99098286408389, 33.721684032306364 ], [ 135.991684748521351, 33.721885378292406 ], [ 135.992173785817016, 33.721961891907036 ], [ 135.994292799483759, 33.721655932132933 ], [ 135.994328354576794, 33.720953208277457 ], [ 135.993168911862739, 33.720718057467785 ] ] ] } },
{ "type": "Feature", "properties": { "CITY_NAME": "新宮市", "S_NAME": "緑ケ丘二丁目", "JINKO": 131, "medical_area": "30_新宮医療圏", "町丁目名": "新宮市緑ケ丘二丁目" }, "geometry": { "type": "Polygon", "coordinates": [ [ [ 135.990658879794921, 33.720827447894891 ], [ 135.99146181391643, 33.718616170640836 ], [ 135.988303274500225, 33.719178005357008 ], [ 135.98860849501682, 33.721821002897265 ], [ 135.99098286408389, 33.721684032306364 ], [ 135.990658879794921, 33.720827447894891 ] ] ] } },
{ "type": "Feature", "properties": { "CITY_NAME": "新宮市", "S_NAME": "緑ケ丘三丁目", "JINKO": 141, "medical_area": "30_新宮医療圏", "町丁目名": "新宮市緑ケ丘三丁目" }, "geometry": { "type": "Polygon", "coordinates": [ [ [ 135.991602244853311, 33.718266925239845 ], [ 135.989236668836327, 33.717557193594359 ], [ 135.988571888416629, 33.718085188207468 ], [ 135.987765211066971, 33.71827364096216 ], [ 135.987047887668041, 33.718655668595176 ], [ 135.986970551216302, 33.71915777172579 ], [ 135.988512447731978, 33.719157871420151 ], [ 135.99146181391643, 33.718616170640836 ], [ 135.991602244853311, 33.718266925239845 ] ] ] } },
{ "type": "Feature", "properties": { "CITY_NAME": "新宮市", "S_NAME": "船町一丁目", "JINKO": 16, "medical_area": "30_新宮医療圏", "町丁目名": "新宮市船町一丁目" }, "geometry": { "type": "Polygon", "coordinates": [ [ [ 135.985760451058923, 33.732178219131789 ], [ 135.985462387000354, 33.73153015046929 ], [ 135.984905159103107, 33.73155588681383 ], [ 135.984647613731937, 33.73199893155082 ], [ 135.984893914074689, 33.732457937021117 ], [ 135.985760451058923, 33.732178219131789 ] ] ] } },
{ "type": "Feature", "properties": { "CITY_NAME": "新宮市", "S_NAME": "船町二丁目", "JINKO": 53, "medical_area": "30_新宮医療圏", "町丁目名": "新宮市船町二丁目" }, "geometry": { "type": "Polygon", "coordinates": [ [ [ 135.987130220086073, 33.731780046651764 ], [ 135.98696694724967, 33.731085640185043 ], [ 135.985498610849987, 33.731608904368485 ], [ 135.985760451058923, 33.732178219131789 ], [ 135.987130220086073, 33.731780046651764 ] ] ] } },
{ "type": "Feature", "properties": { "CITY_NAME": "新宮市", "S_NAME": "船町三丁目", "JINKO": 20, "medical_area": "30_新宮医療圏", "町丁目名": "新宮市船町三丁目" }, "geometry": { "type": "Polygon", "coordinates": [ [ [ 135.989772588215487, 33.733540485322777 ], [ 135.988510311358851, 33.730519250181672 ], [ 135.987264581824661, 33.731013950506757 ], [ 135.988713001974673, 33.733980260846465 ], [ 135.989772588215487, 33.733540485322777 ] ] ] } },
{ "type": "Feature", "properties": { "CITY_NAME": "新宮市", "S_NAME": "上本町一丁目", "JINKO": 26, "medical_area": "30_新宮医療圏", "町丁目名": "新宮市上本町一丁目" }, "geometry": { "type": "Polygon", "coordinates": [ [ [ 135.985462387000382, 33.73153015046929 ], [ 135.985287637942633, 33.730819540560738 ], [ 135.984572866926612, 33.730883157956292 ], [ 135.98453051060136, 33.731329459236456 ], [ 135.984985901395305, 33.731289349380454 ], [ 135.984905159103107, 33.731555886813823 ], [ 135.985128040720042, 33.731642545631281 ], [ 135.985462387000382, 33.73153015046929 ] ] ] } },
{ "type": "Feature", "properties": { "CITY_NAME": "新宮市", "S_NAME": "上本町二丁目", "JINKO": 42, "medical_area": "30_新宮医療圏", "町丁目名": "新宮市上本町二丁目" }, "geometry": { "type": "Polygon", "coordinates": [ [ [ 135.986966947249698, 33.731085640185029 ], [ 135.986784842677395, 33.730718495117053 ], [ 135.986548113684364, 33.730799767081159 ], [ 135.986431494980508, 33.730528619644353 ], [ 135.985287637942633, 33.730819540560738 ], [ 135.985498610849987, 33.731608904368464 ], [ 135.986966947249698, 33.731085640185029 ] ] ] } },
{ "type": "Feature", "properties": { "CITY_NAME": "新宮市", "S_NAME": "大橋通一丁目", "JINKO": 9, "medical_area": "30_新宮医療圏", "町丁目名": "新宮市大橋通一丁目" }, "geometry": { "type": "Polygon", "coordinates": [ [ [ 135.988713001974673, 33.733980260846465 ], [ 135.987085520678789, 33.730634549958175 ], [ 135.986784842677395, 33.730718495117053 ], [ 135.987873136479323, 33.734332272070894 ], [ 135.988713001974673, 33.733980260846465 ] ] ] } },
{ "type": "Feature", "properties": { "CITY_NAME": "新宮市", "S_NAME": "大橋通二丁目", "JINKO": 27, "medical_area": "30_新宮医療圏", "町丁目名": "新宮市大橋通二丁目" }, "geometry": { "type": "Polygon", "coordinates": [ [ [ 135.987268197173819, 33.730532846548272 ], [ 135.987219216182581, 33.730295601860178 ], [ 135.987029844389554, 33.730350419906728 ], [ 135.986938669488524, 33.730124414852533 ], [ 135.987254064839277, 33.730022437359167 ], [ 135.986989361586836, 33.729703609973036 ], [ 135.986340363911154, 33.729836445473317 ], [ 135.986548113684364, 33.730799767081159 ], [ 135.987268197173819, 33.730532846548272 ] ] ] } },
{ "type": "Feature", "properties": { "CITY_NAME": "新宮市", "S_NAME": "大橋通三丁目", "JINKO": 27, "medical_area": "30_新宮医療圏", "町丁目名": "新宮市大橋通三丁目" }, "geometry": { "type": "Polygon", "coordinates": [ [ [ 135.987122783594344, 33.72938117226655 ], [ 135.986927493389146, 33.729180096623267 ], [ 135.987061029528832, 33.729125443472739 ], [ 135.987027704362674, 33.728535295664841 ], [ 135.986357681884101, 33.72843657517015 ], [ 135.986412670171234, 33.72980302883137 ], [ 135.986898229304614, 33.729736138694335 ], [ 135.986855146952763, 33.729515498905783 ], [ 135.987122783594344, 33.72938117226655 ] ] ] } },
{ "type": "Feature", "properties": { "CITY_NAME": "新宮市", "S_NAME": "大橋通四丁目", "JINKO": 43, "medical_area": "30_新宮医療圏", "町丁目名": "新宮市大橋通四丁目" }, "geometry": { "type": "Polygon", "coordinates": [ [ [ 135.986962085196495, 33.728522330718356 ], [ 135.987092229389816, 33.727377801172544 ], [ 135.986670127906706, 33.727368194515449 ], [ 135.986682502161159, 33.727571068432844 ], [ 135.98629719268169, 33.727574283963229 ], [ 135.986267791281364, 33.727807444738929 ], [ 135.985962300612499, 33.727819680722519 ], [ 135.986122619174211, 33.728412569708006 ], [ 135.986962085196495, 33.728522330718356 ] ] ] } },
{ "type": "Feature", "properties": { "CITY_NAME": "新宮市", "S_NAME": "馬町一丁目", "JINKO": 22, "medical_area": "30_新宮医療圏", "町丁目名": "新宮市馬町一丁目" }, "geometry": { "type": "Polygon", "coordinates": [ [ [ 135.986122619174211, 33.728412569708006 ], [ 135.985962300612499, 33.727819680722519 ], [ 135.985739047331748, 33.727826990923617 ], [ 135.985639124509504, 33.728244283499578 ], [ 135.985034738556095, 33.728150409030235 ], [ 135.985032526421662, 33.728306791063069 ], [ 135.986122619174211, 33.728412569708006 ] ] ] } },
{ "type": "Feature", "properties": { "CITY_NAME": "新宮市", "S_NAME": "馬町二丁目", "JINKO": 36, "medical_area": "30_新宮医療圏", "町丁目名": "新宮市馬町二丁目" }, "geometry": { "type": "Polygon", "coordinates": [ [ [ 135.987763836851713, 33.728640012521794 ], [ 135.987705696644952, 33.727386290205125 ], [ 135.987092229389816, 33.727377801172551 ], [ 135.986962085196495, 33.728522330718356 ], [ 135.987763836851713, 33.728640012521794 ] ] ] } },
{ "type": "Feature", "properties": { "CITY_NAME": "新宮市", "S_NAME": "谷王子町", "JINKO": 139, "medical_area": "30_新宮医療圏", "町丁目名": "新宮市谷王子町" }, "geometry": { "type": "Polygon", "coordinates": [ [ [ 135.987763836851684, 33.728640012521794 ], [ 135.988626501875729, 33.728228400822935 ], [ 135.988826909545821, 33.728535391728315 ], [ 135.989127590747245, 33.728423687765215 ], [ 135.98897489575009, 33.728124726547314 ], [ 135.989533563755771, 33.727942925269772 ], [ 135.989417129363829, 33.727748417402196 ], [ 135.989016780612531, 33.727839466991739 ], [ 135.988955287783739, 33.727678068148911 ], [ 135.988098279893563, 33.727908310028674 ], [ 135.987924625499744, 33.727248095751769 ], [ 135.987714261547524, 33.727213426091957 ], [ 135.987763836851684, 33.728640012521794 ] ] ] } },
{ "type": "Feature", "properties": { "CITY_NAME": "新宮市", "S_NAME": "元鍛治町一丁目", "JINKO": 92, "medical_area": "30_新宮医療圏", "町丁目名": "新宮市元鍛治町一丁目" }, "geometry": { "type": "Polygon", "coordinates": [ [ [ 135.98453051060136, 33.731329459236456 ], [ 135.984572866926612, 33.730883157956292 ], [ 135.985287637942633, 33.730819540560738 ], [ 135.985280320847295, 33.730105843652161 ], [ 135.984636890743474, 33.730133967782251 ], [ 135.984741164935542, 33.729565838196962 ], [ 135.984557161943059, 33.729509096453413 ], [ 135.984160738675399, 33.730044595082276 ], [ 135.984155333378595, 33.730590924799849 ], [ 135.983790076315785, 33.730842210361565 ], [ 135.984032412443838, 33.731057644227967 ], [ 135.984013638295693, 33.731350107975018 ], [ 135.98453051060136, 33.731329459236456 ] ] ] } },
{ "type": "Feature", "properties": { "CITY_NAME": "新宮市", "S_NAME": "元鍛治町二丁目", "JINKO": 30, "medical_area": "30_新宮医療圏", "町丁目名": "新宮市元鍛治町二丁目" }, "geometry": { "type": "Polygon", "coordinates": [ [ [ 135.985287637942633, 33.730819540560738 ], [ 135.986431494980508, 33.730528619644353 ], [ 135.986433127319032, 33.72996913237823 ], [ 135.985280320847295, 33.730105843652161 ], [ 135.985287637942633, 33.730819540560738 ] ] ] } },
{ "type": "Feature", "properties": { "CITY_NAME": "新宮市", "S_NAME": "下本町一丁目", "JINKO": 34, "medical_area": "30_新宮医療圏", "町丁目名": "新宮市下本町一丁目" }, "geometry": { "type": "Polygon", "coordinates": [ [ [ 135.988510311358851, 33.730519250181651 ], [ 135.988218206635736, 33.729898929728769 ], [ 135.987219216182552, 33.730295601860199 ], [ 135.987268197173819, 33.730532846548272 ], [ 135.987069294907656, 33.730597215785004 ], [ 135.987264581824661, 33.731013950506757 ], [ 135.988510311358851, 33.730519250181651 ] ] ] } },
{ "type": "Feature", "properties": { "CITY_NAME": "新宮市", "S_NAME": "下本町二丁目", "JINKO": 34, "medical_area": "30_新宮医療圏", "町丁目名": "新宮市下本町二丁目" }, "geometry": { "type": "Polygon", "coordinates": [ [ [ 135.989856001551829, 33.729764756547439 ], [ 135.989775504448858, 33.729618519622761 ], [ 135.989234635680816, 33.729683865397853 ], [ 135.988290328997749, 33.730057181966238 ], [ 135.989772588215487, 33.733540485322777 ], [ 135.991190153739893, 33.732942501814883 ], [ 135.989707844250404, 33.729815608984183 ], [ 135.989856001551829, 33.729764756547439 ] ] ] } },
{ "type": "Feature", "properties": { "CITY_NAME": "新宮市", "S_NAME": "新町一丁目", "JINKO": 25, "medical_area": "30_新宮医療圏", "町丁目名": "新宮市新町一丁目" }, "geometry": { "type": "Polygon", "coordinates": [ [ [ 135.988103504230992, 33.730038515376414 ], [ 135.98809419808407, 33.729618582360473 ], [ 135.987172907199067, 33.729856194175966 ], [ 135.987254064839277, 33.730022437359167 ], [ 135.986938669488524, 33.730124414852533 ], [ 135.987029844389554, 33.730350419906728 ], [ 135.988103504230992, 33.730038515376414 ] ] ] } },
{ "type": "Feature", "properties": { "CITY_NAME": "新宮市", "S_NAME": "新町二丁目", "JINKO": 32, "medical_area": "30_新宮医療圏", "町丁目名": "新宮市新町二丁目" }, "geometry": { "type": "Polygon", "coordinates": [ [ [ 135.988295688318829, 33.730055658980405 ], [ 135.989234635680816, 33.729683865397853 ], [ 135.989775504448858, 33.729618519622761 ], [ 135.989478656801822, 33.729083726050739 ], [ 135.988065196626366, 33.729573217996077 ], [ 135.988295688318829, 33.730055658980405 ] ] ] } },
{ "type": "Feature", "properties": { "CITY_NAME": "新宮市", "S_NAME": "新町三丁目", "JINKO": 18, "medical_area": "30_新宮医療圏", "町丁目名": "新宮市新町三丁目" }, "geometry": { "type": "Polygon", "coordinates": [ [ [ 135.990859151567349, 33.729441893744919 ], [ 135.990523629814732, 33.728699724896032 ], [ 135.990073424009182, 33.728852267441098 ], [ 135.990188555694374, 33.729063945441958 ], [ 135.990045029866707, 33.729117136876695 ], [ 135.989938221883648, 33.728889920973749 ], [ 135.989466684625569, 33.729059663646147 ], [ 135.989856001551829, 33.729764756547432 ], [ 135.990859151567349, 33.729441893744919 ] ] ] } },
{ "type": "Feature", "properties": { "CITY_NAME": "新宮市", "S_NAME": "仲之町一丁目", "JINKO": 33, "medical_area": "30_新宮医療圏", "町丁目名": "新宮市仲之町一丁目" }, "geometry": { "type": "Polygon", "coordinates": [ [ [ 135.987063296538651, 33.729889998603234 ], [ 135.98809419808407, 33.72961858236048 ], [ 135.987896212808494, 33.729117602385081 ], [ 135.986855146952763, 33.729515498905783 ], [ 135.987063296538651, 33.729889998603234 ] ] ] } },
{ "type": "Feature", "properties": { "CITY_NAME": "新宮市", "S_NAME": "仲之町二丁目", "JINKO": 129, "medical_area": "30_新宮医療圏", "町丁目名": "新宮市仲之町二丁目" }, "geometry": { "type": "Polygon", "coordinates": [ [ [ 135.988065196626366, 33.729573217996077 ], [ 135.989478656801822, 33.729083726050739 ], [ 135.989127590747245, 33.728423687765215 ], [ 135.988826909545821, 33.728535391728315 ], [ 135.988903247345633, 33.728702901754126 ], [ 135.988607281654794, 33.728893216927219 ], [ 135.987896212808494, 33.729117602385081 ], [ 135.988065196626366, 33.729573217996077 ] ] ] } },
{ "type": "Feature", "properties": { "CITY_NAME": "新宮市", "S_NAME": "仲之町三丁目", "JINKO": 31, "medical_area": "30_新宮医療圏", "町丁目名": "新宮市仲之町三丁目" }, "geometry": { "type": "Polygon", "coordinates": [ [ [ 135.990188555694345, 33.729063945441958 ], [ 135.990073424009182, 33.728852267441134 ], [ 135.990523629814732, 33.728699724896053 ], [ 135.990408978599817, 33.728453743895336 ], [ 135.989755130748421, 33.728688990580807 ], [ 135.989425896302095, 33.728058953371196 ], [ 135.98897489575009, 33.728124726547343 ], [ 135.989466684625569, 33.729059663646147 ], [ 135.989938221883648, 33.728889920973749 ], [ 135.990045029866707, 33.72911713687671 ], [ 135.990188555694345, 33.729063945441958 ] ] ] } },
{ "type": "Feature", "properties": { "CITY_NAME": "新宮市", "S_NAME": "横町一丁目", "JINKO": 17, "medical_area": "30_新宮医療圏", "町丁目名": "新宮市横町一丁目" }, "geometry": { "type": "Polygon", "coordinates": [ [ [ 135.987896212808494, 33.729117602385081 ], [ 135.987763836851713, 33.728640012521794 ], [ 135.987027704362674, 33.728535295664841 ], [ 135.98706102952886, 33.729125443472739 ], [ 135.986927493389146, 33.729180096623281 ], [ 135.987065912994211, 33.729406041240892 ], [ 135.987896212808494, 33.729117602385081 ] ] ] } },
{ "type": "Feature", "properties": { "CITY_NAME": "新宮市", "S_NAME": "横町二丁目", "JINKO": 30, "medical_area": "30_新宮医療圏", "町丁目名": "新宮市横町二丁目" }, "geometry": { "type": "Polygon", "coordinates": [ [ [ 135.988903247345633, 33.728702901754104 ], [ 135.988626501875729, 33.728228400822935 ], [ 135.987763836851713, 33.728640012521794 ], [ 135.987896212808494, 33.729117602385081 ], [ 135.988903247345633, 33.728702901754104 ] ] ] } },
{ "type": "Feature", "properties": { "CITY_NAME": "新宮市", "S_NAME": "薬師町", "JINKO": 79, "medical_area": "30_新宮医療圏", "町丁目名": "新宮市薬師町" }, "geometry": { "type": "Polygon", "coordinates": [ [ [ 135.984636890743474, 33.730133967782251 ], [ 135.986331387129411, 33.729983862295896 ], [ 135.986352810440565, 33.729218519696573 ], [ 135.984485190564243, 33.728971412593296 ], [ 135.984557161943059, 33.729509096453413 ], [ 135.984741164935542, 33.729565838196962 ], [ 135.984636890743474, 33.730133967782251 ] ] ] } },
{ "type": "Feature", "properties": { "CITY_NAME": "新宮市", "S_NAME": "別当屋敷町", "JINKO": 67, "medical_area": "30_新宮医療圏", "町丁目名": "新宮市別当屋敷町" }, "geometry": { "type": "Polygon", "coordinates": [ [ [ 135.986357681884101, 33.72843657517015 ], [ 135.984650694360994, 33.728268440242381 ], [ 135.984636298740924, 33.728995943877429 ], [ 135.986352810440565, 33.729218519696573 ], [ 135.986357681884101, 33.72843657517015 ] ] ] } },
{ "type": "Feature", "properties": { "CITY_NAME": "新宮市", "S_NAME": "三輪崎", "JINKO": 0, "medical_area": "30_新宮医療圏", "町丁目名": "新宮市三輪崎" }, "geometry": { "type": "Polygon", "coordinates": [ [ [ 135.991377848459791, 33.685867191944205 ], [ 135.991721927920764, 33.685704912176647 ], [ 135.991385421355204, 33.68562191611236 ], [ 135.991507320273399, 33.685410035055583 ], [ 135.991265719240204, 33.685439749153247 ], [ 135.99111152726914, 33.68498891752585 ], [ 135.991261472178962, 33.684722939322093 ], [ 135.990938997847508, 33.684585844331608 ], [ 135.991191573347123, 33.682605895470957 ], [ 135.991834172852123, 33.682497025420972 ], [ 135.992157741177209, 33.682269937861648 ], [ 135.992003718098431, 33.681027207436635 ], [ 135.992533088392349, 33.680583450668436 ], [ 135.99291346947598, 33.680547119054893 ], [ 135.993119045728434, 33.680232958609629 ], [ 135.99286566353058, 33.679937941540501 ], [ 135.992064661299253, 33.679599084151675 ], [ 135.992181465545684, 33.678797186409462 ], [ 135.992017202123094, 33.678310430202984 ], [ 135.991268474311141, 33.678359560116682 ], [ 135.990917761786989, 33.678165968110321 ], [ 135.989530407022016, 33.678006825848826 ], [ 135.989365041385952, 33.678307317515852 ], [ 135.989605504051411, 33.678739561718864 ], [ 135.990160877551801, 33.679139845408066 ], [ 135.989780106219172, 33.679715326056815 ], [ 135.989275998606502, 33.679774181268741 ], [ 135.989008990337197, 33.679642014687872 ], [ 135.988445987194012, 33.679863864081938 ], [ 135.988354289628859, 33.680066728118391 ], [ 135.988584003113289, 33.680109995841093 ], [ 135.988590458886534, 33.680231718909198 ], [ 135.988360747950935, 33.680151398525155 ], [ 135.988535444073108, 33.680315539971041 ], [ 135.98842214883669, 33.680717611014487 ], [ 135.988513787997505, 33.680980926953715 ], [ 135.988251682966876, 33.681183778072274 ], [ 135.988282938123433, 33.681350585481745 ], [ 135.987890353994374, 33.681379435789729 ], [ 135.985824041819001, 33.680600173078339 ], [ 135.985793834081079, 33.680656100055046 ], [ 135.987878486008356, 33.681412824027554 ], [ 135.988593550097647, 33.681355117076372 ], [ 135.988744515531209, 33.68157251052817 ], [ 135.990180030546384, 33.681508504353829 ], [ 135.990418370764559, 33.681627564392464 ], [ 135.990364427532143, 33.681788026373368 ], [ 135.99054560425094, 33.681934978008108 ], [ 135.990944646127929, 33.682053200332341 ], [ 135.991124688362646, 33.682773542611429 ], [ 135.990918531384182, 33.684324365450429 ], [ 135.990129931858604, 33.684369120298008 ], [ 135.988879998361597, 33.684850856512355 ], [ 135.988867038578718, 33.684986102802455 ], [ 135.989008328990849, 33.684999637408907 ], [ 135.988973766831975, 33.685387343627148 ], [ 135.989909955031607, 33.685461368481242 ], [ 135.990425484481023, 33.685706676187387 ], [ 135.990671423691197, 33.685472261807917 ], [ 135.990924864327241, 33.685700363736885 ], [ 135.991060779660785, 33.685543427974167 ], [ 135.991139496131126, 33.685736440959097 ], [ 135.991388652177818, 33.685678691870521 ], [ 135.991377848459791, 33.685867191944205 ] ] ] } },
{ "type": "Feature", "properties": { "CITY_NAME": "新宮市", "S_NAME": "三輪崎", "JINKO": 1377, "medical_area": "30_新宮医療圏", "町丁目名": "新宮市三輪崎" }, "geometry": { "type": "Polygon", "coordinates": [ [ [ 135.945545011853596, 33.714470821886493 ], [ 135.948081493721304, 33.713079655377811 ], [ 135.948826482638083, 33.713114753346908 ], [ 135.949626067392813, 33.712746233099956 ], [ 135.950125196976757, 33.712190636992162 ], [ 135.950231039677703, 33.71161614981289 ], [ 135.950890211061903, 33.710729249611376 ], [ 135.951433362316322, 33.711445574601569 ], [ 135.9521941572944, 33.711798635549847 ], [ 135.952686643330168, 33.71164919815557 ], [ 135.953825517682077, 33.710814726331648 ], [ 135.95442879475533, 33.710802402243743 ], [ 135.954888892001776, 33.710600816706183 ], [ 135.954911670556129, 33.710304684443329 ], [ 135.954715722746613, 33.71007779095563 ], [ 135.95510039386042, 33.709913935329368 ], [ 135.955221395065138, 33.709233361992339 ], [ 135.956352646245165, 33.708981706397978 ], [ 135.95649588538916, 33.709044730881914 ], [ 135.95656347975978, 33.709580538626618 ], [ 135.956970572574136, 33.709820038400892 ], [ 135.957309918333834, 33.709801272900016 ], [ 135.958045351066858, 33.709376181425831 ], [ 135.958332340414074, 33.708449814817044 ], [ 135.959139224649107, 33.708387096574633 ], [ 135.960655121123466, 33.707877018169143 ], [ 135.961541421089123, 33.707218806907008 ], [ 135.962462039400918, 33.705637101937789 ], [ 135.969361363083863, 33.705884895692698 ], [ 135.969595006061127, 33.706187431104894 ], [ 135.969353636182859, 33.706433212097224 ], [ 135.969293169013696, 33.706842744340697 ], [ 135.970145086339926, 33.707321961133303 ], [ 135.970955383310951, 33.708289603017668 ], [ 135.971445088617116, 33.709663610645748 ], [ 135.973555586799534, 33.710346085650208 ], [ 135.974321712807864, 33.709868508759406 ], [ 135.975485899274901, 33.708471040158933 ], [ 135.977417495814308, 33.708249083871955 ], [ 135.980665240931472, 33.701960943937081 ], [ 135.980747237997946, 33.701023260938243 ], [ 135.981331596511723, 33.70111125944414 ], [ 135.98163534151152, 33.701843879079931 ], [ 135.98191109401759, 33.701721213915128 ], [ 135.982665115459014, 33.702167627684737 ], [ 135.982467046581831, 33.701675366327599 ], [ 135.982742290887614, 33.701472961013884 ], [ 135.983578945555962, 33.701601979757072 ], [ 135.98404677406694, 33.701900986125047 ], [ 135.986185254751859, 33.701963335378956 ], [ 135.989677932813038, 33.701317239913358 ], [ 135.990583454310411, 33.70085943227987 ], [ 135.992607403460454, 33.700642426909511 ], [ 135.992166250964999, 33.699809247193109 ], [ 135.99231407117793, 33.699328712220655 ], [ 135.992558935994055, 33.699471150670803 ], [ 135.992987208972835, 33.69927548337364 ], [ 135.992998010599251, 33.699045567961768 ], [ 135.992670081183775, 33.698937361295059 ], [ 135.992631262398106, 33.698702090760349 ], [ 135.992713268231796, 33.698357642611654 ], [ 135.992924703168967, 33.698301720422059 ], [ 135.992875089035493, 33.698178167785763 ], [ 135.993163127606664, 33.697898671440505 ], [ 135.992396188264308, 33.697386547172265 ], [ 135.99230344311087, 33.697024060664901 ], [ 135.992541872264667, 33.696531834770525 ], [ 135.993291620516061, 33.695760119558408 ], [ 135.9923952446876, 33.695398451574853 ], [ 135.991701717600677, 33.694528344126496 ], [ 135.991470935524148, 33.6939162035411 ], [ 135.991565876598571, 33.693717846138568 ], [ 135.991831226479775, 33.693777308893871 ], [ 135.991732006363236, 33.693560065648562 ], [ 135.992254066275507, 33.693777325557804 ], [ 135.992594933286369, 33.693706052360362 ], [ 135.992475211930213, 33.693566293477367 ], [ 135.992627305730338, 33.693551928386128 ], [ 135.992534554871156, 33.69336793418654 ], [ 135.992676941079623, 33.693348215754654 ], [ 135.99232423474794, 33.693118284100827 ], [ 135.99224438993383, 33.693394972773383 ], [ 135.992237931615392, 33.693234507698151 ], [ 135.991468833743397, 33.693310270327721 ], [ 135.990127076943168, 33.692312900817775 ], [ 135.989761475820245, 33.691750337492444 ], [ 135.989333286968986, 33.691459108740325 ], [ 135.98909128621267, 33.691778472363225 ], [ 135.988642902429717, 33.691955249588844 ], [ 135.988235964141182, 33.691909011829743 ], [ 135.987890095200555, 33.691666105737553 ], [ 135.987420636326675, 33.691883451154148 ], [ 135.98698757912527, 33.691516559136431 ], [ 135.986230355401545, 33.691675691860794 ], [ 135.984251325451083, 33.689199483724806 ], [ 135.98304239157082, 33.688130312459577 ], [ 135.982150167554721, 33.687685425166613 ], [ 135.98005890600632, 33.687108768817112 ], [ 135.979704589966218, 33.686464177692464 ], [ 135.978536493514525, 33.686063741364805 ], [ 135.97476712087277, 33.68388628207785 ], [ 135.971484997910096, 33.686831287057686 ], [ 135.971696291961706, 33.68749558604096 ], [ 135.972150968380788, 33.687883391850896 ], [ 135.972188934691218, 33.68834210615514 ], [ 135.973394081184551, 33.68912566187219 ], [ 135.974292921834888, 33.688270422786786 ], [ 135.974386976848422, 33.688573616988755 ], [ 135.97469201761524, 33.688794297853825 ], [ 135.975346505271176, 33.688919108071396 ], [ 135.975365665051925, 33.68996907248313 ], [ 135.974102168270093, 33.690770167600228 ], [ 135.973537950948526, 33.69078653137958 ], [ 135.973356272856051, 33.690291861527065 ], [ 135.973425560431508, 33.689812319568524 ], [ 135.974078239514967, 33.689375445650647 ], [ 135.974045945520942, 33.689150030132417 ], [ 135.973619844766944, 33.689341538463786 ], [ 135.973235705255291, 33.689296656867164 ], [ 135.973000439510685, 33.689490599023564 ], [ 135.973026862895608, 33.690040319131406 ], [ 135.972756751881633, 33.690461210455645 ], [ 135.972311576390325, 33.69043166798852 ], [ 135.972271977004539, 33.690192162899294 ], [ 135.971823476700166, 33.690200374239438 ], [ 135.97145789128902, 33.689993759643265 ], [ 135.971347352363495, 33.69041581110028 ], [ 135.970789708560574, 33.690585159733324 ], [ 135.970625205222348, 33.689819296027807 ], [ 135.970531832040137, 33.690385330536792 ], [ 135.970270253924951, 33.690724507596343 ], [ 135.970301089707675, 33.69023284302429 ], [ 135.969852162085544, 33.689863628279475 ], [ 135.969653808270721, 33.68989119233315 ], [ 135.969353923299025, 33.690335173072008 ], [ 135.968941771533707, 33.690375503588186 ], [ 135.968828360955854, 33.689475672011511 ], [ 135.968368158974386, 33.689181537885673 ], [ 135.968739066674033, 33.68886634259389 ], [ 135.968266019707357, 33.688759293270486 ], [ 135.967933680418525, 33.688459977523657 ], [ 135.967434520686083, 33.689870764655851 ], [ 135.967198043347508, 33.689672906118687 ], [ 135.9668623950339, 33.689686199754028 ], [ 135.967028747052041, 33.68933883310504 ], [ 135.966849764174896, 33.689280038662758 ], [ 135.965813800680422, 33.690017265284489 ], [ 135.965794532758366, 33.690225622165251 ], [ 135.965346889322348, 33.690556848556675 ], [ 135.965314794045383, 33.690877483531615 ], [ 135.964656173520922, 33.691192588509523 ], [ 135.964375456792624, 33.689701568947207 ], [ 135.964781625239226, 33.689180568165249 ], [ 135.964436455605778, 33.689030854746257 ], [ 135.964174270716967, 33.68919110056585 ], [ 135.96389983450166, 33.68803129166168 ], [ 135.963382062987876, 33.687892231394393 ], [ 135.963209334093278, 33.68815943005999 ], [ 135.96233020028177, 33.688386264621599 ], [ 135.961421858803419, 33.689604461533989 ], [ 135.960188281673254, 33.688941367429734 ], [ 135.961291466517224, 33.688057269198111 ], [ 135.961477048002592, 33.687629753652381 ], [ 135.960844265319622, 33.687362304181043 ], [ 135.96038424005468, 33.686752988656636 ], [ 135.959879191349444, 33.686774097771249 ], [ 135.959491974569858, 33.687744076347975 ], [ 135.959044413073144, 33.687840008349738 ], [ 135.95876938680496, 33.688112520404218 ], [ 135.958302665115184, 33.688165897135541 ], [ 135.957919130175526, 33.68806954452468 ], [ 135.957810598380206, 33.687759428884917 ], [ 135.958341511234494, 33.687134382313388 ], [ 135.95848241501136, 33.686584007739057 ], [ 135.958111741066375, 33.686332690153009 ], [ 135.957491547958739, 33.686492800883002 ], [ 135.957178093103266, 33.686898851777514 ], [ 135.956647523023634, 33.68679709080817 ], [ 135.956778249738591, 33.687489283135079 ], [ 135.956969954212326, 33.687676299041158 ], [ 135.956356199432719, 33.687708202989192 ], [ 135.956311375694213, 33.6878631556051 ], [ 135.956575371763876, 33.690586187879113 ], [ 135.954301497780676, 33.692720257356889 ], [ 135.954055022496902, 33.693385541061097 ], [ 135.951710822161033, 33.695284541659227 ], [ 135.949435058290049, 33.694685154343247 ], [ 135.947589910922034, 33.695734504924403 ], [ 135.945812171789015, 33.696230634915196 ], [ 135.943775493410442, 33.696676050902511 ], [ 135.94348795875041, 33.696376684142095 ], [ 135.942912479326594, 33.696451230857328 ], [ 135.942765210062248, 33.696782521628684 ], [ 135.941095856922431, 33.697647475043702 ], [ 135.941168717236479, 33.698649475275957 ], [ 135.940752784826799, 33.699135610064488 ], [ 135.940758983805722, 33.699408223285026 ], [ 135.940196086204622, 33.699750021950408 ], [ 135.940083446849883, 33.701304904094215 ], [ 135.938691891794889, 33.702036689353712 ], [ 135.938984968880334, 33.703538516565246 ], [ 135.938878789611095, 33.704497892583611 ], [ 135.938482107594211, 33.704823567061709 ], [ 135.93743324973326, 33.705084956395737 ], [ 135.937451955302919, 33.705742336146194 ], [ 135.937100223365888, 33.705790202362365 ], [ 135.936543626818604, 33.706174821346394 ], [ 135.936060825963153, 33.706209234961825 ], [ 135.935529422059375, 33.707106825063377 ], [ 135.936150743426651, 33.707626162103054 ], [ 135.936307684804149, 33.708772058947325 ], [ 135.937679466691947, 33.709488864415974 ], [ 135.938615753006388, 33.710256160828202 ], [ 135.939589214269574, 33.712739174566515 ], [ 135.940183372555907, 33.713562512587245 ], [ 135.940765063022468, 33.713936838074979 ], [ 135.942916519999244, 33.714651269234878 ], [ 135.945545011853596, 33.714470821886493 ] ] ] } },
{ "type": "Feature", "properties": { "CITY_NAME": "新宮市", "S_NAME": "三輪崎", "JINKO": 0, "medical_area": "30_新宮医療圏", "町丁目名": "新宮市三輪崎" }, "geometry": { "type": "Polygon", "coordinates": [ [ [ 135.98447016614719, 33.68472958777987 ], [ 135.98590585353287, 33.681565931482183 ], [ 135.985589762406704, 33.682086181303156 ], [ 135.984996603565548, 33.681901283592055 ], [ 135.984408581558682, 33.683202270521029 ], [ 135.982351615870613, 33.682605230326942 ], [ 135.982940238695164, 33.68139301313267 ], [ 135.976401701211103, 33.679266216375005 ], [ 135.974881046951396, 33.680360303780354 ], [ 135.975726336491391, 33.681143912109 ], [ 135.97890053860209, 33.683091183184381 ], [ 135.980852968195705, 33.683951010324286 ], [ 135.983037084369613, 33.684545838558556 ], [ 135.98447016614719, 33.68472958777987 ] ] ] } },
{ "type": "Feature", "properties": { "CITY_NAME": "新宮市", "S_NAME": "三輪崎一丁目", "JINKO": 604, "medical_area": "30_新宮医療圏", "町丁目名": "新宮市三輪崎一丁目" }, "geometry": { "type": "Polygon", "coordinates": [ [ [ 135.988235964141182, 33.691909011829743 ], [ 135.98909128621267, 33.691778472363225 ], [ 135.989333286968986, 33.691459108740325 ], [ 135.987775815262495, 33.690779948672031 ], [ 135.986881779302678, 33.689736784846616 ], [ 135.986767504908613, 33.689339063805612 ], [ 135.986896056433153, 33.688016330892808 ], [ 135.986795857979502, 33.687265277817176 ], [ 135.987186476959181, 33.686099508617772 ], [ 135.987689182064059, 33.685466564474851 ], [ 135.988968690368011, 33.685453276278565 ], [ 135.989008328990849, 33.684999637408907 ], [ 135.988879998361597, 33.684850856512355 ], [ 135.989094630787491, 33.684862564701469 ], [ 135.989292182298016, 33.683405571276808 ], [ 135.98984331954108, 33.683396590831492 ], [ 135.989197282619017, 33.683307228821491 ], [ 135.989038632039666, 33.684170123322922 ], [ 135.988442170111654, 33.684086818895636 ], [ 135.988370964539257, 33.684491991774671 ], [ 135.987253595253577, 33.684390045673545 ], [ 135.987454032609662, 33.683404306264606 ], [ 135.987125405612915, 33.683300730546009 ], [ 135.986971123702318, 33.683644329474639 ], [ 135.985271915422345, 33.68314657342075 ], [ 135.98447016614719, 33.68472958777987 ], [ 135.985691616262756, 33.684826641146906 ], [ 135.985669161202225, 33.685484137727137 ], [ 135.985392054528262, 33.686399284354238 ], [ 135.985309258747321, 33.686543399124318 ], [ 135.985087338720092, 33.686498435428966 ], [ 135.984481064246268, 33.687441438440835 ], [ 135.98304239157082, 33.688130312459577 ], [ 135.984251325451083, 33.689199483724806 ], [ 135.986230355401545, 33.691675691860794 ], [ 135.986406236601908, 33.691557788688598 ], [ 135.986609682436267, 33.691684177560454 ], [ 135.986818989492377, 33.691497103460812 ], [ 135.98717650915998, 33.69155545796422 ], [ 135.987420636326675, 33.691883451154148 ], [ 135.987890095200555, 33.691666105737553 ], [ 135.988235964141182, 33.691909011829743 ] ] ] } },
{ "type": "Feature", "properties": { "CITY_NAME": "新宮市", "S_NAME": "三輪崎二丁目", "JINKO": 591, "medical_area": "30_新宮医療圏", "町丁目名": "新宮市三輪崎二丁目" }, "geometry": { "type": "Polygon", "coordinates": [ [ [ 135.984481064246268, 33.687441438440835 ], [ 135.985087338720092, 33.686498435428966 ], [ 135.985309258747321, 33.686543399124318 ], [ 135.985392054528262, 33.686399284354238 ], [ 135.985669161202225, 33.685484137727137 ], [ 135.985691616262756, 33.684826641146906 ], [ 135.984232886564769, 33.684727305229757 ], [ 135.982532895873845, 33.684392491537743 ], [ 135.98221298472231, 33.684954006052763 ], [ 135.982384730540531, 33.685008269836722 ], [ 135.982102661016683, 33.685628677950056 ], [ 135.981656955449154, 33.686114941922369 ], [ 135.9818675642899, 33.686334325204626 ], [ 135.981143111492059, 33.686953257933972 ], [ 135.979704589966218, 33.686464177692464 ], [ 135.98005890600632, 33.687108768817112 ], [ 135.982150167554721, 33.687685425166613 ], [ 135.98304239157082, 33.688130312459577 ], [ 135.984481064246268, 33.687441438440835 ] ] ] } },
{ "type": "Feature", "properties": { "CITY_NAME": "新宮市", "S_NAME": "三輪崎三丁目", "JINKO": 637, "medical_area": "30_新宮医療圏", "町丁目名": "新宮市三輪崎三丁目" }, "geometry": { "type": "Polygon", "coordinates": [ [ [ 135.982532895873845, 33.684392491537743 ], [ 135.980852968195705, 33.683951010324286 ], [ 135.978923894504192, 33.683065828158448 ], [ 135.976924295018819, 33.685103629573035 ], [ 135.978536493514525, 33.686063741364805 ], [ 135.981143111492059, 33.686953257933972 ], [ 135.9818675642899, 33.686334325204626 ], [ 135.981656955449154, 33.686114941922369 ], [ 135.982102661016683, 33.685628677950056 ], [ 135.982384730540531, 33.685008269836722 ], [ 135.98221298472231, 33.684954006052763 ], [ 135.982532895873845, 33.684392491537743 ] ] ] } },
{ "type": "Feature", "properties": { "CITY_NAME": "新宮市", "S_NAME": "佐野", "JINKO": 0, "medical_area": "30_新宮医療圏", "町丁目名": "新宮市佐野" }, "geometry": { "type": "Polygon", "coordinates": [ [ [ 135.955788638764943, 33.679549126798761 ], [ 135.957465358102183, 33.67853438706414 ], [ 135.958661013832653, 33.679080432450391 ], [ 135.959309641517279, 33.679100937228981 ], [ 135.960396484986518, 33.678226979003625 ], [ 135.961726413732805, 33.67763766451931 ], [ 135.963936010275035, 33.677018161113189 ], [ 135.964106376403095, 33.676740250379581 ], [ 135.96474689714799, 33.676692954929337 ], [ 135.965030609523183, 33.676842088043081 ], [ 135.966879401996579, 33.676130994503637 ], [ 135.967722838356678, 33.67545328762565 ], [ 135.967306099629354, 33.673301057800877 ], [ 135.967354911133214, 33.672853627271188 ], [ 135.967699646220581, 33.672342029812647 ], [ 135.968194295013888, 33.672043905934729 ], [ 135.969729928636099, 33.6717944956388 ], [ 135.969964076000082, 33.67135668679115 ], [ 135.970190525019319, 33.67132828093149 ], [ 135.971130892214006, 33.670377817498469 ], [ 135.970883963534021, 33.669922709596605 ], [ 135.970922639438271, 33.669699981172727 ], [ 135.970252957549832, 33.669326909701262 ], [ 135.969608002582078, 33.67008541527251 ], [ 135.968067696527385, 33.669910768403284 ], [ 135.966335423556956, 33.671023155875041 ], [ 135.965596325912742, 33.671242453160879 ], [ 135.965144199637734, 33.671173297699724 ], [ 135.964881574814171, 33.671384548948858 ], [ 135.964754871361919, 33.672124427737288 ], [ 135.964462951995614, 33.672603909426613 ], [ 135.963918481390635, 33.672441318173078 ], [ 135.963519769319078, 33.672514321694038 ], [ 135.962946238212567, 33.672075026119686 ], [ 135.96279059031238, 33.67223755781324 ], [ 135.962255773127595, 33.672237399407351 ], [ 135.962012749817177, 33.672050376307936 ], [ 135.961322904876994, 33.670798150558561 ], [ 135.959966256457136, 33.671208258643574 ], [ 135.96008284798134, 33.671427789718393 ], [ 135.959985484810403, 33.671679936711008 ], [ 135.959217095060751, 33.672110501556752 ], [ 135.958137624367623, 33.672288911533904 ], [ 135.956795802237536, 33.672060916358902 ], [ 135.955998224919114, 33.672459043401545 ], [ 135.955535621655372, 33.673869384273274 ], [ 135.95494234711424, 33.674031744036647 ], [ 135.954284792686252, 33.676303923584847 ], [ 135.954440262995007, 33.676564190641166 ], [ 135.95406079104967, 33.676970492603978 ], [ 135.953914619086135, 33.677547772098443 ], [ 135.953525413037653, 33.677978440964218 ], [ 135.953418166798116, 33.678498818458017 ], [ 135.952912152769073, 33.679132733497674 ], [ 135.95285844830758, 33.679535212368926 ], [ 135.955788638764943, 33.679549126798761 ] ] ] } },
{ "type": "Feature", "properties": { "CITY_NAME": "新宮市", "S_NAME": "佐野", "JINKO": 1747, "medical_area": "30_新宮医療圏", "町丁目名": "新宮市佐野" }, "geometry": { "type": "Polygon", "coordinates": [ [ [ 135.965813800680422, 33.690017265284489 ], [ 135.966971224127661, 33.689285424074207 ], [ 135.9668623950339, 33.689686199754028 ], [ 135.967198043347508, 33.689672906118687 ], [ 135.967434520686083, 33.689870764655851 ], [ 135.967933680418525, 33.688459977523657 ], [ 135.968266019707357, 33.688759293270486 ], [ 135.968739066674033, 33.68886634259389 ], [ 135.968368158974386, 33.689181537885673 ], [ 135.968828360955854, 33.689475672011511 ], [ 135.968941771533707, 33.690375503588186 ], [ 135.969353923299025, 33.690335173072008 ], [ 135.969653808270721, 33.68989119233315 ], [ 135.969852162085544, 33.689863628279475 ], [ 135.970301089707675, 33.69023284302429 ], [ 135.970302814304631, 33.690727614767972 ], [ 135.9705698640999, 33.690280947344455 ], [ 135.970625205222348, 33.689819296027807 ], [ 135.970789708560574, 33.690585159733324 ], [ 135.971347352363495, 33.69041581110028 ], [ 135.97145789128902, 33.689993759643265 ], [ 135.971823476700166, 33.690200374239438 ], [ 135.972271977004539, 33.690192162899294 ], [ 135.972311576390325, 33.69043166798852 ], [ 135.972756751881633, 33.690461210455645 ], [ 135.973026862895608, 33.690040319131406 ], [ 135.973000439510685, 33.689490599023564 ], [ 135.973235705255291, 33.689296656867164 ], [ 135.973619844766944, 33.689341538463786 ], [ 135.973960478674485, 33.689157197843606 ], [ 135.97410795651129, 33.68917934611946 ], [ 135.974078239514967, 33.689375445650647 ], [ 135.973409367633423, 33.689859651921715 ], [ 135.973356272856051, 33.690291861527065 ], [ 135.973537950948526, 33.69078653137958 ], [ 135.974166084298162, 33.69074792182478 ], [ 135.975377659859674, 33.68993472251352 ], [ 135.975346505271176, 33.688919108071396 ], [ 135.97469201761524, 33.688794297853825 ], [ 135.974386976848422, 33.688573616988755 ], [ 135.974292921834888, 33.688270422786786 ], [ 135.973394081184551, 33.68912566187219 ], [ 135.972188934691218, 33.68834210615514 ], [ 135.972102726485133, 33.687798430199962 ], [ 135.971696291961706, 33.68749558604096 ], [ 135.971484997910096, 33.686831287057686 ], [ 135.97411047582537, 33.684481237151815 ], [ 135.969595697449819, 33.679399876911383 ], [ 135.968607886059942, 33.677937132512575 ], [ 135.966488027520256, 33.679216212139238 ], [ 135.967151402225426, 33.680287514719936 ], [ 135.967279112803965, 33.680675678728676 ], [ 135.967063734016676, 33.680805233082936 ], [ 135.967697153878589, 33.681431760212291 ], [ 135.966929068436542, 33.68176657530519 ], [ 135.966731804090244, 33.682037719542329 ], [ 135.96711314109902, 33.682771534222013 ], [ 135.967030255207987, 33.683324614350042 ], [ 135.965602341958601, 33.683369449011877 ], [ 135.964927996864645, 33.68376274179294 ], [ 135.964692456910029, 33.684273089831819 ], [ 135.96385914944446, 33.684501499301518 ], [ 135.962922793590479, 33.684490656184607 ], [ 135.963305496490136, 33.685240401259598 ], [ 135.963782513795167, 33.685277734927055 ], [ 135.963845824249546, 33.685990192089996 ], [ 135.964303678203038, 33.686245603068592 ], [ 135.964869876491917, 33.685953295296301 ], [ 135.965255948292224, 33.686010180006541 ], [ 135.965157667096491, 33.686235844778906 ], [ 135.96581897600305, 33.688080864433708 ], [ 135.965021533809448, 33.687974135349613 ], [ 135.964723398112341, 33.688083514699478 ], [ 135.964679611596296, 33.68849670541973 ], [ 135.964323354023094, 33.688490544612073 ], [ 135.964156154268977, 33.688429776669764 ], [ 135.964047288654797, 33.687949483067001 ], [ 135.963109609938925, 33.687402307656079 ], [ 135.962833275118385, 33.687541978332867 ], [ 135.962665734304863, 33.688307755100176 ], [ 135.962484035156564, 33.688149631910605 ], [ 135.962636967619176, 33.687547976905741 ], [ 135.962200903990976, 33.687146756682338 ], [ 135.961175982264876, 33.686648001744075 ], [ 135.961154323568365, 33.68630156722012 ], [ 135.960419941605153, 33.686459403280494 ], [ 135.958956319115771, 33.685908217503538 ], [ 135.958199886141671, 33.686410486782947 ], [ 135.95848241501136, 33.686584007739057 ], [ 135.958341511234494, 33.687134382313388 ], [ 135.957810598380206, 33.687759428884917 ], [ 135.958059742229409, 33.688149754379751 ], [ 135.95876938680496, 33.688112520404218 ], [ 135.959044413073144, 33.687840008349738 ], [ 135.959491974569858, 33.687744076347975 ], [ 135.959879191349444, 33.686774097771249 ], [ 135.96038424005468, 33.686752988656636 ], [ 135.960844265319622, 33.687362304181043 ], [ 135.961477048002592, 33.687629753652381 ], [ 135.961291466517224, 33.688057269198111 ], [ 135.960188281673254, 33.688941367429734 ], [ 135.961421858803419, 33.689604461533989 ], [ 135.96233020028177, 33.688386264621599 ], [ 135.962685019009626, 33.688372988677379 ], [ 135.963209334093278, 33.68815943005999 ], [ 135.963382062987876, 33.687892231394393 ], [ 135.96389983450166, 33.68803129166168 ], [ 135.964174270716967, 33.68919110056585 ], [ 135.964436455605778, 33.689030854746257 ], [ 135.964781625239226, 33.689180568165249 ], [ 135.964375456792624, 33.689701568947207 ], [ 135.964656173520922, 33.691192588509523 ], [ 135.965314794045383, 33.690877483531615 ], [ 135.965346889322348, 33.690556848556675 ], [ 135.965794532758366, 33.690225622165251 ], [ 135.965813800680422, 33.690017265284489 ] ] ] } },
{ "type": "Feature", "properties": { "CITY_NAME": "新宮市", "S_NAME": "佐野", "JINKO": 0, "medical_area": "30_新宮医療圏", "町丁目名": "新宮市佐野" }, "geometry": { "type": "Polygon", "coordinates": [ [ [ 135.978465823431691, 33.679937739147157 ], [ 135.975018609214146, 33.673227712285147 ], [ 135.974352708812916, 33.673349022937728 ], [ 135.97309784691825, 33.67321309708209 ], [ 135.971665194009091, 33.67256937424682 ], [ 135.97199116729459, 33.674037589872704 ], [ 135.973304822962319, 33.677127859230815 ], [ 135.974002272514696, 33.678183779288219 ], [ 135.975178532061676, 33.679423775800508 ], [ 135.975333725314186, 33.679807005418816 ], [ 135.975514592716621, 33.679904953585243 ], [ 135.976401701211103, 33.679266216375005 ], [ 135.978465823431691, 33.679937739147157 ] ] ] } },
{ "type": "Feature", "properties": { "CITY_NAME": "新宮市", "S_NAME": "佐野一丁目", "JINKO": 627, "medical_area": "30_新宮医療圏", "町丁目名": "新宮市佐野一丁目" }, "geometry": { "type": "Polygon", "coordinates": [ [ [ 135.976888459532148, 33.685125882515585 ], [ 135.97890053860209, 33.683091183184381 ], [ 135.975726336491391, 33.681143912109 ], [ 135.974889397721768, 33.681826185358993 ], [ 135.974772813262206, 33.68170683527795 ], [ 135.973663180427849, 33.682677854310093 ], [ 135.973972169814999, 33.682885014228809 ], [ 135.973718441791505, 33.683123898574905 ], [ 135.972503893163037, 33.682038710247163 ], [ 135.972045183056622, 33.682306990455004 ], [ 135.97411047582537, 33.684481237151815 ], [ 135.97476712087277, 33.68388628207785 ], [ 135.976888459532148, 33.685125882515585 ] ] ] } },
{ "type": "Feature", "properties": { "CITY_NAME": "新宮市", "S_NAME": "佐野二丁目", "JINKO": 573, "medical_area": "30_新宮医療圏", "町丁目名": "新宮市佐野二丁目" }, "geometry": { "type": "Polygon", "coordinates": [ [ [ 135.973663180427849, 33.682677854310093 ], [ 135.975726336491391, 33.681143912109 ], [ 135.974414727776065, 33.679915165002136 ], [ 135.97309747786602, 33.678199091082128 ], [ 135.971020300614867, 33.67957786907283 ], [ 135.971353903735576, 33.679989463081597 ], [ 135.970643396811994, 33.680571281018914 ], [ 135.972045183056622, 33.682306990455004 ], [ 135.972503893163037, 33.682038710247163 ], [ 135.973718441791505, 33.683123898574884 ], [ 135.973972169814999, 33.682885014228809 ], [ 135.973663180427849, 33.682677854310093 ] ] ] } },
{ "type": "Feature", "properties": { "CITY_NAME": "新宮市", "S_NAME": "佐野三丁目", "JINKO": 355, "medical_area": "30_新宮医療圏", "町丁目名": "新宮市佐野三丁目" }, "geometry": { "type": "Polygon", "coordinates": [ [ [ 135.973011381859436, 33.678241338021003 ], [ 135.974881046951396, 33.680360303780354 ], [ 135.975514592716621, 33.679904953585243 ], [ 135.973553809969701, 33.677585921395902 ], [ 135.972409242843469, 33.675152067160504 ], [ 135.971782163677602, 33.673380183310137 ], [ 135.971664858095806, 33.672631785956128 ], [ 135.971751386958914, 33.671825812045498 ], [ 135.97135030344333, 33.671590307535503 ], [ 135.971497024724869, 33.671397470759722 ], [ 135.971818256334046, 33.671792437501828 ], [ 135.971970431636265, 33.671407437172014 ], [ 135.972913749255866, 33.670655886730216 ], [ 135.972489716804006, 33.670668617552252 ], [ 135.970360368615616, 33.671392845417593 ], [ 135.970008569502909, 33.671326266527082 ], [ 135.969729928636099, 33.6717944956388 ], [ 135.968510511189663, 33.671949029640956 ], [ 135.967699646220581, 33.672342029812647 ], [ 135.967354911133214, 33.672853627271188 ], [ 135.967306099629354, 33.673301057800877 ], [ 135.967868582150714, 33.675975295033631 ], [ 135.968851145807946, 33.678452823808634 ], [ 135.970643396811994, 33.680571281018914 ], [ 135.971353903735576, 33.679989463081597 ], [ 135.971020300614867, 33.67957786907283 ], [ 135.973011381859436, 33.678241338021003 ] ] ] } },
{ "type": "Feature", "properties": { "CITY_NAME": "新宮市", "S_NAME": "木ノ川", "JINKO": 446, "medical_area": "30_新宮医療圏", "町丁目名": "新宮市木ノ川" }, "geometry": { "type": "Polygon", "coordinates": [ [ [ 135.943775493410442, 33.696676050902511 ], [ 135.947589910922034, 33.695734504924403 ], [ 135.949435058290049, 33.694685154343247 ], [ 135.951710822161033, 33.695284541659227 ], [ 135.953344998191653, 33.694058677383644 ], [ 135.954055022496902, 33.693385541061097 ], [ 135.954301497780676, 33.692720257356889 ], [ 135.956575371763876, 33.690586187879113 ], [ 135.956311375694213, 33.6878631556051 ], [ 135.956356199432719, 33.687708202989192 ], [ 135.956969954212326, 33.687676299041158 ], [ 135.956778249738591, 33.687489283135079 ], [ 135.956647523023634, 33.686797090808213 ], [ 135.957178093103266, 33.686898851777514 ], [ 135.957645019680228, 33.686401984732626 ], [ 135.958199886141671, 33.686410486782954 ], [ 135.959524035700753, 33.685531266195959 ], [ 135.959741495362465, 33.68553049283922 ], [ 135.960250528413127, 33.685029259956735 ], [ 135.960205358833576, 33.684452054297658 ], [ 135.960902671904478, 33.684254337821635 ], [ 135.960896030308078, 33.68410288857271 ], [ 135.959823807397129, 33.684337957076174 ], [ 135.960377830522702, 33.683489465480406 ], [ 135.960596512562034, 33.68340402080193 ], [ 135.960796238167177, 33.683761077686334 ], [ 135.961468686338463, 33.683518128030322 ], [ 135.962072387623266, 33.683804867417194 ], [ 135.962633274474541, 33.683713465735245 ], [ 135.963363852898709, 33.683062106021268 ], [ 135.963388787128423, 33.68238531764036 ], [ 135.963880310939004, 33.682093132978785 ], [ 135.964216248474116, 33.681474758997268 ], [ 135.964908092701762, 33.681059073776908 ], [ 135.964699558635601, 33.680776828293418 ], [ 135.964733159964965, 33.680490565997928 ], [ 135.965132883604781, 33.680215819091167 ], [ 135.965204075998429, 33.679963800895564 ], [ 135.966242041729799, 33.67974755209265 ], [ 135.966580797732263, 33.679964179248522 ], [ 135.966777020522471, 33.680390117956357 ], [ 135.967092094781947, 33.680140981800399 ], [ 135.966488027520256, 33.679216212139238 ], [ 135.968607886059942, 33.677937132512575 ], [ 135.967722838356678, 33.67545328762565 ], [ 135.966879401996579, 33.676130994503652 ], [ 135.965030609523183, 33.676842088043088 ], [ 135.96474689714799, 33.676692954929351 ], [ 135.964106376403095, 33.676740250379581 ], [ 135.963936010275035, 33.677018161113189 ], [ 135.961726413732805, 33.67763766451931 ], [ 135.960396484986518, 33.678226979003625 ], [ 135.959309641517279, 33.679100937228995 ], [ 135.958661013832653, 33.679080432450391 ], [ 135.957465358102183, 33.67853438706414 ], [ 135.955990878598556, 33.679505244643316 ], [ 135.95285844830758, 33.679535212368926 ], [ 135.952235937559919, 33.679762495239672 ], [ 135.95189536093892, 33.680136403881662 ], [ 135.951000396245348, 33.680631953405772 ], [ 135.950523536554329, 33.681249669361726 ], [ 135.949677093891495, 33.681891605570193 ], [ 135.949258841995487, 33.682029638415599 ], [ 135.949137064738835, 33.682391372844194 ], [ 135.94834915064996, 33.682699997816925 ], [ 135.948300330716734, 33.683041475166938 ], [ 135.948037579225598, 33.683325945802288 ], [ 135.94730818031681, 33.68333366572417 ], [ 135.94601391461407, 33.684690911015153 ], [ 135.945683296263894, 33.684625815085489 ], [ 135.943382986189647, 33.685067823889163 ], [ 135.9424199498267, 33.685424923322309 ], [ 135.94105846089019, 33.685326772215561 ], [ 135.94043620412242, 33.6850582270255 ], [ 135.939128047722789, 33.685216062144008 ], [ 135.937786138909473, 33.684922765563634 ], [ 135.937504375021774, 33.684524066425247 ], [ 135.935510753554325, 33.684433696583753 ], [ 135.935170154532926, 33.684734294909951 ], [ 135.934882658178594, 33.685591962441542 ], [ 135.932956100936536, 33.68677785562619 ], [ 135.932566474905741, 33.687549970117637 ], [ 135.932609167479114, 33.688936289216805 ], [ 135.932092495575176, 33.690472628796705 ], [ 135.933535637425365, 33.692062848384957 ], [ 135.934721568517148, 33.693006681772111 ], [ 135.934720676777061, 33.694201792537669 ], [ 135.936910331518106, 33.693960610890159 ], [ 135.939476824754962, 33.694971594044482 ], [ 135.94077685355893, 33.695280896692481 ], [ 135.942912479326594, 33.696451230857328 ], [ 135.94348795875041, 33.696376684142095 ], [ 135.943775493410442, 33.696676050902511 ] ] ] } },
{ "type": "Feature", "properties": { "CITY_NAME": "新宮市", "S_NAME": "蜂伏", "JINKO": 838, "medical_area": "30_新宮医療圏", "町丁目名": "新宮市蜂伏" }, "geometry": { "type": "Polygon", "coordinates": [ [ [ 135.964723398112341, 33.688083514699478 ], [ 135.96581897600305, 33.688080864433708 ], [ 135.965157667096491, 33.686235844778906 ], [ 135.965255948292224, 33.686010180006541 ], [ 135.964869876491917, 33.685953295296301 ], [ 135.964303678203038, 33.686245603068592 ], [ 135.963845824249546, 33.685990192089996 ], [ 135.963782513795167, 33.685277734927041 ], [ 135.963305496490136, 33.685240401259598 ], [ 135.962922793590479, 33.684490656184607 ], [ 135.96385914944446, 33.684501499301518 ], [ 135.964692456910029, 33.684273089831819 ], [ 135.964927996864645, 33.68376274179294 ], [ 135.965602341958601, 33.683369449011877 ], [ 135.967030255207987, 33.683324614350042 ], [ 135.96711314109902, 33.682771534222013 ], [ 135.966731804090244, 33.682037719542329 ], [ 135.966929068436542, 33.68176657530519 ], [ 135.967697153878589, 33.681431760212291 ], [ 135.967063734016676, 33.680805233082936 ], [ 135.967279112803965, 33.680675678728676 ], [ 135.967092094781947, 33.680140981800399 ], [ 135.966777020522471, 33.680390117956357 ], [ 135.966378363319137, 33.679769144019197 ], [ 135.965521471080706, 33.679837941091705 ], [ 135.964764569255465, 33.680398719975265 ], [ 135.964699558635601, 33.680776828293418 ], [ 135.964908092701791, 33.681059073776908 ], [ 135.964216248474116, 33.681474758997233 ], [ 135.963880310939004, 33.68209313297875 ], [ 135.963388787128423, 33.682385317640353 ], [ 135.963363852898709, 33.683062106021247 ], [ 135.962633274474541, 33.683713465735202 ], [ 135.962072387623266, 33.683804867417187 ], [ 135.961468686338463, 33.683518128030322 ], [ 135.960796238167177, 33.68376107768632 ], [ 135.960596512562034, 33.683404020801916 ], [ 135.960377830522702, 33.683489465480392 ], [ 135.959823807397129, 33.684337957076131 ], [ 135.960896030308078, 33.68410288857271 ], [ 135.960864931417689, 33.684366185842265 ], [ 135.960667678293561, 33.684286525658855 ], [ 135.960205358833576, 33.684452054297658 ], [ 135.960250528413127, 33.685029259956707 ], [ 135.959741495362465, 33.685530492839206 ], [ 135.958956319115771, 33.685908217503538 ], [ 135.960419941605153, 33.686459403280494 ], [ 135.961154323568365, 33.68630156722012 ], [ 135.961175982264876, 33.686648001744075 ], [ 135.962200903990976, 33.687146756682338 ], [ 135.962636967619176, 33.687547976905741 ], [ 135.962484035156564, 33.688149631910605 ], [ 135.962665734304863, 33.688307755100176 ], [ 135.962833275118385, 33.687541978332867 ], [ 135.963109609938925, 33.687402307656079 ], [ 135.964047288654797, 33.687949483067001 ], [ 135.964156154268977, 33.688429776669764 ], [ 135.964679611596296, 33.68849670541973 ], [ 135.964723398112341, 33.688083514699478 ] ], [ [ 135.962919881334699, 33.687146411455593 ], [ 135.962290438797964, 33.686784438889582 ], [ 135.962057802804821, 33.686804964151349 ], [ 135.962375096796762, 33.68634792931546 ], [ 135.963174594027976, 33.68686486787805 ], [ 135.962919881334699, 33.687146411455593 ] ], [ [ 135.962332215541437, 33.686326305205945 ], [ 135.961870507884811, 33.686858976496424 ], [ 135.961368164449368, 33.686534511601856 ], [ 135.961852560410051, 33.686008892429015 ], [ 135.962332215541437, 33.686326305205945 ] ] ] } },
{ "type": "Feature", "properties": { "CITY_NAME": "新宮市", "S_NAME": "蜂伏", "JINKO": 50, "medical_area": "30_新宮医療圏", "町丁目名": "新宮市蜂伏" }, "geometry": { "type": "Polygon", "coordinates": [ [ [ 135.963174594027976, 33.68686486787805 ], [ 135.962375096796762, 33.68634792931546 ], [ 135.962057802804821, 33.686804964151335 ], [ 135.962290438797964, 33.686784438889568 ], [ 135.96291988133467, 33.687146411455593 ], [ 135.963174594027976, 33.68686486787805 ] ] ] } },
{ "type": "Feature", "properties": { "CITY_NAME": "新宮市", "S_NAME": "蜂伏", "JINKO": 108, "medical_area": "30_新宮医療圏", "町丁目名": "新宮市蜂伏" }, "geometry": { "type": "Polygon", "coordinates": [ [ [ 135.961368164449397, 33.68653451160187 ], [ 135.961870507884811, 33.686858976496424 ], [ 135.962332215541437, 33.686326305205938 ], [ 135.961852560410051, 33.686008892429015 ], [ 135.961368164449397, 33.68653451160187 ] ] ] } },
{ "type": "Feature", "properties": { "CITY_NAME": "新宮市", "S_NAME": "高田", "JINKO": 234, "medical_area": "30_新宮医療圏", "町丁目名": "新宮市高田" }, "geometry": { "type": "Polygon", "coordinates": [ [ [ 135.903338966849219, 33.776820235358237 ], [ 135.905587604622497, 33.768535852893642 ], [ 135.905923502704098, 33.767906076811606 ], [ 135.90770091351277, 33.76677386469639 ], [ 135.908979232054719, 33.766489098401188 ], [ 135.910045387301864, 33.766505374114082 ], [ 135.912151458209763, 33.76716607846604 ], [ 135.913925198566943, 33.767291718463916 ], [ 135.915445557875131, 33.767053681139309 ], [ 135.917371391674465, 33.766345209559617 ], [ 135.918130916429504, 33.765661448975173 ], [ 135.91923799744805, 33.76417869044176 ], [ 135.919555285596601, 33.763393482718939 ], [ 135.920408219419301, 33.759721381013343 ], [ 135.920970357756744, 33.758413224191465 ], [ 135.921538741633015, 33.757912045062206 ], [ 135.923859447083629, 33.756531418883597 ], [ 135.921314376962357, 33.753860668250454 ], [ 135.918807703871209, 33.750616891747079 ], [ 135.918537397614699, 33.749546420588082 ], [ 135.918624078451074, 33.745460700228044 ], [ 135.917918825008087, 33.742098629987083 ], [ 135.917647998551445, 33.741619872437866 ], [ 135.915597881261675, 33.742084407413309 ], [ 135.916438034376, 33.740391555177183 ], [ 135.916420884101058, 33.738161784008895 ], [ 135.916820395868996, 33.736757868299485 ], [ 135.917476904502081, 33.73520393833352 ], [ 135.919599094582281, 33.732021504458601 ], [ 135.919290867995528, 33.731999890009625 ], [ 135.919066879960809, 33.731152893103207 ], [ 135.918861598083538, 33.730916919865621 ], [ 135.917032730469998, 33.729500674071097 ], [ 135.915750138930719, 33.727688181093598 ], [ 135.915526532175079, 33.726498118870317 ], [ 135.916498679191648, 33.723861701937409 ], [ 135.917623745995002, 33.722425998101876 ], [ 135.918904304358932, 33.719457562693059 ], [ 135.92112909690681, 33.715942955322625 ], [ 135.921746089990762, 33.71525724407347 ], [ 135.92339077783322, 33.714100619362775 ], [ 135.924456925204623, 33.713726089404197 ], [ 135.925625434947676, 33.713748059906194 ], [ 135.929002010182046, 33.714532631459882 ], [ 135.932423199561867, 33.715799537846927 ], [ 135.932962600743622, 33.715724734743539 ], [ 135.936922423567097, 33.709062873305861 ], [ 135.936307684804149, 33.708772058947325 ], [ 135.936150743426651, 33.707626162103054 ], [ 135.935529422059375, 33.707106825063377 ], [ 135.935695975879469, 33.706711445347096 ], [ 135.936060825963153, 33.706209234961825 ], [ 135.936543626818604, 33.706174821346394 ], [ 135.937100223365888, 33.705790202362365 ], [ 135.937451955302919, 33.705742336146194 ], [ 135.93743324973326, 33.705084956395737 ], [ 135.938482107594211, 33.704823567061709 ], [ 135.938878789611095, 33.704497892583611 ], [ 135.938984968880334, 33.703538516565246 ], [ 135.938691891794889, 33.702036689353712 ], [ 135.940083446849883, 33.701304904094215 ], [ 135.940196086204622, 33.699750021950408 ], [ 135.940758983805722, 33.699408223285026 ], [ 135.940752784826799, 33.699135610064488 ], [ 135.941168717236479, 33.698649475275957 ], [ 135.941095856922431, 33.697647475043702 ], [ 135.942765210062248, 33.696782521628684 ], [ 135.942912479326594, 33.696451230857328 ], [ 135.94077685355893, 33.695280896692481 ], [ 135.939476824754962, 33.694971594044482 ], [ 135.936910331518106, 33.693960610890159 ], [ 135.934720676777061, 33.694201792537669 ], [ 135.934721568517148, 33.693006681772111 ], [ 135.933535637425365, 33.692062848384957 ], [ 135.932092495575176, 33.690472628796705 ], [ 135.931322500575845, 33.690752992122981 ], [ 135.930540699723196, 33.690752562164604 ], [ 135.929997983109502, 33.690510221090726 ], [ 135.929622025361084, 33.689922945724483 ], [ 135.926898793604209, 33.687322621559183 ], [ 135.926123596759624, 33.688108725789014 ], [ 135.925530036120534, 33.688102313796264 ], [ 135.92409521675836, 33.685696270281881 ], [ 135.923516445455846, 33.685332718613047 ], [ 135.922655161355124, 33.685235397434518 ], [ 135.92163927340556, 33.683961037655074 ], [ 135.921459021145353, 33.683162258595829 ], [ 135.92153563016069, 33.682451270141918 ], [ 135.920639349211001, 33.681059060638525 ], [ 135.920292134829623, 33.680828777827465 ], [ 135.919112398614772, 33.68079786909162 ], [ 135.91834177616272, 33.68057040441704 ], [ 135.917806698168761, 33.680013282973157 ], [ 135.916280134712594, 33.679370826765656 ], [ 135.914864659766494, 33.679899448188117 ], [ 135.913836922351408, 33.679880568874552 ], [ 135.913316022775462, 33.679662401910718 ], [ 135.912251380743868, 33.680369594949845 ], [ 135.911817094534086, 33.680393520414867 ], [ 135.910821491315346, 33.680795174421455 ], [ 135.909259131356322, 33.679819842441162 ], [ 135.90899134139508, 33.67981359006464 ], [ 135.908107914658586, 33.680218407025457 ], [ 135.905812974064844, 33.682161582258686 ], [ 135.906005735438498, 33.682529852189965 ], [ 135.905871130885117, 33.682915767605053 ], [ 135.906291444020866, 33.683914517419772 ], [ 135.906376648080197, 33.684565316071286 ], [ 135.90595211650259, 33.684991304059864 ], [ 135.905990707895114, 33.686555265316358 ], [ 135.906618280020723, 33.687044883894046 ], [ 135.906470175757761, 33.687495734205307 ], [ 135.905561036287054, 33.689294661498025 ], [ 135.904935437003985, 33.689462390888281 ], [ 135.903964737885758, 33.691039081877406 ], [ 135.903000216017318, 33.691848244699401 ], [ 135.902580336739419, 33.692880144768814 ], [ 135.901677942259596, 33.693296848913228 ], [ 135.901476182789509, 33.693693687264997 ], [ 135.900971178866769, 33.694011948987523 ], [ 135.900928566923483, 33.696114298960914 ], [ 135.89904639292439, 33.696469608581417 ], [ 135.897111249360222, 33.696201012423138 ], [ 135.896299500679532, 33.697097770021202 ], [ 135.896374197232888, 33.697492870656163 ], [ 135.895986966003306, 33.698057914589185 ], [ 135.893301240413621, 33.696886730054203 ], [ 135.892105834185998, 33.697565462144254 ], [ 135.892066807465767, 33.698741239888214 ], [ 135.891612743942972, 33.699057127403748 ], [ 135.889711546235617, 33.699508815613683 ], [ 135.888874079196569, 33.69943170980239 ], [ 135.887501027311856, 33.700420032097711 ], [ 135.887301946612268, 33.700756419585339 ], [ 135.88412002910988, 33.701303210124202 ], [ 135.883963118600178, 33.702218516201654 ], [ 135.883261086911261, 33.7032343256963 ], [ 135.882099614212848, 33.704494293259692 ], [ 135.881379567487528, 33.704897527925681 ], [ 135.88187076379478, 33.706948857859722 ], [ 135.881761392481565, 33.708407336394203 ], [ 135.882012062375395, 33.709659619713761 ], [ 135.880701595172724, 33.709851238314485 ], [ 135.879374165901311, 33.710662296655798 ], [ 135.876996795380165, 33.71155978935591 ], [ 135.875614487500854, 33.711264384506151 ], [ 135.873417452518652, 33.711814142528972 ], [ 135.872101462615916, 33.711420570286897 ], [ 135.870095628660323, 33.71141847922619 ], [ 135.869463008578208, 33.711649989022739 ], [ 135.868761852125061, 33.712285055507351 ], [ 135.867688331865111, 33.712604564118749 ], [ 135.866981481318703, 33.713116906641901 ], [ 135.864668394844671, 33.713722035591992 ], [ 135.86377819593767, 33.714568763847716 ], [ 135.864010554455234, 33.71500632498762 ], [ 135.865026248031683, 33.716009122700925 ], [ 135.86565069105913, 33.717370742452125 ], [ 135.866101020559, 33.717638203955573 ], [ 135.866356989449429, 33.718153973743192 ], [ 135.866090270538621, 33.719179888201175 ], [ 135.865715583159073, 33.719624961574198 ], [ 135.865682702116032, 33.720139155545517 ], [ 135.864685464099693, 33.720679225064252 ], [ 135.864180671385583, 33.721319006430548 ], [ 135.864225555622511, 33.722064204690312 ], [ 135.863932725982323, 33.722794946911534 ], [ 135.864183077439918, 33.724216905980455 ], [ 135.864627524426879, 33.724691893912691 ], [ 135.865004393020911, 33.725540156972606 ], [ 135.866640069458953, 33.726420055819517 ], [ 135.866333058526919, 33.727302522599174 ], [ 135.867982369685336, 33.729340340577195 ], [ 135.868214117038519, 33.730225612541958 ], [ 135.868766511671623, 33.731344662434054 ], [ 135.86962285014485, 33.731765242985283 ], [ 135.870053044058722, 33.732489825734923 ], [ 135.87147578452246, 33.73309313603238 ], [ 135.871924441301076, 33.733627537199212 ], [ 135.872150245366726, 33.734790468625079 ], [ 135.873025376663975, 33.7356022876263 ], [ 135.873598890152863, 33.736651885832515 ], [ 135.874504010578107, 33.737640691540591 ], [ 135.874889583325768, 33.738827333306297 ], [ 135.875960259317907, 33.7410149462142 ], [ 135.876671819613307, 33.742003543489055 ], [ 135.877346277019029, 33.742268937126092 ], [ 135.877650927880751, 33.742607504520485 ], [ 135.879865924143303, 33.742769018787314 ], [ 135.880504765228949, 33.743338250471524 ], [ 135.880627045026642, 33.744024760637366 ], [ 135.88110427436385, 33.744782619038915 ], [ 135.881369940072119, 33.74577075879121 ], [ 135.882144044992174, 33.746148931000548 ], [ 135.881802490091104, 33.747021244747692 ], [ 135.881877710544643, 33.747810552515723 ], [ 135.881497567966079, 33.748999113026549 ], [ 135.880133574097556, 33.750652339402222 ], [ 135.880225902899952, 33.750866292031802 ], [ 135.880705142626084, 33.751030606879532 ], [ 135.880955214135668, 33.751440400761354 ], [ 135.880823319363827, 33.752259516822953 ], [ 135.881171409957545, 33.752705894152378 ], [ 135.881202651249879, 33.753770861309022 ], [ 135.88135934517436, 33.753957258083794 ], [ 135.882482484015611, 33.754315332757287 ], [ 135.882898702886934, 33.75492898728961 ], [ 135.882544927469922, 33.756563857979572 ], [ 135.882739797805385, 33.757741530038849 ], [ 135.882366910234282, 33.758201854409378 ], [ 135.882145362667899, 33.758898299213392 ], [ 135.882553184004308, 33.760634769582843 ], [ 135.883214061696236, 33.761337834687261 ], [ 135.88364297534693, 33.762797909047187 ], [ 135.883442384621702, 33.763292913515819 ], [ 135.883500020924885, 33.764015685932208 ], [ 135.883072237857903, 33.764262806503346 ], [ 135.883244122849277, 33.764608550312751 ], [ 135.883188175978177, 33.765201464269389 ], [ 135.883346429100527, 33.765431953893106 ], [ 135.883183663265356, 33.765993209087654 ], [ 135.882927729507003, 33.76661481217522 ], [ 135.882265497764138, 33.766884811800765 ], [ 135.882230154929772, 33.767523812744329 ], [ 135.882967638895337, 33.767697376769654 ], [ 135.883376725977143, 33.768541357791371 ], [ 135.884437808388753, 33.769060516770118 ], [ 135.885064218418137, 33.769815384582699 ], [ 135.886807921407524, 33.770289276542712 ], [ 135.887597603158525, 33.770097146489491 ], [ 135.888575017807767, 33.771347557000688 ], [ 135.889505335988815, 33.771711049874263 ], [ 135.889801473347745, 33.771970547350314 ], [ 135.890093723218428, 33.772583940329959 ], [ 135.891491769248887, 33.773857806298665 ], [ 135.891576983185757, 33.774620767157451 ], [ 135.893175812994031, 33.775284481389406 ], [ 135.894170881310316, 33.77631887296922 ], [ 135.894853380756757, 33.776417381273639 ], [ 135.896920378183012, 33.777726123008634 ], [ 135.898233309957789, 33.778265667622591 ], [ 135.898364072475175, 33.778478792020053 ], [ 135.899983448555929, 33.779372620956032 ], [ 135.901761330160269, 33.780162997293814 ], [ 135.902157478968491, 33.779867875397713 ], [ 135.903338966849219, 33.776820235358237 ] ] ] } },
{ "type": "Feature", "properties": { "CITY_NAME": "新宮市", "S_NAME": "相賀", "JINKO": 9, "medical_area": "30_新宮医療圏", "町丁目名": "新宮市相賀" }, "geometry": { "type": "Polygon", "coordinates": [ [ [ 135.938268971729741, 33.756026039935939 ], [ 135.93858624782203, 33.754020285731293 ], [ 135.939429614034395, 33.751121574298672 ], [ 135.939201688592362, 33.746816610803698 ], [ 135.939276528395141, 33.745886669723198 ], [ 135.940750770858472, 33.735907014150847 ], [ 135.94126231013567, 33.735308073835796 ], [ 135.942890921641833, 33.734685400829235 ], [ 135.944866361286671, 33.733105417697566 ], [ 135.948461837713296, 33.731178369500064 ], [ 135.949476220251256, 33.730469290135957 ], [ 135.946047037146428, 33.727544147755843 ], [ 135.945649195800456, 33.727061591193461 ], [ 135.9452325376582, 33.725892918372075 ], [ 135.944911744498626, 33.725442514358171 ], [ 135.944411157821662, 33.725013587694797 ], [ 135.943056647578743, 33.724391270279057 ], [ 135.942029715861707, 33.723661874967249 ], [ 135.941495407812738, 33.722774061758862 ], [ 135.941532860408245, 33.721229564863307 ], [ 135.942116284219736, 33.720094301229679 ], [ 135.942958637783192, 33.718986050531498 ], [ 135.944318998598305, 33.717688953697255 ], [ 135.950309571731509, 33.713703389539305 ], [ 135.950989634697606, 33.713095309841215 ], [ 135.951858866868378, 33.711816826171216 ], [ 135.950890211061903, 33.710729249611376 ], [ 135.950231039677703, 33.71161614981289 ], [ 135.950125196976757, 33.712190636992162 ], [ 135.949626067392813, 33.712746233099956 ], [ 135.949191074306555, 33.712981199057538 ], [ 135.948826482638083, 33.713114753346908 ], [ 135.948081493721304, 33.713079655377811 ], [ 135.945545011853596, 33.714470821886493 ], [ 135.942916519999244, 33.714651269234878 ], [ 135.940765063022468, 33.713936838074979 ], [ 135.940183372555907, 33.713562512587245 ], [ 135.939589214269574, 33.712739174566515 ], [ 135.938615753006388, 33.710256160828202 ], [ 135.936922423567097, 33.709062873305861 ], [ 135.93279558738584, 33.715810445620662 ], [ 135.932423199561867, 33.715799537846927 ], [ 135.929002010182046, 33.714532631459882 ], [ 135.925034788902707, 33.713694172779839 ], [ 135.923943188544797, 33.713832851836322 ], [ 135.92339077783322, 33.714100619362775 ], [ 135.921746089990762, 33.71525724407347 ], [ 135.92112909690681, 33.715942955322625 ], [ 135.918904304358932, 33.719457562693059 ], [ 135.917623745995002, 33.722425998101876 ], [ 135.916498679191648, 33.723861701937409 ], [ 135.915526532175079, 33.726498118870317 ], [ 135.915750138930719, 33.727688181093598 ], [ 135.916429757790297, 33.728803458043849 ], [ 135.917032730469998, 33.729500674071097 ], [ 135.918861598083538, 33.730916919865621 ], [ 135.919066879960809, 33.731152893103207 ], [ 135.919290867995528, 33.731999890009625 ], [ 135.919599094582281, 33.732021504458601 ], [ 135.917476904502081, 33.73520393833352 ], [ 135.916820395868996, 33.736757868299485 ], [ 135.916420884101058, 33.738161784008895 ], [ 135.916438034376, 33.740391555177183 ], [ 135.915597881261675, 33.742084407413309 ], [ 135.917647998551445, 33.741619872437866 ], [ 135.917918825008087, 33.742098629987083 ], [ 135.918624078451074, 33.745460700228044 ], [ 135.918537397614699, 33.749546420588082 ], [ 135.918807703871209, 33.750616891747079 ], [ 135.921314376962357, 33.753860668250454 ], [ 135.923859447083629, 33.756531418883597 ], [ 135.927975145679909, 33.754482437725784 ], [ 135.929783988572325, 33.754065456854548 ], [ 135.930603116554835, 33.754272022872279 ], [ 135.931731533861409, 33.754850122182063 ], [ 135.935143276874868, 33.757451936128163 ], [ 135.936383855407229, 33.757694173614155 ], [ 135.937259598976169, 33.757179672626876 ], [ 135.937796768339183, 33.756413806627648 ], [ 135.938268971729741, 33.756026039935939 ] ] ] } },
{ "type": "Feature", "properties": { "CITY_NAME": "新宮市", "S_NAME": "南桧杖", "JINKO": 19, "medical_area": "30_新宮医療圏", "町丁目名": "新宮市南桧杖" }, "geometry": { "type": "Polygon", "coordinates": [ [ [ 135.969077986050763, 33.723418955064481 ], [ 135.973249167432783, 33.722627707314246 ], [ 135.975352139349582, 33.722946663115771 ], [ 135.975511217333292, 33.721027008339149 ], [ 135.976872097818443, 33.720481753064952 ], [ 135.97660562642875, 33.720225155973893 ], [ 135.975954300422188, 33.720020334262827 ], [ 135.975848615867392, 33.719671345193234 ], [ 135.975303113253517, 33.71929902839215 ], [ 135.974952638302739, 33.718340669898502 ], [ 135.975011238244917, 33.717817298231644 ], [ 135.97472376564275, 33.716601837077008 ], [ 135.974936944870507, 33.716279676912592 ], [ 135.974807578274152, 33.71588757203083 ], [ 135.974848347179801, 33.714749801492431 ], [ 135.97514515092243, 33.71437595280085 ], [ 135.975034778274875, 33.713571484351291 ], [ 135.974567194937862, 33.712651844197744 ], [ 135.975175241076471, 33.711880340374606 ], [ 135.974788041073168, 33.710884787194637 ], [ 135.974778849812424, 33.709973416261619 ], [ 135.974509221780409, 33.709660180203862 ], [ 135.973426115420125, 33.710372967473518 ], [ 135.971445088617116, 33.709663610645748 ], [ 135.970955383310951, 33.708289603017668 ], [ 135.970145086339926, 33.707321961133303 ], [ 135.969293169013696, 33.706842744340697 ], [ 135.969353636182859, 33.706433212097224 ], [ 135.969595006061127, 33.706187431104894 ], [ 135.969361363083863, 33.705884895692698 ], [ 135.965233099367765, 33.70565371109938 ], [ 135.962462039400918, 33.705637101937789 ], [ 135.961541421089123, 33.707218806907008 ], [ 135.960655121123466, 33.707877018169143 ], [ 135.959139224649107, 33.708387096574633 ], [ 135.958332340414074, 33.708449814817044 ], [ 135.958045351066858, 33.709376181425831 ], [ 135.957309918333834, 33.709801272900016 ], [ 135.956970572574136, 33.709820038400892 ], [ 135.95656347975978, 33.709580538626618 ], [ 135.95649588538916, 33.709044730881914 ], [ 135.956352646245165, 33.708981706397978 ], [ 135.955221395065138, 33.709233361992339 ], [ 135.95510039386042, 33.709913935329368 ], [ 135.954715722746613, 33.71007779095563 ], [ 135.954934235834656, 33.710418105289641 ], [ 135.954722939610633, 33.710701632203566 ], [ 135.953825517682077, 33.710814726331648 ], [ 135.952494742077988, 33.711750564701461 ], [ 135.951963973251139, 33.71173430630607 ], [ 135.951433362316322, 33.711445574601569 ], [ 135.951858866868378, 33.711816826171216 ], [ 135.950989634697606, 33.713095309841215 ], [ 135.950309571731509, 33.713703389539305 ], [ 135.944318998598305, 33.717688953697255 ], [ 135.942958637783192, 33.718986050531498 ], [ 135.942116284219736, 33.720094301229679 ], [ 135.941532860408245, 33.721229564863307 ], [ 135.941435186134044, 33.722067640775741 ], [ 135.941584265472812, 33.723017409845397 ], [ 135.942029715861707, 33.723661874967249 ], [ 135.943056647578743, 33.724391270279057 ], [ 135.944411157821662, 33.725013587694797 ], [ 135.944911744498626, 33.725442514358171 ], [ 135.9452325376582, 33.725892918372075 ], [ 135.945649195800456, 33.727061591193461 ], [ 135.946047037146428, 33.727544147755843 ], [ 135.949476220251256, 33.730469290135957 ], [ 135.951715148614483, 33.729061615695876 ], [ 135.955346976773455, 33.727964328592591 ], [ 135.956328148451945, 33.727558354974413 ], [ 135.957960888770572, 33.726415479564018 ], [ 135.959700505541889, 33.725816713020201 ], [ 135.969077986050763, 33.723418955064481 ] ] ] } },
{ "type": "Feature", "properties": { "CITY_NAME": "新宮市", "S_NAME": "伊佐田町一丁目", "JINKO": 53, "medical_area": "30_新宮医療圏", "町丁目名": "新宮市伊佐田町一丁目" }, "geometry": { "type": "Polygon", "coordinates": [ [ [ 135.993531203211461, 33.729456034939901 ], [ 135.994544966569094, 33.729280361829751 ], [ 135.994579276047261, 33.728127810219824 ], [ 135.993383819770884, 33.728079904664597 ], [ 135.993382436307542, 33.728555381959573 ], [ 135.992883176584257, 33.728983231375395 ], [ 135.993531203211461, 33.729456034939901 ] ] ] } },
{ "type": "Feature", "properties": { "CITY_NAME": "新宮市", "S_NAME": "伊佐田町二丁目", "JINKO": 50, "medical_area": "30_新宮医療圏", "町丁目名": "新宮市伊佐田町二丁目" }, "geometry": { "type": "Polygon", "coordinates": [ [ [ 135.994579276047261, 33.728127810219824 ], [ 135.994508282029443, 33.726859301612571 ], [ 135.993287349317484, 33.726675863785267 ], [ 135.992948559902175, 33.726967628689977 ], [ 135.992973248944764, 33.728067220661593 ], [ 135.994579276047261, 33.728127810219824 ] ] ] } },
{ "type": "Feature", "properties": { "CITY_NAME": "新宮市", "S_NAME": "熊野川町上長井", "JINKO": 44, "medical_area": "30_新宮医療圏", "町丁目名": "新宮市熊野川町上長井" }, "geometry": { "type": "Polygon", "coordinates": [ [ [ 135.830193186435849, 33.779651397700391 ], [ 135.832529103895155, 33.779562302614494 ], [ 135.833571217780559, 33.778777436061709 ], [ 135.834028941959076, 33.777715097355788 ], [ 135.834336008076917, 33.777425294578165 ], [ 135.836017480616192, 33.776391375070517 ], [ 135.836921842166049, 33.776227892062288 ], [ 135.837773277484359, 33.775767074327916 ], [ 135.840161466357983, 33.77350963933057 ], [ 135.841456378667061, 33.772938780242789 ], [ 135.842814797122713, 33.772570011564234 ], [ 135.84439349854182, 33.771793375547979 ], [ 135.84613372275939, 33.769672772131791 ], [ 135.846291890712251, 33.76902913945576 ], [ 135.846678014871827, 33.768571473876591 ], [ 135.848445738069017, 33.767268223833803 ], [ 135.84883509902042, 33.76613867599189 ], [ 135.850438723836703, 33.763599073068896 ], [ 135.853219777332896, 33.760752583955998 ], [ 135.854528257129488, 33.760139445227061 ], [ 135.85502189853031, 33.759564381547108 ], [ 135.855483645317094, 33.758593973912326 ], [ 135.848868011707935, 33.756577231107286 ], [ 135.846214029451062, 33.755287178462446 ], [ 135.844830088377137, 33.754117546562547 ], [ 135.844536755480505, 33.755149131721801 ], [ 135.844001852744071, 33.755438251164463 ], [ 135.843820911208468, 33.755710486069084 ], [ 135.844050555554759, 33.757290473571238 ], [ 135.843786467451423, 33.757493008734315 ], [ 135.841532959457879, 33.757656944158455 ], [ 135.840218605657412, 33.758668466689407 ], [ 135.839939226484034, 33.759191336062507 ], [ 135.839903539804595, 33.759677046352152 ], [ 135.840468169366346, 33.760832152721918 ], [ 135.840168810055189, 33.761404868205808 ], [ 135.839361702804382, 33.762308981983267 ], [ 135.837884805104693, 33.762882831366596 ], [ 135.836084997511932, 33.763265199143248 ], [ 135.835980040965239, 33.763613599004948 ], [ 135.83630102686152, 33.76392607564533 ], [ 135.83716992829801, 33.764050637596142 ], [ 135.837899207905878, 33.764472692053452 ], [ 135.838254266226073, 33.765162629229067 ], [ 135.838227544200265, 33.765503808305098 ], [ 135.837905539536905, 33.765728371215282 ], [ 135.83739260208722, 33.765807575040348 ], [ 135.8361772519157, 33.765036473683651 ], [ 135.835021876974878, 33.764730066802535 ], [ 135.834387117934796, 33.764888975344888 ], [ 135.832694926082439, 33.765768605911624 ], [ 135.832302303186481, 33.766552071843904 ], [ 135.831927911526662, 33.766885449058279 ], [ 135.832922024215407, 33.769941788567252 ], [ 135.83299264832749, 33.771046529110428 ], [ 135.832642603392856, 33.771510679676439 ], [ 135.830562894190535, 33.77273815704303 ], [ 135.828900414666776, 33.774331344066312 ], [ 135.82813813448081, 33.775419157647789 ], [ 135.82778988946032, 33.776548540631865 ], [ 135.827564360714121, 33.780467415136677 ], [ 135.828347307236584, 33.780079246788695 ], [ 135.830193186435849, 33.779651397700391 ] ] ] } },
{ "type": "Feature", "properties": { "CITY_NAME": "新宮市", "S_NAME": "熊野川町西", "JINKO": 70, "medical_area": "30_新宮医療圏", "町丁目名": "新宮市熊野川町西" }, "geometry": { "type": "Polygon", "coordinates": [ [ [ 135.819846628669666, 33.763311335669677 ], [ 135.821834861096761, 33.763074723812217 ], [ 135.82274356690337, 33.76313534150345 ], [ 135.82502497916164, 33.763539397538352 ], [ 135.82572597253332, 33.76337499454673 ], [ 135.826029946026125, 33.762444628066639 ], [ 135.826559575150554, 33.761648131860028 ], [ 135.82735675960862, 33.761611068545299 ], [ 135.827747455133192, 33.761738829618878 ], [ 135.827532560764467, 33.762565496158459 ], [ 135.827664075761589, 33.762825462695353 ], [ 135.82808954215318, 33.763029345450747 ], [ 135.828541900083138, 33.762819498894352 ], [ 135.82881983652257, 33.762906948202492 ], [ 135.829059629535465, 33.764714773501012 ], [ 135.829345725862765, 33.765078076553408 ], [ 135.830110217945816, 33.765260584278529 ], [ 135.830255953456231, 33.76629160595607 ], [ 135.830485705655548, 33.766585797229283 ], [ 135.831927911526662, 33.766885449058279 ], [ 135.832302303186481, 33.766552071843904 ], [ 135.832694926082439, 33.765768605911624 ], [ 135.834387117934796, 33.764888975344888 ], [ 135.835021876974878, 33.764730066802535 ], [ 135.8361772519157, 33.765036473683651 ], [ 135.837105940506461, 33.765720131351628 ], [ 135.837905539536905, 33.765728371215282 ], [ 135.838227544200265, 33.765503808305098 ], [ 135.838254266226073, 33.765162629229067 ], [ 135.837899207905878, 33.764472692053452 ], [ 135.83716992829801, 33.764050637596142 ], [ 135.83630102686152, 33.76392607564533 ], [ 135.835980040965239, 33.763613599004948 ], [ 135.836084997511932, 33.763265199143248 ], [ 135.837884805104693, 33.762882831366596 ], [ 135.839361702804382, 33.762308981983267 ], [ 135.840168810055189, 33.761404868205808 ], [ 135.840468169366346, 33.760832152721918 ], [ 135.839903539804595, 33.759677046352152 ], [ 135.839939226484034, 33.759191336062507 ], [ 135.840218605657412, 33.758668466689407 ], [ 135.841532959457879, 33.757656944158455 ], [ 135.843786467451423, 33.757493008734315 ], [ 135.844050555554759, 33.757290473571238 ], [ 135.843820911208468, 33.755710486069084 ], [ 135.844001852744071, 33.755438251164463 ], [ 135.844536755480505, 33.755149131721801 ], [ 135.845004170939433, 33.753793174796002 ], [ 135.84694946801514, 33.753519750619084 ], [ 135.847145270014579, 33.753359951486466 ], [ 135.846989567776774, 33.75295472083716 ], [ 135.84667400620657, 33.752599305990408 ], [ 135.84480915102759, 33.752535698258086 ], [ 135.843775555620056, 33.752321665830664 ], [ 135.839948268776283, 33.751203943148376 ], [ 135.839943338860138, 33.751054037524362 ], [ 135.840662796486669, 33.750807716489845 ], [ 135.842460288695491, 33.749605328619964 ], [ 135.843074214420255, 33.747841551308085 ], [ 135.843023966867293, 33.746938287746531 ], [ 135.842813165863106, 33.746383223572288 ], [ 135.840638667050996, 33.745305365919087 ], [ 135.840201760274567, 33.744701962688879 ], [ 135.840070842127716, 33.743230544873484 ], [ 135.839710722095305, 33.742611598989392 ], [ 135.838355045603976, 33.743127444653283 ], [ 135.836829734626491, 33.744136565416575 ], [ 135.834082822094445, 33.746393102190432 ], [ 135.833761832905765, 33.74705059301337 ], [ 135.832678586974822, 33.747495306855704 ], [ 135.831404877132456, 33.748267724808947 ], [ 135.829856306898705, 33.749619336152151 ], [ 135.829278557985504, 33.749403270496259 ], [ 135.82887343340002, 33.749541618846699 ], [ 135.829020438347555, 33.750973182234326 ], [ 135.828582821491551, 33.75148904682159 ], [ 135.827552061253272, 33.75184178444448 ], [ 135.825657552959257, 33.752086504498017 ], [ 135.82472886784393, 33.752015590778768 ], [ 135.823946351616428, 33.751786106969895 ], [ 135.822876219882716, 33.751104400082035 ], [ 135.821413269186053, 33.750723315584942 ], [ 135.819838186809363, 33.750743838999284 ], [ 135.817945260387773, 33.750999562759013 ], [ 135.817252390126782, 33.751311005409185 ], [ 135.815033137630138, 33.751439827899254 ], [ 135.8135167308333, 33.751930893453881 ], [ 135.81297164051395, 33.752293814007686 ], [ 135.812452017116414, 33.753127024637394 ], [ 135.810690906880978, 33.754623876799585 ], [ 135.808859404350272, 33.757108780978101 ], [ 135.808220333664366, 33.758460839293647 ], [ 135.808239271961071, 33.761388281510584 ], [ 135.808531111005635, 33.76238040569514 ], [ 135.809677449169129, 33.764217311564529 ], [ 135.81089866411611, 33.763401367196707 ], [ 135.811330291190757, 33.762454878094125 ], [ 135.812092922497328, 33.761397594255399 ], [ 135.813287068197923, 33.761399408167939 ], [ 135.813995456292758, 33.761576300819861 ], [ 135.814801196874441, 33.76243139557829 ], [ 135.81449052348546, 33.763076869680674 ], [ 135.813592438364935, 33.76321541245116 ], [ 135.813084702704771, 33.763602069192885 ], [ 135.812894627355405, 33.764096839198736 ], [ 135.81288808259103, 33.765133717341854 ], [ 135.812586344399648, 33.76561408985512 ], [ 135.81169125378193, 33.766337426443862 ], [ 135.811639214861145, 33.76655979895348 ], [ 135.81195668452736, 33.766761178664119 ], [ 135.81269970008924, 33.766830491148866 ], [ 135.813428940875497, 33.767312278953796 ], [ 135.814183270128268, 33.768124324721661 ], [ 135.814578259457505, 33.768239593223868 ], [ 135.815520178610655, 33.767713680937817 ], [ 135.816824022827149, 33.766678731889996 ], [ 135.817985029769716, 33.766142279601937 ], [ 135.819153974153181, 33.765907172121686 ], [ 135.819438535274514, 33.765445922650549 ], [ 135.819158480588811, 33.764616573346856 ], [ 135.819170774505722, 33.763586051012254 ], [ 135.819846628669666, 33.763311335669677 ] ] ] } },
{ "type": "Feature", "properties": { "CITY_NAME": "新宮市", "S_NAME": "熊野川町東", "JINKO": 20, "medical_area": "30_新宮医療圏", "町丁目名": "新宮市熊野川町東" }, "geometry": { "type": "Polygon", "coordinates": [ [ [ 135.874156254942932, 33.737186125235795 ], [ 135.873598890152863, 33.736651885832508 ], [ 135.873025376663946, 33.7356022876263 ], [ 135.872269338580992, 33.734998392574987 ], [ 135.871981500876501, 33.73373382047734 ], [ 135.871578948850242, 33.733179461287108 ], [ 135.870053044058722, 33.732489825734923 ], [ 135.86962285014485, 33.731765242985283 ], [ 135.868866881397707, 33.731428592024457 ], [ 135.868576292791857, 33.731008316107619 ], [ 135.868104032583659, 33.731242814437088 ], [ 135.86743319621317, 33.732220120977253 ], [ 135.865620232676292, 33.736416949481665 ], [ 135.864309523135972, 33.738681118272652 ], [ 135.862909698957452, 33.739599305152375 ], [ 135.857646500692709, 33.742501032604899 ], [ 135.857338143656932, 33.742779771944335 ], [ 135.856864837755438, 33.743758800087754 ], [ 135.855358250716876, 33.744073201012654 ], [ 135.854624563474744, 33.746001601998053 ], [ 135.853806110514654, 33.747061767557689 ], [ 135.851763477792247, 33.747627950763821 ], [ 135.851341403243651, 33.747956971096393 ], [ 135.851119744944185, 33.748805522976454 ], [ 135.849775745504758, 33.74895014430107 ], [ 135.849167637459431, 33.750710159000903 ], [ 135.848752650397898, 33.750997056230347 ], [ 135.847438249842668, 33.751315538599826 ], [ 135.846692593474643, 33.751744170896814 ], [ 135.846508075583728, 33.752162082185137 ], [ 135.847145270014579, 33.753359951486438 ], [ 135.846413522614966, 33.753652923353435 ], [ 135.845254187372177, 33.753695011755802 ], [ 135.84500417093949, 33.753793174795987 ], [ 135.84483008837708, 33.754117546562547 ], [ 135.846214029451062, 33.755287178462446 ], [ 135.848868011707935, 33.756577231107286 ], [ 135.855483645317094, 33.758593973912326 ], [ 135.855979286050285, 33.757908743882503 ], [ 135.857461850128487, 33.757152367341114 ], [ 135.858396963323685, 33.756348446699953 ], [ 135.860763667479603, 33.752582302887511 ], [ 135.862231309663599, 33.749075957032098 ], [ 135.864558208552637, 33.744971892976032 ], [ 135.864997078803668, 33.744528434031629 ], [ 135.867103840526056, 33.743525873612946 ], [ 135.869201538096377, 33.743016223924386 ], [ 135.870487657129047, 33.742989651156627 ], [ 135.870683825341871, 33.742253869643633 ], [ 135.870397471242853, 33.741495898055099 ], [ 135.869257574413638, 33.739949642380829 ], [ 135.869270720056704, 33.739230721160091 ], [ 135.870267162280783, 33.73862608176303 ], [ 135.871322345457372, 33.738377228877752 ], [ 135.872350310227773, 33.737831640421511 ], [ 135.874156254942932, 33.737186125235795 ] ] ] } },
{ "type": "Feature", "properties": { "CITY_NAME": "新宮市", "S_NAME": "熊野川町大山", "JINKO": 42, "medical_area": "30_新宮医療圏", "町丁目名": "新宮市熊野川町大山" }, "geometry": { "type": "Polygon", "coordinates": [ [ [ 135.846626643362669, 33.752545993656433 ], [ 135.846508075583728, 33.752162082185123 ], [ 135.84692951305712, 33.751543565290305 ], [ 135.848752650397898, 33.750997056230347 ], [ 135.849167637459459, 33.75071015900091 ], [ 135.849775745504758, 33.748950144301055 ], [ 135.851119744944185, 33.74880552297644 ], [ 135.851341403243651, 33.747956971096393 ], [ 135.851763477792218, 33.747627950763821 ], [ 135.853806110514654, 33.747061767557689 ], [ 135.854624563474744, 33.746001601998067 ], [ 135.855358250716904, 33.744073201012654 ], [ 135.856864837755438, 33.743758800087775 ], [ 135.857338143656932, 33.742779771944335 ], [ 135.857646500692709, 33.742501032604871 ], [ 135.863724209785971, 33.739125825544406 ], [ 135.864309523135972, 33.738681118272652 ], [ 135.864936689980709, 33.737721094755287 ], [ 135.86743319621317, 33.732220120977253 ], [ 135.868104032583659, 33.731242814437088 ], [ 135.868576292791857, 33.731008316107619 ], [ 135.867982369685336, 33.729340340577195 ], [ 135.866333058526919, 33.727302522599174 ], [ 135.866640069458953, 33.726420055819517 ], [ 135.864912458957576, 33.725428193277523 ], [ 135.864627524426879, 33.724691893912691 ], [ 135.86410795849352, 33.724060440787518 ], [ 135.863951519458794, 33.722898378160785 ], [ 135.863106090744367, 33.723101740583651 ], [ 135.862225499327252, 33.722834920159897 ], [ 135.861582162564019, 33.722345754184197 ], [ 135.861189701041127, 33.722388571501384 ], [ 135.860531189589466, 33.722146780128419 ], [ 135.858191721363937, 33.722138658184299 ], [ 135.857217273758465, 33.721396348981138 ], [ 135.85564621196275, 33.721312697288333 ], [ 135.854632372753088, 33.721045534197124 ], [ 135.853870264640364, 33.720772598106073 ], [ 135.853849046590142, 33.720058282213778 ], [ 135.853040797425109, 33.719627218192727 ], [ 135.852407455150058, 33.71895924612803 ], [ 135.851763857622387, 33.71866798530322 ], [ 135.849958354132355, 33.71844831774365 ], [ 135.848913719565871, 33.71896932415347 ], [ 135.847565712721007, 33.720552362971716 ], [ 135.84658207720463, 33.722469443775033 ], [ 135.845833127665827, 33.7264434388157 ], [ 135.84433845637767, 33.727255334666474 ], [ 135.842555116932971, 33.728777331501213 ], [ 135.841157574499135, 33.730665379455701 ], [ 135.83985696397886, 33.732881930901435 ], [ 135.839070686864346, 33.733649296214729 ], [ 135.837351506160104, 33.734522368868554 ], [ 135.836993352010779, 33.735262523164927 ], [ 135.835910903550683, 33.738870109835908 ], [ 135.835382126500889, 33.739541564183753 ], [ 135.834419739131732, 33.740266538012051 ], [ 135.830633284241856, 33.7420303606076 ], [ 135.82605439770424, 33.744628379425272 ], [ 135.825468055086219, 33.745157130085516 ], [ 135.825276647874318, 33.745667555592199 ], [ 135.825799130222975, 33.746579230651115 ], [ 135.825027755719276, 33.747076580354729 ], [ 135.824934978230658, 33.747333416415692 ], [ 135.825627906676942, 33.747547267000549 ], [ 135.826313816197171, 33.748062450157427 ], [ 135.827674494678433, 33.750192655364003 ], [ 135.828153895915847, 33.750414790387438 ], [ 135.828450507979625, 33.750297143980973 ], [ 135.82887343340002, 33.749541618846699 ], [ 135.829278557985504, 33.749403270496259 ], [ 135.829856306898705, 33.749619336152151 ], [ 135.831404877132456, 33.748267724808947 ], [ 135.832678586974822, 33.747495306855704 ], [ 135.833761832905765, 33.74705059301337 ], [ 135.834082822094445, 33.746393102190432 ], [ 135.836829734626491, 33.744136565416575 ], [ 135.838355045603976, 33.743127444653283 ], [ 135.839710722095305, 33.742611598989392 ], [ 135.840070842127716, 33.743230544873484 ], [ 135.840201760274567, 33.744701962688879 ], [ 135.840638667050996, 33.745305365919087 ], [ 135.842813165863106, 33.746383223572288 ], [ 135.843023966867293, 33.746938287746531 ], [ 135.843074214420255, 33.747841551308085 ], [ 135.842460288695491, 33.749605328619964 ], [ 135.840662796486669, 33.750807716489845 ], [ 135.839943338860138, 33.751054037524362 ], [ 135.839948268776283, 33.751203943148376 ], [ 135.84480915102759, 33.752535698258086 ], [ 135.846626643362669, 33.752545993656433 ] ] ] } },
{ "type": "Feature", "properties": { "CITY_NAME": "新宮市", "S_NAME": "熊野川町鎌塚", "JINKO": 4, "medical_area": "30_新宮医療圏", "町丁目名": "新宮市熊野川町鎌塚" }, "geometry": { "type": "Polygon", "coordinates": [ [ [ 135.819838186809363, 33.750743838999284 ], [ 135.821413269186053, 33.750723315584942 ], [ 135.822876219882716, 33.751104400082035 ], [ 135.823946351616428, 33.751786106969895 ], [ 135.82472886784393, 33.752015590778768 ], [ 135.825657552959257, 33.752086504498017 ], [ 135.827552061253272, 33.75184178444448 ], [ 135.828582821491551, 33.75148904682159 ], [ 135.829020438347555, 33.750973182234326 ], [ 135.82887343340002, 33.749541618846699 ], [ 135.828450507979625, 33.750297143980973 ], [ 135.828153895915847, 33.750414790387438 ], [ 135.827674494678433, 33.750192655364003 ], [ 135.826313816197171, 33.748062450157427 ], [ 135.825627906676942, 33.747547267000549 ], [ 135.824934978230658, 33.747333416415692 ], [ 135.825027755719276, 33.747076580354729 ], [ 135.825799130222975, 33.746579230651115 ], [ 135.825276647874318, 33.745667555592199 ], [ 135.825468055086219, 33.745157130085516 ], [ 135.82605439770424, 33.744628379425272 ], [ 135.830633284241856, 33.7420303606076 ], [ 135.834419739131732, 33.740266538012051 ], [ 135.835382126500889, 33.739541564183753 ], [ 135.835910903550683, 33.738870109835908 ], [ 135.836993352010779, 33.735262523164927 ], [ 135.837351506160104, 33.734522368868554 ], [ 135.839070686864346, 33.733649296214729 ], [ 135.83985696397886, 33.732881930901435 ], [ 135.841157574499135, 33.730665379455701 ], [ 135.842555116932971, 33.728777331501213 ], [ 135.84433845637767, 33.727255334666474 ], [ 135.845833127665827, 33.7264434388157 ], [ 135.844548439174076, 33.726302088444342 ], [ 135.842767184548336, 33.725712509245341 ], [ 135.840729595550158, 33.724792058365679 ], [ 135.838846488411548, 33.723463063382617 ], [ 135.835090425447419, 33.721309220587784 ], [ 135.833127169853014, 33.720389295774375 ], [ 135.831307596566404, 33.720166638428189 ], [ 135.829815120999882, 33.720186020777192 ], [ 135.828273479456641, 33.720724760083158 ], [ 135.826946914404459, 33.721395083359369 ], [ 135.825920670105035, 33.722309400824891 ], [ 135.823961894533454, 33.723526136135128 ], [ 135.822200557634744, 33.724157604664981 ], [ 135.817515680139508, 33.723669932082572 ], [ 135.813834903019796, 33.723587204050737 ], [ 135.809499240830263, 33.725465308301622 ], [ 135.808115228225319, 33.724683389041317 ], [ 135.806858786703202, 33.724214271179093 ], [ 135.805621221588183, 33.723839561137019 ], [ 135.804653992496071, 33.723790704617457 ], [ 135.804544711338508, 33.723358302601454 ], [ 135.803758728389653, 33.722784793054132 ], [ 135.802585173562193, 33.722332666270226 ], [ 135.796384274351595, 33.720412827600228 ], [ 135.794568262340874, 33.723941380605829 ], [ 135.792724350687848, 33.728598852389389 ], [ 135.793037197400309, 33.729558900496137 ], [ 135.795711961446585, 33.733348437255799 ], [ 135.79612335646209, 33.734685053296779 ], [ 135.796196356276539, 33.736403598097596 ], [ 135.796919693541469, 33.736740766501846 ], [ 135.799376172704825, 33.737328589115897 ], [ 135.80044086317821, 33.737244232904281 ], [ 135.802137239474803, 33.736457744837672 ], [ 135.803550787598539, 33.737051556873503 ], [ 135.804652904764481, 33.73713628318724 ], [ 135.807656589332453, 33.738206202777086 ], [ 135.809482028697346, 33.739256203278913 ], [ 135.810991779540529, 33.740500677630173 ], [ 135.8119005595006, 33.74170406894001 ], [ 135.812729726851956, 33.743620053984159 ], [ 135.813180199107364, 33.745390768918583 ], [ 135.813423113839207, 33.748411024878571 ], [ 135.813361324928536, 33.749517255829531 ], [ 135.81301079195751, 33.750864232434481 ], [ 135.81297164051395, 33.752293814007686 ], [ 135.8135167308333, 33.751930893453881 ], [ 135.815033137630138, 33.751439827899254 ], [ 135.817252390126782, 33.751311005409185 ], [ 135.817945260387773, 33.750999562759013 ], [ 135.819838186809363, 33.750743838999284 ] ] ] } },
{ "type": "Feature", "properties": { "CITY_NAME": "新宮市", "S_NAME": "熊野川町滝本", "JINKO": 5, "medical_area": "30_新宮医療圏", "町丁目名": "新宮市熊野川町滝本" }, "geometry": { "type": "Polygon", "coordinates": [ [ [ 135.847565712721007, 33.720552362971716 ], [ 135.848913719565871, 33.71896932415347 ], [ 135.849958354132355, 33.71844831774365 ], [ 135.850068481846449, 33.717070599115864 ], [ 135.849433221923306, 33.715675788559864 ], [ 135.849157425007803, 33.714555709062104 ], [ 135.847944116885628, 33.714249800161674 ], [ 135.844458393276057, 33.713821179517304 ], [ 135.844873886559355, 33.710795364228254 ], [ 135.843267712035498, 33.710617544297349 ], [ 135.841227406589582, 33.709583425950669 ], [ 135.839798590100258, 33.709190940046675 ], [ 135.83962665447558, 33.708909938528414 ], [ 135.839627944637584, 33.708212142612339 ], [ 135.837951591526348, 33.706738461455188 ], [ 135.836040900514661, 33.706830798410273 ], [ 135.834544247468045, 33.706350959728674 ], [ 135.833692517559825, 33.705614135434899 ], [ 135.833159035700533, 33.704581733978614 ], [ 135.833321633149069, 33.702621126865779 ], [ 135.83291450227307, 33.702040697779879 ], [ 135.833032961212268, 33.701718088953072 ], [ 135.835468734370068, 33.702240903275268 ], [ 135.835922791785521, 33.70209736988113 ], [ 135.836722201621768, 33.701703931225339 ], [ 135.838108450660826, 33.700518625407106 ], [ 135.8390440021752, 33.70009505782668 ], [ 135.839517264639682, 33.699375035814704 ], [ 135.839260677627891, 33.698271158208811 ], [ 135.839607884013873, 33.697004764981884 ], [ 135.839107222651165, 33.695384653242115 ], [ 135.839000066532066, 33.694451442118805 ], [ 135.838455173566985, 33.694670802624188 ], [ 135.837392769000985, 33.695511074947113 ], [ 135.834496844912593, 33.695568294148288 ], [ 135.833775673456245, 33.695427006236891 ], [ 135.832110856159687, 33.692891232347208 ], [ 135.831599221610389, 33.692340666645173 ], [ 135.830954560914478, 33.692529279514069 ], [ 135.830038235529798, 33.692429549834351 ], [ 135.828632798949997, 33.693835749568628 ], [ 135.827914487808442, 33.693998883317022 ], [ 135.826246453277605, 33.693806644395835 ], [ 135.825979039027771, 33.693210756619095 ], [ 135.824813851146729, 33.692126007801448 ], [ 135.823859298453925, 33.691619873450769 ], [ 135.823074088744733, 33.691661726396973 ], [ 135.823009841179612, 33.692544827529154 ], [ 135.822259834079858, 33.693215060305938 ], [ 135.822004009543008, 33.694071825903116 ], [ 135.821767837855333, 33.694185325718244 ], [ 135.819735180129982, 33.694159616546962 ], [ 135.819135930409743, 33.694318097539245 ], [ 135.818208827236958, 33.695037239144852 ], [ 135.817976334051309, 33.695556635987096 ], [ 135.816623140281649, 33.696047638420801 ], [ 135.816458061530341, 33.696859186574351 ], [ 135.81544820690911, 33.698041017382607 ], [ 135.814934666364081, 33.698415725222404 ], [ 135.811664596990482, 33.699814098056621 ], [ 135.810361574900782, 33.70014223513305 ], [ 135.809286641220069, 33.701983808557678 ], [ 135.809102937101272, 33.702969584126457 ], [ 135.808324012623473, 33.70431481437614 ], [ 135.808539638541703, 33.705293719062773 ], [ 135.809124116040437, 33.705707965727647 ], [ 135.809167845487622, 33.706313265780231 ], [ 135.808940634210074, 33.70655537803146 ], [ 135.808604879931835, 33.706571909560068 ], [ 135.808567160428424, 33.707208924391232 ], [ 135.808284539103738, 33.707777375732256 ], [ 135.807884635350234, 33.708042324954199 ], [ 135.809035522601022, 33.708825428829783 ], [ 135.809007756923819, 33.709060519324474 ], [ 135.808726129261714, 33.709188996410909 ], [ 135.808009728921178, 33.708914723825352 ], [ 135.808116619162917, 33.709825132772998 ], [ 135.807998318789231, 33.709969214955862 ], [ 135.807753157970353, 33.710014342786998 ], [ 135.807019664496437, 33.70926977202442 ], [ 135.806103003667346, 33.709268351114218 ], [ 135.806112564573993, 33.709056054703026 ], [ 135.806493961391709, 33.708958028623485 ], [ 135.806521526992981, 33.708806199483433 ], [ 135.806186024059883, 33.70866916314862 ], [ 135.806392013218385, 33.707873071180622 ], [ 135.805385577480394, 33.706439851025245 ], [ 135.804552100546175, 33.705786118075679 ], [ 135.803032241712486, 33.703675125674714 ], [ 135.802678865214347, 33.703424217502857 ], [ 135.802494270504837, 33.702801921230716 ], [ 135.801920904899902, 33.702518539459412 ], [ 135.801704395876158, 33.701960575722666 ], [ 135.800961370164629, 33.70146629855315 ], [ 135.799697551932695, 33.701511753955941 ], [ 135.798922027642931, 33.701343559460611 ], [ 135.797208136769143, 33.701752305707842 ], [ 135.796554699901094, 33.701766460107741 ], [ 135.796208715315004, 33.702239969906941 ], [ 135.796322384883126, 33.70310306458903 ], [ 135.796226306217989, 33.703432716067766 ], [ 135.794374544781476, 33.704542948511794 ], [ 135.794242317617176, 33.704811958680914 ], [ 135.794260541890537, 33.705728012238538 ], [ 135.793955416520731, 33.706178759731863 ], [ 135.792218347472385, 33.706746602500466 ], [ 135.79174570382898, 33.707037867338322 ], [ 135.791025425382941, 33.70851199284467 ], [ 135.79130271176308, 33.709114026509646 ], [ 135.792275802461859, 33.709041402947058 ], [ 135.793020950656171, 33.709185636111087 ], [ 135.793736414916253, 33.709793603445696 ], [ 135.795248256636, 33.711764652245286 ], [ 135.796427200753413, 33.712709217591218 ], [ 135.798160966868863, 33.713528582991117 ], [ 135.798124943845096, 33.714414950964034 ], [ 135.797846796513255, 33.714922517979261 ], [ 135.797340565567112, 33.715264317805449 ], [ 135.796941117059617, 33.716415936672476 ], [ 135.796852106334484, 33.719508417370363 ], [ 135.796384274351595, 33.720412827600228 ], [ 135.802585173562193, 33.722332666270226 ], [ 135.803758728389653, 33.722784793054132 ], [ 135.804544711338508, 33.723358302601454 ], [ 135.804653992496071, 33.723790704617457 ], [ 135.805621221588183, 33.723839561137019 ], [ 135.806858786703202, 33.724214271179093 ], [ 135.808115228225319, 33.724683389041317 ], [ 135.809499240830263, 33.725465308301622 ], [ 135.813834903019796, 33.723587204050737 ], [ 135.817515680139508, 33.723669932082572 ], [ 135.822200557634744, 33.724157604664981 ], [ 135.823961894533454, 33.723526136135128 ], [ 135.825920670105035, 33.722309400824891 ], [ 135.826946914404459, 33.721395083359369 ], [ 135.828273479456641, 33.720724760083158 ], [ 135.829815120999882, 33.720186020777192 ], [ 135.831307596566404, 33.720166638428189 ], [ 135.833127169853014, 33.720389295774375 ], [ 135.835090425447419, 33.721309220587784 ], [ 135.838846488411548, 33.723463063382617 ], [ 135.840729595550158, 33.724792058365679 ], [ 135.842767184548336, 33.725712509245341 ], [ 135.844548439174076, 33.726302088444342 ], [ 135.845833127665827, 33.7264434388157 ], [ 135.84658207720463, 33.722469443775033 ], [ 135.847565712721007, 33.720552362971716 ] ] ] } },
{ "type": "Feature", "properties": { "CITY_NAME": "新宮市", "S_NAME": "熊野川町畝畑", "JINKO": 3, "medical_area": "30_新宮医療圏", "町丁目名": "新宮市熊野川町畝畑" }, "geometry": { "type": "Polygon", "coordinates": [ [ [ 135.814867907098318, 33.785644288590667 ], [ 135.81613839198431, 33.785150287809287 ], [ 135.817346726432106, 33.78519688422513 ], [ 135.817842251948662, 33.785038562022919 ], [ 135.820601996120928, 33.782438002803502 ], [ 135.822834496531669, 33.782471803808072 ], [ 135.825885719784281, 33.782201570435973 ], [ 135.826918894332238, 33.781937884485473 ], [ 135.827059950514894, 33.780929930638294 ], [ 135.827564360714121, 33.780467415136677 ], [ 135.82778988946032, 33.776548540631865 ], [ 135.82813813448081, 33.775419157647789 ], [ 135.82979604424753, 33.773391776599198 ], [ 135.830562894190535, 33.77273815704303 ], [ 135.832642603392856, 33.771510679676439 ], [ 135.83299264832749, 33.771046529110428 ], [ 135.832922024215407, 33.769941788567252 ], [ 135.832301815263094, 33.767728985291264 ], [ 135.831927911526662, 33.766885449058279 ], [ 135.830485705655548, 33.766585797229283 ], [ 135.830255953456231, 33.76629160595607 ], [ 135.830110217945816, 33.765260584278529 ], [ 135.829345725862765, 33.765078076553408 ], [ 135.829059629535465, 33.764714773501012 ], [ 135.82881983652257, 33.762906948202492 ], [ 135.828541900083138, 33.762819498894352 ], [ 135.82808954215318, 33.763029345450747 ], [ 135.827664075761589, 33.762825462695353 ], [ 135.827532560764467, 33.762565496158459 ], [ 135.827747455133192, 33.761738829618878 ], [ 135.82735675960862, 33.761611068545299 ], [ 135.826559575150554, 33.761648131860028 ], [ 135.826029946026125, 33.762444628066639 ], [ 135.82572597253332, 33.76337499454673 ], [ 135.82502497916164, 33.763539397538352 ], [ 135.821834861096761, 33.763074723812217 ], [ 135.819846628669666, 33.763311335669677 ], [ 135.819170774505722, 33.763586051012254 ], [ 135.819158480588811, 33.764616573346856 ], [ 135.819438535274514, 33.765445922650549 ], [ 135.819153974153181, 33.765907172121686 ], [ 135.817985029769716, 33.766142279601937 ], [ 135.816824022827149, 33.766678731889996 ], [ 135.815520178610655, 33.767713680937817 ], [ 135.814578259457505, 33.768239593223868 ], [ 135.814183270128268, 33.768124324721661 ], [ 135.813428940875497, 33.767312278953796 ], [ 135.81269970008924, 33.766830491148866 ], [ 135.81195668452736, 33.766761178664119 ], [ 135.811639214861145, 33.76655979895348 ], [ 135.81169125378193, 33.766337426443862 ], [ 135.812586344399648, 33.76561408985512 ], [ 135.81288808259103, 33.765133717341854 ], [ 135.812894627355405, 33.764096839198736 ], [ 135.813084702704771, 33.763602069192885 ], [ 135.813592438364935, 33.76321541245116 ], [ 135.81449052348546, 33.763076869680674 ], [ 135.814705968852024, 33.762761337963639 ], [ 135.814801196874441, 33.76243139557829 ], [ 135.813995456292758, 33.761576300819861 ], [ 135.813287068197923, 33.761399408167939 ], [ 135.812092922497328, 33.761397594255399 ], [ 135.811330291190757, 33.762454878094125 ], [ 135.81089866411611, 33.763401367196707 ], [ 135.809677449169129, 33.764217311564529 ], [ 135.808531111005635, 33.76238040569514 ], [ 135.808239271961071, 33.761388281510584 ], [ 135.808220333664366, 33.758460839293647 ], [ 135.808859404350272, 33.757108780978101 ], [ 135.810690906880978, 33.754623876799585 ], [ 135.81289347897939, 33.752584469271646 ], [ 135.813074814067278, 33.751910357929326 ], [ 135.81301079195751, 33.750864232434481 ], [ 135.813361324928536, 33.749517255829531 ], [ 135.813423113839207, 33.748411024878571 ], [ 135.813180199107364, 33.745390768918583 ], [ 135.812729726851956, 33.743620053984159 ], [ 135.8119005595006, 33.74170406894001 ], [ 135.810991779540529, 33.740500677630173 ], [ 135.809482028697346, 33.739256203278913 ], [ 135.807656589332453, 33.738206202777086 ], [ 135.804652904764481, 33.73713628318724 ], [ 135.803550787598539, 33.737051556873503 ], [ 135.802137239474803, 33.736457744837672 ], [ 135.80044086317821, 33.737244232904281 ], [ 135.799376172704825, 33.737328589115897 ], [ 135.796919693541469, 33.736740766501846 ], [ 135.796196356276539, 33.736403598097596 ], [ 135.79612335646209, 33.734685053296779 ], [ 135.795711961446585, 33.733348437255799 ], [ 135.793037197400309, 33.729558900496137 ], [ 135.792724350687848, 33.728598852389389 ], [ 135.794568262340874, 33.723941380605829 ], [ 135.796852106334484, 33.719508417370363 ], [ 135.796941117059617, 33.716415936672476 ], [ 135.797340565567112, 33.715264317805449 ], [ 135.797846796513255, 33.714922517979261 ], [ 135.798124943845096, 33.714414950964034 ], [ 135.798160966868863, 33.713528582991117 ], [ 135.796427200753413, 33.712709217591218 ], [ 135.795248256636, 33.711764652245286 ], [ 135.793736414916253, 33.709793603445696 ], [ 135.793020950656171, 33.709185636111087 ], [ 135.792275802461859, 33.709041402947058 ], [ 135.79130271176308, 33.709114026509646 ], [ 135.791025425382941, 33.70851199284467 ], [ 135.791294764984599, 33.70773504959471 ], [ 135.790877779623429, 33.707533312358805 ], [ 135.789455250970235, 33.705640273915414 ], [ 135.789469839399601, 33.704310926106956 ], [ 135.788803554392501, 33.703079047212647 ], [ 135.788829316345613, 33.702754917150628 ], [ 135.788403966302099, 33.702264908881325 ], [ 135.788622984767642, 33.700848692497303 ], [ 135.78839778048166, 33.70016953368016 ], [ 135.786664559735783, 33.700145031571999 ], [ 135.785340552019136, 33.699752092982642 ], [ 135.784323147218458, 33.699664118311098 ], [ 135.782690848459453, 33.699681852015814 ], [ 135.781993465857852, 33.700035238765651 ], [ 135.781693159438674, 33.700364663763118 ], [ 135.780887094893501, 33.702409450862248 ], [ 135.780352445063869, 33.702994447045135 ], [ 135.779698983198017, 33.703008368379052 ], [ 135.777726831526877, 33.702446965219394 ], [ 135.77647932127482, 33.702510808601161 ], [ 135.775033767062695, 33.703063291524636 ], [ 135.774302579250786, 33.703671998808396 ], [ 135.77376065756502, 33.70390840573841 ], [ 135.772552213471357, 33.702348024935013 ], [ 135.772299194922169, 33.701555088449766 ], [ 135.771648953926302, 33.700383997871249 ], [ 135.769643821021816, 33.700383561365186 ], [ 135.768843265590505, 33.700880533134516 ], [ 135.768121321140313, 33.700838340286104 ], [ 135.767175978490485, 33.700207535950611 ], [ 135.766778497736567, 33.700291748585471 ], [ 135.765789485128352, 33.700148312375084 ], [ 135.76529676047258, 33.700987058037654 ], [ 135.764112613110427, 33.701291393462903 ], [ 135.763716970370467, 33.701737248186994 ], [ 135.762926020331236, 33.702144596592937 ], [ 135.762146674024422, 33.702792449509225 ], [ 135.761797188847055, 33.70321950741041 ], [ 135.761061426584206, 33.702808976094282 ], [ 135.758653711193347, 33.702550318448871 ], [ 135.758159954448388, 33.702323377585259 ], [ 135.757800440861729, 33.701691092104923 ], [ 135.757043646534015, 33.701096769285847 ], [ 135.756980975110622, 33.700842632767312 ], [ 135.757535996028849, 33.699531103620025 ], [ 135.757490675733948, 33.698352378339237 ], [ 135.755438369377629, 33.69794963426051 ], [ 135.753933659567707, 33.697396213842168 ], [ 135.751973514000213, 33.698038112367605 ], [ 135.750942450879677, 33.698074782748577 ], [ 135.749805565318695, 33.699022474761321 ], [ 135.749623903269253, 33.699347974040322 ], [ 135.749072474274129, 33.700364046311385 ], [ 135.748678632098603, 33.702215602884813 ], [ 135.748952808052024, 33.704051033779692 ], [ 135.748828170685954, 33.70531407689991 ], [ 135.750114357092428, 33.706849901612884 ], [ 135.750261707385278, 33.707386115728255 ], [ 135.750975424721389, 33.708098866298798 ], [ 135.751084424984157, 33.708681493739796 ], [ 135.749880276934931, 33.710740183816249 ], [ 135.749190494301274, 33.711382344100954 ], [ 135.749422315520377, 33.712437302223506 ], [ 135.74897283263229, 33.713396487549083 ], [ 135.748149059271128, 33.714376042227798 ], [ 135.747712723517822, 33.715191549966249 ], [ 135.746967204588572, 33.715809756001931 ], [ 135.746269724816273, 33.715513044229262 ], [ 135.743880017818327, 33.71554009737396 ], [ 135.743255692977641, 33.715286065161976 ], [ 135.742662495801312, 33.715279619490673 ], [ 135.739965927783032, 33.716880983669618 ], [ 135.739489256611023, 33.717491675478335 ], [ 135.739296291519082, 33.718362885871876 ], [ 135.738816738407479, 33.71924025327921 ], [ 135.738730041555897, 33.719826125682907 ], [ 135.738937782412336, 33.721178306761786 ], [ 135.738668547551669, 33.72221503741482 ], [ 135.738381886164433, 33.722583536092664 ], [ 135.736479138648662, 33.722992972142045 ], [ 135.735178854041067, 33.723839553093285 ], [ 135.734271287196066, 33.724774028086365 ], [ 135.733651534080423, 33.724955552564765 ], [ 135.731497735128158, 33.725113174291927 ], [ 135.730204903610684, 33.725513687773443 ], [ 135.728324308198125, 33.725362621612547 ], [ 135.727502112933252, 33.725477032030618 ], [ 135.725896358627807, 33.72676532023835 ], [ 135.724500361371469, 33.726767277443166 ], [ 135.723760738003506, 33.726991165478466 ], [ 135.722732881876368, 33.727730432523451 ], [ 135.722392066413448, 33.72772966443609 ], [ 135.722865768101087, 33.729440895142091 ], [ 135.723048744257881, 33.729626006156657 ], [ 135.724396876106454, 33.730391352896923 ], [ 135.726849622878404, 33.731362423063516 ], [ 135.727103300863178, 33.731701103469128 ], [ 135.727188357901838, 33.732638867792446 ], [ 135.728323288247736, 33.735098641518434 ], [ 135.728756505335696, 33.735544074398838 ], [ 135.730919079239499, 33.735913528770823 ], [ 135.731345556500742, 33.736127325099773 ], [ 135.732340185333385, 33.737373737057922 ], [ 135.734015864340364, 33.737704462362395 ], [ 135.734677500596234, 33.73760106181161 ], [ 135.735566510978146, 33.737277381609104 ], [ 135.73639822296488, 33.736692099739479 ], [ 135.738954371519384, 33.73579770273178 ], [ 135.74232814164256, 33.735231801761763 ], [ 135.743738235317352, 33.735420962592364 ], [ 135.746295713553678, 33.736579719167359 ], [ 135.746909975560726, 33.737290018960067 ], [ 135.746976487748753, 33.737609529623157 ], [ 135.746727231727249, 33.740183605438702 ], [ 135.746414409586208, 33.740809038736643 ], [ 135.746689937759726, 33.742041455408163 ], [ 135.746587080047362, 33.742610824302318 ], [ 135.745961414581188, 33.743846051287328 ], [ 135.746392900681428, 33.744926917661211 ], [ 135.748136299501397, 33.745154040243968 ], [ 135.749225351210896, 33.745496470557967 ], [ 135.749657141465434, 33.745843203200614 ], [ 135.749810474689866, 33.746266856272932 ], [ 135.750169633599796, 33.746633586035927 ], [ 135.750775166908966, 33.747020814750414 ], [ 135.751870145839916, 33.746976800133929 ], [ 135.753404983137898, 33.746144440170902 ], [ 135.753924373130332, 33.747522433133362 ], [ 135.75416561258848, 33.748813372796384 ], [ 135.755272659984939, 33.749599136012684 ], [ 135.755363175051002, 33.750151987595288 ], [ 135.754825274625887, 33.751798517407202 ], [ 135.755114976086958, 33.753099553001512 ], [ 135.754067834934062, 33.754198603194396 ], [ 135.753870510885633, 33.754663681600256 ], [ 135.753926418056921, 33.755524714038373 ], [ 135.753586307083395, 33.756089534284129 ], [ 135.753589902067517, 33.756433431616131 ], [ 135.753939943702562, 33.757209813769393 ], [ 135.754570172651569, 33.757589466326841 ], [ 135.754902675219626, 33.758102081915524 ], [ 135.755644849122291, 33.758533369830239 ], [ 135.755726552401484, 33.758762883717644 ], [ 135.755415494390292, 33.759558951128525 ], [ 135.756187912914243, 33.760628481457452 ], [ 135.756982704695446, 33.761073246217293 ], [ 135.757225337237116, 33.761832221932181 ], [ 135.757517378574789, 33.762100329050256 ], [ 135.75865371317073, 33.762295408253358 ], [ 135.760402093022662, 33.762031398368833 ], [ 135.76088686265976, 33.762097283231164 ], [ 135.762299231889955, 33.763393451755107 ], [ 135.763809496999443, 33.764044120287373 ], [ 135.764624042105709, 33.764823342698016 ], [ 135.766495077268161, 33.764887883183412 ], [ 135.767053746019997, 33.764705646331919 ], [ 135.76771008830309, 33.764769852855217 ], [ 135.768185138094822, 33.765057295705134 ], [ 135.768764901151172, 33.766386190909728 ], [ 135.769404417393872, 33.766773397195443 ], [ 135.771407550614356, 33.768817629926367 ], [ 135.772000233094616, 33.770482815426533 ], [ 135.771815655138653, 33.77194414057417 ], [ 135.772789671290354, 33.772159932442051 ], [ 135.773860315452197, 33.772165558263872 ], [ 135.776789550405624, 33.771471254878989 ], [ 135.778466023515563, 33.771265481030646 ], [ 135.780150865337731, 33.769908966466126 ], [ 135.780440372316576, 33.768986144595445 ], [ 135.781035215798397, 33.768523699782499 ], [ 135.781909204427336, 33.767104878406364 ], [ 135.782578081614275, 33.767382043015154 ], [ 135.784254562958267, 33.766930073549304 ], [ 135.787154721575746, 33.768034803166117 ], [ 135.787647374468719, 33.767972391211757 ], [ 135.788468591085945, 33.767405901133102 ], [ 135.78986514575854, 33.76764551703539 ], [ 135.791318975022335, 33.766342001725285 ], [ 135.792046720937719, 33.76626996505594 ], [ 135.792631752672492, 33.766765436377902 ], [ 135.793391594390016, 33.768836949480622 ], [ 135.793787931561923, 33.769234047776784 ], [ 135.794510714419005, 33.769379366426499 ], [ 135.795040879786455, 33.769808942957226 ], [ 135.796130994088173, 33.770043049583975 ], [ 135.796828089716968, 33.769726082753145 ], [ 135.798417105142221, 33.769766026779223 ], [ 135.798604780703698, 33.770314364010758 ], [ 135.798827548596478, 33.77049857921633 ], [ 135.799364653406201, 33.770518194199255 ], [ 135.799577952654573, 33.770931043885206 ], [ 135.799783882618755, 33.773887640090166 ], [ 135.799690652435089, 33.774307598446484 ], [ 135.799083932832531, 33.774777439173661 ], [ 135.799146049786856, 33.776221578781183 ], [ 135.798993211859027, 33.77668102732931 ], [ 135.800100582332135, 33.777208589710618 ], [ 135.800528469551836, 33.778145013234401 ], [ 135.801072464526641, 33.778429058161237 ], [ 135.801256824730331, 33.779141508953224 ], [ 135.801777052512904, 33.779410720289206 ], [ 135.803974793849221, 33.779490006603396 ], [ 135.804720621483142, 33.779365657436067 ], [ 135.805887838050978, 33.779786329727649 ], [ 135.806204692987052, 33.780502502931505 ], [ 135.806797999862681, 33.780703480046867 ], [ 135.808312142553945, 33.780371657946127 ], [ 135.808935299378362, 33.779875589131066 ], [ 135.809307192411552, 33.779935754159183 ], [ 135.809672843588118, 33.780130168624716 ], [ 135.810068783628083, 33.780753335338048 ], [ 135.810624819733704, 33.780990308850093 ], [ 135.811119899878861, 33.781888202019765 ], [ 135.811121851040042, 33.782355508710857 ], [ 135.811408177026379, 33.782762249221911 ], [ 135.81200561678628, 33.783121141575869 ], [ 135.812761914424073, 33.785042082197961 ], [ 135.81409572328397, 33.785552399574101 ], [ 135.814867907098318, 33.785644288590667 ] ] ] } },
{ "type": "Feature", "properties": { "CITY_NAME": "新宮市", "S_NAME": "熊野川町奥赤木", "JINKO": 108, "medical_area": "30_新宮医療圏", "町丁目名": "新宮市熊野川町奥赤木" }, "geometry": { "type": "Polygon", "coordinates": [ [ [ 135.8645224983091, 33.789384546118136 ], [ 135.865815119372513, 33.785670096061047 ], [ 135.866418865769191, 33.783057581291921 ], [ 135.866884792467829, 33.782393514805442 ], [ 135.868339026355301, 33.780636917754002 ], [ 135.869490471908449, 33.779518202657897 ], [ 135.872132487998357, 33.777436095584946 ], [ 135.873777083118711, 33.77587009939311 ], [ 135.875972271633373, 33.773012183601388 ], [ 135.876068632552176, 33.772666557213746 ], [ 135.87655364305715, 33.772260884828881 ], [ 135.87667324695218, 33.771740587659963 ], [ 135.877737272589201, 33.770673482779998 ], [ 135.878628247375246, 33.769295555538562 ], [ 135.881218762982769, 33.767620752890288 ], [ 135.882189051970755, 33.767333866245608 ], [ 135.882265497764138, 33.766884811800765 ], [ 135.882927729507003, 33.76661481217522 ], [ 135.883346429100527, 33.765431953893106 ], [ 135.883188175978177, 33.765201464269389 ], [ 135.883244122849277, 33.764608550312751 ], [ 135.883072237857903, 33.764262806503346 ], [ 135.883500020924885, 33.764015685932208 ], [ 135.883442384621702, 33.763292913515819 ], [ 135.88364297534693, 33.762797909047187 ], [ 135.883214061696236, 33.761337834687261 ], [ 135.882553184004308, 33.760634769582843 ], [ 135.882145362667899, 33.758898299213392 ], [ 135.882366910234282, 33.758201854409378 ], [ 135.882739797805385, 33.757741530038849 ], [ 135.882544927469922, 33.756563857979572 ], [ 135.882898702886934, 33.75492898728961 ], [ 135.882482484015611, 33.754315332757287 ], [ 135.88135934517436, 33.753957258083794 ], [ 135.881202651249879, 33.753770861309022 ], [ 135.881171409957545, 33.752705894152378 ], [ 135.880823319363827, 33.752259516822953 ], [ 135.880955214135668, 33.751440400761354 ], [ 135.880705142626084, 33.751030606879532 ], [ 135.880225902899952, 33.750866292031802 ], [ 135.880133574097556, 33.750652339402222 ], [ 135.881497567966079, 33.748999113026549 ], [ 135.881877710544643, 33.747810552515723 ], [ 135.881802490091104, 33.747021244747692 ], [ 135.882144044992174, 33.746148931000548 ], [ 135.881369940072119, 33.74577075879121 ], [ 135.88110427436385, 33.744782619038915 ], [ 135.880627045026642, 33.744024760637366 ], [ 135.880504765228949, 33.743338250471524 ], [ 135.879865924143303, 33.742769018787314 ], [ 135.877650927880751, 33.742607504520485 ], [ 135.877346277019029, 33.742268937126092 ], [ 135.876671819613307, 33.742003543489055 ], [ 135.875960259317907, 33.7410149462142 ], [ 135.874889583325768, 33.738827333306297 ], [ 135.874504010578107, 33.737640691540591 ], [ 135.874156254942932, 33.737186125235787 ], [ 135.872350310227773, 33.737831640421511 ], [ 135.871322345457372, 33.738377228877752 ], [ 135.870267162280754, 33.738626081763051 ], [ 135.869270720056704, 33.739230721160062 ], [ 135.869257574413638, 33.739949642380829 ], [ 135.870397471242853, 33.741495898055099 ], [ 135.870683825341928, 33.742253869643633 ], [ 135.870487657129047, 33.742989651156613 ], [ 135.869201538096348, 33.743016223924386 ], [ 135.867103840526056, 33.743525873612917 ], [ 135.864997078803668, 33.744528434031629 ], [ 135.864558208552637, 33.744971892976032 ], [ 135.862231309663599, 33.749075957032126 ], [ 135.860763667479574, 33.752582302887511 ], [ 135.858396963323685, 33.756348446699953 ], [ 135.857461850128459, 33.757152367341135 ], [ 135.855979286050285, 33.757908743882503 ], [ 135.85502189853031, 33.759564381547108 ], [ 135.854528257129488, 33.760139445227061 ], [ 135.853219777332896, 33.760752583955998 ], [ 135.850438723836703, 33.763599073068896 ], [ 135.84883509902042, 33.76613867599189 ], [ 135.848445738069017, 33.767268223833803 ], [ 135.846678014871827, 33.768571473876591 ], [ 135.846291890712251, 33.76902913945576 ], [ 135.84613372275939, 33.769672772131791 ], [ 135.84439349854182, 33.771793375547979 ], [ 135.842814797122713, 33.772570011564234 ], [ 135.841456378667061, 33.772938780242789 ], [ 135.840161466357983, 33.77350963933057 ], [ 135.837773277484359, 33.775767074327916 ], [ 135.836921842166049, 33.776227892062288 ], [ 135.836017480616192, 33.776391375070517 ], [ 135.834336008076917, 33.777425294578165 ], [ 135.834028941959076, 33.777715097355788 ], [ 135.833571217780559, 33.778777436061709 ], [ 135.832529103895155, 33.779562302614494 ], [ 135.830193186435849, 33.779651397700391 ], [ 135.828347307236584, 33.780079246788695 ], [ 135.827564360714121, 33.780467415136677 ], [ 135.827059950514894, 33.780929930638294 ], [ 135.826918894332238, 33.781937884485473 ], [ 135.825885719784281, 33.782201570435973 ], [ 135.822834496531669, 33.782471803808072 ], [ 135.820601996120928, 33.782438002803502 ], [ 135.817842251948662, 33.785038562022919 ], [ 135.818268067175296, 33.785215009743979 ], [ 135.81767929149953, 33.786416982371421 ], [ 135.817774303896613, 33.787036012880648 ], [ 135.818200101940448, 33.787665955812919 ], [ 135.818609945928216, 33.787911268419478 ], [ 135.8190830399449, 33.787957466687033 ], [ 135.819567426339745, 33.788615383002707 ], [ 135.81948057886936, 33.790097883282201 ], [ 135.820798363301833, 33.790732631658798 ], [ 135.821080394120486, 33.792054636110386 ], [ 135.824737220357605, 33.791961123509466 ], [ 135.827182707836982, 33.791338229401788 ], [ 135.82941959188264, 33.790352660241055 ], [ 135.83018929113112, 33.789676943845542 ], [ 135.830153144975725, 33.789297507741423 ], [ 135.830883904861054, 33.789672829332964 ], [ 135.831222042971064, 33.789637369834587 ], [ 135.831853386942697, 33.788976951625301 ], [ 135.832729599569973, 33.788829379816789 ], [ 135.8330932531683, 33.78831721857933 ], [ 135.833480969897664, 33.788071772149074 ], [ 135.8342958092326, 33.787867755978056 ], [ 135.834684555431721, 33.787083871584898 ], [ 135.8353767834314, 33.786700341064645 ], [ 135.835832706251722, 33.786147276565089 ], [ 135.836616897433203, 33.78589698232215 ], [ 135.83690656545059, 33.78549232610613 ], [ 135.838303482491796, 33.784638019837892 ], [ 135.838598078009397, 33.784874244874807 ], [ 135.839280372403778, 33.784864852774767 ], [ 135.839282798155665, 33.785213541635031 ], [ 135.839442368959226, 33.785341953336562 ], [ 135.839608413888385, 33.785295959994805 ], [ 135.839682868144081, 33.784926943324841 ], [ 135.839830362373277, 33.784932207035389 ], [ 135.839983624640951, 33.785152888731965 ], [ 135.840788341971091, 33.785420481969439 ], [ 135.841943966886333, 33.785396328817882 ], [ 135.842656139061688, 33.785888498137375 ], [ 135.84324680092692, 33.7860770472304 ], [ 135.84448139647327, 33.786030147620686 ], [ 135.849557215008986, 33.787274944460798 ], [ 135.850817170694341, 33.78793904760559 ], [ 135.8528769702543, 33.789668887313844 ], [ 135.854147281129116, 33.790021200478591 ], [ 135.85665538770715, 33.789660114349239 ], [ 135.857834532270942, 33.789233482940091 ], [ 135.86068101934967, 33.788744767367454 ], [ 135.861484209571302, 33.788781027661209 ], [ 135.862064502426335, 33.789403816985555 ], [ 135.862308706325081, 33.790354914169349 ], [ 135.862265749036141, 33.790778505286596 ], [ 135.861468174516858, 33.792169687545055 ], [ 135.861372223782837, 33.792681410486047 ], [ 135.861920872382569, 33.793282050260245 ], [ 135.862472807590223, 33.793487794633656 ], [ 135.863021232971562, 33.793356819871789 ], [ 135.862912711152745, 33.792973635664396 ], [ 135.86311588150582, 33.792339740865785 ], [ 135.8645224983091, 33.789384546118136 ] ] ] } },
{ "type": "Feature", "properties": { "CITY_NAME": "新宮市", "S_NAME": "熊野川町椋井", "JINKO": 22, "medical_area": "30_新宮医療圏", "町丁目名": "新宮市熊野川町椋井" }, "geometry": { "type": "Polygon", "coordinates": [ [ [ 135.86199360160532, 33.802337565114556 ], [ 135.86236077301615, 33.801534095454798 ], [ 135.86273880861259, 33.799779532740821 ], [ 135.862961065429829, 33.797120041375962 ], [ 135.86302123297159, 33.793356819871789 ], [ 135.862472807590223, 33.793487794633641 ], [ 135.861920872382569, 33.793282050260231 ], [ 135.86137222378278, 33.792681410486047 ], [ 135.861468174516858, 33.792169687545083 ], [ 135.862265749036141, 33.790778505286596 ], [ 135.862303550769553, 33.790275449830922 ], [ 135.862064502426335, 33.789403816985555 ], [ 135.861774572624398, 33.788953369733704 ], [ 135.861484209571302, 33.788781027661187 ], [ 135.86068101934967, 33.788744767367426 ], [ 135.857834532270942, 33.789233482940098 ], [ 135.85665538770715, 33.789660114349239 ], [ 135.854147281129144, 33.790021200478591 ], [ 135.8528769702543, 33.789668887313823 ], [ 135.852417719073543, 33.789377132490451 ], [ 135.850594794383824, 33.79192531454909 ], [ 135.849415819392163, 33.794355913576467 ], [ 135.848797851407028, 33.796900461960831 ], [ 135.848984109692111, 33.798543656721378 ], [ 135.849678934014662, 33.799249066630843 ], [ 135.851867999481811, 33.799661435980681 ], [ 135.855002631859151, 33.801270572172093 ], [ 135.856141789833373, 33.802189920471207 ], [ 135.857285231699422, 33.803414839820526 ], [ 135.858569801521156, 33.803021593262557 ], [ 135.861036459395621, 33.802833806783624 ], [ 135.861582474799405, 33.802186921666994 ], [ 135.86199360160532, 33.802337565114556 ] ] ] } },
{ "type": "Feature", "properties": { "CITY_NAME": "新宮市", "S_NAME": "熊野川町谷口", "JINKO": 6, "medical_area": "30_新宮医療圏", "町丁目名": "新宮市熊野川町谷口" }, "geometry": { "type": "Polygon", "coordinates": [ [ [ 135.848797851407028, 33.796900461960831 ], [ 135.848992056380666, 33.795710673762173 ], [ 135.8499902047717, 33.79303937395828 ], [ 135.851361588520746, 33.79070550448558 ], [ 135.852181439825017, 33.78985246668946 ], [ 135.852417719073543, 33.789377132490451 ], [ 135.850817170694341, 33.78793904760559 ], [ 135.848626434838138, 33.786962172348971 ], [ 135.84448139647327, 33.786030147620686 ], [ 135.84324680092692, 33.7860770472304 ], [ 135.842656139061688, 33.785888498137375 ], [ 135.841943966886333, 33.785396328817882 ], [ 135.840788341971091, 33.785420481969439 ], [ 135.839983624640951, 33.785152888731965 ], [ 135.839830362373277, 33.784932207035389 ], [ 135.839682868144081, 33.784926943324855 ], [ 135.839608413888385, 33.785295959994805 ], [ 135.839442368959169, 33.785341953336577 ], [ 135.839282798155665, 33.785213541635031 ], [ 135.839280372403778, 33.784864852774781 ], [ 135.838598078009397, 33.784874244874807 ], [ 135.838303482491796, 33.784638019837899 ], [ 135.83690656545059, 33.78549232610613 ], [ 135.836616897433203, 33.78589698232215 ], [ 135.835832706251722, 33.786147276565089 ], [ 135.8353767834314, 33.786700341064645 ], [ 135.834684555431721, 33.787083871584898 ], [ 135.8342958092326, 33.787867755978056 ], [ 135.833480969897664, 33.788071772149053 ], [ 135.8330932531683, 33.78831721857933 ], [ 135.832729599569973, 33.788829379816789 ], [ 135.831853386942697, 33.788976951625301 ], [ 135.831222042971064, 33.789637369834573 ], [ 135.830883904861054, 33.789672829332972 ], [ 135.830153144975725, 33.789297507741423 ], [ 135.83018929113112, 33.789676943845528 ], [ 135.829419591882726, 33.790352660241048 ], [ 135.827182707836982, 33.791338229401788 ], [ 135.824737220357605, 33.791961123509466 ], [ 135.821080394120514, 33.792054636110386 ], [ 135.821741069395387, 33.792538241917235 ], [ 135.822079336187841, 33.792996728330237 ], [ 135.822452511025745, 33.796853711951876 ], [ 135.823331537164989, 33.799117228491404 ], [ 135.823718049760686, 33.800575892127178 ], [ 135.823910427110889, 33.800709017879377 ], [ 135.829398817207107, 33.798609034827201 ], [ 135.830769533995749, 33.798566125339654 ], [ 135.833985323318075, 33.797780718295229 ], [ 135.837180804771521, 33.797483812989086 ], [ 135.839896157470974, 33.797484594245944 ], [ 135.841650813325629, 33.797572544217878 ], [ 135.844113475918135, 33.798025979339741 ], [ 135.845109504504876, 33.798022037603914 ], [ 135.847489248856476, 33.797461091970114 ], [ 135.848797851407028, 33.796900461960831 ] ] ] } },
{ "type": "Feature", "properties": { "CITY_NAME": "新宮市", "S_NAME": "熊野川町相須", "JINKO": 56, "medical_area": "30_新宮医療圏", "町丁目名": "新宮市熊野川町相須" }, "geometry": { "type": "Polygon", "coordinates": [ [ [ 135.86199360160532, 33.802337565114556 ], [ 135.863189590415203, 33.801387092200017 ], [ 135.865769165609805, 33.798483933119414 ], [ 135.867363968489826, 33.797166432869346 ], [ 135.868574243631826, 33.796454441215161 ], [ 135.869314228957535, 33.796214461117358 ], [ 135.869549391865917, 33.796042974384804 ], [ 135.869611624765014, 33.795674348982367 ], [ 135.871023590068035, 33.794626954967519 ], [ 135.873659294787927, 33.793432844618799 ], [ 135.872697637500693, 33.792512716714199 ], [ 135.86989503314345, 33.791889896152718 ], [ 135.867736229315113, 33.791902960552484 ], [ 135.865595150117741, 33.792408117568264 ], [ 135.86402799857089, 33.792558556377308 ], [ 135.863482721739132, 33.793153613319475 ], [ 135.86302123297159, 33.793356819871789 ], [ 135.862961065429829, 33.797120041375962 ], [ 135.86273880861259, 33.799779532740821 ], [ 135.86236077301615, 33.801534095454798 ], [ 135.86199360160532, 33.802337565114556 ] ] ] } },
{ "type": "Feature", "properties": { "CITY_NAME": "新宮市", "S_NAME": "熊野川町神丸", "JINKO": 140, "medical_area": "30_新宮医療圏", "町丁目名": "新宮市熊野川町神丸" }, "geometry": { "type": "Polygon", "coordinates": [ [ [ 135.86990620418797, 33.796827932047485 ], [ 135.869314228957535, 33.796214461117358 ], [ 135.868574243631826, 33.796454441215161 ], [ 135.869368806216926, 33.797199433935781 ], [ 135.86990620418797, 33.796827932047485 ] ] ] } },
{ "type": "Feature", "properties": { "CITY_NAME": "新宮市", "S_NAME": "熊野川町神丸", "JINKO": 104, "medical_area": "30_新宮医療圏", "町丁目名": "新宮市熊野川町神丸" }, "geometry": { "type": "Polygon", "coordinates": [ [ [ 135.873463413087393, 33.797696658496186 ], [ 135.874996575892681, 33.797853609327433 ], [ 135.875286810996727, 33.796389413765411 ], [ 135.874945141484233, 33.795113789199704 ], [ 135.873659294787927, 33.793432844618827 ], [ 135.871023590068006, 33.794626954967519 ], [ 135.869611624765014, 33.795674348982367 ], [ 135.869549391865917, 33.796042974384804 ], [ 135.869314228957535, 33.796214461117358 ], [ 135.86990620418797, 33.796827932047485 ], [ 135.869368806216926, 33.797199433935781 ], [ 135.868574243631826, 33.796454441215161 ], [ 135.867363968489826, 33.797166432869346 ], [ 135.865769165609805, 33.798483933119414 ], [ 135.863189590415203, 33.801387092200017 ], [ 135.861993601605377, 33.802337565114556 ], [ 135.863508432090327, 33.801787978324377 ], [ 135.869341450970893, 33.798872111279657 ], [ 135.872207354385267, 33.797932474866094 ], [ 135.873463413087393, 33.797696658496186 ] ] ] } },
{ "type": "Feature", "properties": { "CITY_NAME": "新宮市", "S_NAME": "熊野川町日足", "JINKO": 127, "medical_area": "30_新宮医療圏", "町丁目名": "新宮市熊野川町日足" }, "geometry": { "type": "Polygon", "coordinates": [ [ [ 135.877148858921146, 33.804459126819857 ], [ 135.875001213038331, 33.8020082776669 ], [ 135.874453385312506, 33.800736808502691 ], [ 135.874996575892681, 33.797853609327433 ], [ 135.873421668857247, 33.797696897067254 ], [ 135.872207354385267, 33.797932474866094 ], [ 135.869341450970893, 33.798872111279657 ], [ 135.863508432090327, 33.801787978324377 ], [ 135.861993601605377, 33.802337565114556 ], [ 135.861582474799405, 33.802186921666994 ], [ 135.861036459395621, 33.802833806783624 ], [ 135.858569801521156, 33.803021593262557 ], [ 135.857285231699422, 33.803414839820562 ], [ 135.859401679872605, 33.805175071747016 ], [ 135.862342981536415, 33.80818802342619 ], [ 135.862884177157923, 33.808960933926301 ], [ 135.863468718284139, 33.81086726946306 ], [ 135.864014282520685, 33.810551882763988 ], [ 135.865734295814718, 33.810013080518331 ], [ 135.868040857717688, 33.809530111872725 ], [ 135.874446027972851, 33.80767072729315 ], [ 135.878287884811044, 33.804794150882145 ], [ 135.877148858921146, 33.804459126819857 ] ] ] } },
{ "type": "Feature", "properties": { "CITY_NAME": "新宮市", "S_NAME": "熊野川町能城", "JINKO": 52, "medical_area": "30_新宮医療圏", "町丁目名": "新宮市熊野川町能城" }, "geometry": { "type": "Polygon", "coordinates": [ [ [ 135.878287884811044, 33.804794150882131 ], [ 135.880578976226275, 33.802840258156934 ], [ 135.88019510555705, 33.801681244310664 ], [ 135.880617023729485, 33.798902410688193 ], [ 135.880555855567252, 33.797897979452785 ], [ 135.87968451349613, 33.792657346646735 ], [ 135.879228823355305, 33.791002494960118 ], [ 135.87527709895113, 33.784911148333819 ], [ 135.874509621822739, 33.783114046896721 ], [ 135.873861099039146, 33.781041202465133 ], [ 135.873562778721407, 33.778548871411445 ], [ 135.873623285436764, 33.777332703191888 ], [ 135.874339767806845, 33.775108939428804 ], [ 135.872973464550483, 33.776683409939317 ], [ 135.869490471908449, 33.779518202657897 ], [ 135.868339026355301, 33.780636917754002 ], [ 135.866418865769219, 33.783057581291921 ], [ 135.865815119372513, 33.785670096061047 ], [ 135.8645224983091, 33.789384546118136 ], [ 135.863474902282348, 33.79141847294224 ], [ 135.862912711152745, 33.792973635664396 ], [ 135.86302123297159, 33.793356819871789 ], [ 135.863482721739132, 33.793153613319475 ], [ 135.86402799857089, 33.792558556377308 ], [ 135.865595150117741, 33.792408117568264 ], [ 135.867736229315113, 33.791902960552484 ], [ 135.86989503314345, 33.791889896152718 ], [ 135.872697637500693, 33.792512716714199 ], [ 135.874093360698311, 33.793928219280055 ], [ 135.874945141484233, 33.795113789199711 ], [ 135.875286810996698, 33.796389413765432 ], [ 135.874453385312506, 33.800736808502698 ], [ 135.874674427039849, 33.801381294199636 ], [ 135.875001213038331, 33.802008277666864 ], [ 135.876494298049465, 33.803867333130775 ], [ 135.877148858921146, 33.804459126819857 ], [ 135.878287884811044, 33.804794150882131 ] ] ] } },
{ "type": "Feature", "properties": { "CITY_NAME": "新宮市", "S_NAME": "熊野川町山本", "JINKO": 7, "medical_area": "30_新宮医療圏", "町丁目名": "新宮市熊野川町山本" }, "geometry": { "type": "Polygon", "coordinates": [ [ [ 135.880578976226275, 33.802840258156934 ], [ 135.881811752165106, 33.801660126513077 ], [ 135.883439750141235, 33.801133780794743 ], [ 135.883815864263738, 33.801188236733914 ], [ 135.884361058460087, 33.801627893425888 ], [ 135.88554570282011, 33.802185638654649 ], [ 135.885805550901893, 33.800933544242959 ], [ 135.885596713176369, 33.798781316588865 ], [ 135.886241099478838, 33.795232864068289 ], [ 135.886410558125107, 33.792328575218427 ], [ 135.886322025647786, 33.79146755514315 ], [ 135.885527295842451, 33.790198717988481 ], [ 135.885262287357307, 33.789453054285453 ], [ 135.885745735902816, 33.787264751622914 ], [ 135.885682571252119, 33.786911075378839 ], [ 135.885400019519665, 33.786879109765906 ], [ 135.884879086727466, 33.78719137644709 ], [ 135.883893640168594, 33.788163524105485 ], [ 135.883495777777227, 33.788216542016066 ], [ 135.882784708278479, 33.78809160437239 ], [ 135.881773779071921, 33.787580774423262 ], [ 135.880436872057118, 33.786470854329757 ], [ 135.876705929509512, 33.782138116183894 ], [ 135.874902647467565, 33.780366304881333 ], [ 135.874720540592079, 33.779686334522623 ], [ 135.875002525067373, 33.778727887923232 ], [ 135.87464294510076, 33.778509844288173 ], [ 135.874309950211227, 33.777336095246206 ], [ 135.874339767806845, 33.775108939428804 ], [ 135.873623285436764, 33.777332703191888 ], [ 135.873562778721407, 33.778548871411445 ], [ 135.873861099039146, 33.781041202465133 ], [ 135.874509621822739, 33.783114046896721 ], [ 135.87527709895113, 33.784911148333819 ], [ 135.879228823355305, 33.791002494960118 ], [ 135.87968451349613, 33.792657346646735 ], [ 135.880555855567252, 33.797897979452785 ], [ 135.880617023729485, 33.798902410688193 ], [ 135.88019510555705, 33.801681244310664 ], [ 135.880578976226275, 33.802840258156934 ] ] ] } },
{ "type": "Feature", "properties": { "CITY_NAME": "新宮市", "S_NAME": "熊野川町田長", "JINKO": 17, "medical_area": "30_新宮医療圏", "町丁目名": "新宮市熊野川町田長" }, "geometry": { "type": "Polygon", "coordinates": [ [ [ 135.896791225629528, 33.787693944077652 ], [ 135.896823087381136, 33.786542667622619 ], [ 135.901761330160269, 33.780162997293814 ], [ 135.899983448555929, 33.779372620956032 ], [ 135.898364072475175, 33.778478792020053 ], [ 135.898233309957789, 33.778265667622591 ], [ 135.896920378183012, 33.777726123008634 ], [ 135.894853380756757, 33.776417381273639 ], [ 135.894170881310316, 33.77631887296922 ], [ 135.893175812994031, 33.775284481389406 ], [ 135.891576983185757, 33.774620767157451 ], [ 135.891491769248887, 33.773857806298665 ], [ 135.890093723218428, 33.772583940329959 ], [ 135.889801473347745, 33.771970547350314 ], [ 135.889505335988815, 33.771711049874263 ], [ 135.888575017807767, 33.771347557000688 ], [ 135.887597603158525, 33.770097146489491 ], [ 135.886807921407524, 33.770289276542712 ], [ 135.885064218418137, 33.769815384582699 ], [ 135.884437808388753, 33.769060516770118 ], [ 135.883376725977143, 33.768541357791371 ], [ 135.882967638895337, 33.767697376769654 ], [ 135.882230154929772, 33.767523812744329 ], [ 135.882189051970755, 33.767333866245608 ], [ 135.881218762982769, 33.767620752890288 ], [ 135.878628247375246, 33.769295555538562 ], [ 135.877737272589201, 33.770673482779998 ], [ 135.87667324695218, 33.771740587659963 ], [ 135.87655364305715, 33.772260884828881 ], [ 135.876068632552176, 33.772666557213746 ], [ 135.875972271633373, 33.773012183601388 ], [ 135.874339767806816, 33.775108939428804 ], [ 135.874309950211227, 33.777336095246206 ], [ 135.87464294510076, 33.778509844288173 ], [ 135.875002525067373, 33.778727887923232 ], [ 135.874720540592079, 33.779686334522601 ], [ 135.874902647467565, 33.780366304881333 ], [ 135.876705929509512, 33.782138116183923 ], [ 135.880436872057118, 33.786470854329757 ], [ 135.881773779071921, 33.787580774423233 ], [ 135.882784708278479, 33.78809160437239 ], [ 135.883893640168594, 33.788163524105485 ], [ 135.884879086727437, 33.787191376447119 ], [ 135.885400019519665, 33.786879109765884 ], [ 135.885682571252119, 33.786911075378839 ], [ 135.885745735902816, 33.787264751622914 ], [ 135.88526228735725, 33.789453054285453 ], [ 135.885527295842422, 33.790198717988481 ], [ 135.886322025647786, 33.79146755514315 ], [ 135.886410558125107, 33.792328575218427 ], [ 135.886241099478838, 33.795232864068261 ], [ 135.885596713176369, 33.798781316588865 ], [ 135.885805550901893, 33.800933544242945 ], [ 135.88554570282011, 33.802185638654663 ], [ 135.88639484235523, 33.80243142167059 ], [ 135.888620717872698, 33.802651111357804 ], [ 135.889905505021915, 33.802219463892612 ], [ 135.891126212064535, 33.801552897548795 ], [ 135.892506999346836, 33.800199094527798 ], [ 135.894980720768189, 33.797228343141974 ], [ 135.89746344751893, 33.792220532680119 ], [ 135.898211170318604, 33.790223972315744 ], [ 135.89778889193488, 33.789185459283388 ], [ 135.896791225629528, 33.787693944077652 ] ] ] } },
{ "type": "Feature", "properties": { "CITY_NAME": "新宮市", "S_NAME": "熊野川町志古", "JINKO": 13, "medical_area": "30_新宮医療圏", "町丁目名": "新宮市熊野川町志古" }, "geometry": { "type": "Polygon", "coordinates": [ [ [ 135.839854996129418, 33.818010679994906 ], [ 135.84388320227356, 33.816486825353223 ], [ 135.847035846919283, 33.815811936546368 ], [ 135.852166534006955, 33.816414231825405 ], [ 135.85709158378836, 33.817330232026933 ], [ 135.857929348181187, 33.816161507054296 ], [ 135.861786571447567, 33.812746685968669 ], [ 135.863468718284139, 33.810867269463074 ], [ 135.862884177157923, 33.808960933926258 ], [ 135.861461223983667, 33.807201435711363 ], [ 135.859401679872633, 33.805175071747016 ], [ 135.857285231699422, 33.803414839820526 ], [ 135.855854623364593, 33.804297165927153 ], [ 135.855660378809205, 33.804836644984 ], [ 135.854489814751076, 33.80604539930988 ], [ 135.853973688545011, 33.80694978803907 ], [ 135.853564109265989, 33.808669290695889 ], [ 135.853254507235505, 33.809307803927474 ], [ 135.85194380184231, 33.810309127940165 ], [ 135.8508340494013, 33.810841839312431 ], [ 135.849737336519667, 33.811134919852265 ], [ 135.846505737098056, 33.810786703257548 ], [ 135.844841965596402, 33.810226714787156 ], [ 135.843623756382129, 33.809259572592275 ], [ 135.842524000492432, 33.807798367897469 ], [ 135.839962979863088, 33.808343898130168 ], [ 135.838249447898562, 33.80824795278351 ], [ 135.836833569475914, 33.807695370980603 ], [ 135.834773679660401, 33.806599377972034 ], [ 135.833729568044703, 33.806738005617241 ], [ 135.833218375304142, 33.8066143270335 ], [ 135.832891737999461, 33.806314938778272 ], [ 135.831898389701678, 33.806260756177224 ], [ 135.830106794799633, 33.805197891554265 ], [ 135.829707795582664, 33.805108443984082 ], [ 135.82954862626238, 33.806559432705846 ], [ 135.829665266839356, 33.806881364724461 ], [ 135.829606984156158, 33.808230354134338 ], [ 135.830327854964253, 33.808834031316842 ], [ 135.830413325952406, 33.810699541310861 ], [ 135.830269027503334, 33.811537720967117 ], [ 135.831917145155927, 33.814026887290332 ], [ 135.833307876123229, 33.815181985502754 ], [ 135.835358805708864, 33.817650797890572 ], [ 135.835855465475817, 33.818025216729986 ], [ 135.836812251460628, 33.818374048055077 ], [ 135.837871959430146, 33.818500422517054 ], [ 135.839854996129418, 33.818010679994906 ] ] ] } },
{ "type": "Feature", "properties": { "CITY_NAME": "新宮市", "S_NAME": "熊野川町志古二区", "JINKO": 3, "medical_area": "30_新宮医療圏", "町丁目名": "新宮市熊野川町志古二区" }, "geometry": { "type": "Polygon", "coordinates": [ [ [ 135.829707795582664, 33.805108443984082 ], [ 135.830106794799633, 33.805197891554265 ], [ 135.831898389701678, 33.806260756177224 ], [ 135.832891737999461, 33.806314938778272 ], [ 135.833218375304142, 33.8066143270335 ], [ 135.833729568044703, 33.806738005617241 ], [ 135.834773679660401, 33.806599377972034 ], [ 135.836833569475914, 33.807695370980603 ], [ 135.838249447898562, 33.80824795278351 ], [ 135.839962979863088, 33.808343898130168 ], [ 135.842524000492432, 33.807798367897469 ], [ 135.843623756382129, 33.809259572592275 ], [ 135.844841965596402, 33.810226714787156 ], [ 135.846505737098056, 33.810786703257548 ], [ 135.849737336519667, 33.811134919852265 ], [ 135.8508340494013, 33.810841839312431 ], [ 135.85194380184231, 33.810309127940165 ], [ 135.853254507235505, 33.809307803927474 ], [ 135.853564109265989, 33.808669290695889 ], [ 135.853973688545011, 33.80694978803907 ], [ 135.854489814751076, 33.80604539930988 ], [ 135.855660378809205, 33.804836644984 ], [ 135.855854623364593, 33.804297165927153 ], [ 135.857285231699422, 33.803414839820526 ], [ 135.856141789833373, 33.802189920471207 ], [ 135.855002631859151, 33.801270572172093 ], [ 135.853550071859217, 33.800439594544997 ], [ 135.851867999481811, 33.799661435980681 ], [ 135.849678934014662, 33.799249066630843 ], [ 135.848984109692111, 33.798543656721378 ], [ 135.848797851407028, 33.796900461960831 ], [ 135.847489248856476, 33.797461091970114 ], [ 135.845109504504876, 33.798022037603914 ], [ 135.844113475918135, 33.798025979339741 ], [ 135.841650813325629, 33.797572544217878 ], [ 135.839896157470974, 33.797484594245944 ], [ 135.837180804771521, 33.797483812989086 ], [ 135.833985323318075, 33.797780718295229 ], [ 135.830769533995749, 33.798566125339654 ], [ 135.829398817207107, 33.798609034827201 ], [ 135.823910427110889, 33.800709017879377 ], [ 135.82513254190448, 33.801116357883572 ], [ 135.825713875921082, 33.801519115439042 ], [ 135.82738908304276, 33.801549516979939 ], [ 135.827860838252491, 33.802308963058699 ], [ 135.828998686474932, 33.802981852107436 ], [ 135.829441219119275, 33.803695747932409 ], [ 135.829707795582664, 33.805108443984082 ] ] ] } },
{ "type": "Feature", "properties": { "CITY_NAME": "新宮市", "S_NAME": "熊野川町尾頭", "JINKO": 21, "medical_area": "30_新宮医療圏", "町丁目名": "新宮市熊野川町尾頭" }, "geometry": { "type": "Polygon", "coordinates": [ [ [ 135.856835848476237, 33.8234588397439 ], [ 135.855921460937793, 33.821022107928577 ], [ 135.855790588770304, 33.819931836040766 ], [ 135.856553830833121, 33.818080476438439 ], [ 135.85709158378836, 33.817330232026933 ], [ 135.852166534006955, 33.816414231825405 ], [ 135.847035846919283, 33.815811936546368 ], [ 135.84388320227356, 33.816486825353223 ], [ 135.841228073397758, 33.81755814788206 ], [ 135.843099367330325, 33.817753859171987 ], [ 135.844275238576927, 33.818218294597507 ], [ 135.845524127843134, 33.818147475461302 ], [ 135.848479058763019, 33.820437231068581 ], [ 135.851075384855562, 33.821848957523301 ], [ 135.853197820649314, 33.822817557743988 ], [ 135.854231195560175, 33.823120007654957 ], [ 135.855611880332532, 33.823423851351855 ], [ 135.856835848476237, 33.8234588397439 ] ] ] } },
{ "type": "Feature", "properties": { "CITY_NAME": "新宮市", "S_NAME": "熊野川町松沢", "JINKO": 3, "medical_area": "30_新宮医療圏", "町丁目名": "新宮市熊野川町松沢" }, "geometry": { "type": "Polygon", "coordinates": [ [ [ 135.855674869142888, 33.824345269610291 ], [ 135.854777233144404, 33.824144286277317 ], [ 135.852506369748397, 33.823226951637714 ], [ 135.850499404882697, 33.822143526109798 ], [ 135.846903558265979, 33.821396456721658 ], [ 135.844746976930992, 33.820362918726822 ], [ 135.843968755566891, 33.819613298289319 ], [ 135.843214768953601, 33.819327050522105 ], [ 135.840038444618671, 33.818953675283275 ], [ 135.840057685347517, 33.820836954164449 ], [ 135.840683853248549, 33.822525773091556 ], [ 135.841476239166155, 33.823168787751989 ], [ 135.841976991389117, 33.823355257838685 ], [ 135.843320988248053, 33.823478996921182 ], [ 135.844448086414218, 33.824022119451847 ], [ 135.845047355247459, 33.824531171956593 ], [ 135.846581192443097, 33.826467088431414 ], [ 135.848705136327396, 33.825798622605838 ], [ 135.851433475321443, 33.826107013406144 ], [ 135.852106057304923, 33.825986825045533 ], [ 135.853822170227062, 33.825196196229449 ], [ 135.854606312210734, 33.825291532783737 ], [ 135.855674869142888, 33.824345269610291 ] ] ] } },
{ "type": "Feature", "properties": { "CITY_NAME": "新宮市", "S_NAME": "熊野川町音川", "JINKO": 31, "medical_area": "30_新宮医療圏", "町丁目名": "新宮市熊野川町音川" }, "geometry": { "type": "Polygon", "coordinates": [ [ [ 135.858045337032934, 33.830299062230189 ], [ 135.858445878596683, 33.829449612273052 ], [ 135.85857339193285, 33.828608154999067 ], [ 135.858358886543044, 33.826938638456674 ], [ 135.857757798586334, 33.825159906983387 ], [ 135.856835848476265, 33.8234588397439 ], [ 135.855611880332532, 33.823423851351855 ], [ 135.854231195560175, 33.823120007654957 ], [ 135.853197820649314, 33.822817557743974 ], [ 135.851075384855562, 33.821848957523301 ], [ 135.848479058763019, 33.820437231068581 ], [ 135.845524127843134, 33.818147475461302 ], [ 135.844275238576927, 33.818218294597536 ], [ 135.843099367330325, 33.817753859171987 ], [ 135.841228073397758, 33.81755814788206 ], [ 135.837871959430146, 33.818500422517054 ], [ 135.836812251460628, 33.818374048055077 ], [ 135.835855465475788, 33.818025216729986 ], [ 135.836305600349732, 33.820482023941501 ], [ 135.836148884556991, 33.821480776063908 ], [ 135.835533173296881, 33.823349953936969 ], [ 135.835731875792618, 33.825817691846296 ], [ 135.83559682677128, 33.826564019003456 ], [ 135.838659733071211, 33.831210741495077 ], [ 135.839504271088771, 33.831292019465039 ], [ 135.841644620875059, 33.830786085426325 ], [ 135.843127345017393, 33.830223765557591 ], [ 135.844044324347578, 33.830399356298216 ], [ 135.845790076853945, 33.830159683698234 ], [ 135.846588186913152, 33.831677856475331 ], [ 135.846305673614523, 33.833377108467424 ], [ 135.846510378845181, 33.83411051825712 ], [ 135.846513267743603, 33.834943701535948 ], [ 135.846851532202976, 33.835594860087056 ], [ 135.852518610373863, 33.834445045610565 ], [ 135.85426794752226, 33.833810227050101 ], [ 135.856386562031503, 33.832751921124405 ], [ 135.858045337032934, 33.830299062230189 ] ], [ [ 135.840057685347517, 33.820836954164449 ], [ 135.840038444618671, 33.818953675283311 ], [ 135.843214768953573, 33.819327050522105 ], [ 135.843968755566891, 33.819613298289319 ], [ 135.844746976930992, 33.820362918726822 ], [ 135.84690355826595, 33.821396456721644 ], [ 135.850499404882669, 33.822143526109791 ], [ 135.852506369748397, 33.823226951637743 ], [ 135.854777233144404, 33.824144286277317 ], [ 135.855674869142888, 33.824345269610291 ], [ 135.854606312210734, 33.825291532783737 ], [ 135.853822170227062, 33.825196196229449 ], [ 135.852106057304923, 33.825986825045533 ], [ 135.851433475321443, 33.826107013406144 ], [ 135.848705136327396, 33.825798622605838 ], [ 135.846581192443097, 33.826467088431414 ], [ 135.845047355247459, 33.824531171956593 ], [ 135.844448086414218, 33.824022119451861 ], [ 135.843320988248053, 33.823478996921175 ], [ 135.841976991389117, 33.823355257838685 ], [ 135.841476239166184, 33.823168787751989 ], [ 135.840683853248549, 33.82252577309157 ], [ 135.840057685347517, 33.820836954164449 ] ] ] } },
{ "type": "Feature", "properties": { "CITY_NAME": "新宮市", "S_NAME": "熊野川町宮井", "JINKO": 36, "medical_area": "30_新宮医療圏", "町丁目名": "新宮市熊野川町宮井" }, "geometry": { "type": "Polygon", "coordinates": [ [ [ 135.856989328835567, 33.842284702835094 ], [ 135.856664780041712, 33.841490764739568 ], [ 135.855717971913236, 33.836679123476372 ], [ 135.855796939505723, 33.833882906305234 ], [ 135.856386562031503, 33.832751921124391 ], [ 135.85426794752226, 33.833810227050101 ], [ 135.852518610373863, 33.834445045610579 ], [ 135.846851532202976, 33.835594860087056 ], [ 135.846098874762276, 33.838745685065824 ], [ 135.847627280438132, 33.843121977832624 ], [ 135.847562261190035, 33.843497478087485 ], [ 135.847062022286337, 33.844248021773346 ], [ 135.846980232044558, 33.845012607971704 ], [ 135.847855613655582, 33.846073534393675 ], [ 135.848189866153888, 33.84826070164597 ], [ 135.851995103807297, 33.845683675370793 ], [ 135.852893768007903, 33.844770306538749 ], [ 135.854110192777313, 33.843902399009082 ], [ 135.856989328835567, 33.842284702835094 ] ] ] } },
{ "type": "Feature", "properties": { "CITY_NAME": "新宮市", "S_NAME": "熊野川町和田向", "JINKO": 0, "medical_area": "30_新宮医療圏", "町丁目名": "新宮市熊野川町和田向" }, "geometry": { "type": "Polygon", "coordinates": [ [ [ 135.827310402540775, 33.848951243564883 ], [ 135.827948890298103, 33.849382504606346 ], [ 135.829462527259153, 33.849656026649683 ], [ 135.832015266009847, 33.849065199900146 ], [ 135.833508281413174, 33.848365304711457 ], [ 135.833946510673428, 33.847926052515184 ], [ 135.834868957089384, 33.846429848184528 ], [ 135.836250910907609, 33.842075254801287 ], [ 135.844363528591344, 33.836587488705234 ], [ 135.846851532202976, 33.835594860087056 ], [ 135.846513267743575, 33.834943701535963 ], [ 135.846510378845181, 33.834110518257134 ], [ 135.846305673614523, 33.833377108467424 ], [ 135.846588186913152, 33.831677856475331 ], [ 135.845991512126602, 33.830352807154952 ], [ 135.845571545744093, 33.830131370992007 ], [ 135.844044324347578, 33.830399356298216 ], [ 135.843127345017393, 33.830223765557612 ], [ 135.841644620875059, 33.830786085426325 ], [ 135.839504271088771, 33.831292019465039 ], [ 135.838659733071211, 33.831210741495077 ], [ 135.835596826771223, 33.826564019003484 ], [ 135.833200356726991, 33.828589205330246 ], [ 135.832665118359046, 33.829347308182541 ], [ 135.83256508352261, 33.830228131087402 ], [ 135.83263381071518, 33.836278250781845 ], [ 135.832484742229326, 33.838105059720519 ], [ 135.832053697238251, 33.838411617942896 ], [ 135.830625444928273, 33.83894127078171 ], [ 135.830088691830412, 33.840158790147768 ], [ 135.829547052058928, 33.840918561967399 ], [ 135.82890462032293, 33.841394450363723 ], [ 135.826732481892634, 33.842538860630157 ], [ 135.825801317412242, 33.842795258889922 ], [ 135.826991126514685, 33.842947221685982 ], [ 135.827741762240038, 33.84335076098575 ], [ 135.828234124337371, 33.843922160942881 ], [ 135.82832274498017, 33.844493292937159 ], [ 135.82811962472465, 33.845138833647418 ], [ 135.827725522624775, 33.845952448311515 ], [ 135.826803948905848, 33.84694313420777 ], [ 135.826885714037644, 33.848164546091745 ], [ 135.827310402540775, 33.848951243564883 ] ] ] } },
{ "type": "Feature", "properties": { "CITY_NAME": "新宮市", "S_NAME": "熊野川町相須", "JINKO": 13, "medical_area": "30_新宮医療圏", "町丁目名": "新宮市熊野川町相須" }, "geometry": { "type": "Polygon", "coordinates": [ [ [ 135.826106296609993, 33.863561697814347 ], [ 135.828712112755767, 33.861791344867207 ], [ 135.830647809987767, 33.861372602111743 ], [ 135.831612005134673, 33.860975490934862 ], [ 135.832571306686134, 33.860327739371783 ], [ 135.833326714216469, 33.859682384174754 ], [ 135.834944452848248, 33.857656678546945 ], [ 135.840576156642072, 33.854262384848539 ], [ 135.844283072198238, 33.850254888417041 ], [ 135.844663709583301, 33.850098275516189 ], [ 135.845597095569872, 33.850281440527574 ], [ 135.846279984103774, 33.850211834211102 ], [ 135.846496458611341, 33.85006614475386 ], [ 135.846683030970496, 33.849332238983855 ], [ 135.848189866153888, 33.84826070164597 ], [ 135.847855613655582, 33.846073534393675 ], [ 135.846980232044558, 33.845012607971704 ], [ 135.847062022286337, 33.844248021773346 ], [ 135.847562261190035, 33.843497478087485 ], [ 135.847627280438132, 33.843121977832624 ], [ 135.846098874762276, 33.838745685065824 ], [ 135.846851532202976, 33.835594860087056 ], [ 135.844363528591344, 33.836587488705234 ], [ 135.836250910907609, 33.842075254801287 ], [ 135.834868957089384, 33.846429848184528 ], [ 135.833946510673428, 33.847926052515184 ], [ 135.833508281413174, 33.848365304711457 ], [ 135.832015266009847, 33.849065199900146 ], [ 135.829462527259153, 33.849656026649683 ], [ 135.827948890298103, 33.849382504606346 ], [ 135.827310402540775, 33.848951243564883 ], [ 135.825484487798377, 33.849347013787813 ], [ 135.825179146087351, 33.849537205139079 ], [ 135.82484788527961, 33.850253553782025 ], [ 135.823372184158785, 33.850650766073876 ], [ 135.822224316740147, 33.852194357949649 ], [ 135.821873252653404, 33.852853466607712 ], [ 135.821872909141319, 33.853828493141727 ], [ 135.822790684126005, 33.856124528346484 ], [ 135.823107386549083, 33.857835779698419 ], [ 135.823877121199274, 33.858862863424399 ], [ 135.826608331745234, 33.861638281334258 ], [ 135.826773837354494, 33.862711576742001 ], [ 135.826106296609993, 33.863561697814347 ] ] ] } },
{ "type": "Feature", "properties": { "CITY_NAME": "新宮市", "S_NAME": "熊野川町北四滝", "JINKO": 23, "medical_area": "30_新宮医療圏", "町丁目名": "新宮市熊野川町北四滝" }, "geometry": { "type": "Polygon", "coordinates": [ [ [ 135.831163399369615, 33.874936293249938 ], [ 135.832684092388092, 33.874391152626615 ], [ 135.833352911880496, 33.874654211403502 ], [ 135.833832388953624, 33.874510585757243 ], [ 135.834113829222218, 33.874111146314185 ], [ 135.83457764520054, 33.873923543549253 ], [ 135.835993203974454, 33.873863990804047 ], [ 135.83622462667887, 33.873735674342917 ], [ 135.836442442432315, 33.873477026408487 ], [ 135.836093478984253, 33.872326301350945 ], [ 135.83619672274088, 33.871317470079795 ], [ 135.836671022220372, 33.870955893936532 ], [ 135.836800695730318, 33.870461299746218 ], [ 135.83734848201874, 33.869975137944898 ], [ 135.837715037602209, 33.86928263357197 ], [ 135.839283936462067, 33.868426000091894 ], [ 135.840319217594526, 33.867449905223182 ], [ 135.840902236401291, 33.866170759423881 ], [ 135.841351602059063, 33.864241989027711 ], [ 135.842231234097198, 33.862348547233815 ], [ 135.848745101679384, 33.856037114520383 ], [ 135.852787414386938, 33.853905610220004 ], [ 135.85427279372314, 33.852484458109465 ], [ 135.855320535955315, 33.851730843770021 ], [ 135.857791092913516, 33.850784015187628 ], [ 135.859832601976592, 33.850804632951544 ], [ 135.860267837813524, 33.849952978251018 ], [ 135.860449872954376, 33.849014673828478 ], [ 135.86017689561271, 33.847329909915814 ], [ 135.858618633349124, 33.844579215490164 ], [ 135.857651785471205, 33.843711568346329 ], [ 135.856989328835567, 33.842284702835094 ], [ 135.854110192777313, 33.843902399009082 ], [ 135.852893768007903, 33.844770306538756 ], [ 135.851995103807297, 33.845683675370779 ], [ 135.846683030970496, 33.849332238983827 ], [ 135.846496458611341, 33.850066144753875 ], [ 135.846279984103774, 33.850211834211102 ], [ 135.845597095569872, 33.850281440527603 ], [ 135.844663709583301, 33.850098275516203 ], [ 135.844283072198238, 33.850254888417041 ], [ 135.840576156642101, 33.854262384848539 ], [ 135.834944452848248, 33.857656678546967 ], [ 135.83332671421644, 33.859682384174754 ], [ 135.832571306686134, 33.860327739371783 ], [ 135.831612005134673, 33.860975490934862 ], [ 135.830647809987795, 33.861372602111743 ], [ 135.828712112755767, 33.861791344867207 ], [ 135.826106296609993, 33.863561697814319 ], [ 135.825801405063771, 33.864076043923703 ], [ 135.825950647992499, 33.86473231895647 ], [ 135.8274497061293, 33.866822760172106 ], [ 135.827744548319913, 33.868255046417602 ], [ 135.827772171715935, 33.868833106284029 ], [ 135.82743768468066, 33.869400103502052 ], [ 135.826837828787433, 33.869939263217205 ], [ 135.826729669792144, 33.870678159605319 ], [ 135.826744106393619, 33.871526969151589 ], [ 135.826965699965967, 33.872173902693042 ], [ 135.827905645207665, 33.873335460325052 ], [ 135.827643361090423, 33.874289971597555 ], [ 135.827765144109719, 33.875572829245769 ], [ 135.828094982479257, 33.876046769491062 ], [ 135.829200268204431, 33.876832678517189 ], [ 135.83002966066536, 33.875723966304889 ], [ 135.831163399369615, 33.874936293249938 ] ] ] } },
{ "type": "Feature", "properties": { "CITY_NAME": "新宮市", "S_NAME": "熊野川町九重", "JINKO": 28, "medical_area": "30_新宮医療圏", "町丁目名": "新宮市熊野川町九重" }, "geometry": { "type": "Polygon", "coordinates": [ [ [ 135.855322641804918, 33.875716899212549 ], [ 135.857860323329788, 33.873018744284494 ], [ 135.857791534981118, 33.872066879227326 ], [ 135.858741260493019, 33.868842919702409 ], [ 135.858742430979873, 33.868114981182359 ], [ 135.858002993331155, 33.866319013174333 ], [ 135.85724225942721, 33.865345067585622 ], [ 135.855974425565677, 33.864203024925231 ], [ 135.853554769022765, 33.862834355880473 ], [ 135.853316814732608, 33.86225871588767 ], [ 135.853315097487183, 33.860406983151499 ], [ 135.853127960135197, 33.859050232765597 ], [ 135.853216323848642, 33.858273807044462 ], [ 135.853960700778742, 33.856508182053993 ], [ 135.854804878603687, 33.855252086331191 ], [ 135.856388111531572, 33.853975972994064 ], [ 135.858677766154386, 33.852579495163127 ], [ 135.859832601976592, 33.850804632951544 ], [ 135.857791092913516, 33.850784015187628 ], [ 135.855320535955315, 33.851730843770021 ], [ 135.85427279372314, 33.852484458109465 ], [ 135.852787414386938, 33.853905610220004 ], [ 135.848745101679384, 33.856037114520383 ], [ 135.842231234097198, 33.862348547233815 ], [ 135.841351602059063, 33.864241989027711 ], [ 135.840902236401291, 33.866170759423881 ], [ 135.840319217594526, 33.867449905223182 ], [ 135.839283936462067, 33.868426000091894 ], [ 135.837715037602209, 33.86928263357197 ], [ 135.83734848201874, 33.869975137944898 ], [ 135.836800695730318, 33.870461299746218 ], [ 135.836671022220372, 33.870955893936532 ], [ 135.83619672274088, 33.871317470079795 ], [ 135.836093478984253, 33.872326301350945 ], [ 135.836442442432315, 33.873477026408487 ], [ 135.83622462667887, 33.873735674342917 ], [ 135.835993203974454, 33.873863990804047 ], [ 135.83457764520054, 33.873923543549253 ], [ 135.834113829222218, 33.874111146314185 ], [ 135.833832388953624, 33.874510585757243 ], [ 135.833352911880496, 33.874654211403502 ], [ 135.832478801548149, 33.874389471755485 ], [ 135.831532516639129, 33.874738290669342 ], [ 135.83002966066536, 33.875723966304889 ], [ 135.829200268204431, 33.876832678517189 ], [ 135.83163964241615, 33.878545927691412 ], [ 135.832062740690077, 33.879062378297633 ], [ 135.832365465838137, 33.880440686916586 ], [ 135.831963948143539, 33.882517790468633 ], [ 135.832320227466454, 33.883609909628554 ], [ 135.833279420544869, 33.884596599684855 ], [ 135.835651545444676, 33.885759139181154 ], [ 135.837500694405605, 33.887778948103119 ], [ 135.837806048716828, 33.888679980492661 ], [ 135.837776364804341, 33.889456457060994 ], [ 135.836977362523811, 33.892247583104073 ], [ 135.836610450577837, 33.894294601325811 ], [ 135.836644128466133, 33.894745874896685 ], [ 135.837120018657544, 33.89540061999891 ], [ 135.837670437697824, 33.895543504202237 ], [ 135.839428354424484, 33.896738968914867 ], [ 135.842557246359746, 33.897026356972546 ], [ 135.844013575818138, 33.896622341716125 ], [ 135.846709743466533, 33.89662364260505 ], [ 135.8472247483042, 33.896497634422737 ], [ 135.849459781584983, 33.894608626053028 ], [ 135.849836541225358, 33.894445806574396 ], [ 135.851058776489197, 33.894405308816481 ], [ 135.851510824037547, 33.894149172130973 ], [ 135.852097705617723, 33.893094125660674 ], [ 135.851908277193672, 33.891194699189313 ], [ 135.852115046221627, 33.890393059042445 ], [ 135.852810069077748, 33.889655254156089 ], [ 135.854333274578238, 33.888837273046214 ], [ 135.855076991885653, 33.888120076357254 ], [ 135.855238265873339, 33.887747776581982 ], [ 135.855080257304962, 33.887117574878118 ], [ 135.854344614878443, 33.886343571888155 ], [ 135.854199109433722, 33.884897581941416 ], [ 135.853439422012883, 33.884176806034112 ], [ 135.85337075115504, 33.883170299467217 ], [ 135.853159807240502, 33.882661343067099 ], [ 135.85224078012206, 33.882137034691382 ], [ 135.852184881832102, 33.881623048258092 ], [ 135.852571513926534, 33.879331155171101 ], [ 135.85321170274463, 33.876901612282076 ], [ 135.853710342321421, 33.876442792014153 ], [ 135.855322641804918, 33.875716899212549 ] ] ] } },
{ "type": "Feature", "properties": { "CITY_NAME": "新宮市", "S_NAME": "熊野川町椋呂", "JINKO": 0, "medical_area": "30_新宮医療圏", "町丁目名": "新宮市熊野川町椋呂" }, "geometry": { "type": "Polygon", "coordinates": [ [ [ 135.827310402540775, 33.848951243564883 ], [ 135.826885714037644, 33.848164546091745 ], [ 135.826803948905848, 33.84694313420777 ], [ 135.827725522624775, 33.845952448311515 ], [ 135.82811962472465, 33.845138833647418 ], [ 135.82832274498017, 33.844493292937159 ], [ 135.828234124337371, 33.843922160942881 ], [ 135.827741762240038, 33.84335076098575 ], [ 135.826991126514685, 33.842947221685982 ], [ 135.825425843326229, 33.842775296780992 ], [ 135.824772201437668, 33.842898088604471 ], [ 135.82325544283529, 33.844453889387388 ], [ 135.823266102395905, 33.846118442586324 ], [ 135.823551145138651, 33.847357757939534 ], [ 135.824098063685796, 33.848470360145249 ], [ 135.824082235974288, 33.84931337531583 ], [ 135.823372184158785, 33.850650766073876 ], [ 135.82484788527961, 33.850253553782025 ], [ 135.825299197329514, 33.849410295484546 ], [ 135.827310402540775, 33.848951243564883 ] ] ] } },
{ "type": "Feature", "properties": { "CITY_NAME": "新宮市", "S_NAME": "熊野川町嶋津", "JINKO": 11, "medical_area": "30_新宮医療圏", "町丁目名": "新宮市熊野川町嶋津" }, "geometry": { "type": "Polygon", "coordinates": [ [ [ 135.884837923671853, 33.884450067100822 ], [ 135.886690459848722, 33.882541011139374 ], [ 135.888755937308218, 33.881436985949357 ], [ 135.891149674983041, 33.880938024499223 ], [ 135.892915294832306, 33.881938982620476 ], [ 135.8929219021324, 33.883056869157599 ], [ 135.892331309711409, 33.883931779862088 ], [ 135.892188416721439, 33.884508698617694 ], [ 135.892888796491803, 33.886569251258145 ], [ 135.893018354383088, 33.889070354803565 ], [ 135.892644018544985, 33.889456317022045 ], [ 135.890334757774127, 33.88992469207507 ], [ 135.890201379995489, 33.890538800301954 ], [ 135.890229687984629, 33.890898626864832 ], [ 135.89086566829323, 33.892104954052868 ], [ 135.892001127744152, 33.893851408748532 ], [ 135.89247085041174, 33.893859843107293 ], [ 135.892825797848133, 33.893673626413687 ], [ 135.895502399985986, 33.890713820686912 ], [ 135.898323640981658, 33.888253912467498 ], [ 135.901287427634344, 33.88534774182007 ], [ 135.901615863111743, 33.884528516099849 ], [ 135.901692742560641, 33.882933702694281 ], [ 135.901470870166321, 33.881347949866942 ], [ 135.900728444752247, 33.879561871948134 ], [ 135.898685793254344, 33.877710762233029 ], [ 135.898265237160786, 33.876697783949943 ], [ 135.897655911524652, 33.873200968059784 ], [ 135.897741069277316, 33.870052552795308 ], [ 135.897436449146625, 33.869648543961723 ], [ 135.894035634761281, 33.868395912759489 ], [ 135.891670178014493, 33.86825648304805 ], [ 135.88985500206357, 33.868758504934824 ], [ 135.888382565207166, 33.869779250687266 ], [ 135.886871253758017, 33.871202135713638 ], [ 135.886242292733044, 33.872133032392007 ], [ 135.885182872828608, 33.872413092168429 ], [ 135.883018180370499, 33.8725750242305 ], [ 135.880523257295067, 33.872412578875 ], [ 135.878490517732018, 33.871862982474639 ], [ 135.877777215493666, 33.871333411733183 ], [ 135.877652978320071, 33.871079985852447 ], [ 135.877474820714184, 33.868236449355031 ], [ 135.878118941100666, 33.864482395070404 ], [ 135.877588509607108, 33.863430489492181 ], [ 135.875889277183319, 33.862119035411062 ], [ 135.874913746823751, 33.861652866027079 ], [ 135.873575771304473, 33.865326442968204 ], [ 135.874042558511377, 33.865982288719906 ], [ 135.874055763301214, 33.866286598944491 ], [ 135.87299000053477, 33.867428157872325 ], [ 135.872862356274567, 33.867766414304853 ], [ 135.87326636224816, 33.869993126762957 ], [ 135.873423412176408, 33.870260962789018 ], [ 135.874160301367453, 33.870480090242097 ], [ 135.874765585338224, 33.872756210769126 ], [ 135.876119941114268, 33.873109786103598 ], [ 135.876585616912109, 33.873516833923141 ], [ 135.87734251179063, 33.873535342991232 ], [ 135.878040049982388, 33.873774686892112 ], [ 135.87878480233897, 33.874910625736142 ], [ 135.880871259458274, 33.875757366273938 ], [ 135.881149261924179, 33.876156600894525 ], [ 135.881604569936798, 33.877558632140456 ], [ 135.882267971188185, 33.878464547163553 ], [ 135.882770181134106, 33.87876312743353 ], [ 135.881478855980305, 33.880937530006172 ], [ 135.880272111160735, 33.882450698605638 ], [ 135.882550827659628, 33.884434664381097 ], [ 135.883364784738433, 33.884675641486893 ], [ 135.884837923671853, 33.884450067100822 ] ] ] } },
{ "type": "Feature", "properties": { "CITY_NAME": "新宮市", "S_NAME": "熊野川町北玉置口", "JINKO": 10, "medical_area": "30_新宮医療圏", "町丁目名": "新宮市熊野川町北玉置口" }, "geometry": { "type": "Polygon", "coordinates": [ [ [ 135.874586899551389, 33.918268098093179 ], [ 135.876599068200903, 33.918263353736513 ], [ 135.87687751111784, 33.918007791383729 ], [ 135.877065490975809, 33.917316536236051 ], [ 135.877327639912068, 33.917287492601751 ], [ 135.87890718964718, 33.91805247635439 ], [ 135.880155499961262, 33.917977753223461 ], [ 135.880469029932499, 33.917780823012279 ], [ 135.880970781793394, 33.916246412696346 ], [ 135.881403787429463, 33.915581871506923 ], [ 135.881883659878014, 33.915278591006569 ], [ 135.881904940268782, 33.914906827651954 ], [ 135.881330509728286, 33.914253298825791 ], [ 135.880552642356321, 33.913931484849307 ], [ 135.880077386355083, 33.913214085607599 ], [ 135.880274277380209, 33.911833927409496 ], [ 135.881265949556223, 33.911208532037705 ], [ 135.881245824812481, 33.910732905495117 ], [ 135.880850101169699, 33.9102874896383 ], [ 135.880788190524839, 33.909990317335854 ], [ 135.880945785414951, 33.909268322542644 ], [ 135.879662535875127, 33.909276387417727 ], [ 135.878878610964165, 33.908746628166 ], [ 135.87971515082819, 33.905876049663576 ], [ 135.879887771965514, 33.904694383542157 ], [ 135.880897923827831, 33.90218502139566 ], [ 135.88210594970559, 33.901020246138046 ], [ 135.883710315382757, 33.899781306270093 ], [ 135.884555830283944, 33.898399083002793 ], [ 135.88515734312216, 33.897853308506761 ], [ 135.887511106823155, 33.896520336416614 ], [ 135.88819456159294, 33.895597488959389 ], [ 135.888105334546509, 33.894159748457227 ], [ 135.887568011948019, 33.893275821744808 ], [ 135.886535692291204, 33.892170404674594 ], [ 135.885419901405214, 33.891373986151642 ], [ 135.885064789616479, 33.890476827354377 ], [ 135.884281480009378, 33.88718911953395 ], [ 135.884194987410211, 33.886158922249415 ], [ 135.884837923671853, 33.884450067100822 ], [ 135.883364784738433, 33.884675641486893 ], [ 135.882550827659628, 33.884434664381097 ], [ 135.880272111160735, 33.882450698605631 ], [ 135.879892673860354, 33.882804786446236 ], [ 135.878999001315776, 33.883109483302292 ], [ 135.878517913818342, 33.88393865633094 ], [ 135.877706138484712, 33.884132268423599 ], [ 135.875574883097414, 33.883822029928496 ], [ 135.874826849269709, 33.883904673417454 ], [ 135.873413354601723, 33.885612803242694 ], [ 135.872073286320273, 33.88676310514046 ], [ 135.871710660155117, 33.888313263742745 ], [ 135.871343722893727, 33.888674097691087 ], [ 135.869040368382883, 33.888993567673531 ], [ 135.867269573686769, 33.888564929596846 ], [ 135.864784308485042, 33.889013028488293 ], [ 135.8640138992902, 33.888851711555141 ], [ 135.862626813368735, 33.888030655124403 ], [ 135.862144684171653, 33.88749349587961 ], [ 135.861035421462759, 33.887157647945159 ], [ 135.860774728088131, 33.887334157759277 ], [ 135.860052235470107, 33.888464752026543 ], [ 135.859723260165794, 33.889671446915415 ], [ 135.860246582022711, 33.890953642914553 ], [ 135.860271678222631, 33.89136166381607 ], [ 135.860143818622248, 33.891778103812626 ], [ 135.859151667143237, 33.892966572568227 ], [ 135.858351950589338, 33.895921620996702 ], [ 135.858348597035558, 33.897056835043045 ], [ 135.858803108111687, 33.897838962740018 ], [ 135.859787615255954, 33.898611548422906 ], [ 135.859992958488988, 33.898983003831404 ], [ 135.859624029285158, 33.900525646569079 ], [ 135.859051029639289, 33.900751672796474 ], [ 135.858824987135392, 33.900988094732888 ], [ 135.858760106939485, 33.901414465993064 ], [ 135.859624885679352, 33.903115736403137 ], [ 135.861165248972327, 33.904437129101453 ], [ 135.86232516872667, 33.904745416569334 ], [ 135.862804911950462, 33.905159862223712 ], [ 135.863354442928994, 33.907128294471683 ], [ 135.863104527619612, 33.907873980177271 ], [ 135.864516612992645, 33.909238689382107 ], [ 135.865121805102177, 33.910283971388978 ], [ 135.865212276985119, 33.910801661882573 ], [ 135.865709799063609, 33.911433619721478 ], [ 135.868727615461609, 33.914289362391216 ], [ 135.868721820930517, 33.914803709362687 ], [ 135.868270407248843, 33.915489741069173 ], [ 135.867855515039849, 33.915893344928286 ], [ 135.866772733697246, 33.916194095629344 ], [ 135.867011081713315, 33.917100066238255 ], [ 135.866366676063535, 33.918679902656862 ], [ 135.865535050744882, 33.920003974355311 ], [ 135.865530492073077, 33.9208888153956 ], [ 135.86592350575998, 33.922028370323929 ], [ 135.866351968518018, 33.921943604670275 ], [ 135.866435696583068, 33.921549240424177 ], [ 135.86734306769776, 33.92080004749085 ], [ 135.869308530658088, 33.920009423294388 ], [ 135.872163940464162, 33.91937815846358 ], [ 135.872794373093029, 33.918891078626793 ], [ 135.874586899551389, 33.918268098093179 ] ] ] } },
{ "type": "Feature", "properties": { "CITY_NAME": "新宮市", "S_NAME": "熊野川町西敷屋", "JINKO": 33, "medical_area": "30_新宮医療圏", "町丁目名": "新宮市熊野川町西敷屋" }, "geometry": { "type": "Polygon", "coordinates": [ [ [ 135.823107386549083, 33.857835779698419 ], [ 135.822790684126005, 33.856124528346484 ], [ 135.821872909141319, 33.853828493141727 ], [ 135.821873252653461, 33.852853466607705 ], [ 135.822224316740147, 33.852194357949649 ], [ 135.823062523351439, 33.851203437288213 ], [ 135.824082235974288, 33.84931337531583 ], [ 135.824098063685796, 33.848470360145249 ], [ 135.823551145138651, 33.847357757939534 ], [ 135.823266102395877, 33.846118442586324 ], [ 135.82325544283529, 33.844453889387381 ], [ 135.820910217199668, 33.846375449694719 ], [ 135.819946344732472, 33.847022258984481 ], [ 135.819398346942364, 33.847209120405942 ], [ 135.817897223196951, 33.846678487088369 ], [ 135.81054128207677, 33.846317567196408 ], [ 135.809510585212081, 33.845890534756805 ], [ 135.808923688282135, 33.845262573932182 ], [ 135.808148753012205, 33.843320567487865 ], [ 135.806460595175139, 33.841216101353488 ], [ 135.805330616622513, 33.839283663157076 ], [ 135.805086516321268, 33.838388808976326 ], [ 135.805024092976851, 33.83708511100447 ], [ 135.806124120091766, 33.833330018348121 ], [ 135.805574003934851, 33.833050772769425 ], [ 135.804828321791376, 33.833192320290415 ], [ 135.804022741641859, 33.833955771925481 ], [ 135.803190739570113, 33.83394755472483 ], [ 135.801682095806513, 33.835139854661236 ], [ 135.79900453879182, 33.838092286963303 ], [ 135.797749104962236, 33.839806777620481 ], [ 135.796411347199523, 33.841273312845352 ], [ 135.795320089294734, 33.841950024661223 ], [ 135.793685070090049, 33.845050552513882 ], [ 135.793249465930757, 33.845445562859062 ], [ 135.791574647870164, 33.846055317930194 ], [ 135.791422778778866, 33.846328372043942 ], [ 135.791528418719253, 33.847592249094703 ], [ 135.792594270218359, 33.850294712437275 ], [ 135.79232218216606, 33.850618284116329 ], [ 135.792436367298592, 33.851494188476885 ], [ 135.79233861254454, 33.852012043352445 ], [ 135.791720500160665, 33.852890246215452 ], [ 135.792316831281283, 33.85272838476056 ], [ 135.793344779438115, 33.853059474470719 ], [ 135.794631396564256, 33.853176844144826 ], [ 135.799707399541177, 33.854783976448587 ], [ 135.80036189601492, 33.854654857271932 ], [ 135.800802115315491, 33.854274764333674 ], [ 135.801187440476667, 33.853558442434796 ], [ 135.801602205002695, 33.853386949455661 ], [ 135.801662859308124, 33.853203760831676 ], [ 135.800495151409251, 33.852671334224389 ], [ 135.80055753438188, 33.852489416795116 ], [ 135.801819655372555, 33.852375493342322 ], [ 135.802840208113054, 33.852740589590411 ], [ 135.803019004364955, 33.852326402237544 ], [ 135.80483815031468, 33.85300775494737 ], [ 135.80550950692384, 33.853002891671579 ], [ 135.80619061747754, 33.853663981093234 ], [ 135.80833477975969, 33.855090061877874 ], [ 135.812083881776431, 33.856899892996594 ], [ 135.814329069926202, 33.856211258014916 ], [ 135.81462943239751, 33.856759583632765 ], [ 135.816044111141878, 33.857786428900596 ], [ 135.818550847502451, 33.859032918282153 ], [ 135.819913087017767, 33.859193231536416 ], [ 135.822913545379095, 33.861708491012351 ], [ 135.825290586151027, 33.862961834482149 ], [ 135.826106296609993, 33.863561697814319 ], [ 135.826773837354494, 33.862711576741972 ], [ 135.826608331745234, 33.861638281334258 ], [ 135.823877121199274, 33.858862863424399 ], [ 135.823107386549083, 33.857835779698419 ] ] ] } },
{ "type": "Feature", "properties": { "CITY_NAME": "新宮市", "S_NAME": "熊野川町東敷屋", "JINKO": 28, "medical_area": "30_新宮医療圏", "町丁目名": "新宮市熊野川町東敷屋" }, "geometry": { "type": "Polygon", "coordinates": [ [ [ 135.824772201437639, 33.842898088604471 ], [ 135.826732481892634, 33.842538860630157 ], [ 135.82890462032293, 33.841394450363701 ], [ 135.829547052058928, 33.840918561967399 ], [ 135.830088691830412, 33.840158790147768 ], [ 135.830625444928273, 33.83894127078171 ], [ 135.832053697238251, 33.838411617942896 ], [ 135.832484742229326, 33.838105059720519 ], [ 135.832617246092923, 33.837534506476956 ], [ 135.83250213659835, 33.83225876668434 ], [ 135.832665118359074, 33.829347308182527 ], [ 135.833200356726991, 33.828589205330246 ], [ 135.83559682677128, 33.826564019003456 ], [ 135.835731875792618, 33.825817691846296 ], [ 135.835533173296881, 33.823349953936969 ], [ 135.836148884556991, 33.821480776063908 ], [ 135.836305600349732, 33.820482023941501 ], [ 135.835855465475788, 33.818025216729986 ], [ 135.835358805708864, 33.817650797890572 ], [ 135.833307876123229, 33.815181985502747 ], [ 135.831917145155927, 33.814026887290325 ], [ 135.830269027503334, 33.811537720967117 ], [ 135.829664084493118, 33.811831470755237 ], [ 135.828337061955352, 33.813247868388792 ], [ 135.827217951750981, 33.813602458733108 ], [ 135.826208901143985, 33.814239232769253 ], [ 135.825940146847103, 33.815539310513657 ], [ 135.825118821531987, 33.816004891419432 ], [ 135.824135844681081, 33.817531905014796 ], [ 135.823739597571404, 33.817778588288583 ], [ 135.822795278656798, 33.817936020414265 ], [ 135.822368901059178, 33.818289020934444 ], [ 135.822056247691393, 33.819085811602768 ], [ 135.821693583526411, 33.819478768976659 ], [ 135.819752706613741, 33.819953556113461 ], [ 135.819461967589859, 33.820270260415221 ], [ 135.818729538287272, 33.820611963160673 ], [ 135.817995987880693, 33.821499441032422 ], [ 135.816788365088087, 33.822166724283015 ], [ 135.815505433087651, 33.82260917849058 ], [ 135.813368200934718, 33.824423114564837 ], [ 135.813545360614711, 33.82502171134427 ], [ 135.812287996862324, 33.826067298808077 ], [ 135.812511987124338, 33.828063813877073 ], [ 135.812094390266623, 33.829407784524896 ], [ 135.811890578562299, 33.831020882133849 ], [ 135.811998361233094, 33.832369725086906 ], [ 135.810648211873001, 33.832000832192378 ], [ 135.809874293565173, 33.831189296571281 ], [ 135.809397676244998, 33.831279298843064 ], [ 135.806285915921507, 33.833412124058235 ], [ 135.806124120091766, 33.833330018348121 ], [ 135.805024092976851, 33.83708511100447 ], [ 135.805086516321268, 33.838388808976326 ], [ 135.80554890123895, 33.839802457733882 ], [ 135.807040340869321, 33.842002008239341 ], [ 135.808148753012205, 33.843320567487865 ], [ 135.8091151114902, 33.845543783812047 ], [ 135.809901134086942, 33.846124571938027 ], [ 135.81054128207677, 33.846317567196408 ], [ 135.817897223196951, 33.846678487088369 ], [ 135.819398346942364, 33.847209120405942 ], [ 135.819946344732472, 33.847022258984481 ], [ 135.82170050593939, 33.84579121703549 ], [ 135.823097017300796, 33.844647385590342 ], [ 135.824772201437639, 33.842898088604471 ] ] ] } },
{ "type": "Feature", "properties": { "CITY_NAME": "新宮市", "S_NAME": "熊野川町奥山手", "JINKO": 28, "medical_area": "30_新宮医療圏", "町丁目名": "新宮市熊野川町奥山手" }, "geometry": { "type": "Polygon", "coordinates": [ [ [ 135.802844885956176, 33.864086327997562 ], [ 135.803920163353553, 33.864344989554006 ], [ 135.805211520352088, 33.864418165351466 ], [ 135.8055076713284, 33.864740390912601 ], [ 135.805108154678976, 33.865171690553503 ], [ 135.805634266724837, 33.865623882383538 ], [ 135.805149849670443, 33.86639244849529 ], [ 135.805597036588352, 33.867130213121726 ], [ 135.805820393891281, 33.867897069917916 ], [ 135.808433906446027, 33.868631706503351 ], [ 135.810298924132383, 33.869493904739677 ], [ 135.811066852083485, 33.869683562709099 ], [ 135.821337572217544, 33.867802191410689 ], [ 135.825348219230136, 33.867714714261851 ], [ 135.827744548319913, 33.868255046417602 ], [ 135.8274497061293, 33.866822760172106 ], [ 135.825950647992499, 33.86473231895647 ], [ 135.825801405063771, 33.864076043923703 ], [ 135.826106296609993, 33.863561697814319 ], [ 135.825290586151027, 33.862961834482149 ], [ 135.822913545379095, 33.861708491012351 ], [ 135.819913087017767, 33.859193231536416 ], [ 135.818550847502451, 33.859032918282153 ], [ 135.816044111141878, 33.857786428900596 ], [ 135.81462943239751, 33.856759583632765 ], [ 135.814329069926202, 33.856211258014916 ], [ 135.812083881776431, 33.856899892996594 ], [ 135.80833477975969, 33.855090061877874 ], [ 135.80619061747754, 33.853663981093234 ], [ 135.80550950692384, 33.853002891671579 ], [ 135.80483815031468, 33.85300775494737 ], [ 135.803348452553735, 33.852366230027229 ], [ 135.803019004364955, 33.852326402237544 ], [ 135.802840208113054, 33.852740589590411 ], [ 135.801819655372555, 33.852375493342322 ], [ 135.800477261872146, 33.852519154512514 ], [ 135.800495151409251, 33.852671334224389 ], [ 135.801662859308124, 33.853203760831676 ], [ 135.801602205002695, 33.853386949455661 ], [ 135.801187440476667, 33.853558442434796 ], [ 135.800802115315491, 33.854274764333674 ], [ 135.80036189601492, 33.854654857271932 ], [ 135.799707399541177, 33.854783976448587 ], [ 135.794631396564256, 33.853176844144826 ], [ 135.793344779438115, 33.853059474470719 ], [ 135.792316831281283, 33.85272838476056 ], [ 135.791720500160665, 33.852890246215452 ], [ 135.791386418201142, 33.853253863533745 ], [ 135.791184423600441, 33.854133038444687 ], [ 135.791703899651935, 33.855551725166343 ], [ 135.791582381578706, 33.856151388527067 ], [ 135.792991151206451, 33.860496083851146 ], [ 135.793505689947494, 33.861401810590756 ], [ 135.793800525573801, 33.862609901124536 ], [ 135.794344669548309, 33.863344911082081 ], [ 135.794850942989484, 33.864496287940248 ], [ 135.794942750414691, 33.864961614335762 ], [ 135.794322808623832, 33.866348787083815 ], [ 135.794368274234785, 33.866771773930573 ], [ 135.795095303668433, 33.868347977170387 ], [ 135.795095230656472, 33.870176838717022 ], [ 135.795370189496566, 33.871836837785608 ], [ 135.795660193862005, 33.872464505288299 ], [ 135.796138642483157, 33.872900464751346 ], [ 135.796926306779426, 33.872944019703638 ], [ 135.797422319536793, 33.87316685341311 ], [ 135.797933071744893, 33.873041740308658 ], [ 135.801411534530985, 33.869640493666061 ], [ 135.801745519038235, 33.869071885849742 ], [ 135.802174079282878, 33.867505319036283 ], [ 135.803584060353131, 33.865778016153925 ], [ 135.803599673654588, 33.86546247781758 ], [ 135.802783843109239, 33.864410810359821 ], [ 135.802844885956176, 33.864086327997562 ] ] ] } },
{ "type": "Feature", "properties": { "CITY_NAME": "新宮市", "S_NAME": "熊野川町篠尾", "JINKO": 19, "medical_area": "30_新宮医療圏", "町丁目名": "新宮市熊野川町篠尾" }, "geometry": { "type": "Polygon", "coordinates": [ [ [ 135.810091040774154, 33.905924336850468 ], [ 135.812941140615379, 33.905790044015177 ], [ 135.814378465597969, 33.906003102850001 ], [ 135.81560831060753, 33.905776428938218 ], [ 135.816784869093198, 33.905286214451877 ], [ 135.81888941783518, 33.903319209325446 ], [ 135.819882761669163, 33.903070738740347 ], [ 135.820737460253355, 33.903066196957255 ], [ 135.82559190730305, 33.900513385118842 ], [ 135.828127529544901, 33.899427490936127 ], [ 135.830756145607381, 33.897457053889049 ], [ 135.833344648056766, 33.89682202925357 ], [ 135.835700050687876, 33.895593137121793 ], [ 135.837120018657544, 33.89540061999891 ], [ 135.836644128466133, 33.894745874896685 ], [ 135.836610450577837, 33.894294601325811 ], [ 135.836977362523811, 33.892247583104073 ], [ 135.837776364804341, 33.889456457060994 ], [ 135.837806048716828, 33.888679980492661 ], [ 135.837500694405605, 33.887778948103119 ], [ 135.835651545444676, 33.885759139181154 ], [ 135.833279420544869, 33.884596599684855 ], [ 135.832320227466454, 33.883609909628554 ], [ 135.831963948143539, 33.882517790468633 ], [ 135.832365465838137, 33.880440686916586 ], [ 135.832062740690077, 33.879062378297633 ], [ 135.83163964241615, 33.878545927691412 ], [ 135.828094982479257, 33.876046769491062 ], [ 135.827765144109719, 33.875572829245769 ], [ 135.827643361090423, 33.874289971597555 ], [ 135.827905645207665, 33.873335460325052 ], [ 135.826965699965967, 33.872173902693042 ], [ 135.826744106393619, 33.871526969151589 ], [ 135.826729669792144, 33.870678159605319 ], [ 135.826837828787433, 33.869939263217205 ], [ 135.82743768468066, 33.869400103502052 ], [ 135.827772171715935, 33.868833106284029 ], [ 135.827744548319913, 33.868255046417602 ], [ 135.825348219230136, 33.867714714261851 ], [ 135.821337572217544, 33.867802191410689 ], [ 135.811066852083485, 33.869683562709099 ], [ 135.810298924132383, 33.869493904739677 ], [ 135.808433906446027, 33.868631706503351 ], [ 135.805820393891281, 33.867897069917916 ], [ 135.805858954652535, 33.868138732145077 ], [ 135.805187285841697, 33.868473108167827 ], [ 135.805365176759068, 33.868895592022959 ], [ 135.805156475613614, 33.869187724090366 ], [ 135.80579952039119, 33.870157819198717 ], [ 135.805306931515929, 33.870575316229335 ], [ 135.805555509188991, 33.871064411688081 ], [ 135.805321750974116, 33.871364680751554 ], [ 135.805100494958111, 33.873646842276813 ], [ 135.804424422181512, 33.87450880080825 ], [ 135.804519140671886, 33.87507316613506 ], [ 135.804308928889384, 33.875914300369246 ], [ 135.803358094282203, 33.877164360530777 ], [ 135.803122784756169, 33.877714680230348 ], [ 135.804046114222047, 33.878299938152701 ], [ 135.804523374989287, 33.878421703126229 ], [ 135.80598955429582, 33.878064763023708 ], [ 135.806211366617333, 33.880437323186797 ], [ 135.80707943477384, 33.882760023139156 ], [ 135.806879857197117, 33.884099160941446 ], [ 135.806148568278417, 33.885560317924607 ], [ 135.805154117592082, 33.886394305773976 ], [ 135.804167265983182, 33.886953169381933 ], [ 135.802868958097747, 33.888581354101952 ], [ 135.802852900378525, 33.890508383272412 ], [ 135.801096705365779, 33.891675138783718 ], [ 135.801456420953912, 33.893063910740572 ], [ 135.802330796824549, 33.893615855832287 ], [ 135.802687851339726, 33.894129921508103 ], [ 135.80255505751299, 33.894871706795321 ], [ 135.801717153391849, 33.895778170794031 ], [ 135.802599688942536, 33.897901879836915 ], [ 135.802719140355407, 33.899946179393297 ], [ 135.803149057745401, 33.901385905794129 ], [ 135.803232142100882, 33.902953842617599 ], [ 135.803849148869034, 33.903470280992593 ], [ 135.805629570696937, 33.904130975673795 ], [ 135.808560748177825, 33.906478474187097 ], [ 135.810091040774154, 33.905924336850468 ] ] ] } },
{ "type": "Feature", "properties": { "CITY_NAME": "那智勝浦町", "S_NAME": "大字宇久井", "JINKO": 0, "medical_area": "30_新宮医療圏", "町丁目名": "那智勝浦町大字宇久井" }, "geometry": { "type": "Polygon", "coordinates": [ [ [ 135.99337746988337, 33.664171195922435 ], [ 135.994198062444127, 33.66389974248122 ], [ 135.994056711939265, 33.663493289806077 ], [ 135.993590137653342, 33.66327589084964 ], [ 135.993415268640348, 33.663467767344493 ], [ 135.99331386825753, 33.663123444801762 ], [ 135.992768645132429, 33.663092146443994 ], [ 135.992633985610439, 33.663249366286799 ], [ 135.992656729309232, 33.663779933604189 ], [ 135.9931177870493, 33.663792210398576 ], [ 135.99337746988337, 33.664171195922435 ] ] ] } },
{ "type": "Feature", "properties": { "CITY_NAME": "那智勝浦町", "S_NAME": "大字宇久井", "JINKO": 0, "medical_area": "30_新宮医療圏", "町丁目名": "那智勝浦町大字宇久井" }, "geometry": { "type": "Polygon", "coordinates": [ [ [ 135.991612678468556, 33.662803703767842 ], [ 135.99135186621919, 33.66206616530738 ], [ 135.991014427364803, 33.662328330233535 ], [ 135.990976914271698, 33.662092912109891 ], [ 135.990630584717991, 33.662710383107829 ], [ 135.990980496899937, 33.663071910755917 ], [ 135.991299304376838, 33.663064602754922 ], [ 135.991612678468556, 33.662803703767842 ] ] ] } },
{ "type": "Feature", "properties": { "CITY_NAME": "那智勝浦町", "S_NAME": "大字宇久井", "JINKO": 0, "medical_area": "30_新宮医療圏", "町丁目名": "那智勝浦町大字宇久井" }, "geometry": { "type": "Polygon", "coordinates": [ [ [ 135.990362390019129, 33.662541306693129 ], [ 135.990777102749831, 33.661831139287088 ], [ 135.990518218095417, 33.661955664520541 ], [ 135.990450646356379, 33.661709819551774 ], [ 135.99016451736162, 33.662299538445083 ], [ 135.990362390019129, 33.662541306693129 ] ] ] } },
{ "type": "Feature", "properties": { "CITY_NAME": "那智勝浦町", "S_NAME": "大字宇久井", "JINKO": 0, "medical_area": "30_新宮医療圏", "町丁目名": "那智勝浦町大字宇久井" }, "geometry": { "type": "Polygon", "coordinates": [ [ [ 135.982473696806977, 33.661163831276596 ], [ 135.982010114377431, 33.660803951500327 ], [ 135.981647796756221, 33.660922101787925 ], [ 135.981777141369861, 33.66115655060203 ], [ 135.981505425724151, 33.661116783012453 ], [ 135.981390022911313, 33.661261031556812 ], [ 135.981614231352381, 33.661611864072768 ], [ 135.982281584020029, 33.662101526357382 ], [ 135.982514531262751, 33.661894177467147 ], [ 135.982473696806977, 33.661163831276596 ] ] ] } },
{ "type": "Feature", "properties": { "CITY_NAME": "那智勝浦町", "S_NAME": "大字宇久井", "JINKO": 0, "medical_area": "30_新宮医療圏", "町丁目名": "那智勝浦町大字宇久井" }, "geometry": { "type": "Polygon", "coordinates": [ [ [ 135.98981668977234, 33.661084255543116 ], [ 135.989619348175722, 33.661252879295205 ], [ 135.989784285027127, 33.661608198921726 ], [ 135.990029095045884, 33.661201484738982 ], [ 135.98981668977234, 33.661084255543116 ] ] ] } },
{ "type": "Feature", "properties": { "CITY_NAME": "那智勝浦町", "S_NAME": "大字宇久井", "JINKO": 0, "medical_area": "30_新宮医療圏", "町丁目名": "那智勝浦町大字宇久井" }, "geometry": { "type": "Polygon", "coordinates": [ [ [ 135.977440073146823, 33.653586441154864 ], [ 135.977383106857275, 33.652865943960883 ], [ 135.976352495769419, 33.652422106346222 ], [ 135.97587592668043, 33.652512182606877 ], [ 135.976115233445853, 33.652680022446482 ], [ 135.975883373651584, 33.652888207048939 ], [ 135.975279614486595, 33.652838498039998 ], [ 135.97367441055178, 33.652206159403704 ], [ 135.972518630222424, 33.652186046884651 ], [ 135.971884594016075, 33.652449220982184 ], [ 135.972532630594799, 33.652241981495429 ], [ 135.97370350197528, 33.652271959040171 ], [ 135.97516855826737, 33.652858341005711 ], [ 135.975549059093822, 33.653200204500862 ], [ 135.97655493674651, 33.653416796049605 ], [ 135.977134918654258, 33.653709942175269 ], [ 135.977440073146823, 33.653586441154864 ] ] ] } },
{ "type": "Feature", "properties": { "CITY_NAME": "那智勝浦町", "S_NAME": "大字宇久井", "JINKO": 719, "medical_area": "30_新宮医療圏", "町丁目名": "那智勝浦町大字宇久井" }, "geometry": { "type": "Polygon", "coordinates": [ [ [ 135.987012614952107, 33.665231640898376 ], [ 135.98785397269063, 33.663175099133603 ], [ 135.988490155706188, 33.66324277415341 ], [ 135.988404998077556, 33.663022708386372 ], [ 135.988731765613721, 33.662644039305363 ], [ 135.988642317059146, 33.662246459307866 ], [ 135.989015505158022, 33.661368220640718 ], [ 135.989023114847271, 33.660841738643981 ], [ 135.988820428262414, 33.660619832483917 ], [ 135.988411759612376, 33.660685734694461 ], [ 135.988698595895556, 33.660530643415697 ], [ 135.98869429994383, 33.660387223574453 ], [ 135.988001020604656, 33.660082437705881 ], [ 135.986792200491408, 33.660778439031972 ], [ 135.986707996709583, 33.661466365823337 ], [ 135.985987784800642, 33.661001100385292 ], [ 135.986101030786301, 33.660813454494459 ], [ 135.98658300333264, 33.660885632694111 ], [ 135.987148082916519, 33.660372726291335 ], [ 135.987082357055812, 33.660027415297506 ], [ 135.986883928078583, 33.660246470929586 ], [ 135.986680193980391, 33.659865080936562 ], [ 135.986793453297736, 33.659554020317749 ], [ 135.986585331951659, 33.65969192564441 ], [ 135.986850657737534, 33.659149125452849 ], [ 135.986515345877876, 33.659006661199264 ], [ 135.986217713776398, 33.659259096450725 ], [ 135.986402142721147, 33.65892550159122 ], [ 135.986144442873922, 33.658929985260997 ], [ 135.986054917872565, 33.659137357277366 ], [ 135.985823177016954, 33.658611698273688 ], [ 135.986294540371063, 33.65743409714252 ], [ 135.98620212793773, 33.655328722553463 ], [ 135.98570729669126, 33.654947301936502 ], [ 135.984667957325996, 33.65474615275766 ], [ 135.984287400329492, 33.654487303106691 ], [ 135.984078289871348, 33.654151832903871 ], [ 135.984315573481467, 33.653664968135786 ], [ 135.983780834967689, 33.653462028241137 ], [ 135.983546812109125, 33.653800119230219 ], [ 135.983431454578692, 33.65375149984704 ], [ 135.983412150674724, 33.653185141735349 ], [ 135.982620892920835, 33.652546681952117 ], [ 135.982766503073236, 33.652231117880774 ], [ 135.982283588746213, 33.651702729837645 ], [ 135.981739108038482, 33.651776618006657 ], [ 135.981450210395565, 33.651542142180496 ], [ 135.981062081268561, 33.65152672757295 ], [ 135.9809111852623, 33.651309318814313 ], [ 135.980434631458564, 33.65136517702642 ], [ 135.98032146518284, 33.651181304191496 ], [ 135.980004461668528, 33.651317349439971 ], [ 135.979795375768816, 33.650981867379002 ], [ 135.979990625540665, 33.650487812346029 ], [ 135.979997324808863, 33.649422013048103 ], [ 135.979423847837211, 33.649048715368927 ], [ 135.979433590666872, 33.648865565521753 ], [ 135.97919638276062, 33.648964710275806 ], [ 135.979028256349608, 33.648699675932484 ], [ 135.978763909568329, 33.649605808633474 ], [ 135.978485719778462, 33.649755382156549 ], [ 135.97837891695869, 33.650042066814478 ], [ 135.978749646458851, 33.650685131950539 ], [ 135.978578121926176, 33.651113395349427 ], [ 135.978698782593511, 33.651506486187053 ], [ 135.978128436062178, 33.651533438598328 ], [ 135.978037815378514, 33.651773210732522 ], [ 135.978217794859461, 33.652071778053191 ], [ 135.978654430618633, 33.652145818255946 ], [ 135.978660845636227, 33.652377435311507 ], [ 135.979156797780888, 33.652382026621055 ], [ 135.978813605564085, 33.653854501024668 ], [ 135.978871656606145, 33.654590207272172 ], [ 135.979135678144644, 33.655179005845632 ], [ 135.978558739166147, 33.655632416152223 ], [ 135.977091223759004, 33.655983806442208 ], [ 135.975620388509981, 33.656616524699565 ], [ 135.975152525597451, 33.656325225820218 ], [ 135.974733102269852, 33.656321480355672 ], [ 135.975152515598182, 33.65636213807813 ], [ 135.975612828926415, 33.656661606236376 ], [ 135.975505911543394, 33.657314443686452 ], [ 135.975813151989712, 33.658700381966604 ], [ 135.976125109312846, 33.658649862729106 ], [ 135.976540467895404, 33.659396485801715 ], [ 135.978087908689929, 33.658712485228726 ], [ 135.980031974745515, 33.658668565242714 ], [ 135.981490772464838, 33.658926742393582 ], [ 135.982401773005932, 33.659496603829751 ], [ 135.982554796523317, 33.65995477849679 ], [ 135.982415621984245, 33.660373043024258 ], [ 135.982523369314833, 33.660782465695107 ], [ 135.983719142880716, 33.660868277678489 ], [ 135.98466806722007, 33.660532948352959 ], [ 135.985785060841636, 33.66106053268765 ], [ 135.986011407456118, 33.661646630657316 ], [ 135.986233536967489, 33.661607909192618 ], [ 135.986731393107192, 33.663718669619911 ], [ 135.987379423779714, 33.663910751901277 ], [ 135.986785100434815, 33.66515864224602 ], [ 135.987012614952107, 33.665231640898376 ] ] ] } },
{ "type": "Feature", "properties": { "CITY_NAME": "那智勝浦町", "S_NAME": "大字宇久井", "JINKO": 128, "medical_area": "30_新宮医療圏", "町丁目名": "那智勝浦町大字宇久井" }, "geometry": { "type": "Polygon", "coordinates": [ [ [ 135.976540467895404, 33.659396485801715 ], [ 135.976125109312846, 33.658649862729106 ], [ 135.975813151989712, 33.658700381966604 ], [ 135.975505911543394, 33.657314443686452 ], [ 135.975131737084212, 33.657437927097753 ], [ 135.974897790576364, 33.657338698460329 ], [ 135.974819166399669, 33.657022115103821 ], [ 135.975107135274243, 33.656709268293746 ], [ 135.974445147872927, 33.656589243300743 ], [ 135.974478600256873, 33.656492744760875 ], [ 135.973658094665865, 33.65645200188564 ], [ 135.973331883841468, 33.657075910483996 ], [ 135.972356624320923, 33.658164316891579 ], [ 135.973573502846307, 33.659131888141566 ], [ 135.973397705114223, 33.65942968181902 ], [ 135.973824792047651, 33.659757607727961 ], [ 135.974504865734588, 33.659284233026682 ], [ 135.974902936000575, 33.659263461078005 ], [ 135.975305698935443, 33.660071651988837 ], [ 135.976540467895404, 33.659396485801715 ] ] ] } },
{ "type": "Feature", "properties": { "CITY_NAME": "那智勝浦町", "S_NAME": "大字宇久井", "JINKO": 173, "medical_area": "30_新宮医療圏", "町丁目名": "那智勝浦町大字宇久井" }, "geometry": { "type": "Polygon", "coordinates": [ [ [ 135.97530854872511, 33.661503459422043 ], [ 135.97552007381185, 33.660810209053636 ], [ 135.974917433867176, 33.660424069553088 ], [ 135.975305698935443, 33.660071651988837 ], [ 135.974902936000575, 33.659263461078005 ], [ 135.974504865734588, 33.659284233026682 ], [ 135.973824792047651, 33.659757607727961 ], [ 135.973397705114223, 33.65942968181902 ], [ 135.973573502846307, 33.659131888141566 ], [ 135.972356624320923, 33.658164316891579 ], [ 135.969949644951242, 33.660404672347767 ], [ 135.970709169873118, 33.660913163710021 ], [ 135.971924927060371, 33.660935560715231 ], [ 135.973506882227241, 33.661353198989872 ], [ 135.975279425896332, 33.661538674885854 ], [ 135.975565112422771, 33.661742447966745 ], [ 135.97530854872511, 33.661503459422043 ] ] ] } },
{ "type": "Feature", "properties": { "CITY_NAME": "那智勝浦町", "S_NAME": "大字宇久井", "JINKO": 277, "medical_area": "30_新宮医療圏", "町丁目名": "那智勝浦町大字宇久井" }, "geometry": { "type": "Polygon", "coordinates": [ [ [ 135.964638049192331, 33.672449551501273 ], [ 135.964881574814171, 33.671384548948858 ], [ 135.965144199637734, 33.671173297699724 ], [ 135.965596325912742, 33.671242453160879 ], [ 135.966335423556956, 33.671023155875041 ], [ 135.968067696527385, 33.669910768403284 ], [ 135.969608002582078, 33.67008541527251 ], [ 135.970252957549832, 33.669326909701262 ], [ 135.970922639438271, 33.669699981172727 ], [ 135.970883963534021, 33.669922709596605 ], [ 135.971130892214006, 33.670377817498469 ], [ 135.970337318808333, 33.671057115298531 ], [ 135.970244557139665, 33.671373516970398 ], [ 135.972913749255866, 33.670655886730216 ], [ 135.973396357418693, 33.67039605848862 ], [ 135.973091275668736, 33.670072385619171 ], [ 135.972911468603115, 33.669128289058229 ], [ 135.973291365605803, 33.668039199913515 ], [ 135.973535161099846, 33.667730856822985 ], [ 135.973842492694757, 33.667713732535546 ], [ 135.974057151480253, 33.667464975572344 ], [ 135.974704028109215, 33.667918607728154 ], [ 135.975028735666086, 33.667456997125505 ], [ 135.97419415587342, 33.66726748529863 ], [ 135.973706960425062, 33.666529016526184 ], [ 135.973481849219951, 33.665637178688506 ], [ 135.973516426220215, 33.665391908456684 ], [ 135.973760138461131, 33.665336168690132 ], [ 135.973579023479203, 33.665199896787449 ], [ 135.973718540432174, 33.663747417818023 ], [ 135.974046465920594, 33.663303842736987 ], [ 135.97451881298457, 33.663102896731537 ], [ 135.974957680118763, 33.663080441673465 ], [ 135.975331774799969, 33.663344670345609 ], [ 135.975627296030609, 33.663081415624738 ], [ 135.976412225920797, 33.663325995020131 ], [ 135.976707732645451, 33.663102325963472 ], [ 135.976178406099393, 33.662671266366281 ], [ 135.976058823675061, 33.662263669070796 ], [ 135.975871160735693, 33.662425931703439 ], [ 135.975676045123464, 33.662228516767044 ], [ 135.975802289383637, 33.661902959567243 ], [ 135.975232842378404, 33.662346492465147 ], [ 135.974923373392045, 33.66235911196096 ], [ 135.974554843464176, 33.661490774097864 ], [ 135.971924927060371, 33.660935560715231 ], [ 135.970400422659395, 33.660805455372127 ], [ 135.968791902859095, 33.659059645431597 ], [ 135.968383340414448, 33.65920085065359 ], [ 135.968153922538107, 33.659108653326719 ], [ 135.967686028218282, 33.65841002761573 ], [ 135.966360869649833, 33.657498012215171 ], [ 135.965652893271738, 33.65669998898499 ], [ 135.962943119734547, 33.655299944717086 ], [ 135.961545606175264, 33.654826993555851 ], [ 135.960564916462459, 33.655698341243117 ], [ 135.958655142210972, 33.656850575608075 ], [ 135.959879815159297, 33.657390854717612 ], [ 135.962488922904669, 33.658029593659329 ], [ 135.963312682205895, 33.658185798104611 ], [ 135.964053227928332, 33.65811895246928 ], [ 135.964185562906152, 33.659131106670415 ], [ 135.964008166123079, 33.659609218518483 ], [ 135.963356956437138, 33.660152985764846 ], [ 135.960324064204571, 33.66084831122425 ], [ 135.957920083418855, 33.661072222945698 ], [ 135.956543253505941, 33.661598087413623 ], [ 135.957187195288327, 33.662389099237259 ], [ 135.95786960441751, 33.662180968306529 ], [ 135.959444367088878, 33.663647405764223 ], [ 135.959447689353823, 33.664167129447939 ], [ 135.958721882470229, 33.665928646026494 ], [ 135.958666428022411, 33.667139810706502 ], [ 135.958962506912741, 33.668360252233242 ], [ 135.959775195386612, 33.669679201863396 ], [ 135.959718709804321, 33.670347674753828 ], [ 135.959961879920257, 33.670799559374835 ], [ 135.960279913050073, 33.671060713263032 ], [ 135.961322904876994, 33.670798150558561 ], [ 135.962012749817177, 33.672050376307936 ], [ 135.962430779197149, 33.6723025395329 ], [ 135.962946238212567, 33.672075026119686 ], [ 135.963519769319078, 33.672514321694038 ], [ 135.963918481390635, 33.672441318173078 ], [ 135.964462951995614, 33.672603909426613 ], [ 135.964638049192331, 33.672449551501273 ] ] ] } },
{ "type": "Feature", "properties": { "CITY_NAME": "那智勝浦町", "S_NAME": "大字宇久井", "JINKO": 0, "medical_area": "30_新宮医療圏", "町丁目名": "那智勝浦町大字宇久井" }, "geometry": { "type": "Polygon", "coordinates": [ [ [ 135.974035821682435, 33.651401919050137 ], [ 135.974143697857244, 33.651184696305009 ], [ 135.974049952763409, 33.65098898639279 ], [ 135.973662910703894, 33.650954671261616 ], [ 135.973568998240751, 33.651353075887656 ], [ 135.974035821682435, 33.651401919050137 ] ] ] } },
{ "type": "Feature", "properties": { "CITY_NAME": "那智勝浦町", "S_NAME": "大字宇久井", "JINKO": 0, "medical_area": "30_新宮医療圏", "町丁目名": "那智勝浦町大字宇久井" }, "geometry": { "type": "Polygon", "coordinates": [ [ [ 135.969949644951242, 33.660404672347767 ], [ 135.972974748546761, 33.657514830961269 ], [ 135.973658094665865, 33.65645200188564 ], [ 135.972225157551378, 33.65645352610278 ], [ 135.970404669771284, 33.654553278937115 ], [ 135.970108162829575, 33.654568564097808 ], [ 135.96983747587538, 33.654762356275747 ], [ 135.97037447094101, 33.654589338249593 ], [ 135.970832545678547, 33.655079161370331 ], [ 135.970329976546054, 33.655478450396139 ], [ 135.969935444845987, 33.655202363403085 ], [ 135.969834068140472, 33.655285319466664 ], [ 135.969601291753975, 33.654937277737602 ], [ 135.968143184436457, 33.656063005967823 ], [ 135.965459534742024, 33.656047920810231 ], [ 135.965229936422389, 33.655887389201702 ], [ 135.9677001656286, 33.655713074702206 ], [ 135.968642844255413, 33.654745859816295 ], [ 135.968963067434373, 33.654745095190407 ], [ 135.969668416739637, 33.654105933359588 ], [ 135.970031786838234, 33.654038396588291 ], [ 135.97060882322927, 33.653387505721774 ], [ 135.971239592428191, 33.65327142295633 ], [ 135.971629052276114, 33.652496923231723 ], [ 135.971900799018925, 33.652343701398856 ], [ 135.971785568464725, 33.651908198246588 ], [ 135.971625942954745, 33.652102020446449 ], [ 135.971257459355314, 33.651313822306598 ], [ 135.970887428763859, 33.652024222615303 ], [ 135.97072477213456, 33.651569828075687 ], [ 135.970691139041662, 33.652219020701502 ], [ 135.96998371947106, 33.652667854371643 ], [ 135.968984183686445, 33.652888517946586 ], [ 135.968252142400615, 33.652784641666486 ], [ 135.967484297316417, 33.653311919027708 ], [ 135.966111654722738, 33.653654185204871 ], [ 135.96549924691007, 33.653657680543027 ], [ 135.965173565030085, 33.653850460658752 ], [ 135.964758464108883, 33.65385400684017 ], [ 135.964468569743701, 33.653504952602262 ], [ 135.964330389853416, 33.653947573892872 ], [ 135.962672970414701, 33.654574729524661 ], [ 135.960997480452363, 33.654531809402506 ], [ 135.962943119734547, 33.655299944717086 ], [ 135.965652893271738, 33.65669998898499 ], [ 135.966360869649833, 33.657498012215171 ], [ 135.967686028218282, 33.65841002761573 ], [ 135.968153922538107, 33.659108653326719 ], [ 135.968383340414448, 33.65920085065359 ], [ 135.968791902859095, 33.659059645431597 ], [ 135.969949644951242, 33.660404672347767 ] ] ] } },
{ "type": "Feature", "properties": { "CITY_NAME": "那智勝浦町", "S_NAME": "大字宇久井", "JINKO": 0, "medical_area": "30_新宮医療圏", "町丁目名": "那智勝浦町大字宇久井" }, "geometry": { "type": "Polygon", "coordinates": [ [ [ 135.968118712582736, 33.652040731758184 ], [ 135.967817821096702, 33.652274243147794 ], [ 135.967969721065458, 33.652618606673748 ], [ 135.968205812604168, 33.652691786258096 ], [ 135.968446354203792, 33.652378095866688 ], [ 135.968118712582736, 33.652040731758184 ] ] ] } },
{ "type": "Feature", "properties": { "CITY_NAME": "那智勝浦町", "S_NAME": "大字宇久井", "JINKO": 0, "medical_area": "30_新宮医療圏", "町丁目名": "那智勝浦町大字宇久井" }, "geometry": { "type": "Polygon", "coordinates": [ [ [ 135.972156455559627, 33.651911804405572 ], [ 135.971854680565258, 33.651559240462113 ], [ 135.971667078970199, 33.651561874738391 ], [ 135.971948333451138, 33.65203080540779 ], [ 135.972156455559627, 33.651911804405572 ] ] ] } },
{ "type": "Feature", "properties": { "CITY_NAME": "那智勝浦町", "S_NAME": "大字宇久井", "JINKO": 1395, "medical_area": "30_新宮医療圏", "町丁目名": "那智勝浦町大字宇久井" }, "geometry": { "type": "Polygon", "coordinates": [ [ [ 135.964185562906152, 33.659131106670415 ], [ 135.964053227928332, 33.65811895246928 ], [ 135.963312682205895, 33.658185798104611 ], [ 135.962488922904669, 33.658029593659329 ], [ 135.959879815159297, 33.657390854717612 ], [ 135.958655142210972, 33.656850575608075 ], [ 135.957493114638879, 33.656687031278224 ], [ 135.955507212183278, 33.65740201847332 ], [ 135.954873070087842, 33.659019286581753 ], [ 135.954581959473984, 33.659248116914199 ], [ 135.954648179379689, 33.659602608345047 ], [ 135.955687982762583, 33.660280224177669 ], [ 135.956543253505941, 33.661598087413623 ], [ 135.957920083418855, 33.661072222945698 ], [ 135.960324064204571, 33.66084831122425 ], [ 135.963356956437138, 33.660152985764846 ], [ 135.964008166123079, 33.659609218518483 ], [ 135.964185562906152, 33.659131106670415 ] ] ] } },
{ "type": "Feature", "properties": { "CITY_NAME": "那智勝浦町", "S_NAME": "大字高津気", "JINKO": 76, "medical_area": "30_新宮医療圏", "町丁目名": "那智勝浦町大字高津気" }, "geometry": { "type": "Polygon", "coordinates": [ [ [ 135.932566474905741, 33.687549970117637 ], [ 135.932956100936536, 33.68677785562619 ], [ 135.934882658178594, 33.685591962441542 ], [ 135.935170154532926, 33.684734294909951 ], [ 135.935510753554325, 33.684433696583753 ], [ 135.937504375021774, 33.684524066425247 ], [ 135.937786138909473, 33.684922765563634 ], [ 135.939128047722789, 33.685216062144008 ], [ 135.94043620412242, 33.6850582270255 ], [ 135.94105846089019, 33.685326772215561 ], [ 135.9424199498267, 33.685424923322309 ], [ 135.943382986189647, 33.685067823889163 ], [ 135.945683296263894, 33.684625815085489 ], [ 135.94601391461407, 33.684690911015153 ], [ 135.94730818031681, 33.68333366572417 ], [ 135.948037579225598, 33.683325945802288 ], [ 135.948300330716734, 33.683041475166938 ], [ 135.94834915064996, 33.682699997816925 ], [ 135.949137064738835, 33.682391372844194 ], [ 135.949258841995487, 33.682029638415599 ], [ 135.949677093891495, 33.681891605570193 ], [ 135.950523536554329, 33.681249669361726 ], [ 135.951000396245348, 33.680631953405772 ], [ 135.95189536093892, 33.680136403881662 ], [ 135.952235937559919, 33.679762495239672 ], [ 135.95285844830758, 33.679535212368926 ], [ 135.952912152769073, 33.679132733497674 ], [ 135.953418166798116, 33.678498818458017 ], [ 135.953525413037653, 33.677978440964218 ], [ 135.953914619086135, 33.677547772098443 ], [ 135.95406079104967, 33.676970492603978 ], [ 135.954440262995007, 33.676564190641166 ], [ 135.954284792686252, 33.676303923584847 ], [ 135.95494234711424, 33.674031744036647 ], [ 135.955535621655372, 33.673869384273274 ], [ 135.955998224919114, 33.672459043401545 ], [ 135.956795802237536, 33.672060916358902 ], [ 135.958137624367623, 33.672288911533904 ], [ 135.959217095060751, 33.672110501556752 ], [ 135.959985484810403, 33.671679936711008 ], [ 135.96008284798134, 33.671427789718393 ], [ 135.959966256457136, 33.671208258643574 ], [ 135.960279913050073, 33.671060713263032 ], [ 135.959799737433457, 33.670562263285959 ], [ 135.959775195386612, 33.669679201863396 ], [ 135.958749934993165, 33.667780299737849 ], [ 135.958721882470229, 33.665928646026494 ], [ 135.959469743149896, 33.663965249773725 ], [ 135.959444367088878, 33.663647405764223 ], [ 135.959197159259247, 33.663333572818352 ], [ 135.95786960441751, 33.662180968306529 ], [ 135.957187195288327, 33.662389099237259 ], [ 135.955687982762583, 33.660280224177669 ], [ 135.954648179379689, 33.659602608345047 ], [ 135.951476331458508, 33.66212802211426 ], [ 135.949767669928548, 33.663603232486864 ], [ 135.949172582760582, 33.66442025291947 ], [ 135.948451003570511, 33.664931921994871 ], [ 135.945431401149676, 33.664669267923877 ], [ 135.940753748180583, 33.665212719505931 ], [ 135.939222448248898, 33.665528809384874 ], [ 135.938557870448193, 33.665848279493382 ], [ 135.93800857865898, 33.666924483105454 ], [ 135.937027609737498, 33.667988485048248 ], [ 135.932780927119182, 33.671233146109017 ], [ 135.929989789983296, 33.673725919326145 ], [ 135.928420474381795, 33.674717812353244 ], [ 135.924141965972382, 33.676802960870347 ], [ 135.922645878449629, 33.67796865615118 ], [ 135.920774257782767, 33.681185237256862 ], [ 135.92153563016069, 33.682451270141918 ], [ 135.921459021145353, 33.683162258595829 ], [ 135.92163927340556, 33.683961037655074 ], [ 135.922655161355124, 33.685235397434518 ], [ 135.923516445455846, 33.685332718613047 ], [ 135.92409521675836, 33.685696270281881 ], [ 135.925327516165311, 33.687908475251241 ], [ 135.925790566758138, 33.688181083209443 ], [ 135.926123596759624, 33.688108725789014 ], [ 135.926898793604209, 33.687322621559183 ], [ 135.929622025361084, 33.689922945724483 ], [ 135.929997983109502, 33.690510221090726 ], [ 135.930540699723196, 33.690752562164604 ], [ 135.931322500575845, 33.690752992122981 ], [ 135.932092495575176, 33.690472628796705 ], [ 135.932609167479114, 33.688936289216805 ], [ 135.932566474905741, 33.687549970117637 ] ] ] } },
{ "type": "Feature", "properties": { "CITY_NAME": "那智勝浦町", "S_NAME": "大字狗子の川", "JINKO": 81, "medical_area": "30_新宮医療圏", "町丁目名": "那智勝浦町大字狗子の川" }, "geometry": { "type": "Polygon", "coordinates": [ [ [ 135.940066835980303, 33.665313959553551 ], [ 135.945814165186334, 33.664675355614499 ], [ 135.948000235485978, 33.664941170002109 ], [ 135.948731232680046, 33.66480848497082 ], [ 135.949767669928548, 33.663603232486864 ], [ 135.954521518915811, 33.659745277838446 ], [ 135.954648179379689, 33.659602608345047 ], [ 135.954581959473984, 33.659248116914199 ], [ 135.954873070087842, 33.659019286581753 ], [ 135.955507212183278, 33.65740201847332 ], [ 135.957493114638879, 33.656687031278224 ], [ 135.958655142210972, 33.656850575608075 ], [ 135.960059497534047, 33.656051378670796 ], [ 135.961419264823832, 33.654900354954869 ], [ 135.961721355818611, 33.654817889654872 ], [ 135.95934807632986, 33.654024515650832 ], [ 135.957658201094887, 33.65250463089577 ], [ 135.957598083842754, 33.651953747483709 ], [ 135.958362934412207, 33.651009936832416 ], [ 135.958127906093011, 33.650999008177656 ], [ 135.958450405247106, 33.650707907827623 ], [ 135.958391261600639, 33.650376101961854 ], [ 135.956696928557534, 33.649350289091501 ], [ 135.95646076634884, 33.649454742904332 ], [ 135.95627648370268, 33.649302379439014 ], [ 135.956081266659197, 33.649456438262277 ], [ 135.956017778129876, 33.649212965378133 ], [ 135.955828042734936, 33.649182325484539 ], [ 135.955543308952514, 33.64940482141462 ], [ 135.955311678636008, 33.649072106086869 ], [ 135.955167183906099, 33.649120659297253 ], [ 135.955033261909392, 33.64958947673604 ], [ 135.95451669646198, 33.649871620044244 ], [ 135.953020191177018, 33.649986439034073 ], [ 135.952826023027086, 33.650177546041434 ], [ 135.952634183479375, 33.650052929445252 ], [ 135.952691452510066, 33.649807811439914 ], [ 135.949961648568916, 33.649777844284785 ], [ 135.949008674774973, 33.649618674623717 ], [ 135.945926122187473, 33.654931958790172 ], [ 135.944818589445134, 33.65586821681373 ], [ 135.944074369323602, 33.65626419183382 ], [ 135.941391425061028, 33.658959059901875 ], [ 135.94015376687048, 33.660819830318474 ], [ 135.939297054078736, 33.662716828318835 ], [ 135.938821750363189, 33.665331232018438 ], [ 135.938557870448193, 33.665848279493382 ], [ 135.940066835980303, 33.665313959553551 ] ] ] } },
{ "type": "Feature", "properties": { "CITY_NAME": "那智勝浦町", "S_NAME": "大字那智山", "JINKO": 101, "medical_area": "30_新宮医療圏", "町丁目名": "那智勝浦町大字那智山" }, "geometry": { "type": "Polygon", "coordinates": [ [ [ 135.896998409390022, 33.696281645273672 ], [ 135.898498888347376, 33.696374901176668 ], [ 135.89825823037603, 33.694929233382318 ], [ 135.897214577692949, 33.692684565611543 ], [ 135.897352471800247, 33.69208256200556 ], [ 135.897229154518726, 33.691190126593725 ], [ 135.896300709096153, 33.689486823792215 ], [ 135.89619008161614, 33.68876275014587 ], [ 135.896639241970092, 33.688240320484887 ], [ 135.898601191950831, 33.687341302462613 ], [ 135.898963375103705, 33.686778642900798 ], [ 135.899358561153207, 33.681143186795289 ], [ 135.89941044355794, 33.678189809730839 ], [ 135.898848739766891, 33.674262734387554 ], [ 135.899015567920316, 33.673249373467726 ], [ 135.900403826848333, 33.672344482724043 ], [ 135.899917222647531, 33.671737603365273 ], [ 135.897809113108849, 33.670132110436626 ], [ 135.893644989321729, 33.668531946705365 ], [ 135.893973749430302, 33.668045475400973 ], [ 135.894142570223494, 33.666763574914505 ], [ 135.894078860588905, 33.665675753920723 ], [ 135.893755528612161, 33.664271423418093 ], [ 135.89280477736304, 33.662780470068654 ], [ 135.89196500779687, 33.661866810108727 ], [ 135.889809145033951, 33.660220381075668 ], [ 135.887677382256669, 33.665385079731095 ], [ 135.885974017328806, 33.668723296635456 ], [ 135.885504843798373, 33.66925427234878 ], [ 135.88465244966082, 33.669817994617723 ], [ 135.884321869792871, 33.670918397202058 ], [ 135.885508217461307, 33.680513230114016 ], [ 135.886203190918167, 33.683676933340202 ], [ 135.886899177630994, 33.685673149354336 ], [ 135.88788269925368, 33.688068874890199 ], [ 135.888824109861531, 33.689429219453849 ], [ 135.891836767408279, 33.693559810110372 ], [ 135.894029772906464, 33.695075166338313 ], [ 135.896762802379129, 33.696533914537952 ], [ 135.896998409390022, 33.696281645273672 ] ] ] } },
{ "type": "Feature", "properties": { "CITY_NAME": "那智勝浦町", "S_NAME": "大字市野々", "JINKO": 564, "medical_area": "30_新宮医療圏", "町丁目名": "那智勝浦町大字市野々" }, "geometry": { "type": "Polygon", "coordinates": [ [ [ 135.905077795597094, 33.68937064642202 ], [ 135.905561036287054, 33.689294661498025 ], [ 135.906618280020723, 33.687044883894046 ], [ 135.905990707895114, 33.686555265316358 ], [ 135.90595211650259, 33.684991304059864 ], [ 135.906376648080197, 33.684565316071286 ], [ 135.906291444020866, 33.683914517419772 ], [ 135.905871130885117, 33.682915767605053 ], [ 135.906005735438498, 33.682529852189965 ], [ 135.905812974064844, 33.682161582258686 ], [ 135.908107914658586, 33.680218407025457 ], [ 135.90899134139508, 33.67981359006464 ], [ 135.909259131356322, 33.679819842441162 ], [ 135.910821491315346, 33.680795174421455 ], [ 135.911817094534086, 33.680393520414867 ], [ 135.912251380743868, 33.680369594949845 ], [ 135.913316022775462, 33.679662401910718 ], [ 135.913067983361543, 33.678644911863849 ], [ 135.914125256301389, 33.677972373707526 ], [ 135.915838353997088, 33.676454997255007 ], [ 135.916522109241299, 33.675563827115184 ], [ 135.917380277283854, 33.673907507609492 ], [ 135.91907277421339, 33.67230187641583 ], [ 135.920554694207226, 33.670493922378405 ], [ 135.92137973269547, 33.668659597412692 ], [ 135.921345326478843, 33.667249484009837 ], [ 135.920030154795086, 33.665458882725993 ], [ 135.915301147776773, 33.657396693921882 ], [ 135.914224721580013, 33.65656798506356 ], [ 135.913931019676056, 33.657413509672033 ], [ 135.913188237752024, 33.65824435253819 ], [ 135.911972368440303, 33.66027772681192 ], [ 135.908088088395516, 33.659016823746455 ], [ 135.900973955568844, 33.657066004238558 ], [ 135.897317504081144, 33.656447079835978 ], [ 135.891200023173127, 33.655786049354205 ], [ 135.889809145033951, 33.660220381075668 ], [ 135.89196500779687, 33.661866810108727 ], [ 135.89280477736304, 33.662780470068654 ], [ 135.893755528612161, 33.664271423418093 ], [ 135.894078860588905, 33.665675753920723 ], [ 135.894142570223494, 33.666763574914505 ], [ 135.893973749430302, 33.668045475400973 ], [ 135.893644989321729, 33.668531946705365 ], [ 135.897809113108849, 33.670132110436626 ], [ 135.899917222647531, 33.671737603365273 ], [ 135.900403826848333, 33.672344482724043 ], [ 135.899015567920316, 33.673249373467726 ], [ 135.898848739766891, 33.674262734387554 ], [ 135.89941044355794, 33.678189809730839 ], [ 135.899358561153207, 33.681143186795289 ], [ 135.898963375103705, 33.686778642900798 ], [ 135.898601191950831, 33.687341302462613 ], [ 135.896639241970092, 33.688240320484887 ], [ 135.89619008161614, 33.68876275014587 ], [ 135.896300709096153, 33.689486823792215 ], [ 135.897229154518726, 33.691190126593725 ], [ 135.897352471800247, 33.69208256200556 ], [ 135.897214577692949, 33.692684565611543 ], [ 135.89825823037603, 33.694929233382318 ], [ 135.898498888347376, 33.696374901176668 ], [ 135.89904639292439, 33.696469608581417 ], [ 135.900928566923483, 33.696114298960914 ], [ 135.900971178866769, 33.694011948987523 ], [ 135.901476182789509, 33.693693687264997 ], [ 135.901677942259596, 33.693296848913228 ], [ 135.902580336739419, 33.692880144768814 ], [ 135.903000216017318, 33.691848244699401 ], [ 135.903964737885758, 33.691039081877406 ], [ 135.905077795597094, 33.68937064642202 ] ] ] } },
{ "type": "Feature", "properties": { "CITY_NAME": "那智勝浦町", "S_NAME": "大字井関", "JINKO": 381, "medical_area": "30_新宮医療圏", "町丁目名": "那智勝浦町大字井関" }, "geometry": { "type": "Polygon", "coordinates": [ [ [ 135.920774257782767, 33.681185237256862 ], [ 135.922081490937188, 33.678746105497154 ], [ 135.922645878449629, 33.67796865615118 ], [ 135.923259080814574, 33.67743693672643 ], [ 135.924141965972382, 33.676802960870347 ], [ 135.928420474381795, 33.674717812353244 ], [ 135.929989789983296, 33.673725919326145 ], [ 135.932780927119182, 33.671233146109017 ], [ 135.931767451115633, 33.66917458575918 ], [ 135.931413074164823, 33.667241488883704 ], [ 135.931291594997163, 33.663614551639519 ], [ 135.931526931207713, 33.661740102149402 ], [ 135.931494597917862, 33.659175436676549 ], [ 135.928908390560565, 33.657111729360686 ], [ 135.92751322134265, 33.655780135818297 ], [ 135.924603394282627, 33.655384778270729 ], [ 135.923873923968245, 33.655014372988354 ], [ 135.923722759594796, 33.654680104279535 ], [ 135.923445936291699, 33.655385479832013 ], [ 135.923679821843933, 33.655662319072434 ], [ 135.923605820565598, 33.656446996262716 ], [ 135.919654836021436, 33.656899852144697 ], [ 135.924615811132043, 33.652592599971314 ], [ 135.925306849973396, 33.653099218577054 ], [ 135.925216265103529, 33.65331824126563 ], [ 135.926834844465503, 33.65387104543715 ], [ 135.927310384074104, 33.653791020727084 ], [ 135.927579452962874, 33.653528006522166 ], [ 135.927543660811835, 33.651924428727078 ], [ 135.919546394150615, 33.647073466053563 ], [ 135.916394225333335, 33.64908775239843 ], [ 135.914512318029267, 33.650496604576844 ], [ 135.911313796721686, 33.650334887592479 ], [ 135.905521923575833, 33.64678664617383 ], [ 135.899692494503654, 33.647342961599335 ], [ 135.892854881748292, 33.647120872666093 ], [ 135.891634350434373, 33.651902270689391 ], [ 135.891200023173127, 33.655786049354205 ], [ 135.897317504081144, 33.656447079835978 ], [ 135.900973955568844, 33.657066004238558 ], [ 135.908088088395516, 33.659016823746455 ], [ 135.911972368440303, 33.66027772681192 ], [ 135.913188237752024, 33.65824435253819 ], [ 135.913931019676056, 33.657413509672033 ], [ 135.914224721580013, 33.65656798506356 ], [ 135.915301147776773, 33.657396693921882 ], [ 135.920030154795086, 33.665458882725993 ], [ 135.921345326478843, 33.667249484009837 ], [ 135.92137973269547, 33.668659597412692 ], [ 135.920304089379329, 33.670877238948101 ], [ 135.91907277421339, 33.67230187641583 ], [ 135.917380277283854, 33.673907507609492 ], [ 135.916522109241299, 33.675563827115184 ], [ 135.915838353997088, 33.676454997255007 ], [ 135.914125256301389, 33.677972373707526 ], [ 135.913067983361543, 33.678644911863849 ], [ 135.913316022775462, 33.679662401910718 ], [ 135.913554744256714, 33.679795702232745 ], [ 135.914864659766494, 33.679899448188117 ], [ 135.916280134712594, 33.679370826765656 ], [ 135.917806698168761, 33.680013282973157 ], [ 135.91834177616272, 33.68057040441704 ], [ 135.919112398614772, 33.68079786909162 ], [ 135.920292134829623, 33.680828777827465 ], [ 135.920774257782767, 33.681185237256862 ] ] ] } },
{ "type": "Feature", "properties": { "CITY_NAME": "那智勝浦町", "S_NAME": "大字川関", "JINKO": 620, "medical_area": "30_新宮医療圏", "町丁目名": "那智勝浦町大字川関" }, "geometry": { "type": "Polygon", "coordinates": [ [ [ 135.941391425061028, 33.658959059901875 ], [ 135.943696981034464, 33.656643283023271 ], [ 135.940578867359591, 33.657274112975564 ], [ 135.937579237247263, 33.657263756647197 ], [ 135.936432994453611, 33.656897013810742 ], [ 135.936059534226473, 33.656452472618 ], [ 135.935937764955668, 33.655869853870058 ], [ 135.936236939317638, 33.654669111993385 ], [ 135.936571626016274, 33.654044884897139 ], [ 135.937197598741108, 33.653162421880054 ], [ 135.938240557067587, 33.65214223321528 ], [ 135.939628205997764, 33.651542464298906 ], [ 135.941030062279424, 33.651158804208883 ], [ 135.935365218974823, 33.6487758718702 ], [ 135.93446606261088, 33.648249898529997 ], [ 135.933775355167995, 33.647431694030743 ], [ 135.931223854564905, 33.648048791143289 ], [ 135.931196050991446, 33.647420286281331 ], [ 135.930859250712132, 33.647073944154016 ], [ 135.931192204556709, 33.645965079905125 ], [ 135.931886145229186, 33.645411783598504 ], [ 135.932487962992269, 33.644214303521998 ], [ 135.932422991014136, 33.643528435517275 ], [ 135.931972544127746, 33.642261906444155 ], [ 135.931033672195184, 33.644584453839002 ], [ 135.926298325981946, 33.64314440962989 ], [ 135.925204203166459, 33.643332822273671 ], [ 135.922865406647361, 33.645022718032187 ], [ 135.921256016558885, 33.646520030525402 ], [ 135.919546394150615, 33.647073466053563 ], [ 135.927543660811835, 33.651924428727078 ], [ 135.927579452962874, 33.653528006522166 ], [ 135.927310384074104, 33.653791020727084 ], [ 135.926834844465503, 33.65387104543715 ], [ 135.925216265103529, 33.65331824126563 ], [ 135.925306849973396, 33.653099218577054 ], [ 135.924615811132043, 33.652592599971314 ], [ 135.919654836021436, 33.656899852144697 ], [ 135.923605820565598, 33.656446996262716 ], [ 135.923679821843933, 33.655662319072434 ], [ 135.923445936291699, 33.655385479832013 ], [ 135.923722759594796, 33.654680104279535 ], [ 135.923873923968245, 33.655014372988354 ], [ 135.924603394282627, 33.655384778270729 ], [ 135.92751322134265, 33.655780135818297 ], [ 135.928908390560565, 33.657111729360686 ], [ 135.931494597917862, 33.659175436676549 ], [ 135.931526931207713, 33.661740102149402 ], [ 135.931291594997163, 33.663614551639519 ], [ 135.931413074164823, 33.667241488883704 ], [ 135.931767451115633, 33.66917458575918 ], [ 135.932780927119182, 33.671233146109017 ], [ 135.936009957035139, 33.668888470941397 ], [ 135.93800857865898, 33.666924483105454 ], [ 135.938821750363189, 33.665331232018438 ], [ 135.939297054078736, 33.662716828318835 ], [ 135.94015376687048, 33.660819830318474 ], [ 135.941391425061028, 33.658959059901875 ] ] ] } },
{ "type": "Feature", "properties": { "CITY_NAME": "那智勝浦町", "S_NAME": "大字浜ノ宮", "JINKO": 448, "medical_area": "30_新宮医療圏", "町丁目名": "那智勝浦町大字浜ノ宮" }, "geometry": { "type": "Polygon", "coordinates": [ [ [ 135.946324788873852, 33.648553571825524 ], [ 135.9444089215894, 33.6469505860155 ], [ 135.942857864744184, 33.64647819788722 ], [ 135.942362159091431, 33.646156187137017 ], [ 135.940312733005868, 33.64616507777653 ], [ 135.940040757883111, 33.64661042520283 ], [ 135.939869237270102, 33.646759116579183 ], [ 135.939652516116553, 33.646804094380897 ], [ 135.938629696046917, 33.646396856323179 ], [ 135.938130823697179, 33.646006215696865 ], [ 135.93865880554057, 33.646397857489404 ], [ 135.939756038112819, 33.646759906339156 ], [ 135.939644097584107, 33.646499215202518 ], [ 135.938581704686555, 33.645650282812312 ], [ 135.939370195787177, 33.645037539815974 ], [ 135.938560157832342, 33.645629562022179 ], [ 135.937213521273634, 33.644309775046189 ], [ 135.936395299563571, 33.642806243734078 ], [ 135.936214736586493, 33.642062272500247 ], [ 135.93615888665795, 33.640309339119561 ], [ 135.936491091770847, 33.63857477954857 ], [ 135.936081470826281, 33.638561043912837 ], [ 135.93343429860434, 33.639540500039701 ], [ 135.932230921830353, 33.64069793165789 ], [ 135.932327913716222, 33.640870006369838 ], [ 135.931972544127746, 33.642261906444155 ], [ 135.932422991014136, 33.643528435517275 ], [ 135.932487962992269, 33.644214303521998 ], [ 135.931886145229186, 33.645411783598504 ], [ 135.931192204556709, 33.645965079905125 ], [ 135.930859250712132, 33.647073944154016 ], [ 135.931196050991446, 33.647420286281331 ], [ 135.931223854564905, 33.648048791143289 ], [ 135.933775355167995, 33.647431694030743 ], [ 135.93446606261088, 33.648249898529997 ], [ 135.935365218974823, 33.6487758718702 ], [ 135.941030062279424, 33.651158804208883 ], [ 135.939628205997764, 33.651542464298906 ], [ 135.938240557067587, 33.65214223321528 ], [ 135.937197598741108, 33.653162421880054 ], [ 135.936236939317638, 33.654669111993385 ], [ 135.935974002459119, 33.655455673370454 ], [ 135.936059534226473, 33.656452472618 ], [ 135.936432994453611, 33.656897013810742 ], [ 135.937579237247263, 33.657263756647197 ], [ 135.93890487898841, 33.657361067211056 ], [ 135.940578867359591, 33.657274112975564 ], [ 135.942633099779044, 33.656916814723871 ], [ 135.943696981034464, 33.656643283023271 ], [ 135.945926122187473, 33.654931958790172 ], [ 135.949008674774973, 33.649618674623717 ], [ 135.946324788873852, 33.648553571825524 ] ] ] } },
{ "type": "Feature", "properties": { "CITY_NAME": "那智勝浦町", "S_NAME": "大字天満", "JINKO": 1087, "medical_area": "30_新宮医療圏", "町丁目名": "那智勝浦町大字天満" }, "geometry": { "type": "Polygon", "coordinates": [ [ [ 135.914512318029267, 33.650496604576844 ], [ 135.918904583296779, 33.647440340495642 ], [ 135.919959003540214, 33.646877900159261 ], [ 135.921256016558885, 33.646520030525402 ], [ 135.922865406647361, 33.645022718032187 ], [ 135.925132795550553, 33.643355744033343 ], [ 135.926298325981946, 33.64314440962989 ], [ 135.931033672195184, 33.644584453839002 ], [ 135.931972544127746, 33.642261906444155 ], [ 135.932327913716222, 33.640870006369838 ], [ 135.932230921830353, 33.64069793165789 ], [ 135.932693259397155, 33.640120833124833 ], [ 135.932819392320596, 33.640215294541989 ], [ 135.933024438849145, 33.63983529546816 ], [ 135.933570174725759, 33.639475765240839 ], [ 135.935892746156441, 33.638668301125954 ], [ 135.935965272701367, 33.638259768816944 ], [ 135.93671151976244, 33.637855245812837 ], [ 135.937191751409472, 33.637109920386465 ], [ 135.937225250184582, 33.636997228398535 ], [ 135.936199695951899, 33.636033042901275 ], [ 135.936619736127739, 33.635357567474266 ], [ 135.937034009281632, 33.635065298395155 ], [ 135.936447767200235, 33.634814503024629 ], [ 135.937378041440525, 33.634131958924989 ], [ 135.935592749863957, 33.634058911410811 ], [ 135.934945373863258, 33.634537869511597 ], [ 135.934609281326885, 33.633827343608871 ], [ 135.935147012231567, 33.633260981403886 ], [ 135.935395735976243, 33.631631337627041 ], [ 135.934268464045687, 33.631532689798533 ], [ 135.934260101200209, 33.631070295784355 ], [ 135.933793709659028, 33.630059048174822 ], [ 135.932899845144675, 33.629380061244305 ], [ 135.931583350524278, 33.628865955498277 ], [ 135.927422272727767, 33.627870071668951 ], [ 135.926839681616855, 33.629064728054679 ], [ 135.925720537561631, 33.630214260545202 ], [ 135.924944021395845, 33.630740990274276 ], [ 135.924286670141498, 33.631028282179656 ], [ 135.922090752635597, 33.630946903600062 ], [ 135.921580822905867, 33.631091978822084 ], [ 135.920564994720053, 33.631761391149091 ], [ 135.917741665893857, 33.636194378708893 ], [ 135.917340599135287, 33.636376139287336 ], [ 135.916857047830177, 33.63625183899785 ], [ 135.915798911382666, 33.635523031002798 ], [ 135.9113997104823, 33.632271429922348 ], [ 135.910555725822547, 33.631483271277347 ], [ 135.910099657949644, 33.63082415759154 ], [ 135.907571348156466, 33.632718082478867 ], [ 135.905211610178128, 33.63559884822569 ], [ 135.904730905354739, 33.637376743926453 ], [ 135.904644306233138, 33.638973470107388 ], [ 135.905201299098252, 33.64679457452209 ], [ 135.905521923575833, 33.64678664617383 ], [ 135.911313796721686, 33.650334887592479 ], [ 135.914512318029267, 33.650496604576844 ] ] ] } },
{ "type": "Feature", "properties": { "CITY_NAME": "那智勝浦町", "S_NAME": "大字天満", "JINKO": 0, "medical_area": "30_新宮医療圏", "町丁目名": "那智勝浦町大字天満" }, "geometry": { "type": "Polygon", "coordinates": [ [ [ 135.935395735976243, 33.631631337627041 ], [ 135.935504281467729, 33.63114787194548 ], [ 135.935219253623103, 33.630552619475729 ], [ 135.935231034566016, 33.630073048277161 ], [ 135.93567330948278, 33.63006989675457 ], [ 135.935650666073485, 33.629256688527015 ], [ 135.934699836769369, 33.628335076690291 ], [ 135.934650360575631, 33.627834623550065 ], [ 135.93473316332944, 33.627500485323566 ], [ 135.935267576447416, 33.627206594417743 ], [ 135.93487644956312, 33.625952786605204 ], [ 135.934116122880624, 33.625231613702098 ], [ 135.930104333770942, 33.625582487788002 ], [ 135.928278497818638, 33.626022141703494 ], [ 135.927422272727767, 33.627870071668951 ], [ 135.931583350524278, 33.628865955498277 ], [ 135.932899845144675, 33.629380061244305 ], [ 135.933793709659028, 33.630059048174822 ], [ 135.934260101200209, 33.631070295784355 ], [ 135.934268464045687, 33.631532689798533 ], [ 135.935395735976243, 33.631631337627041 ] ] ] } },
{ "type": "Feature", "properties": { "CITY_NAME": "那智勝浦町", "S_NAME": "大字天満", "JINKO": 549, "medical_area": "30_新宮医療圏", "町丁目名": "那智勝浦町大字天満" }, "geometry": { "type": "Polygon", "coordinates": [ [ [ 135.935395735976243, 33.631631337627041 ], [ 135.935147012231567, 33.633260981403886 ], [ 135.934609281326885, 33.633827343608871 ], [ 135.934945373863258, 33.634537869511597 ], [ 135.935592749863957, 33.634058911410811 ], [ 135.937378041440525, 33.634131958924989 ], [ 135.936447767200235, 33.634814503024629 ], [ 135.937034009281632, 33.635065298395155 ], [ 135.93944585148401, 33.633568594530765 ], [ 135.93810231287938, 33.631992539380384 ], [ 135.937417936251649, 33.632219587649438 ], [ 135.93695770090784, 33.632649621385994 ], [ 135.936065340012078, 33.632251301944081 ], [ 135.93630089220639, 33.631883427735893 ], [ 135.935395735976243, 33.631631337627041 ] ] ] } },
{ "type": "Feature", "properties": { "CITY_NAME": "那智勝浦町", "S_NAME": "大字天満", "JINKO": 143, "medical_area": "30_新宮医療圏", "町丁目名": "那智勝浦町大字天満" }, "geometry": { "type": "Polygon", "coordinates": [ [ [ 135.938902737663255, 33.632880802644529 ], [ 135.941220814107197, 33.630812298037903 ], [ 135.93810231287938, 33.631992539380384 ], [ 135.938902737663255, 33.632880802644529 ] ] ] } },
{ "type": "Feature", "properties": { "CITY_NAME": "那智勝浦町", "S_NAME": "大字天満", "JINKO": 184, "medical_area": "30_新宮医療圏", "町丁目名": "那智勝浦町大字天満" }, "geometry": { "type": "Polygon", "coordinates": [ [ [ 135.937225250184582, 33.636997228398535 ], [ 135.941136651170581, 33.633955154293403 ], [ 135.94021693909437, 33.633134474399064 ], [ 135.94065600068862, 33.632963648277673 ], [ 135.94165615644846, 33.633137130808166 ], [ 135.942217302633509, 33.633059906142329 ], [ 135.941782719317843, 33.63194134547669 ], [ 135.941565992272984, 33.631983228462694 ], [ 135.941220814107197, 33.630812298037903 ], [ 135.938902737663255, 33.632880802644529 ], [ 135.93944585148401, 33.633568594530765 ], [ 135.936794228815216, 33.635209161756066 ], [ 135.936199695951899, 33.636033042901275 ], [ 135.937225250184582, 33.636997228398535 ] ] ] } },
{ "type": "Feature", "properties": { "CITY_NAME": "那智勝浦町", "S_NAME": "大字天満一丁目", "JINKO": 113, "medical_area": "30_新宮医療圏", "町丁目名": "那智勝浦町大字天満一丁目" }, "geometry": { "type": "Polygon", "coordinates": [ [ [ 135.93810231287938, 33.631992539380384 ], [ 135.937345778232071, 33.631065690853575 ], [ 135.936732167033568, 33.631224299757811 ], [ 135.936065340012078, 33.632251301944081 ], [ 135.93695770090784, 33.632649621385994 ], [ 135.937417936251649, 33.632219587649438 ], [ 135.93810231287938, 33.631992539380384 ] ] ] } },
{ "type": "Feature", "properties": { "CITY_NAME": "那智勝浦町", "S_NAME": "大字天満", "JINKO": 0, "medical_area": "30_新宮医療圏", "町丁目名": "那智勝浦町大字天満" }, "geometry": { "type": "Polygon", "coordinates": [ [ [ 135.936542941439228, 33.629726862178018 ], [ 135.935665696336542, 33.629680482718882 ], [ 135.935777608016878, 33.630533748811004 ], [ 135.93608157287909, 33.630659576253862 ], [ 135.936144515615467, 33.630973221242577 ], [ 135.936964668446024, 33.630875019599131 ], [ 135.937419386375012, 33.630191668389337 ], [ 135.936542941439228, 33.629726862178018 ] ] ] } },
{ "type": "Feature", "properties": { "CITY_NAME": "那智勝浦町", "S_NAME": "大字天満", "JINKO": 130, "medical_area": "30_新宮医療圏", "町丁目名": "那智勝浦町大字天満" }, "geometry": { "type": "Polygon", "coordinates": [ [ [ 135.937156787029352, 33.628059361162684 ], [ 135.937690577256518, 33.627953683300113 ], [ 135.937804092068347, 33.62762012155752 ], [ 135.937249094495655, 33.627542354934938 ], [ 135.937385733039463, 33.62689519310787 ], [ 135.937143413991834, 33.626627950762519 ], [ 135.935032744000068, 33.626384543210371 ], [ 135.935267576447416, 33.627206594417743 ], [ 135.935599788804467, 33.627506572404847 ], [ 135.936364411366782, 33.627928779473493 ], [ 135.937156787029352, 33.628059361162684 ] ] ] } },
{ "type": "Feature", "properties": { "CITY_NAME": "那智勝浦町", "S_NAME": "大字天満", "JINKO": 0, "medical_area": "30_新宮医療圏", "町丁目名": "那智勝浦町大字天満" }, "geometry": { "type": "Polygon", "coordinates": [ [ [ 135.940459305497143, 33.625281015511703 ], [ 135.940428768719244, 33.624087411062753 ], [ 135.939777472669164, 33.624107386184996 ], [ 135.939503090280823, 33.624495817606693 ], [ 135.937890002946148, 33.624669442741954 ], [ 135.938249821328526, 33.625150043144906 ], [ 135.939078650338473, 33.625057748187892 ], [ 135.940459305497143, 33.625281015511703 ] ] ] } },
{ "type": "Feature", "properties": { "CITY_NAME": "那智勝浦町", "S_NAME": "大字天満一丁目", "JINKO": 38, "medical_area": "30_新宮医療圏", "町丁目名": "那智勝浦町大字天満一丁目" }, "geometry": { "type": "Polygon", "coordinates": [ [ [ 135.936300892206333, 33.631883427735893 ], [ 135.936964668446024, 33.630875019599131 ], [ 135.936144515615467, 33.630973221242606 ], [ 135.93608157287909, 33.630659576253862 ], [ 135.935777608016878, 33.630533748811004 ], [ 135.935673309482837, 33.630069896754556 ], [ 135.935231034566016, 33.630073048277161 ], [ 135.935219253623103, 33.630552619475743 ], [ 135.935504281467729, 33.63114787194548 ], [ 135.935395735976243, 33.631631337627013 ], [ 135.936300892206333, 33.631883427735893 ] ] ] } },
{ "type": "Feature", "properties": { "CITY_NAME": "那智勝浦町", "S_NAME": "大字朝日一丁目", "JINKO": 162, "medical_area": "30_新宮医療圏", "町丁目名": "那智勝浦町大字朝日一丁目" }, "geometry": { "type": "Polygon", "coordinates": [ [ [ 135.939651636787289, 33.626777967473238 ], [ 135.940472247107067, 33.625568993530891 ], [ 135.940459305497143, 33.625281015511703 ], [ 135.939078650338473, 33.625057748187892 ], [ 135.938249821328526, 33.625150043144906 ], [ 135.937890002946148, 33.624669442741954 ], [ 135.936383299833665, 33.624951019208687 ], [ 135.935025785979349, 33.624868886331463 ], [ 135.934116122880624, 33.625231613702098 ], [ 135.934821935483797, 33.625878370237075 ], [ 135.935032744000068, 33.626384543210371 ], [ 135.938543825720899, 33.62673854106891 ], [ 135.939268635324794, 33.626617734421771 ], [ 135.939651636787289, 33.626777967473238 ] ] ] } },
{ "type": "Feature", "properties": { "CITY_NAME": "那智勝浦町", "S_NAME": "大字朝日", "JINKO": 215, "medical_area": "30_新宮医療圏", "町丁目名": "那智勝浦町大字朝日" }, "geometry": { "type": "Polygon", "coordinates": [ [ [ 135.937419386375012, 33.630191668389337 ], [ 135.938545043351183, 33.628443546760849 ], [ 135.939651636787289, 33.626777967473238 ], [ 135.939268635324794, 33.626617734421771 ], [ 135.938543825720899, 33.62673854106891 ], [ 135.937143413991834, 33.626627950762519 ], [ 135.937385733039463, 33.62689519310787 ], [ 135.937249094495655, 33.627542354934938 ], [ 135.937804092068347, 33.62762012155752 ], [ 135.937690577256518, 33.627953683300113 ], [ 135.937156787029352, 33.628059361162684 ], [ 135.936101758614967, 33.627832278711239 ], [ 135.935267576447416, 33.627206594417743 ], [ 135.93473316332944, 33.627500485323566 ], [ 135.934699836769369, 33.628335076690291 ], [ 135.935587343791582, 33.629112388007428 ], [ 135.935665696336542, 33.629680482718882 ], [ 135.936475022798732, 33.629673854173618 ], [ 135.937419386375012, 33.630191668389337 ] ] ] } },
{ "type": "Feature", "properties": { "CITY_NAME": "那智勝浦町", "S_NAME": "大字朝日", "JINKO": 396, "medical_area": "30_新宮医療圏", "町丁目名": "那智勝浦町大字朝日" }, "geometry": { "type": "Polygon", "coordinates": [ [ [ 135.941566723232626, 33.627852716556895 ], [ 135.940472247107067, 33.625568993530891 ], [ 135.936732167033568, 33.631224299757811 ], [ 135.937441437314902, 33.631040943045953 ], [ 135.939973617993132, 33.628637823192733 ], [ 135.941566723232626, 33.627852716556895 ] ] ] } },
{ "type": "Feature", "properties": { "CITY_NAME": "那智勝浦町", "S_NAME": "大字朝日", "JINKO": 202, "medical_area": "30_新宮医療圏", "町丁目名": "那智勝浦町大字朝日" }, "geometry": { "type": "Polygon", "coordinates": [ [ [ 135.937441437314902, 33.631040943045953 ], [ 135.941538274092892, 33.630049688510823 ], [ 135.941566723232626, 33.627852716556895 ], [ 135.939973617993132, 33.628637823192733 ], [ 135.937441437314902, 33.631040943045953 ] ] ] } },
{ "type": "Feature", "properties": { "CITY_NAME": "那智勝浦町", "S_NAME": "大字朝日", "JINKO": 202, "medical_area": "30_新宮医療圏", "町丁目名": "那智勝浦町大字朝日" }, "geometry": { "type": "Polygon", "coordinates": [ [ [ 135.93810231287938, 33.631992539380384 ], [ 135.942500772086703, 33.630231035765249 ], [ 135.942312178716804, 33.630267015359614 ], [ 135.942464950379332, 33.629878520403132 ], [ 135.94288110772456, 33.62953692192427 ], [ 135.942874505602219, 33.629087772370241 ], [ 135.942565500283649, 33.62922569893631 ], [ 135.941810418166455, 33.629017680534297 ], [ 135.941631665661305, 33.629117063251265 ], [ 135.941538274092892, 33.630049688510823 ], [ 135.937345778232071, 33.631065690853575 ], [ 135.93810231287938, 33.631992539380384 ] ] ] } },
{ "type": "Feature", "properties": { "CITY_NAME": "那智勝浦町", "S_NAME": "大字湯川", "JINKO": 611, "medical_area": "30_新宮医療圏", "町丁目名": "那智勝浦町大字湯川" }, "geometry": { "type": "Polygon", "coordinates": [ [ [ 135.922090752635597, 33.630946903600062 ], [ 135.924286670141498, 33.631028282179656 ], [ 135.925720537561631, 33.630214260545202 ], [ 135.927035322348615, 33.628767854608149 ], [ 135.928278497818638, 33.626022141703494 ], [ 135.930104333770942, 33.625582487788002 ], [ 135.934116122880624, 33.625231613702098 ], [ 135.935025785979349, 33.624868886331463 ], [ 135.936383299833665, 33.624951019208687 ], [ 135.939503090280823, 33.624495817606693 ], [ 135.939881713769125, 33.624062070459587 ], [ 135.941247254238704, 33.624052013225366 ], [ 135.94137854073, 33.624178309241145 ], [ 135.941826995400163, 33.624037068935905 ], [ 135.941767820218502, 33.623880939081388 ], [ 135.942134341151132, 33.623768400206934 ], [ 135.942077460569237, 33.623403195896749 ], [ 135.94219491083328, 33.623443825621592 ], [ 135.942445171990983, 33.623107504001894 ], [ 135.942181251191158, 33.622902814879446 ], [ 135.942202023143807, 33.622460159400532 ], [ 135.94359779999516, 33.622352595713487 ], [ 135.943164680794496, 33.622127825804597 ], [ 135.943172411081008, 33.62184211118651 ], [ 135.941421098459017, 33.621773677938037 ], [ 135.9414475190583, 33.620937669965365 ], [ 135.941744899425345, 33.621056998198966 ], [ 135.942614725924898, 33.620923839369873 ], [ 135.94267715639532, 33.621050102398087 ], [ 135.942761425653799, 33.62073089234228 ], [ 135.943220658659982, 33.620555274772144 ], [ 135.942496716758455, 33.620090582156713 ], [ 135.942548513343752, 33.619995930831863 ], [ 135.94191702418081, 33.61989927458194 ], [ 135.94188397124401, 33.619362770238247 ], [ 135.942083697908458, 33.618840743337728 ], [ 135.942371491464371, 33.618780577346577 ], [ 135.942979897758477, 33.61955262274396 ], [ 135.943330052379707, 33.619717616122301 ], [ 135.943708363215165, 33.619669322237442 ], [ 135.943926224735094, 33.619424843993848 ], [ 135.945065479409664, 33.619276574046218 ], [ 135.945040958042767, 33.618851091395946 ], [ 135.945521865859405, 33.618464432265327 ], [ 135.945347689967235, 33.617803606416885 ], [ 135.945405089834964, 33.617361816775798 ], [ 135.945097947695928, 33.617356047298905 ], [ 135.944646076146114, 33.617849227657835 ], [ 135.944338861860274, 33.617953627597863 ], [ 135.944267155336377, 33.617170839959122 ], [ 135.943317533546434, 33.617424006787132 ], [ 135.943019329641032, 33.616939510264963 ], [ 135.942923285443158, 33.617129660469928 ], [ 135.942301434476406, 33.617160089159555 ], [ 135.942200463066115, 33.616660464638251 ], [ 135.941573433883519, 33.61637361473354 ], [ 135.941525199091132, 33.615983904327557 ], [ 135.941311876551055, 33.615898146629895 ], [ 135.941286170997046, 33.615655812716568 ], [ 135.940752685370313, 33.615702335328223 ], [ 135.940791641586344, 33.615468767277129 ], [ 135.940481375665826, 33.615315337575311 ], [ 135.940230602534143, 33.614833673300225 ], [ 135.939946763833262, 33.615433143345889 ], [ 135.939728979770251, 33.615563779847776 ], [ 135.939985273343353, 33.615852434997251 ], [ 135.939623912988225, 33.616337468581712 ], [ 135.939581568025204, 33.616794478416352 ], [ 135.939406902521966, 33.61690456648509 ], [ 135.939501518852381, 33.617221038884367 ], [ 135.939369958446946, 33.617341854949586 ], [ 135.939124337494093, 33.617200005167135 ], [ 135.939210433167204, 33.617373335807514 ], [ 135.938796159796908, 33.617996125894535 ], [ 135.938408292795145, 33.617840962482795 ], [ 135.938402351768701, 33.617093425537348 ], [ 135.937991888016484, 33.616901056100524 ], [ 135.93740967152894, 33.617263403248572 ], [ 135.937356468543612, 33.617810573062293 ], [ 135.936814208614379, 33.618052058770566 ], [ 135.936484028615808, 33.618602751567273 ], [ 135.936078910621376, 33.618458279352375 ], [ 135.936136906595067, 33.617981836192548 ], [ 135.934446209667357, 33.617658617168118 ], [ 135.932897659426317, 33.618221331742269 ], [ 135.930704323236029, 33.618535431306235 ], [ 135.930608856988073, 33.617213316372073 ], [ 135.930742291907109, 33.616851035186833 ], [ 135.930603750039495, 33.616542702372968 ], [ 135.930209485615791, 33.616235917052556 ], [ 135.92958609428652, 33.615270224346858 ], [ 135.928660907522243, 33.615130785296557 ], [ 135.928097639359919, 33.614878842061252 ], [ 135.928074712595702, 33.613264290052847 ], [ 135.92454274293047, 33.613769950197486 ], [ 135.92426254582378, 33.614303732421611 ], [ 135.924166372455602, 33.6156578568106 ], [ 135.923446687437462, 33.617783646274198 ], [ 135.923751436289791, 33.619393861628744 ], [ 135.924188930805286, 33.620162515010776 ], [ 135.923035018463565, 33.6212832615754 ], [ 135.920541369969612, 33.622919643075285 ], [ 135.919368895906246, 33.62397328434291 ], [ 135.917432205620287, 33.626283959002571 ], [ 135.915288294526931, 33.628073462187913 ], [ 135.910099657949644, 33.63082415759154 ], [ 135.910555725822547, 33.631483271277347 ], [ 135.9113997104823, 33.632271429922348 ], [ 135.915798911382666, 33.635523031002798 ], [ 135.916857047830177, 33.63625183899785 ], [ 135.917340599135287, 33.636376139287336 ], [ 135.917741665893857, 33.636194378708893 ], [ 135.920564994720053, 33.631761391149091 ], [ 135.921580822905867, 33.631091978822084 ], [ 135.922090752635597, 33.630946903600062 ] ] ] } },
{ "type": "Feature", "properties": { "CITY_NAME": "那智勝浦町", "S_NAME": "大字湯川", "JINKO": 0, "medical_area": "30_新宮医療圏", "町丁目名": "那智勝浦町大字湯川" }, "geometry": { "type": "Polygon", "coordinates": [ [ [ 135.944282946420799, 33.616072791460454 ], [ 135.944206526230772, 33.615922010184363 ], [ 135.94392407922129, 33.616070658528137 ], [ 135.943746329211564, 33.615964352303109 ], [ 135.943995122789659, 33.616202558459548 ], [ 135.944282946420799, 33.616072791460454 ] ] ] } },
{ "type": "Feature", "properties": { "CITY_NAME": "那智勝浦町", "S_NAME": "大字橋ノ川", "JINKO": 13, "medical_area": "30_新宮医療圏", "町丁目名": "那智勝浦町大字橋ノ川" }, "geometry": { "type": "Polygon", "coordinates": [ [ [ 135.910099657949644, 33.63082415759154 ], [ 135.915288294526931, 33.628073462187913 ], [ 135.917432205620287, 33.626283959002571 ], [ 135.919368895906246, 33.623973284342917 ], [ 135.920541369969612, 33.622919643075285 ], [ 135.923035018463565, 33.621283261575392 ], [ 135.924188930805286, 33.620162515010776 ], [ 135.923751436289763, 33.619393861628744 ], [ 135.92344668743749, 33.617783646274184 ], [ 135.924166372455602, 33.615657856810593 ], [ 135.924262545823836, 33.614303732421611 ], [ 135.92454274293047, 33.613769950197486 ], [ 135.923210206298137, 33.614270685318083 ], [ 135.9216460055396, 33.615784501576435 ], [ 135.916735151379669, 33.617942491779125 ], [ 135.911014742149064, 33.621794311051843 ], [ 135.909704349053072, 33.623054860520327 ], [ 135.908530933574866, 33.624518653757079 ], [ 135.907727161256673, 33.625823791055495 ], [ 135.906863954416707, 33.627855849265615 ], [ 135.908410073426808, 33.628839811100754 ], [ 135.909696260303747, 33.630053216683628 ], [ 135.910099657949644, 33.63082415759154 ] ] ] } },
{ "type": "Feature", "properties": { "CITY_NAME": "那智勝浦町", "S_NAME": "大字二河", "JINKO": 234, "medical_area": "30_新宮医療圏", "町丁目名": "那智勝浦町大字二河" }, "geometry": { "type": "Polygon", "coordinates": [ [ [ 135.927942568924863, 33.610312396509428 ], [ 135.928030321089608, 33.609684382394001 ], [ 135.927873355213848, 33.609088067095072 ], [ 135.927199007767967, 33.610106553481131 ], [ 135.926563276259031, 33.610036020054451 ], [ 135.925341812997317, 33.609390603942089 ], [ 135.925079207676816, 33.609007238878839 ], [ 135.925017208118135, 33.608425628153242 ], [ 135.925309484317779, 33.608135298658645 ], [ 135.925167271692999, 33.608099146548476 ], [ 135.925365764202581, 33.607844264584202 ], [ 135.925234489066867, 33.607625813322841 ], [ 135.925602030068859, 33.607519807228776 ], [ 135.92554717064985, 33.607410728813029 ], [ 135.925862859041985, 33.607457691451685 ], [ 135.925585084007452, 33.607178009494696 ], [ 135.925993345553223, 33.607341398819258 ], [ 135.926363132111561, 33.607128037007087 ], [ 135.925524897000372, 33.606992287508511 ], [ 135.925551204793948, 33.606467365127109 ], [ 135.926309868380486, 33.606398502489718 ], [ 135.926347744105641, 33.606207484944285 ], [ 135.926975088062846, 33.605967787792132 ], [ 135.927603200693113, 33.606091853401047 ], [ 135.9271500146275, 33.605529739049494 ], [ 135.927008747052952, 33.60566405967014 ], [ 135.926919499678036, 33.605433238113918 ], [ 135.926207387749855, 33.605253328329979 ], [ 135.926259595577505, 33.604681648556074 ], [ 135.926773766368939, 33.604460199941236 ], [ 135.9275147461139, 33.604908649738547 ], [ 135.927763780238308, 33.604763684222824 ], [ 135.928022286309641, 33.604890912247235 ], [ 135.928050114209185, 33.605114653595692 ], [ 135.928559730299128, 33.605197788600847 ], [ 135.929245083639358, 33.60516042448819 ], [ 135.929204331362115, 33.6049161075398 ], [ 135.929550158764698, 33.604998298962364 ], [ 135.92966781567057, 33.604743082578182 ], [ 135.929919993163821, 33.604701805864224 ], [ 135.929504444086632, 33.604231859755515 ], [ 135.928907627502127, 33.604054849642218 ], [ 135.928436033536485, 33.603609099509718 ], [ 135.92718185102396, 33.603534544450035 ], [ 135.927008815718096, 33.602996827000304 ], [ 135.927111512975557, 33.602596775830534 ], [ 135.927671988554209, 33.602395077474974 ], [ 135.928130682835473, 33.602795737663897 ], [ 135.928487312170944, 33.602833701404734 ], [ 135.928707356006015, 33.602549805954652 ], [ 135.929655197304896, 33.603016393474803 ], [ 135.929626192427065, 33.602903669743853 ], [ 135.929410893224798, 33.602648547414773 ], [ 135.923344365844457, 33.601187620175487 ], [ 135.918353632044756, 33.602312900153066 ], [ 135.914271965251942, 33.602827454159979 ], [ 135.90712993728846, 33.604348651701393 ], [ 135.901183808811538, 33.61023201865283 ], [ 135.897523407462586, 33.614459041141529 ], [ 135.895969844331319, 33.616556672627425 ], [ 135.896234280751258, 33.618195387250658 ], [ 135.896395617125279, 33.621888698180058 ], [ 135.896354589743879, 33.625979435397568 ], [ 135.894628718126683, 33.632175852676788 ], [ 135.892309685651242, 33.63967040215551 ], [ 135.892854881748292, 33.647120872666093 ], [ 135.899692494503654, 33.647342961599335 ], [ 135.905201299098252, 33.64679457452209 ], [ 135.904644306233138, 33.638973470107388 ], [ 135.904730905354739, 33.637376743926453 ], [ 135.905211610178128, 33.63559884822569 ], [ 135.907571348156466, 33.632718082478867 ], [ 135.910099657949644, 33.63082415759154 ], [ 135.909696260303747, 33.630053216683628 ], [ 135.908410073426808, 33.628839811100754 ], [ 135.906863954416707, 33.627855849265615 ], [ 135.907727161256673, 33.625823791055495 ], [ 135.908530933574866, 33.624518653757079 ], [ 135.909704349053072, 33.623054860520334 ], [ 135.911014742149064, 33.621794311051843 ], [ 135.916735151379669, 33.617942491779132 ], [ 135.9216460055396, 33.615784501576435 ], [ 135.923470814118019, 33.614112491374541 ], [ 135.925403236303396, 33.61357210267483 ], [ 135.928074712595702, 33.613264290052847 ], [ 135.927808991248526, 33.612991947171977 ], [ 135.927841159639485, 33.612772185611995 ], [ 135.928614350786717, 33.611959161531587 ], [ 135.928869685334064, 33.611450714125965 ], [ 135.927942568924863, 33.610312396509428 ] ] ] } },
{ "type": "Feature", "properties": { "CITY_NAME": "那智勝浦町", "S_NAME": "大字勝浦", "JINKO": 324, "medical_area": "30_新宮医療圏", "町丁目名": "那智勝浦町大字勝浦" }, "geometry": { "type": "Polygon", "coordinates": [ [ [ 135.94993408717886, 33.633712752234345 ], [ 135.950186283103079, 33.633779635235904 ], [ 135.950506627893986, 33.63341543119342 ], [ 135.950859037375039, 33.633547160861944 ], [ 135.951675139246817, 33.633342916498741 ], [ 135.951735632405445, 33.633097515342257 ], [ 135.952173379069336, 33.632892274124124 ], [ 135.952554162711806, 33.632376494444308 ], [ 135.952874333427246, 33.632310964853353 ], [ 135.952418069221523, 33.630881636218469 ], [ 135.952257529789279, 33.630760692804195 ], [ 135.952318067364473, 33.630436113619702 ], [ 135.951952901955309, 33.629990488699768 ], [ 135.952347812735525, 33.629236053737415 ], [ 135.952108742897565, 33.628840068926323 ], [ 135.952769732950628, 33.628350602841159 ], [ 135.952216987275932, 33.627990846957864 ], [ 135.95188824078005, 33.627992409311297 ], [ 135.951825789102372, 33.627868968282272 ], [ 135.952007976445458, 33.627811276679779 ], [ 135.952068490265646, 33.627528117936606 ], [ 135.951860539430214, 33.627395603299746 ], [ 135.952093633704948, 33.626880613458098 ], [ 135.952531327979187, 33.626703266576186 ], [ 135.952589874433215, 33.62606930006654 ], [ 135.952851666831918, 33.626292283949795 ], [ 135.953102809596459, 33.626280545781142 ], [ 135.952735772278544, 33.62533646545053 ], [ 135.9528156255966, 33.625157006289648 ], [ 135.953346987011798, 33.625160873414828 ], [ 135.953243947442132, 33.624347355056024 ], [ 135.953439161958556, 33.624094116142722 ], [ 135.953104398457754, 33.623276282992293 ], [ 135.952656258400509, 33.622858522549301 ], [ 135.952882806120783, 33.62246102772059 ], [ 135.953737764278884, 33.621935566078619 ], [ 135.953317621044164, 33.621571355307879 ], [ 135.952854169582679, 33.621584702261323 ], [ 135.952753173709453, 33.620994912518768 ], [ 135.952036509069956, 33.620897139305598 ], [ 135.952181073398208, 33.620629511466696 ], [ 135.952097207397372, 33.620263454514706 ], [ 135.952279402941201, 33.62016152404658 ], [ 135.952121093958169, 33.619934354021566 ], [ 135.95205500730475, 33.618609727345209 ], [ 135.951728656334183, 33.618236252830108 ], [ 135.951254323074977, 33.618466834700939 ], [ 135.951119250741016, 33.619097099668672 ], [ 135.95092085762019, 33.619253966476286 ], [ 135.951094208068952, 33.619552429917924 ], [ 135.951007826546629, 33.619838109985523 ], [ 135.951205002527416, 33.619929482505633 ], [ 135.951202324146351, 33.62088328339815 ], [ 135.950975900946048, 33.621049156611328 ], [ 135.95093043799838, 33.621400791511725 ], [ 135.95060280743715, 33.621378963398449 ], [ 135.950394652581735, 33.621631347995816 ], [ 135.950560515467089, 33.621845280703589 ], [ 135.950442948201413, 33.621997390699555 ], [ 135.950739138626602, 33.622357335604278 ], [ 135.950527716611276, 33.62268016247463 ], [ 135.950792546385429, 33.623225782485541 ], [ 135.950569247129408, 33.623581853920591 ], [ 135.950725249975534, 33.624083190952945 ], [ 135.950532945172341, 33.624893775646761 ], [ 135.950766647550836, 33.625229179909176 ], [ 135.950076303178321, 33.626186647438075 ], [ 135.94978381916016, 33.626876309016374 ], [ 135.949337459755924, 33.627111406892361 ], [ 135.949280172380753, 33.627397946125633 ], [ 135.949253483726238, 33.628823707959242 ], [ 135.949981187094238, 33.628567874684251 ], [ 135.950128743911847, 33.628767147812027 ], [ 135.950032677107089, 33.629011406832781 ], [ 135.950866372349509, 33.630043314092482 ], [ 135.950110585321454, 33.630383955561157 ], [ 135.949926448408945, 33.630061814472782 ], [ 135.950001789328951, 33.630257676981806 ], [ 135.949136216193523, 33.630319312343708 ], [ 135.949160520094239, 33.629295921700532 ], [ 135.948384793299368, 33.629632881920884 ], [ 135.947706610116995, 33.629607799483964 ], [ 135.947679713251716, 33.630198948594348 ], [ 135.947971397680249, 33.630764873121258 ], [ 135.947936793193577, 33.631174838115435 ], [ 135.946905251950113, 33.632300364774757 ], [ 135.946850944800559, 33.632539567617613 ], [ 135.947014371423847, 33.633162919856666 ], [ 135.947304918480341, 33.633569642159955 ], [ 135.947461457516141, 33.633483486399726 ], [ 135.947346237817925, 33.633290704324757 ], [ 135.947679415566995, 33.633119528142153 ], [ 135.947825100218523, 33.632838943790226 ], [ 135.948235824203749, 33.632775155104241 ], [ 135.949805874750268, 33.633598300181795 ], [ 135.949910305287489, 33.633828269540324 ], [ 135.94993408717886, 33.633712752234345 ] ], [ [ 135.951475648299834, 33.627573814696021 ], [ 135.951083388168428, 33.627435871528334 ], [ 135.9510253159537, 33.627199441317018 ], [ 135.951215068680739, 33.627106812961905 ], [ 135.951107420964235, 33.626858809820874 ], [ 135.95148139464672, 33.626920948286383 ], [ 135.951320907095493, 33.626720825863494 ], [ 135.951589447912426, 33.62642788810777 ], [ 135.951449663930617, 33.625816385260322 ], [ 135.950957175737983, 33.625678402746722 ], [ 135.951047838052091, 33.625450202716017 ], [ 135.951556264830572, 33.625590727721338 ], [ 135.951977464763957, 33.626435366704179 ], [ 135.95196878070675, 33.626552580880009 ], [ 135.951742441354014, 33.626540657599882 ], [ 135.951869579515716, 33.626622704039342 ], [ 135.951637708090828, 33.626872545010649 ], [ 135.951475648299834, 33.627573814696021 ] ] ] } },
{ "type": "Feature", "properties": { "CITY_NAME": "那智勝浦町", "S_NAME": "大字勝浦", "JINKO": 178, "medical_area": "30_新宮医療圏", "町丁目名": "那智勝浦町大字勝浦" }, "geometry": { "type": "Polygon", "coordinates": [ [ [ 135.947670797724612, 33.629675409871254 ], [ 135.948384793299368, 33.629632881920884 ], [ 135.949160520094239, 33.629295921700532 ], [ 135.948028259098095, 33.628305579111441 ], [ 135.947930097799372, 33.628433462711264 ], [ 135.947724351453871, 33.628219791177962 ], [ 135.948219348273454, 33.62777169864593 ], [ 135.947792338641904, 33.628085413596352 ], [ 135.947390639501265, 33.62750450779815 ], [ 135.947963221687871, 33.627089135243999 ], [ 135.948276628773073, 33.627512210034446 ], [ 135.948010661093406, 33.627062950953395 ], [ 135.948879889762168, 33.626219404067498 ], [ 135.949354899376971, 33.62488230470197 ], [ 135.948072545968671, 33.624456290059257 ], [ 135.948786953697947, 33.624767668663971 ], [ 135.948151062930037, 33.626579768320376 ], [ 135.948268508386832, 33.626644625753173 ], [ 135.946888352101098, 33.627525989359121 ], [ 135.946875595330567, 33.628351862467241 ], [ 135.945640747906936, 33.628899660251427 ], [ 135.945415810933014, 33.629143013953765 ], [ 135.945319721781573, 33.629589581946391 ], [ 135.946412229721943, 33.630325204645679 ], [ 135.947257637526803, 33.630379384615452 ], [ 135.947663074726648, 33.630265440033071 ], [ 135.947670797724612, 33.629675409871254 ] ] ] } },
{ "type": "Feature", "properties": { "CITY_NAME": "那智勝浦町", "S_NAME": "大字勝浦", "JINKO": 71, "medical_area": "30_新宮医療圏", "町丁目名": "那智勝浦町大字勝浦" }, "geometry": { "type": "Polygon", "coordinates": [ [ [ 135.946875595330567, 33.628351862467241 ], [ 135.946888352101098, 33.627525989359121 ], [ 135.945767270467485, 33.627746416576755 ], [ 135.945762223459155, 33.627187376052603 ], [ 135.945695405729793, 33.627180020838594 ], [ 135.945742479584197, 33.627750914150475 ], [ 135.945608812877822, 33.627777061304343 ], [ 135.945264281969287, 33.627167434142891 ], [ 135.945555993366554, 33.627787745606113 ], [ 135.94493612061504, 33.627975133985977 ], [ 135.944410013398141, 33.62849082632502 ], [ 135.944973043237212, 33.629000805133636 ], [ 135.945415810933014, 33.629143013953765 ], [ 135.945640747906936, 33.628899660251427 ], [ 135.946875595330567, 33.628351862467241 ] ] ] } },
{ "type": "Feature", "properties": { "CITY_NAME": "那智勝浦町", "S_NAME": "大字勝浦", "JINKO": 0, "medical_area": "30_新宮医療圏", "町丁目名": "那智勝浦町大字勝浦" }, "geometry": { "type": "Polygon", "coordinates": [ [ [ 135.951475648299834, 33.627573814696021 ], [ 135.951637708090828, 33.626872545010649 ], [ 135.951869579515716, 33.626622704039342 ], [ 135.951742441354014, 33.626540657599882 ], [ 135.95196878070675, 33.626552580880009 ], [ 135.951977464763957, 33.626435366704179 ], [ 135.951556264830572, 33.625590727721338 ], [ 135.951047838052091, 33.625450202716017 ], [ 135.950957175737983, 33.625678402746722 ], [ 135.951449663930617, 33.625816385260322 ], [ 135.951589447912426, 33.62642788810777 ], [ 135.951320907095493, 33.626720825863494 ], [ 135.95148139464672, 33.626920948286383 ], [ 135.951107420964235, 33.626858809820874 ], [ 135.951215068680739, 33.627106812961905 ], [ 135.9510253159537, 33.627199441317018 ], [ 135.951083388168428, 33.627435871528334 ], [ 135.951475648299834, 33.627573814696021 ] ] ] } },
{ "type": "Feature", "properties": { "CITY_NAME": "那智勝浦町", "S_NAME": "大字勝浦", "JINKO": 0, "medical_area": "30_新宮医療圏", "町丁目名": "那智勝浦町大字勝浦" }, "geometry": { "type": "Polygon", "coordinates": [ [ [ 135.946369954059662, 33.622114024640041 ], [ 135.947001821416762, 33.62161555417228 ], [ 135.946930846472384, 33.62135122034239 ], [ 135.946676528415082, 33.62129701181221 ], [ 135.946696133490406, 33.620960018755277 ], [ 135.947633677700054, 33.621139627188867 ], [ 135.947982998276046, 33.620929009701626 ], [ 135.947350527156516, 33.620622168811067 ], [ 135.947429391358583, 33.620311124515048 ], [ 135.94821295664218, 33.620250878673247 ], [ 135.94901460923731, 33.620610195841415 ], [ 135.949345001849935, 33.619569749580769 ], [ 135.949189983634, 33.619267628001055 ], [ 135.948173873126535, 33.618925414990585 ], [ 135.947846403880618, 33.6186530862296 ], [ 135.947557368397582, 33.618979251679406 ], [ 135.947358201054129, 33.618624981203126 ], [ 135.946743473768493, 33.619313364244555 ], [ 135.94637594106473, 33.619356600174761 ], [ 135.946130805475718, 33.620154467793242 ], [ 135.94594757602016, 33.620177776725242 ], [ 135.945912788774194, 33.620665511429451 ], [ 135.945065429184723, 33.621072023939135 ], [ 135.9450167507988, 33.621361384569184 ], [ 135.94578913231129, 33.621964998005566 ], [ 135.946369954059662, 33.622114024640041 ] ] ] } },
{ "type": "Feature", "properties": { "CITY_NAME": "那智勝浦町", "S_NAME": "大字勝浦", "JINKO": 229, "medical_area": "30_新宮医療圏", "町丁目名": "那智勝浦町大字勝浦" }, "geometry": { "type": "Polygon", "coordinates": [ [ [ 135.94790478221617, 33.630516038541039 ], [ 135.947679713251716, 33.630198948594348 ], [ 135.947486119046772, 33.630370184344969 ], [ 135.946412229721943, 33.630325204645679 ], [ 135.945562780593775, 33.629857936770463 ], [ 135.945319721781573, 33.629589581946391 ], [ 135.945415810933014, 33.629143013953765 ], [ 135.944973043237212, 33.629000805133636 ], [ 135.944410013398141, 33.62849082632502 ], [ 135.943725928973038, 33.62914874119793 ], [ 135.943225730340259, 33.628921686966457 ], [ 135.942874505602219, 33.629087772370241 ], [ 135.94288110772456, 33.62953692192427 ], [ 135.942464950379332, 33.629878520403132 ], [ 135.942312178716804, 33.630267015359614 ], [ 135.942500772086703, 33.630231035765249 ], [ 135.942436431171814, 33.630329063050361 ], [ 135.941220814107197, 33.630812298037903 ], [ 135.941565992272984, 33.631983228462694 ], [ 135.941991691829031, 33.631909039872149 ], [ 135.941885696450925, 33.631178634520019 ], [ 135.943005588754971, 33.630607717186592 ], [ 135.942918855655961, 33.630151486062992 ], [ 135.943574430211783, 33.630059646015276 ], [ 135.946150209879562, 33.631558976215949 ], [ 135.946905251950113, 33.632300364774757 ], [ 135.947936793193577, 33.631174838115435 ], [ 135.94790478221617, 33.630516038541039 ] ] ] } },
{ "type": "Feature", "properties": { "CITY_NAME": "那智勝浦町", "S_NAME": "大字勝浦", "JINKO": 157, "medical_area": "30_新宮医療圏", "町丁目名": "那智勝浦町大字勝浦" }, "geometry": { "type": "Polygon", "coordinates": [ [ [ 135.947304918480341, 33.633569642159955 ], [ 135.946885526212213, 33.632824454619175 ], [ 135.946905251950113, 33.632300364774757 ], [ 135.946150209879562, 33.631558976215949 ], [ 135.943574430211783, 33.630059646015276 ], [ 135.943530374136486, 33.631024417452593 ], [ 135.944911461964693, 33.632139449713492 ], [ 135.944703695252002, 33.632700086037296 ], [ 135.94165615644846, 33.633137130808166 ], [ 135.94065600068862, 33.632963648277673 ], [ 135.94021693909437, 33.633134474399064 ], [ 135.941136651170581, 33.633955154293403 ], [ 135.945792672460158, 33.63377327701123 ], [ 135.946255364610124, 33.633333348375963 ], [ 135.946370311689691, 33.633977249248034 ], [ 135.947684727353078, 33.634379902479765 ], [ 135.94744313664691, 33.634986456782876 ], [ 135.947737345121965, 33.634370908061136 ], [ 135.94695125852175, 33.634059495311284 ], [ 135.947089452357346, 33.633688177166675 ], [ 135.947304918480341, 33.633569642159955 ] ] ] } },
{ "type": "Feature", "properties": { "CITY_NAME": "那智勝浦町", "S_NAME": "大字勝浦", "JINKO": 64, "medical_area": "30_新宮医療圏", "町丁目名": "那智勝浦町大字勝浦" }, "geometry": { "type": "Polygon", "coordinates": [ [ [ 135.944153318566748, 33.628193158873344 ], [ 135.94510031086142, 33.627391653524519 ], [ 135.944720805786233, 33.627570129892433 ], [ 135.944205957117333, 33.62700100076848 ], [ 135.944359118855402, 33.626828905282984 ], [ 135.943873390631609, 33.626990707547151 ], [ 135.943139632495189, 33.626212398734417 ], [ 135.941832323316646, 33.627072612367797 ], [ 135.941867567591203, 33.626611084759453 ], [ 135.941158932369888, 33.627019603939488 ], [ 135.941635830549217, 33.628089438184745 ], [ 135.943146934298426, 33.627107876938169 ], [ 135.944153318566748, 33.628193158873344 ] ] ] } },
{ "type": "Feature", "properties": { "CITY_NAME": "那智勝浦町", "S_NAME": "大字勝浦", "JINKO": 0, "medical_area": "30_新宮医療圏", "町丁目名": "那智勝浦町大字勝浦" }, "geometry": { "type": "Polygon", "coordinates": [ [ [ 135.944936120615012, 33.627975133985949 ], [ 135.945555993366554, 33.627787745606142 ], [ 135.945264281969287, 33.627167434142876 ], [ 135.945608812877765, 33.627777061304315 ], [ 135.945742479584197, 33.627750914150432 ], [ 135.945695405729793, 33.627180020838594 ], [ 135.945767270467485, 33.627746416576755 ], [ 135.946888352101098, 33.627525989359121 ], [ 135.947936464300341, 33.626767338627332 ], [ 135.948063596665293, 33.626853897461096 ], [ 135.948268508386832, 33.626644625753144 ], [ 135.948151062930037, 33.626579768320383 ], [ 135.948786953698004, 33.624767668663949 ], [ 135.94208890744801, 33.624019157202177 ], [ 135.94273944990934, 33.624705575348081 ], [ 135.94303160824785, 33.62458201006887 ], [ 135.942773909918316, 33.624746166484002 ], [ 135.943210107876922, 33.625227915518344 ], [ 135.943000923294449, 33.62537011610619 ], [ 135.943577133008091, 33.626021555324762 ], [ 135.944799860010306, 33.625240182191042 ], [ 135.945310383544125, 33.62581381525176 ], [ 135.943935609351144, 33.626705017569591 ], [ 135.94415748750643, 33.626949414007875 ], [ 135.944359118855374, 33.626828905282984 ], [ 135.944205957117333, 33.62700100076848 ], [ 135.944720805786233, 33.627570129892433 ], [ 135.945100310861449, 33.627391653524541 ], [ 135.944693782095669, 33.627694661656506 ], [ 135.944936120615012, 33.627975133985949 ] ] ] } },
{ "type": "Feature", "properties": { "CITY_NAME": "那智勝浦町", "S_NAME": "大字北浜", "JINKO": 70, "medical_area": "30_新宮医療圏", "町丁目名": "那智勝浦町大字北浜" }, "geometry": { "type": "Polygon", "coordinates": [ [ [ 135.943530374136486, 33.631024417452593 ], [ 135.943574430211783, 33.630059646015276 ], [ 135.942918855655961, 33.630151486062992 ], [ 135.943005588754971, 33.630607717186592 ], [ 135.941885696450925, 33.631178634520019 ], [ 135.941991691829031, 33.631909039872149 ], [ 135.943293868051711, 33.631758891831488 ], [ 135.943208959903188, 33.631412554418752 ], [ 135.943774284731859, 33.631216415012922 ], [ 135.943530374136486, 33.631024417452593 ] ] ] } },
{ "type": "Feature", "properties": { "CITY_NAME": "那智勝浦町", "S_NAME": "大字北浜", "JINKO": 96, "medical_area": "30_新宮医療圏", "町丁目名": "那智勝浦町大字北浜" }, "geometry": { "type": "Polygon", "coordinates": [ [ [ 135.94384373944618, 33.63128604493933 ], [ 135.943208959903188, 33.631412554418752 ], [ 135.943293868051711, 33.631758891831488 ], [ 135.941782719317843, 33.63194134547669 ], [ 135.941948871342589, 33.63229082181126 ], [ 135.944399451714219, 33.6320234134405 ], [ 135.94444272611068, 33.631806185123615 ], [ 135.94384373944618, 33.63128604493933 ] ] ] } },
{ "type": "Feature", "properties": { "CITY_NAME": "那智勝浦町", "S_NAME": "大字北浜", "JINKO": 80, "medical_area": "30_新宮医療圏", "町丁目名": "那智勝浦町大字北浜" }, "geometry": { "type": "Polygon", "coordinates": [ [ [ 135.942217302633509, 33.633059906142329 ], [ 135.944703695252002, 33.632700086037296 ], [ 135.944911461964693, 33.632139449713492 ], [ 135.94444272611068, 33.631806185123615 ], [ 135.944399451714219, 33.6320234134405 ], [ 135.941948871342589, 33.63229082181126 ], [ 135.942217302633509, 33.633059906142329 ] ] ] } },
{ "type": "Feature", "properties": { "CITY_NAME": "那智勝浦町", "S_NAME": "大字築地", "JINKO": 13, "medical_area": "30_新宮医療圏", "町丁目名": "那智勝浦町大字築地" }, "geometry": { "type": "Polygon", "coordinates": [ [ [ 135.943725928973038, 33.62914874119793 ], [ 135.944936120615012, 33.627975133985949 ], [ 135.944717473357571, 33.627723413045999 ], [ 135.943225730340259, 33.628921686966457 ], [ 135.943725928973038, 33.62914874119793 ] ] ] } },
{ "type": "Feature", "properties": { "CITY_NAME": "那智勝浦町", "S_NAME": "大字築地", "JINKO": 49, "medical_area": "30_新宮医療圏", "町丁目名": "那智勝浦町大字築地" }, "geometry": { "type": "Polygon", "coordinates": [ [ [ 135.942565500283649, 33.62922569893631 ], [ 135.943225730340259, 33.628921686966457 ], [ 135.944153318566748, 33.628193158873344 ], [ 135.94395686777537, 33.627982304267597 ], [ 135.942213738225149, 33.62913142373737 ], [ 135.942565500283649, 33.62922569893631 ] ] ] } },
{ "type": "Feature", "properties": { "CITY_NAME": "那智勝浦町", "S_NAME": "大字築地", "JINKO": 50, "medical_area": "30_新宮医療圏", "町丁目名": "那智勝浦町大字築地" }, "geometry": { "type": "Polygon", "coordinates": [ [ [ 135.94395686777537, 33.627982304267597 ], [ 135.943743177058366, 33.627751436246356 ], [ 135.941810418166455, 33.629017680534297 ], [ 135.942213738225149, 33.62913142373737 ], [ 135.94395686777537, 33.627982304267597 ] ] ] } },
{ "type": "Feature", "properties": { "CITY_NAME": "那智勝浦町", "S_NAME": "大字築地", "JINKO": 39, "medical_area": "30_新宮医療圏", "町丁目名": "那智勝浦町大字築地" }, "geometry": { "type": "Polygon", "coordinates": [ [ [ 135.943743177058366, 33.627751436246356 ], [ 135.943474341643196, 33.627468695516363 ], [ 135.941633598527716, 33.628639740379619 ], [ 135.941631665661305, 33.629117063251265 ], [ 135.943743177058366, 33.627751436246356 ] ] ] } },
{ "type": "Feature", "properties": { "CITY_NAME": "那智勝浦町", "S_NAME": "大字築地", "JINKO": 28, "medical_area": "30_新宮医療圏", "町丁目名": "那智勝浦町大字築地" }, "geometry": { "type": "Polygon", "coordinates": [ [ [ 135.941633598527716, 33.628639740379619 ], [ 135.942471931839918, 33.62812110489962 ], [ 135.943474341643167, 33.627468695516377 ], [ 135.943146934298426, 33.627107876938169 ], [ 135.941635830549217, 33.628089438184745 ], [ 135.941633598527716, 33.628639740379619 ] ] ] } },
{ "type": "Feature", "properties": { "CITY_NAME": "那智勝浦町", "S_NAME": "大字築地", "JINKO": 54, "medical_area": "30_新宮医療圏", "町丁目名": "那智勝浦町大字築地" }, "geometry": { "type": "Polygon", "coordinates": [ [ [ 135.941832323316646, 33.627072612367797 ], [ 135.943139632495189, 33.626212398734417 ], [ 135.943873390631609, 33.626990707547151 ], [ 135.94408692065295, 33.626871895282832 ], [ 135.943935609351144, 33.626705017569584 ], [ 135.945310383544125, 33.62581381525176 ], [ 135.944799860010335, 33.625240182191042 ], [ 135.943577133008091, 33.626021555324762 ], [ 135.943000923294449, 33.625370116106176 ], [ 135.943210107876922, 33.625227915518344 ], [ 135.942773909918316, 33.624746166484016 ], [ 135.94303160824785, 33.62458201006887 ], [ 135.94273944990934, 33.624705575348081 ], [ 135.942613432521114, 33.624571957011341 ], [ 135.940590260596792, 33.625885762491528 ], [ 135.941158932369888, 33.627019603939488 ], [ 135.941867567591203, 33.626611084759453 ], [ 135.941832323316646, 33.627072612367797 ] ] ] } },
{ "type": "Feature", "properties": { "CITY_NAME": "那智勝浦町", "S_NAME": "大字築地", "JINKO": 40, "medical_area": "30_新宮医療圏", "町丁目名": "那智勝浦町大字築地" }, "geometry": { "type": "Polygon", "coordinates": [ [ [ 135.940590260596792, 33.625885762491528 ], [ 135.942029549914878, 33.62496419649969 ], [ 135.942613432521085, 33.624571957011355 ], [ 135.94208890744801, 33.624019157202177 ], [ 135.941410850421732, 33.624214391352766 ], [ 135.941247254238704, 33.624052013225352 ], [ 135.940428768719244, 33.624087411062753 ], [ 135.940590260596792, 33.625885762491528 ] ] ] } },
{ "type": "Feature", "properties": { "CITY_NAME": "那智勝浦町", "S_NAME": "大字南平野", "JINKO": 36, "medical_area": "30_新宮医療圏", "町丁目名": "那智勝浦町大字南平野" }, "geometry": { "type": "Polygon", "coordinates": [ [ [ 135.894628718126683, 33.632175852676788 ], [ 135.896354589743879, 33.625979435397568 ], [ 135.896363978555257, 33.62504424149229 ], [ 135.895549966475158, 33.625629934599694 ], [ 135.894711810569248, 33.625894946186513 ], [ 135.891906010312937, 33.625735332331665 ], [ 135.890577900405447, 33.62594381940535 ], [ 135.889631648156239, 33.626314929105519 ], [ 135.88717833375182, 33.626512803749712 ], [ 135.883913592249655, 33.627508420556978 ], [ 135.881769779635789, 33.628479935432246 ], [ 135.880470969778457, 33.62872468960623 ], [ 135.879813215263653, 33.62861557827317 ], [ 135.87699857707787, 33.626474208657633 ], [ 135.87471297872014, 33.625672280465089 ], [ 135.874262456377778, 33.625367799678912 ], [ 135.873788016409918, 33.62428786008423 ], [ 135.874022313639301, 33.622553799130038 ], [ 135.874837395724342, 33.621957542467172 ], [ 135.874975674836605, 33.621662948245678 ], [ 135.874462748778143, 33.621171028366241 ], [ 135.872447978352369, 33.619859048174526 ], [ 135.871822785017827, 33.619114258639989 ], [ 135.87153151652771, 33.618109736396853 ], [ 135.870762303214377, 33.618881551146224 ], [ 135.868988185321797, 33.621532279896144 ], [ 135.867609787160177, 33.622898537525913 ], [ 135.866935087027969, 33.62260111638416 ], [ 135.864755989833924, 33.620437877944525 ], [ 135.863942219356574, 33.620164522159442 ], [ 135.862551209683971, 33.620540287143719 ], [ 135.861497774050179, 33.621304128101983 ], [ 135.861152216050954, 33.6219794281863 ], [ 135.860975473602196, 33.622828203366794 ], [ 135.862320102974451, 33.623820961414715 ], [ 135.862285706940355, 33.624262175014834 ], [ 135.861161895279679, 33.624664705456077 ], [ 135.860364405680258, 33.624682692894119 ], [ 135.859993383463092, 33.624916991530611 ], [ 135.860386002483835, 33.625217798337992 ], [ 135.861800420832367, 33.625707680655189 ], [ 135.865202487740504, 33.626462603557542 ], [ 135.866375438101272, 33.62697584253398 ], [ 135.866400059942322, 33.627449805846766 ], [ 135.866078563227859, 33.627821960651765 ], [ 135.861381380260354, 33.627481519738573 ], [ 135.860216343152018, 33.627490643474985 ], [ 135.859702458964733, 33.62764729347154 ], [ 135.859427666265731, 33.631016092438202 ], [ 135.860961705986227, 33.631781409856771 ], [ 135.862885156651316, 33.633508811203086 ], [ 135.864964068439406, 33.636186194578642 ], [ 135.865907828434615, 33.638025197570954 ], [ 135.867869523499593, 33.639993907545723 ], [ 135.871504509225787, 33.642255113902742 ], [ 135.873249105659937, 33.643514017776688 ], [ 135.873717120244862, 33.644163408805547 ], [ 135.873942148225041, 33.645109819548765 ], [ 135.873631299758216, 33.651060737951902 ], [ 135.873871148309632, 33.652967002011884 ], [ 135.874273874183046, 33.654075741151075 ], [ 135.876931387274936, 33.656139789651633 ], [ 135.879339186121172, 33.658390626747597 ], [ 135.887677382256669, 33.665385079731095 ], [ 135.889809145033951, 33.660220381075668 ], [ 135.891200023173127, 33.655786049354205 ], [ 135.891634350434373, 33.651902270689391 ], [ 135.892854881748292, 33.647120872666093 ], [ 135.892309685651242, 33.63967040215551 ], [ 135.894628718126683, 33.632175852676788 ] ] ] } },
{ "type": "Feature", "properties": { "CITY_NAME": "那智勝浦町", "S_NAME": "大字小阪", "JINKO": 37, "medical_area": "30_新宮医療圏", "町丁目名": "那智勝浦町大字小阪" }, "geometry": { "type": "Polygon", "coordinates": [ [ [ 135.887677382256669, 33.665385079731095 ], [ 135.879339186121172, 33.658390626747583 ], [ 135.876931387274936, 33.656139789651633 ], [ 135.874273874183046, 33.654075741151075 ], [ 135.873871148309632, 33.652967002011884 ], [ 135.873631299758216, 33.651060737951902 ], [ 135.873942148225041, 33.645109819548793 ], [ 135.873717120244862, 33.644163408805547 ], [ 135.873249105659937, 33.643514017776688 ], [ 135.871504509225787, 33.642255113902742 ], [ 135.87009085619249, 33.641481173649055 ], [ 135.866825318996064, 33.647717790169494 ], [ 135.865251447332895, 33.650045062959499 ], [ 135.863934346354512, 33.651553494440833 ], [ 135.862774672752437, 33.65270931153966 ], [ 135.860661823287018, 33.654388420246647 ], [ 135.857932163011156, 33.656012679614165 ], [ 135.854165719482182, 33.659579182837561 ], [ 135.853825857427438, 33.660084420438537 ], [ 135.855317581484883, 33.660347496180357 ], [ 135.857321843030547, 33.661120150716066 ], [ 135.85952742935882, 33.662440602144272 ], [ 135.859978980467218, 33.663265554364045 ], [ 135.860075204531199, 33.663779461087366 ], [ 135.85996388673513, 33.664513334526752 ], [ 135.864738685226826, 33.666659874788458 ], [ 135.867824875396821, 33.667674009205982 ], [ 135.869700687063158, 33.668000290831472 ], [ 135.873832684283144, 33.668511422712882 ], [ 135.879331751938793, 33.668881736841314 ], [ 135.885094136430013, 33.669525934621419 ], [ 135.885974017328806, 33.668723296635456 ], [ 135.887677382256669, 33.665385079731095 ] ] ] } },
{ "type": "Feature", "properties": { "CITY_NAME": "那智勝浦町", "S_NAME": "大字口色川", "JINKO": 83, "medical_area": "30_新宮医療圏", "町丁目名": "那智勝浦町大字口色川" }, "geometry": { "type": "Polygon", "coordinates": [ [ [ 135.863951519458794, 33.722898378160785 ], [ 135.864225555622511, 33.722064204690312 ], [ 135.864253521691097, 33.721141709324989 ], [ 135.864685464099693, 33.720679225064252 ], [ 135.865682702116032, 33.720139155545517 ], [ 135.865715583159073, 33.719624961574198 ], [ 135.866090270538621, 33.719179888201175 ], [ 135.866359523768494, 33.718321910433616 ], [ 135.866215206020058, 33.717790058477291 ], [ 135.86565069105913, 33.717370742452125 ], [ 135.865026248031683, 33.716009122700925 ], [ 135.863814260681352, 33.714711097057801 ], [ 135.863823034961655, 33.714456950584115 ], [ 135.864382094552468, 33.713876695714234 ], [ 135.865372087187268, 33.713452163019753 ], [ 135.866981481318703, 33.713116906641901 ], [ 135.867688331865111, 33.712604564118749 ], [ 135.868761852125061, 33.712285055507351 ], [ 135.869463008578208, 33.711649989022739 ], [ 135.870095628660323, 33.71141847922619 ], [ 135.872101462615916, 33.711420570286897 ], [ 135.873417452518652, 33.711814142528972 ], [ 135.875614487500854, 33.711264384506151 ], [ 135.876996795380165, 33.71155978935591 ], [ 135.879374165901311, 33.710662296655798 ], [ 135.880701595172724, 33.709851238314485 ], [ 135.882012062375395, 33.709659619713761 ], [ 135.881761392481565, 33.708407336394203 ], [ 135.88187076379478, 33.706948857859722 ], [ 135.881379567487528, 33.704897527925681 ], [ 135.882099614212848, 33.704494293259692 ], [ 135.883261086911261, 33.7032343256963 ], [ 135.883963118600178, 33.702218516201654 ], [ 135.88412002910988, 33.701303210124202 ], [ 135.887301946612268, 33.700756419585339 ], [ 135.887501027311856, 33.700420032097711 ], [ 135.888874079196569, 33.69943170980239 ], [ 135.889711546235617, 33.699508815613683 ], [ 135.891612743942972, 33.699057127403748 ], [ 135.892066807465767, 33.698741239888214 ], [ 135.892105834185998, 33.697565462144254 ], [ 135.893301240413621, 33.696886730054203 ], [ 135.893853825954494, 33.69722377290816 ], [ 135.896105129471323, 33.698022088491918 ], [ 135.896374197232888, 33.697492870656163 ], [ 135.896299500679532, 33.697097770021202 ], [ 135.896762802379129, 33.696533914537952 ], [ 135.894029772906464, 33.695075166338313 ], [ 135.891836767408279, 33.693559810110372 ], [ 135.88788269925368, 33.688068874890199 ], [ 135.887308349958374, 33.686748160993389 ], [ 135.886203190918167, 33.683676933340202 ], [ 135.885508217461307, 33.680513230114016 ], [ 135.884321869792871, 33.670918397202058 ], [ 135.88465244966082, 33.669817994617723 ], [ 135.885094136430013, 33.669525934621419 ], [ 135.879331751938821, 33.668881736841314 ], [ 135.873832684283144, 33.668511422712882 ], [ 135.867824875396821, 33.667674009205982 ], [ 135.863161632598803, 33.666034187800925 ], [ 135.859963886735159, 33.664513334526752 ], [ 135.859166715280679, 33.665481427626752 ], [ 135.857936183340939, 33.666264045554932 ], [ 135.855070124891739, 33.668637854860251 ], [ 135.854194029267035, 33.670075235748975 ], [ 135.854025963868764, 33.67227828597909 ], [ 135.854647804025745, 33.678576415740167 ], [ 135.854271154519665, 33.681096177254894 ], [ 135.854420440498473, 33.683900568442006 ], [ 135.855022808966169, 33.687685869086799 ], [ 135.855072341191658, 33.69167929195234 ], [ 135.854825562959945, 33.694561111988698 ], [ 135.853629300493168, 33.696711840198226 ], [ 135.853190498516824, 33.698980824705039 ], [ 135.853668365423829, 33.702675782818332 ], [ 135.853584646140092, 33.706563650386713 ], [ 135.853403464485041, 33.707903381833425 ], [ 135.851436454691225, 33.711322860492984 ], [ 135.850581494649106, 33.712103477443286 ], [ 135.849192486588919, 33.714612950113498 ], [ 135.849433221923306, 33.715675788559864 ], [ 135.850068481846449, 33.717070599115864 ], [ 135.849861612509557, 33.718430732574369 ], [ 135.851763857622387, 33.71866798530322 ], [ 135.852407455150058, 33.71895924612803 ], [ 135.853040797425109, 33.719627218192727 ], [ 135.853849046590142, 33.720058282213778 ], [ 135.853870264640364, 33.720772598106073 ], [ 135.855342743959511, 33.721262755928237 ], [ 135.857217273758465, 33.721396348981138 ], [ 135.858191721363937, 33.722138658184299 ], [ 135.860531189589466, 33.722146780128419 ], [ 135.861189701041127, 33.722388571501384 ], [ 135.861582162564019, 33.722345754184197 ], [ 135.862225499327252, 33.722834920159897 ], [ 135.863106090744367, 33.723101740583651 ], [ 135.863951519458794, 33.722898378160785 ] ] ] } },
{ "type": "Feature", "properties": { "CITY_NAME": "那智勝浦町", "S_NAME": "大字大野", "JINKO": 70, "medical_area": "30_新宮医療圏", "町丁目名": "那智勝浦町大字大野" }, "geometry": { "type": "Polygon", "coordinates": [ [ [ 135.853403464485041, 33.707903381833425 ], [ 135.853584646140092, 33.706563650386713 ], [ 135.853668365423829, 33.702675782818332 ], [ 135.853190498516824, 33.698980824705039 ], [ 135.853629300493168, 33.696711840198226 ], [ 135.854825562959945, 33.694561111988698 ], [ 135.855072341191658, 33.69167929195234 ], [ 135.855022808966169, 33.687685869086799 ], [ 135.854331791570473, 33.682506175384212 ], [ 135.854271154519665, 33.681096177254894 ], [ 135.854647804025745, 33.678576415740167 ], [ 135.854025963868764, 33.67227828597909 ], [ 135.85410082720054, 33.670642175083188 ], [ 135.854357486018898, 33.669680676840571 ], [ 135.855070124891739, 33.668637854860251 ], [ 135.856980663907024, 33.667006391232334 ], [ 135.859539269361164, 33.665144010971041 ], [ 135.86000949324162, 33.664414626569275 ], [ 135.860075204531199, 33.663779461087366 ], [ 135.859866345534726, 33.662900541877399 ], [ 135.85952742935882, 33.662440602144272 ], [ 135.858436801322284, 33.661756799630069 ], [ 135.857321843030547, 33.661120150716066 ], [ 135.855317581484911, 33.660347496180357 ], [ 135.853825857427438, 33.660084420438537 ], [ 135.853552394640218, 33.660708642648544 ], [ 135.852385996305543, 33.66567929192356 ], [ 135.85113288602966, 33.667458687618705 ], [ 135.850417364146807, 33.668144910735641 ], [ 135.84836958953764, 33.669371906173978 ], [ 135.843769438538885, 33.670579698803685 ], [ 135.842694059622005, 33.671223137749749 ], [ 135.838046080667255, 33.676565107248827 ], [ 135.837414677775769, 33.677035101614337 ], [ 135.832591767935128, 33.681956407716925 ], [ 135.83045446410668, 33.683742002118507 ], [ 135.828024535167998, 33.686831440111348 ], [ 135.826292170114726, 33.688177999521713 ], [ 135.825358029165727, 33.689276991882402 ], [ 135.823859298453925, 33.691619873450769 ], [ 135.824813851146729, 33.692126007801448 ], [ 135.825979039027771, 33.693210756619095 ], [ 135.826246453277605, 33.693806644395835 ], [ 135.827914487808442, 33.693998883317022 ], [ 135.828632798949997, 33.693835749568628 ], [ 135.830038235529798, 33.692429549834351 ], [ 135.830954560914478, 33.692529279514069 ], [ 135.831599221610389, 33.692340666645173 ], [ 135.832110856159687, 33.692891232347208 ], [ 135.833775673456245, 33.695427006236891 ], [ 135.834496844912593, 33.695568294148288 ], [ 135.837392769000985, 33.695511074947113 ], [ 135.838455173566985, 33.694670802624188 ], [ 135.839000066532066, 33.694451442118805 ], [ 135.839107222651165, 33.695384653242115 ], [ 135.839607884013873, 33.697004764981884 ], [ 135.839260677627891, 33.698271158208811 ], [ 135.839517264639682, 33.699375035814704 ], [ 135.8390440021752, 33.70009505782668 ], [ 135.838108450660826, 33.700518625407106 ], [ 135.836722201621768, 33.701703931225339 ], [ 135.835922791785521, 33.70209736988113 ], [ 135.835468734370068, 33.702240903275268 ], [ 135.833032961212268, 33.701718088953072 ], [ 135.83291450227307, 33.702040697779879 ], [ 135.833321633149069, 33.702621126865779 ], [ 135.833159035700533, 33.704581733978614 ], [ 135.833692517559825, 33.705614135434899 ], [ 135.834544247468045, 33.706350959728674 ], [ 135.836040900514661, 33.706830798410273 ], [ 135.837951591526348, 33.706738461455188 ], [ 135.839627944637584, 33.708212142612339 ], [ 135.83962665447558, 33.708909938528414 ], [ 135.839798590100258, 33.709190940046675 ], [ 135.841227406589582, 33.709583425950669 ], [ 135.843267712035498, 33.710617544297349 ], [ 135.844873886559355, 33.710795364228254 ], [ 135.844458393276057, 33.713821179517304 ], [ 135.847944116885628, 33.714249800161674 ], [ 135.849192486588919, 33.714612950113498 ], [ 135.850581494649106, 33.712103477443286 ], [ 135.851436454691225, 33.711322860492984 ], [ 135.853403464485041, 33.707903381833425 ] ] ] } },
{ "type": "Feature", "properties": { "CITY_NAME": "那智勝浦町", "S_NAME": "大字熊瀬川", "JINKO": 12, "medical_area": "30_新宮医療圏", "町丁目名": "那智勝浦町大字熊瀬川" }, "geometry": { "type": "Polygon", "coordinates": [ [ [ 135.853825857427438, 33.660084420438537 ], [ 135.854165719482182, 33.659579182837561 ], [ 135.857932163011156, 33.656012679614165 ], [ 135.860661823287018, 33.654388420246647 ], [ 135.862774672752437, 33.65270931153966 ], [ 135.863934346354512, 33.651553494440833 ], [ 135.865251447332895, 33.650045062959499 ], [ 135.866825318996064, 33.647717790169494 ], [ 135.87009085619249, 33.641481173649055 ], [ 135.867869523499593, 33.639993907545723 ], [ 135.865907828434587, 33.638025197570933 ], [ 135.864964068439406, 33.636186194578642 ], [ 135.862885156651316, 33.633508811203086 ], [ 135.860961705986227, 33.631781409856778 ], [ 135.859427666265731, 33.631016092438202 ], [ 135.858962683152328, 33.631916658302984 ], [ 135.857237962543195, 33.633261248876359 ], [ 135.853991324183511, 33.634452155471187 ], [ 135.85351471842273, 33.634776471990918 ], [ 135.853315388924756, 33.635445437134315 ], [ 135.853628098146288, 33.636525547453992 ], [ 135.853492574207422, 33.63695734022069 ], [ 135.853267660610527, 33.637116836518338 ], [ 135.852677397390494, 33.637285196766136 ], [ 135.850760511720495, 33.637335308048527 ], [ 135.847688600961931, 33.638260277356025 ], [ 135.846581131287451, 33.638855125201928 ], [ 135.845793584309547, 33.639558560722968 ], [ 135.843947553320078, 33.641706700076753 ], [ 135.842503347456073, 33.645245038237476 ], [ 135.841820189417746, 33.647202047982262 ], [ 135.841702923544233, 33.649953388067566 ], [ 135.841176146859567, 33.652380164104564 ], [ 135.839929219993309, 33.655378846850901 ], [ 135.838899346560311, 33.656377648455994 ], [ 135.837077291346304, 33.657398779421307 ], [ 135.836447601918849, 33.657660834873298 ], [ 135.834975376783149, 33.65783722799879 ], [ 135.836373454517968, 33.658532813569394 ], [ 135.838540878945651, 33.658441005623601 ], [ 135.845105801498136, 33.659314496883127 ], [ 135.848211211679114, 33.65926425379309 ], [ 135.853825857427438, 33.660084420438537 ] ] ] } },
{ "type": "Feature", "properties": { "CITY_NAME": "那智勝浦町", "S_NAME": "大字田垣内", "JINKO": 56, "medical_area": "30_新宮医療圏", "町丁目名": "那智勝浦町大字田垣内" }, "geometry": { "type": "Polygon", "coordinates": [ [ [ 135.838046080667255, 33.676565107248827 ], [ 135.842978792726086, 33.67097808772931 ], [ 135.843769438538885, 33.670579698803685 ], [ 135.84836958953764, 33.669371906173978 ], [ 135.850417364146807, 33.668144910735641 ], [ 135.851132886029632, 33.667458687618705 ], [ 135.852385996305543, 33.66567929192356 ], [ 135.853552394640218, 33.66070864264853 ], [ 135.853825857427438, 33.660084420438537 ], [ 135.848211211679114, 33.65926425379309 ], [ 135.845105801498136, 33.659314496883127 ], [ 135.838540878945651, 33.658441005623601 ], [ 135.836373454517968, 33.658532813569394 ], [ 135.834975376783149, 33.65783722799879 ], [ 135.833706401314998, 33.657488106380555 ], [ 135.833179466966527, 33.656886525682481 ], [ 135.832452533198506, 33.655129418149052 ], [ 135.83088836786709, 33.650582365964937 ], [ 135.82782320790696, 33.649601562470146 ], [ 135.827127706179283, 33.649238530517088 ], [ 135.826903802681812, 33.648670602550602 ], [ 135.827343786912991, 33.647818022624712 ], [ 135.82660801921341, 33.648202037275503 ], [ 135.823824611766781, 33.650334199988151 ], [ 135.822346492720698, 33.652065791282112 ], [ 135.8217562130217, 33.652995193246035 ], [ 135.821189351762712, 33.654477885089726 ], [ 135.821269458239556, 33.65666550119002 ], [ 135.822330399188871, 33.659568099456351 ], [ 135.823183232214092, 33.660644264953206 ], [ 135.826704692759535, 33.664495906054157 ], [ 135.829142479936849, 33.665935859679664 ], [ 135.830314238859017, 33.667300635193484 ], [ 135.831857901449951, 33.671739798199717 ], [ 135.831931374514284, 33.67251686360153 ], [ 135.831710295369561, 33.674389736489346 ], [ 135.831797302373445, 33.675918427479488 ], [ 135.832351158639113, 33.678674828807956 ], [ 135.833271518747694, 33.681267848514196 ], [ 135.837414677775769, 33.677035101614337 ], [ 135.838046080667255, 33.676565107248827 ] ] ] } },
{ "type": "Feature", "properties": { "CITY_NAME": "那智勝浦町", "S_NAME": "大字坂足", "JINKO": 2, "medical_area": "30_新宮医療圏", "町丁目名": "那智勝浦町大字坂足" }, "geometry": { "type": "Polygon", "coordinates": [ [ [ 135.833271518747694, 33.681267848514196 ], [ 135.832351158639113, 33.678674828807956 ], [ 135.831797302373445, 33.675918427479488 ], [ 135.831710295369561, 33.674389736489346 ], [ 135.831931374514284, 33.67251686360153 ], [ 135.831857901449951, 33.671739798199717 ], [ 135.830314238859017, 33.667300635193484 ], [ 135.829142479936849, 33.665935859679664 ], [ 135.826704692759535, 33.664495906054157 ], [ 135.825694759909339, 33.663515499893983 ], [ 135.822330399188871, 33.659568099456351 ], [ 135.817124287479118, 33.659258214716331 ], [ 135.815017059996762, 33.658769618167128 ], [ 135.809522355545823, 33.656791674052094 ], [ 135.800922373888113, 33.654308480762893 ], [ 135.800471876631462, 33.65506935338675 ], [ 135.799900312303748, 33.655590394745253 ], [ 135.799427374286694, 33.656823169160418 ], [ 135.798778030473073, 33.657866172550619 ], [ 135.797564828452124, 33.658712434044588 ], [ 135.797165394011472, 33.660441626451863 ], [ 135.797271244143161, 33.661348068868136 ], [ 135.79761397216177, 33.662250697115233 ], [ 135.798438612051882, 33.662227102844135 ], [ 135.798722473684876, 33.662665997297573 ], [ 135.798432675243106, 33.664022952627029 ], [ 135.797625037900474, 33.665112088642125 ], [ 135.797564656298619, 33.667597199996813 ], [ 135.800525122976268, 33.667655939986176 ], [ 135.805813110670414, 33.66811217165062 ], [ 135.808589627923311, 33.668589557498528 ], [ 135.810278753049033, 33.669246829844909 ], [ 135.813093318754312, 33.671236988226539 ], [ 135.813624427748152, 33.67178286244048 ], [ 135.813945871219119, 33.672228112085797 ], [ 135.814561032090211, 33.673785789601453 ], [ 135.815323920002044, 33.674657861256946 ], [ 135.815653400860498, 33.674839947183877 ], [ 135.817617055557719, 33.675168556671295 ], [ 135.818227295936651, 33.675561101372296 ], [ 135.819193536167006, 33.677795915040129 ], [ 135.820812497171346, 33.679868790661743 ], [ 135.822099732055676, 33.681035860196054 ], [ 135.82416204300435, 33.682720772445023 ], [ 135.828311026178255, 33.68528890259708 ], [ 135.829033489904845, 33.685550947587316 ], [ 135.83045446410668, 33.683742002118507 ], [ 135.833271518747694, 33.681267848514196 ] ] ] } },
{ "type": "Feature", "properties": { "CITY_NAME": "那智勝浦町", "S_NAME": "大字樫原", "JINKO": 4, "medical_area": "30_新宮医療圏", "町丁目名": "那智勝浦町大字樫原" }, "geometry": { "type": "Polygon", "coordinates": [ [ [ 135.808116619162917, 33.709825132772998 ], [ 135.808009728921178, 33.708914723825352 ], [ 135.808726129261714, 33.709188996410909 ], [ 135.809007756923819, 33.709060519324474 ], [ 135.809035522601022, 33.708825428829783 ], [ 135.807884635350234, 33.708042324954199 ], [ 135.808284539103738, 33.707777375732256 ], [ 135.808567160428424, 33.707208924391232 ], [ 135.808604879931835, 33.706571909560068 ], [ 135.809058991554508, 33.706477086925759 ], [ 135.809183696796595, 33.7061580370342 ], [ 135.809124116040437, 33.705707965727647 ], [ 135.808539638541703, 33.705293719062773 ], [ 135.808324012623473, 33.70431481437614 ], [ 135.809102937101272, 33.702969584126457 ], [ 135.809286641220069, 33.701983808557678 ], [ 135.810361574900782, 33.70014223513305 ], [ 135.811664596990482, 33.699814098056621 ], [ 135.814934666364081, 33.698415725222404 ], [ 135.81544820690911, 33.698041017382607 ], [ 135.816458061530341, 33.696859186574351 ], [ 135.816623140281649, 33.696047638420801 ], [ 135.817976334051309, 33.695556635987096 ], [ 135.818208827236958, 33.695037239144852 ], [ 135.819135930409743, 33.694318097539245 ], [ 135.819735180129982, 33.694159616546962 ], [ 135.821767837855333, 33.694185325718244 ], [ 135.822004009543008, 33.694071825903116 ], [ 135.822259834079858, 33.693215060305938 ], [ 135.823009841179612, 33.692544827529154 ], [ 135.823074088744733, 33.691661726396973 ], [ 135.823859298453925, 33.691619873450769 ], [ 135.825358029165727, 33.689276991882402 ], [ 135.826292170114726, 33.688177999521713 ], [ 135.828024535167998, 33.686831440111348 ], [ 135.829033489904845, 33.685550947587316 ], [ 135.827161190413932, 33.684682794591978 ], [ 135.82416204300435, 33.682720772445002 ], [ 135.822799550354148, 33.68164757867595 ], [ 135.820812497171346, 33.679868790661743 ], [ 135.819193536166978, 33.67779591504015 ], [ 135.818227295936623, 33.675561101372288 ], [ 135.817617055557719, 33.675168556671295 ], [ 135.815653400860498, 33.674839947183877 ], [ 135.815323920002044, 33.674657861256946 ], [ 135.814561032090211, 33.67378578960146 ], [ 135.813945871219175, 33.672228112085804 ], [ 135.813624427748152, 33.671782862440494 ], [ 135.813093318754312, 33.671236988226504 ], [ 135.809893112012617, 33.669036323426766 ], [ 135.80858962792334, 33.668589557498528 ], [ 135.805813110670442, 33.66811217165062 ], [ 135.798696163185099, 33.667546486115448 ], [ 135.797564656298619, 33.667597199996813 ], [ 135.797115306711646, 33.668772999462909 ], [ 135.796839264268158, 33.668499517479546 ], [ 135.795000694211069, 33.668191231185212 ], [ 135.793462611457187, 33.667725342115901 ], [ 135.793300913929926, 33.668110817076816 ], [ 135.793270414809484, 33.669094841083627 ], [ 135.793459020317499, 33.669891569281496 ], [ 135.794030328530539, 33.669983521368025 ], [ 135.794625083196621, 33.669753165070119 ], [ 135.79506041271236, 33.669803187746268 ], [ 135.79507782090181, 33.670110344688275 ], [ 135.794743426210999, 33.670536538637521 ], [ 135.795704517610915, 33.67075803196569 ], [ 135.795816544994324, 33.671338662870951 ], [ 135.796144487947458, 33.671727900299004 ], [ 135.796538768195035, 33.671880275362298 ], [ 135.796735231429807, 33.672438220113214 ], [ 135.796778045908439, 33.674161742009325 ], [ 135.795365847979383, 33.675870069266452 ], [ 135.793482577466222, 33.677135782170879 ], [ 135.791670228464881, 33.677180108847551 ], [ 135.790234511743932, 33.678110643679631 ], [ 135.789567834547313, 33.677831978493316 ], [ 135.789004134845356, 33.678315669779742 ], [ 135.788886302741787, 33.677556525206931 ], [ 135.788510583769778, 33.677233545290136 ], [ 135.788134069550154, 33.677236710723612 ], [ 135.787892936230122, 33.677520747570746 ], [ 135.788209873900428, 33.677771637000575 ], [ 135.787991601255442, 33.677983579873363 ], [ 135.788003917220237, 33.678510790224941 ], [ 135.787467728619504, 33.67888533598569 ], [ 135.786946670058626, 33.679546324332293 ], [ 135.787322105495349, 33.679994414610753 ], [ 135.787866831725268, 33.679843749419092 ], [ 135.787584225003116, 33.680389338114416 ], [ 135.786160377028068, 33.680159378683555 ], [ 135.783883514555498, 33.680885522616087 ], [ 135.782763984909025, 33.6813975251237 ], [ 135.782222312286962, 33.682124813834847 ], [ 135.781319280203832, 33.682221852306313 ], [ 135.779132414193413, 33.683209685911351 ], [ 135.779322153055119, 33.684410501836936 ], [ 135.779898082830613, 33.684498728566872 ], [ 135.780314500300335, 33.684871117069136 ], [ 135.780898571240584, 33.686228021299193 ], [ 135.780962883726971, 33.686810269041374 ], [ 135.780921331144441, 33.68709844265458 ], [ 135.779804682799778, 33.688224803747687 ], [ 135.779371482553216, 33.689981971273646 ], [ 135.780074607181064, 33.690918111640045 ], [ 135.780948413265662, 33.691644069703422 ], [ 135.781135147979256, 33.693165226419111 ], [ 135.782289793371007, 33.694989566071705 ], [ 135.781493927569187, 33.696617216642309 ], [ 135.780168781502539, 33.696720970687309 ], [ 135.778562371437545, 33.697679661109959 ], [ 135.778054403270033, 33.697602819767603 ], [ 135.77729105191969, 33.697140624335681 ], [ 135.777172915095235, 33.697208741951883 ], [ 135.776999162708421, 33.697724209251909 ], [ 135.777020138788714, 33.698387952544138 ], [ 135.777107071342897, 33.69898165448533 ], [ 135.77765124486109, 33.69998205983525 ], [ 135.777559094098933, 33.70052796291651 ], [ 135.778080844092301, 33.701437315136964 ], [ 135.778479443872698, 33.702596656374361 ], [ 135.780007418219611, 33.703058222616249 ], [ 135.780593345847933, 33.702831728026126 ], [ 135.780887094893501, 33.702409450862248 ], [ 135.781879830011945, 33.700114639464921 ], [ 135.782690848459453, 33.699681852015814 ], [ 135.784323147218458, 33.699664118311098 ], [ 135.785340552019136, 33.699752092982642 ], [ 135.786664559735783, 33.700145031571999 ], [ 135.78839778048166, 33.70016953368016 ], [ 135.788622984767642, 33.700848692497303 ], [ 135.788403966302099, 33.702264908881325 ], [ 135.788829316345613, 33.702754917150628 ], [ 135.788803554392501, 33.703079047212647 ], [ 135.789469839399601, 33.704310926106956 ], [ 135.789455250970235, 33.705640273915414 ], [ 135.790877779623429, 33.707533312358805 ], [ 135.791294764984599, 33.70773504959471 ], [ 135.79197761978773, 33.706841017075909 ], [ 135.793955416520731, 33.706178759731863 ], [ 135.794260541890537, 33.705728012238538 ], [ 135.794242317617176, 33.704811958680914 ], [ 135.794374544781476, 33.704542948511794 ], [ 135.796226306217989, 33.703432716067766 ], [ 135.796322384883126, 33.70310306458903 ], [ 135.796208715315004, 33.702239969906941 ], [ 135.796554699901094, 33.701766460107741 ], [ 135.797208136769143, 33.701752305707842 ], [ 135.798922027642931, 33.701343559460611 ], [ 135.799697551932695, 33.701511753955941 ], [ 135.800961370164629, 33.70146629855315 ], [ 135.801704395876158, 33.701960575722666 ], [ 135.801920904899902, 33.702518539459412 ], [ 135.802494270504837, 33.702801921230716 ], [ 135.802678865214347, 33.703424217502857 ], [ 135.803032241712486, 33.703675125674714 ], [ 135.804552100546175, 33.705786118075679 ], [ 135.805385577480394, 33.706439851025245 ], [ 135.806392013218385, 33.707873071180622 ], [ 135.806186024059883, 33.70866916314862 ], [ 135.806521526992981, 33.708806199483433 ], [ 135.806493961391709, 33.708958028623485 ], [ 135.806112564573993, 33.709056054703026 ], [ 135.806103003667346, 33.709268351114218 ], [ 135.807019664496437, 33.70926977202442 ], [ 135.807753157970353, 33.710014342786998 ], [ 135.808116619162917, 33.709825132772998 ] ] ] } },
{ "type": "Feature", "properties": { "CITY_NAME": "那智勝浦町", "S_NAME": "大字直柱", "JINKO": 1, "medical_area": "30_新宮医療圏", "町丁目名": "那智勝浦町大字直柱" }, "geometry": { "type": "Polygon", "coordinates": [ [ [ 135.822330399188871, 33.659568099456351 ], [ 135.821421729437617, 33.657239820990085 ], [ 135.821161320340082, 33.655950784196463 ], [ 135.821189351762712, 33.654477885089726 ], [ 135.821441341445905, 33.653630124453613 ], [ 135.822346492720698, 33.652065791282112 ], [ 135.823824611766781, 33.650334199988151 ], [ 135.82660801921341, 33.648202037275503 ], [ 135.827343786912991, 33.647818022624712 ], [ 135.82790723203658, 33.646828247330028 ], [ 135.824438056994381, 33.645627057072879 ], [ 135.822171200148574, 33.644497646542135 ], [ 135.804861834882928, 33.637839709071706 ], [ 135.804226659444851, 33.639020158572471 ], [ 135.80410175866686, 33.639622090043375 ], [ 135.804355863943186, 33.640033010886391 ], [ 135.804395408029194, 33.641107289011693 ], [ 135.804685636619354, 33.642105175623911 ], [ 135.803547108104425, 33.642770056530566 ], [ 135.802269189878587, 33.642909221763937 ], [ 135.801355604869855, 33.643361983695335 ], [ 135.801972989848679, 33.645538990790129 ], [ 135.802896221214951, 33.646355853441193 ], [ 135.801798596843128, 33.64942417520048 ], [ 135.80058585323377, 33.650513644630429 ], [ 135.800333782324856, 33.650942501587487 ], [ 135.800399382452753, 33.651744350007277 ], [ 135.800052077707988, 33.652833919060953 ], [ 135.800204501218218, 33.653899630528535 ], [ 135.800922373888113, 33.654308480762893 ], [ 135.809522355545823, 33.656791674052094 ], [ 135.815017059996762, 33.658769618167128 ], [ 135.817124287479118, 33.659258214716331 ], [ 135.822330399188871, 33.659568099456351 ] ] ] } },
{ "type": "Feature", "properties": { "CITY_NAME": "那智勝浦町", "S_NAME": "大字高野", "JINKO": 0, "medical_area": "30_新宮医療圏", "町丁目名": "那智勝浦町大字高野" }, "geometry": { "type": "Polygon", "coordinates": [ [ [ 135.82790723203658, 33.646828247330028 ], [ 135.828450036157818, 33.646244888623301 ], [ 135.830730739313509, 33.642041417102647 ], [ 135.832494282605808, 33.639184461916983 ], [ 135.836783202598355, 33.628231407939523 ], [ 135.836885839617622, 33.627395830882712 ], [ 135.836595693694932, 33.623362275327352 ], [ 135.835859098982127, 33.620863463168668 ], [ 135.83398179059833, 33.618837341122166 ], [ 135.830995805025481, 33.616640924063503 ], [ 135.829836072183383, 33.616039189451534 ], [ 135.825646649805606, 33.613278866905553 ], [ 135.823695868614095, 33.611733173717568 ], [ 135.822158863989841, 33.614410594946186 ], [ 135.82172292674727, 33.614785287795428 ], [ 135.81992137756751, 33.615717614189073 ], [ 135.820633163047006, 33.616776954232151 ], [ 135.820783945235092, 33.61730632890125 ], [ 135.820532271887799, 33.618998265496209 ], [ 135.820815663375299, 33.620079528741485 ], [ 135.820601494051175, 33.62061205124818 ], [ 135.819262336275813, 33.62148249970096 ], [ 135.818685570166423, 33.622525630303997 ], [ 135.817463929795991, 33.623549791365349 ], [ 135.817187048445078, 33.624257759623205 ], [ 135.817095507296472, 33.625220152615157 ], [ 135.81490456364628, 33.62579514503112 ], [ 135.813990190662423, 33.626729555904483 ], [ 135.813100135934604, 33.626882929390177 ], [ 135.812576524712824, 33.627396944832384 ], [ 135.812327025423002, 33.627996742331995 ], [ 135.81265754601759, 33.628728423850809 ], [ 135.811788472279687, 33.630187249779738 ], [ 135.811695577701812, 33.630692321449224 ], [ 135.810756765769781, 33.630825599736447 ], [ 135.807923346992908, 33.63174495598043 ], [ 135.807201357035751, 33.633274143925014 ], [ 135.805975190325768, 33.634175059600587 ], [ 135.805083179145356, 33.635679186853814 ], [ 135.805189888112238, 33.636118348115772 ], [ 135.805097822641272, 33.637239918021812 ], [ 135.804861834882928, 33.637839709071706 ], [ 135.822171200148574, 33.644497646542135 ], [ 135.824438056994381, 33.645627057072879 ], [ 135.82790723203658, 33.646828247330028 ] ] ] } },
{ "type": "Feature", "properties": { "CITY_NAME": "那智勝浦町", "S_NAME": "大字西中野川", "JINKO": 9, "medical_area": "30_新宮医療圏", "町丁目名": "那智勝浦町大字西中野川" }, "geometry": { "type": "Polygon", "coordinates": [ [ [ 135.834975376783149, 33.65783722799879 ], [ 135.836447601918849, 33.657660834873298 ], [ 135.837077291346304, 33.657398779421307 ], [ 135.838899346560311, 33.656377648455994 ], [ 135.839929219993309, 33.655378846850901 ], [ 135.841176146859567, 33.652380164104564 ], [ 135.841702923544233, 33.649953388067566 ], [ 135.841820189417746, 33.647202047982262 ], [ 135.842503347456073, 33.645245038237476 ], [ 135.843947553320078, 33.641706700076753 ], [ 135.845793584309547, 33.639558560722968 ], [ 135.846581131287451, 33.638855125201928 ], [ 135.847688600961931, 33.638260277356025 ], [ 135.850760511720495, 33.637335308048527 ], [ 135.852677397390494, 33.637285196766136 ], [ 135.853492574207422, 33.63695734022069 ], [ 135.853628098146288, 33.636525547453992 ], [ 135.853315388924756, 33.635445437134315 ], [ 135.85351471842273, 33.634776471990918 ], [ 135.853991324183511, 33.634452155471187 ], [ 135.857237962543195, 33.633261248876359 ], [ 135.858962683152328, 33.631916658302984 ], [ 135.859550743187611, 33.630473827293876 ], [ 135.859576425060339, 33.628118832591838 ], [ 135.859702458964733, 33.62764729347154 ], [ 135.860216343152018, 33.627490643474985 ], [ 135.861381380260354, 33.627481519738573 ], [ 135.866078563227887, 33.627821960651737 ], [ 135.866400059942322, 33.627449805846766 ], [ 135.866375438101272, 33.62697584253398 ], [ 135.866094972692508, 33.626759423594656 ], [ 135.861800420832367, 33.625707680655189 ], [ 135.860386002483779, 33.625217798337992 ], [ 135.85999338346312, 33.624916991530633 ], [ 135.860364405680201, 33.624682692894119 ], [ 135.861161895279679, 33.624664705456077 ], [ 135.862285706940355, 33.624262175014834 ], [ 135.862320102974451, 33.623820961414715 ], [ 135.860975473602196, 33.622828203366794 ], [ 135.861152216050954, 33.6219794281863 ], [ 135.861497774050179, 33.621304128101983 ], [ 135.863074408056633, 33.620321927653734 ], [ 135.861691592603449, 33.616730091251107 ], [ 135.86139659864358, 33.614846694114384 ], [ 135.861501029709785, 33.61374537186142 ], [ 135.861955979549748, 33.613025109783948 ], [ 135.862645051430718, 33.612512769017492 ], [ 135.865041194853319, 33.611216436239637 ], [ 135.8630700528131, 33.610962662860167 ], [ 135.857356804309717, 33.60935327814046 ], [ 135.855703359409006, 33.60915696065836 ], [ 135.854509996636409, 33.609265467137092 ], [ 135.854201979106278, 33.609830054701987 ], [ 135.854494561679644, 33.61060441292468 ], [ 135.854775103010638, 33.610729562920348 ], [ 135.855021142937289, 33.6105021794937 ], [ 135.856494431205647, 33.610900044481319 ], [ 135.85678506216135, 33.612877548655604 ], [ 135.856529917856705, 33.613302727514878 ], [ 135.855168571058556, 33.614152380298826 ], [ 135.855531998859959, 33.614567282821042 ], [ 135.855531437523979, 33.614904559903508 ], [ 135.854993713419645, 33.615807003287941 ], [ 135.854274522461424, 33.616069335520862 ], [ 135.852230205832853, 33.616273462397594 ], [ 135.851286053292, 33.61673246318702 ], [ 135.850240092955318, 33.617613701838309 ], [ 135.849395854175469, 33.618055337250311 ], [ 135.845457473022492, 33.617856366180511 ], [ 135.844056798872259, 33.618216968495325 ], [ 135.843576947294991, 33.618494186713676 ], [ 135.842318445100574, 33.619932701169063 ], [ 135.841439128825499, 33.62178165621836 ], [ 135.840595806069047, 33.622334527527919 ], [ 135.83633931361274, 33.622319690889476 ], [ 135.836595693694932, 33.623362275327352 ], [ 135.836885839617622, 33.627395830882712 ], [ 135.836783202598355, 33.628231407939523 ], [ 135.832494282605808, 33.639184461916983 ], [ 135.830730739313509, 33.642041417102647 ], [ 135.828450036157818, 33.646244888623301 ], [ 135.82790723203658, 33.646828247330028 ], [ 135.826903802681812, 33.648670602550602 ], [ 135.82695932299211, 33.648999359310992 ], [ 135.827407863771668, 33.649422489799363 ], [ 135.83088836786709, 33.650582365964937 ], [ 135.833179466966527, 33.656886525682481 ], [ 135.833706401314998, 33.657488106380555 ], [ 135.834975376783149, 33.65783722799879 ] ] ] } },
{ "type": "Feature", "properties": { "CITY_NAME": "那智勝浦町", "S_NAME": "大字小匠", "JINKO": 54, "medical_area": "30_新宮医療圏", "町丁目名": "那智勝浦町大字小匠" }, "geometry": { "type": "Polygon", "coordinates": [ [ [ 135.840595806069047, 33.622334527527926 ], [ 135.841439128825499, 33.62178165621836 ], [ 135.842318445100517, 33.619932701169049 ], [ 135.843576947294991, 33.618494186713676 ], [ 135.844056798872259, 33.618216968495311 ], [ 135.845457473022492, 33.617856366180519 ], [ 135.849395854175469, 33.618055337250304 ], [ 135.850240092955318, 33.61761370183833 ], [ 135.851286053292, 33.61673246318702 ], [ 135.852230205832853, 33.616273462397594 ], [ 135.854274522461424, 33.616069335520848 ], [ 135.854993713419645, 33.615807003287941 ], [ 135.855531437523979, 33.614904559903508 ], [ 135.855531998859988, 33.614567282821056 ], [ 135.855168571058556, 33.614152380298826 ], [ 135.856529917856705, 33.613302727514878 ], [ 135.85678506216135, 33.612877548655632 ], [ 135.856494431205647, 33.610900044481347 ], [ 135.855021142937289, 33.6105021794937 ], [ 135.854775103010638, 33.610729562920326 ], [ 135.854494561679644, 33.61060441292468 ], [ 135.854201979106307, 33.609830054701987 ], [ 135.854509996636409, 33.609265467137092 ], [ 135.855703359409006, 33.60915696065836 ], [ 135.857356804309717, 33.60935327814046 ], [ 135.863070052813129, 33.610962662860153 ], [ 135.865041194853319, 33.611216436239637 ], [ 135.868211202261023, 33.609549790465927 ], [ 135.870179459778768, 33.609712748292942 ], [ 135.871023397456327, 33.609521740862363 ], [ 135.871782245302398, 33.608969409851674 ], [ 135.872588771830038, 33.608057015752379 ], [ 135.871186405450885, 33.606955268087376 ], [ 135.869350159551146, 33.60639968102371 ], [ 135.868905619324579, 33.606090112890534 ], [ 135.866770340526898, 33.603375540129342 ], [ 135.865781582152977, 33.602650888790329 ], [ 135.862744344426488, 33.601323813953186 ], [ 135.862463858845729, 33.600878302514907 ], [ 135.86190458248376, 33.598172091561707 ], [ 135.860280022314555, 33.597090519027184 ], [ 135.85875703447249, 33.595204013299494 ], [ 135.85851876053826, 33.594479025103929 ], [ 135.858406736388275, 33.59324868249729 ], [ 135.858443651036168, 33.591131490879704 ], [ 135.859910293117451, 33.58760226827247 ], [ 135.859666341965664, 33.587509008822025 ], [ 135.858913266215268, 33.586555485403558 ], [ 135.858573135631588, 33.586437598949978 ], [ 135.856834467648099, 33.586478716684965 ], [ 135.856073213776966, 33.58600783950633 ], [ 135.853540556649733, 33.587458541913698 ], [ 135.852978191168717, 33.58750718815638 ], [ 135.851747736728868, 33.586701824759658 ], [ 135.850727298160706, 33.586397412237041 ], [ 135.849726932542154, 33.585177810188689 ], [ 135.847912176810894, 33.584328014936709 ], [ 135.846344454514082, 33.583954995373269 ], [ 135.844353157289561, 33.583100171324929 ], [ 135.843171621041989, 33.583288618043206 ], [ 135.841936961336103, 33.582593057785147 ], [ 135.840974363778798, 33.582833886850963 ], [ 135.840600624163585, 33.581903837031753 ], [ 135.839436375079487, 33.581221302831992 ], [ 135.838899952306633, 33.581538177008724 ], [ 135.83856253430244, 33.582107492831312 ], [ 135.837357083704603, 33.582537897419769 ], [ 135.835579143928953, 33.583727206712034 ], [ 135.834934021700576, 33.583611959158091 ], [ 135.834465240343349, 33.583316605907122 ], [ 135.83302630395039, 33.583105343656747 ], [ 135.83252459548055, 33.58366118185657 ], [ 135.83068264741263, 33.583530788276661 ], [ 135.828140764647372, 33.585278851775684 ], [ 135.827921119459319, 33.585586249679494 ], [ 135.827310491202866, 33.585814494925494 ], [ 135.826654437262562, 33.585067451181089 ], [ 135.82510366545705, 33.585069247346773 ], [ 135.821892936197997, 33.587799648442818 ], [ 135.82169129014747, 33.588513943019471 ], [ 135.822572029339113, 33.589489584394393 ], [ 135.82280973798143, 33.590935433040798 ], [ 135.822766740892547, 33.591555280636868 ], [ 135.822303720526662, 33.592228918832781 ], [ 135.82231892726972, 33.592442808072178 ], [ 135.822768164953061, 33.593401763897347 ], [ 135.823430497117499, 33.593463840198517 ], [ 135.824290123280434, 33.593980130728291 ], [ 135.824554974740494, 33.594565467733922 ], [ 135.824462537397466, 33.595126353618369 ], [ 135.824909851395574, 33.595768562311989 ], [ 135.823720424110661, 33.597091772409037 ], [ 135.823063588656254, 33.598149449543051 ], [ 135.822680980787823, 33.60030330143173 ], [ 135.821908587735066, 33.600459427196697 ], [ 135.820818923372315, 33.602675365997193 ], [ 135.8196129293257, 33.604360840199675 ], [ 135.818369103672609, 33.605415369860665 ], [ 135.818587880632265, 33.606827901500331 ], [ 135.817832652637946, 33.607479368032138 ], [ 135.818071250929677, 33.608147503102927 ], [ 135.81783202348123, 33.609026826948508 ], [ 135.818358244500757, 33.609368252036859 ], [ 135.819479864697144, 33.609409049181977 ], [ 135.820444303051943, 33.609777303667208 ], [ 135.821526777093084, 33.609820280800044 ], [ 135.82235049077704, 33.610118157232208 ], [ 135.823792628766057, 33.61032307254208 ], [ 135.823941982123813, 33.611288048992222 ], [ 135.823695868614095, 33.611733173717575 ], [ 135.825646649805606, 33.613278866905567 ], [ 135.829836072183383, 33.61603918945152 ], [ 135.830995805025481, 33.616640924063503 ], [ 135.83398179059833, 33.618837341122166 ], [ 135.835859098982127, 33.620863463168675 ], [ 135.83633931361274, 33.622319690889476 ], [ 135.840595806069047, 33.622334527527926 ] ] ] } },
{ "type": "Feature", "properties": { "CITY_NAME": "那智勝浦町", "S_NAME": "大字長井", "JINKO": 40, "medical_area": "30_新宮医療圏", "町丁目名": "那智勝浦町大字長井" }, "geometry": { "type": "Polygon", "coordinates": [ [ [ 135.874626884680907, 33.592412862612079 ], [ 135.872529722385678, 33.591740978836079 ], [ 135.871099421224017, 33.591877295851347 ], [ 135.870233601555071, 33.592295109705233 ], [ 135.869184400825105, 33.592209478514313 ], [ 135.865862524528723, 33.590074049955518 ], [ 135.865053594853691, 33.58912303911454 ], [ 135.864443924457731, 33.588670695129032 ], [ 135.860287596279846, 33.587269074372998 ], [ 135.859910293117451, 33.58760226827247 ], [ 135.858926601793513, 33.589739804071399 ], [ 135.858443651036168, 33.591131490879704 ], [ 135.858333825530622, 33.592057268346309 ], [ 135.85851876053826, 33.594479025103929 ], [ 135.85875703447249, 33.595204013299494 ], [ 135.860280022314555, 33.597090519027184 ], [ 135.86190458248376, 33.598172091561707 ], [ 135.862463858845729, 33.600878302514907 ], [ 135.862744344426488, 33.601323813953186 ], [ 135.865781582152977, 33.602650888790329 ], [ 135.866770340526898, 33.603375540129342 ], [ 135.868905619324579, 33.606090112890534 ], [ 135.869350159551146, 33.60639968102371 ], [ 135.871186405450885, 33.606955268087376 ], [ 135.872588771830038, 33.608057015752379 ], [ 135.87320751903269, 33.607709088363421 ], [ 135.873722514252592, 33.607024621954061 ], [ 135.873791989698248, 33.606231508261942 ], [ 135.875514691816733, 33.603036816287428 ], [ 135.875818807788534, 33.601480893658007 ], [ 135.8769824240687, 33.599535275010112 ], [ 135.877433789882986, 33.598027674693043 ], [ 135.876936151308939, 33.596669334598147 ], [ 135.875731561586093, 33.594607274615534 ], [ 135.875277524719706, 33.592966347144262 ], [ 135.874626884680907, 33.592412862612079 ] ] ] } },
{ "type": "Feature", "properties": { "CITY_NAME": "那智勝浦町", "S_NAME": "大字高遠井", "JINKO": 18, "medical_area": "30_新宮医療圏", "町丁目名": "那智勝浦町大字高遠井" }, "geometry": { "type": "Polygon", "coordinates": [ [ [ 135.879464575983036, 33.592682175317606 ], [ 135.878736813088892, 33.591425619540104 ], [ 135.878794806729559, 33.591065288718582 ], [ 135.880805626595247, 33.589625104699735 ], [ 135.882326902109554, 33.588731351959801 ], [ 135.883684975823542, 33.588942818562053 ], [ 135.88392359853114, 33.587855684054261 ], [ 135.884686987068193, 33.5871663309672 ], [ 135.884573720127634, 33.585380650452933 ], [ 135.885265955227567, 33.583632903287686 ], [ 135.885072920430105, 33.582917877284807 ], [ 135.883594781608878, 33.581179968270675 ], [ 135.881907597451004, 33.579988755356744 ], [ 135.881512946388398, 33.579549665802737 ], [ 135.880346711019229, 33.577526014975433 ], [ 135.880203855943563, 33.577819763280573 ], [ 135.880406667113732, 33.578313896832157 ], [ 135.880362691870005, 33.578848372893908 ], [ 135.879872809679142, 33.579157850586995 ], [ 135.878596070198597, 33.579719594912937 ], [ 135.877657319560029, 33.579771653111699 ], [ 135.877275124286911, 33.580209994607962 ], [ 135.876623476982928, 33.580511693782555 ], [ 135.875673278869073, 33.581445667353499 ], [ 135.874416770838394, 33.581333676086437 ], [ 135.873350779740235, 33.581730743830377 ], [ 135.869947035489417, 33.581486889295668 ], [ 135.869449845145567, 33.58118233863312 ], [ 135.86934972284547, 33.580728300147342 ], [ 135.868449804423221, 33.58025341343162 ], [ 135.867174893360357, 33.580319966470732 ], [ 135.866137464294496, 33.580053426375841 ], [ 135.865475014857594, 33.580369986181161 ], [ 135.865062549927785, 33.579853334808767 ], [ 135.864325091387371, 33.579986655863152 ], [ 135.863637643242839, 33.579720193447052 ], [ 135.863462674985357, 33.579536850216627 ], [ 135.863412688833506, 33.579086807163243 ], [ 135.8629377314046, 33.578703639259537 ], [ 135.862525258145638, 33.578703465254911 ], [ 135.861762718279437, 33.581278292405337 ], [ 135.860800259066679, 33.582086466610377 ], [ 135.860837690776748, 33.583819682907453 ], [ 135.861112649418686, 33.584744481777989 ], [ 135.860287696445596, 33.584477847955021 ], [ 135.859325303170777, 33.58352775591009 ], [ 135.859100317852864, 33.583644435508916 ], [ 135.859262733073024, 33.585152660965285 ], [ 135.859687683182131, 33.586144131605408 ], [ 135.860237603124716, 33.58690243362522 ], [ 135.860287596279846, 33.587269074372983 ], [ 135.864443924457731, 33.588670695129032 ], [ 135.865053594853691, 33.589123039114554 ], [ 135.865862524528723, 33.590074049955518 ], [ 135.869184400825105, 33.592209478514313 ], [ 135.870233601555071, 33.592295109705233 ], [ 135.871099421224017, 33.59187729585134 ], [ 135.872529722385678, 33.591740978836079 ], [ 135.87489565426668, 33.592525557001728 ], [ 135.875277524719678, 33.592966347144262 ], [ 135.875731561586093, 33.594607274615534 ], [ 135.876936151308996, 33.596669334598126 ], [ 135.877433789882986, 33.59802767469305 ], [ 135.878837858588639, 33.596268525161946 ], [ 135.879313726907327, 33.595193461699203 ], [ 135.879629023685283, 33.593301103242808 ], [ 135.879464575983036, 33.592682175317606 ] ] ] } },
{ "type": "Feature", "properties": { "CITY_NAME": "那智勝浦町", "S_NAME": "大字中ノ川", "JINKO": 54, "medical_area": "30_新宮医療圏", "町丁目名": "那智勝浦町大字中ノ川" }, "geometry": { "type": "Polygon", "coordinates": [ [ [ 135.87153151652771, 33.618109736396853 ], [ 135.87267234044262, 33.616435506487072 ], [ 135.873287730926904, 33.615850048497592 ], [ 135.874509166935155, 33.615134733290475 ], [ 135.876763430041905, 33.614388013824232 ], [ 135.877208747157596, 33.612165285282543 ], [ 135.877544448872754, 33.611186179249884 ], [ 135.877994721954082, 33.610513748334597 ], [ 135.880962501331254, 33.60881017859888 ], [ 135.882768435608995, 33.608060384152701 ], [ 135.883364690089195, 33.60757093790675 ], [ 135.883644016785667, 33.60701695316299 ], [ 135.883482093968723, 33.60619290901289 ], [ 135.882865426182548, 33.605068641134537 ], [ 135.88500914065969, 33.602636113143078 ], [ 135.885336829943753, 33.601808851308675 ], [ 135.885584832484739, 33.599491514841226 ], [ 135.885104928128129, 33.596695073207648 ], [ 135.885416780921702, 33.594326793388376 ], [ 135.88384622713815, 33.594129808013101 ], [ 135.882523213652576, 33.593474872596424 ], [ 135.881072231941232, 33.592476039962946 ], [ 135.880308973788289, 33.591429380222671 ], [ 135.879631803961132, 33.591585962387711 ], [ 135.879009166015322, 33.591966601474169 ], [ 135.879464575983036, 33.592682175317606 ], [ 135.879629023685283, 33.593301103242808 ], [ 135.879313726907327, 33.595193461699203 ], [ 135.878837858588639, 33.596268525161946 ], [ 135.877433789882986, 33.59802767469305 ], [ 135.8769824240687, 33.599535275010119 ], [ 135.875818807788534, 33.601480893658007 ], [ 135.875514691816733, 33.603036816287428 ], [ 135.873791989698248, 33.606231508261942 ], [ 135.873722514252592, 33.607024621954061 ], [ 135.873391084901755, 33.607529222020723 ], [ 135.872588771830038, 33.608057015752379 ], [ 135.871782245302398, 33.608969409851674 ], [ 135.871023397456327, 33.609521740862363 ], [ 135.870179459778768, 33.609712748292942 ], [ 135.86821120226108, 33.609549790465913 ], [ 135.862645051430718, 33.612512769017492 ], [ 135.861955979549748, 33.613025109783948 ], [ 135.861501029709785, 33.61374537186142 ], [ 135.86139659864358, 33.614846694114384 ], [ 135.861691592603449, 33.616730091251107 ], [ 135.863074408056633, 33.620321927653734 ], [ 135.863942219356574, 33.620164522159456 ], [ 135.864755989834009, 33.620437877944532 ], [ 135.867332831689538, 33.622883591287284 ], [ 135.867783055251977, 33.622804610039303 ], [ 135.868589271826664, 33.622016505249455 ], [ 135.870762303214377, 33.618881551146202 ], [ 135.87153151652771, 33.618109736396853 ] ] ] } },
{ "type": "Feature", "properties": { "CITY_NAME": "那智勝浦町", "S_NAME": "大字南大居", "JINKO": 253, "medical_area": "30_新宮医療圏", "町丁目名": "那智勝浦町大字南大居" }, "geometry": { "type": "Polygon", "coordinates": [ [ [ 135.889631648156239, 33.626314929105519 ], [ 135.891906010312937, 33.625735332331665 ], [ 135.894711810569248, 33.625894946186513 ], [ 135.895549966475158, 33.625629934599694 ], [ 135.896363978555257, 33.62504424149229 ], [ 135.896267580781, 33.618957603266871 ], [ 135.893179657238022, 33.616561658621038 ], [ 135.891621720938616, 33.615061303904035 ], [ 135.888121954727751, 33.613127258216139 ], [ 135.887661622760703, 33.610429452916264 ], [ 135.887825008817259, 33.609634160208152 ], [ 135.888463282559655, 33.609256308329762 ], [ 135.890561877377905, 33.609500473175331 ], [ 135.891849841427188, 33.608880841837106 ], [ 135.892430241671121, 33.608405706220417 ], [ 135.893052970142747, 33.606528782240765 ], [ 135.895148095184766, 33.604817914361661 ], [ 135.895310848655413, 33.60447851175477 ], [ 135.896134771454086, 33.603955088166096 ], [ 135.900755832759756, 33.601876555827666 ], [ 135.902030104510828, 33.602839241234278 ], [ 135.90612018412952, 33.60532508225495 ], [ 135.90712993728846, 33.604348651701393 ], [ 135.908569681034265, 33.604014688241072 ], [ 135.908726028407216, 33.602008877767453 ], [ 135.910697902853258, 33.599226140982736 ], [ 135.910533817779736, 33.598104293951259 ], [ 135.910264926025974, 33.59773554230631 ], [ 135.910119005571914, 33.596813482492884 ], [ 135.910789595343715, 33.596219997996684 ], [ 135.911531421266034, 33.595191507167577 ], [ 135.90386194925037, 33.593813051181236 ], [ 135.903287180298946, 33.593392771511901 ], [ 135.902328977259373, 33.591123215174505 ], [ 135.901791343854171, 33.590374977126963 ], [ 135.901204465309121, 33.589872682863039 ], [ 135.900499599526029, 33.589910165119498 ], [ 135.898427407201211, 33.590556011195261 ], [ 135.89694096595332, 33.591211887027463 ], [ 135.895434916891787, 33.592510173666234 ], [ 135.89314097355404, 33.593505721645748 ], [ 135.892602093470515, 33.593366915232465 ], [ 135.892013393075615, 33.592837812622456 ], [ 135.891907922319831, 33.590950988444384 ], [ 135.891717854557868, 33.590638342819361 ], [ 135.891168438168194, 33.590325386495763 ], [ 135.882326902109554, 33.588731351959801 ], [ 135.878794806729559, 33.591065288718582 ], [ 135.878736813088892, 33.591425619540104 ], [ 135.879009166015322, 33.591966601474127 ], [ 135.879631803961132, 33.591585962387711 ], [ 135.880308973788289, 33.591429380222671 ], [ 135.881072231941232, 33.592476039962946 ], [ 135.882523213652576, 33.593474872596424 ], [ 135.88384622713815, 33.594129808013101 ], [ 135.885416780921702, 33.594326793388376 ], [ 135.885104928128129, 33.596695073207663 ], [ 135.885584832484739, 33.599491514841226 ], [ 135.885336829943725, 33.601808851308661 ], [ 135.88500914065969, 33.602636113143092 ], [ 135.882865426182519, 33.605068641134537 ], [ 135.883482093968723, 33.60619290901289 ], [ 135.883644016785667, 33.60701695316299 ], [ 135.883364690089195, 33.60757093790675 ], [ 135.882768435608995, 33.608060384152701 ], [ 135.880962501331254, 33.60881017859888 ], [ 135.877994721954082, 33.610513748334597 ], [ 135.877544448872754, 33.611186179249884 ], [ 135.877208747157596, 33.612165285282543 ], [ 135.876763430041905, 33.614388013824232 ], [ 135.874509166935155, 33.615134733290475 ], [ 135.873287730926904, 33.615850048497592 ], [ 135.87213679966456, 33.617156854033333 ], [ 135.87153151652771, 33.618109736396853 ], [ 135.871535830258892, 33.618349244032849 ], [ 135.871822785017827, 33.619114258639989 ], [ 135.872447978352369, 33.619859048174526 ], [ 135.874462748778143, 33.621171028366241 ], [ 135.874975674836605, 33.621662948245678 ], [ 135.874837395724342, 33.621957542467172 ], [ 135.874022313639301, 33.622553799130038 ], [ 135.873788016409918, 33.62428786008423 ], [ 135.874262456377778, 33.625367799678912 ], [ 135.87471297872014, 33.625672280465089 ], [ 135.87699857707787, 33.626474208657633 ], [ 135.879813215263653, 33.62861557827317 ], [ 135.88110298514593, 33.628660201338548 ], [ 135.883913592249655, 33.627508420556978 ], [ 135.886520261864973, 33.62665704033973 ], [ 135.889631648156239, 33.626314929105519 ] ] ] } },
{ "type": "Feature", "properties": { "CITY_NAME": "那智勝浦町", "S_NAME": "大字井鹿", "JINKO": 52, "medical_area": "30_新宮医療圏", "町丁目名": "那智勝浦町大字井鹿" }, "geometry": { "type": "Polygon", "coordinates": [ [ [ 135.90118380881151, 33.610232018652809 ], [ 135.90612018412952, 33.605325082254971 ], [ 135.902030104510828, 33.602839241234257 ], [ 135.900755832759756, 33.601876555827666 ], [ 135.896134771454086, 33.603955088166096 ], [ 135.895310848655384, 33.60447851175477 ], [ 135.895148095184766, 33.604817914361661 ], [ 135.893052970142691, 33.606528782240751 ], [ 135.892430241671121, 33.608405706220417 ], [ 135.891849841427188, 33.608880841837106 ], [ 135.890561877377849, 33.609500473175345 ], [ 135.888463282559655, 33.609256308329762 ], [ 135.887825008817259, 33.609634160208152 ], [ 135.887661622760703, 33.610429452916264 ], [ 135.888121954727751, 33.613127258216139 ], [ 135.891621720938616, 33.615061303904035 ], [ 135.893179657238022, 33.616561658621016 ], [ 135.896267580781, 33.618957603266914 ], [ 135.895969844331319, 33.616556672627425 ], [ 135.897523407462586, 33.614459041141544 ], [ 135.90118380881151, 33.610232018652809 ] ] ] } },
{ "type": "Feature", "properties": { "CITY_NAME": "那智勝浦町", "S_NAME": "大字中里", "JINKO": 152, "medical_area": "30_新宮医療圏", "町丁目名": "那智勝浦町大字中里" }, "geometry": { "type": "Polygon", "coordinates": [ [ [ 135.896271905423305, 33.579354170770443 ], [ 135.896894164737773, 33.576940767064421 ], [ 135.896721961588213, 33.5764024498352 ], [ 135.8961364481045, 33.576193179178858 ], [ 135.894532581272244, 33.576384579197082 ], [ 135.89321635510322, 33.576913760534588 ], [ 135.892222226690336, 33.577117761871044 ], [ 135.88969665881163, 33.577155591211501 ], [ 135.889148821075054, 33.577532680985037 ], [ 135.887696609375041, 33.579218349073429 ], [ 135.886492572806731, 33.578353647613227 ], [ 135.884908603539628, 33.577974923501962 ], [ 135.881183358633479, 33.576452429313022 ], [ 135.880346711019257, 33.577526014975398 ], [ 135.881512946388369, 33.579549665802759 ], [ 135.881907597451004, 33.579988755356744 ], [ 135.883594781608878, 33.581179968270675 ], [ 135.885223319038403, 33.583266281611692 ], [ 135.885265955227567, 33.583632903287686 ], [ 135.884573720127634, 33.585380650452933 ], [ 135.884686987068193, 33.5871663309672 ], [ 135.88392359853114, 33.587855684054261 ], [ 135.883684975823542, 33.58894281856206 ], [ 135.891470129368457, 33.590463996026884 ], [ 135.89183270261924, 33.590758756651155 ], [ 135.891943690926212, 33.591089086524953 ], [ 135.892013393075615, 33.592837812622456 ], [ 135.892875081649777, 33.593481264361955 ], [ 135.893406962769234, 33.59345184634045 ], [ 135.894068719328629, 33.593025802628667 ], [ 135.895434916891787, 33.592510173666234 ], [ 135.89694096595332, 33.591211887027463 ], [ 135.898427407201211, 33.590556011195261 ], [ 135.900102833540842, 33.590045944104347 ], [ 135.8992436315541, 33.587948323035206 ], [ 135.897675857062922, 33.585862236704585 ], [ 135.896271905423305, 33.579354170770443 ] ] ] } },
{ "type": "Feature", "properties": { "CITY_NAME": "那智勝浦町", "S_NAME": "大字庄", "JINKO": 51, "medical_area": "30_新宮医療圏", "町丁目名": "那智勝浦町大字庄" }, "geometry": { "type": "Polygon", "coordinates": [ [ [ 135.900102833540842, 33.590045944104347 ], [ 135.901204465309121, 33.589872682863039 ], [ 135.901414597656071, 33.589372424270735 ], [ 135.902624766215581, 33.588514252330761 ], [ 135.90280814267075, 33.587691061466828 ], [ 135.904129274768422, 33.587141779258864 ], [ 135.906780960251837, 33.585029912668574 ], [ 135.907223957645414, 33.583869612207984 ], [ 135.90780544866513, 33.580042130159484 ], [ 135.906297751502308, 33.578549599587276 ], [ 135.903544176383576, 33.577215637591628 ], [ 135.9017254181108, 33.575871067590867 ], [ 135.900032949155047, 33.573666046761836 ], [ 135.900204293062615, 33.572446414145894 ], [ 135.899896473075188, 33.571798950906434 ], [ 135.89934220764647, 33.571544074020565 ], [ 135.898376377955543, 33.57141593922605 ], [ 135.89685393150657, 33.571487397330138 ], [ 135.893303209451432, 33.572610951418497 ], [ 135.888416693524505, 33.572019793745383 ], [ 135.884152198860875, 33.572445074878964 ], [ 135.88206648189049, 33.572301964337719 ], [ 135.881494703415484, 33.573270992323117 ], [ 135.881443142308314, 33.573764883640322 ], [ 135.881086575702739, 33.574100977646907 ], [ 135.881243511112132, 33.574654520180289 ], [ 135.881128224437504, 33.575252887452976 ], [ 135.88147870366754, 33.575653331110267 ], [ 135.881417032450003, 33.576108893168545 ], [ 135.881183358633479, 33.576452429313022 ], [ 135.884908603539628, 33.577974923501962 ], [ 135.886492572806731, 33.578353647613227 ], [ 135.887600562958312, 33.579226435438741 ], [ 135.887811894308953, 33.579178440284579 ], [ 135.889148821075054, 33.577532680985037 ], [ 135.88969665881163, 33.577155591211501 ], [ 135.892222226690336, 33.577117761871044 ], [ 135.894945598357936, 33.576296448319141 ], [ 135.8961364481045, 33.576193179178858 ], [ 135.896721961588213, 33.5764024498352 ], [ 135.896855431212231, 33.577205878420259 ], [ 135.896271905423305, 33.579354170770443 ], [ 135.897675857062922, 33.585862236704585 ], [ 135.8992436315541, 33.587948323035206 ], [ 135.900102833540842, 33.590045944104347 ] ] ] } },
{ "type": "Feature", "properties": { "CITY_NAME": "那智勝浦町", "S_NAME": "大字下和田", "JINKO": 101, "medical_area": "30_新宮医療圏", "町丁目名": "那智勝浦町大字下和田" }, "geometry": { "type": "Polygon", "coordinates": [ [ [ 135.908431758759548, 33.589248408453081 ], [ 135.911064595187725, 33.586999821344094 ], [ 135.910812410857972, 33.586572190582579 ], [ 135.910674516408079, 33.582546937145018 ], [ 135.909219652072608, 33.581559942584825 ], [ 135.90780544866513, 33.580042130159484 ], [ 135.907223957645414, 33.583869612207984 ], [ 135.906841077533954, 33.584947679111522 ], [ 135.904129274768422, 33.587141779258864 ], [ 135.90280814267075, 33.587691061466828 ], [ 135.902624766215581, 33.588514252330761 ], [ 135.901414597656071, 33.589372424270735 ], [ 135.901204465309121, 33.589872682863039 ], [ 135.901791343854171, 33.590374977126963 ], [ 135.902328977259373, 33.591123215174505 ], [ 135.903287180298946, 33.593392771511901 ], [ 135.90386194925037, 33.593813051181236 ], [ 135.904730709639097, 33.593987848404609 ], [ 135.905489556605829, 33.593937140579698 ], [ 135.908280953002304, 33.59302768550755 ], [ 135.908735688024507, 33.591194537203791 ], [ 135.908431758759548, 33.589248408453081 ] ] ] } },
{ "type": "Feature", "properties": { "CITY_NAME": "那智勝浦町", "S_NAME": "大字市屋", "JINKO": 142, "medical_area": "30_新宮医療圏", "町丁目名": "那智勝浦町大字市屋" }, "geometry": { "type": "Polygon", "coordinates": [ [ [ 135.918353632044756, 33.602312900153066 ], [ 135.923344365844457, 33.601187620175487 ], [ 135.929410893224798, 33.602648547414773 ], [ 135.929126730992493, 33.60227504133762 ], [ 135.928989322057362, 33.601643801404173 ], [ 135.929983344537817, 33.602287364089136 ], [ 135.930666649278464, 33.602082058987058 ], [ 135.929656326238756, 33.601607272384825 ], [ 135.930322156301031, 33.601690489980633 ], [ 135.930171521223855, 33.60141906170832 ], [ 135.930553992429111, 33.601472532339116 ], [ 135.930669609083139, 33.60106487874345 ], [ 135.929762381163897, 33.601030271701312 ], [ 135.929504143796947, 33.600579295123183 ], [ 135.92891827494131, 33.600226465541731 ], [ 135.928976712853824, 33.599911764521693 ], [ 135.929311832489475, 33.599794741941693 ], [ 135.928944656292913, 33.599159141963746 ], [ 135.929282659324059, 33.598397154113258 ], [ 135.929064628450817, 33.59820457982363 ], [ 135.927579179175211, 33.59889151004576 ], [ 135.926900429528501, 33.598823483324374 ], [ 135.925899718858432, 33.599638887564154 ], [ 135.924317402475907, 33.600143136684167 ], [ 135.923828596274433, 33.600024491837289 ], [ 135.923194856073735, 33.599307838391184 ], [ 135.921791224350471, 33.598625069099285 ], [ 135.921807875804376, 33.597501379008733 ], [ 135.922547400582431, 33.596468877424812 ], [ 135.92244435374127, 33.596263683255245 ], [ 135.921667338373567, 33.595844761081445 ], [ 135.921554499243513, 33.59552037064779 ], [ 135.921563082723623, 33.594959371808848 ], [ 135.922191458984855, 33.594637427079938 ], [ 135.92213251519351, 33.593591179523742 ], [ 135.922728895205836, 33.593036473641206 ], [ 135.922941150620915, 33.592024493182464 ], [ 135.92492315685891, 33.590905421364909 ], [ 135.925239090945155, 33.590442952326974 ], [ 135.92490355718229, 33.58918211116395 ], [ 135.924055869028649, 33.588487021786946 ], [ 135.922962412088822, 33.586966746917447 ], [ 135.920323740896578, 33.587142848690881 ], [ 135.918464175901562, 33.588205025180002 ], [ 135.918271476407483, 33.588582749816837 ], [ 135.917985091847981, 33.588705973854772 ], [ 135.91607997211301, 33.588267096663394 ], [ 135.911392911526974, 33.587556556470581 ], [ 135.911064595187725, 33.586999821344094 ], [ 135.908431758759548, 33.589248408453081 ], [ 135.908735688024507, 33.591194537203791 ], [ 135.908280953002304, 33.59302768550755 ], [ 135.905489556605829, 33.593937140579698 ], [ 135.904730709639097, 33.593987848404609 ], [ 135.911531421266034, 33.595191507167577 ], [ 135.910789595343715, 33.596219997996684 ], [ 135.910119005571914, 33.596813482492884 ], [ 135.910264926025974, 33.59773554230631 ], [ 135.910533817779736, 33.598104293951259 ], [ 135.910697902853258, 33.599226140982736 ], [ 135.908726028407216, 33.602008877767453 ], [ 135.908569681034265, 33.604014688241072 ], [ 135.914271965251942, 33.602827454159979 ], [ 135.918353632044756, 33.602312900153066 ] ] ] } },
{ "type": "Feature", "properties": { "CITY_NAME": "那智勝浦町", "S_NAME": "大字下里", "JINKO": 175, "medical_area": "30_新宮医療圏", "町丁目名": "那智勝浦町大字下里" }, "geometry": { "type": "Polygon", "coordinates": [ [ [ 135.936884697805084, 33.580273093271785 ], [ 135.937127520933615, 33.579383374434428 ], [ 135.938239417397426, 33.579024665994517 ], [ 135.939164297626803, 33.578957773400212 ], [ 135.939109271734509, 33.578498175754603 ], [ 135.93992131764594, 33.578162694630912 ], [ 135.939784044712411, 33.577937492046473 ], [ 135.940017132349226, 33.577356025404434 ], [ 135.93984628739517, 33.57673942535898 ], [ 135.940005072981847, 33.576110867483614 ], [ 135.939751242877293, 33.575553680933986 ], [ 135.939985176506895, 33.575295689420855 ], [ 135.939673938050021, 33.57519748325641 ], [ 135.939553533052077, 33.574852817975852 ], [ 135.939136702991249, 33.574799360821842 ], [ 135.93997203091655, 33.574070535873368 ], [ 135.939672848981701, 33.573677037760838 ], [ 135.938840310838657, 33.573517997156671 ], [ 135.939918641161995, 33.573399610208327 ], [ 135.94041514064503, 33.573501566363753 ], [ 135.940332319959282, 33.573331336317523 ], [ 135.939457864433223, 33.573038719688128 ], [ 135.938972061118847, 33.573041019692447 ], [ 135.938677946868722, 33.573112165281167 ], [ 135.938465493451957, 33.573461176974973 ], [ 135.938358192081864, 33.572882082060538 ], [ 135.938119606506774, 33.573627816175815 ], [ 135.937511158799964, 33.573416467313194 ], [ 135.937247109248062, 33.573612730397748 ], [ 135.937479608900873, 33.573839391712056 ], [ 135.936981983352382, 33.573804766326795 ], [ 135.936879490232542, 33.574024779700913 ], [ 135.936945526642489, 33.573578485157263 ], [ 135.936557757005062, 33.573562791487753 ], [ 135.9364202305606, 33.573083990722367 ], [ 135.935794182479583, 33.573371360910599 ], [ 135.935899638216398, 33.57351850016979 ], [ 135.935358025496924, 33.573244057853088 ], [ 135.934879074766826, 33.572732392124102 ], [ 135.934701237898935, 33.572871214035487 ], [ 135.934856203384072, 33.573068816709913 ], [ 135.934246705736399, 33.572840258744769 ], [ 135.93416249800319, 33.573083665181485 ], [ 135.933477724537738, 33.572704595082811 ], [ 135.933389193222524, 33.572966031964434 ], [ 135.934078151629308, 33.573513887126481 ], [ 135.934100500364934, 33.573869213586185 ], [ 135.93289195116617, 33.573826857851223 ], [ 135.931226000407037, 33.574641104224689 ], [ 135.930646847764905, 33.575523568857641 ], [ 135.931006693394266, 33.57544093072957 ], [ 135.930800667597339, 33.57579133874377 ], [ 135.930934124734961, 33.575932299767651 ], [ 135.930846557026854, 33.576328984941235 ], [ 135.930363671230111, 33.576697268886541 ], [ 135.928960734158494, 33.577210414731809 ], [ 135.928972123506384, 33.577761565828972 ], [ 135.92977321302979, 33.579521976818064 ], [ 135.929238463873418, 33.578749048009243 ], [ 135.928870914469485, 33.579009192348138 ], [ 135.928346222601448, 33.57910468836058 ], [ 135.927645771053903, 33.579085115139108 ], [ 135.92708073903367, 33.578731156357804 ], [ 135.92664606071861, 33.579528027676588 ], [ 135.927566918425129, 33.579810067980262 ], [ 135.928096843199, 33.580157524484164 ], [ 135.929898262975513, 33.580130113986229 ], [ 135.931259392358356, 33.580654987051254 ], [ 135.931577026568846, 33.580901435698841 ], [ 135.93193420982692, 33.581976319028769 ], [ 135.932298886327942, 33.582261396322231 ], [ 135.933312137961735, 33.582694198397611 ], [ 135.934415347960908, 33.582863019226949 ], [ 135.935349615301163, 33.582709657678365 ], [ 135.937787195220523, 33.581592241089581 ], [ 135.93733136012267, 33.581323486177304 ], [ 135.936884697805084, 33.580273093271785 ] ] ] } },
{ "type": "Feature", "properties": { "CITY_NAME": "那智勝浦町", "S_NAME": "大字下里", "JINKO": 989, "medical_area": "30_新宮医療圏", "町丁目名": "那智勝浦町大字下里" }, "geometry": { "type": "Polygon", "coordinates": [ [ [ 135.935169206156417, 33.588914730785291 ], [ 135.936368669123055, 33.588853630791156 ], [ 135.936810306759838, 33.587350060736604 ], [ 135.937380574690849, 33.586572380687059 ], [ 135.93761168706942, 33.585950902740187 ], [ 135.938149262485126, 33.585733072609749 ], [ 135.938237022765321, 33.585563205637065 ], [ 135.938075291656276, 33.585345034903511 ], [ 135.938301981137585, 33.58504590226967 ], [ 135.939176478029708, 33.584569282943875 ], [ 135.938390933213697, 33.583227383588799 ], [ 135.938263851126038, 33.582407362527093 ], [ 135.937787195220523, 33.581592241089581 ], [ 135.934994017795617, 33.582831201645647 ], [ 135.933312137961735, 33.582694198397611 ], [ 135.93193420982692, 33.581976319028769 ], [ 135.931577026568846, 33.580901435698841 ], [ 135.931259392358356, 33.580654987051254 ], [ 135.929898262975513, 33.580130113986229 ], [ 135.928096843199, 33.580157524484164 ], [ 135.927566918425129, 33.579810067980262 ], [ 135.92664606071861, 33.579528027676588 ], [ 135.927665495595249, 33.577724734324171 ], [ 135.928432387237649, 33.577828876631877 ], [ 135.928641515636599, 33.577648665158947 ], [ 135.928326302995401, 33.577152563986466 ], [ 135.928738293897311, 33.576554885774172 ], [ 135.929026019135875, 33.576420648285129 ], [ 135.929651840638911, 33.576452567235812 ], [ 135.929235211831582, 33.576156748879924 ], [ 135.928768777886717, 33.576163523804652 ], [ 135.928172849798329, 33.576452554778534 ], [ 135.928451771569684, 33.576538376223773 ], [ 135.927387981500971, 33.577245559601096 ], [ 135.925025801751417, 33.577084655435804 ], [ 135.923979169595327, 33.57662247141549 ], [ 135.922956435198302, 33.577085063427496 ], [ 135.91879529178118, 33.579711536427268 ], [ 135.91756583884407, 33.581198739833319 ], [ 135.916923674664929, 33.582694793593411 ], [ 135.916713084633102, 33.583704238794468 ], [ 135.916856361813728, 33.584844669157718 ], [ 135.917276536776598, 33.58597232359584 ], [ 135.91853093356508, 33.587504307160536 ], [ 135.918464175901562, 33.588205025180002 ], [ 135.920323740896578, 33.587142848690881 ], [ 135.922962412088822, 33.586966746917447 ], [ 135.922703785470645, 33.586487009422832 ], [ 135.9233299735711, 33.586487408944457 ], [ 135.924835516636961, 33.586850149292616 ], [ 135.925476562179057, 33.586912818764333 ], [ 135.926044567245356, 33.586778200882023 ], [ 135.926459856362328, 33.587799584242767 ], [ 135.927786104871387, 33.588661187674184 ], [ 135.92824831455593, 33.588649065398037 ], [ 135.929061966813521, 33.588312833145551 ], [ 135.930648930631605, 33.588217391595805 ], [ 135.931732438518651, 33.588920456045287 ], [ 135.932433536111063, 33.589044545871488 ], [ 135.93286917576458, 33.589432782476159 ], [ 135.934226310979653, 33.590011714460871 ], [ 135.93507138369111, 33.589510617312243 ], [ 135.935169206156417, 33.588914730785291 ] ] ] } },
{ "type": "Feature", "properties": { "CITY_NAME": "那智勝浦町", "S_NAME": "大字下里", "JINKO": 143, "medical_area": "30_新宮医療圏", "町丁目名": "那智勝浦町大字下里" }, "geometry": { "type": "Polygon", "coordinates": [ [ [ 135.920963573076364, 33.578262423067116 ], [ 135.923979169595327, 33.57662247141549 ], [ 135.921840063281195, 33.575202695363835 ], [ 135.921094667851463, 33.574019344767329 ], [ 135.92010448216368, 33.574308920675236 ], [ 135.920104170434684, 33.575713256236263 ], [ 135.919842029670605, 33.575846360144034 ], [ 135.919734189535149, 33.576714699385988 ], [ 135.919935090776733, 33.577148756439414 ], [ 135.920219770270961, 33.577048916619766 ], [ 135.920963573076364, 33.578262423067116 ] ] ] } },
{ "type": "Feature", "properties": { "CITY_NAME": "那智勝浦町", "S_NAME": "大字八尺鏡野", "JINKO": 131, "medical_area": "30_新宮医療圏", "町丁目名": "那智勝浦町大字八尺鏡野" }, "geometry": { "type": "Polygon", "coordinates": [ [ [ 135.920963573076364, 33.578262423067116 ], [ 135.920219770270961, 33.577048916619766 ], [ 135.919935090776733, 33.577148756439414 ], [ 135.919734189535149, 33.576714699385988 ], [ 135.919842029670605, 33.575846360144034 ], [ 135.920104170434684, 33.575713256236263 ], [ 135.92010448216368, 33.574308920675236 ], [ 135.91915421829745, 33.574433397869029 ], [ 135.918613417692029, 33.575274959930184 ], [ 135.917757408620076, 33.575224228071328 ], [ 135.916435825052503, 33.575894493887176 ], [ 135.916328674776253, 33.57627198733703 ], [ 135.915485681413173, 33.576883680309329 ], [ 135.915174804334157, 33.577302448087153 ], [ 135.915171553676686, 33.578588430899636 ], [ 135.914858593703855, 33.579114562466131 ], [ 135.913617854447267, 33.579952802300063 ], [ 135.910674516408079, 33.582546937145018 ], [ 135.910812410857972, 33.586572190582579 ], [ 135.911392911526974, 33.587556556470581 ], [ 135.91607997211301, 33.588267096663394 ], [ 135.917748019388057, 33.588694544284159 ], [ 135.918325215179124, 33.58852276917667 ], [ 135.91859409459417, 33.58764664350393 ], [ 135.917276536776598, 33.58597232359584 ], [ 135.917045629864134, 33.585470613079096 ], [ 135.916710800663054, 33.584030248244844 ], [ 135.91674503206707, 33.583393184114499 ], [ 135.917444992249898, 33.581428865760657 ], [ 135.917744027403501, 33.580980488391603 ], [ 135.919096282640794, 33.57945391737254 ], [ 135.920963573076364, 33.578262423067116 ] ] ] } },
{ "type": "Feature", "properties": { "CITY_NAME": "那智勝浦町", "S_NAME": "大字粉白", "JINKO": 154, "medical_area": "30_新宮医療圏", "町丁目名": "那智勝浦町大字粉白" }, "geometry": { "type": "Polygon", "coordinates": [ [ [ 135.917887122448036, 33.575213045206254 ], [ 135.918613417692029, 33.575274959930184 ], [ 135.91915421829745, 33.574433397869029 ], [ 135.91984240399043, 33.574397223592101 ], [ 135.921094667851463, 33.574019344767329 ], [ 135.921007495588555, 33.572760342631987 ], [ 135.921639783770473, 33.572759059292963 ], [ 135.921839208163306, 33.572591534560992 ], [ 135.92168204272923, 33.572483234334356 ], [ 135.921728801076597, 33.57199636603093 ], [ 135.921387631721444, 33.571690426795143 ], [ 135.921597929983648, 33.571408228212292 ], [ 135.922023472415475, 33.571323968528539 ], [ 135.922004226676876, 33.571163347382466 ], [ 135.922492214956065, 33.571113218967533 ], [ 135.922594667469326, 33.570974369963238 ], [ 135.922190465546777, 33.570090484833656 ], [ 135.921960895004275, 33.570247286056471 ], [ 135.921658333737952, 33.570133540009763 ], [ 135.921665655210376, 33.570369667826675 ], [ 135.921421231499806, 33.570283853944318 ], [ 135.921223989920719, 33.570421794955109 ], [ 135.921263031434279, 33.570133287822202 ], [ 135.921017562331258, 33.570013096807919 ], [ 135.921256864810715, 33.569809531356398 ], [ 135.921117012579487, 33.569622628289139 ], [ 135.921385226382398, 33.569605893495087 ], [ 135.9213089267285, 33.569419877006666 ], [ 135.921023534829146, 33.569375738531107 ], [ 135.920734605630173, 33.569659576482415 ], [ 135.920781140120823, 33.569426020290145 ], [ 135.920617510889798, 33.56932588645914 ], [ 135.920374893466516, 33.569615952177003 ], [ 135.919799878670972, 33.569445954543447 ], [ 135.919478681727895, 33.569676795555509 ], [ 135.919608127304798, 33.56947118886383 ], [ 135.919226044919185, 33.56916353013046 ], [ 135.919311656531761, 33.569755018003946 ], [ 135.919128327219653, 33.569989329276503 ], [ 135.919157122752296, 33.570295912339525 ], [ 135.918815919070539, 33.570037870257401 ], [ 135.918479417183562, 33.569372955943848 ], [ 135.918494824360607, 33.56902695457763 ], [ 135.918349433252104, 33.569008825301417 ], [ 135.917979354580893, 33.569673835104695 ], [ 135.917862365466334, 33.570361834586862 ], [ 135.917621125709616, 33.57032729767549 ], [ 135.91752571319941, 33.569859216953283 ], [ 135.917221091765811, 33.569653604460122 ], [ 135.914698111326715, 33.571135102331986 ], [ 135.913302334440488, 33.569890693542668 ], [ 135.912739042362915, 33.569857047575077 ], [ 135.912342853257201, 33.569670800841699 ], [ 135.912264561985722, 33.569342769487974 ], [ 135.911617300645673, 33.569266513038336 ], [ 135.910919744604115, 33.56887745616806 ], [ 135.910783307518159, 33.568534730789096 ], [ 135.910995603416467, 33.568432039999429 ], [ 135.91087964261078, 33.568077495329455 ], [ 135.910652583466174, 33.567883476814657 ], [ 135.91042839629003, 33.568027578588584 ], [ 135.909986919758921, 33.567904689618715 ], [ 135.909627736871329, 33.567370765022858 ], [ 135.909676440698064, 33.567147078538007 ], [ 135.905974930761232, 33.567754103466221 ], [ 135.903867578210338, 33.569295175265452 ], [ 135.902565551885743, 33.569352216048259 ], [ 135.901255114048325, 33.568668192765465 ], [ 135.900897350283827, 33.568667910942203 ], [ 135.898376377955543, 33.57141593922605 ], [ 135.89934220764647, 33.571544074020565 ], [ 135.900025981134462, 33.571952334958972 ], [ 135.900204293062615, 33.572446414145894 ], [ 135.900032949155047, 33.573666046761836 ], [ 135.901457396958932, 33.575586275882905 ], [ 135.902368770719221, 33.576470034754671 ], [ 135.903544176383576, 33.577215637591628 ], [ 135.906297751502308, 33.578549599587276 ], [ 135.909219652072608, 33.581559942584825 ], [ 135.910674516408079, 33.582546937145018 ], [ 135.913617854447267, 33.579952802300063 ], [ 135.914858593703855, 33.579114562466131 ], [ 135.915171553676686, 33.578588430899636 ], [ 135.915174804334157, 33.577302448087153 ], [ 135.915485681413173, 33.576883680309329 ], [ 135.916328674776253, 33.57627198733703 ], [ 135.916435825052503, 33.575894493887176 ], [ 135.917887122448036, 33.575213045206254 ] ] ] } },
{ "type": "Feature", "properties": { "CITY_NAME": "那智勝浦町", "S_NAME": "大字粉白", "JINKO": 0, "medical_area": "30_新宮医療圏", "町丁目名": "那智勝浦町大字粉白" }, "geometry": { "type": "Polygon", "coordinates": [ [ [ 135.923200571524632, 33.570347246172723 ], [ 135.922870060951027, 33.570165861530164 ], [ 135.922603931780969, 33.570253043993752 ], [ 135.922751416821029, 33.57034499334906 ], [ 135.923200571524632, 33.570347246172723 ] ] ] } },
{ "type": "Feature", "properties": { "CITY_NAME": "那智勝浦町", "S_NAME": "大字粉白", "JINKO": 0, "medical_area": "30_新宮医療圏", "町丁目名": "那智勝浦町大字粉白" }, "geometry": { "type": "Polygon", "coordinates": [ [ [ 135.918854850581397, 33.568734998425803 ], [ 135.919678296338191, 33.568157628359856 ], [ 135.919397520461644, 33.567790301483178 ], [ 135.919209992583234, 33.567913875071746 ], [ 135.9189386445548, 33.567829730498026 ], [ 135.91812280488989, 33.568337785514792 ], [ 135.918854850581397, 33.568734998425803 ] ] ] } },
{ "type": "Feature", "properties": { "CITY_NAME": "那智勝浦町", "S_NAME": "大字浦神", "JINKO": 342, "medical_area": "30_新宮医療圏", "町丁目名": "那智勝浦町大字浦神" }, "geometry": { "type": "Polygon", "coordinates": [ [ [ 135.893062251087741, 33.572610747225177 ], [ 135.89685393150657, 33.571487397330138 ], [ 135.898376377955543, 33.57141593922605 ], [ 135.900897350283827, 33.568667910942203 ], [ 135.901255114048325, 33.568668192765465 ], [ 135.902565551885743, 33.569352216048259 ], [ 135.903867578210338, 33.569295175265452 ], [ 135.905974930761232, 33.567754103466221 ], [ 135.909323424498155, 33.567282917427868 ], [ 135.909676440698064, 33.567147078538007 ], [ 135.909602451438559, 33.566835956513188 ], [ 135.90942495965291, 33.566623096522925 ], [ 135.909026455767076, 33.56661294630171 ], [ 135.908185793386053, 33.566118964248425 ], [ 135.906288297737603, 33.565854393773442 ], [ 135.90590620641072, 33.565612353197331 ], [ 135.905379243995213, 33.564888100801852 ], [ 135.905563763126565, 33.564579707012655 ], [ 135.90584591221554, 33.564605277917295 ], [ 135.90568558706903, 33.564469910049134 ], [ 135.905892647865329, 33.564225774187534 ], [ 135.90575277390522, 33.564096620564058 ], [ 135.905682725605686, 33.563143636571191 ], [ 135.905931784916788, 33.562905732182301 ], [ 135.905746753705984, 33.56270525733828 ], [ 135.905357723643846, 33.562904454468558 ], [ 135.90474822993599, 33.562815518592849 ], [ 135.904771108723281, 33.562574908029333 ], [ 135.904538680954232, 33.562389892954904 ], [ 135.904087025638006, 33.562732175458891 ], [ 135.902540539304482, 33.562630674187943 ], [ 135.901180648773163, 33.563232870998533 ], [ 135.900781044800851, 33.563259604890057 ], [ 135.900732801570911, 33.563064865835571 ], [ 135.90044092325823, 33.563062943745258 ], [ 135.90039443714528, 33.563216187533854 ], [ 135.8997548634444, 33.563064933353282 ], [ 135.899810197940269, 33.56270967001624 ], [ 135.899330888677696, 33.562739153098029 ], [ 135.898744227163036, 33.562468184887372 ], [ 135.898660100788106, 33.562571806827286 ], [ 135.898292079816457, 33.562296504796223 ], [ 135.898044516024413, 33.561255733724998 ], [ 135.898132255124665, 33.560825822844151 ], [ 135.897962736011863, 33.561188886849827 ], [ 135.896683909626205, 33.560638947587989 ], [ 135.896858628719542, 33.560435089527132 ], [ 135.896484045030178, 33.560258955028246 ], [ 135.896327566493142, 33.560521436033326 ], [ 135.896186531516037, 33.560472573241285 ], [ 135.89624069871391, 33.560207471126787 ], [ 135.895424576426052, 33.560008424879058 ], [ 135.895431128169093, 33.559039984179734 ], [ 135.895611573211426, 33.558552388653908 ], [ 135.896337597614661, 33.558429576127288 ], [ 135.896289323700302, 33.558270617260057 ], [ 135.895651016823166, 33.557989725353259 ], [ 135.895357603216013, 33.558383677593632 ], [ 135.89500861918313, 33.558424806315223 ], [ 135.894765779487358, 33.558853738977866 ], [ 135.893652762175179, 33.558374070219493 ], [ 135.893257904979635, 33.558934457929823 ], [ 135.89209992527779, 33.558240026790479 ], [ 135.891379699927001, 33.558027512387497 ], [ 135.891490801090328, 33.557887005775079 ], [ 135.891361955727035, 33.557573282820151 ], [ 135.891197161837766, 33.557589201188669 ], [ 135.891218214550605, 33.557111336577826 ], [ 135.890396711969089, 33.556746009173281 ], [ 135.889019328182286, 33.555581084304819 ], [ 135.885109408928088, 33.553150105762754 ], [ 135.883652103301927, 33.552859376529284 ], [ 135.88386959834682, 33.55423068015056 ], [ 135.883126460263782, 33.555725623238324 ], [ 135.883328531414264, 33.556763289459816 ], [ 135.882746622040457, 33.557216676462645 ], [ 135.881879251954075, 33.557406619503539 ], [ 135.881743235984601, 33.557682062306576 ], [ 135.881945479762351, 33.558590116829556 ], [ 135.880906987477204, 33.559918525267484 ], [ 135.880828431579431, 33.560680638487774 ], [ 135.881408672167282, 33.561483670311851 ], [ 135.882425496462076, 33.562412212662437 ], [ 135.883331004297673, 33.562174681765441 ], [ 135.883801426739609, 33.561789940811238 ], [ 135.884160692784292, 33.561206727659822 ], [ 135.884339969943028, 33.561182379755131 ], [ 135.884614804121242, 33.562171643487574 ], [ 135.884283996887092, 33.563221209916414 ], [ 135.88436395395621, 33.563669577479416 ], [ 135.884851812637464, 33.563743568901437 ], [ 135.885616298841171, 33.563428970409717 ], [ 135.88582543167405, 33.563577935332901 ], [ 135.885112708222124, 33.564331014936236 ], [ 135.884725183165926, 33.564523388557504 ], [ 135.885059520488852, 33.564988050920014 ], [ 135.884368305125378, 33.565276510025924 ], [ 135.884273292311946, 33.565898568043721 ], [ 135.883242337188307, 33.565831960334165 ], [ 135.883847817989277, 33.567059343715037 ], [ 135.883846645884574, 33.567944378903164 ], [ 135.882977371692164, 33.56829380954435 ], [ 135.882337509724266, 33.569283629165206 ], [ 135.881700554621631, 33.571959834651913 ], [ 135.881773554130916, 33.572170103044826 ], [ 135.88325120183984, 33.572444239506133 ], [ 135.884152198860875, 33.572445074878964 ], [ 135.888416693524505, 33.572019793745383 ], [ 135.893062251087741, 33.572610747225177 ] ] ] } },
{ "type": "Feature", "properties": { "CITY_NAME": "那智勝浦町", "S_NAME": "大字浦神", "JINKO": 0, "medical_area": "30_新宮医療圏", "町丁目名": "那智勝浦町大字浦神" }, "geometry": { "type": "Polygon", "coordinates": [ [ [ 135.909572977003307, 33.566768875189524 ], [ 135.922506190466549, 33.562198025576443 ], [ 135.921124041634613, 33.561979353541794 ], [ 135.920421608250109, 33.562222357846949 ], [ 135.919132525869003, 33.562110514461509 ], [ 135.918736771731091, 33.562626177263375 ], [ 135.918240374409208, 33.562516808605793 ], [ 135.918187422799917, 33.562698796451386 ], [ 135.917989258241278, 33.562692467674218 ], [ 135.91803964094953, 33.562942993455437 ], [ 135.91785014684163, 33.562877216396799 ], [ 135.917796176712443, 33.563001441307577 ], [ 135.917078094657398, 33.562696374742032 ], [ 135.916575096719413, 33.562730134440052 ], [ 135.915664844639309, 33.561806170313929 ], [ 135.915404274935668, 33.561736679657884 ], [ 135.914870943418663, 33.56195102481599 ], [ 135.914449277800173, 33.562511453893308 ], [ 135.914518966719271, 33.562829898494947 ], [ 135.915123054384395, 33.562948371532336 ], [ 135.915210045604169, 33.563200048382974 ], [ 135.914085382207219, 33.563448924872866 ], [ 135.913778670017507, 33.563208930199387 ], [ 135.913801627395571, 33.56287167052637 ], [ 135.913340917786741, 33.562615226257989 ], [ 135.913295081827016, 33.562146334596889 ], [ 135.913456904450101, 33.561877922362385 ], [ 135.913315972914688, 33.561721725988164 ], [ 135.91255079358811, 33.56221625792103 ], [ 135.912330053985869, 33.5621690477874 ], [ 135.912132268717016, 33.561793878511402 ], [ 135.911821109792925, 33.56170095775942 ], [ 135.91146325983695, 33.561973737163754 ], [ 135.910098866989955, 33.561805112687367 ], [ 135.909013060860389, 33.561971134084878 ], [ 135.90789986949747, 33.561560069256878 ], [ 135.907598915208069, 33.560994619920606 ], [ 135.907230888946259, 33.560706662635674 ], [ 135.906289430940575, 33.560859244105316 ], [ 135.90535067303216, 33.560504917360717 ], [ 135.904622630627898, 33.560491966978766 ], [ 135.903604333888126, 33.559051062900267 ], [ 135.901684271344777, 33.557930657327063 ], [ 135.899314628264221, 33.557277877683511 ], [ 135.89746557309175, 33.557203110472827 ], [ 135.896167448792255, 33.556618773981832 ], [ 135.895191567279682, 33.556753211686242 ], [ 135.894614742197945, 33.556406431855009 ], [ 135.891847668150575, 33.555842504279056 ], [ 135.891263750209646, 33.556010497757377 ], [ 135.890864228941837, 33.556848699623934 ], [ 135.891237573454106, 33.557139248131818 ], [ 135.891197161837766, 33.557589201188655 ], [ 135.891361955727035, 33.557573282820151 ], [ 135.891490801090328, 33.557887005775079 ], [ 135.891379699927029, 33.558027512387469 ], [ 135.89209992527779, 33.558240026790472 ], [ 135.893257904979635, 33.558934457929823 ], [ 135.893652762175236, 33.558374070219493 ], [ 135.894765779487358, 33.558853738977874 ], [ 135.895008619183102, 33.558424806315202 ], [ 135.895357603216013, 33.558383677593632 ], [ 135.895651016823166, 33.557989725353266 ], [ 135.896338826398221, 33.558307852032428 ], [ 135.896337597614661, 33.558429576127288 ], [ 135.895611573211397, 33.558552388653879 ], [ 135.89543112816915, 33.559039984179734 ], [ 135.895424576426052, 33.560008424879058 ], [ 135.89624069871391, 33.560207471126787 ], [ 135.89618653151598, 33.560472573241292 ], [ 135.89632756649317, 33.560521436033326 ], [ 135.896484045030178, 33.560258955028239 ], [ 135.896858628719542, 33.560435089527154 ], [ 135.896683909626205, 33.560638947588011 ], [ 135.897962736011863, 33.561188886849862 ], [ 135.898132255124665, 33.560825822844151 ], [ 135.898044516024413, 33.561255733724991 ], [ 135.898188982953656, 33.562046776170718 ], [ 135.898526623132511, 33.562505765508249 ], [ 135.899330888677696, 33.562739153097986 ], [ 135.899787596085872, 33.562699790681371 ], [ 135.8997548634444, 33.563064933353282 ], [ 135.900394437145309, 33.56321618753384 ], [ 135.90044092325823, 33.563062943745258 ], [ 135.900732801570939, 33.563064865835571 ], [ 135.900781044800851, 33.563259604890064 ], [ 135.901666528588038, 33.563115192575154 ], [ 135.902540539304482, 33.562630674187943 ], [ 135.904087025638006, 33.562732175458891 ], [ 135.90449236628865, 33.562394365936129 ], [ 135.904771108723281, 33.562574908029333 ], [ 135.90474822993599, 33.562815518592849 ], [ 135.905357723643846, 33.562904454468558 ], [ 135.905746753705955, 33.56270525733828 ], [ 135.905931784916731, 33.56290573218233 ], [ 135.905682725605686, 33.563143636571191 ], [ 135.90575277390522, 33.564096620564058 ], [ 135.905892647865329, 33.564225774187534 ], [ 135.90568558706903, 33.564469910049134 ], [ 135.90584591221554, 33.564605277917295 ], [ 135.905563763126594, 33.564579707012655 ], [ 135.905379243995213, 33.564888100801838 ], [ 135.90590620641072, 33.565612353197324 ], [ 135.906288297737603, 33.565854393773442 ], [ 135.90818579338611, 33.566118964248425 ], [ 135.909572977003307, 33.566768875189524 ] ] ] } },
{ "type": "Feature", "properties": { "CITY_NAME": "那智勝浦町", "S_NAME": "大字浦神", "JINKO": 192, "medical_area": "30_新宮医療圏", "町丁目名": "那智勝浦町大字浦神" }, "geometry": { "type": "Polygon", "coordinates": [ [ [ 135.915024015301242, 33.562904066155085 ], [ 135.914518966719271, 33.562829898494947 ], [ 135.914462274398858, 33.562435667970007 ], [ 135.914926992211065, 33.561908516614913 ], [ 135.915404274935668, 33.561736679657884 ], [ 135.915664844639309, 33.561806170313929 ], [ 135.916575096719413, 33.562730134440052 ], [ 135.917078094657427, 33.562696374742018 ], [ 135.917733715805326, 33.562996891890812 ], [ 135.91803964094953, 33.562942993455437 ], [ 135.917989258241278, 33.562692467674218 ], [ 135.918187422799917, 33.562698796451386 ], [ 135.918240374409208, 33.56251680860575 ], [ 135.918736771731091, 33.562626177263375 ], [ 135.919089435826947, 33.562120630291545 ], [ 135.920421608250109, 33.562222357846963 ], [ 135.921124041634613, 33.561979353541801 ], [ 135.922494895838611, 33.562184774830079 ], [ 135.923336436339611, 33.56295170883277 ], [ 135.924108421235985, 33.563230851751669 ], [ 135.924194822829151, 33.562960404538771 ], [ 135.923904197110915, 33.562766369787354 ], [ 135.923565454381247, 33.562182052499679 ], [ 135.923924312397475, 33.56194220284258 ], [ 135.923993946616946, 33.56114257811042 ], [ 135.924382885191676, 33.560985021374734 ], [ 135.924355304067944, 33.560504302126077 ], [ 135.924644298197165, 33.560097880025289 ], [ 135.924456940332703, 33.560054655657844 ], [ 135.924439856898402, 33.559884173979022 ], [ 135.924829760236776, 33.559842987244956 ], [ 135.924532660720217, 33.559676845792403 ], [ 135.925015299753767, 33.559503844903325 ], [ 135.924792544936452, 33.559293792090777 ], [ 135.924264867072026, 33.559243882947044 ], [ 135.924226399746743, 33.558902915855832 ], [ 135.923800799714854, 33.5591218766683 ], [ 135.923874310336601, 33.558807181697389 ], [ 135.923494239069754, 33.558695087879478 ], [ 135.923503789964144, 33.558853730599047 ], [ 135.923166778924582, 33.558757158907113 ], [ 135.92319351922157, 33.558963714407696 ], [ 135.922702160175248, 33.559254482187505 ], [ 135.922573679887904, 33.559605208993069 ], [ 135.922342312939691, 33.55939965403369 ], [ 135.921527940768584, 33.55959751504831 ], [ 135.92110480779624, 33.559462845842091 ], [ 135.920716970498262, 33.559598696635227 ], [ 135.918900233330049, 33.559465950700371 ], [ 135.91873019972644, 33.559326082641228 ], [ 135.918766085520048, 33.558963466600687 ], [ 135.918092989528674, 33.558951477806843 ], [ 135.917051544245169, 33.55784625583744 ], [ 135.91670781181935, 33.55803622309309 ], [ 135.916362349037428, 33.557787191566639 ], [ 135.916257458843802, 33.557120735228047 ], [ 135.915231156163202, 33.557088490490464 ], [ 135.915191653352991, 33.556743014178991 ], [ 135.915722849951919, 33.556472026701947 ], [ 135.915837548837374, 33.555918424829663 ], [ 135.916031564747641, 33.555746393179554 ], [ 135.916035932384261, 33.554580712860229 ], [ 135.916661721130907, 33.554477435556265 ], [ 135.916888381141803, 33.553951801374069 ], [ 135.917357019977771, 33.553759940886714 ], [ 135.917327125327432, 33.553493085309896 ], [ 135.91706340964447, 33.553363015829355 ], [ 135.917199313479557, 33.553137685931745 ], [ 135.916672806724279, 33.553032803236256 ], [ 135.91671497218627, 33.552862357473565 ], [ 135.917227611746313, 33.552817609663805 ], [ 135.916820787583589, 33.552566001278741 ], [ 135.915958224922207, 33.552537254780788 ], [ 135.915913228240868, 33.552298281138306 ], [ 135.915735455964523, 33.552387485743061 ], [ 135.915409335961272, 33.552200734551775 ], [ 135.914911706880986, 33.552314801272324 ], [ 135.914899509896657, 33.552675462695532 ], [ 135.914533555120329, 33.552482201148443 ], [ 135.914484729131772, 33.552857489894436 ], [ 135.912984947468004, 33.552520031127834 ], [ 135.912874270558007, 33.552277349216176 ], [ 135.912684562803236, 33.552453044720188 ], [ 135.911918891301895, 33.552455331994857 ], [ 135.91217452766611, 33.552043275719043 ], [ 135.912219188391447, 33.551534988810452 ], [ 135.912837860213216, 33.550986241267005 ], [ 135.912728267849275, 33.55073369745093 ], [ 135.912884727640034, 33.550417373575435 ], [ 135.9126209313267, 33.550381125226131 ], [ 135.913302958953608, 33.550008244544664 ], [ 135.913166391530382, 33.549809783048453 ], [ 135.912700121668195, 33.549801291270612 ], [ 135.913087984448907, 33.54960600702158 ], [ 135.912585688329699, 33.549004077709768 ], [ 135.912159125610884, 33.549132835358968 ], [ 135.911955247168919, 33.549486881928175 ], [ 135.911609608823284, 33.549453392545097 ], [ 135.911034277616238, 33.5497415256484 ], [ 135.909449692792606, 33.549204753004034 ], [ 135.908947086849537, 33.54996629863534 ], [ 135.908873265400445, 33.549500193467104 ], [ 135.90830771184531, 33.54864939010713 ], [ 135.907293432098442, 33.548544101623847 ], [ 135.906911831749937, 33.548912657186079 ], [ 135.906361612793376, 33.548863497730402 ], [ 135.90603570402584, 33.548499766623699 ], [ 135.906341643766183, 33.548397431989166 ], [ 135.906492705780693, 33.548112392234749 ], [ 135.906157810860606, 33.548111295753692 ], [ 135.905967440215449, 33.547892214956214 ], [ 135.906001529349965, 33.547225850649895 ], [ 135.904216593711823, 33.546802398178073 ], [ 135.904316181615343, 33.546326561596736 ], [ 135.903877800106301, 33.546427944686847 ], [ 135.903326798975144, 33.546120951286504 ], [ 135.90214908789801, 33.545825299999883 ], [ 135.902085084842469, 33.545280584886832 ], [ 135.90186877895087, 33.545155027207862 ], [ 135.901660556097255, 33.545512994298683 ], [ 135.901191016916584, 33.545558552627114 ], [ 135.900816480647194, 33.545377075900539 ], [ 135.900069744492953, 33.545821678659422 ], [ 135.899375178903114, 33.545835772367496 ], [ 135.899122555276335, 33.546305281326362 ], [ 135.898262569912958, 33.546710050532639 ], [ 135.898057367884036, 33.547167197706912 ], [ 135.89727672644068, 33.547893806668178 ], [ 135.896140258031153, 33.548429920253746 ], [ 135.895829564994727, 33.549017435751225 ], [ 135.895845707728824, 33.549708352093141 ], [ 135.895249423031913, 33.550129383261378 ], [ 135.894621795746815, 33.551423313655839 ], [ 135.894631196095446, 33.552308366144118 ], [ 135.89448449859853, 33.55245729924156 ], [ 135.893857014521018, 33.552088775599991 ], [ 135.892810655715351, 33.551930092193523 ], [ 135.89260135500237, 33.551921178467929 ], [ 135.892245072558893, 33.552288866794846 ], [ 135.891560124227055, 33.551854346268598 ], [ 135.890670370273426, 33.552002629543985 ], [ 135.889727906006414, 33.55245743035087 ], [ 135.889048022937232, 33.552158995198283 ], [ 135.888660443522895, 33.552430280558532 ], [ 135.887823460271107, 33.552228066142156 ], [ 135.88759304956119, 33.552359165980612 ], [ 135.885940489794365, 33.551604207454012 ], [ 135.885627115500682, 33.551148291787491 ], [ 135.884188704635164, 33.550713035296404 ], [ 135.88345049611894, 33.550752644486842 ], [ 135.883652103301927, 33.552859376529284 ], [ 135.885109408928088, 33.553150105762754 ], [ 135.889019328182286, 33.555581084304819 ], [ 135.890396711969089, 33.556746009173281 ], [ 135.890891101056184, 33.556890143862574 ], [ 135.891266985634758, 33.556005147473414 ], [ 135.891805672091607, 33.555835141985575 ], [ 135.894614742197945, 33.556406431855009 ], [ 135.895191567279682, 33.556753211686221 ], [ 135.896167448792255, 33.556618773981832 ], [ 135.89746557309175, 33.557203110472827 ], [ 135.899647325351481, 33.557344643726751 ], [ 135.901766084908559, 33.557958617539896 ], [ 135.903604333888126, 33.559051062900267 ], [ 135.904637705922738, 33.560498177389469 ], [ 135.905350673032189, 33.560504917360717 ], [ 135.906289430940575, 33.560859244105316 ], [ 135.907230888946259, 33.560706662635695 ], [ 135.907598915208069, 33.560994619920606 ], [ 135.90789986949747, 33.561560069256878 ], [ 135.909057211713872, 33.561978492002879 ], [ 135.910098866989955, 33.561805112687381 ], [ 135.911463259836921, 33.561973737163754 ], [ 135.911821109792925, 33.56170095775942 ], [ 135.91213226871696, 33.561793878511388 ], [ 135.912330053985869, 33.562169047787378 ], [ 135.91255079358811, 33.562216257921023 ], [ 135.91331597291466, 33.561721725988164 ], [ 135.913456904450101, 33.56187792236237 ], [ 135.913295081827016, 33.562146334596875 ], [ 135.913340917786741, 33.562615226258004 ], [ 135.913801627395571, 33.562871670526377 ], [ 135.913756108633692, 33.563151997701411 ], [ 135.913960502919878, 33.56339192188441 ], [ 135.915057009622046, 33.563302507652601 ], [ 135.915229512880131, 33.563121449043763 ], [ 135.915024015301242, 33.562904066155085 ] ] ] } },
{ "type": "Feature", "properties": { "CITY_NAME": "那智勝浦町", "S_NAME": "大字浦神", "JINKO": 0, "medical_area": "30_新宮医療圏", "町丁目名": "那智勝浦町大字浦神" }, "geometry": { "type": "Polygon", "coordinates": [ [ [ 135.913135934887833, 33.549029814712853 ], [ 135.9135283168022, 33.548614466589129 ], [ 135.913239851596757, 33.548485217980293 ], [ 135.913235739539374, 33.548288537615186 ], [ 135.912982659206875, 33.548310906484289 ], [ 135.912772443019179, 33.54854435271325 ], [ 135.913135934887833, 33.549029814712853 ] ] ] } },
{ "type": "Feature", "properties": { "CITY_NAME": "那智勝浦町", "S_NAME": "大字浦神", "JINKO": 0, "medical_area": "30_新宮医療圏", "町丁目名": "那智勝浦町大字浦神" }, "geometry": { "type": "Polygon", "coordinates": [ [ [ 135.924466984786761, 33.558422639244192 ], [ 135.924493655507973, 33.558712035537482 ], [ 135.92480174157464, 33.558631914832411 ], [ 135.92466400863691, 33.558491228669418 ], [ 135.924466984786761, 33.558422639244192 ] ] ] } },
{ "type": "Feature", "properties": { "CITY_NAME": "太地町", "S_NAME": "大字太地", "JINKO": 1315, "medical_area": "30_新宮医療圏", "町丁目名": "太地町大字太地" }, "geometry": { "type": "Polygon", "coordinates": [ [ [ 135.962607185327897, 33.595757060104475 ], [ 135.96287661714905, 33.595593150615734 ], [ 135.962690385717082, 33.595205379960738 ], [ 135.963058774470767, 33.595435413631385 ], [ 135.963285032401558, 33.595449005347895 ], [ 135.963284008249417, 33.595319109735428 ], [ 135.962787466109376, 33.594945616913357 ], [ 135.961765022159653, 33.594837953829945 ], [ 135.961658514613504, 33.594479226473347 ], [ 135.961846043939005, 33.59434938821564 ], [ 135.961138249962261, 33.594171371791298 ], [ 135.960767798265096, 33.593763815179187 ], [ 135.960899452091951, 33.593300344073867 ], [ 135.961187197004591, 33.593131935082909 ], [ 135.960889975073769, 33.592805269153544 ], [ 135.960920400390563, 33.592232720278538 ], [ 135.961073456912118, 33.592085120292772 ], [ 135.961542084084812, 33.592185295169912 ], [ 135.961681204172692, 33.591884124493063 ], [ 135.961217934968715, 33.591852422647399 ], [ 135.961537976778573, 33.591729106337027 ], [ 135.961474481768789, 33.591569323159433 ], [ 135.960764506392195, 33.59149893975966 ], [ 135.961222488491785, 33.591301562512548 ], [ 135.961092309172273, 33.590887599811879 ], [ 135.95985247373477, 33.590359730197378 ], [ 135.959661022260548, 33.58966087589878 ], [ 135.959709737202587, 33.589155957848284 ], [ 135.95963766998122, 33.588903467658426 ], [ 135.959488985117247, 33.588921453454816 ], [ 135.95932556962191, 33.588182033583962 ], [ 135.959496951350872, 33.5880034456328 ], [ 135.958906832383093, 33.587429851819145 ], [ 135.958853190155054, 33.586951950610768 ], [ 135.959098832355124, 33.586930333169938 ], [ 135.959284307424895, 33.586566344627855 ], [ 135.958980720680444, 33.586090053947409 ], [ 135.95923516271796, 33.585683540977818 ], [ 135.958988493373624, 33.585604002114728 ], [ 135.958950950853989, 33.585256848145129 ], [ 135.958157240002777, 33.58468036690531 ], [ 135.958336244171704, 33.584327930837667 ], [ 135.958020536254878, 33.584444197734427 ], [ 135.957829981402, 33.5841772980691 ], [ 135.957782777500228, 33.58377237698538 ], [ 135.957998399708998, 33.583437986849596 ], [ 135.959340938175188, 33.582957721757317 ], [ 135.959225786856962, 33.582703527371748 ], [ 135.959824904910306, 33.582392643947536 ], [ 135.959386726140707, 33.581795429866851 ], [ 135.959207862054683, 33.581876522804073 ], [ 135.958841717938895, 33.581599705741638 ], [ 135.958721023012657, 33.581683634472732 ], [ 135.958801731767579, 33.581867375383084 ], [ 135.958491489516888, 33.581837689195069 ], [ 135.957662403022454, 33.580978014365535 ], [ 135.958005027335616, 33.580868237094755 ], [ 135.957719586216683, 33.580796854011282 ], [ 135.957562458318364, 33.580481218130515 ], [ 135.957196166947483, 33.580526178908094 ], [ 135.956964675930351, 33.580282650685668 ], [ 135.95666519783407, 33.580282549105569 ], [ 135.956663103431367, 33.580161669170337 ], [ 135.956373334582707, 33.580136492027869 ], [ 135.956357283060271, 33.579922622874051 ], [ 135.956151478067994, 33.580018071975012 ], [ 135.956073008732034, 33.579681046798918 ], [ 135.955995346607466, 33.579878259679923 ], [ 135.955292128885787, 33.579431689389082 ], [ 135.954520109866252, 33.578726424958589 ], [ 135.954424331938952, 33.578544366676873 ], [ 135.954594638720948, 33.578343242829625 ], [ 135.954429894762939, 33.578208779055259 ], [ 135.954028175982586, 33.578040979432821 ], [ 135.953903045424028, 33.5783601829324 ], [ 135.953415098250474, 33.578282517252312 ], [ 135.952981966712287, 33.578440996055136 ], [ 135.9528419474712, 33.578401213980428 ], [ 135.95308438740733, 33.578284086354586 ], [ 135.953059701088733, 33.578116423169682 ], [ 135.952792600380036, 33.578023339389816 ], [ 135.952653571711153, 33.578145013422628 ], [ 135.952713791643106, 33.578329032712155 ], [ 135.952386236752716, 33.578467824399553 ], [ 135.952344321456707, 33.578293673774652 ], [ 135.952031893199091, 33.578347656599455 ], [ 135.951909187957682, 33.578170938332946 ], [ 135.952108555359558, 33.578028436712486 ], [ 135.952043989654754, 33.577905841881595 ], [ 135.951230658950294, 33.577944416988515 ], [ 135.95085375378352, 33.577724206854533 ], [ 135.95066517600273, 33.577834025043728 ], [ 135.95062406244304, 33.578140577577685 ], [ 135.95081554238368, 33.578616845909579 ], [ 135.950402773553066, 33.578937622676307 ], [ 135.949845794113799, 33.579020525614666 ], [ 135.949622016377845, 33.578516350007241 ], [ 135.949239674513592, 33.578383483177049 ], [ 135.949066107286711, 33.578616156144854 ], [ 135.94939884496543, 33.578836352584709 ], [ 135.949065968251176, 33.578853406864205 ], [ 135.949147674185383, 33.579127320572084 ], [ 135.948958082054673, 33.579129217377172 ], [ 135.948890078389809, 33.579357141764781 ], [ 135.947226629105359, 33.579651474362883 ], [ 135.946916402404185, 33.579620630670526 ], [ 135.946953116365592, 33.579475534927823 ], [ 135.946738760621542, 33.579450929878867 ], [ 135.946790561217881, 33.579295978024824 ], [ 135.946603103105275, 33.579326612183308 ], [ 135.946757315389874, 33.579051669514655 ], [ 135.94616455159894, 33.579505912738469 ], [ 135.946075233712435, 33.579358790229016 ], [ 135.945485966140552, 33.579379387427444 ], [ 135.94533964539059, 33.579085155133775 ], [ 135.944898088766024, 33.578909137287702 ], [ 135.94482922125357, 33.578791890305894 ], [ 135.944993036963268, 33.578675872458625 ], [ 135.944866128677944, 33.578348398612022 ], [ 135.943542702629003, 33.5792503250034 ], [ 135.942579598677867, 33.579325684891174 ], [ 135.94228026107848, 33.57911731897979 ], [ 135.942483002181632, 33.578791964958604 ], [ 135.942158763423464, 33.578776319113402 ], [ 135.941868846991127, 33.578985541254646 ], [ 135.941603887927101, 33.578922301405157 ], [ 135.941274458521036, 33.578618960914199 ], [ 135.93992131764594, 33.578162694630912 ], [ 135.939109271734509, 33.578498175754603 ], [ 135.939164297626803, 33.578957773400212 ], [ 135.938239417397426, 33.579024665994517 ], [ 135.937127520933615, 33.579383374434428 ], [ 135.936873342831063, 33.580027944656678 ], [ 135.937059606587951, 33.580778964688328 ], [ 135.93733136012267, 33.581323486177304 ], [ 135.937727919276966, 33.58151275182982 ], [ 135.938263851126038, 33.582407362527093 ], [ 135.938390933213697, 33.583227383588799 ], [ 135.939089063839134, 33.584233368154813 ], [ 135.939138838364897, 33.584611248491704 ], [ 135.941508625728176, 33.586236211735503 ], [ 135.942068069304582, 33.587244075499875 ], [ 135.943299745910025, 33.587615998420169 ], [ 135.943907419110388, 33.586534836854582 ], [ 135.944757076190427, 33.586633825927606 ], [ 135.944730727402856, 33.587347535098502 ], [ 135.945656844039974, 33.588252128891448 ], [ 135.947334234434464, 33.587943166531176 ], [ 135.949214857492706, 33.589205421989142 ], [ 135.949240110013903, 33.589303205691749 ], [ 135.948870012066976, 33.589236840516627 ], [ 135.949344235422842, 33.589797753919953 ], [ 135.949711923581987, 33.589766906840666 ], [ 135.949813473301418, 33.590236093378635 ], [ 135.949013893150891, 33.59050908798465 ], [ 135.950113892069908, 33.590533761784442 ], [ 135.950174108859471, 33.590740323422018 ], [ 135.950446128025902, 33.589824396976134 ], [ 135.953770312030116, 33.590969931460414 ], [ 135.95418402447055, 33.590979944300727 ], [ 135.955951659915456, 33.591707262412541 ], [ 135.956170160384033, 33.592131966396124 ], [ 135.956776684459385, 33.592244884758109 ], [ 135.957058706877177, 33.592770765420966 ], [ 135.957477781983101, 33.592849240294832 ], [ 135.958019436957699, 33.593441986931516 ], [ 135.958466442694203, 33.593704463728891 ], [ 135.959250752988765, 33.593827291836945 ], [ 135.959516779384955, 33.594036733197861 ], [ 135.959537151296786, 33.594248631480198 ], [ 135.960756540505059, 33.594838485508134 ], [ 135.961024680742582, 33.59515415236509 ], [ 135.962297130377721, 33.595179057765549 ], [ 135.962083674944353, 33.595461043954955 ], [ 135.962234470783159, 33.595569289231719 ], [ 135.961988823699812, 33.595541319982985 ], [ 135.961984451556731, 33.595687556526144 ], [ 135.962429462857642, 33.595624574960247 ], [ 135.962607185327897, 33.595757060104475 ] ] ] } },
{ "type": "Feature", "properties": { "CITY_NAME": "太地町", "S_NAME": "大字太地", "JINKO": 0, "medical_area": "30_新宮医療圏", "町丁目名": "太地町大字太地" }, "geometry": { "type": "Polygon", "coordinates": [ [ [ 135.961145883296638, 33.581887285898695 ], [ 135.961152530816605, 33.581477875019374 ], [ 135.961005828474441, 33.581740157299919 ], [ 135.960618155997821, 33.581577734344684 ], [ 135.960775314147668, 33.581855610637 ], [ 135.961347254306958, 33.582065710646489 ], [ 135.961145883296638, 33.581887285898695 ] ] ] } },
{ "type": "Feature", "properties": { "CITY_NAME": "太地町", "S_NAME": "大字太地", "JINKO": 0, "medical_area": "30_新宮医療圏", "町丁目名": "太地町大字太地" }, "geometry": { "type": "Polygon", "coordinates": [ [ [ 135.944786517785047, 33.578187753283061 ], [ 135.94515515329627, 33.577840771116279 ], [ 135.944883743311465, 33.577758656990824 ], [ 135.944323375473203, 33.578085829370046 ], [ 135.944692883794346, 33.578060633203592 ], [ 135.944786517785047, 33.578187753283061 ] ] ] } },
{ "type": "Feature", "properties": { "CITY_NAME": "太地町", "S_NAME": "大字太地", "JINKO": 172, "medical_area": "30_新宮医療圏", "町丁目名": "太地町大字太地" }, "geometry": { "type": "Polygon", "coordinates": [ [ [ 135.948458715822284, 33.590468286587303 ], [ 135.948131912015327, 33.59044194803954 ], [ 135.948040892603558, 33.589751575326339 ], [ 135.949311270354258, 33.589618816373267 ], [ 135.948870012066976, 33.589236840516627 ], [ 135.949240110013903, 33.589303205691749 ], [ 135.949214857492706, 33.589205421989142 ], [ 135.947334234434464, 33.587943166531176 ], [ 135.946189244841719, 33.588128656844617 ], [ 135.946233985058541, 33.589257725135731 ], [ 135.94660944637991, 33.589264081657859 ], [ 135.946506110060682, 33.589611178010962 ], [ 135.946655906077524, 33.589603068883477 ], [ 135.946668185638401, 33.589748466923162 ], [ 135.946376132329448, 33.589933748527606 ], [ 135.946622345070239, 33.59040891467339 ], [ 135.946801329040881, 33.590382785574654 ], [ 135.946894302653902, 33.591045545539004 ], [ 135.94623073960625, 33.591367610502964 ], [ 135.946942931691808, 33.591056836598611 ], [ 135.946886771368582, 33.590636977059297 ], [ 135.948458715822284, 33.590468286587303 ] ] ] } },
{ "type": "Feature", "properties": { "CITY_NAME": "太地町", "S_NAME": "大字太地", "JINKO": 131, "medical_area": "30_新宮医療圏", "町丁目名": "太地町大字太地" }, "geometry": { "type": "Polygon", "coordinates": [ [ [ 135.946622345070239, 33.59040891467339 ], [ 135.946358834515252, 33.5898590729849 ], [ 135.946668185638401, 33.589748466923162 ], [ 135.946655906077524, 33.589603068883477 ], [ 135.946506110060682, 33.589611178010962 ], [ 135.94660944637991, 33.589264081657859 ], [ 135.946233985058541, 33.589257725135731 ], [ 135.946189244841719, 33.588128656844617 ], [ 135.945656844039974, 33.588252128891448 ], [ 135.945664335871044, 33.588723531074677 ], [ 135.945317668740216, 33.589372860973228 ], [ 135.945512162439599, 33.589433523982834 ], [ 135.945260842743664, 33.589508649188389 ], [ 135.945456646526651, 33.589578893009076 ], [ 135.945543506779245, 33.589836185716152 ], [ 135.94521590754934, 33.590328577192999 ], [ 135.945221585675085, 33.590585834010383 ], [ 135.945460734873706, 33.590792473877883 ], [ 135.945937382879748, 33.590735760031833 ], [ 135.946371228324097, 33.590680716888428 ], [ 135.946338294476504, 33.59045275127324 ], [ 135.946622345070239, 33.59040891467339 ] ] ] } },
{ "type": "Feature", "properties": { "CITY_NAME": "太地町", "S_NAME": "大字太地", "JINKO": 222, "medical_area": "30_新宮医療圏", "町丁目名": "太地町大字太地" }, "geometry": { "type": "Polygon", "coordinates": [ [ [ 135.945221585675085, 33.590585834010383 ], [ 135.945543506779245, 33.589836185716152 ], [ 135.945456646526651, 33.589578893009076 ], [ 135.945260842743664, 33.589508649188389 ], [ 135.945512162439599, 33.589433523982834 ], [ 135.945317668740216, 33.589372860973228 ], [ 135.945740424333422, 33.5883685344509 ], [ 135.944730727402856, 33.587347535098502 ], [ 135.944757076190427, 33.586633825927606 ], [ 135.943907419110388, 33.586534836854582 ], [ 135.943299745910025, 33.587615998420169 ], [ 135.942068069304582, 33.587244075499875 ], [ 135.941508625728176, 33.586236211735503 ], [ 135.939138838364897, 33.584611248491704 ], [ 135.938301981137585, 33.58504590226967 ], [ 135.938075291656276, 33.585345034903511 ], [ 135.938237022765321, 33.585563205637065 ], [ 135.938149262485126, 33.585733072609749 ], [ 135.93761168706942, 33.585950902740187 ], [ 135.937380574690849, 33.586572380687059 ], [ 135.936810306759838, 33.587350060736604 ], [ 135.936368669123055, 33.588853630791156 ], [ 135.935335306717093, 33.588860716283804 ], [ 135.935132961828344, 33.588998960994296 ], [ 135.936425088625214, 33.590843213161868 ], [ 135.94019706980103, 33.590597656882252 ], [ 135.940867409679754, 33.590204341927482 ], [ 135.942454850266898, 33.590083627991696 ], [ 135.944402827428775, 33.590215798330306 ], [ 135.944630066851857, 33.590798594998354 ], [ 135.94546069003357, 33.590864324365441 ], [ 135.945221585675085, 33.590585834010383 ] ] ] } },
{ "type": "Feature", "properties": { "CITY_NAME": "太地町", "S_NAME": "大字太地", "JINKO": 101, "medical_area": "30_新宮医療圏", "町丁目名": "太地町大字太地" }, "geometry": { "type": "Polygon", "coordinates": [ [ [ 135.944711356676635, 33.593049961650955 ], [ 135.945173859792078, 33.592592006932193 ], [ 135.945661851881795, 33.592709432953924 ], [ 135.945490600642131, 33.592619193384373 ], [ 135.945635110658372, 33.592397503954416 ], [ 135.94546069003357, 33.590864324365441 ], [ 135.944630066851857, 33.590798594998354 ], [ 135.944402827428775, 33.590215798330306 ], [ 135.942454850266898, 33.590083627991696 ], [ 135.942683615068319, 33.590880571751015 ], [ 135.943958396490331, 33.591801959901659 ], [ 135.944005128934066, 33.592720827952576 ], [ 135.944711356676635, 33.593049961650955 ] ] ] } },
{ "type": "Feature", "properties": { "CITY_NAME": "太地町", "S_NAME": "大字太地", "JINKO": 233, "medical_area": "30_新宮医療圏", "町丁目名": "太地町大字太地" }, "geometry": { "type": "Polygon", "coordinates": [ [ [ 135.943014293147428, 33.593253772356256 ], [ 135.943999985025044, 33.593482445095646 ], [ 135.944421327599656, 33.593372741306979 ], [ 135.944711356676635, 33.593049961650955 ], [ 135.944005128934066, 33.592720827952576 ], [ 135.943958396490331, 33.591801959901659 ], [ 135.942683615068319, 33.590880571751015 ], [ 135.942454850266898, 33.590083627991696 ], [ 135.940867409679754, 33.590204341927482 ], [ 135.94019706980103, 33.590597656882252 ], [ 135.936425088625214, 33.590843213161868 ], [ 135.939613068447557, 33.595129326047243 ], [ 135.939955495815667, 33.5977961282235 ], [ 135.941709097706081, 33.597027728869442 ], [ 135.943096290237293, 33.595309024395654 ], [ 135.942973748177991, 33.595079329967781 ], [ 135.943300178101225, 33.59490168119595 ], [ 135.943237670608994, 33.59393265294802 ], [ 135.94279525466996, 33.593750712335257 ], [ 135.943014293147428, 33.593253772356256 ] ] ] } },
{ "type": "Feature", "properties": { "CITY_NAME": "太地町", "S_NAME": "大字太地", "JINKO": 0, "medical_area": "30_新宮医療圏", "町丁目名": "太地町大字太地" }, "geometry": { "type": "Polygon", "coordinates": [ [ [ 135.952349028000611, 33.601257326015478 ], [ 135.951974163723094, 33.601046982118127 ], [ 135.951712253551932, 33.601185790293073 ], [ 135.952159322642331, 33.601369959277456 ], [ 135.952349028000611, 33.601257326015478 ] ] ] } },
{ "type": "Feature", "properties": { "CITY_NAME": "太地町", "S_NAME": "大字太地", "JINKO": 0, "medical_area": "30_新宮医療圏", "町丁目名": "太地町大字太地" }, "geometry": { "type": "Polygon", "coordinates": [ [ [ 135.951527114933043, 33.600829564130215 ], [ 135.951463445775232, 33.601005361637249 ], [ 135.951571148460658, 33.601093878849973 ], [ 135.951625134388451, 33.600893564299462 ], [ 135.951527114933043, 33.600829564130215 ] ] ] } },
{ "type": "Feature", "properties": { "CITY_NAME": "太地町", "S_NAME": "大字太地", "JINKO": 0, "medical_area": "30_新宮医療圏", "町丁目名": "太地町大字太地" }, "geometry": { "type": "Polygon", "coordinates": [ [ [ 135.950841683556092, 33.601076402638007 ], [ 135.950723348312977, 33.600734571750785 ], [ 135.950312738377306, 33.600871345518833 ], [ 135.950841683556092, 33.601076402638007 ] ] ] } },
{ "type": "Feature", "properties": { "CITY_NAME": "太地町", "S_NAME": "大字太地", "JINKO": 0, "medical_area": "30_新宮医療圏", "町丁目名": "太地町大字太地" }, "geometry": { "type": "Polygon", "coordinates": [ [ [ 135.951074617141074, 33.600726540978236 ], [ 135.951061596295432, 33.600895313591522 ], [ 135.95140636158547, 33.60096561054786 ], [ 135.951362246195316, 33.600850349924364 ], [ 135.951074617141074, 33.600726540978236 ] ] ] } },
{ "type": "Feature", "properties": { "CITY_NAME": "太地町", "S_NAME": "大字太地", "JINKO": 0, "medical_area": "30_新宮医療圏", "町丁目名": "太地町大字太地" }, "geometry": { "type": "Polygon", "coordinates": [ [ [ 135.948788243853556, 33.596841463121237 ], [ 135.948393962866476, 33.596718450050332 ], [ 135.948338990540435, 33.596762665095085 ], [ 135.948788243853556, 33.596841463121237 ] ] ] } },
{ "type": "Feature", "properties": { "CITY_NAME": "太地町", "S_NAME": "大字太地", "JINKO": 0, "medical_area": "30_新宮医療圏", "町丁目名": "太地町大字太地" }, "geometry": { "type": "Polygon", "coordinates": [ [ [ 135.948239951105876, 33.594777295652435 ], [ 135.949101784274859, 33.59498052367455 ], [ 135.949051254121713, 33.594798197754159 ], [ 135.948239951105876, 33.594777295652435 ] ] ] } },
{ "type": "Feature", "properties": { "CITY_NAME": "太地町", "S_NAME": "大字太地", "JINKO": 377, "medical_area": "30_新宮医療圏", "町丁目名": "太地町大字太地" }, "geometry": { "type": "Polygon", "coordinates": [ [ [ 135.945281505651707, 33.604844695138411 ], [ 135.945023063488861, 33.604573237653121 ], [ 135.945615883728465, 33.60431116607122 ], [ 135.946120097965007, 33.604445785655287 ], [ 135.946541585150925, 33.604174337443389 ], [ 135.946708475159426, 33.604386299290368 ], [ 135.947827141324268, 33.604119091853022 ], [ 135.948114786128201, 33.604216706549373 ], [ 135.948406101333234, 33.603585663211135 ], [ 135.948736995068487, 33.603441535475014 ], [ 135.948586431169559, 33.602941900810599 ], [ 135.948823598361656, 33.602754343721095 ], [ 135.948949905598113, 33.602351470668069 ], [ 135.948832565858083, 33.602153058459713 ], [ 135.948242063787603, 33.602185213739062 ], [ 135.947676587445528, 33.601804590355911 ], [ 135.947649754978471, 33.601626785214791 ], [ 135.947970864878215, 33.601608888379872 ], [ 135.947822383629642, 33.601246474505906 ], [ 135.947431453187761, 33.600900863323631 ], [ 135.947510260372354, 33.600647588820983 ], [ 135.947279930534506, 33.600219206484766 ], [ 135.947539645058299, 33.600160709817978 ], [ 135.947582854642434, 33.599976735559764 ], [ 135.947128199306434, 33.599889194747981 ], [ 135.947099015952517, 33.600037109070321 ], [ 135.946074537052766, 33.599676862092586 ], [ 135.945516305614319, 33.599814405843148 ], [ 135.945362322616035, 33.599657677522949 ], [ 135.945551087740739, 33.5993286562829 ], [ 135.945349785920911, 33.599020036197849 ], [ 135.945494318843515, 33.598776652773303 ], [ 135.946348520380553, 33.599183605919066 ], [ 135.946276585225093, 33.598758954644275 ], [ 135.946402675016458, 33.598722942120062 ], [ 135.946960508871939, 33.599223593586757 ], [ 135.947511201772045, 33.599066882324628 ], [ 135.947112617859091, 33.598920758397568 ], [ 135.947016253704163, 33.597906360751608 ], [ 135.946645674932142, 33.597788145460875 ], [ 135.946618977831093, 33.597392252424122 ], [ 135.946120233589568, 33.597184660878881 ], [ 135.946260765344164, 33.596428179462386 ], [ 135.94663999172289, 33.596495118310408 ], [ 135.946716552193749, 33.596395968997733 ], [ 135.94656253344445, 33.596295877508773 ], [ 135.946760819813903, 33.596245524608634 ], [ 135.94665637898072, 33.596122630526416 ], [ 135.947390127973762, 33.596119558489889 ], [ 135.947596025554702, 33.595947204404297 ], [ 135.947567154788658, 33.595573006831295 ], [ 135.947302290429889, 33.595256472440852 ], [ 135.947754969570269, 33.595000536156363 ], [ 135.947948826297107, 33.595140373726053 ], [ 135.948220421835344, 33.595008901867779 ], [ 135.948258230075083, 33.594844081984398 ], [ 135.947997599295149, 33.594656315460568 ], [ 135.94844491018722, 33.594361770167403 ], [ 135.947712397090726, 33.59412421620744 ], [ 135.947581015930098, 33.594020470128612 ], [ 135.947666243234323, 33.593834820482734 ], [ 135.948439818754338, 33.593861345792675 ], [ 135.948544413306564, 33.593722477139075 ], [ 135.948920370210629, 33.593831675412794 ], [ 135.948653301911037, 33.59360784120512 ], [ 135.948803086733136, 33.593567327795597 ], [ 135.948687893013926, 33.593409489765655 ], [ 135.949002503963754, 33.59340708298668 ], [ 135.948847479418873, 33.593196819753494 ], [ 135.948454280272699, 33.593096629793038 ], [ 135.948788467915733, 33.592776676900662 ], [ 135.948777822463484, 33.592557455944224 ], [ 135.948574158668777, 33.592606119162056 ], [ 135.949038925251756, 33.591920199881031 ], [ 135.950204968782685, 33.591412074599617 ], [ 135.948958136760524, 33.591891426534318 ], [ 135.948616364664247, 33.592295907822219 ], [ 135.947926744402167, 33.592427491172685 ], [ 135.946744906268464, 33.592291747369181 ], [ 135.946277168321302, 33.592525981942103 ], [ 135.945797153016173, 33.593440962790609 ], [ 135.945354316355207, 33.593465850253452 ], [ 135.944527594895789, 33.593997469265652 ], [ 135.943237670608994, 33.59393265294802 ], [ 135.943300178101225, 33.59490168119595 ], [ 135.942973748177991, 33.595079329967781 ], [ 135.943096290237293, 33.595309024395654 ], [ 135.941709097706081, 33.597027728869442 ], [ 135.939955495815667, 33.5977961282235 ], [ 135.940425223891964, 33.599078388172245 ], [ 135.941113489751075, 33.599490935890856 ], [ 135.939822305530015, 33.600754611965336 ], [ 135.942626681788909, 33.602776179593292 ], [ 135.9424068518436, 33.60279749394509 ], [ 135.942799007164922, 33.602899671126956 ], [ 135.942451858836165, 33.603182689156689 ], [ 135.942834552552597, 33.602925046129691 ], [ 135.94403329644291, 33.603788355251531 ], [ 135.944059067554406, 33.603926434071226 ], [ 135.943714165231114, 33.604060403770291 ], [ 135.943663414631601, 33.604228316217501 ], [ 135.944232173380556, 33.604518791570975 ], [ 135.944167640759218, 33.604331104113413 ], [ 135.944362635540216, 33.604398814882053 ], [ 135.944278659521103, 33.604279870867408 ], [ 135.94450276995309, 33.604316881820978 ], [ 135.944371393636402, 33.604180728528434 ], [ 135.944621367466766, 33.604212396438015 ], [ 135.944729958200469, 33.604593960947668 ], [ 135.944971320038007, 33.604609281765327 ], [ 135.945068075602734, 33.604963790942868 ], [ 135.945281505651707, 33.604844695138411 ] ] ] } },
{ "type": "Feature", "properties": { "CITY_NAME": "太地町", "S_NAME": "大字太地", "JINKO": 0, "medical_area": "30_新宮医療圏", "町丁目名": "太地町大字太地" }, "geometry": { "type": "Polygon", "coordinates": [ [ [ 135.95150742701054, 33.601364350030323 ], [ 135.951121611994353, 33.601482258269968 ], [ 135.951330440713917, 33.60186018985781 ], [ 135.951601057234228, 33.60157514855841 ], [ 135.95150742701054, 33.601364350030323 ] ] ] } },
{ "type": "Feature", "properties": { "CITY_NAME": "太地町", "S_NAME": "大字太地", "JINKO": 0, "medical_area": "30_新宮医療圏", "町丁目名": "太地町大字太地" }, "geometry": { "type": "Polygon", "coordinates": [ [ [ 135.952003481027276, 33.60261587239313 ], [ 135.951982085447753, 33.602331842886876 ], [ 135.951841904894451, 33.602517471867749 ], [ 135.952003481027276, 33.60261587239313 ] ] ] } },
{ "type": "Feature", "properties": { "CITY_NAME": "太地町", "S_NAME": "大字太地", "JINKO": 0, "medical_area": "30_新宮医療圏", "町丁目名": "太地町大字太地" }, "geometry": { "type": "Polygon", "coordinates": [ [ [ 135.953420191065959, 33.603080771048454 ], [ 135.953547286995416, 33.603178310812204 ], [ 135.953648598500791, 33.603139465286006 ], [ 135.95358397039476, 33.603093512181623 ], [ 135.953420191065959, 33.603080771048454 ] ] ] } },
{ "type": "Feature", "properties": { "CITY_NAME": "太地町", "S_NAME": "大字太地", "JINKO": 0, "medical_area": "30_新宮医療圏", "町丁目名": "太地町大字太地" }, "geometry": { "type": "Polygon", "coordinates": [ [ [ 135.951302835328192, 33.601117160254709 ], [ 135.951066875575464, 33.601090017114238 ], [ 135.951350207084829, 33.601185647781399 ], [ 135.951302835328192, 33.601117160254709 ] ] ] } },
{ "type": "Feature", "properties": { "CITY_NAME": "太地町", "S_NAME": "大字太地", "JINKO": 0, "medical_area": "30_新宮医療圏", "町丁目名": "太地町大字太地" }, "geometry": { "type": "Polygon", "coordinates": [ [ [ 135.936736621778351, 33.612065824131683 ], [ 135.936558602484467, 33.612353420423737 ], [ 135.937087677665403, 33.612423848649513 ], [ 135.937105079016249, 33.612203794655628 ], [ 135.936736621778351, 33.612065824131683 ] ] ] } },
{ "type": "Feature", "properties": { "CITY_NAME": "太地町", "S_NAME": "大字太地", "JINKO": 9, "medical_area": "30_新宮医療圏", "町丁目名": "太地町大字太地" }, "geometry": { "type": "Polygon", "coordinates": [ [ [ 135.934181409048392, 33.617672002524372 ], [ 135.936136906595067, 33.617981836192548 ], [ 135.935983768064489, 33.61739877737466 ], [ 135.936564655033465, 33.617391747118482 ], [ 135.936457191103869, 33.616968755975961 ], [ 135.93669789302038, 33.616454085491057 ], [ 135.937490176043212, 33.616204835764592 ], [ 135.93777381488195, 33.615911936679417 ], [ 135.938503310593489, 33.616055717267081 ], [ 135.938341953450532, 33.615635237663831 ], [ 135.938816673063684, 33.614865675864614 ], [ 135.938701647177936, 33.614455362985417 ], [ 135.93815516553758, 33.614604714523253 ], [ 135.93835257500524, 33.614324450496149 ], [ 135.938257895675378, 33.614106877653938 ], [ 135.938437841855091, 33.614136833837101 ], [ 135.938384128729297, 33.613895049024158 ], [ 135.938023291708703, 33.613639869916753 ], [ 135.937443250592253, 33.614005599740601 ], [ 135.937430473685595, 33.613785531774894 ], [ 135.93695392012151, 33.614104537202394 ], [ 135.936927731936237, 33.614549156555782 ], [ 135.936454366547991, 33.614919444798161 ], [ 135.936527535614204, 33.615079808297864 ], [ 135.935526354578144, 33.615098456909706 ], [ 135.934432143850984, 33.614153678416329 ], [ 135.935358303004648, 33.613549200572692 ], [ 135.935238784117786, 33.613410226865824 ], [ 135.935440385906105, 33.613304949152941 ], [ 135.93551284352688, 33.612954182650775 ], [ 135.935945073115988, 33.61283183532101 ], [ 135.935793288048188, 33.612606341754109 ], [ 135.935212469282675, 33.612560959276351 ], [ 135.934406841269663, 33.613396268203232 ], [ 135.933656688299919, 33.613543800049968 ], [ 135.932263108294194, 33.612365536263859 ], [ 135.932781759322438, 33.611966267354163 ], [ 135.933261352317714, 33.611906226061805 ], [ 135.933296160527448, 33.611483308626248 ], [ 135.93367341178876, 33.611376156439455 ], [ 135.933674620977854, 33.611203995889177 ], [ 135.933197213492093, 33.611225437863865 ], [ 135.932801999903518, 33.610871605192941 ], [ 135.932201860096569, 33.610746174908989 ], [ 135.930889230520222, 33.610861542914044 ], [ 135.930344223527669, 33.610522271798381 ], [ 135.930030603699009, 33.610562670855366 ], [ 135.929913283872111, 33.610388752752684 ], [ 135.929517721835708, 33.61048207700334 ], [ 135.929692536011942, 33.610185754492235 ], [ 135.928828476258218, 33.609955339917846 ], [ 135.927873355213848, 33.609088067095072 ], [ 135.928030321089608, 33.609684382394001 ], [ 135.927969957433106, 33.61046456789709 ], [ 135.928491324389114, 33.610841875775371 ], [ 135.928869685334064, 33.611450714125965 ], [ 135.928614350786717, 33.611959161531587 ], [ 135.927812025559689, 33.612840356958174 ], [ 135.92814884897146, 33.61344551001234 ], [ 135.927992470809613, 33.614282557299298 ], [ 135.928097639359919, 33.614878842061252 ], [ 135.928660907522243, 33.615130785296557 ], [ 135.92958609428652, 33.615270224346858 ], [ 135.930209485615791, 33.616235917052556 ], [ 135.930603750039495, 33.616542702372968 ], [ 135.930742291907109, 33.616851035186833 ], [ 135.930608856988073, 33.617213316372073 ], [ 135.930704323236029, 33.618535431306235 ], [ 135.932897659426317, 33.618221331742269 ], [ 135.934181409048392, 33.617672002524372 ] ] ] } },
{ "type": "Feature", "properties": { "CITY_NAME": "太地町", "S_NAME": "大字森浦", "JINKO": 231, "medical_area": "30_新宮医療圏", "町丁目名": "太地町大字森浦" }, "geometry": { "type": "Polygon", "coordinates": [ [ [ 135.939822305530015, 33.600754611965336 ], [ 135.941113489751075, 33.599490935890856 ], [ 135.940425223891964, 33.599078388172245 ], [ 135.939955495815667, 33.5977961282235 ], [ 135.939613068447557, 33.595129326047243 ], [ 135.93513409583133, 33.589102088085163 ], [ 135.93507138369111, 33.589510617312243 ], [ 135.934226310979653, 33.590011714460871 ], [ 135.93286917576458, 33.589432782476159 ], [ 135.932433536111063, 33.589044545871488 ], [ 135.931732438518651, 33.588920456045287 ], [ 135.930648930631605, 33.588217391595805 ], [ 135.929061966813521, 33.588312833145551 ], [ 135.92824831455593, 33.588649065398037 ], [ 135.927786104871387, 33.588661187674184 ], [ 135.926459856362328, 33.587799584242767 ], [ 135.926044567245356, 33.586778200882023 ], [ 135.925476562179057, 33.586912818764333 ], [ 135.922703785470645, 33.586487009422832 ], [ 135.923411905966304, 33.587741053991358 ], [ 135.92490355718229, 33.58918211116395 ], [ 135.925239090945155, 33.590442952326974 ], [ 135.92492315685891, 33.590905421364909 ], [ 135.922887192274317, 33.59208926588834 ], [ 135.922895452194922, 33.592656754360341 ], [ 135.922728895205836, 33.593036473641206 ], [ 135.922107110728888, 33.593657379773603 ], [ 135.922156880139511, 33.594726444186449 ], [ 135.921563082723623, 33.594959371808848 ], [ 135.921667338373567, 33.595844761081445 ], [ 135.92244435374127, 33.596263683255245 ], [ 135.922547400582431, 33.596468877424812 ], [ 135.921807875804376, 33.597501379008733 ], [ 135.921872877522077, 33.598718105251244 ], [ 135.923056284428753, 33.599216458207742 ], [ 135.923683224341573, 33.599922964601575 ], [ 135.924317402475907, 33.600143136684167 ], [ 135.925899718858432, 33.599638887564154 ], [ 135.926900429528501, 33.598823483324374 ], [ 135.927579179175211, 33.59889151004576 ], [ 135.928965657440244, 33.598172400927027 ], [ 135.929282659324059, 33.598397154113258 ], [ 135.928944656292913, 33.599159141963746 ], [ 135.929311832489475, 33.599794741941693 ], [ 135.930464878483434, 33.599709741868651 ], [ 135.930755423826326, 33.600184966511911 ], [ 135.931133649355871, 33.600151084320004 ], [ 135.931568245468014, 33.599674294712834 ], [ 135.931591814004292, 33.599851821452937 ], [ 135.931748107770375, 33.59977611226536 ], [ 135.931630952817727, 33.599403832658261 ], [ 135.932006855785772, 33.599579018356138 ], [ 135.932117506232373, 33.600003703694526 ], [ 135.93235993259654, 33.60001369856203 ], [ 135.932337411235721, 33.599874775382901 ], [ 135.932707093719841, 33.599740574686237 ], [ 135.932708352210625, 33.59950530020096 ], [ 135.932393745199477, 33.599480895509515 ], [ 135.93157198790081, 33.599023131140143 ], [ 135.931238258017629, 33.598656928872252 ], [ 135.931219264605375, 33.598140437253456 ], [ 135.931016703495033, 33.598141169286151 ], [ 135.931330953384077, 33.597235180400467 ], [ 135.930982124157794, 33.596893199091674 ], [ 135.930652278047944, 33.597086024187178 ], [ 135.930075824002188, 33.597110772950053 ], [ 135.930584481881738, 33.596976940949666 ], [ 135.930307872118703, 33.596610485071366 ], [ 135.930225299375394, 33.596116498856446 ], [ 135.930628572021192, 33.595719999058417 ], [ 135.930985035179418, 33.595932935446328 ], [ 135.931062685988422, 33.595839151127116 ], [ 135.930632887137449, 33.595711829685214 ], [ 135.930827092762911, 33.595371000545036 ], [ 135.932143725612661, 33.595349198825268 ], [ 135.932417933186144, 33.594642679364213 ], [ 135.933589539289443, 33.594042598169544 ], [ 135.933752918024368, 33.593126665440863 ], [ 135.934057907555513, 33.593008770840136 ], [ 135.934762050092075, 33.593650167948894 ], [ 135.935667163034651, 33.593544406800696 ], [ 135.936253148216736, 33.593725880872384 ], [ 135.936426393066313, 33.594032530346546 ], [ 135.936216967463281, 33.594592293870583 ], [ 135.935396905564687, 33.594773896525872 ], [ 135.935045483291077, 33.59501378028903 ], [ 135.935571028168482, 33.595353861479943 ], [ 135.93623795259964, 33.595370543858017 ], [ 135.936940020068988, 33.595968525669605 ], [ 135.936558148922956, 33.596592446576992 ], [ 135.936287725552717, 33.596572305082418 ], [ 135.935723999878576, 33.596862519455151 ], [ 135.936252875585041, 33.597082566514466 ], [ 135.936306310032279, 33.597689519132473 ], [ 135.936098180232477, 33.597937368416645 ], [ 135.936061040664896, 33.598627960353753 ], [ 135.93676315416343, 33.59919635626995 ], [ 135.936685508566313, 33.599285636761472 ], [ 135.936798689833722, 33.599223423690205 ], [ 135.937692618688004, 33.599773031159089 ], [ 135.938238325326267, 33.600610146010112 ], [ 135.938423621726201, 33.600663208654119 ], [ 135.938354794992279, 33.600465938535635 ], [ 135.93884419537244, 33.600165813643834 ], [ 135.939822305530015, 33.600754611965336 ] ] ] } },
{ "type": "Feature", "properties": { "CITY_NAME": "古座川町", "S_NAME": "樫山", "JINKO": 0, "medical_area": "30_新宮医療圏", "町丁目名": "古座川町樫山" }, "geometry": { "type": "Polygon", "coordinates": [ [ [ 135.800000607173615, 33.633950771204319 ], [ 135.80204626832608, 33.63152821834349 ], [ 135.802907859433276, 33.631721733791849 ], [ 135.803367920930413, 33.631578184192669 ], [ 135.804488195448101, 33.631748140652661 ], [ 135.806058912214382, 33.631574737231361 ], [ 135.807900577840769, 33.63179789391188 ], [ 135.810756765769781, 33.630825599736447 ], [ 135.811629713354904, 33.630747449501207 ], [ 135.811788472279687, 33.630187249779738 ], [ 135.81265754601759, 33.628728423850809 ], [ 135.812327025423031, 33.627996742331995 ], [ 135.812576524712824, 33.627396944832384 ], [ 135.813100135934576, 33.626882929390177 ], [ 135.81399019066248, 33.626729555904483 ], [ 135.81490456364628, 33.62579514503112 ], [ 135.817095507296472, 33.625220152615157 ], [ 135.817187048445078, 33.624257759623205 ], [ 135.817463929795991, 33.623549791365335 ], [ 135.818685570166423, 33.622525630303997 ], [ 135.819189677580425, 33.621550866228503 ], [ 135.820130371101328, 33.620993460652173 ], [ 135.820715191468736, 33.620434134132971 ], [ 135.820817079020571, 33.619938364469206 ], [ 135.820532271887799, 33.618998265496209 ], [ 135.820783945235092, 33.61730632890125 ], [ 135.820633163047034, 33.616776954232151 ], [ 135.81992137756751, 33.615717614189073 ], [ 135.82172292674727, 33.614785287795428 ], [ 135.82215886398987, 33.614410594946179 ], [ 135.823941982123813, 33.611288048992222 ], [ 135.823901702231666, 33.610563573151815 ], [ 135.823792628766057, 33.61032307254208 ], [ 135.82235049077704, 33.610118157232208 ], [ 135.82184491486592, 33.609877370955992 ], [ 135.820444303051943, 33.609777303667208 ], [ 135.819479864697144, 33.609409049181977 ], [ 135.818019380989227, 33.609249696358368 ], [ 135.81783202348123, 33.609026826948508 ], [ 135.818071250929677, 33.608147503102927 ], [ 135.817832652637946, 33.607479368032138 ], [ 135.818587880632265, 33.606827901500331 ], [ 135.818369103672609, 33.605415369860665 ], [ 135.8196129293257, 33.604360840199675 ], [ 135.820818923372315, 33.602675365997193 ], [ 135.821908587735066, 33.600459427196697 ], [ 135.822680980787823, 33.60030330143173 ], [ 135.823063588656254, 33.598149449543051 ], [ 135.823720424110661, 33.597091772409037 ], [ 135.824909851395574, 33.595768562311989 ], [ 135.824462537397466, 33.595126353618369 ], [ 135.824554974740494, 33.594565467733922 ], [ 135.824290123280434, 33.593980130728291 ], [ 135.823430497117499, 33.593463840198517 ], [ 135.822768164953061, 33.593401763897347 ], [ 135.82231892726972, 33.592442808072178 ], [ 135.822303720526662, 33.592228918832781 ], [ 135.822766740892547, 33.591555280636868 ], [ 135.82280973798143, 33.590935433040798 ], [ 135.822572029339113, 33.589489584394393 ], [ 135.82169129014747, 33.588513943019471 ], [ 135.821892936197997, 33.587799648442818 ], [ 135.82510366545705, 33.585069247346773 ], [ 135.826654437262562, 33.585067451181089 ], [ 135.827310491202866, 33.585814494925494 ], [ 135.827921119459319, 33.585586249679494 ], [ 135.828140764647372, 33.585278851775684 ], [ 135.83068264741263, 33.583530788276661 ], [ 135.83252459548055, 33.58366118185657 ], [ 135.83302630395039, 33.583105343656747 ], [ 135.834465240343349, 33.583316605907122 ], [ 135.834934021700576, 33.583611959158091 ], [ 135.835579143928953, 33.583727206712034 ], [ 135.837357083704603, 33.582537897419769 ], [ 135.83856253430244, 33.582107492831312 ], [ 135.838899952306633, 33.581538177008724 ], [ 135.839436375079487, 33.581221302831992 ], [ 135.839577278954948, 33.5799968878732 ], [ 135.839283255023958, 33.579309826487226 ], [ 135.83996896597003, 33.578152609659668 ], [ 135.839829505947478, 33.576696809192065 ], [ 135.840109757859409, 33.575969637224183 ], [ 135.840154967085056, 33.575182430207683 ], [ 135.839828713201541, 33.574202298756653 ], [ 135.83931608851978, 33.573469321092503 ], [ 135.838775716707147, 33.572951294557946 ], [ 135.837759725462575, 33.572382492167399 ], [ 135.83725858268275, 33.571384087404113 ], [ 135.835958880729606, 33.570503538073922 ], [ 135.835795524674751, 33.570146317245353 ], [ 135.83547793319363, 33.567541502905257 ], [ 135.835093058073426, 33.565806136741109 ], [ 135.835258766275359, 33.564927517925547 ], [ 135.834975855387398, 33.564204120778697 ], [ 135.835124767553367, 33.563531452808213 ], [ 135.834731759144034, 33.56319224201934 ], [ 135.83427422560294, 33.562294477938366 ], [ 135.833881094591277, 33.562019227395908 ], [ 135.833157883018316, 33.561919076570007 ], [ 135.832539048462507, 33.56214028009407 ], [ 135.831556831545669, 33.561833797347113 ], [ 135.831061475618753, 33.561019653389046 ], [ 135.830708077040839, 33.5610377695983 ], [ 135.829911965940937, 33.561563594592521 ], [ 135.829514831610481, 33.56135961225695 ], [ 135.829052123378347, 33.56080417045321 ], [ 135.828931752690465, 33.56024018039124 ], [ 135.829132991302316, 33.558973896766481 ], [ 135.82876874704084, 33.558890272053311 ], [ 135.828537472142273, 33.558584795244059 ], [ 135.82924248445687, 33.556621258341082 ], [ 135.828896377580577, 33.555737991380639 ], [ 135.828566626618425, 33.555385040379306 ], [ 135.828419501797299, 33.554815094957263 ], [ 135.830999166435362, 33.553244949210061 ], [ 135.83129318711002, 33.552873413220404 ], [ 135.831214653487848, 33.552458258842201 ], [ 135.831751938652928, 33.551495898823362 ], [ 135.831535324312739, 33.550698474865563 ], [ 135.831833738637215, 33.550200992778414 ], [ 135.831398792573708, 33.549503018206423 ], [ 135.831827356810862, 33.548349469136596 ], [ 135.831650470597623, 33.547519132218426 ], [ 135.832544313332448, 33.546739841012254 ], [ 135.832348041829817, 33.545677018424911 ], [ 135.832705547052427, 33.545378543423936 ], [ 135.833439689031792, 33.545147074408099 ], [ 135.833441040898549, 33.544433063380268 ], [ 135.835703680835451, 33.543323642399422 ], [ 135.835942309505043, 33.542958778939997 ], [ 135.835824069989741, 33.542560194622325 ], [ 135.836538813568978, 33.542079584593885 ], [ 135.836613939547419, 33.540431587764459 ], [ 135.836180835297228, 33.53955131983836 ], [ 135.836544479447753, 33.538823693708125 ], [ 135.836508752321947, 33.538550607146028 ], [ 135.835604694409881, 33.537669437372571 ], [ 135.834806031097258, 33.536007030685916 ], [ 135.833052560334153, 33.535926065241043 ], [ 135.831868257001759, 33.536347413342526 ], [ 135.830988162726129, 33.536177149355531 ], [ 135.830511703140473, 33.536261031870154 ], [ 135.829437441909789, 33.535733761077118 ], [ 135.828759229190894, 33.535660408554811 ], [ 135.827618419129266, 33.535973009212761 ], [ 135.826810067251301, 33.536020347790668 ], [ 135.825988056423142, 33.535680500482876 ], [ 135.825498281529235, 33.535196564157786 ], [ 135.824722814165483, 33.533213171675143 ], [ 135.82465272497808, 33.532161481818591 ], [ 135.82565130388096, 33.530760766063409 ], [ 135.82611597124091, 33.529311109957199 ], [ 135.826708383420737, 33.528949290475673 ], [ 135.826853264390138, 33.528659542932402 ], [ 135.826451191997421, 33.527435499869348 ], [ 135.825422245774462, 33.52623650129064 ], [ 135.825129927891197, 33.525134055560841 ], [ 135.822760735647705, 33.526911826849833 ], [ 135.820817475436968, 33.527914704251145 ], [ 135.822202023522692, 33.529040421704131 ], [ 135.820932137004547, 33.53129900511275 ], [ 135.819340369946843, 33.530999140938604 ], [ 135.818849817701675, 33.529273673467259 ], [ 135.81619862480261, 33.531714179863329 ], [ 135.817332610265652, 33.532501164272134 ], [ 135.816592963688521, 33.533056579849585 ], [ 135.820877317470973, 33.534244050459364 ], [ 135.821450701807152, 33.534540460569254 ], [ 135.821715114785377, 33.534799230586302 ], [ 135.821765836588042, 33.535187308780841 ], [ 135.820531731088607, 33.535924343903432 ], [ 135.824385280632697, 33.537824516751954 ], [ 135.826024168333845, 33.538442504220697 ], [ 135.830230271412603, 33.539217864460213 ], [ 135.83131702192108, 33.539604815889788 ], [ 135.832190368410949, 33.540488799614785 ], [ 135.833695401931635, 33.54277488728367 ], [ 135.831947084065575, 33.543208709484013 ], [ 135.826254878326779, 33.541943855668023 ], [ 135.824967444936107, 33.541852437382808 ], [ 135.824154712523239, 33.542005132853241 ], [ 135.822081559289501, 33.543887508145872 ], [ 135.82186263674609, 33.553608024352492 ], [ 135.819133260893835, 33.55754155991125 ], [ 135.816713906260844, 33.556114202234674 ], [ 135.816174742627425, 33.553689588020156 ], [ 135.816322583821403, 33.548970406447829 ], [ 135.82062785678994, 33.539554002752006 ], [ 135.818750059154922, 33.540512106605668 ], [ 135.817925421023546, 33.540456794514348 ], [ 135.817312257282623, 33.539806406033492 ], [ 135.816941779505527, 33.539102275423168 ], [ 135.816744665825922, 33.536349915721843 ], [ 135.813827036893713, 33.535108853188781 ], [ 135.812430837222053, 33.537027039477088 ], [ 135.811538563945049, 33.537019485730305 ], [ 135.813147381162395, 33.539374427861368 ], [ 135.813265138850369, 33.539840935577331 ], [ 135.813180948265654, 33.540592572377754 ], [ 135.812705129947233, 33.540997884134462 ], [ 135.803214806788333, 33.541561884933309 ], [ 135.802383831426596, 33.54146560109259 ], [ 135.801991804217579, 33.541309436243395 ], [ 135.801445851961404, 33.540729804474481 ], [ 135.80142668736454, 33.540064515550434 ], [ 135.803276887346783, 33.538297397907591 ], [ 135.802137446241574, 33.538542689340453 ], [ 135.801545969512091, 33.538965241092924 ], [ 135.800032840566246, 33.541239218772894 ], [ 135.798659237947277, 33.542419293277412 ], [ 135.79777249939562, 33.542806123305922 ], [ 135.797107920212255, 33.542893227899633 ], [ 135.795232209992861, 33.542272494204092 ], [ 135.792085002658609, 33.539726240681063 ], [ 135.790842213306973, 33.539053532373835 ], [ 135.784665694465076, 33.537290886247874 ], [ 135.785699342649906, 33.540417784502047 ], [ 135.788081755087717, 33.544076439519039 ], [ 135.788709262142078, 33.544301802633441 ], [ 135.789140153112243, 33.544170389653814 ], [ 135.789470859723508, 33.543918769654823 ], [ 135.790594961517996, 33.541987461106181 ], [ 135.791183999208528, 33.541736273713454 ], [ 135.791743503720113, 33.541845136192059 ], [ 135.792588580406147, 33.542579158312485 ], [ 135.793211084325947, 33.543372537630759 ], [ 135.793582393207288, 33.544177892293654 ], [ 135.793595115948307, 33.544874447692891 ], [ 135.793795409574614, 33.545150916749755 ], [ 135.793686167103914, 33.545835155126966 ], [ 135.793884493274362, 33.54695214382123 ], [ 135.792870991055565, 33.547623038503438 ], [ 135.79282466251837, 33.549015755994944 ], [ 135.792383438163512, 33.550468111486239 ], [ 135.79245441129973, 33.550804383677445 ], [ 135.793830680355114, 33.551551113759466 ], [ 135.794763673898785, 33.551564773580182 ], [ 135.795961179563221, 33.552035046272898 ], [ 135.796937124244636, 33.552096661273779 ], [ 135.79702957417544, 33.552469028547698 ], [ 135.796552452317826, 33.553945296327271 ], [ 135.796780608919647, 33.554594317020758 ], [ 135.796981310644213, 33.554714681214442 ], [ 135.79820145243832, 33.554716687251691 ], [ 135.79919809169823, 33.555162680912211 ], [ 135.800231540062811, 33.555200432741287 ], [ 135.800862033785421, 33.555681601389004 ], [ 135.801550772924884, 33.555814867601732 ], [ 135.801708294975924, 33.555983342212166 ], [ 135.801868559045886, 33.558109029754917 ], [ 135.801781437194791, 33.558541132305592 ], [ 135.800975604043771, 33.559380366878266 ], [ 135.801131649266665, 33.560197203412443 ], [ 135.80075561648701, 33.561421471025653 ], [ 135.800954723111403, 33.562238375761332 ], [ 135.800951752179543, 33.563535378375008 ], [ 135.801365609935772, 33.564616649248222 ], [ 135.802252700626838, 33.565939030939006 ], [ 135.801965076523715, 33.566154690737939 ], [ 135.791549605403077, 33.569019569000027 ], [ 135.790428418216806, 33.569570238146099 ], [ 135.789075903500759, 33.570768589204384 ], [ 135.788542969300664, 33.571464230639137 ], [ 135.787992147565262, 33.573600839935438 ], [ 135.788133442930757, 33.574537703636942 ], [ 135.787812499099886, 33.576602569453669 ], [ 135.78833957113244, 33.578308775408665 ], [ 135.788366884201764, 33.578885047390266 ], [ 135.788018454613564, 33.580445754796891 ], [ 135.78718011338583, 33.582701596893756 ], [ 135.791224713844343, 33.584678069160837 ], [ 135.792199116918283, 33.585544186409749 ], [ 135.795363560619762, 33.58941627163253 ], [ 135.796163851422591, 33.591074725802621 ], [ 135.796305609563262, 33.591867600099185 ], [ 135.796487379950833, 33.593957278990381 ], [ 135.796109279845155, 33.595974171809836 ], [ 135.796165159985293, 33.596646576571921 ], [ 135.796364625543504, 33.597319499398267 ], [ 135.797180178024604, 33.598641790511543 ], [ 135.797149443607765, 33.59950622121837 ], [ 135.794613043056046, 33.603200624352738 ], [ 135.794452007046033, 33.604497360820908 ], [ 135.790210947001412, 33.60617137190593 ], [ 135.789663246060258, 33.606963085317524 ], [ 135.789575962273943, 33.607419131936908 ], [ 135.791945179539766, 33.607735299672065 ], [ 135.792734542266146, 33.608000912990597 ], [ 135.793107464849385, 33.608217650619679 ], [ 135.7949984452612, 33.610358287289003 ], [ 135.797509391156126, 33.611539042595012 ], [ 135.797909627602849, 33.612380214842005 ], [ 135.79764797690396, 33.6137249721967 ], [ 135.797761493979522, 33.614325330397847 ], [ 135.798476184326404, 33.615863552265502 ], [ 135.79841657037997, 33.61680006670364 ], [ 135.796917772155524, 33.61891121189597 ], [ 135.797202132817972, 33.620184717257409 ], [ 135.797056628320462, 33.620976836365521 ], [ 135.795818769566296, 33.62200754323608 ], [ 135.795458057525792, 33.622679555078719 ], [ 135.795454235194171, 33.624312719461521 ], [ 135.796180413259577, 33.627099813710664 ], [ 135.79586249338044, 33.627891930878988 ], [ 135.794049958603409, 33.628873486456818 ], [ 135.79404826471503, 33.629593974404564 ], [ 135.795008323909002, 33.630676426592046 ], [ 135.795237318665215, 33.631060856516818 ], [ 135.795236195827584, 33.631541276934804 ], [ 135.795091051188876, 33.632165446224342 ], [ 135.794061624783893, 33.634218148937755 ], [ 135.794023616670728, 33.634784728999122 ], [ 135.794233885166818, 33.635015002204277 ], [ 135.794820055935418, 33.635168971281495 ], [ 135.796350277745717, 33.635294056083275 ], [ 135.798349254159206, 33.634807274624215 ], [ 135.800000607173615, 33.633950771204319 ] ], [ [ 135.82195426366917, 33.568696783454143 ], [ 135.827782115741485, 33.563779892659561 ], [ 135.829284399420061, 33.564904536346958 ], [ 135.829198967737881, 33.567050103474322 ], [ 135.823023705224642, 33.577661271574009 ], [ 135.812612313722497, 33.58897192016191 ], [ 135.810797626277235, 33.589530448544629 ], [ 135.806485728137034, 33.588373852268923 ], [ 135.809186493592307, 33.581207753723561 ], [ 135.817109291092663, 33.576892196529947 ], [ 135.82195426366917, 33.568696783454143 ] ] ] } },
{ "type": "Feature", "properties": { "CITY_NAME": "古座川町", "S_NAME": "楠", "JINKO": 8, "medical_area": "30_新宮医療圏", "町丁目名": "古座川町楠" }, "geometry": { "type": "Polygon", "coordinates": [ [ [ 135.806485728137034, 33.588373852268909 ], [ 135.810797626277235, 33.589530448544629 ], [ 135.812612313722497, 33.58897192016191 ], [ 135.823023705224642, 33.577661271573987 ], [ 135.829198967737881, 33.567050103474322 ], [ 135.829284399420004, 33.564904536346958 ], [ 135.827782115741485, 33.563779892659561 ], [ 135.82195426366917, 33.568696783454143 ], [ 135.817109291092692, 33.576892196529919 ], [ 135.809186493592307, 33.581207753723561 ], [ 135.806485728137034, 33.588373852268909 ] ] ] } },
{ "type": "Feature", "properties": { "CITY_NAME": "古座川町", "S_NAME": "池野山", "JINKO": 294, "medical_area": "30_新宮医療圏", "町丁目名": "古座川町池野山" }, "geometry": { "type": "Polygon", "coordinates": [ [ [ 135.824967444936107, 33.541852437382808 ], [ 135.826254878326779, 33.541943855668023 ], [ 135.831947084065575, 33.543208709484013 ], [ 135.833695401931635, 33.54277488728367 ], [ 135.832190368410949, 33.540488799614785 ], [ 135.831635443471271, 33.539872089335098 ], [ 135.830892209546676, 33.539385298969137 ], [ 135.825641187790268, 33.538326438678276 ], [ 135.820531731088607, 33.535924343903432 ], [ 135.816744665825922, 33.536349915721843 ], [ 135.816941779505527, 33.539102275423168 ], [ 135.817312257282623, 33.539806406033492 ], [ 135.817925421023546, 33.540456794514348 ], [ 135.818750059154922, 33.540512106605668 ], [ 135.82062785678994, 33.539554002752006 ], [ 135.816322583821403, 33.548970406447829 ], [ 135.816174742627425, 33.553689588020156 ], [ 135.816713906260844, 33.556114202234674 ], [ 135.819133260893835, 33.55754155991125 ], [ 135.82186263674609, 33.553608024352492 ], [ 135.822081559289501, 33.543887508145872 ], [ 135.824154712523239, 33.542005132853241 ], [ 135.824967444936107, 33.541852437382808 ] ] ] } },
{ "type": "Feature", "properties": { "CITY_NAME": "古座川町", "S_NAME": "高池", "JINKO": 636, "medical_area": "30_新宮医療圏", "町丁目名": "古座川町高池" }, "geometry": { "type": "Polygon", "coordinates": [ [ [ 135.820932137004547, 33.53129900511275 ], [ 135.822202023522692, 33.529040421704131 ], [ 135.820817475436968, 33.527914704251145 ], [ 135.822760735647705, 33.526911826849833 ], [ 135.825129927891197, 33.525134055560841 ], [ 135.825043298200598, 33.524687596644476 ], [ 135.824667902632996, 33.524108013904893 ], [ 135.821637065898102, 33.5220402561051 ], [ 135.81836134329302, 33.525628175847316 ], [ 135.815130834519493, 33.529756505803334 ], [ 135.817305053214881, 33.530695786332551 ], [ 135.818849817701675, 33.529273673467259 ], [ 135.819340369946843, 33.530999140938604 ], [ 135.820932137004547, 33.53129900511275 ] ] ] } },
{ "type": "Feature", "properties": { "CITY_NAME": "古座川町", "S_NAME": "高池", "JINKO": 0, "medical_area": "30_新宮医療圏", "町丁目名": "古座川町高池" }, "geometry": { "type": "Polygon", "coordinates": [ [ [ 135.812305607139734, 33.537094474654488 ], [ 135.813827036893713, 33.535108853188781 ], [ 135.816744665825922, 33.536349915721843 ], [ 135.820531731088607, 33.535924343903432 ], [ 135.82168102758601, 33.535279609317136 ], [ 135.821788251899392, 33.535021093093462 ], [ 135.821450701807152, 33.534540460569254 ], [ 135.820877317470973, 33.534244050459364 ], [ 135.816592963688521, 33.533056579849585 ], [ 135.817332610265652, 33.532501164272134 ], [ 135.814519586782268, 33.530548791257957 ], [ 135.810510386176617, 33.535488165937522 ], [ 135.810165453038366, 33.536177140519143 ], [ 135.811538563945049, 33.537019485730305 ], [ 135.812305607139734, 33.537094474654488 ] ] ] } },
{ "type": "Feature", "properties": { "CITY_NAME": "古座川町", "S_NAME": "高池", "JINKO": 17, "medical_area": "30_新宮医療圏", "町丁目名": "古座川町高池" }, "geometry": { "type": "Polygon", "coordinates": [ [ [ 135.817305053214824, 33.530695786332551 ], [ 135.815130834519465, 33.529756505803334 ], [ 135.814519586782268, 33.530548791257957 ], [ 135.81619862480261, 33.531714179863329 ], [ 135.817305053214824, 33.530695786332551 ] ] ] } },
{ "type": "Feature", "properties": { "CITY_NAME": "古座川町", "S_NAME": "宇津木", "JINKO": 72, "medical_area": "30_新宮医療圏", "町丁目名": "古座川町宇津木" }, "geometry": { "type": "Polygon", "coordinates": [ [ [ 135.803952177617901, 33.537521631360434 ], [ 135.80142668736454, 33.540064515550434 ], [ 135.801363748158593, 33.540513555518231 ], [ 135.801589954876022, 33.540937418672172 ], [ 135.801991804217579, 33.541309436243395 ], [ 135.802745035995542, 33.541552400096251 ], [ 135.812705129947204, 33.540997884134462 ], [ 135.813180948265654, 33.540592572377754 ], [ 135.813264375575898, 33.540203854994658 ], [ 135.812962293807544, 33.539002774450964 ], [ 135.811538563945049, 33.537019485730319 ], [ 135.81087342073593, 33.536624273887504 ], [ 135.810740441077201, 33.536864421895444 ], [ 135.809545390543121, 33.537596881785156 ], [ 135.804492567406072, 33.537741141543016 ], [ 135.803952177617901, 33.537521631360434 ] ] ] } },
{ "type": "Feature", "properties": { "CITY_NAME": "古座川町", "S_NAME": "月野瀬", "JINKO": 98, "medical_area": "30_新宮医療圏", "町丁目名": "古座川町月野瀬" }, "geometry": { "type": "Polygon", "coordinates": [ [ [ 135.803276887346783, 33.538297397907591 ], [ 135.803952177617901, 33.537521631360427 ], [ 135.804492567406072, 33.53774114154303 ], [ 135.80954539054315, 33.537596881785156 ], [ 135.810740441077201, 33.536864421895444 ], [ 135.810873420735874, 33.536624273887469 ], [ 135.810165453038366, 33.536177140519143 ], [ 135.809969047369691, 33.536602319400494 ], [ 135.80879542249582, 33.536879463491964 ], [ 135.808637120611934, 33.536786234175686 ], [ 135.808037890936561, 33.535338394247042 ], [ 135.807247239666651, 33.534447602191193 ], [ 135.806613782800724, 33.534181182236985 ], [ 135.805187384138321, 33.534085958877235 ], [ 135.805268939112608, 33.533037608090275 ], [ 135.801293351923164, 33.531690617462509 ], [ 135.800977523651255, 33.531172212841021 ], [ 135.800470947773448, 33.530879482342279 ], [ 135.799918561276399, 33.529816592227014 ], [ 135.800030928201977, 33.529192929617004 ], [ 135.799762489656985, 33.528741097785527 ], [ 135.799937994355361, 33.528223765423043 ], [ 135.799748779081966, 33.527785303669006 ], [ 135.798085311987165, 33.527437722430925 ], [ 135.797023402619658, 33.527422464873865 ], [ 135.795780055049107, 33.527042269977599 ], [ 135.794590440606754, 33.52743195234229 ], [ 135.793961756505638, 33.526849888413501 ], [ 135.792956107590044, 33.526503312300164 ], [ 135.789969533215753, 33.52594372591647 ], [ 135.788304985705054, 33.525854371237642 ], [ 135.787489357741578, 33.525229688008025 ], [ 135.786794431059178, 33.525126485310579 ], [ 135.786428149570526, 33.525299421463885 ], [ 135.78530321646042, 33.526513025084746 ], [ 135.785105458314433, 33.527605669061955 ], [ 135.784678457969449, 33.527655923918942 ], [ 135.784282495446519, 33.527460530317683 ], [ 135.783971734861808, 33.529771655519149 ], [ 135.78390200465833, 33.532225509211138 ], [ 135.783987946766018, 33.534222594996052 ], [ 135.784665694465076, 33.537290886247874 ], [ 135.790842213306973, 33.539053532373835 ], [ 135.792085002658609, 33.539726240681063 ], [ 135.795232209992861, 33.542272494204092 ], [ 135.797107920212255, 33.542893227899633 ], [ 135.79777249939562, 33.542806123305922 ], [ 135.798659237947277, 33.542419293277412 ], [ 135.800032840566246, 33.541239218772894 ], [ 135.801545969512091, 33.538965241092924 ], [ 135.802137446241574, 33.538542689340453 ], [ 135.803276887346783, 33.538297397907591 ] ] ] } },
{ "type": "Feature", "properties": { "CITY_NAME": "古座川町", "S_NAME": "立合川", "JINKO": 3, "medical_area": "30_新宮医療圏", "町丁目名": "古座川町立合川" }, "geometry": { "type": "Polygon", "coordinates": [ [ [ 135.725444389713772, 33.577251999707649 ], [ 135.726089415785793, 33.577192005086935 ], [ 135.726340131806694, 33.577490680308358 ], [ 135.726529268346781, 33.577359510398573 ], [ 135.72684394301595, 33.575650105944916 ], [ 135.727607379398677, 33.574608374986781 ], [ 135.728408948986299, 33.574226361051764 ], [ 135.728933876374242, 33.573240450854648 ], [ 135.731186217284119, 33.570616398439675 ], [ 135.731469006988789, 33.568979899406713 ], [ 135.731789169119025, 33.56957204040566 ], [ 135.732227788363048, 33.569823771478127 ], [ 135.732807380476913, 33.569691183448072 ], [ 135.733147750115705, 33.569407890882303 ], [ 135.734042638913337, 33.567388655008031 ], [ 135.735064954155831, 33.566138082160556 ], [ 135.736060937548871, 33.563684542425939 ], [ 135.736184737192474, 33.562365255436895 ], [ 135.735232889075832, 33.560141415795087 ], [ 135.7356865725977, 33.558705880804588 ], [ 135.737119490091743, 33.557005017314346 ], [ 135.737721634860804, 33.555987383846492 ], [ 135.738204434736332, 33.554802400553037 ], [ 135.738438612113129, 33.553282704837166 ], [ 135.738242168941213, 33.552196332914804 ], [ 135.736942160152807, 33.549554200760234 ], [ 135.73682205215934, 33.546313539908546 ], [ 135.735816274090894, 33.541892315222199 ], [ 135.732758411476539, 33.542762664229478 ], [ 135.733801715879423, 33.544063601328673 ], [ 135.734154599115783, 33.545318539001023 ], [ 135.734249135335205, 33.546538261046727 ], [ 135.734112842508949, 33.547160691473309 ], [ 135.733079162398838, 33.548810518761542 ], [ 135.732529500038652, 33.549371476553503 ], [ 135.729647499347152, 33.550230282239518 ], [ 135.728306516573042, 33.550901919297679 ], [ 135.725504697169129, 33.550887303072351 ], [ 135.722977673327961, 33.550613444289873 ], [ 135.721170373797861, 33.5506956211279 ], [ 135.721520425027308, 33.551251494859699 ], [ 135.721722581065677, 33.552502163649727 ], [ 135.720759202830465, 33.55566120669188 ], [ 135.720705555992993, 33.556322125321145 ], [ 135.720858347108674, 33.556882914416057 ], [ 135.722422964173916, 33.559127927104065 ], [ 135.723080131918891, 33.560451481510384 ], [ 135.723039293166693, 33.562491715349893 ], [ 135.721441259281363, 33.565318844514998 ], [ 135.721223349801107, 33.566309922993874 ], [ 135.721702921181304, 33.569457867757478 ], [ 135.722545868688485, 33.571801884808785 ], [ 135.723122938247542, 33.574030621666921 ], [ 135.72294874190996, 33.574777501768914 ], [ 135.722060319512707, 33.575910501264161 ], [ 135.721745927556157, 33.577519302082813 ], [ 135.72194631825127, 33.579330170711891 ], [ 135.722818107423876, 33.580740454698791 ], [ 135.723604192622702, 33.580562723181409 ], [ 135.724007734199262, 33.578958618394182 ], [ 135.724407792646758, 33.578450903268873 ], [ 135.725105868855081, 33.578198296924739 ], [ 135.725444389713772, 33.577251999707649 ] ] ] } },
{ "type": "Feature", "properties": { "CITY_NAME": "古座川町", "S_NAME": "中崎", "JINKO": 34, "medical_area": "30_新宮医療圏", "町丁目名": "古座川町中崎" }, "geometry": { "type": "Polygon", "coordinates": [ [ [ 135.763905910455719, 33.560450078305379 ], [ 135.763669850898566, 33.561136888820236 ], [ 135.762737282469658, 33.561793068567319 ], [ 135.762572091213229, 33.562045790220182 ], [ 135.7626231714423, 33.562406562840685 ], [ 135.763034370628105, 33.562737307317228 ], [ 135.765218504914941, 33.563385863809899 ], [ 135.766809145295269, 33.564872403862985 ], [ 135.767806626546445, 33.566897419507576 ], [ 135.768715476875911, 33.569586688048282 ], [ 135.779997071210488, 33.569359732926387 ], [ 135.776857241670058, 33.565534951734364 ], [ 135.769882221644252, 33.561226852537409 ], [ 135.763905910455719, 33.560450078305379 ] ] ] } },
{ "type": "Feature", "properties": { "CITY_NAME": "古座川町", "S_NAME": "直見", "JINKO": 77, "medical_area": "30_新宮医療圏", "町丁目名": "古座川町直見" }, "geometry": { "type": "Polygon", "coordinates": [ [ [ 135.773622877961998, 33.553606886576645 ], [ 135.775498314563322, 33.556009624231734 ], [ 135.776182720702622, 33.556398303547574 ], [ 135.776886439235909, 33.556484951759984 ], [ 135.777424094372577, 33.556315445039552 ], [ 135.778041506427343, 33.555743142834743 ], [ 135.778614698740228, 33.554341778066423 ], [ 135.77893995372969, 33.553916036009895 ], [ 135.784554224144699, 33.551446616252733 ], [ 135.786089889453649, 33.548388641618452 ], [ 135.779106439742463, 33.548515841169859 ], [ 135.778081020333588, 33.547491161399108 ], [ 135.776854239207353, 33.545876353941459 ], [ 135.776212242422815, 33.545500432251075 ], [ 135.775668961154338, 33.545366449367243 ], [ 135.774239408159588, 33.545729589781608 ], [ 135.773172308856459, 33.54562168823189 ], [ 135.772650816678805, 33.545110435879316 ], [ 135.772365639995854, 33.544358426144989 ], [ 135.771927053756485, 33.544320990033796 ], [ 135.771141803294057, 33.545959466715125 ], [ 135.771185347625732, 33.547015357850725 ], [ 135.77139839720445, 33.547461517814689 ], [ 135.774441171841602, 33.550615370832297 ], [ 135.774346363302243, 33.551457986549472 ], [ 135.773440911759877, 33.552337721370442 ], [ 135.773358510796157, 33.552860544103844 ], [ 135.773622877961998, 33.553606886576645 ] ] ] } },
{ "type": "Feature", "properties": { "CITY_NAME": "古座川町", "S_NAME": "川口", "JINKO": 75, "medical_area": "30_新宮医療圏", "町丁目名": "古座川町川口" }, "geometry": { "type": "Polygon", "coordinates": [ [ [ 135.771927053756485, 33.544320990033796 ], [ 135.773599859767188, 33.544418457663994 ], [ 135.775153362773608, 33.543976941963621 ], [ 135.777244708283064, 33.543953963452509 ], [ 135.782209664309249, 33.543061155434202 ], [ 135.784951448575583, 33.538586112860052 ], [ 135.781662186515376, 33.538076247089407 ], [ 135.780273759751026, 33.538777641394262 ], [ 135.77739244112712, 33.539552977243581 ], [ 135.775741088869125, 33.540559569571784 ], [ 135.775129445395265, 33.540706386541899 ], [ 135.773617473128695, 33.54064980299659 ], [ 135.772669248846171, 33.540311624845472 ], [ 135.772234896148689, 33.540324348783059 ], [ 135.772017399046177, 33.540445111456862 ], [ 135.770515731022414, 33.54262269602409 ], [ 135.771927053756485, 33.544320990033796 ] ] ] } },
{ "type": "Feature", "properties": { "CITY_NAME": "古座川町", "S_NAME": "明神", "JINKO": 92, "medical_area": "30_新宮医療圏", "町丁目名": "古座川町明神" }, "geometry": { "type": "Polygon", "coordinates": [ [ [ 135.771927053756485, 33.544320990033796 ], [ 135.770515731022414, 33.54262269602409 ], [ 135.772017399046177, 33.540445111456862 ], [ 135.770424280616851, 33.53888821683082 ], [ 135.769620854973226, 33.538784449801085 ], [ 135.768742069935314, 33.539218721095096 ], [ 135.767627058688078, 33.540254688231506 ], [ 135.766078625402002, 33.541042435552789 ], [ 135.765459972187415, 33.540960684866242 ], [ 135.763573047504138, 33.539676751782764 ], [ 135.762323853129061, 33.538550675172466 ], [ 135.759008138815716, 33.537015132795212 ], [ 135.757990182992813, 33.53897004008018 ], [ 135.758511015638703, 33.541160122521049 ], [ 135.761799624138064, 33.543142518473552 ], [ 135.764468362655435, 33.543167042994703 ], [ 135.769141544760288, 33.544880517610878 ], [ 135.771846233307485, 33.544449611682275 ], [ 135.771927053756485, 33.544320990033796 ] ] ] } },
{ "type": "Feature", "properties": { "CITY_NAME": "古座川町", "S_NAME": "一雨", "JINKO": 33, "medical_area": "30_新宮医療圏", "町丁目名": "古座川町一雨" }, "geometry": { "type": "Polygon", "coordinates": [ [ [ 135.735816274090922, 33.541892315222199 ], [ 135.742076388299637, 33.540781262959179 ], [ 135.744766312289215, 33.540617788534711 ], [ 135.747122227293886, 33.540142215124071 ], [ 135.752996601723169, 33.539727453175487 ], [ 135.758281256131454, 33.538411013378337 ], [ 135.759008138815716, 33.537015132795212 ], [ 135.757076352675824, 33.535888502073867 ], [ 135.756429177926492, 33.535690554896682 ], [ 135.755156747218393, 33.535882187616615 ], [ 135.750985923631873, 33.53700237101161 ], [ 135.749762310943055, 33.537038508054685 ], [ 135.748619899891253, 33.536843464068269 ], [ 135.745792448107977, 33.53578526499318 ], [ 135.743841054537086, 33.535511569268799 ], [ 135.743596123387277, 33.535331290741489 ], [ 135.742921527607876, 33.533873136207092 ], [ 135.74223218589654, 33.533531320062572 ], [ 135.740957555673077, 33.533990751770688 ], [ 135.739558153379988, 33.535130377236598 ], [ 135.738684727919662, 33.536084850392719 ], [ 135.737389603853671, 33.538244987675007 ], [ 135.735684011389253, 33.540417217277415 ], [ 135.735027208258231, 33.540723790302366 ], [ 135.734321279323495, 33.540793008057932 ], [ 135.732481018100003, 33.540545058166785 ], [ 135.73169829854109, 33.540639744844924 ], [ 135.731329239718406, 33.540914808278764 ], [ 135.73118872991617, 33.541585130938394 ], [ 135.731420229129299, 33.542359384878246 ], [ 135.732322598367176, 33.542752712348069 ], [ 135.733045627918045, 33.542701006631653 ], [ 135.735816274090922, 33.541892315222199 ] ] ] } },
{ "type": "Feature", "properties": { "CITY_NAME": "古座川町", "S_NAME": "相瀬", "JINKO": 31, "medical_area": "30_新宮医療圏", "町丁目名": "古座川町相瀬" }, "geometry": { "type": "Polygon", "coordinates": [ [ [ 135.733423699641151, 33.548260671448375 ], [ 135.734206591336573, 33.546927300215614 ], [ 135.73423497124125, 33.546088518652702 ], [ 135.733970842225943, 33.544539600405905 ], [ 135.73366814237815, 33.543786330698317 ], [ 135.732758411476539, 33.542762664229478 ], [ 135.732014492215342, 33.542698794244473 ], [ 135.731420229129299, 33.542359384878246 ], [ 135.73118872991617, 33.541585130938394 ], [ 135.725434434045667, 33.541466084350141 ], [ 135.722024031265079, 33.541962055815802 ], [ 135.717003842234135, 33.545651218741384 ], [ 135.720416881104342, 33.549539229795485 ], [ 135.721170373797861, 33.550695621127872 ], [ 135.722977673327961, 33.550613444289837 ], [ 135.725504697169129, 33.550887303072358 ], [ 135.728306516573014, 33.550901919297694 ], [ 135.729647499347152, 33.550230282239518 ], [ 135.732529500038652, 33.549371476553503 ], [ 135.733423699641151, 33.548260671448375 ] ] ] } },
{ "type": "Feature", "properties": { "CITY_NAME": "古座川町", "S_NAME": "峯", "JINKO": 3, "medical_area": "30_新宮医療圏", "町丁目名": "古座川町峯" }, "geometry": { "type": "Polygon", "coordinates": [ [ [ 135.717003842234135, 33.545651218741384 ], [ 135.722024031265079, 33.541962055815802 ], [ 135.721569172749469, 33.540834226514676 ], [ 135.720029072891265, 33.53927735249605 ], [ 135.719522176597735, 33.538509224627099 ], [ 135.718887737086987, 33.535154986491499 ], [ 135.71665790143183, 33.533426330035027 ], [ 135.715935909767666, 33.532685877893513 ], [ 135.715519525064167, 33.531946121009952 ], [ 135.709786867200791, 33.531961332104686 ], [ 135.708337073123971, 33.532280004319446 ], [ 135.70657740282482, 33.533232194283308 ], [ 135.706244526627927, 33.533753811508568 ], [ 135.706254639729195, 33.534145214849246 ], [ 135.711026796433032, 33.5375756957839 ], [ 135.712266142965831, 33.539004895020035 ], [ 135.712697038432424, 33.543187371508999 ], [ 135.712870038936046, 33.543710456239317 ], [ 135.714474606633587, 33.545202475359474 ], [ 135.717003842234135, 33.545651218741384 ] ] ] } },
{ "type": "Feature", "properties": { "CITY_NAME": "古座川町", "S_NAME": "立合", "JINKO": 21, "medical_area": "30_新宮医療圏", "町丁目名": "古座川町立合" }, "geometry": { "type": "Polygon", "coordinates": [ [ [ 135.73118872991617, 33.541585130938394 ], [ 135.731483184039661, 33.540741848360106 ], [ 135.73224320890202, 33.540544548098048 ], [ 135.732859273548939, 33.540619411475781 ], [ 135.732141390462033, 33.539399756810433 ], [ 135.732052930652998, 33.538828125900373 ], [ 135.732979869301886, 33.536964754327251 ], [ 135.733055284439246, 33.53546646833631 ], [ 135.732915022517943, 33.53498096463813 ], [ 135.732542773611044, 33.534516659320708 ], [ 135.731777878885822, 33.533943592501778 ], [ 135.730760922276687, 33.533639628994685 ], [ 135.729730221830295, 33.533615703696427 ], [ 135.728607700627435, 33.534119887921037 ], [ 135.727890138861227, 33.534916296445232 ], [ 135.727423228007183, 33.535896118431403 ], [ 135.727309596046013, 33.537222168045773 ], [ 135.725133733431562, 33.538726863308888 ], [ 135.725434434045667, 33.541466084350141 ], [ 135.73118872991617, 33.541585130938394 ] ] ] } },
{ "type": "Feature", "properties": { "CITY_NAME": "古座川町", "S_NAME": "鶴川", "JINKO": 37, "medical_area": "30_新宮医療圏", "町丁目名": "古座川町鶴川" }, "geometry": { "type": "Polygon", "coordinates": [ [ [ 135.743319136037854, 33.534612201202187 ], [ 135.745931630794473, 33.531955161139841 ], [ 135.748188226752745, 33.530151084344972 ], [ 135.74792520267323, 33.52651148521192 ], [ 135.745989199032238, 33.525306349036917 ], [ 135.745096014005924, 33.523960474179177 ], [ 135.7446388072361, 33.522529554045718 ], [ 135.744161519596361, 33.522128174854444 ], [ 135.743546820836798, 33.521983765503123 ], [ 135.743016594907971, 33.522168634659479 ], [ 135.742313339526476, 33.523096730495389 ], [ 135.741726533342046, 33.525097475240749 ], [ 135.741420379982912, 33.530444529531586 ], [ 135.741151059022286, 33.531959602115236 ], [ 135.738726706172457, 33.534084947946759 ], [ 135.738391442528496, 33.534770624747459 ], [ 135.738924315261528, 33.535823031419113 ], [ 135.740703920664174, 33.534163788557002 ], [ 135.74223218589654, 33.533531320062572 ], [ 135.742921527607876, 33.533873136207092 ], [ 135.743319136037854, 33.534612201202187 ] ] ] } },
{ "type": "Feature", "properties": { "CITY_NAME": "古座川町", "S_NAME": "大柳", "JINKO": 18, "medical_area": "30_新宮医療圏", "町丁目名": "古座川町大柳" }, "geometry": { "type": "Polygon", "coordinates": [ [ [ 135.759123475480209, 33.537074810980798 ], [ 135.759465733626001, 33.535115471680051 ], [ 135.752696477195144, 33.531268363602102 ], [ 135.751466360758741, 33.531165593799713 ], [ 135.750808160934611, 33.53126458369757 ], [ 135.750141099307228, 33.531477669107019 ], [ 135.747847377340634, 33.532817075317354 ], [ 135.746341720857913, 33.533457560773478 ], [ 135.745025289063335, 33.533654904176906 ], [ 135.744444800145459, 33.533468016988586 ], [ 135.743319136037854, 33.534612201202187 ], [ 135.743596123387277, 33.535331290741489 ], [ 135.743841054537086, 33.535511569268799 ], [ 135.745792448107977, 33.53578526499318 ], [ 135.748619899891253, 33.536843464068269 ], [ 135.749762310943055, 33.537038508054685 ], [ 135.750985923631873, 33.53700237101161 ], [ 135.752432669851231, 33.536716454420905 ], [ 135.755156747218393, 33.535882187616615 ], [ 135.756429177926492, 33.535690554896682 ], [ 135.757076352675824, 33.535888502073867 ], [ 135.759123475480209, 33.537074810980798 ] ] ] } },
{ "type": "Feature", "properties": { "CITY_NAME": "古座川町", "S_NAME": "潤野", "JINKO": 36, "medical_area": "30_新宮医療圏", "町丁目名": "古座川町潤野" }, "geometry": { "type": "Polygon", "coordinates": [ [ [ 135.773113345159373, 33.54046995293595 ], [ 135.772241314335758, 33.537813496771854 ], [ 135.772341664028232, 33.53084886165972 ], [ 135.760844812174156, 33.535191390139524 ], [ 135.759465733626001, 33.535115471680051 ], [ 135.759123475480209, 33.537074810980798 ], [ 135.762323853129061, 33.538550675172466 ], [ 135.763573047504138, 33.539676751782764 ], [ 135.765459972187415, 33.540960684866242 ], [ 135.766258767091387, 33.540999944939315 ], [ 135.767627058688078, 33.540254688231506 ], [ 135.768742069935314, 33.539218721095096 ], [ 135.769910271331582, 33.538747509833804 ], [ 135.770706604358764, 33.539114435055261 ], [ 135.772017399046177, 33.540445111456862 ], [ 135.772444070031355, 33.540297684714631 ], [ 135.773113345159373, 33.54046995293595 ] ] ] } },
{ "type": "Feature", "properties": { "CITY_NAME": "古座川町", "S_NAME": "高瀬", "JINKO": 178, "medical_area": "30_新宮医療圏", "町丁目名": "古座川町高瀬" }, "geometry": { "type": "Polygon", "coordinates": [ [ [ 135.784480891250041, 33.536707863904077 ], [ 135.783982316233136, 33.533995757234813 ], [ 135.782520099894754, 33.534280315978961 ], [ 135.778866221936227, 33.532396649177691 ], [ 135.778738491501286, 33.530097715431395 ], [ 135.777659313951034, 33.52851954252602 ], [ 135.77525686561475, 33.528817263923038 ], [ 135.774202028437287, 33.530050068442193 ], [ 135.775032394438682, 33.533795204568285 ], [ 135.777118499700521, 33.537621508585261 ], [ 135.781662186515376, 33.538076247089393 ], [ 135.784951448575612, 33.538586112860052 ], [ 135.785033768910921, 33.538451852654099 ], [ 135.784480891250041, 33.536707863904077 ] ] ] } },
{ "type": "Feature", "properties": { "CITY_NAME": "古座川町", "S_NAME": "小森川", "JINKO": 2, "medical_area": "30_新宮医療圏", "町丁目名": "古座川町小森川" }, "geometry": { "type": "Polygon", "coordinates": [ [ [ 135.791577839659197, 33.677235041201527 ], [ 135.793123963790805, 33.677237471111134 ], [ 135.793834588343856, 33.676940956150197 ], [ 135.795365847979383, 33.675870069266452 ], [ 135.796778045908439, 33.674161742009325 ], [ 135.796804201849483, 33.673006241260211 ], [ 135.796538768195035, 33.671880275362298 ], [ 135.796144487947458, 33.671727900299004 ], [ 135.795816544994324, 33.671338662870951 ], [ 135.795704517610915, 33.67075803196569 ], [ 135.794743426210999, 33.670536538637521 ], [ 135.79507782090181, 33.670110344688275 ], [ 135.79506041271236, 33.669803187746268 ], [ 135.794625083196621, 33.669753165070119 ], [ 135.794030328530539, 33.669983521368025 ], [ 135.793459020317499, 33.669891569281496 ], [ 135.793270414809484, 33.669094841083627 ], [ 135.793331292856095, 33.667948005155644 ], [ 135.793462611457187, 33.667725342115901 ], [ 135.795000694211069, 33.668191231185212 ], [ 135.796839264268158, 33.668499517479546 ], [ 135.797115306711646, 33.668772999462909 ], [ 135.797229081686311, 33.668610038749506 ], [ 135.797601337111274, 33.667501457951403 ], [ 135.797625037900502, 33.665112088642125 ], [ 135.798432675243106, 33.664022952627043 ], [ 135.798722473684876, 33.662665997297573 ], [ 135.798438612051882, 33.66222710284412 ], [ 135.797613972161741, 33.66225069711524 ], [ 135.797171462812543, 33.660754527180409 ], [ 135.797286509087428, 33.659559080967327 ], [ 135.797739364718467, 33.65846942058208 ], [ 135.798778030473073, 33.657866172550591 ], [ 135.799427374286694, 33.656823169160418 ], [ 135.799900312303777, 33.655590394745253 ], [ 135.800471876631462, 33.655069353386779 ], [ 135.800922373888113, 33.654308480762893 ], [ 135.800204501218218, 33.653899630528514 ], [ 135.800080243222965, 33.653623309043148 ], [ 135.800052077708017, 33.652833919060953 ], [ 135.800399382452753, 33.651744350007277 ], [ 135.800333782324856, 33.650942501587487 ], [ 135.80058585323377, 33.650513644630429 ], [ 135.801798596843128, 33.649424175200487 ], [ 135.802896221214951, 33.646355853441193 ], [ 135.801972989848707, 33.645538990790108 ], [ 135.801355604869826, 33.643361983695335 ], [ 135.802269189878587, 33.642909221763937 ], [ 135.803547108104425, 33.642770056530566 ], [ 135.804685636619354, 33.642105175623911 ], [ 135.804395408029194, 33.641107289011686 ], [ 135.804355863943186, 33.640033010886391 ], [ 135.80410175866686, 33.639622090043375 ], [ 135.804226659444822, 33.639020158572471 ], [ 135.805097822641244, 33.637239918021812 ], [ 135.805189888112267, 33.636118348115794 ], [ 135.805049022053367, 33.63574929449544 ], [ 135.805975190325768, 33.634175059600587 ], [ 135.807201357035751, 33.633274143925021 ], [ 135.807900577840769, 33.63179789391188 ], [ 135.806058912214382, 33.631574737231361 ], [ 135.804488195448101, 33.631748140652661 ], [ 135.803367920930413, 33.631578184192669 ], [ 135.802907859433276, 33.631721733791849 ], [ 135.80204626832608, 33.63152821834349 ], [ 135.800000607173615, 33.633950771204319 ], [ 135.798349254159206, 33.634807274624215 ], [ 135.796350277745717, 33.635294056083275 ], [ 135.794820055935418, 33.635168971281495 ], [ 135.794233885166818, 33.635015002204277 ], [ 135.794023616670728, 33.634784728999122 ], [ 135.794061624783893, 33.634218148937755 ], [ 135.795091051188876, 33.632165446224342 ], [ 135.795236195827584, 33.631541276934804 ], [ 135.795237318665215, 33.631060856516818 ], [ 135.795008323909002, 33.630676426592046 ], [ 135.79404826471503, 33.629593974404564 ], [ 135.794049958603409, 33.628873486456818 ], [ 135.79586249338044, 33.627891930878988 ], [ 135.796180413259577, 33.627099813710664 ], [ 135.795454235194171, 33.624312719461521 ], [ 135.795458057525792, 33.622679555078719 ], [ 135.795818769566296, 33.62200754323608 ], [ 135.797056628320462, 33.620976836365521 ], [ 135.797202132817972, 33.620184717257409 ], [ 135.796917772155524, 33.61891121189597 ], [ 135.79841657037997, 33.61680006670364 ], [ 135.798476184326404, 33.615863552265502 ], [ 135.797761493979522, 33.614325330397847 ], [ 135.79764797690396, 33.6137249721967 ], [ 135.797909627602849, 33.612380214842005 ], [ 135.797509391156126, 33.611539042595012 ], [ 135.7949984452612, 33.610358287289003 ], [ 135.793107464849385, 33.608217650619679 ], [ 135.792734542266146, 33.608000912990597 ], [ 135.791945179539766, 33.607735299672065 ], [ 135.789575962273943, 33.607419131936908 ], [ 135.789663246060258, 33.606963085317524 ], [ 135.790210947001412, 33.60617137190593 ], [ 135.794452007046033, 33.604497360820908 ], [ 135.794613043056046, 33.603200624352738 ], [ 135.797149443607765, 33.59950622121837 ], [ 135.797180178024604, 33.598641790511543 ], [ 135.796364625543504, 33.597319499398267 ], [ 135.796165159985293, 33.596646576571921 ], [ 135.796109279845155, 33.595974171809836 ], [ 135.796487379950833, 33.593957278990381 ], [ 135.796305609563262, 33.591867600099185 ], [ 135.796163851422591, 33.591074725802621 ], [ 135.795363560619762, 33.58941627163253 ], [ 135.792199116918283, 33.585544186409749 ], [ 135.791224713844343, 33.584678069160837 ], [ 135.78718011338583, 33.582701596893756 ], [ 135.785343682914885, 33.584327354740907 ], [ 135.784638175742657, 33.584728501390231 ], [ 135.780785391123885, 33.586245066466766 ], [ 135.778791649136082, 33.586442458516601 ], [ 135.775527176972531, 33.586321676225069 ], [ 135.774977970013822, 33.586062020584606 ], [ 135.774429604723281, 33.585486495998524 ], [ 135.774160489492033, 33.58324421698628 ], [ 135.774875372249369, 33.579222057752403 ], [ 135.776211886074805, 33.573994125727737 ], [ 135.772433003185256, 33.573642378746676 ], [ 135.771609087089786, 33.573353458788652 ], [ 135.77095735502516, 33.572921144417158 ], [ 135.770512262635748, 33.572316759247393 ], [ 135.77030859530538, 33.571368203740228 ], [ 135.767596305092411, 33.570529690511592 ], [ 135.762943462926444, 33.568028913787636 ], [ 135.763662955055366, 33.568877863148877 ], [ 135.763660843325852, 33.569655000344106 ], [ 135.763415747804146, 33.569671724340978 ], [ 135.762662012961755, 33.569003892159408 ], [ 135.762203109883643, 33.568798166678903 ], [ 135.76143736161049, 33.568796706410403 ], [ 135.760322963343953, 33.569349674856348 ], [ 135.759169046743779, 33.571260423821641 ], [ 135.758332053779014, 33.574862414674982 ], [ 135.757189589020271, 33.576294984460752 ], [ 135.757613656922189, 33.579856898906939 ], [ 135.7574685492649, 33.580929905637859 ], [ 135.758083276026696, 33.581684859342737 ], [ 135.758273815997285, 33.582391928598383 ], [ 135.758638201828035, 33.582626796124138 ], [ 135.758862086820983, 33.583041162572449 ], [ 135.760535338506457, 33.583738696192825 ], [ 135.76145557062037, 33.585160898656071 ], [ 135.761942252269051, 33.585617742656126 ], [ 135.765126331723252, 33.586331872006809 ], [ 135.76547728969723, 33.586572604183409 ], [ 135.765921037407765, 33.587005399623223 ], [ 135.766034844977327, 33.587377557927745 ], [ 135.765908398159809, 33.589045719723472 ], [ 135.768294324743806, 33.590019206792221 ], [ 135.769710304897018, 33.589911373110674 ], [ 135.771047418583862, 33.58929025806443 ], [ 135.77150043593474, 33.58928319870477 ], [ 135.771990563769634, 33.589528962100765 ], [ 135.773835412926786, 33.591450099321619 ], [ 135.774487091540692, 33.593108697727594 ], [ 135.774249111299298, 33.593889360163324 ], [ 135.773250953310082, 33.594811229946345 ], [ 135.775420257284765, 33.595414756670607 ], [ 135.776135924124929, 33.596071167423695 ], [ 135.776478397862036, 33.596868926400553 ], [ 135.776448903616114, 33.597326479680049 ], [ 135.776108294673264, 33.597641742859032 ], [ 135.773712393813213, 33.598868518955484 ], [ 135.771365042108613, 33.599543037220791 ], [ 135.770260710449833, 33.59953310636584 ], [ 135.767898178466794, 33.598810461617255 ], [ 135.765448511158326, 33.59890052920305 ], [ 135.766412225845784, 33.599909130491966 ], [ 135.767219192266879, 33.600294708483567 ], [ 135.770008698935186, 33.599862599049672 ], [ 135.772653006250124, 33.600423975140615 ], [ 135.773151277436625, 33.60072948025595 ], [ 135.773309053041203, 33.600981391855548 ], [ 135.773338347203122, 33.601908770735541 ], [ 135.772670096622704, 33.602993802996401 ], [ 135.772193645605796, 33.603429969793773 ], [ 135.773918800600086, 33.603074402317027 ], [ 135.774457869906712, 33.6031210242596 ], [ 135.775366612051641, 33.603510667376618 ], [ 135.775892604688039, 33.604154340714821 ], [ 135.776321029393188, 33.605607942085911 ], [ 135.77617449395413, 33.605991739527987 ], [ 135.775370384711636, 33.606473256824344 ], [ 135.773188153662062, 33.606876190176557 ], [ 135.77283788889082, 33.606879497478744 ], [ 135.772005006923905, 33.606178048637659 ], [ 135.771557301286975, 33.606036618430288 ], [ 135.771065406874783, 33.606279163792294 ], [ 135.770895560758589, 33.606868321688751 ], [ 135.771959800066071, 33.607813382464329 ], [ 135.773471844563346, 33.607998731544939 ], [ 135.774773993545494, 33.608438405727853 ], [ 135.775062117079727, 33.608720418604506 ], [ 135.775243748160705, 33.609739926390802 ], [ 135.777023447290247, 33.610222424746382 ], [ 135.777086670758337, 33.610404847086976 ], [ 135.776832503736784, 33.61107388949732 ], [ 135.777109111647889, 33.611420405157631 ], [ 135.777923134301545, 33.611524708118701 ], [ 135.779100402854482, 33.611001856105467 ], [ 135.779832913187107, 33.610869309891925 ], [ 135.780433644499936, 33.610334151605919 ], [ 135.781050562111005, 33.609241099992261 ], [ 135.782126069048559, 33.608724516429284 ], [ 135.782594483620471, 33.608778027247588 ], [ 135.782821935324762, 33.608965523635582 ], [ 135.782753351924526, 33.609385532724957 ], [ 135.782208878913679, 33.610224276393929 ], [ 135.780728939943799, 33.611248753909784 ], [ 135.780665018979761, 33.611492095853379 ], [ 135.781231567808504, 33.612812636232434 ], [ 135.781835150463706, 33.613678457421251 ], [ 135.782417410662134, 33.613785424685801 ], [ 135.782789294349101, 33.613613066655667 ], [ 135.782970810544157, 33.612762992956299 ], [ 135.783195339202535, 33.612435118460894 ], [ 135.784767200766169, 33.611777933434269 ], [ 135.786053028012276, 33.611582606349721 ], [ 135.78708668813502, 33.610924443414611 ], [ 135.787580165839017, 33.611090963791185 ], [ 135.787803228704149, 33.611359591594677 ], [ 135.787755966399459, 33.611701868760903 ], [ 135.786895208341235, 33.612423723945525 ], [ 135.785587642385991, 33.612880507182503 ], [ 135.785474693619477, 33.613321290210571 ], [ 135.786428572993458, 33.614229942715006 ], [ 135.786618839145149, 33.614978374199481 ], [ 135.787552185418718, 33.615660999944446 ], [ 135.787559775671582, 33.616020837437418 ], [ 135.786940821040247, 33.616484715666225 ], [ 135.788328769140918, 33.617775325042381 ], [ 135.789567164291725, 33.618459010120809 ], [ 135.790211080269188, 33.619113234086086 ], [ 135.790210094558461, 33.619525183893948 ], [ 135.789785009155366, 33.619694947628481 ], [ 135.787763828096047, 33.61959208924101 ], [ 135.785743220738141, 33.61924771968593 ], [ 135.785046322478109, 33.619431092896626 ], [ 135.783991474842537, 33.62010383233077 ], [ 135.783846517249685, 33.620338014972106 ], [ 135.783887443700337, 33.620955733982392 ], [ 135.783052964580435, 33.621813401339566 ], [ 135.781874432925633, 33.62268454665449 ], [ 135.781041198510394, 33.623031065069291 ], [ 135.780336087901986, 33.623086452779994 ], [ 135.77900497865835, 33.622139861082722 ], [ 135.778495306543817, 33.622160083732261 ], [ 135.778256963526047, 33.622372677524169 ], [ 135.77825614988933, 33.622692206773742 ], [ 135.778509964774287, 33.62307615382602 ], [ 135.77979451597102, 33.623965749873058 ], [ 135.780568992493841, 33.6250322278864 ], [ 135.780778923061035, 33.625998235881823 ], [ 135.780671295597898, 33.626573144573364 ], [ 135.780449572366223, 33.62692045929051 ], [ 135.779684331239508, 33.627231584725052 ], [ 135.777679782981835, 33.627206866536532 ], [ 135.776761377698733, 33.628077299060905 ], [ 135.779840940678753, 33.627927561527557 ], [ 135.780516380725118, 33.627717431940304 ], [ 135.783109877085053, 33.626269183252774 ], [ 135.785814114200775, 33.624356114689483 ], [ 135.785727135191166, 33.635750711596245 ], [ 135.784967896765778, 33.635707136030256 ], [ 135.780353397006991, 33.633511428888745 ], [ 135.778521749645932, 33.63480853607328 ], [ 135.776604866291223, 33.635404992381368 ], [ 135.776170876257567, 33.636040164398139 ], [ 135.776299899892621, 33.636307795921063 ], [ 135.776533159426492, 33.636387955159996 ], [ 135.778249961122043, 33.636268175434978 ], [ 135.778785524973188, 33.636493135001089 ], [ 135.778991784436556, 33.636991946014682 ], [ 135.778976352899832, 33.637960346735291 ], [ 135.778251446051627, 33.639079355075694 ], [ 135.778076880999265, 33.639707661042138 ], [ 135.77836402932823, 33.640712806843787 ], [ 135.778778402678739, 33.640988125363542 ], [ 135.780907991758824, 33.641815781085839 ], [ 135.782074917731762, 33.642020141603716 ], [ 135.782827744526713, 33.641833522788886 ], [ 135.782949590539801, 33.641530273228952 ], [ 135.782864436513478, 33.640995332586414 ], [ 135.781766367076159, 33.639201097184781 ], [ 135.781810210442899, 33.638962800190988 ], [ 135.782104557900311, 33.638825814467289 ], [ 135.782809129908173, 33.638906786073242 ], [ 135.784903970102249, 33.639784747402864 ], [ 135.786067256092679, 33.641000312300775 ], [ 135.784309848506865, 33.642384703324787 ], [ 135.783633637014844, 33.643627524851532 ], [ 135.783063202842243, 33.643972678126879 ], [ 135.781994456838561, 33.644295399522733 ], [ 135.781902768038179, 33.6447278901109 ], [ 135.782467619462409, 33.64661104422018 ], [ 135.783929377242686, 33.647035531217561 ], [ 135.784925915356695, 33.647134604253147 ], [ 135.787143938027185, 33.646316913865753 ], [ 135.787515654644636, 33.646959390134441 ], [ 135.787520257020986, 33.648006695753622 ], [ 135.786963118441093, 33.648849761912999 ], [ 135.78688990098226, 33.649495851312174 ], [ 135.787896302162636, 33.65092804229068 ], [ 135.787917027752997, 33.651245197184267 ], [ 135.787723287074186, 33.651388567322833 ], [ 135.787100129889012, 33.65139948837988 ], [ 135.785833016146029, 33.651127975691374 ], [ 135.784693459501625, 33.649977016006261 ], [ 135.784356482531166, 33.650114071675731 ], [ 135.784279969591779, 33.650646463962445 ], [ 135.784933021947666, 33.651581339861551 ], [ 135.78465541860777, 33.65236669109737 ], [ 135.784799860525482, 33.652687298223746 ], [ 135.785363186720559, 33.65274165382305 ], [ 135.785925029433031, 33.652218399106417 ], [ 135.786336988370238, 33.652403510032336 ], [ 135.786197739527154, 33.653524391784195 ], [ 135.786034827876307, 33.653630901444252 ], [ 135.78508530544633, 33.653537007627811 ], [ 135.78504397658898, 33.653799113578486 ], [ 135.785211877792591, 33.654027483914398 ], [ 135.786530073329487, 33.654204416516912 ], [ 135.788143556857278, 33.653590795734594 ], [ 135.789467737328039, 33.654888962996239 ], [ 135.789489941354589, 33.655320935573407 ], [ 135.789326970288272, 33.655451680039256 ], [ 135.788493334728059, 33.655469865382223 ], [ 135.787564658477493, 33.655152733426327 ], [ 135.787128595576007, 33.655312176776874 ], [ 135.787044042406052, 33.656632212451825 ], [ 135.78628487753943, 33.657072584008816 ], [ 135.786173878216005, 33.657329640602988 ], [ 135.78630104117147, 33.657591891574782 ], [ 135.787105132932112, 33.657787384186726 ], [ 135.787325372546007, 33.657991607421096 ], [ 135.787133379398512, 33.659301881592377 ], [ 135.787260726912223, 33.659481717246223 ], [ 135.787678930122155, 33.659520459164284 ], [ 135.789541260774882, 33.65878636042482 ], [ 135.789853742099467, 33.659227409546844 ], [ 135.789123930073515, 33.660387597371972 ], [ 135.789429440332668, 33.661422158150415 ], [ 135.78850611861904, 33.66283718602994 ], [ 135.789221609852888, 33.663591827139804 ], [ 135.789093341887224, 33.663839707260692 ], [ 135.788898784411231, 33.663971529818419 ], [ 135.787854905574648, 33.663596436690476 ], [ 135.787462997503894, 33.663855564187379 ], [ 135.787398526296357, 33.66468539629998 ], [ 135.787099552953265, 33.66496087962966 ], [ 135.786686138781988, 33.664934679802968 ], [ 135.785512519062024, 33.664281104169454 ], [ 135.785106605808949, 33.664595706477947 ], [ 135.784990287801975, 33.665056897031107 ], [ 135.784551839023891, 33.665614884674376 ], [ 135.784221386169008, 33.665704760692023 ], [ 135.782674666483103, 33.665555987801703 ], [ 135.782568749389895, 33.665734301500528 ], [ 135.783909455310948, 33.666715050335903 ], [ 135.784700001112299, 33.667979985766422 ], [ 135.785125196117718, 33.668298403944867 ], [ 135.785699774175981, 33.668243738436402 ], [ 135.785990913885314, 33.667785241319045 ], [ 135.786189103476431, 33.666746852532114 ], [ 135.787400362673083, 33.66677680294427 ], [ 135.790068003552847, 33.668174483449391 ], [ 135.790749967634184, 33.669047550005018 ], [ 135.791583092854324, 33.669389735006263 ], [ 135.791321675999171, 33.669618799365907 ], [ 135.790785924190402, 33.669675809177278 ], [ 135.789952636258931, 33.669410118195088 ], [ 135.789913644070509, 33.670040646100901 ], [ 135.789760510354569, 33.670246785460591 ], [ 135.788630873531787, 33.670866326558034 ], [ 135.789105054866269, 33.672165379213787 ], [ 135.789360260549131, 33.672209906015375 ], [ 135.789756468830717, 33.671911473899847 ], [ 135.790000181210672, 33.672118138496721 ], [ 135.789249595123891, 33.674349617849224 ], [ 135.789384051912094, 33.674975936133521 ], [ 135.788959518900555, 33.675508468886846 ], [ 135.789867204221139, 33.676020001576845 ], [ 135.790459408747978, 33.676169488419724 ], [ 135.790388316033756, 33.676876469852807 ], [ 135.791137310583593, 33.677021427464751 ], [ 135.791730171741591, 33.676892663289436 ], [ 135.791577839659197, 33.677235041201527 ] ] ] } },
{ "type": "Feature", "properties": { "CITY_NAME": "古座川町", "S_NAME": "小森川", "JINKO": 0, "medical_area": "30_新宮医療圏", "町丁目名": "古座川町小森川" }, "geometry": { "type": "Polygon", "coordinates": [ [ [ 135.77647932127482, 33.702510808601161 ], [ 135.777585670866813, 33.702429384601857 ], [ 135.778479443872698, 33.702596656374361 ], [ 135.778080844092301, 33.701437315136964 ], [ 135.777559094098933, 33.70052796291651 ], [ 135.77765124486109, 33.69998205983525 ], [ 135.777518348924531, 33.699612001241491 ], [ 135.777107071342897, 33.69898165448533 ], [ 135.776999162708421, 33.697724209251909 ], [ 135.777172915095235, 33.697208741951883 ], [ 135.77729105191969, 33.697140624335681 ], [ 135.778054403270033, 33.697602819767603 ], [ 135.778562371437545, 33.697679661109959 ], [ 135.780168781502539, 33.696720970687309 ], [ 135.781493927569187, 33.696617216642309 ], [ 135.782289793371007, 33.694989566071705 ], [ 135.781135147979256, 33.693165226419111 ], [ 135.780948413265662, 33.691644069703422 ], [ 135.780074607181064, 33.690918111640045 ], [ 135.779371482553216, 33.689981971273646 ], [ 135.779804682799778, 33.688224803747687 ], [ 135.780921331144441, 33.68709844265458 ], [ 135.780962883726971, 33.686810269041374 ], [ 135.780898571240584, 33.686228021299193 ], [ 135.780314500300335, 33.684871117069136 ], [ 135.779898082830613, 33.684498728566872 ], [ 135.779322153055119, 33.684410501836936 ], [ 135.779132414193413, 33.683209685911351 ], [ 135.781319280203832, 33.682221852306313 ], [ 135.782222312286962, 33.682124813834847 ], [ 135.782763984909025, 33.6813975251237 ], [ 135.783883514555498, 33.680885522616087 ], [ 135.786160377028068, 33.680159378683555 ], [ 135.787584225003116, 33.680389338114416 ], [ 135.787866831725268, 33.679843749419092 ], [ 135.787322105495349, 33.679994414610753 ], [ 135.786946670058626, 33.679546324332293 ], [ 135.787467728619504, 33.67888533598569 ], [ 135.788003917220237, 33.678510790224941 ], [ 135.787991601255442, 33.677983579873363 ], [ 135.788209873900428, 33.677771637000575 ], [ 135.787892936230122, 33.677520747570746 ], [ 135.788134069550154, 33.677236710723612 ], [ 135.788510583769778, 33.677233545290136 ], [ 135.788886302741787, 33.677556525206931 ], [ 135.789004134845356, 33.678315669779742 ], [ 135.789567834547313, 33.677831978493316 ], [ 135.790234511743932, 33.678110643679631 ], [ 135.791068984269231, 33.677578513236369 ], [ 135.789505978372972, 33.676711418969063 ], [ 135.787441127439877, 33.676216233677309 ], [ 135.784903284067099, 33.675138209638739 ], [ 135.78414783840725, 33.674625073270654 ], [ 135.782584549955885, 33.67293667761367 ], [ 135.781948325107436, 33.672784961596868 ], [ 135.780188209351678, 33.672962485543586 ], [ 135.779408218132232, 33.672670181826597 ], [ 135.778665431833275, 33.671916262472521 ], [ 135.777379503847357, 33.669866930533622 ], [ 135.777039010181511, 33.66915388733883 ], [ 135.776826171827395, 33.66783908814503 ], [ 135.776617214240218, 33.667357042008753 ], [ 135.776102096038528, 33.666834296837834 ], [ 135.775201874361898, 33.666611920009295 ], [ 135.772277042085506, 33.666707070497367 ], [ 135.769203429520985, 33.666249902548984 ], [ 135.763269711689617, 33.66416161580468 ], [ 135.762762122719352, 33.663661503211237 ], [ 135.76236319929788, 33.663505207925752 ], [ 135.761463950006515, 33.663490808307195 ], [ 135.759990430855538, 33.663761429575345 ], [ 135.758402657354765, 33.663540263055815 ], [ 135.756931603034388, 33.663988919382675 ], [ 135.756406340849082, 33.663925055391125 ], [ 135.755674928725654, 33.662955331654018 ], [ 135.755331502875663, 33.662826733822619 ], [ 135.755031307587501, 33.662276840349833 ], [ 135.754622005605938, 33.662082741449744 ], [ 135.754385747536418, 33.661751200712992 ], [ 135.75390570500852, 33.661624865496648 ], [ 135.753890227129233, 33.661253470310932 ], [ 135.753523890434622, 33.661267818802827 ], [ 135.753136184564937, 33.660873283577303 ], [ 135.752646605433995, 33.660932466670644 ], [ 135.752060347079492, 33.660672919996266 ], [ 135.752098574228228, 33.660229922984101 ], [ 135.751410228041436, 33.659837177625235 ], [ 135.749629756603014, 33.658216137752952 ], [ 135.749520225104078, 33.657685637805614 ], [ 135.751193081040867, 33.655329086842919 ], [ 135.751464757567106, 33.65465353870637 ], [ 135.751388019065018, 33.653751740776805 ], [ 135.750647442769719, 33.653219695264404 ], [ 135.750291490241949, 33.652696167913817 ], [ 135.748506580029726, 33.651871366088514 ], [ 135.746678185110824, 33.650647898426854 ], [ 135.745523193237176, 33.653703822167834 ], [ 135.745328324003054, 33.654598305590049 ], [ 135.74423499074004, 33.662168171808638 ], [ 135.744397793275397, 33.66283389015635 ], [ 135.745675866885961, 33.665331092268225 ], [ 135.745958435115369, 33.667930930225282 ], [ 135.746996767014991, 33.67014430315426 ], [ 135.747213196978066, 33.671560730200994 ], [ 135.747141440307786, 33.672278229951417 ], [ 135.747299716214798, 33.673733425890376 ], [ 135.74715636795338, 33.675110239238535 ], [ 135.745645407891971, 33.679626810318766 ], [ 135.745643944844261, 33.680131035179976 ], [ 135.745953057217349, 33.68164476999754 ], [ 135.747394250286078, 33.685177993754017 ], [ 135.74748251716909, 33.68678821066144 ], [ 135.7478859088869, 33.687836518708174 ], [ 135.748579292919487, 33.68900178630183 ], [ 135.749270229846729, 33.691020527893805 ], [ 135.749689834462544, 33.694532377082254 ], [ 135.749965435927322, 33.695619158836188 ], [ 135.750942450879677, 33.698074782748577 ], [ 135.751973514000213, 33.698038112367605 ], [ 135.753933659567707, 33.697396213842168 ], [ 135.755438369377629, 33.69794963426051 ], [ 135.757490675733948, 33.698352378339237 ], [ 135.757535996028849, 33.699531103620025 ], [ 135.756980975110622, 33.700842632767312 ], [ 135.757043646534015, 33.701096769285847 ], [ 135.757800440861729, 33.701691092104923 ], [ 135.758159954448388, 33.702323377585259 ], [ 135.758653711193347, 33.702550318448871 ], [ 135.761061426584206, 33.702808976094282 ], [ 135.761797188847055, 33.70321950741041 ], [ 135.762146674024422, 33.702792449509225 ], [ 135.762926020331236, 33.702144596592937 ], [ 135.763716970370467, 33.701737248186994 ], [ 135.764112613110427, 33.701291393462903 ], [ 135.76529676047258, 33.700987058037654 ], [ 135.765662102017188, 33.700258244614893 ], [ 135.766158628224332, 33.700103356635722 ], [ 135.766778497736567, 33.700291748585471 ], [ 135.767175978490485, 33.700207535950611 ], [ 135.768121321140313, 33.700838340286104 ], [ 135.768843265590505, 33.700880533134516 ], [ 135.769643821021816, 33.700383561365186 ], [ 135.771648953926302, 33.700383997871249 ], [ 135.772299194922169, 33.701555088449766 ], [ 135.772552213471357, 33.702348024935013 ], [ 135.77376065756502, 33.70390840573841 ], [ 135.774302579250786, 33.703671998808396 ], [ 135.775033767062695, 33.703063291524636 ], [ 135.77647932127482, 33.702510808601161 ] ] ] } },
{ "type": "Feature", "properties": { "CITY_NAME": "古座川町", "S_NAME": "田川", "JINKO": 6, "medical_area": "30_新宮医療圏", "町丁目名": "古座川町田川" }, "geometry": { "type": "Polygon", "coordinates": [ [ [ 135.77794025995226, 33.632239459283177 ], [ 135.784967896765721, 33.635707136030256 ], [ 135.785727135191166, 33.635750711596245 ], [ 135.785814114200747, 33.624356114689476 ], [ 135.783109877085053, 33.626269183252774 ], [ 135.780516380725118, 33.627717431940283 ], [ 135.779840940678753, 33.627927561527557 ], [ 135.776761377698733, 33.628077299060905 ], [ 135.776422799016586, 33.628513716132872 ], [ 135.776251350660829, 33.629571168719593 ], [ 135.776367624234297, 33.63029073544309 ], [ 135.776770244447931, 33.631193968870456 ], [ 135.77794025995226, 33.632239459283177 ] ] ] } },
{ "type": "Feature", "properties": { "CITY_NAME": "古座川町", "S_NAME": "西赤木", "JINKO": 3, "medical_area": "30_新宮医療圏", "町丁目名": "古座川町西赤木" }, "geometry": { "type": "Polygon", "coordinates": [ [ [ 135.786940821040247, 33.616484715666225 ], [ 135.785326407262573, 33.616037895112335 ], [ 135.784358278100513, 33.616008053755991 ], [ 135.782285452189853, 33.616231543968155 ], [ 135.780976809601583, 33.616513267712627 ], [ 135.780245571586249, 33.61685263661473 ], [ 135.779658559370688, 33.617249175983588 ], [ 135.77930023989046, 33.61788759711748 ], [ 135.779350450791469, 33.618185800946939 ], [ 135.780577095321917, 33.620133332611537 ], [ 135.780490946131351, 33.62061613942992 ], [ 135.780048675640558, 33.620856552521985 ], [ 135.779369180774722, 33.620869713463904 ], [ 135.777773330922855, 33.620511825288673 ], [ 135.776331824867498, 33.619586144910294 ], [ 135.776555205060561, 33.621901310792651 ], [ 135.776314611018591, 33.622979784575548 ], [ 135.775590566971545, 33.623788008190168 ], [ 135.773540856581491, 33.624835004926005 ], [ 135.773114418750566, 33.625501743901332 ], [ 135.773188725996704, 33.626325219820956 ], [ 135.773814309922358, 33.627462472282978 ], [ 135.774636947879088, 33.627961020489018 ], [ 135.776761377698733, 33.628077299060905 ], [ 135.777679782981835, 33.627206866536525 ], [ 135.779684331239508, 33.627231584725052 ], [ 135.780602859110473, 33.626764628925663 ], [ 135.780778923061035, 33.625998235881795 ], [ 135.780568992493841, 33.6250322278864 ], [ 135.779794515970991, 33.623965749873058 ], [ 135.778509964774287, 33.62307615382602 ], [ 135.778222536821943, 33.622550132913204 ], [ 135.778495306543817, 33.622160083732261 ], [ 135.77900497865835, 33.622139861082722 ], [ 135.779962777195209, 33.622922361298038 ], [ 135.780735228112235, 33.62310857520648 ], [ 135.781687287473119, 33.622797770843405 ], [ 135.783052964580406, 33.62181340133958 ], [ 135.783887443700365, 33.620955733982392 ], [ 135.783846517249685, 33.620338014972106 ], [ 135.783991474842537, 33.62010383233077 ], [ 135.785046322478109, 33.619431092896598 ], [ 135.785743220738084, 33.619247719685944 ], [ 135.78859596862182, 33.6196785851686 ], [ 135.789785009155366, 33.619694947628481 ], [ 135.790210094558461, 33.619525183893948 ], [ 135.790211080269188, 33.619113234086086 ], [ 135.789957160467679, 33.618743688489843 ], [ 135.788328769140918, 33.617775325042373 ], [ 135.786940821040247, 33.616484715666225 ] ] ] } },
{ "type": "Feature", "properties": { "CITY_NAME": "古座川町", "S_NAME": "宇筒井", "JINKO": 1, "medical_area": "30_新宮医療圏", "町丁目名": "古座川町宇筒井" }, "geometry": { "type": "Polygon", "coordinates": [ [ [ 135.754539471840161, 33.620095285995966 ], [ 135.743009321744154, 33.619552336411516 ], [ 135.75402309855474, 33.631477804790812 ], [ 135.758882417667053, 33.625540874431792 ], [ 135.754539471840161, 33.620095285995966 ] ] ] } },
{ "type": "Feature", "properties": { "CITY_NAME": "古座川町", "S_NAME": "小川", "JINKO": 0, "medical_area": "30_新宮医療圏", "町丁目名": "古座川町小川" }, "geometry": { "type": "Polygon", "coordinates": [ [ [ 135.773250953310082, 33.594811229946345 ], [ 135.774249111299298, 33.593889360163324 ], [ 135.774487091540692, 33.593108697727594 ], [ 135.773835412926786, 33.591450099321619 ], [ 135.771990563769634, 33.589528962100765 ], [ 135.77150043593474, 33.58928319870477 ], [ 135.771047418583862, 33.58929025806443 ], [ 135.769710304897018, 33.589911373110674 ], [ 135.768294324743806, 33.590019206792221 ], [ 135.765908398159809, 33.589045719723472 ], [ 135.766034844977327, 33.587377557927745 ], [ 135.765921037407765, 33.587005399623223 ], [ 135.76547728969723, 33.586572604183409 ], [ 135.765126331723252, 33.586331872006809 ], [ 135.761942252269051, 33.585617742656126 ], [ 135.760574678398882, 33.583886986703959 ], [ 135.759761361508708, 33.584785422208462 ], [ 135.759474141219272, 33.585505089715859 ], [ 135.759563748116307, 33.586843425148054 ], [ 135.756728282517543, 33.589808059394002 ], [ 135.76535944590529, 33.593052955678743 ], [ 135.766291735001516, 33.593282950465785 ], [ 135.767454631735546, 33.593152977162624 ], [ 135.767756445750251, 33.592997719032574 ], [ 135.768018712687848, 33.592512705647415 ], [ 135.768696283621153, 33.593263778157159 ], [ 135.76977981056919, 33.593975870137001 ], [ 135.770925544926314, 33.594356979425669 ], [ 135.772553751216464, 33.594328406057478 ], [ 135.773250953310082, 33.594811229946345 ] ] ] } },
{ "type": "Feature", "properties": { "CITY_NAME": "古座川町", "S_NAME": "小川", "JINKO": 61, "medical_area": "30_新宮医療圏", "町丁目名": "古座川町小川" }, "geometry": { "type": "Polygon", "coordinates": [ [ [ 135.773250953310082, 33.594811229946345 ], [ 135.772248809144429, 33.595448484428211 ], [ 135.771171922993375, 33.59578604457618 ], [ 135.767862946172897, 33.596079708806883 ], [ 135.766030607324126, 33.596549650253642 ], [ 135.765358755621236, 33.597187730072555 ], [ 135.765028550799485, 33.598891844491703 ], [ 135.763458539876353, 33.600064705596147 ], [ 135.763958585527661, 33.602103172993978 ], [ 135.764383982513777, 33.602991573256752 ], [ 135.765623174101279, 33.604676401108918 ], [ 135.766666560465723, 33.605539192648095 ], [ 135.767252164155508, 33.605778675186379 ], [ 135.768091807890357, 33.605807017209209 ], [ 135.76828260458754, 33.605555467640258 ], [ 135.768189817542947, 33.604694473344423 ], [ 135.768602851222511, 33.604284418039775 ], [ 135.771130841053292, 33.60393154127437 ], [ 135.772193645605796, 33.603429969793773 ], [ 135.772670096622704, 33.602993802996401 ], [ 135.773338347203122, 33.601908770735541 ], [ 135.773309053041203, 33.600981391855548 ], [ 135.772653006250124, 33.600423975140615 ], [ 135.770008698935186, 33.599862599049672 ], [ 135.767219192266879, 33.600294708483567 ], [ 135.766412225845784, 33.599909130491966 ], [ 135.765448511158326, 33.59890052920305 ], [ 135.767898178466794, 33.598810461617255 ], [ 135.770260710449833, 33.59953310636584 ], [ 135.771091234705807, 33.599581980675367 ], [ 135.773712393813213, 33.598868518955484 ], [ 135.77634474955471, 33.597460419642921 ], [ 135.776478397862036, 33.596868926400553 ], [ 135.776135924124929, 33.596071167423695 ], [ 135.775740527348091, 33.595668083243723 ], [ 135.7750337893454, 33.595216820125806 ], [ 135.773250953310082, 33.594811229946345 ] ] ] } },
{ "type": "Feature", "properties": { "CITY_NAME": "古座川町", "S_NAME": "大桑", "JINKO": 0, "medical_area": "30_新宮医療圏", "町丁目名": "古座川町大桑" }, "geometry": { "type": "Polygon", "coordinates": [ [ [ 135.744612616532493, 33.61166659738246 ], [ 135.745255348010971, 33.611171154572752 ], [ 135.74537229596956, 33.610512042652516 ], [ 135.74405515988002, 33.608558598894142 ], [ 135.743794093611797, 33.607926037880084 ], [ 135.743780982203532, 33.606799476168689 ], [ 135.745818794022881, 33.601074902888769 ], [ 135.728412415433667, 33.60026870754939 ], [ 135.732215408792399, 33.60589587096176 ], [ 135.733828090722227, 33.607836254648596 ], [ 135.73435280476923, 33.608208476511535 ], [ 135.742615787603569, 33.611866458539765 ], [ 135.74365080366195, 33.611964693566662 ], [ 135.744612616532493, 33.61166659738246 ] ] ] } },
{ "type": "Feature", "properties": { "CITY_NAME": "古座川町", "S_NAME": "山手", "JINKO": 31, "medical_area": "30_新宮医療圏", "町丁目名": "古座川町山手" }, "geometry": { "type": "Polygon", "coordinates": [ [ [ 135.754234648945413, 33.593502547594362 ], [ 135.753621822348066, 33.592276738581276 ], [ 135.750366923128695, 33.589615053107408 ], [ 135.750179222472951, 33.589335716995556 ], [ 135.75016671689886, 33.588644779330927 ], [ 135.750538252775101, 33.588002800875188 ], [ 135.751541904407134, 33.586877157929166 ], [ 135.752035646084892, 33.584040956240948 ], [ 135.753166480516711, 33.581497091393103 ], [ 135.753978878516079, 33.581316677817377 ], [ 135.754471470873341, 33.581439099565983 ], [ 135.755062703863217, 33.581981559841019 ], [ 135.755931430527255, 33.581679799583682 ], [ 135.756410217593867, 33.581865022660267 ], [ 135.756559366326883, 33.581800224478123 ], [ 135.756664680221775, 33.581193766054099 ], [ 135.7574685492649, 33.580929905637859 ], [ 135.757613656922189, 33.579856898906939 ], [ 135.757189589020271, 33.576294984460752 ], [ 135.758332053779014, 33.574862414674982 ], [ 135.759035096460792, 33.571695505003561 ], [ 135.759420811179098, 33.570671721442721 ], [ 135.760322963343953, 33.569349674856348 ], [ 135.76143736161049, 33.568796706410403 ], [ 135.762203109883643, 33.568798166678903 ], [ 135.762662012961755, 33.569003892159408 ], [ 135.763415747804146, 33.569671724340978 ], [ 135.763742930806245, 33.569501305319811 ], [ 135.763662955055366, 33.568877863148877 ], [ 135.762943462926444, 33.568028913787636 ], [ 135.762024397104653, 33.567681987708532 ], [ 135.760767253804687, 33.567355540818404 ], [ 135.757641126281072, 33.567148288065674 ], [ 135.753826168949985, 33.567543138363185 ], [ 135.752209501759182, 33.568171939178008 ], [ 135.748544199660898, 33.570262656893405 ], [ 135.745963506389927, 33.571522006892891 ], [ 135.745000665898203, 33.571778415008303 ], [ 135.744279082994638, 33.571776924495218 ], [ 135.742871948301911, 33.571398677384046 ], [ 135.742885880923524, 33.572103715124356 ], [ 135.743779365274548, 33.573912050756029 ], [ 135.743604612485029, 33.574178531535928 ], [ 135.742465685291364, 33.574491472596527 ], [ 135.742276004517379, 33.574903036224974 ], [ 135.742376814816026, 33.57513374081185 ], [ 135.743917151916804, 33.576361551678964 ], [ 135.744104730560196, 33.576665133805676 ], [ 135.744044803632875, 33.577319861734431 ], [ 135.741446213688988, 33.583425309273629 ], [ 135.737455885276063, 33.589333617658966 ], [ 135.736791702296898, 33.59081152046263 ], [ 135.736859955176243, 33.592230115247837 ], [ 135.737096974029129, 33.59297027606214 ], [ 135.737630841183432, 33.59385646084943 ], [ 135.737992464536148, 33.594148300535295 ], [ 135.738775219221651, 33.594234769983863 ], [ 135.740066401318359, 33.594019397644466 ], [ 135.742788968826062, 33.592739634547222 ], [ 135.743992596283135, 33.592705783006259 ], [ 135.745237970153966, 33.593266268642516 ], [ 135.747646057760875, 33.595417204436075 ], [ 135.748905984264837, 33.595977397241931 ], [ 135.750631620778449, 33.595956649244741 ], [ 135.753076144349109, 33.595537191115099 ], [ 135.753860178783157, 33.595175261201483 ], [ 135.75418144410574, 33.594375659855963 ], [ 135.754234648945413, 33.593502547594362 ] ] ] } },
{ "type": "Feature", "properties": { "CITY_NAME": "古座川町", "S_NAME": "長追", "JINKO": 29, "medical_area": "30_新宮医療圏", "町丁目名": "古座川町長追" }, "geometry": { "type": "Polygon", "coordinates": [ [ [ 135.688303982062024, 33.59015949092673 ], [ 135.689717238262972, 33.587685081757051 ], [ 135.689150332854865, 33.586690135798897 ], [ 135.688274193619094, 33.585660587327453 ], [ 135.688122843861294, 33.583897394476033 ], [ 135.686512001796473, 33.57947871948376 ], [ 135.685597167892638, 33.577713604625906 ], [ 135.684836465239471, 33.576934256032963 ], [ 135.684109654466511, 33.577105988136012 ], [ 135.681558416614479, 33.576897995648537 ], [ 135.680000036860434, 33.577511930212985 ], [ 135.679054982790063, 33.577231654604468 ], [ 135.67681585821876, 33.575671267580702 ], [ 135.676634758831227, 33.575275177903265 ], [ 135.676740368981854, 33.5747755763729 ], [ 135.674652611330259, 33.570776189126249 ], [ 135.668675359704139, 33.572912281599258 ], [ 135.66833887833198, 33.573063540007212 ], [ 135.668036439381609, 33.573460884709299 ], [ 135.667372381977373, 33.575086105067157 ], [ 135.667397328240014, 33.575882204188346 ], [ 135.668745106241602, 33.578461291903395 ], [ 135.669215422598683, 33.579925558072723 ], [ 135.669184740509337, 33.580627959018912 ], [ 135.668062576696315, 33.583083235903345 ], [ 135.668027236110248, 33.583833809715507 ], [ 135.667437020117575, 33.584077667221564 ], [ 135.666647932876742, 33.584782269788853 ], [ 135.66622264355189, 33.585497706682744 ], [ 135.665647317503812, 33.58707640038859 ], [ 135.664435425141278, 33.587838739601892 ], [ 135.664017061792407, 33.588269581321619 ], [ 135.663803712694744, 33.588808894722526 ], [ 135.664035520865582, 33.589297840431392 ], [ 135.66406780955495, 33.589082930833918 ], [ 135.666905453798677, 33.589711572340264 ], [ 135.667697426215, 33.589709455076587 ], [ 135.668178346898941, 33.59151016715473 ], [ 135.667658845399018, 33.592261696664906 ], [ 135.66741096868455, 33.593303615177668 ], [ 135.666963357637172, 33.594450104988496 ], [ 135.66664706759542, 33.594862065953222 ], [ 135.66549024249781, 33.595618353643488 ], [ 135.664302983869447, 33.596102351002529 ], [ 135.663976856786235, 33.596338443876526 ], [ 135.663664983514707, 33.596965388917063 ], [ 135.660619443186221, 33.597947006228523 ], [ 135.662333464974267, 33.598975887251086 ], [ 135.663914748551775, 33.59959075080473 ], [ 135.667384661133411, 33.600351813457898 ], [ 135.668662988630018, 33.600314076349449 ], [ 135.670037989281553, 33.599783199374649 ], [ 135.671723918865922, 33.598736633971363 ], [ 135.672245670225948, 33.59818601184309 ], [ 135.672815375515512, 33.597024915523214 ], [ 135.67764058003786, 33.596861391130993 ], [ 135.678357318224272, 33.596745743850292 ], [ 135.679623327285924, 33.596220680384498 ], [ 135.686994648109675, 33.591048591984766 ], [ 135.687810737757928, 33.590627976096386 ], [ 135.688303982062024, 33.59015949092673 ] ] ] } },
{ "type": "Feature", "properties": { "CITY_NAME": "古座川町", "S_NAME": "真砂", "JINKO": 5, "medical_area": "30_新宮医療圏", "町丁目名": "古座川町真砂" }, "geometry": { "type": "Polygon", "coordinates": [ [ [ 135.691522902772846, 33.585489987074787 ], [ 135.691007137875488, 33.585042658033267 ], [ 135.690043136602071, 33.583055416520608 ], [ 135.688251593690268, 33.578095016144644 ], [ 135.687740397373432, 33.577163582906024 ], [ 135.686980008852487, 33.576287034916191 ], [ 135.686019845761081, 33.575590602205118 ], [ 135.685042368612869, 33.575216192975141 ], [ 135.6853827253654, 33.575742007297258 ], [ 135.685362684835752, 33.576028246336918 ], [ 135.684836465239471, 33.576934256032963 ], [ 135.685597167892638, 33.577713604625906 ], [ 135.686512001796473, 33.579478719483788 ], [ 135.688122843861294, 33.583897394476018 ], [ 135.688274193619094, 33.585660587327425 ], [ 135.688538210136613, 33.586105612111453 ], [ 135.689150332854865, 33.586690135798897 ], [ 135.689717238262972, 33.587685081757066 ], [ 135.691522902772846, 33.585489987074787 ] ] ] } },
{ "type": "Feature", "properties": { "CITY_NAME": "古座川町", "S_NAME": "大川", "JINKO": 0, "medical_area": "30_新宮医療圏", "町丁目名": "古座川町大川" }, "geometry": { "type": "Polygon", "coordinates": [ [ [ 135.69012742165603, 33.555077989980553 ], [ 135.689027998295359, 33.554945364556012 ], [ 135.687345410439718, 33.555466950653212 ], [ 135.687913634821342, 33.556343545961532 ], [ 135.688101820339085, 33.557143113092557 ], [ 135.687428530798996, 33.559815991430121 ], [ 135.682788660020037, 33.563724073980133 ], [ 135.688176576709026, 33.567110767241481 ], [ 135.689161376959106, 33.56731496974048 ], [ 135.693128290834153, 33.567425917762527 ], [ 135.693320482366232, 33.567106568038348 ], [ 135.692571056861993, 33.561502677596067 ], [ 135.688703709540619, 33.558944551508063 ], [ 135.689052395269186, 33.55704432278479 ], [ 135.69080615501511, 33.555839880540852 ], [ 135.690783505127001, 33.555489586204978 ], [ 135.69012742165603, 33.555077989980553 ] ] ] } },
{ "type": "Feature", "properties": { "CITY_NAME": "古座川町", "S_NAME": "大川", "JINKO": 36, "medical_area": "30_新宮医療圏", "町丁目名": "古座川町大川" }, "geometry": { "type": "Polygon", "coordinates": [ [ [ 135.681309232563905, 33.576952866197693 ], [ 135.684616108145633, 33.5770517659085 ], [ 135.685208986718123, 33.576457293722072 ], [ 135.685362684835752, 33.576028246336911 ], [ 135.685250614294858, 33.575471165073722 ], [ 135.684587264537413, 33.574865071872232 ], [ 135.683104681593704, 33.574686593542459 ], [ 135.681344380444898, 33.575047840370388 ], [ 135.680355570786674, 33.575045299048739 ], [ 135.679311472985319, 33.574565271898933 ], [ 135.679037230667461, 33.574184724206596 ], [ 135.679077846283093, 33.573467417528306 ], [ 135.679326110580462, 33.573181770128002 ], [ 135.682591310822488, 33.572076838100656 ], [ 135.683086933548964, 33.571744192987595 ], [ 135.683488216478651, 33.57120447712034 ], [ 135.683809726476568, 33.570386158126659 ], [ 135.683960473659226, 33.569456111576621 ], [ 135.683860310012534, 33.568247320765046 ], [ 135.682862908990074, 33.566717844473523 ], [ 135.680860653786937, 33.566999015735533 ], [ 135.680139108987134, 33.566734833138149 ], [ 135.678939214304108, 33.565992091977336 ], [ 135.677855444155654, 33.565989296053345 ], [ 135.677130571087815, 33.566615774351547 ], [ 135.674652611330259, 33.570776189126249 ], [ 135.676740368981854, 33.5747755763729 ], [ 135.676634758831227, 33.575275177903265 ], [ 135.67681585821876, 33.575671267580702 ], [ 135.679518926080959, 33.577448133426984 ], [ 135.680265825174047, 33.577456822925463 ], [ 135.681309232563905, 33.576952866197693 ] ] ] } },
{ "type": "Feature", "properties": { "CITY_NAME": "古座川町", "S_NAME": "洞尾", "JINKO": 11, "medical_area": "30_新宮医療圏", "町丁目名": "古座川町洞尾" }, "geometry": { "type": "Polygon", "coordinates": [ [ [ 135.718930272918612, 33.547845809012223 ], [ 135.717003842234135, 33.545651218741384 ], [ 135.714474606633587, 33.545202475359474 ], [ 135.712903831975893, 33.552822479097493 ], [ 135.712901986118197, 33.553382637750353 ], [ 135.714230471558238, 33.556586071915227 ], [ 135.715200044262218, 33.559888699390058 ], [ 135.715197367410099, 33.560708650701493 ], [ 135.715340457547171, 33.560829013819053 ], [ 135.717016471347335, 33.560172651387141 ], [ 135.719098053638845, 33.556077021281041 ], [ 135.719245491528, 33.554837272926584 ], [ 135.718930272918612, 33.547845809012223 ] ] ] } },
{ "type": "Feature", "properties": { "CITY_NAME": "古座川町", "S_NAME": "蔵土", "JINKO": 30, "medical_area": "30_新宮医療圏", "町丁目名": "古座川町蔵土" }, "geometry": { "type": "Polygon", "coordinates": [ [ [ 135.688758274751422, 33.558551056270346 ], [ 135.694051837400309, 33.559318095209015 ], [ 135.695308753521914, 33.558881036430719 ], [ 135.6964536352219, 33.557993715754257 ], [ 135.704830869065859, 33.555563746555102 ], [ 135.707015472956925, 33.554748990449433 ], [ 135.708165322965897, 33.554111523745782 ], [ 135.709232265407422, 33.553234061048421 ], [ 135.709320786305057, 33.55178398493112 ], [ 135.709096763145482, 33.550853328796585 ], [ 135.707879804821232, 33.550130539639291 ], [ 135.706296749848661, 33.549856583295337 ], [ 135.705131018559257, 33.549903973538747 ], [ 135.704305157911023, 33.550191949797515 ], [ 135.703206808147428, 33.551509422761733 ], [ 135.703003451239368, 33.551548947154458 ], [ 135.702692899803054, 33.551468179945552 ], [ 135.70101174681119, 33.550164050379955 ], [ 135.700721530067938, 33.549383411530521 ], [ 135.700138464930177, 33.548601783075469 ], [ 135.699254504828559, 33.548409732097909 ], [ 135.698004061682639, 33.548756653834083 ], [ 135.697488239547766, 33.549265399430148 ], [ 135.696492414143449, 33.552013323284228 ], [ 135.696060425424463, 33.552472400534903 ], [ 135.695443514659189, 33.552820854642668 ], [ 135.695106965681987, 33.553340178970188 ], [ 135.695022012985049, 33.553700069267123 ], [ 135.695163712891826, 33.554200268170405 ], [ 135.695881993919585, 33.555642123138085 ], [ 135.695677204394855, 33.556081743375159 ], [ 135.69542554554738, 33.55625103549113 ], [ 135.694684001307706, 33.556339394084134 ], [ 135.692863522439552, 33.555554727655526 ], [ 135.69148840014546, 33.555621503489846 ], [ 135.69080615501511, 33.555839880540852 ], [ 135.689052395269186, 33.55704432278479 ], [ 135.688758274751422, 33.558551056270346 ] ] ] } },
{ "type": "Feature", "properties": { "CITY_NAME": "古座川町", "S_NAME": "三尾川", "JINKO": 144, "medical_area": "30_新宮医療圏", "町丁目名": "古座川町三尾川" }, "geometry": { "type": "Polygon", "coordinates": [ [ [ 135.667397328240014, 33.575882204188346 ], [ 135.667372381977373, 33.575086105067157 ], [ 135.668036439381609, 33.573460884709299 ], [ 135.66833887833198, 33.573063540007212 ], [ 135.674652611330259, 33.570776189126249 ], [ 135.677130571087815, 33.566615774351547 ], [ 135.677855444155654, 33.565989296053345 ], [ 135.678939214304108, 33.565992091977336 ], [ 135.680139108987134, 33.566734833138149 ], [ 135.680860653786937, 33.566999015735533 ], [ 135.682862908990074, 33.566717844473523 ], [ 135.683860310012534, 33.568247320765046 ], [ 135.684752288534952, 33.567944418725077 ], [ 135.686878989981182, 33.567787174171862 ], [ 135.687763336027814, 33.567526204166462 ], [ 135.688176576709026, 33.567110767241481 ], [ 135.682788660020037, 33.563724073980133 ], [ 135.687428530798996, 33.559815991430121 ], [ 135.688101820339085, 33.557143113092557 ], [ 135.687913634821342, 33.556343545961532 ], [ 135.687345410439718, 33.555466950653212 ], [ 135.688561488756761, 33.555014082145938 ], [ 135.689536130063317, 33.554936483661557 ], [ 135.690610641259269, 33.555349120483299 ], [ 135.690842892247389, 33.555599904888318 ], [ 135.69080615501511, 33.555839880540852 ], [ 135.69148840014546, 33.555621503489846 ], [ 135.692863522439552, 33.555554727655512 ], [ 135.694684001307706, 33.556339394084134 ], [ 135.69542554554738, 33.556251035491137 ], [ 135.695677204394912, 33.556081743375167 ], [ 135.695881993919556, 33.555642123138085 ], [ 135.695163712891826, 33.554200268170405 ], [ 135.695022012985049, 33.553700069267123 ], [ 135.695106965681987, 33.553340178970188 ], [ 135.695443514659161, 33.55282085464269 ], [ 135.696060425424463, 33.552472400534903 ], [ 135.696492414143449, 33.552013323284214 ], [ 135.697488239547766, 33.549265399430148 ], [ 135.698004061682639, 33.548756653834083 ], [ 135.699254504828588, 33.548409732097909 ], [ 135.700138464930177, 33.548601783075469 ], [ 135.700721530067938, 33.549383411530521 ], [ 135.70101174681119, 33.550164050379955 ], [ 135.702692899803054, 33.551468179945573 ], [ 135.703003451239368, 33.551548947154458 ], [ 135.703206808147343, 33.551509422761733 ], [ 135.704305157911023, 33.550191949797529 ], [ 135.705131018559257, 33.549903973538775 ], [ 135.70629674984869, 33.549856583295373 ], [ 135.707879804821232, 33.550130539639291 ], [ 135.70845269879743, 33.550411969088692 ], [ 135.70909676314551, 33.550853328796585 ], [ 135.709326054751898, 33.552095074215309 ], [ 135.709839878528499, 33.552718431464442 ], [ 135.709895902663789, 33.553061480126715 ], [ 135.7095638692482, 33.554025491961461 ], [ 135.708706913293412, 33.555195366103298 ], [ 135.708561518859739, 33.555920585751402 ], [ 135.708972176775717, 33.557101894576192 ], [ 135.709490134788098, 33.557957729291225 ], [ 135.710484936507555, 33.558361579970246 ], [ 135.711747738853319, 33.558288157573855 ], [ 135.712714283942461, 33.558016514440958 ], [ 135.71437610914279, 33.557082045097374 ], [ 135.712901986118197, 33.553382637750353 ], [ 135.712903831975893, 33.552822479097493 ], [ 135.714474606633587, 33.545202475359474 ], [ 135.712770236987808, 33.543471002374929 ], [ 135.712266142965831, 33.539004895020035 ], [ 135.711026796433032, 33.5375756957839 ], [ 135.706254639729195, 33.534145214849289 ], [ 135.706244526627927, 33.533753811508554 ], [ 135.70657740282482, 33.533232194283308 ], [ 135.703180494882531, 33.533489555989284 ], [ 135.702182773180283, 33.533301763907083 ], [ 135.70176908938015, 33.532616069262197 ], [ 135.701034547670332, 33.532510049452732 ], [ 135.699523402640096, 33.53243680751698 ], [ 135.698406543588248, 33.532619507258524 ], [ 135.695017477564676, 33.532274827446365 ], [ 135.693851633439181, 33.532585302705776 ], [ 135.692222756506482, 33.532476761321995 ], [ 135.691005013955731, 33.531777779350811 ], [ 135.690313730010928, 33.531653777631369 ], [ 135.690448142615736, 33.532764288045072 ], [ 135.690284917911242, 33.533109051876011 ], [ 135.689428362576621, 33.533747953201775 ], [ 135.686207322809537, 33.534516177838448 ], [ 135.684355375389515, 33.535472915052353 ], [ 135.68357420256379, 33.535618590642414 ], [ 135.681907053872862, 33.536366414486196 ], [ 135.678966081262274, 33.537036567581332 ], [ 135.678318203691759, 33.536973478629335 ], [ 135.677318219499199, 33.536539512720339 ], [ 135.676161488630015, 33.536659660032718 ], [ 135.675184994409648, 33.537827892204021 ], [ 135.674565285404441, 33.538109745538186 ], [ 135.672376150055953, 33.537728434251946 ], [ 135.671821622418918, 33.537202887192642 ], [ 135.671483252232804, 33.537091265384021 ], [ 135.670643220077153, 33.537212196283555 ], [ 135.670267383425397, 33.536738958039173 ], [ 135.669843110944299, 33.536555815173983 ], [ 135.667153727189344, 33.536863165689567 ], [ 135.666200846192709, 33.53668846979059 ], [ 135.665792202995448, 33.537851667151671 ], [ 135.665755539941728, 33.538592068460744 ], [ 135.664871004957718, 33.539941090633235 ], [ 135.665352525132988, 33.540371234400965 ], [ 135.665185264118776, 33.541147635058884 ], [ 135.664490428711048, 33.542161287815169 ], [ 135.66491215580885, 33.543052535426519 ], [ 135.66501547296383, 33.543829657984105 ], [ 135.664397989247448, 33.544827174029699 ], [ 135.663749597175553, 33.545068326380715 ], [ 135.663118822849412, 33.545746263142078 ], [ 135.662566226992908, 33.547448076895286 ], [ 135.662766752402973, 33.548071889990034 ], [ 135.662077705314061, 33.548822362442728 ], [ 135.661999970517257, 33.550177746282102 ], [ 135.662188460464336, 33.551416348633921 ], [ 135.661983098586745, 33.552038789236661 ], [ 135.662714759143824, 33.55263078040106 ], [ 135.662985197400786, 33.554410290575483 ], [ 135.662497968925209, 33.555677757630939 ], [ 135.660580125693542, 33.556642684046487 ], [ 135.658727015555883, 33.556714867299682 ], [ 135.656956660953682, 33.558332440156477 ], [ 135.654991275376915, 33.559160528930491 ], [ 135.654187687991083, 33.560708020246032 ], [ 135.653983874164936, 33.560917656305456 ], [ 135.653509803294099, 33.561029624389555 ], [ 135.653302222504976, 33.562178083071529 ], [ 135.65275906371059, 33.56264600991144 ], [ 135.652057760213978, 33.565180807089419 ], [ 135.65135900489571, 33.565874565654525 ], [ 135.650458956277362, 33.566147376465246 ], [ 135.649552524742717, 33.56561064819023 ], [ 135.648330382340077, 33.565457647386054 ], [ 135.647537328108712, 33.565568717390995 ], [ 135.645543136095881, 33.566299680250921 ], [ 135.644972823969425, 33.566305965999028 ], [ 135.644101175025384, 33.566724192112488 ], [ 135.642057111706265, 33.56664176685738 ], [ 135.641667031410208, 33.567482023440093 ], [ 135.639920191784057, 33.567982824890642 ], [ 135.639173928313539, 33.56845829262398 ], [ 135.637890455693736, 33.57026695610525 ], [ 135.637039597987552, 33.57032114508484 ], [ 135.635936239245325, 33.57065805740725 ], [ 135.63430738661387, 33.570665444506368 ], [ 135.633639492994433, 33.570881849155413 ], [ 135.632784036626049, 33.572020198417128 ], [ 135.631976403655216, 33.572591771792546 ], [ 135.630771615335561, 33.573852490356025 ], [ 135.6299502737333, 33.57624309698997 ], [ 135.629951217176938, 33.57669336275103 ], [ 135.630323239570373, 33.577828576175136 ], [ 135.631796676115641, 33.579703873096001 ], [ 135.632596656694233, 33.579643399177947 ], [ 135.634111696655594, 33.57986227918127 ], [ 135.635044661143837, 33.579638747654698 ], [ 135.637602142161228, 33.579858615058562 ], [ 135.639783458228038, 33.579385038354417 ], [ 135.641117446949096, 33.579572011921556 ], [ 135.642073197182327, 33.57869588873568 ], [ 135.642942846998096, 33.578481678333986 ], [ 135.643415895415558, 33.578165184260001 ], [ 135.644609671287071, 33.578161239551285 ], [ 135.645007268990753, 33.578008235792055 ], [ 135.645838889191879, 33.577230642678302 ], [ 135.646403683833171, 33.576280976138051 ], [ 135.647440309117457, 33.576014227344906 ], [ 135.64832567091031, 33.576161243922655 ], [ 135.649195800918221, 33.576522359440339 ], [ 135.651669845840019, 33.575746716183808 ], [ 135.652544357893333, 33.57572996126158 ], [ 135.654357665345685, 33.576175351260794 ], [ 135.655279535392538, 33.575826488965077 ], [ 135.656153528519212, 33.576673931857307 ], [ 135.657297626078616, 33.57686499174703 ], [ 135.658592852871777, 33.576666179067431 ], [ 135.660233429050066, 33.575690579263075 ], [ 135.660709872775215, 33.575956764853274 ], [ 135.660753561376367, 33.577293112697888 ], [ 135.660999342225608, 33.577703219042903 ], [ 135.661496338795672, 33.577870830155682 ], [ 135.661794128694169, 33.578223029136495 ], [ 135.662684808604894, 33.579973649972253 ], [ 135.662122798284884, 33.580983450191617 ], [ 135.662379953894998, 33.581431906554037 ], [ 135.662389885398909, 33.58257090993267 ], [ 135.661620813715388, 33.584295321182807 ], [ 135.661773659052244, 33.584936235407376 ], [ 135.661517989547917, 33.585580830463172 ], [ 135.661923931609834, 33.586236801163942 ], [ 135.662151334946145, 33.589630890693797 ], [ 135.663551674743843, 33.591673340263796 ], [ 135.664091075797813, 33.59188556217503 ], [ 135.664627156136419, 33.591606068946042 ], [ 135.664831342867188, 33.591020518050918 ], [ 135.663908017117279, 33.58915266309652 ], [ 135.663887095463195, 33.588494935558757 ], [ 135.664435425141278, 33.587838739601892 ], [ 135.665647317503812, 33.58707640038859 ], [ 135.66622264355189, 33.585497706682744 ], [ 135.666647932876742, 33.584782269788853 ], [ 135.667437020117575, 33.584077667221564 ], [ 135.668027236110248, 33.583833809715507 ], [ 135.668062576696315, 33.583083235903345 ], [ 135.669184740509337, 33.580627959018912 ], [ 135.669215422598683, 33.579925558072723 ], [ 135.668745106241602, 33.578461291903395 ], [ 135.667397328240014, 33.575882204188346 ] ] ] } },
{ "type": "Feature", "properties": { "CITY_NAME": "古座川町", "S_NAME": "南平", "JINKO": 2, "medical_area": "30_新宮医療圏", "町丁目名": "古座川町南平" }, "geometry": { "type": "Polygon", "coordinates": [ [ [ 135.675599218814057, 33.537348544983224 ], [ 135.675910496029218, 33.536819339508952 ], [ 135.676522738984971, 33.536561973298433 ], [ 135.677318219499199, 33.536539512720339 ], [ 135.678318203691759, 33.536973478629335 ], [ 135.678966081262274, 33.537036567581332 ], [ 135.681907053872862, 33.536366414486196 ], [ 135.68357420256379, 33.535618590642414 ], [ 135.684355375389515, 33.535472915052353 ], [ 135.686207322809537, 33.534516177838448 ], [ 135.689428362576621, 33.533747953201775 ], [ 135.690284917911242, 33.533109051876011 ], [ 135.690448142615736, 33.532764288045072 ], [ 135.690313730010928, 33.531653777631369 ], [ 135.691005013955731, 33.531777779350811 ], [ 135.692222756506482, 33.532476761321995 ], [ 135.693671339764904, 33.532596413600189 ], [ 135.695017477564676, 33.532274827446365 ], [ 135.698406543588248, 33.532619507258524 ], [ 135.699523402640096, 33.53243680751698 ], [ 135.701034547670332, 33.532510049452732 ], [ 135.70176908938015, 33.532616069262197 ], [ 135.702182773180283, 33.533301763907083 ], [ 135.702750728808155, 33.533465423583017 ], [ 135.703686688028228, 33.533467658753466 ], [ 135.70657740282482, 33.533232194283308 ], [ 135.708281119118283, 33.530377633867431 ], [ 135.707963778551431, 33.530304474259701 ], [ 135.707686039243214, 33.528763940394064 ], [ 135.70709283998022, 33.528053327730341 ], [ 135.706981416680378, 33.52753432495868 ], [ 135.705646659794411, 33.527730102564888 ], [ 135.704830012519153, 33.527591225871618 ], [ 135.704805549146926, 33.526916043884647 ], [ 135.704288051188797, 33.526604301759001 ], [ 135.704011286867058, 33.526194229512683 ], [ 135.703427139995568, 33.52607702804962 ], [ 135.702606754286393, 33.524723407925521 ], [ 135.70193502465753, 33.524023002612573 ], [ 135.702032178401566, 33.523640306913954 ], [ 135.701866409208463, 33.523410828648608 ], [ 135.70102899948165, 33.522919375162068 ], [ 135.701159196079061, 33.52205746506921 ], [ 135.701508116940147, 33.521567457598472 ], [ 135.701146022437939, 33.519459496983721 ], [ 135.699250084398699, 33.519811632490864 ], [ 135.69761613176513, 33.519688751736972 ], [ 135.696612732808063, 33.52088017793259 ], [ 135.692896118073548, 33.521935064124683 ], [ 135.689992212017671, 33.521726978636821 ], [ 135.689584263349019, 33.521547602426139 ], [ 135.689381019694309, 33.521249261584252 ], [ 135.688152307263607, 33.520818464773889 ], [ 135.686667973024072, 33.52108271327549 ], [ 135.685895975836047, 33.520864933804638 ], [ 135.684775381124808, 33.521864657312598 ], [ 135.68400151727019, 33.522160253672645 ], [ 135.683530290203265, 33.522693302176869 ], [ 135.681907000893801, 33.522761874273897 ], [ 135.681846788250624, 33.523376830823366 ], [ 135.682336938265962, 33.524081948116404 ], [ 135.682150282390495, 33.52493130031408 ], [ 135.681630870497344, 33.525621729537839 ], [ 135.681055595139867, 33.527060683306708 ], [ 135.680098846662418, 33.527130931423777 ], [ 135.679210849255725, 33.52689421672433 ], [ 135.677582463588067, 33.527015407742667 ], [ 135.676588087217937, 33.526810521565942 ], [ 135.676308690934633, 33.526599313600336 ], [ 135.675651657943234, 33.526613667800277 ], [ 135.67513835003993, 33.526952432051644 ], [ 135.674845957335549, 33.527631305015255 ], [ 135.67484441444762, 33.528044096744694 ], [ 135.673509509621596, 33.528469467984799 ], [ 135.673507501184361, 33.529003426793196 ], [ 135.672339518086289, 33.529999539984928 ], [ 135.670570849935473, 33.530132688825674 ], [ 135.670214053075, 33.529953668197614 ], [ 135.66952800915351, 33.529960032716964 ], [ 135.668622586560872, 33.530487660762205 ], [ 135.666786234692324, 33.530636359067621 ], [ 135.666454158724406, 33.532816419822694 ], [ 135.66676878577195, 33.533917590103385 ], [ 135.666525078692331, 33.534475421292079 ], [ 135.666200846192709, 33.53668846979059 ], [ 135.667153727189344, 33.536863165689567 ], [ 135.669843110944299, 33.536555815173983 ], [ 135.670267383425397, 33.536738958039173 ], [ 135.670643220077153, 33.537212196283555 ], [ 135.671483252232804, 33.537091265384021 ], [ 135.671821622418918, 33.537202887192642 ], [ 135.672376150055953, 33.537728434251946 ], [ 135.674300165438098, 33.538109056280618 ], [ 135.674874932827038, 33.538024327707163 ], [ 135.675599218814057, 33.537348544983224 ] ] ] } },
{ "type": "Feature", "properties": { "CITY_NAME": "古座川町", "S_NAME": "佐田", "JINKO": 28, "medical_area": "30_新宮医療圏", "町丁目名": "古座川町佐田" }, "geometry": { "type": "Polygon", "coordinates": [ [ [ 135.69549958117662, 33.598098268063261 ], [ 135.696641038200539, 33.59767332308914 ], [ 135.697572312802976, 33.597775900971612 ], [ 135.6986526356458, 33.598231049619748 ], [ 135.700902093921997, 33.599543060275899 ], [ 135.701698336078834, 33.599595126856201 ], [ 135.706258564421773, 33.59303497106572 ], [ 135.702550927754885, 33.585374758050015 ], [ 135.691522902772846, 33.585489987074787 ], [ 135.689491586191934, 33.587954462236034 ], [ 135.688303982062024, 33.59015949092673 ], [ 135.687810737757928, 33.590627976096386 ], [ 135.686994648109675, 33.591048591984766 ], [ 135.687418686956875, 33.591588406448523 ], [ 135.688027955225948, 33.591916507708973 ], [ 135.689101845439666, 33.592062050665412 ], [ 135.692966621125606, 33.591898054936465 ], [ 135.694307496211962, 33.592503789763931 ], [ 135.694903332287623, 33.593189406173856 ], [ 135.695283621256777, 33.594415225038084 ], [ 135.69549958117662, 33.598098268063261 ] ] ] } },
{ "type": "Feature", "properties": { "CITY_NAME": "古座川町", "S_NAME": "佐田", "JINKO": 0, "medical_area": "30_新宮医療圏", "町丁目名": "古座川町佐田" }, "geometry": { "type": "Polygon", "coordinates": [ [ [ 135.69549958117662, 33.598098268063261 ], [ 135.691548732878459, 33.599281007248592 ], [ 135.689237324360903, 33.599170718393786 ], [ 135.688543419805484, 33.599425398828842 ], [ 135.686952710895184, 33.6010835988343 ], [ 135.684811799246802, 33.603800980670037 ], [ 135.686206131132508, 33.60450977195746 ], [ 135.686984837564893, 33.605287725981611 ], [ 135.687287521075916, 33.606013198564604 ], [ 135.687544542285082, 33.607555405902495 ], [ 135.687604146493783, 33.609668828237282 ], [ 135.688368112148794, 33.611171451231058 ], [ 135.689015253761426, 33.611193359747013 ], [ 135.689407512829405, 33.610775912907094 ], [ 135.689883198732645, 33.609215248616934 ], [ 135.690632732481873, 33.607910265067353 ], [ 135.691504230035378, 33.606636291275642 ], [ 135.692347976563752, 33.606301382313397 ], [ 135.69248157690302, 33.606505995750183 ], [ 135.692414040927531, 33.608343537324629 ], [ 135.691733204086944, 33.60921984867484 ], [ 135.691510810378588, 33.609954154403901 ], [ 135.697002544003112, 33.612679994877666 ], [ 135.697521062519428, 33.613311020576404 ], [ 135.697262224319729, 33.614304764075797 ], [ 135.70168266976026, 33.611877842444777 ], [ 135.696822789876649, 33.608211503647603 ], [ 135.697862215518029, 33.604273173717587 ], [ 135.69751025116409, 33.60364960255469 ], [ 135.696320463728085, 33.603076962064037 ], [ 135.696142759491806, 33.602821805291015 ], [ 135.696082201586279, 33.602118913923967 ], [ 135.696376220943762, 33.599142409637594 ], [ 135.69549958117662, 33.598098268063261 ] ] ] } },
{ "type": "Feature", "properties": { "CITY_NAME": "古座川町", "S_NAME": "添野川", "JINKO": 73, "medical_area": "30_新宮医療圏", "町丁目名": "古座川町添野川" }, "geometry": { "type": "Polygon", "coordinates": [ [ [ 135.677509562733633, 33.613073054977754 ], [ 135.677938950817946, 33.610696590688811 ], [ 135.677903946568421, 33.605706638714452 ], [ 135.678440358607588, 33.605071790627534 ], [ 135.679121594698415, 33.604995500760893 ], [ 135.679814189587177, 33.605465868588439 ], [ 135.680194065718183, 33.607465156315897 ], [ 135.680125099716548, 33.608067684657847 ], [ 135.67893635406358, 33.611804268634444 ], [ 135.678962518866655, 33.613768841714098 ], [ 135.679267114490472, 33.614461937635632 ], [ 135.679746633319468, 33.614786928575214 ], [ 135.680600818518798, 33.614911695238575 ], [ 135.681889547165753, 33.61473917339066 ], [ 135.68208393858896, 33.613187110735261 ], [ 135.681130054398039, 33.611887958670948 ], [ 135.680997625325176, 33.611367190770927 ], [ 135.681668732251325, 33.609837492443866 ], [ 135.681649261776926, 33.608479596591373 ], [ 135.682254980510351, 33.606116536331321 ], [ 135.682534671760806, 33.605449174691707 ], [ 135.68371701135834, 33.6041247723591 ], [ 135.684263982462824, 33.603785502770599 ], [ 135.684811799246802, 33.603800980670037 ], [ 135.687301422672675, 33.600689144516473 ], [ 135.684834719623069, 33.600959345634628 ], [ 135.68362708848926, 33.601804704663643 ], [ 135.683082154060401, 33.601920535721149 ], [ 135.682324313777485, 33.601594561512314 ], [ 135.681395263948559, 33.601840429169876 ], [ 135.680191364876379, 33.601664893553604 ], [ 135.67916188479623, 33.60117251897799 ], [ 135.678104809406364, 33.601452688999871 ], [ 135.677038514149785, 33.603105344024215 ], [ 135.675993910105461, 33.603357912601552 ], [ 135.675613496944862, 33.603598116076803 ], [ 135.675603710261782, 33.604012011492166 ], [ 135.676025100886022, 33.604958167278625 ], [ 135.675983109277155, 33.605158114624551 ], [ 135.675709631939242, 33.605481718521446 ], [ 135.674944989804402, 33.605872791929194 ], [ 135.674302575625347, 33.606671338342998 ], [ 135.67359940296646, 33.607173017638843 ], [ 135.673531806547686, 33.607593523705091 ], [ 135.673829034338667, 33.608477934755385 ], [ 135.673673633273665, 33.609195758709241 ], [ 135.672821232870007, 33.609432460910156 ], [ 135.670536581273893, 33.610541117049763 ], [ 135.669482606750421, 33.610688224530989 ], [ 135.664181586061801, 33.61078646150029 ], [ 135.662615344196581, 33.610098371383991 ], [ 135.660453942224876, 33.609736620297568 ], [ 135.659142444294076, 33.609826573883687 ], [ 135.65780771568572, 33.610132270741069 ], [ 135.657001207758753, 33.610045506815084 ], [ 135.656656399520415, 33.610193041227646 ], [ 135.656386696397846, 33.617660226486301 ], [ 135.664171413936998, 33.628263882220878 ], [ 135.665010573883904, 33.628846583635209 ], [ 135.666158659630781, 33.628983791910791 ], [ 135.666680335694565, 33.628773022724609 ], [ 135.670197230311771, 33.625846408464696 ], [ 135.673281457761647, 33.624280616827399 ], [ 135.674829918328243, 33.622677489775747 ], [ 135.675603658936382, 33.621094299801229 ], [ 135.676226413702352, 33.617010276583223 ], [ 135.677509562733633, 33.613073054977754 ] ] ] } },
{ "type": "Feature", "properties": { "CITY_NAME": "古座川町", "S_NAME": "下露", "JINKO": 51, "medical_area": "30_新宮医療圏", "町丁目名": "古座川町下露" }, "geometry": { "type": "Polygon", "coordinates": [ [ [ 135.72188248983116, 33.631326837059952 ], [ 135.721962211177072, 33.623593198866416 ], [ 135.720320946322772, 33.624015551430951 ], [ 135.716123059853857, 33.623860621890699 ], [ 135.715341326804577, 33.621985044084695 ], [ 135.715093674953096, 33.619780449179302 ], [ 135.714166300872449, 33.618759418718106 ], [ 135.713392115938916, 33.61833158974963 ], [ 135.71058081212405, 33.617435784209292 ], [ 135.708464737660933, 33.617393915811384 ], [ 135.706715773290227, 33.616908237778347 ], [ 135.704278168129605, 33.616939360253738 ], [ 135.702991507396092, 33.617362327123061 ], [ 135.702369663956404, 33.617768562879654 ], [ 135.701867931787376, 33.618432623875613 ], [ 135.701306171284415, 33.618420845978044 ], [ 135.700878016242967, 33.618624098228842 ], [ 135.701253258462515, 33.619615154967036 ], [ 135.701215354248916, 33.619982495878112 ], [ 135.701007214074679, 33.620135277553828 ], [ 135.699265489483906, 33.620529203296577 ], [ 135.69878944716001, 33.620446332564022 ], [ 135.698570498853059, 33.62019051495276 ], [ 135.69894131895424, 33.61890512511382 ], [ 135.698777840719629, 33.618496439770645 ], [ 135.698045570256397, 33.618351798307977 ], [ 135.696223837405654, 33.618729434422946 ], [ 135.695459066280421, 33.618024822072663 ], [ 135.695286212802557, 33.617151750461211 ], [ 135.695287098526251, 33.615511275036518 ], [ 135.697262224319729, 33.614304764075797 ], [ 135.697521062519428, 33.613311020576404 ], [ 135.697002544003112, 33.612679994877666 ], [ 135.695758987797717, 33.612118765841011 ], [ 135.695744865263663, 33.612670159249951 ], [ 135.695014692566787, 33.613689230842908 ], [ 135.694536688906226, 33.614188201790675 ], [ 135.693080998123804, 33.614889044689122 ], [ 135.692142161664975, 33.616193299369172 ], [ 135.691875392437936, 33.61738706887612 ], [ 135.692116200126293, 33.618367951168729 ], [ 135.692547423582397, 33.619032591709974 ], [ 135.693739410595413, 33.620423824660421 ], [ 135.696267899918212, 33.62207360444323 ], [ 135.698249145020753, 33.623068871162062 ], [ 135.701686630006122, 33.623250489096769 ], [ 135.704040764488269, 33.624164850959282 ], [ 135.704383153077316, 33.624043097813249 ], [ 135.705138215047583, 33.622881182819363 ], [ 135.705257758789315, 33.621556861003548 ], [ 135.70613997103834, 33.621750562237125 ], [ 135.708391313684814, 33.622793366499742 ], [ 135.70958528059947, 33.623611055095047 ], [ 135.711615978788302, 33.626070304528319 ], [ 135.712235094266191, 33.626497781902195 ], [ 135.713364831290647, 33.626648611372872 ], [ 135.716867548146979, 33.626286131187051 ], [ 135.717463441490594, 33.627046867427971 ], [ 135.71804254219623, 33.628323489470731 ], [ 135.72066676823934, 33.630031898881093 ], [ 135.72188248983116, 33.631326837059952 ] ] ] } },
{ "type": "Feature", "properties": { "CITY_NAME": "古座川町", "S_NAME": "松根", "JINKO": 33, "medical_area": "30_新宮医療圏", "町丁目名": "古座川町松根" }, "geometry": { "type": "Polygon", "coordinates": [ [ [ 135.719813159127966, 33.727019888139523 ], [ 135.721283976861258, 33.726985595190939 ], [ 135.722392066413448, 33.72772966443609 ], [ 135.722732881876368, 33.727730432523451 ], [ 135.723760738003506, 33.726991165478466 ], [ 135.724500361371469, 33.726767277443166 ], [ 135.725896358627807, 33.72676532023835 ], [ 135.727502112933252, 33.725477032030618 ], [ 135.728324308198125, 33.725362621612547 ], [ 135.730204903610684, 33.725513687773443 ], [ 135.731497735128158, 33.725113174291927 ], [ 135.733651534080423, 33.724955552564765 ], [ 135.734271287196066, 33.724774028086365 ], [ 135.735178854041067, 33.723839553093285 ], [ 135.736479138648662, 33.722992972142045 ], [ 135.738381886164433, 33.722583536092664 ], [ 135.738668547551669, 33.72221503741482 ], [ 135.738915592133765, 33.721407190575555 ], [ 135.738730041555897, 33.719826125682907 ], [ 135.738816738407479, 33.71924025327921 ], [ 135.739296291519082, 33.718362885871876 ], [ 135.739489256611023, 33.717491675478335 ], [ 135.739965927783032, 33.716880983669618 ], [ 135.742662495801312, 33.715279619490673 ], [ 135.743255692977641, 33.715286065161976 ], [ 135.743880017818327, 33.71554009737396 ], [ 135.746269724816273, 33.715513044229262 ], [ 135.746967204588572, 33.715809756001931 ], [ 135.747177022444589, 33.715670433195037 ], [ 135.747712723517822, 33.715191549966249 ], [ 135.748149059271128, 33.714376042227798 ], [ 135.74897283263229, 33.713396487549083 ], [ 135.749449316542666, 33.712188704341067 ], [ 135.749190494301274, 33.711382344100954 ], [ 135.749880276934931, 33.710740183816249 ], [ 135.751084424984157, 33.708681493739796 ], [ 135.750975424721389, 33.708098866298798 ], [ 135.750261707385278, 33.707386115728255 ], [ 135.750114357092428, 33.706849901612884 ], [ 135.748828170685954, 33.70531407689991 ], [ 135.748952808052024, 33.704051033779692 ], [ 135.748678632098603, 33.702215602884813 ], [ 135.749072474274129, 33.700364046311385 ], [ 135.749805565318695, 33.699022474761321 ], [ 135.750942450879677, 33.698074782748577 ], [ 135.749965435927322, 33.695619158836188 ], [ 135.749689834462544, 33.694532377082254 ], [ 135.749270229846729, 33.691020527893805 ], [ 135.748579292919487, 33.68900178630183 ], [ 135.7478859088869, 33.687836518708174 ], [ 135.74748251716909, 33.68678821066144 ], [ 135.747394250286078, 33.685177993754017 ], [ 135.745780752586626, 33.681004237899479 ], [ 135.745645407891971, 33.679626810318766 ], [ 135.74715636795338, 33.675110239238535 ], [ 135.747274664783305, 33.674353952550362 ], [ 135.747213196978066, 33.671560730200994 ], [ 135.746996767014991, 33.67014430315426 ], [ 135.745958435115369, 33.667930930225282 ], [ 135.745675866885961, 33.665331092268225 ], [ 135.744397793275397, 33.66283389015635 ], [ 135.74423499074004, 33.662168171808638 ], [ 135.745328324003054, 33.654598305590049 ], [ 135.745523193237176, 33.653703822167834 ], [ 135.746678185110824, 33.650647898426854 ], [ 135.745578456329213, 33.649824319231115 ], [ 135.741490147758867, 33.644334748386903 ], [ 135.740936234067448, 33.643105378997383 ], [ 135.7407361476603, 33.642215285119512 ], [ 135.740840687489111, 33.641156623494027 ], [ 135.742560570432232, 33.635897207578246 ], [ 135.742600067897854, 33.635399683678557 ], [ 135.742311885125787, 33.634308354853189 ], [ 135.741448261154176, 33.632866430422872 ], [ 135.739119064046321, 33.630065820785049 ], [ 135.734277526576705, 33.630402396716029 ], [ 135.734168426318035, 33.632754963676106 ], [ 135.733813877356567, 33.633620936996863 ], [ 135.732893282667618, 33.634872849095004 ], [ 135.731242185527066, 33.635767016034784 ], [ 135.729296607632335, 33.636056681189054 ], [ 135.72759305384244, 33.635944758482182 ], [ 135.726279651202162, 33.635446518157742 ], [ 135.724051975426022, 33.634172493261559 ], [ 135.723405874231673, 33.633505231850648 ], [ 135.72168211731514, 33.631040389848764 ], [ 135.72066676823934, 33.630031898881093 ], [ 135.721308822518978, 33.632371767113824 ], [ 135.722925240895023, 33.63458447300988 ], [ 135.731473549867474, 33.64038782815453 ], [ 135.732612331669742, 33.643695991171533 ], [ 135.732447854186944, 33.644532771062437 ], [ 135.731350634015968, 33.645798635692842 ], [ 135.729281399367835, 33.647389501177074 ], [ 135.725139972398154, 33.648866863749205 ], [ 135.723454815719407, 33.650226728198106 ], [ 135.720620694494073, 33.651079499475934 ], [ 135.714485454624139, 33.653295074422083 ], [ 135.713857390655448, 33.653218684379816 ], [ 135.713087838262197, 33.652739600536172 ], [ 135.712569696456228, 33.651497498775313 ], [ 135.71262765852299, 33.65124544923642 ], [ 135.713779345418033, 33.650893496139261 ], [ 135.713970845577791, 33.650180781355921 ], [ 135.713427374922986, 33.648375229078511 ], [ 135.71374545177008, 33.646282845889374 ], [ 135.713368406458187, 33.645273809143127 ], [ 135.712454025494765, 33.644109399041845 ], [ 135.711924705427947, 33.644637051748525 ], [ 135.710827411586564, 33.645309900803056 ], [ 135.711057731764726, 33.647478228582926 ], [ 135.710763160242919, 33.650099263992814 ], [ 135.710216093984116, 33.651065305353193 ], [ 135.70864191720554, 33.652669531300639 ], [ 135.708059084814181, 33.653891734887232 ], [ 135.708082374808043, 33.65526681559281 ], [ 135.711255649451573, 33.661379851495205 ], [ 135.712125112338242, 33.6641552637942 ], [ 135.712233121541459, 33.665227482459187 ], [ 135.71217339708241, 33.666415681853351 ], [ 135.71134464002364, 33.668185068403687 ], [ 135.710840036650978, 33.66892958318531 ], [ 135.709120359018158, 33.670160678527317 ], [ 135.708279338471584, 33.671393809218422 ], [ 135.707488050918329, 33.674421451045255 ], [ 135.707305483764259, 33.675733326488746 ], [ 135.707432476100934, 33.677608188174652 ], [ 135.709184164860346, 33.685277216597029 ], [ 135.708728665272474, 33.68857947643513 ], [ 135.709049428449248, 33.692292134474819 ], [ 135.708952465003591, 33.694686019496267 ], [ 135.707390374145461, 33.6999345336828 ], [ 135.707082810877239, 33.702179594951801 ], [ 135.707766004478401, 33.707210629231618 ], [ 135.708879497029756, 33.711201835621743 ], [ 135.710998013968265, 33.711605644165964 ], [ 135.711591325912423, 33.712346526645206 ], [ 135.711886288932646, 33.713224633876685 ], [ 135.712684073600599, 33.714229441926008 ], [ 135.714136052151275, 33.71507149781003 ], [ 135.714521946097733, 33.71557506265836 ], [ 135.714290738717665, 33.716398829253706 ], [ 135.714745465071729, 33.717081333083513 ], [ 135.715469772731581, 33.71758342520603 ], [ 135.71591320983481, 33.71906597009923 ], [ 135.716749433924605, 33.719841344036361 ], [ 135.71670530852586, 33.720066089937106 ], [ 135.716014887940332, 33.720697606672815 ], [ 135.715852276961044, 33.721777631481174 ], [ 135.715505083963791, 33.722697614968858 ], [ 135.714392523317485, 33.724152438841003 ], [ 135.713856865855433, 33.726959627835157 ], [ 135.716033785000889, 33.728198881399187 ], [ 135.716459453460175, 33.728232398807961 ], [ 135.717695813590069, 33.727596057926078 ], [ 135.719813159127966, 33.727019888139523 ] ] ] } },
{ "type": "Feature", "properties": { "CITY_NAME": "古座川町", "S_NAME": "成川", "JINKO": 5, "medical_area": "30_新宮医療圏", "町丁目名": "古座川町成川" }, "geometry": { "type": "Polygon", "coordinates": [ [ [ 135.714738471940393, 33.653275224836904 ], [ 135.720620694494073, 33.651079499475934 ], [ 135.723454815719407, 33.650226728198106 ], [ 135.725139972398154, 33.648866863749205 ], [ 135.729281399367864, 33.647389501177031 ], [ 135.731350634015968, 33.645798635692842 ], [ 135.732201902911697, 33.644914037475154 ], [ 135.732621643664714, 33.643912972867575 ], [ 135.731473549867474, 33.640387828154523 ], [ 135.722925240894966, 33.634584473009873 ], [ 135.721308822518978, 33.632371767113824 ], [ 135.72066676823934, 33.630031898881072 ], [ 135.717805124898348, 33.633495720486074 ], [ 135.715518557545096, 33.634833705509813 ], [ 135.711801436190797, 33.6361863689649 ], [ 135.710155342745679, 33.637535315878935 ], [ 135.711836601186405, 33.637956812693353 ], [ 135.712526292232639, 33.638504198084185 ], [ 135.71279384820599, 33.638915636635765 ], [ 135.712225454612764, 33.643518282146829 ], [ 135.712454025494736, 33.644109399041845 ], [ 135.713574647823748, 33.645646641957335 ], [ 135.713745451770109, 33.646282845889374 ], [ 135.713427374922986, 33.648375229078503 ], [ 135.713970845577791, 33.650180781355921 ], [ 135.713779345418033, 33.650893496139247 ], [ 135.712627658523019, 33.651245449236427 ], [ 135.71269084505775, 33.651879573859141 ], [ 135.713087838262226, 33.652739600536172 ], [ 135.714036753908715, 33.653266854995138 ], [ 135.714738471940393, 33.653275224836904 ] ] ] } },
{ "type": "Feature", "properties": { "CITY_NAME": "古座川町", "S_NAME": "西川", "JINKO": 77, "medical_area": "30_新宮医療圏", "町丁目名": "古座川町西川" }, "geometry": { "type": "Polygon", "coordinates": [ [ [ 135.706937195960734, 33.714285960552225 ], [ 135.70759751910461, 33.713158909096279 ], [ 135.70841309571631, 33.712293133893766 ], [ 135.708879497029756, 33.711201835621743 ], [ 135.707766004478401, 33.707210629231618 ], [ 135.707082810877239, 33.702179594951801 ], [ 135.707390374145461, 33.6999345336828 ], [ 135.708952465003591, 33.694686019496267 ], [ 135.709049428449248, 33.692292134474819 ], [ 135.708728665272474, 33.68857947643513 ], [ 135.709184164860346, 33.685277216597029 ], [ 135.707432476100934, 33.677608188174652 ], [ 135.707305483764259, 33.675733326488746 ], [ 135.707488050918329, 33.674421451045255 ], [ 135.708279338471584, 33.671393809218422 ], [ 135.709120359018158, 33.670160678527317 ], [ 135.710840036650978, 33.66892958318531 ], [ 135.71134464002364, 33.668185068403687 ], [ 135.71217339708241, 33.666415681853351 ], [ 135.712233121541459, 33.665227482459187 ], [ 135.712125112338242, 33.6641552637942 ], [ 135.711255649451573, 33.661379851495205 ], [ 135.708358850670805, 33.655989779807349 ], [ 135.708001134414218, 33.654544031358071 ], [ 135.708059084814181, 33.653891734887232 ], [ 135.70864191720554, 33.652669531300639 ], [ 135.710216093984116, 33.651065305353193 ], [ 135.710763160242919, 33.650099263992814 ], [ 135.711057731764726, 33.647478228582926 ], [ 135.710827411586564, 33.645309900803056 ], [ 135.711924705427947, 33.644637051748525 ], [ 135.712454025494765, 33.644109399041845 ], [ 135.712225454612792, 33.643518282146829 ], [ 135.71279384820599, 33.638915636635765 ], [ 135.712526292232639, 33.638504198084163 ], [ 135.711836601186405, 33.637956812693353 ], [ 135.710155342745679, 33.637535315878935 ], [ 135.711801436190797, 33.636186368964871 ], [ 135.715518557545096, 33.634833705509813 ], [ 135.717805124898348, 33.633495720486074 ], [ 135.72066676823934, 33.630031898881093 ], [ 135.71804254219623, 33.628323489470731 ], [ 135.708989579150881, 33.630237208390518 ], [ 135.7081932498279, 33.630235333014063 ], [ 135.706148120376753, 33.629859117206514 ], [ 135.700181593859213, 33.627682213826368 ], [ 135.698595956704509, 33.636596683957208 ], [ 135.698712978934168, 33.646767210368026 ], [ 135.698567484554928, 33.648277271496632 ], [ 135.698353670703568, 33.648783791138229 ], [ 135.697746439327233, 33.648902342086217 ], [ 135.697231969490531, 33.648606496385767 ], [ 135.695868765334751, 33.646585844823399 ], [ 135.695097860099708, 33.645924190010923 ], [ 135.69444564004408, 33.645851718290743 ], [ 135.692367235581742, 33.646166522458138 ], [ 135.691423199350965, 33.646586546217577 ], [ 135.691148941185162, 33.64688270647671 ], [ 135.689904795783917, 33.649105435154986 ], [ 135.688945558298997, 33.649947777500678 ], [ 135.686638778061223, 33.651323207932549 ], [ 135.685913849019528, 33.651572432569424 ], [ 135.685271346750227, 33.651696474548359 ], [ 135.683753295467795, 33.651641733442609 ], [ 135.683900738109031, 33.652673814365386 ], [ 135.684168796926258, 33.65328988965851 ], [ 135.685745278888675, 33.654244021871648 ], [ 135.687064939531268, 33.656638289220489 ], [ 135.687446988063755, 33.657971163818154 ], [ 135.686374942428785, 33.659284733293205 ], [ 135.686484460932917, 33.65993138309021 ], [ 135.685635111526494, 33.661518116274848 ], [ 135.684418584915676, 33.662815501600356 ], [ 135.683316740956599, 33.664341519285244 ], [ 135.682483337460184, 33.664990669511489 ], [ 135.682093178350755, 33.665084617480467 ], [ 135.680134767178828, 33.665427949380948 ], [ 135.679204220275068, 33.665253512335703 ], [ 135.678888599539391, 33.665686888630916 ], [ 135.678134330187362, 33.666155326611197 ], [ 135.675934344697026, 33.666656173863622 ], [ 135.67515315257009, 33.667079300103374 ], [ 135.67467841854787, 33.668064084755265 ], [ 135.673587294541505, 33.668830138386141 ], [ 135.673542524949681, 33.669219137625944 ], [ 135.673934279723056, 33.670142811598716 ], [ 135.673802695532203, 33.670576655702021 ], [ 135.673059210613815, 33.671036068116571 ], [ 135.672784371514524, 33.672129834109128 ], [ 135.673264743798882, 33.672529092058944 ], [ 135.673231345683632, 33.672773288919423 ], [ 135.672949050550841, 33.672971604158334 ], [ 135.672971276698576, 33.674256203017002 ], [ 135.67264348762086, 33.675033270905523 ], [ 135.672327861605794, 33.675448449302806 ], [ 135.670639891700375, 33.676511401826318 ], [ 135.669861537651684, 33.677576767722869 ], [ 135.668356105676423, 33.679029141702166 ], [ 135.66669549670101, 33.679983490059669 ], [ 135.665907903641681, 33.680614610907448 ], [ 135.665299479066931, 33.682521726197827 ], [ 135.663874712429191, 33.684073719606445 ], [ 135.662610175970343, 33.684793966130229 ], [ 135.661872816270403, 33.685018059836125 ], [ 135.65800997468736, 33.685486988888151 ], [ 135.656828236920944, 33.685809290899101 ], [ 135.654393908553999, 33.687212167647296 ], [ 135.655020962433468, 33.688586108181276 ], [ 135.655400650130446, 33.689080252009177 ], [ 135.655660585164668, 33.689148597812597 ], [ 135.656019539871352, 33.689033648548047 ], [ 135.658576006160217, 33.689603821699613 ], [ 135.662928175916534, 33.690161953697327 ], [ 135.664119984593356, 33.690015299782367 ], [ 135.665240767134037, 33.689542301935369 ], [ 135.666660407779318, 33.689548533309242 ], [ 135.673274160781119, 33.689986731597692 ], [ 135.674530272739958, 33.690422700775954 ], [ 135.675451839518615, 33.69140143303256 ], [ 135.677643852397381, 33.692091298850009 ], [ 135.679659165553204, 33.694445719671286 ], [ 135.680176673695115, 33.695254302403718 ], [ 135.683161138819003, 33.696726592579182 ], [ 135.68389287879728, 33.697477812135865 ], [ 135.684343353536406, 33.698438502762677 ], [ 135.685242311552855, 33.699325385514612 ], [ 135.68685327066018, 33.70164471256745 ], [ 135.688002945986796, 33.702790870434185 ], [ 135.689209017889254, 33.703543115577141 ], [ 135.68936484893996, 33.705249849042168 ], [ 135.690189314276807, 33.706796390248122 ], [ 135.69009214895479, 33.707277111168104 ], [ 135.690458350942947, 33.7083946456818 ], [ 135.690037556452864, 33.708802001954147 ], [ 135.690636891747062, 33.710236818428868 ], [ 135.691831481308327, 33.711813155648052 ], [ 135.693970018842208, 33.713096983659327 ], [ 135.695284715089798, 33.71344103023965 ], [ 135.696337769030862, 33.714180862094317 ], [ 135.697338232278184, 33.714246150071915 ], [ 135.699338874067394, 33.713620142818527 ], [ 135.700043637887717, 33.713887694714131 ], [ 135.700647995211568, 33.7139157807025 ], [ 135.701836848901991, 33.714706599409787 ], [ 135.702356988051548, 33.715686699769243 ], [ 135.703785116814942, 33.715868897349779 ], [ 135.706937195960734, 33.714285960552225 ] ] ] } },
{ "type": "Feature", "properties": { "CITY_NAME": "古座川町", "S_NAME": "平井", "JINKO": 89, "medical_area": "30_新宮医療圏", "町丁目名": "古座川町平井" }, "geometry": { "type": "Polygon", "coordinates": [ [ [ 135.679204220275068, 33.665253512335703 ], [ 135.680134767178828, 33.665427949380948 ], [ 135.682093178350755, 33.665084617480467 ], [ 135.683153631088629, 33.664531008184035 ], [ 135.684418584915676, 33.662815501600356 ], [ 135.685635111526494, 33.661518116274848 ], [ 135.686484460932917, 33.65993138309021 ], [ 135.686374942428785, 33.659284733293205 ], [ 135.68741848291836, 33.658126909720146 ], [ 135.687411307958001, 33.657527150072383 ], [ 135.687064939531268, 33.656638289220489 ], [ 135.685745278888675, 33.654244021871648 ], [ 135.684168796926258, 33.65328988965851 ], [ 135.683900738109031, 33.652673814365386 ], [ 135.683753295467795, 33.651641733442609 ], [ 135.685271346750227, 33.651696474548359 ], [ 135.685913849019528, 33.651572432569424 ], [ 135.686638778061223, 33.651323207932549 ], [ 135.688945558298997, 33.649947777500678 ], [ 135.689904795783917, 33.649105435154986 ], [ 135.691148941185162, 33.64688270647671 ], [ 135.691423199350965, 33.646586546217577 ], [ 135.692367235581742, 33.646166522458138 ], [ 135.69444564004408, 33.645851718290743 ], [ 135.695097860099708, 33.645924190010923 ], [ 135.695868765334751, 33.646585844823399 ], [ 135.697231969490531, 33.648606496385767 ], [ 135.697746439327233, 33.648902342086217 ], [ 135.698353670703568, 33.648783791138229 ], [ 135.698634320939334, 33.647819421595628 ], [ 135.698595956704509, 33.636596683957208 ], [ 135.700181593859213, 33.627682213826368 ], [ 135.699230561376567, 33.627335019537426 ], [ 135.697826744419132, 33.626294684070416 ], [ 135.693876350492957, 33.622693816857527 ], [ 135.691971174639264, 33.619454104031995 ], [ 135.686406262452067, 33.61444070056406 ], [ 135.686402097010557, 33.615601589904919 ], [ 135.686956357890296, 33.618528342171373 ], [ 135.686342274375164, 33.621962961409217 ], [ 135.686822157307347, 33.624997951479216 ], [ 135.686342144708533, 33.627179295305389 ], [ 135.686099817362049, 33.627627251288651 ], [ 135.685115051279439, 33.628537951284017 ], [ 135.680322071697333, 33.6301357238832 ], [ 135.678615533091687, 33.630889544534192 ], [ 135.677705928301094, 33.631475507718498 ], [ 135.673980293620446, 33.634839855947156 ], [ 135.6716863046436, 33.636644663417371 ], [ 135.671759323277598, 33.638993156729732 ], [ 135.672353158045297, 33.64236544550235 ], [ 135.672492787862751, 33.64625906661982 ], [ 135.670649572932092, 33.6463161793598 ], [ 135.668811944228935, 33.647332852895026 ], [ 135.668012218053434, 33.648182084998382 ], [ 135.667228839289038, 33.649179849085705 ], [ 135.667827389035949, 33.649858398669025 ], [ 135.66796230134824, 33.650289583640777 ], [ 135.667452313045004, 33.651370636311299 ], [ 135.667027371540399, 33.652929371842703 ], [ 135.6666437781262, 33.65341369069386 ], [ 135.6647313371937, 33.653574650296299 ], [ 135.662725432851659, 33.654625556626605 ], [ 135.661713061772417, 33.655575443142368 ], [ 135.660856633396719, 33.655526334615814 ], [ 135.658912931673854, 33.656525478457453 ], [ 135.657644398880535, 33.656654676769413 ], [ 135.658008580682178, 33.657876841016844 ], [ 135.657930733937206, 33.658340405094378 ], [ 135.657613566060576, 33.658805137598726 ], [ 135.657785066995331, 33.65955002694777 ], [ 135.656102787864455, 33.660246521909492 ], [ 135.654611571825626, 33.661246704764942 ], [ 135.653789982399559, 33.662574047594489 ], [ 135.653044759195353, 33.662693539833128 ], [ 135.652137064220767, 33.662616181307577 ], [ 135.651239053308529, 33.662907249501735 ], [ 135.650001316901893, 33.663704242991081 ], [ 135.650141775407889, 33.665473693657091 ], [ 135.650335833697198, 33.666162450153635 ], [ 135.650884995358467, 33.666973790242281 ], [ 135.650792174037946, 33.668922204546767 ], [ 135.651776165856603, 33.670795878408747 ], [ 135.652155958408002, 33.671241705536808 ], [ 135.652847891179249, 33.671693197012907 ], [ 135.654754619713685, 33.673429103712735 ], [ 135.654676428297506, 33.674187664301684 ], [ 135.652864912471586, 33.676111235805529 ], [ 135.651745640688745, 33.676968581238029 ], [ 135.65163163988251, 33.677280027377385 ], [ 135.65197477590965, 33.678941400498495 ], [ 135.652717965094809, 33.681051045428383 ], [ 135.652709204882598, 33.682513207110411 ], [ 135.653309816634987, 33.685584367333256 ], [ 135.654393908553999, 33.687212167647296 ], [ 135.656307322438721, 33.686079178360494 ], [ 135.657413789531688, 33.685621007648578 ], [ 135.660984053728413, 33.68518749619281 ], [ 135.662610175970343, 33.684793966130229 ], [ 135.663874712429191, 33.684073719606445 ], [ 135.664439802293288, 33.683577673033149 ], [ 135.66551757137259, 33.68213335149705 ], [ 135.665907903641681, 33.680614610907448 ], [ 135.668866720772542, 33.678605340743786 ], [ 135.670639891700375, 33.676511401826318 ], [ 135.672327861605794, 33.675448449302806 ], [ 135.672839511035505, 33.674735266784204 ], [ 135.672971276698576, 33.674256203017002 ], [ 135.672893944847146, 33.673224618175844 ], [ 135.673264743798882, 33.672529092058944 ], [ 135.672784371514524, 33.672129834109128 ], [ 135.673059210613815, 33.671036068116571 ], [ 135.673802695532203, 33.670576655702021 ], [ 135.673934279723056, 33.670142811598716 ], [ 135.673542524949681, 33.669219137625944 ], [ 135.673587294541505, 33.668830138386141 ], [ 135.67467841854787, 33.668064084755265 ], [ 135.674831885006512, 33.667567033522893 ], [ 135.675468068919514, 33.666835980360723 ], [ 135.678134330187362, 33.666155326611197 ], [ 135.678888599539391, 33.665686888630916 ], [ 135.679204220275068, 33.665253512335703 ] ] ] } },
{ "type": "Feature", "properties": { "CITY_NAME": "古座川町", "S_NAME": "立合川", "JINKO": 0, "medical_area": "30_新宮医療圏", "町丁目名": "古座川町立合川" }, "geometry": { "type": "Polygon", "coordinates": [ [ [ 135.726915442892363, 33.589170205674421 ], [ 135.733036044196183, 33.588148885421674 ], [ 135.736012662026553, 33.58687629799185 ], [ 135.736288979420152, 33.586417029057145 ], [ 135.736993559756286, 33.583544693878693 ], [ 135.738656564107629, 33.579036143009425 ], [ 135.73912587557362, 33.577226721231874 ], [ 135.739234206031114, 33.575473731953146 ], [ 135.738350611501176, 33.572195638636686 ], [ 135.738353109477629, 33.571362146578544 ], [ 135.738560398836, 33.570989230566653 ], [ 135.739042393605615, 33.570674094350252 ], [ 135.739970609366509, 33.570503601653293 ], [ 135.740812005847857, 33.570649074577233 ], [ 135.743386232714528, 33.571602626148469 ], [ 135.745000665898203, 33.571778415008303 ], [ 135.74596350638987, 33.571522006892891 ], [ 135.748544199660898, 33.570262656893391 ], [ 135.752209501759182, 33.568171939178008 ], [ 135.753826168950013, 33.567543138363185 ], [ 135.756026019812225, 33.567231339419607 ], [ 135.759530643335268, 33.567238196939407 ], [ 135.760767253804687, 33.567355540818419 ], [ 135.762943462926444, 33.56802891378765 ], [ 135.762646353997042, 33.566731891264787 ], [ 135.762761394265027, 33.565726164724467 ], [ 135.762993794220506, 33.565508510695068 ], [ 135.76399423823554, 33.565225812123558 ], [ 135.764957414735818, 33.565318362616864 ], [ 135.765438483379484, 33.565561596110307 ], [ 135.766044562885696, 33.566459630049295 ], [ 135.76661366142207, 33.566929571800927 ], [ 135.767806626546445, 33.566897419507576 ], [ 135.766809145295269, 33.564872403862985 ], [ 135.7657549563597, 33.563776288537589 ], [ 135.764413074115083, 33.563069599973709 ], [ 135.763034370628105, 33.562737307317228 ], [ 135.7626231714423, 33.562406562840685 ], [ 135.762572091213229, 33.562045790220182 ], [ 135.763787490158364, 33.560902389945547 ], [ 135.763905910455719, 33.560450078305379 ], [ 135.763541150978483, 33.559761565309508 ], [ 135.763508841329838, 33.559389837421314 ], [ 135.763977522921266, 33.558619499940733 ], [ 135.764812651385398, 33.558260122950628 ], [ 135.765677885669874, 33.558567766814399 ], [ 135.766298988780903, 33.558382961682739 ], [ 135.767374231386867, 33.557226871061701 ], [ 135.768803449510187, 33.555315705775698 ], [ 135.769183761743619, 33.555107053192209 ], [ 135.770592394205693, 33.554823095596191 ], [ 135.771101436826399, 33.554971122409874 ], [ 135.771455831208925, 33.555808651528189 ], [ 135.771600944031519, 33.556978854336464 ], [ 135.771869050815127, 33.557172927524903 ], [ 135.772999662941032, 33.556950426123699 ], [ 135.774961980739562, 33.555667702203934 ], [ 135.774990328241614, 33.555450786641877 ], [ 135.773622877961998, 33.553606886576645 ], [ 135.773358510796157, 33.552860544103844 ], [ 135.773440911759877, 33.552337721370442 ], [ 135.774346363302243, 33.551457986549472 ], [ 135.774441171841602, 33.550615370832297 ], [ 135.77139839720445, 33.547461517814689 ], [ 135.771185347625732, 33.547015357850725 ], [ 135.771141803294057, 33.545959466715125 ], [ 135.771846233307485, 33.544449611682275 ], [ 135.769141544760288, 33.544880517610878 ], [ 135.764468362655435, 33.543167042994703 ], [ 135.761799624138064, 33.543142518473552 ], [ 135.758511015638703, 33.541160122521049 ], [ 135.757943239290313, 33.539202407875052 ], [ 135.758281256131454, 33.538411013378337 ], [ 135.752454223754654, 33.539815130007469 ], [ 135.747122227293886, 33.540142215124071 ], [ 135.744766312289215, 33.540617788534711 ], [ 135.742076388299637, 33.540781262959179 ], [ 135.735816274090922, 33.541892315222199 ], [ 135.73682205215934, 33.54631353990851 ], [ 135.736942160152807, 33.54955420076022 ], [ 135.738242168941213, 33.552196332914804 ], [ 135.738438612113129, 33.553282704837187 ], [ 135.738204434736332, 33.554802400553037 ], [ 135.737721634860748, 33.555987383846471 ], [ 135.737119490091743, 33.557005017314346 ], [ 135.7356865725977, 33.558705880804588 ], [ 135.735232889075832, 33.560141415795087 ], [ 135.736184737192445, 33.562365255436895 ], [ 135.736060937548842, 33.563684542425911 ], [ 135.735064954155803, 33.566138082160556 ], [ 135.734042638913337, 33.567388655008031 ], [ 135.733147750115705, 33.569407890882346 ], [ 135.732807380476913, 33.569691183448086 ], [ 135.732227788363048, 33.569823771478127 ], [ 135.731789169119025, 33.569572040405667 ], [ 135.731469006988789, 33.568979899406706 ], [ 135.731186217284119, 33.570616398439675 ], [ 135.728933876374242, 33.573240450854648 ], [ 135.728408948986299, 33.574226361051764 ], [ 135.727607379398677, 33.574608374986759 ], [ 135.72684394301595, 33.575650105944916 ], [ 135.726529268346781, 33.577359510398573 ], [ 135.726340131806637, 33.577490680308358 ], [ 135.726089415785793, 33.577192005086935 ], [ 135.7254443897138, 33.577251999707649 ], [ 135.725105868855053, 33.578198296924754 ], [ 135.724407792646758, 33.578450903268859 ], [ 135.724007734199262, 33.578958618394211 ], [ 135.72360419262273, 33.580562723181409 ], [ 135.722818107423876, 33.580740454698812 ], [ 135.722439321340886, 33.580983905090243 ], [ 135.721714280342354, 33.582045428415704 ], [ 135.722889489077744, 33.582608520476356 ], [ 135.72319735076934, 33.583054701991713 ], [ 135.723168836034716, 33.583916878359538 ], [ 135.723288397919049, 33.584147076849931 ], [ 135.725123093993261, 33.585372676841331 ], [ 135.72543116000071, 33.585761087476477 ], [ 135.725798752343195, 33.586351100742476 ], [ 135.726915442892363, 33.589170205674421 ] ] ] } },
{ "type": "Feature", "properties": { "CITY_NAME": "古座川町", "S_NAME": "直見", "JINKO": 0, "medical_area": "30_新宮医療圏", "町丁目名": "古座川町直見" }, "geometry": { "type": "Polygon", "coordinates": [ [ [ 135.78718011338583, 33.58270159689377 ], [ 135.788018454613564, 33.580445754796891 ], [ 135.788366884201764, 33.578885047390266 ], [ 135.78833957113244, 33.578308775408665 ], [ 135.787812499099886, 33.576602569453669 ], [ 135.788133442930757, 33.574537703636942 ], [ 135.787992147565262, 33.573600839935438 ], [ 135.788542969300664, 33.571464230639137 ], [ 135.789075903500759, 33.570768589204384 ], [ 135.790428418216806, 33.569570238146099 ], [ 135.791549605403077, 33.569019569000027 ], [ 135.801965076523715, 33.566154690737939 ], [ 135.802252700626838, 33.565939030939006 ], [ 135.801365609935772, 33.564616649248237 ], [ 135.800951752179543, 33.563535378375008 ], [ 135.800954723111403, 33.562238375761332 ], [ 135.80075561648701, 33.561421471025653 ], [ 135.801131649266665, 33.560197203412443 ], [ 135.800975604043771, 33.559380366878244 ], [ 135.801781437194791, 33.558541132305585 ], [ 135.801868559045886, 33.558109029754917 ], [ 135.801651164952034, 33.555862931463686 ], [ 135.800862033785393, 33.555681601389004 ], [ 135.800231540062811, 33.555200432741287 ], [ 135.799198091698258, 33.555162680912218 ], [ 135.79820145243832, 33.554716687251691 ], [ 135.796981310644213, 33.554714681214442 ], [ 135.796780608919647, 33.554594317020758 ], [ 135.796552452317798, 33.553945296327271 ], [ 135.79702957417544, 33.552469028547698 ], [ 135.796937124244636, 33.552096661273779 ], [ 135.795961179563221, 33.55203504627292 ], [ 135.794763673898785, 33.551564773580182 ], [ 135.793830680355114, 33.551551113759466 ], [ 135.79245441129973, 33.550804383677445 ], [ 135.792383438163512, 33.550468111486261 ], [ 135.79282466251837, 33.549015755994937 ], [ 135.792870991055565, 33.547623038503438 ], [ 135.793884493274362, 33.54695214382123 ], [ 135.793686167103914, 33.545835155126966 ], [ 135.793795409574614, 33.545150916749755 ], [ 135.793595115948307, 33.544874447692891 ], [ 135.793582393207288, 33.544177892293654 ], [ 135.793211084325975, 33.543372537630752 ], [ 135.792588580406147, 33.542579158312485 ], [ 135.791743503720113, 33.541845136192059 ], [ 135.791183999208528, 33.541736273713454 ], [ 135.790594961517996, 33.541987461106181 ], [ 135.789470859723536, 33.543918769654823 ], [ 135.789140153112243, 33.544170389653814 ], [ 135.788709262142135, 33.544301802633434 ], [ 135.788081755087717, 33.544076439519039 ], [ 135.785699342649906, 33.540417784502047 ], [ 135.785033768910921, 33.538451852654099 ], [ 135.782209664309249, 33.543061155434202 ], [ 135.777244708283064, 33.543953963452509 ], [ 135.775153362773608, 33.543976941963621 ], [ 135.773599859767188, 33.544418457663994 ], [ 135.772365639995854, 33.544358426144989 ], [ 135.772650816678805, 33.545110435879316 ], [ 135.773172308856459, 33.54562168823189 ], [ 135.774239408159588, 33.545729589781608 ], [ 135.775668961154338, 33.545366449367243 ], [ 135.776854239207353, 33.545876353941459 ], [ 135.778081020333588, 33.547491161399108 ], [ 135.779106439742463, 33.548515841169859 ], [ 135.786089889453649, 33.548388641618452 ], [ 135.784554224144699, 33.551446616252733 ], [ 135.77893995372969, 33.553916036009895 ], [ 135.778614698740228, 33.554341778066423 ], [ 135.778041506427343, 33.555743142834743 ], [ 135.777155148428648, 33.556446550668248 ], [ 135.776182720702622, 33.556398303547574 ], [ 135.775498314563322, 33.556009624231734 ], [ 135.774990328241614, 33.555450786641877 ], [ 135.774748304671562, 33.555915275991687 ], [ 135.772999662941032, 33.556950426123699 ], [ 135.771869050815127, 33.557172927524903 ], [ 135.771600944031519, 33.556978854336464 ], [ 135.771455831208925, 33.555808651528189 ], [ 135.771101436826399, 33.554971122409874 ], [ 135.770592394205693, 33.554823095596191 ], [ 135.76961030692064, 33.554929762083283 ], [ 135.768803449510187, 33.555315705775698 ], [ 135.767374231386867, 33.557226871061701 ], [ 135.766298988780903, 33.558382961682739 ], [ 135.765677885669874, 33.558567766814399 ], [ 135.765021025781664, 33.558276015111048 ], [ 135.764567076932536, 33.558302207470099 ], [ 135.763977522921266, 33.558619499940733 ], [ 135.763508841329838, 33.559389837421314 ], [ 135.763541150978483, 33.559761565309508 ], [ 135.763905910455719, 33.560450078305379 ], [ 135.769882221644252, 33.561226852537409 ], [ 135.776857241670058, 33.565534951734364 ], [ 135.779997071210488, 33.569359732926387 ], [ 135.768715476875911, 33.569586688048282 ], [ 135.767806626546445, 33.566897419507576 ], [ 135.76661366142207, 33.566929571800927 ], [ 135.765246816842932, 33.565452188528624 ], [ 135.76399423823554, 33.565225812123558 ], [ 135.762993794220506, 33.565508510695068 ], [ 135.762644555247562, 33.566065202529145 ], [ 135.762646353997042, 33.566731891264787 ], [ 135.762943462926444, 33.56802891378765 ], [ 135.767596305092411, 33.570529690511592 ], [ 135.77030859530538, 33.571368203740214 ], [ 135.770512262635748, 33.572316759247393 ], [ 135.77095735502516, 33.572921144417158 ], [ 135.771609087089786, 33.573353458788652 ], [ 135.772433003185256, 33.573642378746676 ], [ 135.776211886074805, 33.573994125727729 ], [ 135.774875372249369, 33.579222057752389 ], [ 135.774160489492033, 33.58324421698628 ], [ 135.774429604723281, 33.585486495998524 ], [ 135.774977970013822, 33.586062020584606 ], [ 135.775527176972531, 33.586321676225062 ], [ 135.778791649136082, 33.586442458516601 ], [ 135.780785391123885, 33.586245066466766 ], [ 135.784638175742657, 33.584728501390231 ], [ 135.785343682914885, 33.584327354740893 ], [ 135.78718011338583, 33.58270159689377 ] ] ] } },
{ "type": "Feature", "properties": { "CITY_NAME": "古座川町", "S_NAME": "鶴川", "JINKO": 0, "medical_area": "30_新宮医療圏", "町丁目名": "古座川町鶴川" }, "geometry": { "type": "Polygon", "coordinates": [ [ [ 135.725434434045667, 33.541466084350141 ], [ 135.725133733431562, 33.538726863308888 ], [ 135.727309596046013, 33.537222168045773 ], [ 135.727423228007183, 33.535896118431403 ], [ 135.727890138861227, 33.534916296445232 ], [ 135.728607700627435, 33.534119887921037 ], [ 135.729730221830295, 33.533615703696427 ], [ 135.730760922276687, 33.533639628994685 ], [ 135.731777878885822, 33.533943592501778 ], [ 135.732915022517943, 33.53498096463813 ], [ 135.733105450649475, 33.535919375425955 ], [ 135.732979869301886, 33.536964754327251 ], [ 135.732052930652998, 33.538828125900373 ], [ 135.732141390462033, 33.539399756810433 ], [ 135.732859273548939, 33.540619411475781 ], [ 135.734321279323495, 33.540793008057932 ], [ 135.735295995376276, 33.540627999312463 ], [ 135.73590712693553, 33.540199317868463 ], [ 135.737389603853671, 33.538244987675007 ], [ 135.738924315261528, 33.535823031419113 ], [ 135.738458895523621, 33.535071132778683 ], [ 135.738520888402235, 33.534342048022019 ], [ 135.741151059022286, 33.531959602115236 ], [ 135.741420379982912, 33.530444529531586 ], [ 135.741726533342046, 33.525097475240749 ], [ 135.742313339526476, 33.523096730495389 ], [ 135.743016594907971, 33.522168634659479 ], [ 135.742945991928195, 33.52188615562347 ], [ 135.743351005610691, 33.520695393893277 ], [ 135.743390787588567, 33.519565299746809 ], [ 135.742949551877928, 33.518566359739481 ], [ 135.743048259532117, 33.518098264114478 ], [ 135.743546430740025, 33.51834358986865 ], [ 135.743518444164096, 33.517141786102265 ], [ 135.741580385921054, 33.5175967645078 ], [ 135.740774032900902, 33.518314719467419 ], [ 135.740482239720137, 33.519362007441124 ], [ 135.739436764651686, 33.519571141374186 ], [ 135.737337459919615, 33.520482178435124 ], [ 135.736611901201854, 33.521752821796035 ], [ 135.736645915628117, 33.522635955453154 ], [ 135.736316463271407, 33.523232039520316 ], [ 135.736187547248761, 33.52419710226448 ], [ 135.736487457866986, 33.525053751938373 ], [ 135.736409858250425, 33.525719405037037 ], [ 135.735387804368742, 33.52573272155422 ], [ 135.734190076933487, 33.526255938528969 ], [ 135.733767684176456, 33.527262636308727 ], [ 135.733266483185304, 33.527806501250616 ], [ 135.731673509587381, 33.528678246508754 ], [ 135.731085745499541, 33.529795880827294 ], [ 135.729925997782715, 33.529862402842134 ], [ 135.729221626125423, 33.530139260617844 ], [ 135.727861488867234, 33.52979479010461 ], [ 135.726392296039535, 33.529881735705381 ], [ 135.725726368401496, 33.530321804990329 ], [ 135.724510348540321, 33.530795030680572 ], [ 135.72334641841698, 33.530794986937934 ], [ 135.72251360888572, 33.531276090487793 ], [ 135.722020136125394, 33.531293586561532 ], [ 135.720435286842701, 33.532051944493709 ], [ 135.718202523084301, 33.531974489243922 ], [ 135.717834112222505, 33.532192027394892 ], [ 135.716950968331247, 33.531699174276461 ], [ 135.715487100349748, 33.531477460141772 ], [ 135.714804952943126, 33.531037460952021 ], [ 135.714048316526544, 33.530791145597227 ], [ 135.712898983145408, 33.530987146852787 ], [ 135.712082178677605, 33.530879875733554 ], [ 135.711351040753868, 33.531011176868951 ], [ 135.709145369111468, 33.530344155233024 ], [ 135.708281119118254, 33.530377633867417 ], [ 135.70657740282482, 33.533232194283308 ], [ 135.708337073123971, 33.532280004319446 ], [ 135.709786867200791, 33.531961332104686 ], [ 135.715519525064167, 33.531946121009952 ], [ 135.715935909767666, 33.532685877893513 ], [ 135.71665790143183, 33.533426330035027 ], [ 135.718887737086987, 33.535154986491499 ], [ 135.719522176597735, 33.538509224627099 ], [ 135.720029072891265, 33.53927735249605 ], [ 135.721569172749469, 33.540834226514676 ], [ 135.722024031265079, 33.541962055815802 ], [ 135.725434434045667, 33.541466084350141 ] ] ] } },
{ "type": "Feature", "properties": { "CITY_NAME": "古座川町", "S_NAME": "高瀬", "JINKO": 0, "medical_area": "30_新宮医療圏", "町丁目名": "古座川町高瀬" }, "geometry": { "type": "Polygon", "coordinates": [ [ [ 135.781662186515376, 33.538076247089407 ], [ 135.777118499700521, 33.537621508585296 ], [ 135.775032394438682, 33.533795204568285 ], [ 135.774202028437315, 33.530050068442193 ], [ 135.77525686561475, 33.528817263923038 ], [ 135.777659313951034, 33.52851954252602 ], [ 135.778738491501286, 33.530097715431395 ], [ 135.778866221936198, 33.532396649177684 ], [ 135.782520099894754, 33.534280315978961 ], [ 135.783982316233136, 33.533995757234813 ], [ 135.783971734861808, 33.529771655519163 ], [ 135.784282495446519, 33.527460530317654 ], [ 135.783119556388186, 33.52674392728931 ], [ 135.783083339358001, 33.526590862751398 ], [ 135.783773273123785, 33.525519649340687 ], [ 135.781388082811418, 33.524100687322807 ], [ 135.781147553741931, 33.522711130755383 ], [ 135.780600121287392, 33.52215845384972 ], [ 135.780070044167701, 33.521989014121438 ], [ 135.778825989088062, 33.522037798898701 ], [ 135.777925683275328, 33.521168049560352 ], [ 135.777304045390849, 33.521034219184486 ], [ 135.776547544869885, 33.521196283336813 ], [ 135.775985448961222, 33.521634267026329 ], [ 135.775333244727364, 33.521564896509823 ], [ 135.774178658366253, 33.522461927080279 ], [ 135.773300397572427, 33.522482300083091 ], [ 135.773127525572306, 33.522297705064702 ], [ 135.772208904415947, 33.522199652470647 ], [ 135.77123029629044, 33.521272517921332 ], [ 135.770782916326937, 33.521266621583749 ], [ 135.770083811699834, 33.520975105438112 ], [ 135.769148934798523, 33.521296845709081 ], [ 135.767915028909925, 33.521275105473819 ], [ 135.767637437920854, 33.521630182498072 ], [ 135.766331580983433, 33.521885836698139 ], [ 135.765419813901048, 33.52226845566755 ], [ 135.76492490832797, 33.521937001517728 ], [ 135.763598365773447, 33.521720057006306 ], [ 135.762985603508469, 33.521418238323243 ], [ 135.762430637014177, 33.521528479005909 ], [ 135.761684425497691, 33.521969995941916 ], [ 135.760505377893679, 33.521913628786045 ], [ 135.759559326595678, 33.522297266658875 ], [ 135.758877944334728, 33.521965991867248 ], [ 135.757246181153789, 33.522539042443881 ], [ 135.756391106502832, 33.522131900549752 ], [ 135.753299381959181, 33.521984921616607 ], [ 135.752694512721206, 33.52131789646441 ], [ 135.751811863068042, 33.520881084958546 ], [ 135.752013934243109, 33.520472637840491 ], [ 135.751993173657013, 33.520107985058559 ], [ 135.7506495710943, 33.518164470538075 ], [ 135.748291791153434, 33.519625492238106 ], [ 135.747823764175649, 33.519063260699795 ], [ 135.747583454479127, 33.518351588200929 ], [ 135.746751059306519, 33.518008108955613 ], [ 135.745760795872684, 33.516788275958135 ], [ 135.743518444164096, 33.517141786102265 ], [ 135.743546430740025, 33.51834358986865 ], [ 135.743048259532117, 33.518098264114478 ], [ 135.742949551877928, 33.518566359739481 ], [ 135.743438604674708, 33.51986069265498 ], [ 135.742957661202553, 33.522059186032116 ], [ 135.743016594907971, 33.522168634659479 ], [ 135.743204960605823, 33.522026168780364 ], [ 135.743837209916563, 33.522013106574427 ], [ 135.744383203237646, 33.522285859586852 ], [ 135.7446388072361, 33.522529554045718 ], [ 135.745096014005924, 33.523960474179177 ], [ 135.745699600454685, 33.525005388515702 ], [ 135.746449583183875, 33.525650487771109 ], [ 135.74792520267323, 33.52651148521192 ], [ 135.748188226752745, 33.530151084344972 ], [ 135.745931630794473, 33.531955161139841 ], [ 135.744444800145459, 33.533468016988586 ], [ 135.745025289063335, 33.533654904176906 ], [ 135.746341720857913, 33.533457560773478 ], [ 135.747847377340634, 33.532817075317354 ], [ 135.750141099307228, 33.531477669107019 ], [ 135.750808160934611, 33.53126458369757 ], [ 135.751996069684509, 33.531181024013684 ], [ 135.753328063950022, 33.531512508754609 ], [ 135.759465733626001, 33.535115471680051 ], [ 135.760844812174156, 33.535191390139524 ], [ 135.772341664028232, 33.53084886165972 ], [ 135.772241314335758, 33.537813496771854 ], [ 135.773113345159373, 33.54046995293595 ], [ 135.77456631635792, 33.540745933990415 ], [ 135.775741088869125, 33.540559569571784 ], [ 135.77739244112712, 33.539552977243581 ], [ 135.780273759751026, 33.538777641394262 ], [ 135.781662186515376, 33.538076247089407 ] ] ] } },
{ "type": "Feature", "properties": { "CITY_NAME": "古座川町", "S_NAME": "小森川", "JINKO": 0, "medical_area": "30_新宮医療圏", "町丁目名": "古座川町小森川" }, "geometry": { "type": "Polygon", "coordinates": [ [ [ 135.791068984269231, 33.677578513236369 ], [ 135.791788375497759, 33.676925163333109 ], [ 135.790621134495723, 33.676995063359108 ], [ 135.790388316033727, 33.676876469852822 ], [ 135.790459408748035, 33.676169488419724 ], [ 135.789867204221139, 33.676020001576845 ], [ 135.788959518900555, 33.675508468886846 ], [ 135.789384051912094, 33.674975936133521 ], [ 135.789249595123891, 33.674349617849224 ], [ 135.790000181210644, 33.672118138496721 ], [ 135.789756468830689, 33.671911473899847 ], [ 135.789360260549131, 33.672209906015397 ], [ 135.789105054866269, 33.672165379213801 ], [ 135.788630873531758, 33.670866326558034 ], [ 135.78976051035454, 33.670246785460591 ], [ 135.789913644070509, 33.670040646100901 ], [ 135.789952636258931, 33.669410118195088 ], [ 135.790785924190374, 33.669675809177278 ], [ 135.791321675999171, 33.669618799365914 ], [ 135.791583092854296, 33.669389735006263 ], [ 135.790749967634184, 33.669047550005018 ], [ 135.790068003552847, 33.668174483449391 ], [ 135.787400362673111, 33.666776802944305 ], [ 135.786189103476431, 33.666746852532114 ], [ 135.785990913885371, 33.667785241319045 ], [ 135.785699774175981, 33.668243738436402 ], [ 135.785125196117747, 33.668298403944867 ], [ 135.784700001112299, 33.667979985766422 ], [ 135.783909455310948, 33.666715050335903 ], [ 135.782568749389895, 33.665734301500549 ], [ 135.782674666483075, 33.665555987801703 ], [ 135.784221386169008, 33.665704760692037 ], [ 135.784551839023891, 33.665614884674376 ], [ 135.784990287802003, 33.665056897031107 ], [ 135.785106605808949, 33.664595706477947 ], [ 135.785512519062024, 33.664281104169454 ], [ 135.78668613878196, 33.664934679802968 ], [ 135.787099552953265, 33.66496087962966 ], [ 135.787398526296357, 33.66468539629998 ], [ 135.787462997503894, 33.663855564187379 ], [ 135.787854905574648, 33.66359643669049 ], [ 135.788898784411231, 33.663971529818419 ], [ 135.789093341887224, 33.663839707260692 ], [ 135.789221609852888, 33.663591827139804 ], [ 135.78850611861904, 33.66283718602994 ], [ 135.789429440332668, 33.661422158150415 ], [ 135.789123930073515, 33.660387597371972 ], [ 135.789853742099467, 33.659227409546844 ], [ 135.789541260774882, 33.65878636042482 ], [ 135.787678930122155, 33.659520459164284 ], [ 135.787260726912223, 33.659481717246223 ], [ 135.787133379398512, 33.659301881592391 ], [ 135.787325372546007, 33.657991607421124 ], [ 135.787105132932112, 33.657787384186726 ], [ 135.786301041171441, 33.657591891574768 ], [ 135.786173878216005, 33.657329640602988 ], [ 135.786284877539373, 33.65707258400883 ], [ 135.787044042406052, 33.656632212451846 ], [ 135.78712859557595, 33.65531217677686 ], [ 135.787564658477493, 33.655152733426327 ], [ 135.788493334728059, 33.655469865382223 ], [ 135.789326970288272, 33.655451680039256 ], [ 135.789489941354589, 33.655320935573428 ], [ 135.789467737328039, 33.654888962996253 ], [ 135.788143556857278, 33.653590795734594 ], [ 135.786530073329487, 33.654204416516905 ], [ 135.785211877792591, 33.654027483914419 ], [ 135.785043976588923, 33.653799113578486 ], [ 135.78508530544633, 33.653537007627811 ], [ 135.786034827876307, 33.653630901444266 ], [ 135.786197739527154, 33.653524391784195 ], [ 135.786336988370238, 33.652403510032336 ], [ 135.785925029433031, 33.652218399106424 ], [ 135.785363186720588, 33.65274165382305 ], [ 135.784799860525482, 33.652687298223746 ], [ 135.78465541860777, 33.65236669109737 ], [ 135.784933021947666, 33.651581339861551 ], [ 135.784279969591779, 33.650646463962445 ], [ 135.784356482531166, 33.650114071675766 ], [ 135.784693459501682, 33.649977016006261 ], [ 135.785833016146029, 33.651127975691374 ], [ 135.787100129889012, 33.65139948837988 ], [ 135.787723287074186, 33.651388567322812 ], [ 135.787917027752997, 33.651245197184274 ], [ 135.787896302162636, 33.65092804229068 ], [ 135.78688990098226, 33.649495851312196 ], [ 135.786963118441093, 33.648849761913013 ], [ 135.787520257020986, 33.648006695753629 ], [ 135.787515654644636, 33.646959390134441 ], [ 135.787143938027185, 33.646316913865753 ], [ 135.784925915356695, 33.647134604253147 ], [ 135.783929377242686, 33.647035531217561 ], [ 135.782467619462409, 33.64661104422018 ], [ 135.781902768038094, 33.6447278901109 ], [ 135.781994456838561, 33.644295399522733 ], [ 135.783063202842243, 33.643972678126879 ], [ 135.783633637014844, 33.643627524851532 ], [ 135.784309848506837, 33.642384703324772 ], [ 135.786067256092707, 33.641000312300775 ], [ 135.784903970102249, 33.639784747402864 ], [ 135.782809129908173, 33.638906786073242 ], [ 135.782104557900311, 33.638825814467303 ], [ 135.781810210442927, 33.638962800191003 ], [ 135.781766367076216, 33.639201097184781 ], [ 135.782761235339564, 33.640763822891934 ], [ 135.782950132845485, 33.641313455240827 ], [ 135.782914527233316, 33.641718150426804 ], [ 135.78265452754539, 33.64194169916842 ], [ 135.782074917731762, 33.642020141603716 ], [ 135.780907991758795, 33.64181578108586 ], [ 135.77836402932823, 33.640712806843787 ], [ 135.778076880999265, 33.63970766104211 ], [ 135.778251446051627, 33.639079355075694 ], [ 135.778976352899832, 33.637960346735291 ], [ 135.778905978305488, 33.636731724714451 ], [ 135.778656124362925, 33.63637005396896 ], [ 135.778249961122043, 33.636268175434978 ], [ 135.776394890087943, 33.636358685100078 ], [ 135.776213673806211, 33.636213811190835 ], [ 135.776179920047639, 33.635888588858307 ], [ 135.776604866291223, 33.635404992381368 ], [ 135.778521749645932, 33.634808536073294 ], [ 135.780353397006991, 33.633511428888745 ], [ 135.77794025995226, 33.632239459283177 ], [ 135.776770244447931, 33.631193968870456 ], [ 135.776367624234297, 33.63029073544309 ], [ 135.776251350660829, 33.629571168719593 ], [ 135.776287200640326, 33.628753256274926 ], [ 135.776761377698733, 33.628077299060905 ], [ 135.774331359998314, 33.627889456724724 ], [ 135.773458722927927, 33.627021692858271 ], [ 135.773104934951789, 33.62588493733201 ], [ 135.773114418750566, 33.625501743901332 ], [ 135.773540856581491, 33.624835004926005 ], [ 135.775590566971545, 33.623788008190168 ], [ 135.776314611018591, 33.622979784575548 ], [ 135.776555205060561, 33.621901310792651 ], [ 135.776331824867498, 33.619586144910294 ], [ 135.777535805589963, 33.620397844726476 ], [ 135.778265532933091, 33.620668810044627 ], [ 135.780048675640558, 33.620856552521985 ], [ 135.780490946131351, 33.62061613942992 ], [ 135.780577095321917, 33.620133332611537 ], [ 135.779350450791469, 33.618185800946939 ], [ 135.77935180660441, 33.617646209993104 ], [ 135.779658559370688, 33.617249175983588 ], [ 135.780976809601583, 33.616513267712627 ], [ 135.782285452189853, 33.616231543968155 ], [ 135.785326407262573, 33.616037895112335 ], [ 135.786940821040247, 33.616484715666225 ], [ 135.787458176836282, 33.616140701036763 ], [ 135.787552185418718, 33.615660999944424 ], [ 135.786618839145234, 33.614978374199495 ], [ 135.786428572993429, 33.614229942714992 ], [ 135.785655496055568, 33.613614360727006 ], [ 135.785472821899674, 33.613226047622206 ], [ 135.785748326773756, 33.612767790768288 ], [ 135.78675995087923, 33.612494218958361 ], [ 135.787216585346812, 33.612191524041449 ], [ 135.787798355870564, 33.611624170267305 ], [ 135.787719157638122, 33.611214897945594 ], [ 135.78708668813502, 33.610924443414639 ], [ 135.786053028012276, 33.611582606349728 ], [ 135.784262293037813, 33.611981627902061 ], [ 135.783093822704387, 33.612512710820411 ], [ 135.782679305392321, 33.613711776113099 ], [ 135.781835150463706, 33.613678457421251 ], [ 135.781231567808504, 33.612812636232412 ], [ 135.780665018979761, 33.611492095853379 ], [ 135.780728939943799, 33.611248753909784 ], [ 135.782208878913679, 33.610224276393929 ], [ 135.782753351924526, 33.609385532724957 ], [ 135.782821935324733, 33.608965523635582 ], [ 135.78224427726434, 33.60872106048236 ], [ 135.781050562111005, 33.609241099992261 ], [ 135.780433644499908, 33.610334151605919 ], [ 135.779832913187107, 33.610869309891932 ], [ 135.779100402854482, 33.61100185610546 ], [ 135.777923134301602, 33.611524708118715 ], [ 135.777109111647889, 33.611420405157631 ], [ 135.776832503736784, 33.61107388949732 ], [ 135.777086670758337, 33.610404847086976 ], [ 135.777023447290247, 33.610222424746382 ], [ 135.775243748160676, 33.609739926390802 ], [ 135.775062117079727, 33.608720418604506 ], [ 135.774773993545494, 33.608438405727846 ], [ 135.773471844563318, 33.60799873154491 ], [ 135.771959800066071, 33.607813382464307 ], [ 135.770895560758589, 33.606868321688751 ], [ 135.771065406874783, 33.606279163792273 ], [ 135.771557301286975, 33.606036618430288 ], [ 135.772005006923905, 33.606178048637659 ], [ 135.77283788889082, 33.606879497478744 ], [ 135.773188153662034, 33.606876190176557 ], [ 135.775370384711636, 33.606473256824344 ], [ 135.77617449395413, 33.605991739527994 ], [ 135.776321029393216, 33.605607942085925 ], [ 135.775892604688039, 33.604154340714821 ], [ 135.775366612051641, 33.603510667376618 ], [ 135.774359952827581, 33.603101405466155 ], [ 135.773351380230139, 33.603125784710855 ], [ 135.772193645605796, 33.603429969793773 ], [ 135.771130841053321, 33.60393154127437 ], [ 135.769015196620501, 33.604126266606315 ], [ 135.768269488353525, 33.604522457540966 ], [ 135.768250453314749, 33.605727853543165 ], [ 135.767252164155508, 33.605778675186379 ], [ 135.766289794804237, 33.605247127608337 ], [ 135.765693667499932, 33.605718537697648 ], [ 135.76494165497607, 33.605974374648234 ], [ 135.764496509529351, 33.606458463614537 ], [ 135.763383793776171, 33.607072304503575 ], [ 135.763157603535205, 33.60704285026997 ], [ 135.763013221445732, 33.606795175872421 ], [ 135.76320494679095, 33.605631247930198 ], [ 135.760666540571123, 33.605675118179477 ], [ 135.760254001502744, 33.606954707720163 ], [ 135.759806498092047, 33.607235335450881 ], [ 135.758642988262636, 33.607315355733846 ], [ 135.757860391636854, 33.607071504115915 ], [ 135.757395465846599, 33.607347016919284 ], [ 135.756196659289088, 33.60760671803088 ], [ 135.75606838927456, 33.607829350710482 ], [ 135.75637664832567, 33.608596385119561 ], [ 135.756463971468719, 33.609532895090155 ], [ 135.755806782801187, 33.610094308963653 ], [ 135.756005355578367, 33.610662194826915 ], [ 135.755263531021001, 33.611393066763377 ], [ 135.755372188663046, 33.611961055589894 ], [ 135.755965492915152, 33.612471385002621 ], [ 135.756039927756632, 33.612830508584928 ], [ 135.755290365769071, 33.614245499674325 ], [ 135.754463086053931, 33.614408701461528 ], [ 135.752659869202745, 33.615986423669362 ], [ 135.752584867321758, 33.616859202990902 ], [ 135.752779621910548, 33.617757034421288 ], [ 135.752460737119748, 33.618682864082622 ], [ 135.752041506077063, 33.619191470490996 ], [ 135.751981513284335, 33.619964249629156 ], [ 135.754539471840161, 33.620095285995966 ], [ 135.758882417667053, 33.625540874431792 ], [ 135.75402309855474, 33.631477804790812 ], [ 135.743009321744154, 33.619552336411516 ], [ 135.750901689303504, 33.619909114557593 ], [ 135.750622055389385, 33.619092542364207 ], [ 135.750260483142682, 33.618622102546951 ], [ 135.750091589639965, 33.617323075990377 ], [ 135.749378631334878, 33.616700049696774 ], [ 135.749039578129498, 33.615326854157445 ], [ 135.749448097470179, 33.614854302802243 ], [ 135.750601245783486, 33.614749270107524 ], [ 135.750438713239447, 33.614327131344226 ], [ 135.749908437773456, 33.614048517810403 ], [ 135.749818650866047, 33.613722890739808 ], [ 135.749535914563069, 33.613544803986031 ], [ 135.748622038454243, 33.613553944422804 ], [ 135.746627728531365, 33.612998737372358 ], [ 135.745108137070588, 33.612803163237054 ], [ 135.74464483300244, 33.612332210682183 ], [ 135.744612616532493, 33.61166659738246 ], [ 135.74365080366195, 33.611964693566662 ], [ 135.742057642572234, 33.61167284346179 ], [ 135.73435280476923, 33.608208476511535 ], [ 135.733828090722227, 33.607836254648596 ], [ 135.732215408792399, 33.60589587096176 ], [ 135.729481318716807, 33.601704444925446 ], [ 135.729679729538219, 33.602168965279134 ], [ 135.725855534798541, 33.604170171955992 ], [ 135.725366493896843, 33.604294194843781 ], [ 135.723906553723367, 33.604194578757216 ], [ 135.723032047178805, 33.604404235778013 ], [ 135.722513041350538, 33.60490293995823 ], [ 135.722274686791252, 33.60573871051794 ], [ 135.720559628089461, 33.606302073020842 ], [ 135.71967802251109, 33.606915197049581 ], [ 135.718850355129888, 33.606845981886408 ], [ 135.715706796065916, 33.608223174099173 ], [ 135.715165047507782, 33.608625713538025 ], [ 135.715007450271457, 33.608907688484564 ], [ 135.715766352064691, 33.609248401759395 ], [ 135.720529842610375, 33.611016925398083 ], [ 135.721790004914283, 33.611093864743118 ], [ 135.725568151939029, 33.610032679016989 ], [ 135.727392991339116, 33.609782830731497 ], [ 135.728304247238952, 33.610028285107212 ], [ 135.728993362825179, 33.610432166709543 ], [ 135.730066564717134, 33.61156751925899 ], [ 135.730215730472167, 33.612489243931307 ], [ 135.729972166924171, 33.613420538776126 ], [ 135.727867552867366, 33.616031644113619 ], [ 135.727726425561997, 33.616603335417011 ], [ 135.727978906886108, 33.616889608138038 ], [ 135.728345929963865, 33.616996359470527 ], [ 135.730948070422045, 33.617372562567446 ], [ 135.733277131256983, 33.617991857490679 ], [ 135.734636838333387, 33.618693852198994 ], [ 135.735382530205413, 33.619267165711989 ], [ 135.736089290061443, 33.62014752470639 ], [ 135.736264261834435, 33.620942211474102 ], [ 135.736102614925471, 33.622032605228384 ], [ 135.734239007839903, 33.624548785795106 ], [ 135.734110649326567, 33.625099374163426 ], [ 135.734515147158476, 33.625407369625378 ], [ 135.738281543215692, 33.626283528117071 ], [ 135.738787387855439, 33.626591727454418 ], [ 135.738938376603556, 33.626941442404956 ], [ 135.739119064046321, 33.630065820785049 ], [ 135.741448261154147, 33.632866430422872 ], [ 135.742487739821485, 33.634827740100583 ], [ 135.742560570432232, 33.63589720757826 ], [ 135.740840687489111, 33.641156623494005 ], [ 135.7407361476603, 33.642215285119526 ], [ 135.740936234067448, 33.643105378997383 ], [ 135.741490147758924, 33.644334748386903 ], [ 135.745578456329213, 33.649824319231087 ], [ 135.746053677495865, 33.65029822809543 ], [ 135.747332491789223, 33.650997767447343 ], [ 135.748506580029726, 33.651871366088514 ], [ 135.750291490241949, 33.652696167913817 ], [ 135.750647442769719, 33.653219695264404 ], [ 135.751388019065018, 33.653751740776805 ], [ 135.751464757567106, 33.65465353870637 ], [ 135.751193081040896, 33.655329086842919 ], [ 135.749520225104078, 33.657685637805614 ], [ 135.749550926139051, 33.658043680397988 ], [ 135.751410228041436, 33.65983717762527 ], [ 135.752098574228228, 33.660229922984101 ], [ 135.752060347079492, 33.660672919996266 ], [ 135.752646605433995, 33.660932466670644 ], [ 135.753136184564937, 33.660873283577288 ], [ 135.753523890434622, 33.661267818802827 ], [ 135.753890227129261, 33.661253470310932 ], [ 135.75390570500852, 33.661624865496648 ], [ 135.754385747536418, 33.661751200712992 ], [ 135.754622005605938, 33.662082741449744 ], [ 135.755031307587501, 33.662276840349833 ], [ 135.755331502875663, 33.662826733822591 ], [ 135.755674928725625, 33.662955331654011 ], [ 135.756117311949367, 33.663668644656049 ], [ 135.756508329124415, 33.663957940396259 ], [ 135.756931603034388, 33.663988919382675 ], [ 135.758402657354765, 33.663540263055815 ], [ 135.759990430855538, 33.663761429575331 ], [ 135.761463950006487, 33.663490808307195 ], [ 135.76236319929788, 33.663505207925752 ], [ 135.76276212271938, 33.663661503211223 ], [ 135.763269711689617, 33.664161615804666 ], [ 135.769203429520985, 33.666249902548984 ], [ 135.772277042085477, 33.66670707049736 ], [ 135.775201874361898, 33.666611920009295 ], [ 135.776102096038528, 33.666834296837848 ], [ 135.776617214240218, 33.667357042008739 ], [ 135.776826171827395, 33.66783908814503 ], [ 135.777039010181511, 33.669153887338837 ], [ 135.777379503847328, 33.669866930533601 ], [ 135.778665431833275, 33.671916262472529 ], [ 135.779408218132204, 33.672670181826597 ], [ 135.780188209351678, 33.672962485543579 ], [ 135.782332561582024, 33.672835928497214 ], [ 135.782896357467251, 33.673137839926653 ], [ 135.78414783840725, 33.674625073270654 ], [ 135.784903284067099, 33.675138209638739 ], [ 135.787441127439848, 33.676216233677309 ], [ 135.789505978372972, 33.676711418969063 ], [ 135.791068984269231, 33.677578513236369 ] ] ] } },
{ "type": "Feature", "properties": { "CITY_NAME": "古座川町", "S_NAME": "宇筒井", "JINKO": 0, "medical_area": "30_新宮医療圏", "町丁目名": "古座川町宇筒井" }, "geometry": { "type": "Polygon", "coordinates": [ [ [ 135.751981513284335, 33.619964249629156 ], [ 135.752041506077063, 33.619191470490996 ], [ 135.752460737119748, 33.618682864082622 ], [ 135.752779621910548, 33.617757034421288 ], [ 135.752584867321758, 33.616859202990902 ], [ 135.752659869202745, 33.615986423669362 ], [ 135.754463086053931, 33.614408701461528 ], [ 135.755290365769071, 33.614245499674325 ], [ 135.756039927756632, 33.612830508584928 ], [ 135.755965492915152, 33.612471385002621 ], [ 135.755372188663046, 33.611961055589894 ], [ 135.755263531021001, 33.611393066763377 ], [ 135.756005355578367, 33.610662194826915 ], [ 135.755806782801187, 33.610094308963653 ], [ 135.756463971468719, 33.609532895090155 ], [ 135.756132711340143, 33.607655057703276 ], [ 135.757395465846599, 33.607347016919284 ], [ 135.757860391636854, 33.607071504115915 ], [ 135.758979447805501, 33.607335451731707 ], [ 135.760050466406398, 33.607129014560691 ], [ 135.760490218774436, 33.606504042741889 ], [ 135.760666540571123, 33.605675118179477 ], [ 135.76320494679095, 33.605631247930198 ], [ 135.763013221445732, 33.606795175872421 ], [ 135.763157603535205, 33.60704285026997 ], [ 135.763383793776171, 33.607072304503575 ], [ 135.764496509529351, 33.606458463614537 ], [ 135.76494165497607, 33.605974374648234 ], [ 135.765693667499932, 33.605718537697648 ], [ 135.766289794804237, 33.605247127608337 ], [ 135.765623174101336, 33.604676401108925 ], [ 135.764383982513721, 33.602991573256752 ], [ 135.763958585527661, 33.602103172993978 ], [ 135.763458539876353, 33.600064705596147 ], [ 135.765028550799485, 33.598891844491703 ], [ 135.765358755621236, 33.597187730072555 ], [ 135.766030607324126, 33.596549650253642 ], [ 135.766474652144581, 33.596392692540412 ], [ 135.768901573354867, 33.595931742600165 ], [ 135.771171922993375, 33.59578604457618 ], [ 135.772248809144401, 33.595448484428211 ], [ 135.773250953310082, 33.594811229946352 ], [ 135.772553751216464, 33.594328406057478 ], [ 135.770925544926314, 33.594356979425669 ], [ 135.76977981056919, 33.593975870137001 ], [ 135.768696283621153, 33.593263778157159 ], [ 135.768018712687848, 33.592512705647415 ], [ 135.767756445750251, 33.592997719032574 ], [ 135.767454631735546, 33.593152977162653 ], [ 135.766291735001516, 33.593282950465785 ], [ 135.76535944590529, 33.593052955678743 ], [ 135.756728282517543, 33.589808059394016 ], [ 135.759563748116364, 33.586843425148047 ], [ 135.759474141219272, 33.585505089715859 ], [ 135.759761361508765, 33.584785422208469 ], [ 135.760595117442705, 33.583822499387928 ], [ 135.758862086820955, 33.583041162572421 ], [ 135.758638201828035, 33.582626796124146 ], [ 135.758273815997285, 33.582391928598398 ], [ 135.758083276026696, 33.581684859342737 ], [ 135.7574685492649, 33.580929905637859 ], [ 135.756664680221746, 33.581193766054078 ], [ 135.756559366326883, 33.581800224478123 ], [ 135.756410217593896, 33.581865022660239 ], [ 135.755931430527255, 33.581679799583682 ], [ 135.755062703863217, 33.581981559841019 ], [ 135.754471470873341, 33.581439099565976 ], [ 135.753978878516079, 33.581316677817377 ], [ 135.753166480516711, 33.581497091393089 ], [ 135.752035646084892, 33.584040956240941 ], [ 135.751541904407134, 33.586877157929159 ], [ 135.750538252775101, 33.588002800875223 ], [ 135.75016671689886, 33.588644779330927 ], [ 135.750179222473008, 33.589335716995542 ], [ 135.750366923128695, 33.58961505310743 ], [ 135.753621822348066, 33.592276738581276 ], [ 135.753932312201016, 33.592725940803497 ], [ 135.754234648945413, 33.593502547594362 ], [ 135.754181444105654, 33.594375659855963 ], [ 135.753860178783185, 33.595175261201469 ], [ 135.753076144349109, 33.595537191115099 ], [ 135.750631620778449, 33.595956649244727 ], [ 135.748905984264837, 33.595977397241931 ], [ 135.747646057760875, 33.595417204436075 ], [ 135.745237970153966, 33.59326626864253 ], [ 135.743992596283192, 33.592705783006259 ], [ 135.743441687916516, 33.592668292143323 ], [ 135.742788968826062, 33.592739634547222 ], [ 135.740066401318359, 33.594019397644466 ], [ 135.738775219221623, 33.594234769983849 ], [ 135.737992464536148, 33.594148300535295 ], [ 135.737630841183432, 33.59385646084943 ], [ 135.737096974029129, 33.59297027606214 ], [ 135.736859955176243, 33.592230115247837 ], [ 135.736791702296898, 33.590811520462637 ], [ 135.737011294293438, 33.590120796377377 ], [ 135.741446213688988, 33.583425309273629 ], [ 135.744118195045246, 33.577016820729504 ], [ 135.743917151916804, 33.576361551678964 ], [ 135.742376814816026, 33.57513374081185 ], [ 135.742276004517379, 33.574903036224974 ], [ 135.742465685291364, 33.574491472596527 ], [ 135.743604612485029, 33.5741785315359 ], [ 135.743779365274548, 33.573912050756029 ], [ 135.742885880923524, 33.572103715124364 ], [ 135.742871948301911, 33.571398677384046 ], [ 135.740812005847857, 33.570649074577233 ], [ 135.739970609366509, 33.570503601653293 ], [ 135.739042393605615, 33.570674094350252 ], [ 135.738560398836, 33.570989230566653 ], [ 135.738353109477629, 33.571362146578544 ], [ 135.738350611501176, 33.572195638636686 ], [ 135.739234206031114, 33.575473731953146 ], [ 135.73912587557362, 33.577226721231874 ], [ 135.738656564107629, 33.579036143009425 ], [ 135.736993559756286, 33.583544693878693 ], [ 135.736288979420152, 33.586417029057145 ], [ 135.736012662026553, 33.58687629799185 ], [ 135.733036044196183, 33.588148885421674 ], [ 135.726915442892363, 33.589170205674421 ], [ 135.722692035611828, 33.594028226328426 ], [ 135.720553299605371, 33.597445598020485 ], [ 135.717210635969082, 33.603300362846817 ], [ 135.715890521734224, 33.604176201397664 ], [ 135.713982412127109, 33.604733113555994 ], [ 135.712790016766604, 33.605270238535951 ], [ 135.712325802837029, 33.60584116321975 ], [ 135.712336242062719, 33.606518852250431 ], [ 135.712802422830379, 33.607271702346708 ], [ 135.71380659880009, 33.608142446704775 ], [ 135.715007450271457, 33.608907688484564 ], [ 135.71549947255869, 33.608328364538515 ], [ 135.718850355129888, 33.606845981886408 ], [ 135.71967802251109, 33.606915197049581 ], [ 135.720559628089461, 33.606302073020842 ], [ 135.722274686791252, 33.60573871051794 ], [ 135.722513041350538, 33.60490293995823 ], [ 135.723032047178805, 33.604404235778013 ], [ 135.723906553723367, 33.604194578757216 ], [ 135.725585043328607, 33.604265656550737 ], [ 135.729679729538219, 33.602168965279134 ], [ 135.728412415433667, 33.60026870754939 ], [ 135.745818794022881, 33.601074902888769 ], [ 135.743780982203532, 33.606799476168689 ], [ 135.743794093611797, 33.607926037880084 ], [ 135.74405515988002, 33.608558598894142 ], [ 135.74537229596956, 33.610512042652516 ], [ 135.745255348010971, 33.611171154572752 ], [ 135.744612616532493, 33.61166659738246 ], [ 135.74464483300244, 33.612332210682183 ], [ 135.7449667637147, 33.612721438873081 ], [ 135.745457432396307, 33.612910956506873 ], [ 135.746627728531365, 33.612998737372358 ], [ 135.748622038454243, 33.613553944422804 ], [ 135.749619949300381, 33.613570614290474 ], [ 135.749908437773456, 33.614048517810403 ], [ 135.750438713239447, 33.614327131344226 ], [ 135.750601245783486, 33.614749270107524 ], [ 135.749448097470179, 33.614854302802243 ], [ 135.749133240273153, 33.61507175816174 ], [ 135.749085140570457, 33.615645066246699 ], [ 135.749378631334878, 33.616700049696774 ], [ 135.750091589639965, 33.617323075990377 ], [ 135.750260483142682, 33.618622102546951 ], [ 135.750622055389385, 33.619092542364207 ], [ 135.750901689303504, 33.619909114557593 ], [ 135.751981513284335, 33.619964249629156 ] ] ] } },
{ "type": "Feature", "properties": { "CITY_NAME": "古座川町", "S_NAME": "真砂", "JINKO": 0, "medical_area": "30_新宮医療圏", "町丁目名": "古座川町真砂" }, "geometry": { "type": "Polygon", "coordinates": [ [ [ 135.722818107423876, 33.580740454698812 ], [ 135.72194631825127, 33.579330170711856 ], [ 135.721745927556157, 33.577519302082806 ], [ 135.722060319512707, 33.575910501264161 ], [ 135.72294874190996, 33.574777501768892 ], [ 135.723122938247542, 33.574030621666893 ], [ 135.722545868688513, 33.571801884808785 ], [ 135.721702921181304, 33.569457867757471 ], [ 135.721223349801107, 33.566309922993874 ], [ 135.721441259281363, 33.565318844514998 ], [ 135.723039293166664, 33.562491715349893 ], [ 135.723080131918891, 33.560451481510405 ], [ 135.722422964173916, 33.559127927104058 ], [ 135.720858347108674, 33.556882914416057 ], [ 135.720705555992993, 33.556322125321145 ], [ 135.720759202830465, 33.555661206691852 ], [ 135.721722581065677, 33.552502163649727 ], [ 135.721520425027364, 33.551251494859699 ], [ 135.720416881104342, 33.549539229795485 ], [ 135.718930272918612, 33.547845809012223 ], [ 135.719245491528, 33.554837272926584 ], [ 135.719098053638845, 33.556077021281041 ], [ 135.717016471347335, 33.560172651387141 ], [ 135.716800784193225, 33.560312201138139 ], [ 135.715579567293361, 33.560829561749863 ], [ 135.715197367410099, 33.560708650701493 ], [ 135.715200044262218, 33.559888699390058 ], [ 135.71437610914279, 33.557082045097374 ], [ 135.712714283942461, 33.558016514440958 ], [ 135.711747738853319, 33.558288157573855 ], [ 135.710484936507527, 33.558361579970246 ], [ 135.709490134788098, 33.557957729291225 ], [ 135.708972176775717, 33.557101894576192 ], [ 135.708561518859739, 33.555920585751402 ], [ 135.708706913293412, 33.555195366103312 ], [ 135.7095638692482, 33.554025491961461 ], [ 135.709895370481547, 33.553220962180696 ], [ 135.70983987852847, 33.552718431464406 ], [ 135.709326054751898, 33.552095074215309 ], [ 135.709232265407422, 33.553234061048421 ], [ 135.708165322965897, 33.554111523745782 ], [ 135.707015472956925, 33.554748990449433 ], [ 135.704830869065859, 33.555563746555102 ], [ 135.6964536352219, 33.557993715754257 ], [ 135.695308753521914, 33.558881036430719 ], [ 135.694554444622042, 33.559189144155596 ], [ 135.693549757328896, 33.559296863549562 ], [ 135.688758274751422, 33.558551056270346 ], [ 135.68870370954059, 33.558944551508056 ], [ 135.692571056861993, 33.561502677596053 ], [ 135.693269518769739, 33.567300026533296 ], [ 135.692937090507002, 33.567458980091025 ], [ 135.689161376959106, 33.56731496974048 ], [ 135.688176576709026, 33.567110767241481 ], [ 135.687763336027814, 33.567526204166462 ], [ 135.687253577839357, 33.567712877132749 ], [ 135.684752288534952, 33.567944418725077 ], [ 135.683860310012562, 33.568247320765046 ], [ 135.683960473659226, 33.569456111576606 ], [ 135.683809726476539, 33.570386158126659 ], [ 135.683488216478679, 33.571204477120347 ], [ 135.683086933548964, 33.571744192987595 ], [ 135.682591310822545, 33.572076838100678 ], [ 135.679326110580462, 33.573181770128002 ], [ 135.679077846283093, 33.573467417528313 ], [ 135.679037230667461, 33.574184724206567 ], [ 135.679169343040115, 33.574437821538801 ], [ 135.680355570786674, 33.575045299048739 ], [ 135.681344380444955, 33.575047840370388 ], [ 135.683104681593704, 33.574686593542467 ], [ 135.683998355173969, 33.574704650335882 ], [ 135.686019845761081, 33.575590602205118 ], [ 135.686980008852487, 33.576287034916191 ], [ 135.687740397373432, 33.577163582906024 ], [ 135.688251593690268, 33.578095016144644 ], [ 135.690043136602071, 33.583055416520608 ], [ 135.691007137875488, 33.585042658033267 ], [ 135.691522902772846, 33.585489987074787 ], [ 135.692861634797907, 33.584134255276552 ], [ 135.693565404437777, 33.583678087292114 ], [ 135.697628437463436, 33.582396015808612 ], [ 135.696630640159896, 33.578588438379008 ], [ 135.695789052804457, 33.576308206073314 ], [ 135.695491651240587, 33.57502735751369 ], [ 135.695209570578555, 33.573382484254537 ], [ 135.695186766601353, 33.57187913314543 ], [ 135.695329981699899, 33.571080917787626 ], [ 135.695726024641829, 33.570259929800784 ], [ 135.696346457091323, 33.56950964762752 ], [ 135.698091109073829, 33.56848060132414 ], [ 135.699806342940548, 33.567827096843338 ], [ 135.701042560335708, 33.567642142088452 ], [ 135.701995612532642, 33.568137553067814 ], [ 135.703706019820544, 33.573003741452943 ], [ 135.704853343945018, 33.574204315540413 ], [ 135.711290624968427, 33.576568357349529 ], [ 135.713477157328015, 33.577794651810898 ], [ 135.715885522192053, 33.579914094319129 ], [ 135.71860513398488, 33.581353135761866 ], [ 135.721714280342354, 33.582045428415704 ], [ 135.722249674471726, 33.581184668320169 ], [ 135.722818107423876, 33.580740454698812 ] ] ] } },
{ "type": "Feature", "properties": { "CITY_NAME": "古座川町", "S_NAME": "添野川", "JINKO": 0, "medical_area": "30_新宮医療圏", "町丁目名": "古座川町添野川" }, "geometry": { "type": "Polygon", "coordinates": [ [ [ 135.670649572932092, 33.6463161793598 ], [ 135.672492787862751, 33.64625906661982 ], [ 135.672353158045297, 33.64236544550235 ], [ 135.671759323277598, 33.638993156729732 ], [ 135.6716863046436, 33.636644663417371 ], [ 135.673980293620446, 33.634839855947156 ], [ 135.677705928301094, 33.631475507718498 ], [ 135.678615533091687, 33.630889544534192 ], [ 135.680322071697333, 33.6301357238832 ], [ 135.685115051279439, 33.628537951284017 ], [ 135.686099817362049, 33.627627251288651 ], [ 135.686342144708533, 33.627179295305389 ], [ 135.686822157307347, 33.624997951479216 ], [ 135.686342274375164, 33.621962961409217 ], [ 135.686956357890296, 33.618528342171373 ], [ 135.686402097010557, 33.615601589904919 ], [ 135.686406262452067, 33.61444070056406 ], [ 135.691971174639264, 33.619454104031995 ], [ 135.693876350492957, 33.622693816857527 ], [ 135.697826744419132, 33.626294684070416 ], [ 135.699230561376567, 33.627335019537426 ], [ 135.706148120376753, 33.629859117206514 ], [ 135.7081932498279, 33.630235333014063 ], [ 135.708989579150881, 33.630237208390518 ], [ 135.71804254219623, 33.628323489470731 ], [ 135.717463441490594, 33.627046867427971 ], [ 135.716867548146979, 33.626286131187051 ], [ 135.713364831290647, 33.626648611372872 ], [ 135.712235094266191, 33.626497781902195 ], [ 135.711615978788302, 33.626070304528319 ], [ 135.70958528059947, 33.623611055095047 ], [ 135.708391313684814, 33.622793366499742 ], [ 135.70613997103834, 33.621750562237125 ], [ 135.705257758789315, 33.621556861003548 ], [ 135.705138215047583, 33.622881182819363 ], [ 135.704383153077316, 33.624043097813249 ], [ 135.704040764488269, 33.624164850959282 ], [ 135.701686630006122, 33.623250489096769 ], [ 135.698249145020753, 33.623068871162062 ], [ 135.695085607009275, 33.621386847556721 ], [ 135.693739410595413, 33.620423824660421 ], [ 135.693009285996908, 33.619666593923853 ], [ 135.692116200126293, 33.618367951168729 ], [ 135.691913584556062, 33.616948162872539 ], [ 135.692142161664975, 33.616193299369172 ], [ 135.693080998123804, 33.614889044689122 ], [ 135.694536688906226, 33.614188201790675 ], [ 135.695014692566787, 33.613689230842908 ], [ 135.695744865263663, 33.612670159249951 ], [ 135.695758987797717, 33.612118765841011 ], [ 135.691510810378588, 33.609954154403901 ], [ 135.691733204086944, 33.60921984867484 ], [ 135.692414040927531, 33.608343537324629 ], [ 135.69248157690302, 33.606505995750183 ], [ 135.692347976563752, 33.606301382313397 ], [ 135.691504230035378, 33.606636291275642 ], [ 135.690632732481873, 33.607910265067353 ], [ 135.689883198732645, 33.609215248616934 ], [ 135.689407512829405, 33.610775912907094 ], [ 135.689015253761426, 33.611193359747013 ], [ 135.688368112148794, 33.611171451231058 ], [ 135.687604146493783, 33.609668828237282 ], [ 135.687544542285082, 33.607555405902495 ], [ 135.687287521075916, 33.606013198564604 ], [ 135.686984837564893, 33.605287725981611 ], [ 135.686206131132508, 33.60450977195746 ], [ 135.684688498787466, 33.603745724048643 ], [ 135.683959029238224, 33.603930403327517 ], [ 135.682534671760806, 33.605449174691707 ], [ 135.681649261776926, 33.608479596591373 ], [ 135.681668732251325, 33.609837492443866 ], [ 135.680997625325176, 33.611367190770927 ], [ 135.681130054398039, 33.611887958670948 ], [ 135.68208393858896, 33.613187110735261 ], [ 135.681889547165753, 33.61473917339066 ], [ 135.680106846755706, 33.614877176527088 ], [ 135.679520056153336, 33.614674481319994 ], [ 135.679094572625047, 33.614171268720895 ], [ 135.678897436475495, 33.6133110781198 ], [ 135.67893635406358, 33.611804268634444 ], [ 135.680125099716548, 33.608067684657847 ], [ 135.680194065718183, 33.607465156315897 ], [ 135.679999180650157, 33.605990999908869 ], [ 135.679601489346908, 33.605208629068365 ], [ 135.678787761332757, 33.605005627312309 ], [ 135.678145836762525, 33.605283201908122 ], [ 135.677903946568421, 33.605706638714452 ], [ 135.677814023681179, 33.606554815398646 ], [ 135.677938950817946, 33.610696590688811 ], [ 135.6776859251448, 33.612325693123836 ], [ 135.676226413702352, 33.617010276583223 ], [ 135.67568536460692, 33.620670174096411 ], [ 135.675286828297004, 33.621908338053871 ], [ 135.674360337265654, 33.623256696542114 ], [ 135.673281457761647, 33.624280616827399 ], [ 135.670197230311771, 33.625846408464696 ], [ 135.666680335694565, 33.628773022724609 ], [ 135.666158659630781, 33.628983791910791 ], [ 135.665424134412518, 33.628970546801234 ], [ 135.664171413936998, 33.628263882220878 ], [ 135.656386696397846, 33.617660226486301 ], [ 135.656656399520415, 33.610193041227646 ], [ 135.657001207758753, 33.610045506815084 ], [ 135.65780771568572, 33.610132270741069 ], [ 135.659142444294076, 33.609826573883687 ], [ 135.660453942224876, 33.609736620297568 ], [ 135.662615344196581, 33.610098371383991 ], [ 135.664181586061801, 33.61078646150029 ], [ 135.669482606750421, 33.610688224530989 ], [ 135.670536581273893, 33.610541117049763 ], [ 135.672821232870007, 33.609432460910156 ], [ 135.673673633273665, 33.609195758709241 ], [ 135.673829034338667, 33.608477934755385 ], [ 135.673531806547686, 33.607593523705091 ], [ 135.67359940296646, 33.607173017638843 ], [ 135.674302575625347, 33.606671338342998 ], [ 135.674944989804402, 33.605872791929194 ], [ 135.675709631939242, 33.605481718521446 ], [ 135.675983109277155, 33.605158114624551 ], [ 135.676025100886022, 33.604958167278625 ], [ 135.675603710261782, 33.604012011492166 ], [ 135.675613496944862, 33.603598116076803 ], [ 135.675993910105461, 33.603357912601552 ], [ 135.677038514149785, 33.603105344024215 ], [ 135.678104809406364, 33.601452688999871 ], [ 135.67916188479623, 33.60117251897799 ], [ 135.680191364876379, 33.601664893553604 ], [ 135.68117249784197, 33.601839858327772 ], [ 135.682324313777485, 33.601594561512314 ], [ 135.682818339768829, 33.601864917699068 ], [ 135.68330502030588, 33.601893489456238 ], [ 135.684834719623069, 33.600959345634628 ], [ 135.687301422672675, 33.600689144516473 ], [ 135.688042049095088, 33.599851596118135 ], [ 135.688862057191727, 33.599274319767019 ], [ 135.689237324360903, 33.599170718393786 ], [ 135.691548732878459, 33.599281007248592 ], [ 135.69549958117662, 33.598098268063261 ], [ 135.695338329436453, 33.597054182429616 ], [ 135.695354867490181, 33.594987127379362 ], [ 135.695096849769072, 33.593710323089347 ], [ 135.694648159290949, 33.592841630907273 ], [ 135.693381393387568, 33.591991216135462 ], [ 135.69244178082613, 33.591855903260921 ], [ 135.688479452935525, 33.591989207388721 ], [ 135.687650059441239, 33.591752132683645 ], [ 135.686994648109675, 33.591048591984766 ], [ 135.679623327285924, 33.596220680384498 ], [ 135.678357318224272, 33.596745743850292 ], [ 135.67764058003786, 33.596861391130993 ], [ 135.672815375515512, 33.597024915523214 ], [ 135.672245670225948, 33.59818601184309 ], [ 135.671723918865922, 33.598736633971363 ], [ 135.670037989281553, 33.599783199374649 ], [ 135.668262333498603, 33.600406842122325 ], [ 135.667384661133411, 33.600351813457898 ], [ 135.663914748551775, 33.59959075080473 ], [ 135.662333464974267, 33.598975887251086 ], [ 135.660619443186221, 33.597947006228523 ], [ 135.658242518785016, 33.60189315611067 ], [ 135.657817577601918, 33.603388459417111 ], [ 135.656956044230441, 33.604375931987967 ], [ 135.656671942376704, 33.605259615741012 ], [ 135.655782604872513, 33.605972557398552 ], [ 135.655244958079209, 33.607294523953776 ], [ 135.654915930288382, 33.608915457986775 ], [ 135.653809285781676, 33.610841621378853 ], [ 135.653437417809243, 33.611351703461025 ], [ 135.651361613721207, 33.612915303749297 ], [ 135.649749707292017, 33.615212777347715 ], [ 135.649426956073711, 33.616548561398311 ], [ 135.64811014477479, 33.618495769288337 ], [ 135.647988181268403, 33.619467797537908 ], [ 135.647645638614648, 33.619844106089708 ], [ 135.647255260706004, 33.621017131549806 ], [ 135.646734629633016, 33.621318549980131 ], [ 135.646081279122228, 33.621997161273107 ], [ 135.643655284113947, 33.623073325367351 ], [ 135.643924489528672, 33.623998309438441 ], [ 135.643868398195536, 33.624825990983126 ], [ 135.643153757670575, 33.626350001585735 ], [ 135.642430186005384, 33.62676070455089 ], [ 135.641449190388499, 33.627653330057186 ], [ 135.641234503624958, 33.62864847902339 ], [ 135.640677807689059, 33.628854523876107 ], [ 135.6403724782094, 33.629939560866084 ], [ 135.639972305101054, 33.630680567813172 ], [ 135.640737879795296, 33.631627551734134 ], [ 135.640493681111082, 33.632916765135903 ], [ 135.640965428630381, 33.633647341642174 ], [ 135.641701815515802, 33.63415298726256 ], [ 135.641792894746288, 33.634646338944414 ], [ 135.641681870322373, 33.635240541989425 ], [ 135.641817850007953, 33.635370546560317 ], [ 135.64474397059638, 33.635355574786097 ], [ 135.646508931285013, 33.636279446297337 ], [ 135.647528364772342, 33.636637934512983 ], [ 135.648201988082661, 33.637335543398549 ], [ 135.649337417863705, 33.637401042856638 ], [ 135.649816045533186, 33.637210233070988 ], [ 135.651737691778777, 33.637760888588424 ], [ 135.652805163308585, 33.637753467597655 ], [ 135.654317342100626, 33.638282079071949 ], [ 135.655055503180279, 33.638372335848871 ], [ 135.656245112938905, 33.638868745740218 ], [ 135.656977219243856, 33.639709181449525 ], [ 135.657246503951711, 33.640675408509821 ], [ 135.657706146689577, 33.641369690305346 ], [ 135.659401354917463, 33.642734323575894 ], [ 135.660943954261484, 33.644256988406596 ], [ 135.661810130830361, 33.645762161738567 ], [ 135.662301617151428, 33.646264483493212 ], [ 135.66459566033123, 33.647705884926374 ], [ 135.665863901743421, 33.647976697649106 ], [ 135.666104118367656, 33.648460013879379 ], [ 135.667228839289038, 33.649179849085705 ], [ 135.668811944228935, 33.647332852895026 ], [ 135.670649572932092, 33.6463161793598 ] ] ] } },
{ "type": "Feature", "properties": { "CITY_NAME": "古座川町", "S_NAME": "佐田", "JINKO": 0, "medical_area": "30_新宮医療圏", "町丁目名": "古座川町佐田" }, "geometry": { "type": "Polygon", "coordinates": [ [ [ 135.739119064046321, 33.630065820785049 ], [ 135.738938376603556, 33.626941442404956 ], [ 135.738648472352253, 33.626443222496043 ], [ 135.734515147158476, 33.625407369625378 ], [ 135.734110649326567, 33.625099374163426 ], [ 135.734239007839903, 33.624548785795106 ], [ 135.736102614925471, 33.622032605228384 ], [ 135.736240129461322, 33.620539790152229 ], [ 135.735773982047164, 33.619681081245446 ], [ 135.734636838333387, 33.618693852198994 ], [ 135.733277131256983, 33.617991857490679 ], [ 135.730948070422045, 33.617372562567446 ], [ 135.728345929963865, 33.616996359470527 ], [ 135.727978906886108, 33.616889608138038 ], [ 135.727726425561997, 33.616603335417011 ], [ 135.727867552867366, 33.616031644113619 ], [ 135.729672938383885, 33.613917781341719 ], [ 135.730138331141262, 33.612933995635224 ], [ 135.730217103164819, 33.612044325569215 ], [ 135.730066564717134, 33.61156751925899 ], [ 135.729612370176994, 33.610973678703893 ], [ 135.728304247238952, 33.610028285107212 ], [ 135.727392991339116, 33.609782830731497 ], [ 135.725568151939029, 33.610032679016989 ], [ 135.721790004914283, 33.611093864743118 ], [ 135.720529842610375, 33.611016925398083 ], [ 135.715007450271457, 33.608907688484564 ], [ 135.71380659880009, 33.608142446704775 ], [ 135.712802422830379, 33.607271702346708 ], [ 135.712336242062719, 33.606518852250431 ], [ 135.712325802837029, 33.60584116321975 ], [ 135.712790016766604, 33.605270238535951 ], [ 135.713982412127109, 33.604733113555994 ], [ 135.715890521734224, 33.604176201397664 ], [ 135.717210635969082, 33.603300362846817 ], [ 135.720553299605371, 33.597445598020485 ], [ 135.722692035611828, 33.594028226328426 ], [ 135.726915442892363, 33.589170205674421 ], [ 135.725798752343195, 33.586351100742476 ], [ 135.72543116000071, 33.585761087476477 ], [ 135.725123093993261, 33.585372676841331 ], [ 135.723288397919049, 33.584147076849931 ], [ 135.723168836034716, 33.583916878359538 ], [ 135.72319735076934, 33.583054701991713 ], [ 135.722889489077744, 33.582608520476356 ], [ 135.721714280342354, 33.582045428415704 ], [ 135.71860513398488, 33.581353135761866 ], [ 135.715885522192053, 33.579914094319129 ], [ 135.713477157328015, 33.577794651810898 ], [ 135.711290624968427, 33.576568357349529 ], [ 135.704853343945018, 33.574204315540413 ], [ 135.703706019820544, 33.573003741452943 ], [ 135.701995612532642, 33.568137553067814 ], [ 135.701575515597483, 33.567807706059817 ], [ 135.701042560335708, 33.567642142088452 ], [ 135.699806342940548, 33.567827096843338 ], [ 135.698091109073829, 33.56848060132414 ], [ 135.696346457091323, 33.56950964762752 ], [ 135.695726024641829, 33.570259929800784 ], [ 135.695329981699899, 33.571080917787626 ], [ 135.695186766601353, 33.57187913314543 ], [ 135.695209570578555, 33.573382484254537 ], [ 135.695789052804457, 33.576308206073314 ], [ 135.696630640159896, 33.578588438379008 ], [ 135.697628437463436, 33.582396015808612 ], [ 135.693565404437777, 33.583678087292114 ], [ 135.692861634797907, 33.584134255276552 ], [ 135.691522902772846, 33.585489987074787 ], [ 135.702550927754885, 33.585374758050015 ], [ 135.706258564421773, 33.59303497106572 ], [ 135.701698336078806, 33.599595126856201 ], [ 135.700902093922053, 33.599543060275892 ], [ 135.6986526356458, 33.598231049619763 ], [ 135.697572312802976, 33.597775900971612 ], [ 135.696641038200539, 33.597673323089126 ], [ 135.69549958117662, 33.598098268063247 ], [ 135.696376220943762, 33.599142409637608 ], [ 135.696082201586279, 33.602118913923967 ], [ 135.696142759491806, 33.602821805291015 ], [ 135.696320463728085, 33.603076962064051 ], [ 135.69751025116409, 33.60364960255469 ], [ 135.697862215518029, 33.604273173717587 ], [ 135.696822789876649, 33.608211503647603 ], [ 135.701682669760288, 33.611877842444763 ], [ 135.695577415054288, 33.615229932208031 ], [ 135.695287098526251, 33.615511275036518 ], [ 135.695347457921486, 33.617692620842966 ], [ 135.695605255419309, 33.618279057624839 ], [ 135.696223837405654, 33.618729434422946 ], [ 135.698045570256397, 33.618351798307984 ], [ 135.698777840719629, 33.618496439770645 ], [ 135.69894131895424, 33.61890512511382 ], [ 135.698570498853059, 33.620190514952782 ], [ 135.69878944716001, 33.620446332564015 ], [ 135.699265489483878, 33.620529203296577 ], [ 135.701007214074679, 33.620135277553828 ], [ 135.701215354248916, 33.619982495878112 ], [ 135.701253258462515, 33.619615154967036 ], [ 135.700878016242967, 33.618624098228842 ], [ 135.701306171284415, 33.618420845978044 ], [ 135.701867931787376, 33.618432623875613 ], [ 135.702369663956404, 33.617768562879654 ], [ 135.702991507396092, 33.617362327123061 ], [ 135.704278168129605, 33.616939360253738 ], [ 135.706715773290227, 33.616908237778354 ], [ 135.708464737660904, 33.617393915811384 ], [ 135.71058081212405, 33.617435784209292 ], [ 135.713392115938916, 33.618331589749637 ], [ 135.714166300872449, 33.618759418718106 ], [ 135.715093674953124, 33.619780449179302 ], [ 135.715341326804577, 33.621985044084695 ], [ 135.716123059853857, 33.623860621890699 ], [ 135.720320946322772, 33.624015551430951 ], [ 135.721962211177072, 33.623593198866416 ], [ 135.72188248983116, 33.631326837059952 ], [ 135.723405874231759, 33.633505231850648 ], [ 135.724051975426022, 33.634172493261559 ], [ 135.726279651202162, 33.635446518157721 ], [ 135.72759305384244, 33.635944758482161 ], [ 135.730296903276638, 33.635997148461797 ], [ 135.731242185527066, 33.635767016034784 ], [ 135.732893282667618, 33.634872849095004 ], [ 135.733813877356567, 33.63362093699687 ], [ 135.734168426318064, 33.632754963676085 ], [ 135.734277526576648, 33.630402396716029 ], [ 135.739119064046321, 33.630065820785049 ] ] ] } },
{ "type": "Feature", "properties": { "CITY_NAME": "北山村", "S_NAME": "大字七色", "JINKO": 59, "medical_area": "30_新宮医療圏", "町丁目名": "北山村大字七色" }, "geometry": { "type": "Polygon", "coordinates": [ [ [ 136.006867305925539, 34.00718650156012 ], [ 136.005654179889177, 34.005101580655591 ], [ 136.00527012625858, 34.00304998957251 ], [ 136.004170223591217, 34.001841723158158 ], [ 136.002922027092325, 34.001427860011994 ], [ 136.001432466894727, 34.001464236361358 ], [ 135.997158040609406, 34.002527299770151 ], [ 135.996417382428376, 34.002330187658572 ], [ 135.995607287002258, 34.001816228063774 ], [ 135.995361205878055, 34.001295524257642 ], [ 135.99539185764101, 34.000522655503332 ], [ 135.995868793999108, 33.99936435664079 ], [ 135.997798723742278, 33.99710202543438 ], [ 136.004035658995292, 33.991716356743453 ], [ 136.00450054850603, 33.990767247420628 ], [ 136.004527846435053, 33.989863509296775 ], [ 136.004041464940514, 33.986684300619018 ], [ 136.00449406360022, 33.984631412868033 ], [ 136.007638443747084, 33.979753555781535 ], [ 136.008631864559646, 33.978606903441467 ], [ 136.0120284445251, 33.976201947004157 ], [ 136.013076480866602, 33.975045065143476 ], [ 136.013234361365306, 33.974437431121963 ], [ 136.013418898195539, 33.969812734065229 ], [ 136.012294355137982, 33.967317072858393 ], [ 136.010492553684287, 33.965679545122953 ], [ 136.003392585381846, 33.962609422025331 ], [ 136.003125227242151, 33.96231076392732 ], [ 136.002268430960726, 33.960290867887451 ], [ 136.001548330282844, 33.957433028441024 ], [ 136.001165547190567, 33.956805416889594 ], [ 136.000436466380592, 33.955975077174713 ], [ 135.999198878992246, 33.955780218638111 ], [ 135.997164360493997, 33.956783060244511 ], [ 135.995405072256801, 33.958434065657507 ], [ 135.993221673659605, 33.961068188455059 ], [ 135.992872857566823, 33.961763391222746 ], [ 135.992388873896203, 33.963668186505984 ], [ 135.991964783728548, 33.964531464482128 ], [ 135.98856704824405, 33.967302280194318 ], [ 135.987087878646349, 33.968189677841302 ], [ 135.985398420304534, 33.968577049642938 ], [ 135.980576602221589, 33.967965304011777 ], [ 135.98060229784295, 33.968434864007101 ], [ 135.981635324227966, 33.970824892991068 ], [ 135.982091432218425, 33.972638748488315 ], [ 135.982107095633523, 33.974410704686406 ], [ 135.981925213829356, 33.975158457775329 ], [ 135.981468924340732, 33.976002675836071 ], [ 135.9807985103036, 33.978135329873702 ], [ 135.980140168706811, 33.979248166213637 ], [ 135.976629924454585, 33.983041418840756 ], [ 135.976215422359218, 33.983690362591069 ], [ 135.975734626763654, 33.985113968457121 ], [ 135.974517936659424, 33.985984073407295 ], [ 135.975106436640687, 33.986149290258012 ], [ 135.975786312655288, 33.986632900147214 ], [ 135.976274457142921, 33.988367241770376 ], [ 135.97725292420597, 33.989600265624205 ], [ 135.978149204132023, 33.989724809917995 ], [ 135.978969126463397, 33.99035622768217 ], [ 135.979599299708298, 33.990616811525278 ], [ 135.982235315572922, 33.990884139085416 ], [ 135.982881023731295, 33.991331515386975 ], [ 135.983685543302698, 33.991384720777077 ], [ 135.984827687325634, 33.991737474554988 ], [ 135.985138855268445, 33.99211859940489 ], [ 135.985283461749333, 33.99284316893003 ], [ 135.984853735225613, 33.994266430510081 ], [ 135.98496102425878, 33.994837997974273 ], [ 135.986670981768498, 33.996695751344461 ], [ 135.988779449148097, 33.998338387064315 ], [ 135.988953664459814, 33.999033233729762 ], [ 135.988914599409156, 34.000188178931978 ], [ 135.989473230394481, 34.000866153960828 ], [ 135.989491494776928, 34.002276522276738 ], [ 135.991056323192055, 34.00382197372555 ], [ 135.992016006540922, 34.003916289410633 ], [ 135.993374258447716, 34.004875484781614 ], [ 135.997193341747533, 34.005228116520435 ], [ 135.997752535439588, 34.00579291224971 ], [ 135.998325391932838, 34.006080170501868 ], [ 135.999591535814005, 34.006188646065361 ], [ 136.0008251306528, 34.005928427707524 ], [ 136.001430539852407, 34.006099162007743 ], [ 136.00233705372213, 34.006772822110769 ], [ 136.002737427339923, 34.007274197452176 ], [ 136.003613167683625, 34.009889999181595 ], [ 136.006037259845385, 34.00896457625673 ], [ 136.006554193219699, 34.008449633220955 ], [ 136.006833237802965, 34.007930760987676 ], [ 136.006867305925539, 34.00718650156012 ] ] ] } },
{ "type": "Feature", "properties": { "CITY_NAME": "北山村", "S_NAME": "大字竹原", "JINKO": 43, "medical_area": "30_新宮医療圏", "町丁目名": "北山村大字竹原" }, "geometry": { "type": "Polygon", "coordinates": [ [ [ 135.972104957725037, 33.985693669699963 ], [ 135.974517936659424, 33.985984073407295 ], [ 135.975734626763654, 33.985113968457121 ], [ 135.976215422359218, 33.983690362591069 ], [ 135.976629924454585, 33.983041418840756 ], [ 135.980140168706811, 33.979248166213637 ], [ 135.9807985103036, 33.978135329873702 ], [ 135.982107095633523, 33.974410704686406 ], [ 135.982091432218425, 33.972638748488315 ], [ 135.981777235092835, 33.971308825712072 ], [ 135.98060229784295, 33.968434864007101 ], [ 135.980576602221589, 33.967965304011777 ], [ 135.978138455530683, 33.967305194421513 ], [ 135.97695559035688, 33.966749088025473 ], [ 135.976197589886993, 33.965864515219749 ], [ 135.975011906180356, 33.963158855425242 ], [ 135.974486967377374, 33.962424076263865 ], [ 135.97494973222814, 33.961373622493426 ], [ 135.975077806841028, 33.960640516418671 ], [ 135.97688940052609, 33.958817442968503 ], [ 135.977323693045264, 33.957732333977539 ], [ 135.976988656812608, 33.954051009352106 ], [ 135.977226542090875, 33.953146759085833 ], [ 135.977948650828125, 33.95164711348216 ], [ 135.977417485833314, 33.947665446066345 ], [ 135.976377912007422, 33.947810088834053 ], [ 135.974267943877095, 33.947667134362668 ], [ 135.969415932371732, 33.947903170022208 ], [ 135.96851846005822, 33.94872172174383 ], [ 135.966943221721351, 33.949579537562101 ], [ 135.965879943644126, 33.949977371520731 ], [ 135.964148369928608, 33.950325420317277 ], [ 135.963824041050486, 33.951944704318841 ], [ 135.963326964055426, 33.953015081788784 ], [ 135.962983899730773, 33.95435642698623 ], [ 135.962863296003775, 33.956140484245566 ], [ 135.961517346554359, 33.957510415542615 ], [ 135.959536492088802, 33.96018411053479 ], [ 135.95870462066344, 33.961602792097509 ], [ 135.958001714120229, 33.963408786791682 ], [ 135.957778933762654, 33.964538284711722 ], [ 135.958219653382599, 33.96739517115202 ], [ 135.958264107556801, 33.973338332958235 ], [ 135.958418681315976, 33.973964735035878 ], [ 135.958861682550349, 33.974555442966228 ], [ 135.961366916872919, 33.976394970381968 ], [ 135.962114676823461, 33.977210741156078 ], [ 135.962803718878064, 33.978799064258205 ], [ 135.962755240622045, 33.979893801928739 ], [ 135.963254022995557, 33.981278193403469 ], [ 135.962642031481607, 33.983055319828189 ], [ 135.961563363885119, 33.98454802216191 ], [ 135.962360036938179, 33.984482037152219 ], [ 135.964046429592912, 33.985332829546699 ], [ 135.965974279591251, 33.985490125234925 ], [ 135.968345529613515, 33.985918397421507 ], [ 135.970945646427651, 33.985930664908054 ], [ 135.972104957725037, 33.985693669699963 ] ] ] } },
{ "type": "Feature", "properties": { "CITY_NAME": "北山村", "S_NAME": "大字大沼", "JINKO": 155, "medical_area": "30_新宮医療圏", "町丁目名": "北山村大字大沼" }, "geometry": { "type": "Polygon", "coordinates": [ [ [ 135.972952135934179, 33.947689555185228 ], [ 135.976377912007422, 33.947810088834053 ], [ 135.977417485833314, 33.947665446066345 ], [ 135.977309711614083, 33.947124604729886 ], [ 135.97613098870238, 33.945805801421173 ], [ 135.975904399437866, 33.945226337740557 ], [ 135.975700968001433, 33.942910307774994 ], [ 135.975293418627842, 33.940924171949078 ], [ 135.973606502990492, 33.93794236498136 ], [ 135.972486493870832, 33.934857962818306 ], [ 135.971590235022717, 33.933404929881867 ], [ 135.971257784934835, 33.933287226334919 ], [ 135.97078196845149, 33.932579506692015 ], [ 135.969624229878065, 33.929950659277196 ], [ 135.968355311239407, 33.928514281838417 ], [ 135.966590027925292, 33.927688600510002 ], [ 135.965723571367647, 33.927755573279924 ], [ 135.964829287916473, 33.928143866951167 ], [ 135.96410619534376, 33.928691528948406 ], [ 135.958600349667819, 33.933731057151363 ], [ 135.957741109461068, 33.934333297592964 ], [ 135.956199480132966, 33.93503222546412 ], [ 135.960625803206852, 33.940418137564166 ], [ 135.961228464902661, 33.941507282679282 ], [ 135.960327127954542, 33.943825507070692 ], [ 135.960164327058578, 33.945526661077743 ], [ 135.96079080471506, 33.947565489056956 ], [ 135.961883008794103, 33.949205913233996 ], [ 135.962561442613946, 33.949844429194059 ], [ 135.963688270798457, 33.950345856811985 ], [ 135.964614449497958, 33.950304702036235 ], [ 135.965879943644126, 33.949977371520731 ], [ 135.967751413052952, 33.949189378220645 ], [ 135.969415932371732, 33.947903170022208 ], [ 135.972952135934179, 33.947689555185228 ] ] ] } },
{ "type": "Feature", "properties": { "CITY_NAME": "北山村", "S_NAME": "大字下尾井", "JINKO": 147, "medical_area": "30_新宮医療圏", "町丁目名": "北山村大字下尾井" }, "geometry": { "type": "Polygon", "coordinates": [ [ [ 135.963254022995557, 33.981278193403469 ], [ 135.962683153356721, 33.979444385495086 ], [ 135.962803718878064, 33.978799064258205 ], [ 135.962114676823461, 33.977210741156078 ], [ 135.961366916872919, 33.976394970381968 ], [ 135.958861682550349, 33.974555442966228 ], [ 135.958418681315976, 33.973964735035878 ], [ 135.958264107556801, 33.973338332958235 ], [ 135.958219653382599, 33.96739517115202 ], [ 135.957778933762654, 33.964538284711722 ], [ 135.958001714120229, 33.963408786791682 ], [ 135.95870462066344, 33.961602792097509 ], [ 135.959536492088802, 33.96018411053479 ], [ 135.961517346554359, 33.957510415542615 ], [ 135.962863296003775, 33.956140484245566 ], [ 135.962983899730773, 33.95435642698623 ], [ 135.963326964055426, 33.953015081788784 ], [ 135.963824041050486, 33.951944704318841 ], [ 135.964148369928608, 33.950325420317277 ], [ 135.963688270798457, 33.950345856811985 ], [ 135.962561442613946, 33.949844429194059 ], [ 135.961883008794103, 33.949205913233996 ], [ 135.96079080471506, 33.947565489056956 ], [ 135.96031377248471, 33.946303081586009 ], [ 135.960164327058578, 33.945526661077743 ], [ 135.960215698041139, 33.944692974669053 ], [ 135.960327127954542, 33.943825507070692 ], [ 135.961228464902661, 33.941507282679282 ], [ 135.960625803206852, 33.940418137564166 ], [ 135.956199480132966, 33.93503222546412 ], [ 135.951515459079957, 33.936802185699804 ], [ 135.94814472760541, 33.937342665919331 ], [ 135.946520910904752, 33.937966765591987 ], [ 135.944620743028253, 33.939272835043205 ], [ 135.943537305069697, 33.939759082906036 ], [ 135.942303703254254, 33.93982446888996 ], [ 135.938277022082843, 33.939174305521661 ], [ 135.935719638632833, 33.939226022529986 ], [ 135.933856246107126, 33.93954641254907 ], [ 135.932275678317012, 33.940110212964257 ], [ 135.930299101430307, 33.94115768513295 ], [ 135.92939739910895, 33.941401606956319 ], [ 135.928704299480046, 33.941350926624487 ], [ 135.928254276586159, 33.941137104697766 ], [ 135.927855779389716, 33.940599999761154 ], [ 135.92786312667107, 33.939801377100167 ], [ 135.928250947403058, 33.938414952763679 ], [ 135.929313332957321, 33.936507804000968 ], [ 135.931304522108718, 33.933788452710552 ], [ 135.931309263969439, 33.933431899904583 ], [ 135.930815760252671, 33.933280190375008 ], [ 135.93032764565919, 33.933378394685732 ], [ 135.92767787349328, 33.934759743703609 ], [ 135.926022221109974, 33.934558180568985 ], [ 135.924335103104312, 33.934666925608852 ], [ 135.922516732032051, 33.934524526195723 ], [ 135.921022451034077, 33.933818216010742 ], [ 135.919231554916848, 33.932038353429974 ], [ 135.918771011317517, 33.93126224619391 ], [ 135.918298232877731, 33.929525635895153 ], [ 135.918089438210245, 33.92758987138366 ], [ 135.911314380657956, 33.928067120966219 ], [ 135.910014940471171, 33.928449640362011 ], [ 135.908698668696815, 33.930589317250089 ], [ 135.907623302355148, 33.934601116032773 ], [ 135.907187956645629, 33.939263877092998 ], [ 135.907712899803101, 33.944568816316831 ], [ 135.908302508052572, 33.946110572583528 ], [ 135.910498834362016, 33.948137004844995 ], [ 135.911002342409432, 33.94878288295314 ], [ 135.911949486956189, 33.951430405226937 ], [ 135.912257108372302, 33.95196117558897 ], [ 135.913676616682125, 33.953521561525733 ], [ 135.913890610444781, 33.954086491228871 ], [ 135.913920954918979, 33.955724925254415 ], [ 135.913559621264909, 33.957149797765993 ], [ 135.913789344484115, 33.95923636038124 ], [ 135.9135783658175, 33.959615881406449 ], [ 135.913182786972925, 33.961629883705989 ], [ 135.913100754519689, 33.962791512673078 ], [ 135.912395451621563, 33.964171633077257 ], [ 135.913003419123839, 33.964575532567409 ], [ 135.913407547236034, 33.965099599251147 ], [ 135.915059516199847, 33.966099843102995 ], [ 135.915588535682616, 33.967188772791062 ], [ 135.915927226877983, 33.967466391890909 ], [ 135.915925372797005, 33.967836057113949 ], [ 135.915376072671904, 33.969158116053038 ], [ 135.915436515375632, 33.969958208231283 ], [ 135.915161975427282, 33.971273113874432 ], [ 135.915656444048267, 33.972639538770913 ], [ 135.917684228617219, 33.974369043208199 ], [ 135.918726077764347, 33.974929575764364 ], [ 135.919946212180918, 33.976505519674824 ], [ 135.92218745646079, 33.978557284413391 ], [ 135.923910561771208, 33.978844509358353 ], [ 135.924834477694503, 33.979408750348718 ], [ 135.925772351628552, 33.981134974398238 ], [ 135.926366508819655, 33.981413993361009 ], [ 135.926736886791957, 33.981401816499464 ], [ 135.928921141826891, 33.980328186309251 ], [ 135.931119202450503, 33.980637965746382 ], [ 135.932919053128217, 33.980247042237714 ], [ 135.934521576663883, 33.980104779903407 ], [ 135.935465353026302, 33.980192324410616 ], [ 135.937652480647046, 33.980851155710418 ], [ 135.938536337361199, 33.980957379899927 ], [ 135.93994311407846, 33.980506396737404 ], [ 135.940435812411494, 33.980104426053799 ], [ 135.94045450682728, 33.979730974023255 ], [ 135.939812126557342, 33.97805424391052 ], [ 135.939904692218221, 33.97766756968867 ], [ 135.94042977118778, 33.977263628475406 ], [ 135.941394205791369, 33.975679870465711 ], [ 135.941846771657168, 33.976035236385819 ], [ 135.943774079978652, 33.976733876304152 ], [ 135.943722996566606, 33.977563500456704 ], [ 135.944412935533677, 33.97801433633763 ], [ 135.945159526601174, 33.979333120012953 ], [ 135.94601196184783, 33.979602269430664 ], [ 135.946784766733202, 33.980418397755983 ], [ 135.947598492391734, 33.980714848125267 ], [ 135.948622631937127, 33.980829930730614 ], [ 135.950114807197053, 33.980751340121259 ], [ 135.95191022332267, 33.981003479105972 ], [ 135.953170601511204, 33.980848411454531 ], [ 135.953607996724344, 33.980486939876762 ], [ 135.954230424284276, 33.980373049241194 ], [ 135.957144358043422, 33.981041647909365 ], [ 135.958626797765703, 33.981854841149193 ], [ 135.959626692659441, 33.983207006508707 ], [ 135.9610047120903, 33.984594349238726 ], [ 135.961563363885119, 33.98454802216191 ], [ 135.962642031481607, 33.983055319828189 ], [ 135.963254022995557, 33.981278193403469 ] ] ] } },
{ "type": "Feature", "properties": { "CITY_NAME": "北山村", "S_NAME": "大字小松", "JINKO": 0, "medical_area": "30_新宮医療圏", "町丁目名": "北山村大字小松" }, "geometry": { "type": "Polygon", "coordinates": [ [ [ 135.910460770870202, 33.964371018271663 ], [ 135.912003514944956, 33.964067249531787 ], [ 135.912395451621563, 33.964171633077257 ], [ 135.913100754519689, 33.962791512673078 ], [ 135.913182786972925, 33.961629883705989 ], [ 135.9135783658175, 33.959615881406449 ], [ 135.913789344484115, 33.95923636038124 ], [ 135.913559621264909, 33.957149797765993 ], [ 135.913920954918979, 33.955724925254415 ], [ 135.913890610444781, 33.954086491228871 ], [ 135.913676616682125, 33.953521561525733 ], [ 135.912257108372302, 33.95196117558897 ], [ 135.911949486956189, 33.951430405226937 ], [ 135.911002342409432, 33.94878288295314 ], [ 135.910498834362016, 33.948137004844995 ], [ 135.908302508052572, 33.946110572583528 ], [ 135.907712899803101, 33.944568816316831 ], [ 135.907187956645629, 33.939263877092998 ], [ 135.907623302355148, 33.934601116032773 ], [ 135.908698668696815, 33.930589317250089 ], [ 135.910014940471171, 33.928449640362011 ], [ 135.911314380657956, 33.928067120966219 ], [ 135.918089438210245, 33.92758987138366 ], [ 135.917905308374856, 33.926647866145231 ], [ 135.917251953938518, 33.924952153990688 ], [ 135.917417522880186, 33.923389831572386 ], [ 135.917728348729185, 33.9227210277054 ], [ 135.918659932265172, 33.921677624537125 ], [ 135.919518991845678, 33.920948879121106 ], [ 135.920750415054414, 33.920438015821908 ], [ 135.923380321567123, 33.919788400020529 ], [ 135.924409290768352, 33.919932584837518 ], [ 135.925936675052839, 33.920717611544625 ], [ 135.927416027898687, 33.922072984893532 ], [ 135.928460930681723, 33.922841068433939 ], [ 135.929095913167117, 33.923111063366619 ], [ 135.930645488672013, 33.923315777213652 ], [ 135.932530179113627, 33.922672034042833 ], [ 135.933694610031012, 33.921536518542261 ], [ 135.934227212897241, 33.920683534765466 ], [ 135.934579802627326, 33.919641253639995 ], [ 135.933644520788846, 33.917669055927334 ], [ 135.932714706698675, 33.916906977042537 ], [ 135.928888000353652, 33.915954342286852 ], [ 135.923409098207202, 33.914124031448722 ], [ 135.921995613884349, 33.914072006226171 ], [ 135.921796190388051, 33.91431221606129 ], [ 135.921793167439631, 33.915335265359516 ], [ 135.921198588675423, 33.916659979063823 ], [ 135.92092280721721, 33.916967197246287 ], [ 135.919911513686856, 33.917399462954101 ], [ 135.919370203639403, 33.918310448436223 ], [ 135.918789770432113, 33.918925283068567 ], [ 135.9178228154137, 33.919466602888981 ], [ 135.916425470799169, 33.919868581370736 ], [ 135.915582429764811, 33.919789119171504 ], [ 135.912111737776996, 33.918845497064801 ], [ 135.909074670079065, 33.918524788623195 ], [ 135.909410291883347, 33.921067576490223 ], [ 135.909878775593143, 33.922457488564007 ], [ 135.909778835759283, 33.922649848994595 ], [ 135.904713919249502, 33.92567329690165 ], [ 135.902710901948979, 33.924092306236119 ], [ 135.899748923426159, 33.924758201372612 ], [ 135.899237731806863, 33.925224102634267 ], [ 135.898955829194165, 33.926038569376651 ], [ 135.898550987987051, 33.92645073768017 ], [ 135.898375827461308, 33.926846744732678 ], [ 135.898568134850251, 33.927468161613341 ], [ 135.898314586515141, 33.928045274690703 ], [ 135.898744711151437, 33.929038501657885 ], [ 135.898406428112736, 33.929991536982953 ], [ 135.898572954958382, 33.930729851977432 ], [ 135.89808075236374, 33.93378039029939 ], [ 135.897705138074144, 33.934243430470353 ], [ 135.897090241436359, 33.934535254465708 ], [ 135.896695001177733, 33.935057296213174 ], [ 135.895654850984613, 33.935413983760654 ], [ 135.895521281698819, 33.93573873037365 ], [ 135.895701691652874, 33.936103321484659 ], [ 135.894841065948725, 33.936503820285388 ], [ 135.894567769031966, 33.938224652198095 ], [ 135.893887802006219, 33.938757714407849 ], [ 135.893004250741001, 33.938894462757361 ], [ 135.893071077816273, 33.939201061083516 ], [ 135.893531269410005, 33.939571102909966 ], [ 135.893633515317219, 33.939890832638092 ], [ 135.89260448456065, 33.941086544773988 ], [ 135.892519380604512, 33.941745481009647 ], [ 135.893192542050372, 33.942839655920345 ], [ 135.893194423067655, 33.944309112978928 ], [ 135.892987321041318, 33.944806926482258 ], [ 135.892369397422812, 33.945501904035019 ], [ 135.892462715408726, 33.946118178260804 ], [ 135.893340350856732, 33.946879517070805 ], [ 135.89383131196692, 33.948103023520659 ], [ 135.89451532152043, 33.948337877970943 ], [ 135.894839695473109, 33.949113112389256 ], [ 135.894597588569809, 33.949316898920905 ], [ 135.893839200237721, 33.949308793973238 ], [ 135.893625413479072, 33.949548807051222 ], [ 135.893639906060685, 33.949904673628311 ], [ 135.894655895607428, 33.950486506424859 ], [ 135.894934498347311, 33.950955719388226 ], [ 135.896050098843176, 33.951889676435776 ], [ 135.897161603326992, 33.952519046803367 ], [ 135.897182140780103, 33.954105313891802 ], [ 135.89757335257903, 33.954063367157495 ], [ 135.897917061431713, 33.953782319201395 ], [ 135.900532823490778, 33.953784383493058 ], [ 135.901189589715557, 33.953919287450915 ], [ 135.901909375867632, 33.953777981153635 ], [ 135.903008738537153, 33.954668449023906 ], [ 135.904530761342698, 33.955455970809865 ], [ 135.905148178840051, 33.956088406458463 ], [ 135.906079605850692, 33.957682844119887 ], [ 135.906901525967555, 33.958383899351091 ], [ 135.907064511632342, 33.959555981222479 ], [ 135.906749875495365, 33.961948268190319 ], [ 135.907067360060893, 33.962464966593579 ], [ 135.9067517019148, 33.963030634551131 ], [ 135.90872458590016, 33.96401516209594 ], [ 135.910460770870202, 33.964371018271663 ] ] ] } },
{ "type": "Feature", "properties": { "CITY_NAME": "串本町", "S_NAME": "串本", "JINKO": 214, "medical_area": "30_新宮医療圏", "町丁目名": "串本町串本" }, "geometry": { "type": "Polygon", "coordinates": [ [ [ 135.785086748788984, 33.470910840935638 ], [ 135.786623893255438, 33.467917030863624 ], [ 135.78709909583219, 33.467601402647688 ], [ 135.78703148480318, 33.467529997393221 ], [ 135.786588470892241, 33.467880902964787 ], [ 135.786452456044401, 33.467632706549601 ], [ 135.786554000152393, 33.467902541741708 ], [ 135.785501096312061, 33.469961952294682 ], [ 135.782258306014029, 33.470031317074152 ], [ 135.782226695450248, 33.468267047516314 ], [ 135.77850200364287, 33.46848200014999 ], [ 135.778747062682555, 33.470347244178363 ], [ 135.779209362745434, 33.470297902502928 ], [ 135.780213316690094, 33.470892248512982 ], [ 135.781614329023427, 33.471041222306937 ], [ 135.785086748788984, 33.470910840935638 ] ] ] } },
{ "type": "Feature", "properties": { "CITY_NAME": "串本町", "S_NAME": "串本", "JINKO": 257, "medical_area": "30_新宮医療圏", "町丁目名": "串本町串本" }, "geometry": { "type": "Polygon", "coordinates": [ [ [ 135.774755350322437, 33.469838849373133 ], [ 135.775592457796051, 33.469048271992769 ], [ 135.77850200364287, 33.46848200014999 ], [ 135.778414003069344, 33.467883064600265 ], [ 135.778624449875821, 33.467246616773906 ], [ 135.776842734105657, 33.467366595315653 ], [ 135.776824345290294, 33.467186224251869 ], [ 135.775643484710656, 33.466897828997233 ], [ 135.77607075783672, 33.466216688713139 ], [ 135.774863395420283, 33.466166059817759 ], [ 135.774814032762038, 33.465815719654628 ], [ 135.774619331442437, 33.46581818745836 ], [ 135.774442646727465, 33.466144169340296 ], [ 135.773456144152931, 33.466092515683911 ], [ 135.773297131256641, 33.468518623601831 ], [ 135.773000917395308, 33.469072627690736 ], [ 135.773373520526377, 33.468515099188679 ], [ 135.773630414028446, 33.468606577399953 ], [ 135.773712945421636, 33.467466086585141 ], [ 135.773951759525403, 33.467478352258887 ], [ 135.773713026669327, 33.467434527523316 ], [ 135.77378820049401, 33.466237386194869 ], [ 135.775148940348032, 33.466300135526296 ], [ 135.775114089311813, 33.4668881445427 ], [ 135.77463648915554, 33.466861926582745 ], [ 135.774596200688165, 33.467471341909153 ], [ 135.774171288868047, 33.467456205730336 ], [ 135.774595024936986, 33.467503743787752 ], [ 135.774522058426072, 33.468687646265593 ], [ 135.773653576875887, 33.468799638120444 ], [ 135.773614549118662, 33.468916787520001 ], [ 135.773699923860818, 33.469185758467432 ], [ 135.774065038815991, 33.469030311871563 ], [ 135.773840204878866, 33.469438485278033 ], [ 135.774198329610641, 33.469493232482492 ], [ 135.774170566770437, 33.469830470827823 ], [ 135.774755350322437, 33.469838849373133 ] ] ] } },
{ "type": "Feature", "properties": { "CITY_NAME": "串本町", "S_NAME": "串本", "JINKO": 154, "medical_area": "30_新宮医療圏", "町丁目名": "串本町串本" }, "geometry": { "type": "Polygon", "coordinates": [ [ [ 135.77850200364287, 33.46848200014999 ], [ 135.782226695450248, 33.468267047516314 ], [ 135.782224303455621, 33.468130380216294 ], [ 135.782538463296078, 33.468120217899973 ], [ 135.781859700986644, 33.468086634830925 ], [ 135.781838814068323, 33.467665057756918 ], [ 135.780728149921259, 33.467723420807424 ], [ 135.780581519285079, 33.466709888404516 ], [ 135.779565885056712, 33.466900843262792 ], [ 135.778701406293635, 33.466617541518055 ], [ 135.778414003069344, 33.467883064600265 ], [ 135.77850200364287, 33.46848200014999 ] ] ] } },
{ "type": "Feature", "properties": { "CITY_NAME": "串本町", "S_NAME": "串本", "JINKO": 248, "medical_area": "30_新宮医療圏", "町丁目名": "串本町串本" }, "geometry": { "type": "Polygon", "coordinates": [ [ [ 135.778747062682555, 33.470347244178363 ], [ 135.77850200364287, 33.46848200014999 ], [ 135.777664763939242, 33.468597737864677 ], [ 135.775592457796051, 33.469048271992769 ], [ 135.774755350322437, 33.469838849373133 ], [ 135.774561688827276, 33.470725260538174 ], [ 135.774836765917229, 33.470809442937764 ], [ 135.774955988192744, 33.471267830176529 ], [ 135.774596295813268, 33.471860047253791 ], [ 135.774930850431588, 33.473317729389272 ], [ 135.775429327608066, 33.473146456160897 ], [ 135.776541918360834, 33.472341429346706 ], [ 135.776560828991023, 33.472191838805315 ], [ 135.777425873812462, 33.471792969090075 ], [ 135.777373555085092, 33.47165734083967 ], [ 135.778436931145791, 33.471495510739366 ], [ 135.778488685810515, 33.471082232312938 ], [ 135.778213308411551, 33.470838851478902 ], [ 135.778465839931386, 33.47046002286546 ], [ 135.778747062682555, 33.470347244178363 ] ] ] } },
{ "type": "Feature", "properties": { "CITY_NAME": "串本町", "S_NAME": "串本", "JINKO": 327, "medical_area": "30_新宮医療圏", "町丁目名": "串本町串本" }, "geometry": { "type": "Polygon", "coordinates": [ [ [ 135.778607320198546, 33.467189949569885 ], [ 135.778042650404501, 33.465707076493317 ], [ 135.777699790942762, 33.463786147357837 ], [ 135.777128036617825, 33.463120415270197 ], [ 135.776999295115132, 33.461436584167608 ], [ 135.776286533029804, 33.46046410566089 ], [ 135.774490919100685, 33.45928427519452 ], [ 135.772877498180577, 33.45960650256044 ], [ 135.773901946544015, 33.459866445799726 ], [ 135.774317212092996, 33.460230378330039 ], [ 135.774413474668449, 33.460049382696369 ], [ 135.77478963922087, 33.460170933504308 ], [ 135.775568880635944, 33.460784585379592 ], [ 135.77601352809873, 33.462646167152172 ], [ 135.776071321415117, 33.464025859506712 ], [ 135.775976781936095, 33.464820306684018 ], [ 135.775718851774712, 33.465137974143047 ], [ 135.775753534864322, 33.465461799412139 ], [ 135.775326755850301, 33.46533395343473 ], [ 135.775364826214457, 33.465598047789697 ], [ 135.775016944709307, 33.466168307450907 ], [ 135.77607075783672, 33.466216688713139 ], [ 135.775643484710656, 33.466897828997233 ], [ 135.776824345290294, 33.467186224251869 ], [ 135.776842734105657, 33.467366595315653 ], [ 135.778607320198546, 33.467189949569885 ] ] ] } },
{ "type": "Feature", "properties": { "CITY_NAME": "串本町", "S_NAME": "串本", "JINKO": 585, "medical_area": "30_新宮医療圏", "町丁目名": "串本町串本" }, "geometry": { "type": "Polygon", "coordinates": [ [ [ 135.781792095038725, 33.466722990060305 ], [ 135.784175215330038, 33.466647089695613 ], [ 135.784132422512272, 33.465680234126346 ], [ 135.781743920076565, 33.465767113062235 ], [ 135.781706174883112, 33.464934955456727 ], [ 135.782502318607953, 33.464912950947358 ], [ 135.782502578747085, 33.464808129723899 ], [ 135.781554752979162, 33.464830151262632 ], [ 135.781536243902281, 33.464053536852198 ], [ 135.781771205452344, 33.463880089134328 ], [ 135.781004051590543, 33.463924680773189 ], [ 135.781171303215302, 33.463292943612501 ], [ 135.781966332981796, 33.463282494112121 ], [ 135.781916868907444, 33.463706203336272 ], [ 135.782097208116426, 33.463427837166392 ], [ 135.783432353540974, 33.463384221163835 ], [ 135.783456587326953, 33.464902767994396 ], [ 135.784743342131463, 33.464859054434648 ], [ 135.784092518118655, 33.464846100574164 ], [ 135.783988793833771, 33.462405154482468 ], [ 135.785904885058756, 33.462350681544841 ], [ 135.786016184248496, 33.464780084598175 ], [ 135.785393278607614, 33.464796206135347 ], [ 135.786084939548488, 33.46482077820005 ], [ 135.785948474158516, 33.460509721577687 ], [ 135.786320842634638, 33.460446114992514 ], [ 135.787175380830519, 33.459896730357165 ], [ 135.788269884673213, 33.45848836829051 ], [ 135.788719384733071, 33.458941060782571 ], [ 135.789711721807976, 33.458312410845465 ], [ 135.790111076975279, 33.458537636088948 ], [ 135.789052580474049, 33.457825279705752 ], [ 135.789332764367742, 33.457628229458038 ], [ 135.789372114092856, 33.457795097376405 ], [ 135.789740312836159, 33.457664968245304 ], [ 135.789584544156696, 33.457590043561964 ], [ 135.787742892945062, 33.457787037312102 ], [ 135.784473303398954, 33.459309474904579 ], [ 135.781278191457517, 33.460048603382759 ], [ 135.780460468774464, 33.460058724708475 ], [ 135.774490919100685, 33.45928427519452 ], [ 135.776286533029804, 33.46046410566089 ], [ 135.776999295115132, 33.461436584167608 ], [ 135.777128036617825, 33.463120415270197 ], [ 135.777699790942762, 33.463786147357837 ], [ 135.778042650404501, 33.465707076493317 ], [ 135.778522383867227, 33.46693394453969 ], [ 135.778603104745912, 33.466995232544242 ], [ 135.778701406293635, 33.466617541518055 ], [ 135.779565885056712, 33.466900843262792 ], [ 135.780581519285079, 33.466709888404516 ], [ 135.780728149921259, 33.467723420807424 ], [ 135.781838814068323, 33.467665057756918 ], [ 135.781792095038725, 33.466722990060305 ] ] ] } },
{ "type": "Feature", "properties": { "CITY_NAME": "串本町", "S_NAME": "串本", "JINKO": 854, "medical_area": "30_新宮医療圏", "町丁目名": "串本町串本" }, "geometry": { "type": "Polygon", "coordinates": [ [ [ 135.782611751315784, 33.477127421867976 ], [ 135.784564950914813, 33.476076094043094 ], [ 135.784083772032886, 33.475466340890321 ], [ 135.784248460830156, 33.474988726363534 ], [ 135.783705211781779, 33.474951722220133 ], [ 135.783837794579171, 33.474412624857287 ], [ 135.783513020503648, 33.474345282002915 ], [ 135.78347680928988, 33.474200103521355 ], [ 135.78419483073273, 33.474035373091588 ], [ 135.784483389289051, 33.474835842454802 ], [ 135.785401996772833, 33.474933788948015 ], [ 135.784064025824421, 33.471180438426771 ], [ 135.780610013233343, 33.470980577379301 ], [ 135.779209362745434, 33.470297902502928 ], [ 135.778680658756457, 33.470357552251244 ], [ 135.778213308411551, 33.470838851478902 ], [ 135.778488685810515, 33.471082232312938 ], [ 135.778436931145791, 33.471495510739366 ], [ 135.777373555085092, 33.47165734083967 ], [ 135.777425873812462, 33.471792969090075 ], [ 135.776560828991023, 33.472191838805315 ], [ 135.776541918360834, 33.472341429346706 ], [ 135.775429327608066, 33.473146456160897 ], [ 135.774930850431588, 33.473317729389272 ], [ 135.775556570334487, 33.473759554450979 ], [ 135.775733294466278, 33.473735074328374 ], [ 135.775814857944567, 33.474089134955307 ], [ 135.77614559180671, 33.474115086428661 ], [ 135.777124430806538, 33.47587654201989 ], [ 135.776967898359345, 33.476453065904387 ], [ 135.777348582011456, 33.476366391569186 ], [ 135.777468264554159, 33.477178128173911 ], [ 135.780432213351986, 33.477174341393173 ], [ 135.781833608023078, 33.477760072841939 ], [ 135.782136123962033, 33.478185803752645 ], [ 135.78230121087978, 33.478058726479858 ], [ 135.782115868680449, 33.4776005133889 ], [ 135.782611751315784, 33.477127421867976 ] ] ] } },
{ "type": "Feature", "properties": { "CITY_NAME": "串本町", "S_NAME": "二色", "JINKO": 330, "medical_area": "30_新宮医療圏", "町丁目名": "串本町二色" }, "geometry": { "type": "Polygon", "coordinates": [ [ [ 135.773415934099091, 33.522483638682928 ], [ 135.774178658366253, 33.522461927080286 ], [ 135.775390420471581, 33.521454545948394 ], [ 135.775044221176756, 33.520354727251572 ], [ 135.775569362743539, 33.519034448196827 ], [ 135.774666828888769, 33.51799165707515 ], [ 135.774284216210134, 33.516495027674871 ], [ 135.774939932891499, 33.514666383902302 ], [ 135.775010808585279, 33.513707073490288 ], [ 135.774479833869947, 33.51252998776161 ], [ 135.774529434229464, 33.512170817328105 ], [ 135.774258887098966, 33.511478287953892 ], [ 135.774270531878386, 33.511082131845399 ], [ 135.774518311062934, 33.50994730481974 ], [ 135.775173357101806, 33.508365753813457 ], [ 135.776194532373466, 33.508245304619095 ], [ 135.776823687414606, 33.505367520106006 ], [ 135.777046915312496, 33.499736881673918 ], [ 135.7768825506393, 33.497775978983185 ], [ 135.776187874743727, 33.496840359274906 ], [ 135.775218104479109, 33.494452800357081 ], [ 135.774922026691996, 33.493417853958398 ], [ 135.774412695390708, 33.490113071157126 ], [ 135.774741869566583, 33.488295905573466 ], [ 135.774408602544355, 33.48683089579734 ], [ 135.774706805122094, 33.484891389227407 ], [ 135.775075418362832, 33.483477525296827 ], [ 135.776742352627338, 33.479420079010609 ], [ 135.775621114234497, 33.478237984507579 ], [ 135.774887144301175, 33.478289641760966 ], [ 135.774459024709898, 33.478665610154998 ], [ 135.773863626572279, 33.478824304153378 ], [ 135.772884568607594, 33.478795481251495 ], [ 135.772686155352687, 33.478543493683851 ], [ 135.771674873683565, 33.478910501897801 ], [ 135.770624472815143, 33.47900410768095 ], [ 135.770355222235111, 33.478686049974229 ], [ 135.769680760954401, 33.478610986541639 ], [ 135.768777873731437, 33.477044064737107 ], [ 135.768660998694173, 33.475273743329936 ], [ 135.768832948013056, 33.474943254726362 ], [ 135.768154920427492, 33.474217854482895 ], [ 135.768338916218539, 33.473806237554861 ], [ 135.768586953312507, 33.473994069947885 ], [ 135.768656367042666, 33.473777793916419 ], [ 135.76832696610694, 33.473450053340997 ], [ 135.767968747158221, 33.473433900695198 ], [ 135.768002462182864, 33.47330434647472 ], [ 135.767617952153131, 33.473462281917463 ], [ 135.767372020126743, 33.473299530096583 ], [ 135.76767388993656, 33.473062829953925 ], [ 135.767478978145363, 33.472736180154826 ], [ 135.76735586926182, 33.472907272755279 ], [ 135.766604149018008, 33.472803046712635 ], [ 135.766699617083759, 33.472512996890565 ], [ 135.766290148344979, 33.472362342587019 ], [ 135.766549510140692, 33.472326752030945 ], [ 135.765608524426199, 33.472201606275952 ], [ 135.765342049834317, 33.472477813519653 ], [ 135.765165745097676, 33.472429869463738 ], [ 135.765119609272034, 33.472770443561444 ], [ 135.764881161268562, 33.472634753137143 ], [ 135.764953424828235, 33.472960612576564 ], [ 135.764782787428715, 33.472807859912812 ], [ 135.765180292715399, 33.473784082897687 ], [ 135.765067408059508, 33.474143693198023 ], [ 135.764512366353955, 33.474495155881037 ], [ 135.764314685395505, 33.474400958210445 ], [ 135.764282934373, 33.474597573670358 ], [ 135.763896239592725, 33.474375946083669 ], [ 135.764056361973701, 33.474827074280846 ], [ 135.764418416787407, 33.47500977226197 ], [ 135.7646532083875, 33.474922861335898 ], [ 135.764632250301418, 33.475107662899433 ], [ 135.765214431664987, 33.475845292826584 ], [ 135.765657342759084, 33.475974322793206 ], [ 135.765805788320392, 33.4763795025344 ], [ 135.766263857171737, 33.476478409879121 ], [ 135.76622755071503, 33.476768849119367 ], [ 135.766469256825758, 33.477309453328985 ], [ 135.766123303309001, 33.47751337566357 ], [ 135.76640525714663, 33.477891756343482 ], [ 135.76701247903776, 33.478149861476716 ], [ 135.767206395667927, 33.478868751509793 ], [ 135.7675146992446, 33.479066849974316 ], [ 135.767790914935944, 33.479594851349631 ], [ 135.767548889381686, 33.479984947732248 ], [ 135.767789400103936, 33.480175594508715 ], [ 135.767559405403119, 33.480488787126554 ], [ 135.76761882621787, 33.480807306928511 ], [ 135.767015471497245, 33.481107408795907 ], [ 135.767127728766752, 33.481384323802914 ], [ 135.76670275606395, 33.481771260870808 ], [ 135.765325997851591, 33.481965372789894 ], [ 135.765719811460002, 33.482383422735914 ], [ 135.765513017438565, 33.482452635995124 ], [ 135.76505991681654, 33.482082094318777 ], [ 135.765233522653233, 33.481942657371995 ], [ 135.764865460960323, 33.481563257180852 ], [ 135.764895163890714, 33.481314501843002 ], [ 135.764605158413559, 33.48111812201072 ], [ 135.763780493472126, 33.481282537742104 ], [ 135.763429112508533, 33.481098718913607 ], [ 135.763344490026469, 33.481362867598506 ], [ 135.763068198934121, 33.481265977333635 ], [ 135.763078282193931, 33.481519316011081 ], [ 135.762824154185409, 33.481590124892008 ], [ 135.762104689583907, 33.481440828174286 ], [ 135.762019283882694, 33.481595644379048 ], [ 135.761771562479765, 33.481277044979954 ], [ 135.761792377261713, 33.481539421159077 ], [ 135.761505281805029, 33.481466739832776 ], [ 135.761421873340112, 33.481675660981864 ], [ 135.761336185002421, 33.481529536418165 ], [ 135.761175713124402, 33.481581359286793 ], [ 135.761029692560186, 33.481861732696309 ], [ 135.760491626572218, 33.481880430203013 ], [ 135.760267376051644, 33.481642743655662 ], [ 135.760387478550058, 33.482247100081231 ], [ 135.761264381936286, 33.482261674581963 ], [ 135.761537616750275, 33.482645256956005 ], [ 135.76291766201382, 33.482893215082029 ], [ 135.763369629290224, 33.483231220378634 ], [ 135.764159110896628, 33.482954085008288 ], [ 135.763897817758732, 33.482884163978817 ], [ 135.763881289413632, 33.482731725302116 ], [ 135.764243793383287, 33.482714418783239 ], [ 135.76442190044213, 33.482866213398133 ], [ 135.764825659087762, 33.482774998749889 ], [ 135.764897095949038, 33.483023097825381 ], [ 135.764250285888181, 33.483078688130327 ], [ 135.764424346389205, 33.483565931353951 ], [ 135.764722283398839, 33.483615181186543 ], [ 135.766157600943842, 33.484769263086882 ], [ 135.766782106819534, 33.485571189157319 ], [ 135.766990221397407, 33.486948364673481 ], [ 135.767017264443439, 33.48944709674366 ], [ 135.766269715182858, 33.491878597388471 ], [ 135.765951686096997, 33.492372904284167 ], [ 135.765023945594294, 33.493214248769021 ], [ 135.76528320344147, 33.498125330729962 ], [ 135.763140633720411, 33.498578676503733 ], [ 135.764172616727308, 33.50004011545618 ], [ 135.764767866766391, 33.500592954929459 ], [ 135.764793845188024, 33.500800391612906 ], [ 135.764032020850294, 33.50137660033166 ], [ 135.763216285376387, 33.502630093706642 ], [ 135.763141033147775, 33.505551664008117 ], [ 135.762769181121058, 33.507209471211176 ], [ 135.762830813843891, 33.507549969465451 ], [ 135.76206354434845, 33.507967785519575 ], [ 135.759977157242048, 33.507603401725575 ], [ 135.759257235692161, 33.507850820544178 ], [ 135.75877552928597, 33.508489793311547 ], [ 135.758529280068956, 33.509281657840518 ], [ 135.758231964344759, 33.51113654498365 ], [ 135.7581493292966, 33.512945356380833 ], [ 135.757570728141815, 33.513912399787266 ], [ 135.757547066665211, 33.51420004169578 ], [ 135.759250195769766, 33.517688853451567 ], [ 135.759308592818257, 33.518660232760674 ], [ 135.759676110693135, 33.519578107746099 ], [ 135.759521255420424, 33.520414953396035 ], [ 135.758783819232036, 33.521414945241823 ], [ 135.758941153753398, 33.521972595676175 ], [ 135.759348505536224, 33.5222624827462 ], [ 135.759740242207727, 33.52224943271117 ], [ 135.760505377893679, 33.521913628786045 ], [ 135.761684425497691, 33.521969995941916 ], [ 135.762430637014177, 33.521528479005909 ], [ 135.762985603508469, 33.521418238323243 ], [ 135.763598365773447, 33.521720057006306 ], [ 135.764924908327998, 33.521937001517728 ], [ 135.765419813901019, 33.522268455667515 ], [ 135.766331580983433, 33.521885836698139 ], [ 135.767637437920854, 33.52163018249805 ], [ 135.767915028909925, 33.521275105473819 ], [ 135.769148934798466, 33.521296845709074 ], [ 135.770083811699834, 33.520975105438097 ], [ 135.770782916326937, 33.521266621583742 ], [ 135.77123029629044, 33.521272517921332 ], [ 135.772208904415919, 33.522199652470647 ], [ 135.773127525572306, 33.522297705064702 ], [ 135.773415934099091, 33.522483638682928 ] ] ] } },
{ "type": "Feature", "properties": { "CITY_NAME": "串本町", "S_NAME": "高富", "JINKO": 275, "medical_area": "30_新宮医療圏", "町丁目名": "串本町高富" }, "geometry": { "type": "Polygon", "coordinates": [ [ [ 135.757246181153846, 33.522539042443881 ], [ 135.758941153753398, 33.521972595676175 ], [ 135.758824808775785, 33.521218628883332 ], [ 135.759521255420424, 33.520414953396035 ], [ 135.759698432705392, 33.519782435693749 ], [ 135.759308592818257, 33.518660232760674 ], [ 135.759250195769766, 33.517688853451567 ], [ 135.757547066665211, 33.51420004169578 ], [ 135.757570728141815, 33.513912399787266 ], [ 135.7581493292966, 33.512945356380833 ], [ 135.758231964344759, 33.51113654498365 ], [ 135.758529280068956, 33.509281657840518 ], [ 135.75877552928597, 33.508489793311547 ], [ 135.759257235692161, 33.507850820544178 ], [ 135.759977157242048, 33.507603401725575 ], [ 135.76206354434845, 33.507967785519575 ], [ 135.762830813843891, 33.507549969465451 ], [ 135.762769181121058, 33.507209471211176 ], [ 135.763141033147775, 33.505551664008117 ], [ 135.763216285376387, 33.502630093706642 ], [ 135.764032020850294, 33.50137660033166 ], [ 135.764793845188024, 33.500800391612906 ], [ 135.764767866766391, 33.500592954929459 ], [ 135.764172616727308, 33.50004011545618 ], [ 135.763140633720411, 33.498578676503733 ], [ 135.76528320344147, 33.498125330729962 ], [ 135.765023945594294, 33.493214248769021 ], [ 135.765951686096997, 33.492372904284167 ], [ 135.766269715182858, 33.491878597388471 ], [ 135.767017264443439, 33.48944709674366 ], [ 135.766990221397407, 33.486948364673481 ], [ 135.766805580767198, 33.485646975018142 ], [ 135.766157600943842, 33.484769263086882 ], [ 135.764722283398839, 33.483615181186543 ], [ 135.764424346389205, 33.483565931353951 ], [ 135.764250285888181, 33.483078688130327 ], [ 135.764897095949038, 33.483023097825381 ], [ 135.764825659087762, 33.482774998749889 ], [ 135.76442190044213, 33.482866213398133 ], [ 135.764243793383287, 33.482714418783239 ], [ 135.763881289413632, 33.482731725302116 ], [ 135.763897817758732, 33.482884163978817 ], [ 135.764159110896628, 33.482954085008288 ], [ 135.763369629290224, 33.483231220378634 ], [ 135.76291766201382, 33.482893215082029 ], [ 135.761537616750275, 33.482645256956005 ], [ 135.761264381936286, 33.482261674581963 ], [ 135.760146342521097, 33.482232275865215 ], [ 135.760195540077831, 33.482341417873158 ], [ 135.759992217042708, 33.482322150082183 ], [ 135.760047833162929, 33.482451311290802 ], [ 135.759867961473958, 33.482510421622777 ], [ 135.760578986802983, 33.483000386223644 ], [ 135.760591287787946, 33.483223297305976 ], [ 135.760393017593572, 33.483719693988085 ], [ 135.759906603735715, 33.484130724019707 ], [ 135.758992215696338, 33.484426524974609 ], [ 135.758467371786622, 33.484329990155466 ], [ 135.758362291728758, 33.484190024936467 ], [ 135.758664188780898, 33.483970538001898 ], [ 135.758084630082834, 33.483809086907172 ], [ 135.757593007278444, 33.484153313535124 ], [ 135.757393906560111, 33.484163917433378 ], [ 135.757302226824265, 33.483851809977772 ], [ 135.756850735880903, 33.484076356080614 ], [ 135.756678964393728, 33.483931751345828 ], [ 135.756903430269062, 33.483700284479809 ], [ 135.756386256601218, 33.48355331689973 ], [ 135.756033602413055, 33.483056699039544 ], [ 135.755912177925921, 33.482604770323348 ], [ 135.756117332213194, 33.482349034156037 ], [ 135.755914707787554, 33.482077285468073 ], [ 135.756326161743203, 33.481933816896891 ], [ 135.756103323213125, 33.481577214266693 ], [ 135.75588821599078, 33.481929300480729 ], [ 135.755503875779368, 33.482003220689528 ], [ 135.754710131495813, 33.48264637636953 ], [ 135.754410617841899, 33.482392470185658 ], [ 135.754451408370187, 33.482816345366402 ], [ 135.753955266815467, 33.482840730445766 ], [ 135.753904851429155, 33.482402464939881 ], [ 135.753688799384634, 33.482320887423228 ], [ 135.753431726364767, 33.481899967202388 ], [ 135.753716384689852, 33.481300058213293 ], [ 135.753328210656065, 33.481204615720735 ], [ 135.753006789938723, 33.481475333762759 ], [ 135.752786341361684, 33.481426432345359 ], [ 135.75255629707712, 33.480962452179313 ], [ 135.752331628708845, 33.480889872218292 ], [ 135.752292935904194, 33.480486569812811 ], [ 135.751657491283197, 33.480317652147342 ], [ 135.751226957134321, 33.480743409466633 ], [ 135.750862980036402, 33.480848070227843 ], [ 135.750794591064732, 33.481057294914542 ], [ 135.750336116011965, 33.481090476365317 ], [ 135.749426690688495, 33.481910041448693 ], [ 135.748801712905845, 33.481842287988705 ], [ 135.748553369974388, 33.481390943434604 ], [ 135.74825040522731, 33.481595750969561 ], [ 135.748102632672044, 33.481348333195704 ], [ 135.747819548093503, 33.481376786426083 ], [ 135.747765313822043, 33.48152799150558 ], [ 135.747472197817046, 33.48130930350203 ], [ 135.74760031723477, 33.481659530900416 ], [ 135.747526092455132, 33.482024565845009 ], [ 135.747082809419112, 33.482386036758299 ], [ 135.746530479610954, 33.482496783358719 ], [ 135.746159699251479, 33.482340769825029 ], [ 135.746194055830927, 33.481992844124854 ], [ 135.745729737421584, 33.481814379351505 ], [ 135.745343177438258, 33.483022700894956 ], [ 135.745261961501143, 33.484098456689878 ], [ 135.745685636583545, 33.487021491248761 ], [ 135.745604415974839, 33.488318857257994 ], [ 135.746954864755764, 33.491719175404604 ], [ 135.747350895784393, 33.492093276793817 ], [ 135.748165475994995, 33.492497074628211 ], [ 135.751306406397788, 33.493790070434038 ], [ 135.751259026880746, 33.494127462569089 ], [ 135.752208706439887, 33.494298893176861 ], [ 135.75218675620124, 33.495402854433365 ], [ 135.751770588863906, 33.495896547279983 ], [ 135.749313741990505, 33.496640892683544 ], [ 135.748532006112185, 33.497181462122064 ], [ 135.748187031932304, 33.498041878167719 ], [ 135.747614916357236, 33.498470997619819 ], [ 135.744891768238119, 33.499135225106556 ], [ 135.743463066464756, 33.499642296980788 ], [ 135.742519909033689, 33.500046946620358 ], [ 135.742065946843127, 33.500485292722459 ], [ 135.742592061445549, 33.502702830234405 ], [ 135.742636192565527, 33.50525041541006 ], [ 135.742924424626608, 33.506575330854503 ], [ 135.744283690518955, 33.508873718725361 ], [ 135.744469817239292, 33.509867339246298 ], [ 135.744450907098781, 33.513443799775494 ], [ 135.744792361203707, 33.51420725196084 ], [ 135.74546086547835, 33.51476991039641 ], [ 135.745733148718159, 33.515691854576538 ], [ 135.745645565769593, 33.516267330100661 ], [ 135.745760795872684, 33.516788275958135 ], [ 135.746702365137708, 33.517964334715082 ], [ 135.747583454479127, 33.518351588200929 ], [ 135.747823764175649, 33.519063260699795 ], [ 135.748291791153406, 33.519625492238106 ], [ 135.7506495710943, 33.518164470538103 ], [ 135.751993173657013, 33.520107985058559 ], [ 135.752013934243109, 33.520472637840491 ], [ 135.751811863068042, 33.520881084958546 ], [ 135.752694512721206, 33.52131789646441 ], [ 135.753299381959181, 33.521984921616621 ], [ 135.756391106502832, 33.522131900549731 ], [ 135.757246181153846, 33.522539042443881 ] ] ] } },
{ "type": "Feature", "properties": { "CITY_NAME": "串本町", "S_NAME": "鬮野川", "JINKO": 214, "medical_area": "30_新宮医療圏", "町丁目名": "串本町鬮野川" }, "geometry": { "type": "Polygon", "coordinates": [ [ [ 135.776194532373466, 33.508245304619095 ], [ 135.777684091412624, 33.508133574640944 ], [ 135.778152799648439, 33.507541270114302 ], [ 135.779034171711857, 33.507509307653791 ], [ 135.779911302904537, 33.506921101445485 ], [ 135.781172306532483, 33.506472480620452 ], [ 135.782204688742496, 33.505692357684225 ], [ 135.782564947517386, 33.505192266939133 ], [ 135.783729102399917, 33.504674694430967 ], [ 135.784335978454521, 33.503599352271621 ], [ 135.785076507197289, 33.503558366632518 ], [ 135.786136702762434, 33.502828135748466 ], [ 135.786933621190911, 33.502992654306439 ], [ 135.787408595342242, 33.502864694315512 ], [ 135.788514456144526, 33.502911947446478 ], [ 135.788878830861194, 33.503016261300189 ], [ 135.789490965440308, 33.503649048296666 ], [ 135.789688542019036, 33.503545405447419 ], [ 135.79001400197987, 33.502909417461318 ], [ 135.790122991798597, 33.501719367958813 ], [ 135.7906833605835, 33.501161262945082 ], [ 135.790072443201524, 33.500541447172616 ], [ 135.790223609045171, 33.500126923602608 ], [ 135.79005908029103, 33.499417126929082 ], [ 135.79020327578985, 33.498944544987076 ], [ 135.790749081107577, 33.498511241441605 ], [ 135.790907554023931, 33.498016422305675 ], [ 135.791288536614786, 33.497760923483384 ], [ 135.791832636492757, 33.496915932472618 ], [ 135.793537847599737, 33.496264195947262 ], [ 135.794098419900848, 33.49636120959515 ], [ 135.79435552645964, 33.495852458479639 ], [ 135.795009814638831, 33.495383527088187 ], [ 135.795161114668929, 33.494905030521785 ], [ 135.795074744541665, 33.494581686618254 ], [ 135.794628473996539, 33.493864665809625 ], [ 135.79384520937532, 33.493229648228876 ], [ 135.793561907175956, 33.491976664792674 ], [ 135.79401932549905, 33.49131410870833 ], [ 135.794238413256352, 33.490722447984247 ], [ 135.79421362272609, 33.490294382466267 ], [ 135.794715789941563, 33.489478325861448 ], [ 135.795508296964897, 33.489169103927715 ], [ 135.795207160486171, 33.489097883782975 ], [ 135.794591836020231, 33.488533310798871 ], [ 135.794127098857757, 33.487056576321159 ], [ 135.794508694965828, 33.484875939152701 ], [ 135.794155957299012, 33.484306443515841 ], [ 135.794478558389159, 33.484875044779216 ], [ 135.79436664242715, 33.484874860588029 ], [ 135.794136008196887, 33.485979061196858 ], [ 135.792671112840196, 33.485658225805061 ], [ 135.793535842726101, 33.484438701858124 ], [ 135.793755385445365, 33.484430047555968 ], [ 135.793514393468627, 33.484407106958706 ], [ 135.792665858583263, 33.485603269304008 ], [ 135.791962764044371, 33.485311866050857 ], [ 135.790826153996818, 33.484494776842048 ], [ 135.790099462047323, 33.483721760081252 ], [ 135.789762573206104, 33.482834711669973 ], [ 135.789363236073939, 33.482888986699784 ], [ 135.789150750148821, 33.482183613100446 ], [ 135.788691026208454, 33.481830328195983 ], [ 135.78966670862448, 33.480570443048634 ], [ 135.788210643410736, 33.482148209103897 ], [ 135.788411459058636, 33.482325788854347 ], [ 135.78814190306764, 33.482539485211362 ], [ 135.788378047556961, 33.482877671612734 ], [ 135.788249419651351, 33.483843860698443 ], [ 135.788035108048689, 33.484374597805171 ], [ 135.787552842071904, 33.484908484250155 ], [ 135.788048637162831, 33.485939065795229 ], [ 135.785796700486884, 33.487154316199344 ], [ 135.785479439016314, 33.487074422184421 ], [ 135.7849065013489, 33.487260989178573 ], [ 135.784672750802997, 33.486462584513426 ], [ 135.783496947528477, 33.48632349502585 ], [ 135.783132465685867, 33.486642062106611 ], [ 135.782731755547246, 33.48666867897974 ], [ 135.782236492289968, 33.48736546692912 ], [ 135.781995396439271, 33.48738758862774 ], [ 135.781882013784951, 33.486225104597978 ], [ 135.781515675500231, 33.485538274715779 ], [ 135.781021424687168, 33.485238046613766 ], [ 135.781145405305011, 33.484884452119502 ], [ 135.780782968423438, 33.484640743411767 ], [ 135.781227414177181, 33.484142406277897 ], [ 135.780956260962682, 33.483990874945945 ], [ 135.780758024419214, 33.484264656012591 ], [ 135.78098027862859, 33.483524641618374 ], [ 135.780404679562679, 33.482824818604826 ], [ 135.780224275483988, 33.482278131671485 ], [ 135.779766140601197, 33.481641067723366 ], [ 135.779949712684612, 33.481046751126343 ], [ 135.779208381988553, 33.480513123718723 ], [ 135.778067005076878, 33.479214763411747 ], [ 135.777468264554159, 33.477178128173961 ], [ 135.774887144301175, 33.478289641760966 ], [ 135.775621114234497, 33.478237984507579 ], [ 135.776742352627338, 33.479420079010609 ], [ 135.775075418362832, 33.483477525296827 ], [ 135.774408602544355, 33.48683089579734 ], [ 135.774741869566583, 33.488295905573466 ], [ 135.774412695390708, 33.490113071157126 ], [ 135.774922026691996, 33.493417853958398 ], [ 135.776187874743727, 33.496840359274906 ], [ 135.7768825506393, 33.497775978983185 ], [ 135.777049004170294, 33.498902542503011 ], [ 135.776823687414606, 33.505367520106006 ], [ 135.776194532373466, 33.508245304619095 ] ] ] } },
{ "type": "Feature", "properties": { "CITY_NAME": "串本町", "S_NAME": "鬮野川", "JINKO": 0, "medical_area": "30_新宮医療圏", "町丁目名": "串本町鬮野川" }, "geometry": { "type": "Polygon", "coordinates": [ [ [ 135.795379454302349, 33.487633749404637 ], [ 135.795798260616209, 33.487548773510845 ], [ 135.795528514154455, 33.487383490686668 ], [ 135.795817159517924, 33.487278294486401 ], [ 135.795709370577555, 33.486884188108945 ], [ 135.795985285545839, 33.486691619620082 ], [ 135.795801488133606, 33.486597485700948 ], [ 135.796009568809296, 33.486417486030795 ], [ 135.795896685975208, 33.486369681208622 ], [ 135.796057454799865, 33.486180587130931 ], [ 135.796000355032618, 33.48573048937655 ], [ 135.796250231727697, 33.485160009232246 ], [ 135.795742677922448, 33.484996029765078 ], [ 135.795321326536168, 33.485265003757128 ], [ 135.794983970662656, 33.485027191069832 ], [ 135.795377117619893, 33.485334413244011 ], [ 135.795394381717074, 33.485795434910926 ], [ 135.795200829478006, 33.486205390497027 ], [ 135.795382443189055, 33.486316428558155 ], [ 135.795379454302349, 33.487633749404637 ] ] ] } },
{ "type": "Feature", "properties": { "CITY_NAME": "串本町", "S_NAME": "潮岬", "JINKO": 0, "medical_area": "30_新宮医療圏", "町丁目名": "串本町潮岬" }, "geometry": { "type": "Polygon", "coordinates": [ [ [ 135.752797721151893, 33.43351949342042 ], [ 135.753507073677156, 33.432907741893253 ], [ 135.753253354475305, 33.432881315920184 ], [ 135.752626858611023, 33.433472378642421 ], [ 135.752797721151893, 33.43351949342042 ] ] ] } },
{ "type": "Feature", "properties": { "CITY_NAME": "串本町", "S_NAME": "潮岬", "JINKO": 2865, "medical_area": "30_新宮医療圏", "町丁目名": "串本町潮岬" }, "geometry": { "type": "Polygon", "coordinates": [ [ [ 135.78104839607937, 33.459405524365842 ], [ 135.781872442414965, 33.45835095512588 ], [ 135.782693646089655, 33.456866141399814 ], [ 135.782123268637747, 33.454829486651384 ], [ 135.780718033647588, 33.452337077982683 ], [ 135.780562362577257, 33.451358471330522 ], [ 135.780020115869007, 33.449902696908495 ], [ 135.779697223869192, 33.448062117098914 ], [ 135.779664345609149, 33.446924239683213 ], [ 135.779827886974772, 33.446395067142532 ], [ 135.780307068236539, 33.445824748608381 ], [ 135.782874131158309, 33.443251929948325 ], [ 135.782999656284915, 33.442503111493188 ], [ 135.782805414119593, 33.440990046242348 ], [ 135.782407275400885, 33.441075021884906 ], [ 135.781828457120866, 33.44163846606542 ], [ 135.781957202964037, 33.441781284033695 ], [ 135.781511942371992, 33.442249428335593 ], [ 135.781617817350593, 33.442520991816522 ], [ 135.781413001981292, 33.442725504611865 ], [ 135.781553566283776, 33.442872571331662 ], [ 135.781386921521289, 33.443319502592018 ], [ 135.781137743662299, 33.443165764308333 ], [ 135.781005692940738, 33.443538923944438 ], [ 135.780984211433292, 33.44304037386415 ], [ 135.781116925896072, 33.442857433845077 ], [ 135.780987175086153, 33.44268502435007 ], [ 135.780645105445615, 33.442699641142049 ], [ 135.780379726472347, 33.44305171106236 ], [ 135.780303687397549, 33.442909266657786 ], [ 135.780106680156507, 33.442984724515021 ], [ 135.780206431213202, 33.443584579535305 ], [ 135.780769558209812, 33.443796359689792 ], [ 135.780269514984525, 33.443752364669876 ], [ 135.780182396855935, 33.444226487077259 ], [ 135.780307576977577, 33.444516120986115 ], [ 135.780098452927433, 33.444717805537813 ], [ 135.779826657629513, 33.44457839725785 ], [ 135.779719704428828, 33.444783925404494 ], [ 135.779489045471507, 33.444522848600933 ], [ 135.779220965316881, 33.444635096037558 ], [ 135.779212958589397, 33.445294201118706 ], [ 135.779033749235822, 33.445556218527436 ], [ 135.778697890026365, 33.445658472570912 ], [ 135.778671033591593, 33.446075173924747 ], [ 135.778466873791132, 33.445994505290116 ], [ 135.778404475912197, 33.445575108905196 ], [ 135.778080655222851, 33.445602428624163 ], [ 135.778070595657766, 33.445329086163014 ], [ 135.777675155036746, 33.445597198017197 ], [ 135.777715490975794, 33.445810857528294 ], [ 135.777533611580083, 33.445849418575605 ], [ 135.777364939628598, 33.446194577191669 ], [ 135.776852110488363, 33.446097856175307 ], [ 135.776504313043887, 33.446249675668966 ], [ 135.776414638835689, 33.445984361527614 ], [ 135.776522450303219, 33.445886496111058 ], [ 135.776146167765575, 33.445817067504898 ], [ 135.775855431786312, 33.445942781718259 ], [ 135.775766810208893, 33.445685641149375 ], [ 135.77544217407393, 33.446028825790911 ], [ 135.7756044554624, 33.446079556654603 ], [ 135.775622449162285, 33.446197653322592 ], [ 135.775379690743506, 33.446071825793403 ], [ 135.775448587065995, 33.445211682080917 ], [ 135.775300613936167, 33.44545402671266 ], [ 135.775203448978232, 33.445170664509668 ], [ 135.77502668498667, 33.445319124395446 ], [ 135.774791809979035, 33.445052700956126 ], [ 135.774646853114376, 33.445372539967821 ], [ 135.774453521702782, 33.445265960879176 ], [ 135.774365798102451, 33.445499395283164 ], [ 135.774171875260521, 33.445207686266308 ], [ 135.773887990085001, 33.445178430603825 ], [ 135.773575158265345, 33.445528394306628 ], [ 135.772864007328565, 33.445599236141135 ], [ 135.772622111823182, 33.445965951876794 ], [ 135.772527493243871, 33.445539168288306 ], [ 135.771797086593409, 33.44595343465695 ], [ 135.771516833085201, 33.445756508428623 ], [ 135.771863410983826, 33.446100647308583 ], [ 135.772515303315174, 33.446088329700622 ], [ 135.772833203651317, 33.446681205383264 ], [ 135.772431220545911, 33.446984510687706 ], [ 135.77182638442369, 33.446271053522338 ], [ 135.771833431789275, 33.446452249117087 ], [ 135.771623478331577, 33.446520326305432 ], [ 135.771532345756441, 33.446402935198435 ], [ 135.770945419014964, 33.447059214285218 ], [ 135.770757139806733, 33.447066184752636 ], [ 135.770320058644472, 33.446773154965022 ], [ 135.770516578636403, 33.446501047512321 ], [ 135.77019557488984, 33.446252475275458 ], [ 135.770479900756328, 33.4461312858624 ], [ 135.770425278561845, 33.446033123836891 ], [ 135.769705988800979, 33.446294940230622 ], [ 135.769486693469929, 33.44582733603125 ], [ 135.768165031129087, 33.445254216512176 ], [ 135.767973268280713, 33.444942765552348 ], [ 135.768408959732369, 33.444497253217691 ], [ 135.768016600218459, 33.444380131187366 ], [ 135.768097986213974, 33.444090896855343 ], [ 135.767669891328467, 33.444068387552321 ], [ 135.767834075726199, 33.443798190125776 ], [ 135.767651427913478, 33.44370598458606 ], [ 135.768013602938424, 33.44340459964377 ], [ 135.767947763887861, 33.443049150788553 ], [ 135.768369154980292, 33.442732370827642 ], [ 135.767980073326896, 33.442594698293469 ], [ 135.767898945495489, 33.442340380769586 ], [ 135.767539516566274, 33.442398320413197 ], [ 135.767303220923452, 33.44225248180868 ], [ 135.767229261889668, 33.442143296596626 ], [ 135.767384091902159, 33.442173453731598 ], [ 135.767434029503818, 33.441985882648808 ], [ 135.767173164362987, 33.441776318706772 ], [ 135.767759456446697, 33.441758527332638 ], [ 135.767723369227468, 33.441558115693127 ], [ 135.767923830343022, 33.441398998599681 ], [ 135.767559467044578, 33.441278287806014 ], [ 135.767552416039138, 33.441523703487356 ], [ 135.767075069668607, 33.441417998245086 ], [ 135.76666390820958, 33.441523746312832 ], [ 135.767034563575066, 33.441272809101463 ], [ 135.766610549232979, 33.441351483936046 ], [ 135.766740107703498, 33.441157863432032 ], [ 135.76703710565846, 33.441110510824956 ], [ 135.766796424890458, 33.440999327913588 ], [ 135.767274750509927, 33.440704344493113 ], [ 135.76701969680488, 33.440757131646471 ], [ 135.766921027972757, 33.440633249994313 ], [ 135.767160163949171, 33.440500409839501 ], [ 135.766793316482023, 33.440521432197833 ], [ 135.766947038511034, 33.440120466294381 ], [ 135.7675323319977, 33.440065462465419 ], [ 135.768030744185353, 33.439463076294572 ], [ 135.767884308016363, 33.439525930174341 ], [ 135.767778161819564, 33.439384284331851 ], [ 135.767314471562344, 33.439859648527381 ], [ 135.767126516104156, 33.439744623438976 ], [ 135.767309249950415, 33.439359202153085 ], [ 135.766937853390232, 33.439481946085351 ], [ 135.766545489759835, 33.4393828937758 ], [ 135.766625611722304, 33.438737494845142 ], [ 135.766230409917682, 33.43891345178514 ], [ 135.765914277597716, 33.438870612699866 ], [ 135.765210665316857, 33.438500500891308 ], [ 135.765150445500012, 33.438066753975704 ], [ 135.765783059599613, 33.437567472038488 ], [ 135.76600433659226, 33.437253129772444 ], [ 135.765683270792692, 33.437475154187382 ], [ 135.766355208782699, 33.436726276578206 ], [ 135.765831534875645, 33.436679418134943 ], [ 135.76520824233711, 33.436885692830735 ], [ 135.765251826765052, 33.436666552576845 ], [ 135.764965798547962, 33.436639836846794 ], [ 135.765010530053587, 33.436404630366091 ], [ 135.764748073734523, 33.436408670723871 ], [ 135.764954855140218, 33.436313515429298 ], [ 135.765133386032119, 33.435921595114266 ], [ 135.764451076021601, 33.436066339771941 ], [ 135.764775685705786, 33.435746816738416 ], [ 135.764773268178487, 33.435452915748002 ], [ 135.764241620530385, 33.435568340382837 ], [ 135.7640602311794, 33.435820491268601 ], [ 135.763979073256962, 33.435606756039896 ], [ 135.764123480177119, 33.435505010017181 ], [ 135.763999945335428, 33.435447869040644 ], [ 135.763313479128556, 33.435931019385549 ], [ 135.763370218011062, 33.435638913901435 ], [ 135.762994468100231, 33.435775183912334 ], [ 135.762799664834205, 33.435430496730348 ], [ 135.762886083896234, 33.435293706747082 ], [ 135.762590191787552, 33.435334595986085 ], [ 135.762799489021745, 33.435095176882903 ], [ 135.762502158348696, 33.435270472353842 ], [ 135.762862631231684, 33.434820272245062 ], [ 135.762207594632116, 33.435217529376153 ], [ 135.762240022981246, 33.434767583825504 ], [ 135.762525668234872, 33.434540137896221 ], [ 135.76271051184932, 33.43380896727718 ], [ 135.762935589595259, 33.433704832680661 ], [ 135.762478712039837, 33.433229770344859 ], [ 135.761621136656942, 33.434147953647383 ], [ 135.76198305958988, 33.43395023475307 ], [ 135.761740203812423, 33.434262572559383 ], [ 135.761736210558553, 33.434538711098369 ], [ 135.762311279917952, 33.4342762859918 ], [ 135.761157006083579, 33.435134474332763 ], [ 135.761183014005269, 33.435454625289843 ], [ 135.760898892400718, 33.435515537879468 ], [ 135.760894332232226, 33.435218814180644 ], [ 135.760562214489369, 33.435529297271152 ], [ 135.760748600517843, 33.435022710584406 ], [ 135.760349030342752, 33.4352186671045 ], [ 135.760328723206442, 33.4355584588155 ], [ 135.760005796072107, 33.435263972528404 ], [ 135.75955930525646, 33.435316401060774 ], [ 135.759888662814177, 33.435225154183719 ], [ 135.76001417155959, 33.434954872669117 ], [ 135.759807716354629, 33.434938998463828 ], [ 135.758943021866457, 33.435332399618012 ], [ 135.759027957783189, 33.43572846673797 ], [ 135.759225766481762, 33.435756746073359 ], [ 135.758972848977606, 33.435823884715383 ], [ 135.758857115972887, 33.43606430239651 ], [ 135.758541300564758, 33.435930407468966 ], [ 135.758569882738698, 33.435705883366147 ], [ 135.758275721318398, 33.435912704386752 ], [ 135.757824230040086, 33.435841382237847 ], [ 135.757166870939017, 33.436318004465235 ], [ 135.756991456265297, 33.436738925038945 ], [ 135.756823868757522, 33.436674352186927 ], [ 135.756799056144246, 33.436316441132021 ], [ 135.757313869513581, 33.43605313381655 ], [ 135.756827670390322, 33.436082054688022 ], [ 135.756603213801014, 33.436358325926328 ], [ 135.756377419406988, 33.436339850585469 ], [ 135.756396248648628, 33.436523891318345 ], [ 135.756150789377102, 33.436618934519068 ], [ 135.756214773467804, 33.436817421677681 ], [ 135.755793342819175, 33.436755459667019 ], [ 135.755521670285958, 33.437006519288495 ], [ 135.754096305275993, 33.436365237883599 ], [ 135.75404401725919, 33.436219171883735 ], [ 135.753750454802201, 33.436203094552731 ], [ 135.753532702531999, 33.436385821866395 ], [ 135.75362603390289, 33.436465186498701 ], [ 135.753208684468746, 33.436880248517056 ], [ 135.753370771301178, 33.436994111097697 ], [ 135.75368185777873, 33.436891890887701 ], [ 135.753303916013607, 33.437063286737811 ], [ 135.75308261474612, 33.437373889191953 ], [ 135.75295485493973, 33.437690029312037 ], [ 135.753068399107178, 33.437859016948487 ], [ 135.75282137815384, 33.438132659792565 ], [ 135.753134186998977, 33.438197234927316 ], [ 135.752728924522245, 33.438520150559221 ], [ 135.752934869709151, 33.438729609599726 ], [ 135.75337717973494, 33.438621452157406 ], [ 135.753174422172862, 33.438830101968819 ], [ 135.753454927922832, 33.438910107211768 ], [ 135.752723224494389, 33.43904840203539 ], [ 135.75264527492061, 33.439235603980634 ], [ 135.753353291637382, 33.439110786124864 ], [ 135.753830273391372, 33.439313735830432 ], [ 135.75421292602951, 33.438993588435984 ], [ 135.75446450834508, 33.439018313366297 ], [ 135.754984153064555, 33.439356577111624 ], [ 135.754963898094559, 33.439699132044652 ], [ 135.75533046275666, 33.439765778003576 ], [ 135.755398942339696, 33.440709737470712 ], [ 135.755570772949113, 33.440804738093426 ], [ 135.755485409914627, 33.440953329122074 ], [ 135.755630274339438, 33.44107814112585 ], [ 135.755744155004692, 33.441941892426463 ], [ 135.75518925466983, 33.442320590858571 ], [ 135.755559646411115, 33.442572626519386 ], [ 135.75548723624226, 33.44269983086302 ], [ 135.755662115135948, 33.442866961970353 ], [ 135.755951401068728, 33.444098160785352 ], [ 135.755509738407909, 33.444769809558316 ], [ 135.755184324301382, 33.44498921114392 ], [ 135.754663689892709, 33.445010731351516 ], [ 135.754943608574052, 33.445306012462325 ], [ 135.754852621634541, 33.44553210368872 ], [ 135.754123046679638, 33.446029422555149 ], [ 135.754147148149968, 33.445877872621843 ], [ 135.753814621876472, 33.445937801280273 ], [ 135.753686727605924, 33.446281039265685 ], [ 135.7534504551883, 33.446155181929619 ], [ 135.753532560789324, 33.446412326280289 ], [ 135.753332977974139, 33.446624677176906 ], [ 135.752498777711111, 33.446843946002403 ], [ 135.751769342667586, 33.446529726984551 ], [ 135.751394581702982, 33.44668762463548 ], [ 135.751235642132542, 33.446981205317591 ], [ 135.751296126848189, 33.446515262493371 ], [ 135.751007042119426, 33.446427054001546 ], [ 135.750457568884542, 33.447125899888299 ], [ 135.750383831910398, 33.446964293902433 ], [ 135.750030663536705, 33.447092361887485 ], [ 135.749901922992649, 33.447351060530025 ], [ 135.750002673429577, 33.447476652986751 ], [ 135.749769794706737, 33.44767005193269 ], [ 135.749858056800832, 33.448019071066902 ], [ 135.749723073734287, 33.448586023545964 ], [ 135.748607385905729, 33.448679310989867 ], [ 135.748959077610834, 33.449067744923106 ], [ 135.749166173807652, 33.448863588245828 ], [ 135.749964325038576, 33.448851659276542 ], [ 135.749771938879178, 33.449172222048901 ], [ 135.74988634913143, 33.44940689095889 ], [ 135.749720425387096, 33.449883611068586 ], [ 135.749787487091822, 33.450124384529708 ], [ 135.749933517660793, 33.449837825033541 ], [ 135.749872585809982, 33.450456490427584 ], [ 135.750052757201871, 33.450646205800851 ], [ 135.749795641331787, 33.451032293310611 ], [ 135.749857503557308, 33.451218391140124 ], [ 135.750284816455974, 33.451116395184556 ], [ 135.750970300318755, 33.451390803689314 ], [ 135.751064337603253, 33.451227841105698 ], [ 135.751605172437024, 33.451305558966183 ], [ 135.752548071831399, 33.451079465820605 ], [ 135.753417504964716, 33.451349716721616 ], [ 135.754049549853391, 33.451886620942844 ], [ 135.754988980647539, 33.452132765151475 ], [ 135.75510118739416, 33.452395320279038 ], [ 135.755989109667155, 33.45298061795485 ], [ 135.756433982842964, 33.453143788446788 ], [ 135.756551623778506, 33.453004254795587 ], [ 135.757055630709175, 33.45357584662262 ], [ 135.757291428124972, 33.45348161980543 ], [ 135.757733804216883, 33.453798089715796 ], [ 135.758014662121781, 33.453754672286152 ], [ 135.758653445804384, 33.454240880036011 ], [ 135.758664882507901, 33.454394200242326 ], [ 135.75901019148975, 33.45438669279806 ], [ 135.759039392746701, 33.455170430387689 ], [ 135.759244162218295, 33.454597364540092 ], [ 135.759435430938879, 33.454680581029123 ], [ 135.759408001947236, 33.45489159582241 ], [ 135.759732120809417, 33.45475977523305 ], [ 135.759957592407005, 33.454936058559532 ], [ 135.760103141449378, 33.454812633693635 ], [ 135.760291121510875, 33.454924874988635 ], [ 135.760295919075588, 33.455152293488545 ], [ 135.760594071104919, 33.455088625332799 ], [ 135.760867258187204, 33.455532984229038 ], [ 135.761124038009712, 33.455664234669108 ], [ 135.761127577943654, 33.455961815506186 ], [ 135.761602056653942, 33.456350477963944 ], [ 135.763878136346477, 33.456037268383177 ], [ 135.765719082816418, 33.456332131059291 ], [ 135.767121256052235, 33.457346342727526 ], [ 135.767965135093135, 33.457555300073295 ], [ 135.768403802640506, 33.458028642049477 ], [ 135.769864319379906, 33.458135025181598 ], [ 135.770110800643437, 33.458466548902216 ], [ 135.770529723067, 33.458680046022323 ], [ 135.771877460495318, 33.459098090086158 ], [ 135.772877498180577, 33.45960650256044 ], [ 135.774068552467668, 33.459281259086062 ], [ 135.774731126757558, 33.459286398483641 ], [ 135.780460468774464, 33.460058724708475 ], [ 135.781278191457517, 33.460048603382759 ], [ 135.781273769266022, 33.459707674980464 ], [ 135.78104839607937, 33.459405524365842 ] ] ] } },
{ "type": "Feature", "properties": { "CITY_NAME": "串本町", "S_NAME": "潮岬", "JINKO": 0, "medical_area": "30_新宮医療圏", "町丁目名": "串本町潮岬" }, "geometry": { "type": "Polygon", "coordinates": [ [ [ 135.753745823710034, 33.43593990155005 ], [ 135.753398434078377, 33.435950766914232 ], [ 135.752603566817555, 33.436363128387192 ], [ 135.752550418407623, 33.436519974482216 ], [ 135.752901527370767, 33.436723553971049 ], [ 135.753184428669414, 33.436699881597249 ], [ 135.753745823710034, 33.43593990155005 ] ] ] } },
{ "type": "Feature", "properties": { "CITY_NAME": "串本町", "S_NAME": "潮岬", "JINKO": 0, "medical_area": "30_新宮医療圏", "町丁目名": "串本町潮岬" }, "geometry": { "type": "Polygon", "coordinates": [ [ [ 135.753977328747993, 33.435083743272166 ], [ 135.753477743594715, 33.435286483266829 ], [ 135.752912911594876, 33.435741569047401 ], [ 135.753445095208576, 33.435799543196282 ], [ 135.754165183298767, 33.435206688448169 ], [ 135.753977328747993, 33.435083743272166 ] ] ] } },
{ "type": "Feature", "properties": { "CITY_NAME": "串本町", "S_NAME": "出雲", "JINKO": 0, "medical_area": "30_新宮医療圏", "町丁目名": "串本町出雲" }, "geometry": { "type": "Polygon", "coordinates": [ [ [ 135.791430178429977, 33.440533339071109 ], [ 135.791038078393143, 33.44078064434332 ], [ 135.791088985447317, 33.441082794182208 ], [ 135.791529838299027, 33.440679465463091 ], [ 135.791430178429977, 33.440533339071109 ] ] ] } },
{ "type": "Feature", "properties": { "CITY_NAME": "串本町", "S_NAME": "出雲", "JINKO": 0, "medical_area": "30_新宮医療圏", "町丁目名": "串本町出雲" }, "geometry": { "type": "Polygon", "coordinates": [ [ [ 135.790788746566875, 33.441149918664237 ], [ 135.790488791633663, 33.441098696250535 ], [ 135.790841025923783, 33.440872173319583 ], [ 135.791101666935162, 33.440282852342278 ], [ 135.790957401441716, 33.440339528308861 ], [ 135.790938388509147, 33.440191562662264 ], [ 135.790662304861854, 33.44050218013372 ], [ 135.790286721458529, 33.440590871904178 ], [ 135.790036075399883, 33.441065532325922 ], [ 135.790638930374087, 33.441728441101489 ], [ 135.790788746566875, 33.441149918664237 ] ] ] } },
{ "type": "Feature", "properties": { "CITY_NAME": "串本町", "S_NAME": "出雲", "JINKO": 634, "medical_area": "30_新宮医療圏", "町丁目名": "串本町出雲" }, "geometry": { "type": "Polygon", "coordinates": [ [ [ 135.79042594101071, 33.456664426775845 ], [ 135.790890798174189, 33.455756213306707 ], [ 135.79137481541062, 33.455750800793332 ], [ 135.791238693024582, 33.455570249785772 ], [ 135.792008484943324, 33.454850171708223 ], [ 135.792271879308657, 33.454044457939368 ], [ 135.792652551947668, 33.454068453569725 ], [ 135.792567046678926, 33.453857553820725 ], [ 135.792841968235706, 33.453156380263017 ], [ 135.793119855487049, 33.452987192478091 ], [ 135.792822371361439, 33.452804690586319 ], [ 135.792975180143912, 33.45231520442394 ], [ 135.793328908239289, 33.452360006677985 ], [ 135.793430729587044, 33.452057256959343 ], [ 135.794357268577187, 33.451820623668425 ], [ 135.794585907177918, 33.452007802885277 ], [ 135.794919007199724, 33.451680902917481 ], [ 135.795247091528068, 33.451652678374586 ], [ 135.795521262342959, 33.451221989952259 ], [ 135.795783823549101, 33.451160974833137 ], [ 135.795630810728142, 33.45083725397005 ], [ 135.795963792943866, 33.45101078798519 ], [ 135.7964532489936, 33.450959143940359 ], [ 135.796356917078384, 33.450764285522716 ], [ 135.796529420510211, 33.450581681230673 ], [ 135.796124192763102, 33.450483551905059 ], [ 135.796224873490786, 33.450205876986189 ], [ 135.795608607641157, 33.450215900132463 ], [ 135.795844861247048, 33.449908851232664 ], [ 135.795151170230014, 33.449920158874392 ], [ 135.795167419403839, 33.44987059160524 ], [ 135.794909334372932, 33.449409479016069 ], [ 135.794819955546188, 33.449455267241433 ], [ 135.795113719326906, 33.44984007504398 ], [ 135.79488761923875, 33.450399611349383 ], [ 135.794044406943868, 33.450421665772602 ], [ 135.793864027268455, 33.450302469789548 ], [ 135.793982850598553, 33.450082590286179 ], [ 135.79444694408744, 33.450289867148932 ], [ 135.793995792501676, 33.450063731135145 ], [ 135.79370274163108, 33.449381364482448 ], [ 135.794178797351066, 33.449088225348753 ], [ 135.794567734576049, 33.44924128158128 ], [ 135.794455149801593, 33.449099651272569 ], [ 135.794585397810835, 33.449047446440694 ], [ 135.794244351833186, 33.449106362873898 ], [ 135.794256580187948, 33.448937033272713 ], [ 135.794600397354657, 33.448621985818605 ], [ 135.795321515101278, 33.44837853982213 ], [ 135.795239234107868, 33.448159469587516 ], [ 135.795646781894163, 33.44771631026034 ], [ 135.796021969750171, 33.447775509016161 ], [ 135.796025757881864, 33.447541075944692 ], [ 135.796165117633308, 33.447729804235308 ], [ 135.797249200713935, 33.447251917663365 ], [ 135.796253345059995, 33.447254019469128 ], [ 135.79783245214972, 33.44622944782077 ], [ 135.797146560508509, 33.446535755513537 ], [ 135.798071895855287, 33.445489605077285 ], [ 135.797189837117031, 33.445505080975771 ], [ 135.797494685265065, 33.445319885219426 ], [ 135.797029190250811, 33.445221924872058 ], [ 135.797139480903411, 33.444981186267853 ], [ 135.797005253093545, 33.44490518530926 ], [ 135.796154019888007, 33.445596447350162 ], [ 135.796761302168079, 33.444836338672076 ], [ 135.796229579193096, 33.445018644417161 ], [ 135.795583875223628, 33.445673041623799 ], [ 135.795941830317076, 33.445733058493438 ], [ 135.795515672695842, 33.445860598365577 ], [ 135.795256690115195, 33.446234391642079 ], [ 135.795831191248368, 33.446137799977627 ], [ 135.794835451343488, 33.446553827098441 ], [ 135.794480305352778, 33.447114003901653 ], [ 135.793979889290682, 33.447259453892315 ], [ 135.794032183770497, 33.447429730553246 ], [ 135.792919898460639, 33.44844884480289 ], [ 135.79264065868071, 33.448293139455075 ], [ 135.792158330385888, 33.448521454896984 ], [ 135.791815426622463, 33.44845327930102 ], [ 135.791369631597775, 33.448241512061678 ], [ 135.791278099513534, 33.447846594717213 ], [ 135.791139600831002, 33.448193522545743 ], [ 135.790881337559426, 33.44825988789907 ], [ 135.790534723570914, 33.447954445693519 ], [ 135.790470563094061, 33.447351056073096 ], [ 135.790247842319104, 33.447399443618089 ], [ 135.790073999428387, 33.447690521212721 ], [ 135.789754969247923, 33.447983054284116 ], [ 135.789656075524192, 33.448401052730468 ], [ 135.789640033133395, 33.447922286436537 ], [ 135.790286679834395, 33.447347095624018 ], [ 135.790522256837448, 33.447324088768134 ], [ 135.790850984293144, 33.447468042957567 ], [ 135.791244657231005, 33.446548108098732 ], [ 135.791970337798773, 33.446194795587694 ], [ 135.792715089227357, 33.445506193586247 ], [ 135.79257464140008, 33.445328449296817 ], [ 135.792375487890325, 33.445413791655319 ], [ 135.792844088481218, 33.444643609319691 ], [ 135.792927073451267, 33.444133459289709 ], [ 135.792633285809643, 33.444209627682881 ], [ 135.792617616734077, 33.444457559742972 ], [ 135.792079973299337, 33.444878508376085 ], [ 135.79156186345088, 33.445673978585212 ], [ 135.792003853717034, 33.444775538823848 ], [ 135.791953765500693, 33.444591742658091 ], [ 135.79103757278952, 33.445015747589743 ], [ 135.790799944790763, 33.44544733106153 ], [ 135.790637585811709, 33.445438052497295 ], [ 135.790671000044227, 33.445848375243827 ], [ 135.790498374327598, 33.445637044527174 ], [ 135.790112853772399, 33.445851136849868 ], [ 135.79017361304733, 33.445627503237375 ], [ 135.789956452262714, 33.445601792083025 ], [ 135.790178614501798, 33.445339816417743 ], [ 135.789592121535634, 33.445504834020966 ], [ 135.789890877386966, 33.445150840966313 ], [ 135.78969166460459, 33.444802518734413 ], [ 135.78874696725768, 33.44501823777167 ], [ 135.788622880712438, 33.444736811866278 ], [ 135.78895971717435, 33.444173790029701 ], [ 135.78850164142014, 33.444151340788622 ], [ 135.788850736200573, 33.443872382164905 ], [ 135.788846979997004, 33.443637083788126 ], [ 135.789294686101897, 33.443498902259982 ], [ 135.789030658472427, 33.443273038384518 ], [ 135.789400953868267, 33.443131348718957 ], [ 135.789293825193823, 33.442488985363525 ], [ 135.789405355050945, 33.44217188211573 ], [ 135.789114807777509, 33.442241561132946 ], [ 135.789080928886335, 33.442016076227958 ], [ 135.788822531216454, 33.442134839920094 ], [ 135.7884671425916, 33.441869081532168 ], [ 135.788899637393456, 33.441355829363268 ], [ 135.788688843743017, 33.441344766099945 ], [ 135.788491417708684, 33.441610440872921 ], [ 135.788544460263921, 33.441465127669453 ], [ 135.788257211813686, 33.441496203396049 ], [ 135.788868473136148, 33.440417146788057 ], [ 135.788684932498313, 33.440256215897087 ], [ 135.788459920783652, 33.440348822410407 ], [ 135.788322499088054, 33.440708431962179 ], [ 135.788172503877718, 33.440457384226619 ], [ 135.787903812211482, 33.440836498486306 ], [ 135.787392573253811, 33.44052452827237 ], [ 135.787033251973355, 33.440560827780843 ], [ 135.787420602162598, 33.440026929970948 ], [ 135.78717525819286, 33.440073286076313 ], [ 135.78751151428304, 33.439782771460635 ], [ 135.787088743985521, 33.439809095447686 ], [ 135.787470410413704, 33.439412988704589 ], [ 135.786969415502909, 33.439784374071706 ], [ 135.786802713858236, 33.439778731686665 ], [ 135.787059308698559, 33.439515978406249 ], [ 135.786732305153862, 33.439525276070093 ], [ 135.786917848864533, 33.439282970978539 ], [ 135.786703689736186, 33.439332195646372 ], [ 135.786850322855202, 33.439184507833765 ], [ 135.786549156706599, 33.439183984740552 ], [ 135.787808716114199, 33.438702050242362 ], [ 135.787265826306793, 33.438572890196887 ], [ 135.786771769007345, 33.438724480686844 ], [ 135.786689079591184, 33.438660368198931 ], [ 135.787168177606134, 33.438463666301381 ], [ 135.786648590735723, 33.438496292035381 ], [ 135.786825391830348, 33.43832245129569 ], [ 135.788112613710751, 33.438450093543878 ], [ 135.788615333215489, 33.438273157181719 ], [ 135.788276818579277, 33.438140128230025 ], [ 135.787696716859614, 33.438293257795046 ], [ 135.787265552115969, 33.438215011777508 ], [ 135.787974716786465, 33.438076480953363 ], [ 135.787729117338728, 33.437761291690165 ], [ 135.786585103574481, 33.438032626049768 ], [ 135.786089399909656, 33.438437545009101 ], [ 135.786325908232897, 33.438494600329626 ], [ 135.786071531432015, 33.438732275366895 ], [ 135.785789906864096, 33.438643578450687 ], [ 135.785876133728635, 33.43904219446825 ], [ 135.785465545044104, 33.438915229860491 ], [ 135.785033656943625, 33.439174295669531 ], [ 135.785035480042865, 33.439318582256597 ], [ 135.785376092907597, 33.439481495205186 ], [ 135.785690568246508, 33.439297181718743 ], [ 135.785340305551927, 33.439609370998113 ], [ 135.785451607188122, 33.439862059015972 ], [ 135.785683106868447, 33.439749740512013 ], [ 135.785445656563212, 33.440119051793744 ], [ 135.785795903576172, 33.440290147644255 ], [ 135.785763029377506, 33.440561463943141 ], [ 135.785428900272592, 33.440398570070023 ], [ 135.785616412995239, 33.440716201744671 ], [ 135.784874480761289, 33.440628408914158 ], [ 135.78512539568149, 33.440482022532514 ], [ 135.785040808135705, 33.440317585383035 ], [ 135.784529414651871, 33.440547497917414 ], [ 135.784503586690619, 33.44006697638941 ], [ 135.784058370947747, 33.440041690143282 ], [ 135.784158890189758, 33.439811910976594 ], [ 135.784015000870795, 33.439715285053865 ], [ 135.783864428570212, 33.439715024705691 ], [ 135.783554624300677, 33.440218637921554 ], [ 135.783659021869568, 33.439699451786517 ], [ 135.782300408262387, 33.439808686815446 ], [ 135.782096001650189, 33.440313324409843 ], [ 135.7822928007933, 33.440327194145425 ], [ 135.782602078917989, 33.440053818555086 ], [ 135.782470880769239, 33.440530403721276 ], [ 135.783118261502835, 33.440566755498729 ], [ 135.783296337864243, 33.44077278204022 ], [ 135.782983346962453, 33.440779283226121 ], [ 135.783160177915619, 33.441063649520721 ], [ 135.782805414119593, 33.440990046242348 ], [ 135.782999656284915, 33.442503111493188 ], [ 135.782874131158309, 33.443251929948325 ], [ 135.780307068236539, 33.445824748608381 ], [ 135.779827886974772, 33.446395067142532 ], [ 135.779664345609149, 33.446924239683213 ], [ 135.779697223869192, 33.448062117098914 ], [ 135.780020115869007, 33.449902696908495 ], [ 135.780562362577257, 33.451358471330522 ], [ 135.780718033647588, 33.452337077982683 ], [ 135.782123268637747, 33.454829486651384 ], [ 135.782693646089655, 33.456866141399814 ], [ 135.781872442414965, 33.45835095512588 ], [ 135.78104839607937, 33.459405524365842 ], [ 135.781273769266022, 33.459707674980464 ], [ 135.781278191457517, 33.460048603382759 ], [ 135.784473303398954, 33.459309474904579 ], [ 135.787742892945062, 33.457787037312102 ], [ 135.789584544156696, 33.457590043561964 ], [ 135.79042594101071, 33.456664426775845 ] ] ] } },
{ "type": "Feature", "properties": { "CITY_NAME": "串本町", "S_NAME": "吐生", "JINKO": 508, "medical_area": "30_新宮医療圏", "町丁目名": "串本町吐生" }, "geometry": { "type": "Polygon", "coordinates": [ [ [ 135.726392296039592, 33.529881735705381 ], [ 135.727861488867234, 33.529794790104624 ], [ 135.729221626125423, 33.530139260617844 ], [ 135.729925997782715, 33.529862402842106 ], [ 135.731085745499541, 33.529795880827308 ], [ 135.731673509587381, 33.528678246508754 ], [ 135.733266483185304, 33.527806501250602 ], [ 135.733767684176456, 33.527262636308727 ], [ 135.734190076933487, 33.526255938528969 ], [ 135.73538780436877, 33.52573272155422 ], [ 135.736409858250425, 33.525719405037037 ], [ 135.736487457866986, 33.525053751938373 ], [ 135.736187547248761, 33.52419710226448 ], [ 135.736316463271407, 33.523232039520316 ], [ 135.736645915628117, 33.522635955453154 ], [ 135.736611901201854, 33.521752821796035 ], [ 135.737337459919615, 33.520482178435124 ], [ 135.739436764651714, 33.519571141374186 ], [ 135.740482239720137, 33.519362007441124 ], [ 135.740774032900902, 33.518314719467419 ], [ 135.741580385921026, 33.517596764507807 ], [ 135.745760795872684, 33.516788275958135 ], [ 135.745645565769593, 33.516267330100661 ], [ 135.745733148718159, 33.515691854576538 ], [ 135.74546086547835, 33.51476991039641 ], [ 135.744792361203707, 33.51420725196084 ], [ 135.744450907098781, 33.513443799775494 ], [ 135.744469817239292, 33.509867339246298 ], [ 135.744283690518955, 33.508873718725361 ], [ 135.742924424626608, 33.506575330854503 ], [ 135.742551929545897, 33.504688955171787 ], [ 135.742592061445549, 33.502702830234405 ], [ 135.742065946843127, 33.500485292722459 ], [ 135.742519909033689, 33.500046946620358 ], [ 135.743463066464756, 33.499642296980788 ], [ 135.744891768238119, 33.499135225106556 ], [ 135.747614916357236, 33.498470997619819 ], [ 135.748187031932304, 33.498041878167719 ], [ 135.748532006112185, 33.497181462122064 ], [ 135.749313741990505, 33.496640892683544 ], [ 135.751770588863906, 33.495896547279983 ], [ 135.752235114426867, 33.495225430724524 ], [ 135.752208706439887, 33.494298893176861 ], [ 135.751259026880746, 33.494127462569089 ], [ 135.751306406397788, 33.493790070434038 ], [ 135.748165475994995, 33.492497074628211 ], [ 135.747065345708791, 33.49184563638353 ], [ 135.745706856592989, 33.488619329973034 ], [ 135.745588405370825, 33.487900440775974 ], [ 135.745685636583545, 33.487021491248761 ], [ 135.745261961501143, 33.484098456689878 ], [ 135.745343177438258, 33.483022700894956 ], [ 135.745767084004228, 33.481552119356664 ], [ 135.745341214926611, 33.480725078225348 ], [ 135.745700521056335, 33.480383167891596 ], [ 135.745991923346565, 33.480448852047893 ], [ 135.745721083131173, 33.480343760793993 ], [ 135.745891909419981, 33.479684747236441 ], [ 135.746039940758578, 33.479466951790933 ], [ 135.746282767245731, 33.479592836983088 ], [ 135.74634857498387, 33.479531542908333 ], [ 135.746023926253741, 33.479423525382771 ], [ 135.745854283336172, 33.479673118351975 ], [ 135.745676917858731, 33.480355224350028 ], [ 135.745562550777095, 33.480464039088091 ], [ 135.74530384056834, 33.480256123164757 ], [ 135.74515674663607, 33.480519286313239 ], [ 135.744844614537925, 33.480181360219262 ], [ 135.74497697252383, 33.479803766537849 ], [ 135.744830002507086, 33.479654687611756 ], [ 135.744072659007543, 33.479968730006675 ], [ 135.744213161250173, 33.479754584105947 ], [ 135.744085442915718, 33.479641611353266 ], [ 135.743930156335466, 33.479758512843823 ], [ 135.744011642846402, 33.479488172923077 ], [ 135.743759079683059, 33.479387342254824 ], [ 135.743297347448959, 33.479438805191592 ], [ 135.743161951376607, 33.479745947197898 ], [ 135.742834971541271, 33.479703007900035 ], [ 135.742622175652656, 33.479248907377794 ], [ 135.742332021738292, 33.479490919504833 ], [ 135.742318387894215, 33.479002288659338 ], [ 135.741838404228474, 33.479036238353302 ], [ 135.741961497206631, 33.478526193593375 ], [ 135.741416892225118, 33.478216806169172 ], [ 135.741331969296596, 33.477835109794974 ], [ 135.740578886765007, 33.477447798388091 ], [ 135.74050426773664, 33.477216588656248 ], [ 135.739835482969085, 33.477772545212893 ], [ 135.74010130278964, 33.4770427400912 ], [ 135.739648462671653, 33.47664139384117 ], [ 135.739463015877334, 33.477124249607243 ], [ 135.739097191897145, 33.476760276811717 ], [ 135.738996651003902, 33.476921523015427 ], [ 135.738602227516225, 33.47676543848705 ], [ 135.738568007184739, 33.477053059298434 ], [ 135.738508340064158, 33.476859918199878 ], [ 135.738209499487368, 33.4771261323273 ], [ 135.737915050067983, 33.477002941475028 ], [ 135.738008171976276, 33.477161776816111 ], [ 135.737834012221271, 33.477115481709355 ], [ 135.737828536312662, 33.47750234893158 ], [ 135.737553094846618, 33.477856245124606 ], [ 135.737665549117452, 33.478029492415189 ], [ 135.737416817233083, 33.478091242900554 ], [ 135.737479590793242, 33.478327503939411 ], [ 135.737893231232533, 33.478530405937718 ], [ 135.737993719886504, 33.478743359064111 ], [ 135.737318176367552, 33.478690657195109 ], [ 135.737757475298423, 33.478951096252196 ], [ 135.737522945284979, 33.478937078456056 ], [ 135.737731223457189, 33.479092775629084 ], [ 135.737447383954787, 33.479018071512783 ], [ 135.73764890592264, 33.479275475636811 ], [ 135.737418823265301, 33.479214691941344 ], [ 135.737794389709109, 33.479558121810626 ], [ 135.737068180866061, 33.479173378554727 ], [ 135.736804654368513, 33.479500248590156 ], [ 135.737177692502485, 33.479607264505567 ], [ 135.737217200059689, 33.480070025606153 ], [ 135.737377181048771, 33.480185608364678 ], [ 135.736995263296734, 33.480522092410602 ], [ 135.737429058122274, 33.480827042089601 ], [ 135.73678642881157, 33.480550674936957 ], [ 135.736588676315648, 33.480828653646007 ], [ 135.736524449616809, 33.480717780363022 ], [ 135.736448858326327, 33.480807789482668 ], [ 135.73641746916087, 33.480511857441499 ], [ 135.736235019832066, 33.480718014176915 ], [ 135.736498166694645, 33.48123168605234 ], [ 135.737154901013611, 33.481109369506207 ], [ 135.737401113747495, 33.481532835408586 ], [ 135.737198691305622, 33.481573830202031 ], [ 135.737371470781824, 33.481725789779681 ], [ 135.737189648974777, 33.482079882658248 ], [ 135.736830263591884, 33.482076307841815 ], [ 135.736657558464287, 33.482256280889665 ], [ 135.736560912496884, 33.48290360024987 ], [ 135.736675658618168, 33.483037123384157 ], [ 135.73630498780625, 33.483562136367794 ], [ 135.736716405322966, 33.483080602978511 ], [ 135.736772830216125, 33.483284446119555 ], [ 135.737848054584447, 33.483557215039184 ], [ 135.738016022495373, 33.483879357096932 ], [ 135.738236845181831, 33.483801486444122 ], [ 135.738460514334719, 33.484213068673078 ], [ 135.738815531752749, 33.484240016942515 ], [ 135.738248121444371, 33.484353229539323 ], [ 135.738503791180221, 33.484859837155284 ], [ 135.737235894323589, 33.48531252481942 ], [ 135.736626117229264, 33.484121859699428 ], [ 135.73631697206315, 33.484230253896555 ], [ 135.736932039156414, 33.485449673860593 ], [ 135.736483471372622, 33.486113437865036 ], [ 135.736043774703944, 33.485972746918968 ], [ 135.735890949494916, 33.485620766170818 ], [ 135.734699974758428, 33.485191629250181 ], [ 135.733994773579781, 33.484602336895293 ], [ 135.73379592704174, 33.484176147729151 ], [ 135.733936145345893, 33.483363240947135 ], [ 135.73419702178137, 33.483205157998022 ], [ 135.734016849187128, 33.483010910607973 ], [ 135.733809343736169, 33.482951857210843 ], [ 135.733801317944483, 33.48311667982432 ], [ 135.733535163479104, 33.483234173709128 ], [ 135.732608560215454, 33.482575928675459 ], [ 135.732479127424142, 33.482676526312794 ], [ 135.731825416226286, 33.482503798800067 ], [ 135.731627281059673, 33.48220046154956 ], [ 135.731690327444653, 33.481996028004012 ], [ 135.73110672908777, 33.481770193013475 ], [ 135.732349556384719, 33.482115512761872 ], [ 135.732544688154007, 33.481993359142642 ], [ 135.732512887865425, 33.481836341905257 ], [ 135.731894196123193, 33.481478845054049 ], [ 135.731088829940433, 33.48129028898429 ], [ 135.730674543125161, 33.480948726210286 ], [ 135.730468522826527, 33.480417977527708 ], [ 135.730291602335882, 33.480563835494593 ], [ 135.730341509076084, 33.480776685136867 ], [ 135.730171880830596, 33.480657125636966 ], [ 135.729949321911732, 33.480942646111224 ], [ 135.729526042151349, 33.480731521959996 ], [ 135.729137670781824, 33.480012993418867 ], [ 135.729317267422886, 33.480041280494184 ], [ 135.729325362241411, 33.479518321872774 ], [ 135.729580863861401, 33.479357418956361 ], [ 135.728834958184876, 33.479087264486054 ], [ 135.728533553180426, 33.478783697962854 ], [ 135.728760954017162, 33.478664157030096 ], [ 135.728911907332787, 33.478216459942828 ], [ 135.728555921246681, 33.478164964161216 ], [ 135.728571628982792, 33.478304760849738 ], [ 135.728376705869692, 33.478361255159946 ], [ 135.727839425832741, 33.47813184089172 ], [ 135.726931518245237, 33.480867307201493 ], [ 135.726562027092541, 33.482505583380316 ], [ 135.726739505751027, 33.484008400121986 ], [ 135.726525334724613, 33.485036409378807 ], [ 135.726502061095204, 33.486338160120617 ], [ 135.725997445714057, 33.488265232769891 ], [ 135.725905335719574, 33.490731118524224 ], [ 135.726696392931615, 33.494798867685894 ], [ 135.727361861405143, 33.499773915660882 ], [ 135.727406817432382, 33.50352075185981 ], [ 135.728529541405493, 33.509748942684176 ], [ 135.729736442527525, 33.513394578926686 ], [ 135.729824575072882, 33.518807265014914 ], [ 135.729801745521485, 33.520050941597731 ], [ 135.728792401548759, 33.523324868837356 ], [ 135.728105726290067, 33.524842947642135 ], [ 135.727153308419219, 33.526165457480658 ], [ 135.725676513214182, 33.527574716739103 ], [ 135.724015231695176, 33.529493842735256 ], [ 135.723506685379846, 33.53077730951378 ], [ 135.724510348540321, 33.530795030680572 ], [ 135.725726368401496, 33.530321804990329 ], [ 135.726392296039592, 33.529881735705381 ] ] ] } },
{ "type": "Feature", "properties": { "CITY_NAME": "串本町", "S_NAME": "田並", "JINKO": 439, "medical_area": "30_新宮医療圏", "町丁目名": "串本町田並" }, "geometry": { "type": "Polygon", "coordinates": [ [ [ 135.714027148528828, 33.491124789870177 ], [ 135.717531905178504, 33.490469211460827 ], [ 135.717740713708366, 33.491054644803384 ], [ 135.718160754631242, 33.491455431895538 ], [ 135.719647198086648, 33.4917478853517 ], [ 135.720403848787186, 33.491660263517304 ], [ 135.721250439422448, 33.49202367651872 ], [ 135.721849528176421, 33.491999656263737 ], [ 135.72182215971003, 33.491827149885665 ], [ 135.723234814405146, 33.491383695023806 ], [ 135.725905335719574, 33.490731118524224 ], [ 135.725997445714057, 33.488265232769891 ], [ 135.726502061095204, 33.486338160120617 ], [ 135.726525334724613, 33.485036409378807 ], [ 135.726739505751027, 33.484008400121986 ], [ 135.726562027092541, 33.482505583380316 ], [ 135.726931518245237, 33.480867307201493 ], [ 135.727879513015495, 33.4780400685339 ], [ 135.727756047225768, 33.477952447148191 ], [ 135.728025338824295, 33.477856385946602 ], [ 135.727925589270342, 33.477751627453692 ], [ 135.727669446713406, 33.477775300541751 ], [ 135.72764528391113, 33.477929662608972 ], [ 135.727473380770107, 33.477848134141034 ], [ 135.727241647069718, 33.477286605306951 ], [ 135.727386126499823, 33.477191398021702 ], [ 135.727038802438301, 33.477120192484996 ], [ 135.726871173333848, 33.477394841244198 ], [ 135.726655649856838, 33.477156546923304 ], [ 135.726544444662494, 33.477276059389354 ], [ 135.726050888829889, 33.477181141715192 ], [ 135.725835585641022, 33.477559378684809 ], [ 135.725806879496361, 33.477444913269167 ], [ 135.72565918242833, 33.477540111544897 ], [ 135.725143123497418, 33.477410200095818 ], [ 135.725012342474059, 33.477257469607196 ], [ 135.725481490019177, 33.476556029508849 ], [ 135.725085239574753, 33.476655187513174 ], [ 135.724733874622672, 33.476500277890509 ], [ 135.724864024368429, 33.476860397514415 ], [ 135.72468026951924, 33.476787010175251 ], [ 135.724609986066838, 33.477238546633167 ], [ 135.724346446931349, 33.47721542125759 ], [ 135.724619706985777, 33.477569376338003 ], [ 135.724930884720663, 33.477499900657932 ], [ 135.724653574763352, 33.477746125929137 ], [ 135.725116867472167, 33.478237726879819 ], [ 135.724656599416619, 33.478495662766534 ], [ 135.724523555951237, 33.478374487117577 ], [ 135.7245779437051, 33.478534092564885 ], [ 135.724398490824512, 33.478455361903848 ], [ 135.724428130023625, 33.478612375823772 ], [ 135.724127655117712, 33.478359239257124 ], [ 135.724041967640403, 33.478574326130698 ], [ 135.724167428268146, 33.478707320872793 ], [ 135.723936751459291, 33.478843752343622 ], [ 135.723744455062956, 33.478746112764959 ], [ 135.72358462116884, 33.478928630641946 ], [ 135.723181071188719, 33.478608482137709 ], [ 135.72354210699686, 33.478425566942441 ], [ 135.72347618998387, 33.477830304594072 ], [ 135.722827334110605, 33.478524853210679 ], [ 135.722413557190151, 33.478375153825041 ], [ 135.721441425768035, 33.477526246453692 ], [ 135.72145975964213, 33.477853713922137 ], [ 135.721792801164554, 33.47801394180302 ], [ 135.722105605874589, 33.478445757572516 ], [ 135.721447543241823, 33.477968088787364 ], [ 135.721625121007122, 33.478298446194323 ], [ 135.721043878939554, 33.477686818887847 ], [ 135.721424060013703, 33.478248405540725 ], [ 135.721050537575934, 33.477964667400201 ], [ 135.721332006324531, 33.478770331730772 ], [ 135.721915539788569, 33.478664273755655 ], [ 135.721503864795181, 33.478863700241263 ], [ 135.721587099231016, 33.479082824083704 ], [ 135.721362889196172, 33.479206869177503 ], [ 135.721090043324978, 33.479070164255283 ], [ 135.721247623681109, 33.47925169624812 ], [ 135.720801863800403, 33.479344533269959 ], [ 135.720774713259772, 33.479088338913087 ], [ 135.720664925966958, 33.479102464778023 ], [ 135.720821488796986, 33.478932340168605 ], [ 135.720470896809047, 33.479212204526441 ], [ 135.72017364857814, 33.478959069691619 ], [ 135.719967009988352, 33.479644728574215 ], [ 135.719472136210868, 33.47995272506467 ], [ 135.719481595980113, 33.479690414912625 ], [ 135.71977279740679, 33.479477482947104 ], [ 135.719386943102649, 33.479343901261906 ], [ 135.719397090308235, 33.479534403502328 ], [ 135.71907353602262, 33.479769803751992 ], [ 135.719265398733086, 33.480001008460597 ], [ 135.719072099353014, 33.480216130956407 ], [ 135.71867784245913, 33.480022229472375 ], [ 135.718715661336091, 33.480305497077005 ], [ 135.718522970836432, 33.480331268827754 ], [ 135.718281609733594, 33.480102488034206 ], [ 135.718322976979209, 33.480621045569691 ], [ 135.7174666052627, 33.480915819788599 ], [ 135.717419609519652, 33.481144796212064 ], [ 135.717224829334896, 33.48114689096171 ], [ 135.717256551426203, 33.481319408318441 ], [ 135.717091229415615, 33.481206324572014 ], [ 135.716788554785353, 33.481299187731452 ], [ 135.716796793780475, 33.481084777167858 ], [ 135.716442801899348, 33.481079465941114 ], [ 135.716411044884126, 33.481248739263336 ], [ 135.716626851267222, 33.481392652256908 ], [ 135.716358207431284, 33.48161943337572 ], [ 135.716411743763729, 33.482031507909902 ], [ 135.716198036203735, 33.481901125471758 ], [ 135.716286513066052, 33.482160275808411 ], [ 135.71568732775529, 33.481779082723108 ], [ 135.716074759661211, 33.48308570228312 ], [ 135.715363980964071, 33.483271744983796 ], [ 135.715362902815883, 33.483603390233938 ], [ 135.715087241124309, 33.48366587859055 ], [ 135.714970081009909, 33.483954991639528 ], [ 135.715095915885087, 33.484306931873981 ], [ 135.71494875756224, 33.484223754543905 ], [ 135.714914665839984, 33.484450785831825 ], [ 135.714787745133776, 33.484432462351691 ], [ 135.715069685699603, 33.484759682029775 ], [ 135.715892608402186, 33.485165338980011 ], [ 135.716971608063119, 33.485250914980128 ], [ 135.71675117307467, 33.485534442438123 ], [ 135.715684556882707, 33.485284900475989 ], [ 135.715994896366169, 33.485475804851994 ], [ 135.715361037857889, 33.48550225526364 ], [ 135.715527573814313, 33.485243122522924 ], [ 135.715174330113314, 33.485010416734028 ], [ 135.714061876666307, 33.485613966398063 ], [ 135.712975765790901, 33.485729534271854 ], [ 135.712438284492606, 33.485564304727198 ], [ 135.712203525160589, 33.485296643002094 ], [ 135.711521812887554, 33.48514375726598 ], [ 135.710797971376053, 33.484388340187415 ], [ 135.710513600066349, 33.48382667295391 ], [ 135.710691108584768, 33.482854124391501 ], [ 135.711185879115732, 33.482262139535706 ], [ 135.711240659881895, 33.481963868660849 ], [ 135.711915718475808, 33.481512619589552 ], [ 135.71177369976354, 33.481177827364839 ], [ 135.711387981383467, 33.481662994961184 ], [ 135.711163529422606, 33.481529760759742 ], [ 135.711172098480972, 33.481211660026801 ], [ 135.711315169858437, 33.481225515809534 ], [ 135.711258551577885, 33.481430796540103 ], [ 135.711406147329114, 33.481372528940589 ], [ 135.711550491878086, 33.480998668393688 ], [ 135.711427599419949, 33.480407789356896 ], [ 135.710988011798236, 33.479930014409618 ], [ 135.711110607762009, 33.479951712563626 ], [ 135.710996830027938, 33.479868608401105 ], [ 135.711111330133178, 33.47973193167779 ], [ 135.710857447088472, 33.479717819524929 ], [ 135.710338191439206, 33.479253946991513 ], [ 135.710383012111834, 33.47903849552452 ], [ 135.710188106939398, 33.479085945133988 ], [ 135.710111281099074, 33.478892752412541 ], [ 135.70977811013077, 33.47877645279361 ], [ 135.709462210985095, 33.478968731726177 ], [ 135.709305238227785, 33.477962990194492 ], [ 135.709047338977484, 33.477866019335508 ], [ 135.708506594499454, 33.478053265393129 ], [ 135.708512416901783, 33.478239817343322 ], [ 135.708269884631989, 33.478371686134231 ], [ 135.708327535900253, 33.478508199630511 ], [ 135.707822692155617, 33.478574641878339 ], [ 135.708354526559162, 33.47880384253105 ], [ 135.708079506175352, 33.479000720184693 ], [ 135.708204621344066, 33.479237138502626 ], [ 135.708120986787151, 33.479793443384509 ], [ 135.707825153680261, 33.479776407122827 ], [ 135.707159703246305, 33.479281743062558 ], [ 135.707390817761734, 33.47967535798459 ], [ 135.708203364917011, 33.480262505398713 ], [ 135.707679063571277, 33.480356796530046 ], [ 135.70791198221599, 33.480524997871051 ], [ 135.707799371446754, 33.480737471303648 ], [ 135.707544372240704, 33.480738000066033 ], [ 135.707720400705995, 33.481191785234884 ], [ 135.708105886008639, 33.481431631779515 ], [ 135.70785591807666, 33.481530229729529 ], [ 135.707866229647493, 33.483203417039292 ], [ 135.708782642464826, 33.48371726015646 ], [ 135.710071386051169, 33.485775226771622 ], [ 135.710095252055226, 33.486039303167011 ], [ 135.709109668061075, 33.486018974041869 ], [ 135.70982061470329, 33.486113615799567 ], [ 135.709883494046267, 33.487606869989285 ], [ 135.710207207961219, 33.48766087832265 ], [ 135.709774118249584, 33.488143954294536 ], [ 135.709124615067253, 33.488333762373195 ], [ 135.708579174989211, 33.488298111979361 ], [ 135.708588272296339, 33.488146540219113 ], [ 135.708957272461532, 33.488176425520557 ], [ 135.709129358571545, 33.487552702869237 ], [ 135.709043488449623, 33.487812295757088 ], [ 135.708824829857406, 33.487875747769081 ], [ 135.708397282776247, 33.48766031952033 ], [ 135.707771915934813, 33.49088880002607 ], [ 135.707250665642135, 33.491607783436947 ], [ 135.707350307600564, 33.495277523024711 ], [ 135.709984067395823, 33.493382574313351 ], [ 135.714027148528828, 33.491124789870177 ] ] ] } },
{ "type": "Feature", "properties": { "CITY_NAME": "串本町", "S_NAME": "田並", "JINKO": 0, "medical_area": "30_新宮医療圏", "町丁目名": "串本町田並" }, "geometry": { "type": "Polygon", "coordinates": [ [ [ 135.707088265613351, 33.482504204045398 ], [ 135.706813313660803, 33.482562448330498 ], [ 135.707050778660857, 33.482887608421471 ], [ 135.707238253369297, 33.482687427244109 ], [ 135.707088265613351, 33.482504204045398 ] ] ] } },
{ "type": "Feature", "properties": { "CITY_NAME": "串本町", "S_NAME": "田並", "JINKO": 0, "medical_area": "30_新宮医療圏", "町丁目名": "串本町田並" }, "geometry": { "type": "Polygon", "coordinates": [ [ [ 135.707388216971452, 33.482245960709861 ], [ 135.707338225463985, 33.481979286792914 ], [ 135.706713303857782, 33.4817042159602 ], [ 135.706313359586062, 33.481962504353135 ], [ 135.706450849856338, 33.482262634033155 ], [ 135.706738304243316, 33.482154265630697 ], [ 135.707138267725441, 33.482470791238185 ], [ 135.707388216971452, 33.482245960709861 ] ] ] } },
{ "type": "Feature", "properties": { "CITY_NAME": "串本町", "S_NAME": "田並", "JINKO": 0, "medical_area": "30_新宮医療圏", "町丁目名": "串本町田並" }, "geometry": { "type": "Polygon", "coordinates": [ [ [ 135.70892635740455, 33.477373466507473 ], [ 135.708634505181919, 33.477131862886701 ], [ 135.70852291967023, 33.477362379111895 ], [ 135.708349172811239, 33.477194313916158 ], [ 135.708072891091945, 33.477445295736857 ], [ 135.708233440294663, 33.477694484130133 ], [ 135.70892635740455, 33.477373466507473 ] ] ] } },
{ "type": "Feature", "properties": { "CITY_NAME": "串本町", "S_NAME": "田並上", "JINKO": 122, "medical_area": "30_新宮医療圏", "町丁目名": "串本町田並上" }, "geometry": { "type": "Polygon", "coordinates": [ [ [ 135.718067245019682, 33.532016167143084 ], [ 135.720435286842701, 33.532051944493716 ], [ 135.723506685379846, 33.53077730951378 ], [ 135.724015231695176, 33.529493842735256 ], [ 135.727784308828262, 33.525391130128476 ], [ 135.728792401548759, 33.523324868837356 ], [ 135.729801745521485, 33.520050941597731 ], [ 135.729736442527525, 33.513394578926686 ], [ 135.728529541405493, 33.509748942684176 ], [ 135.727406817432382, 33.50352075185981 ], [ 135.727361861405143, 33.499773915660882 ], [ 135.726696392931615, 33.494798867685894 ], [ 135.725905335719574, 33.490731118524224 ], [ 135.723234814405146, 33.491383695023806 ], [ 135.72182215971003, 33.491827149885665 ], [ 135.721849528176421, 33.491999656263737 ], [ 135.721448427173101, 33.492024119466649 ], [ 135.720403848787186, 33.491660263517304 ], [ 135.719647198086648, 33.4917478853517 ], [ 135.718160754631242, 33.491455431895538 ], [ 135.717740713708366, 33.491054644803384 ], [ 135.717531905178504, 33.490469211460827 ], [ 135.714027148528828, 33.491124789870177 ], [ 135.709984067395823, 33.493382574313351 ], [ 135.707350307600564, 33.495277523024711 ], [ 135.707407195269155, 33.49646081866117 ], [ 135.707923833235327, 33.498892315761942 ], [ 135.70846542259784, 33.502759216164115 ], [ 135.710238638639169, 33.508511719235621 ], [ 135.709904620145494, 33.5107253526999 ], [ 135.708581100422322, 33.512704794364332 ], [ 135.703990838736473, 33.51728936056525 ], [ 135.703215918285395, 33.51803420201361 ], [ 135.701146022437939, 33.519459496983721 ], [ 135.701508116940147, 33.521567457598472 ], [ 135.701159196079061, 33.52205746506921 ], [ 135.70102899948165, 33.522919375162068 ], [ 135.701866409208463, 33.523410828648608 ], [ 135.702032178401566, 33.523640306913954 ], [ 135.70193502465753, 33.524023002612573 ], [ 135.702606754286393, 33.524723407925521 ], [ 135.703427139995568, 33.52607702804962 ], [ 135.704011286867058, 33.526194229512683 ], [ 135.704288051188797, 33.526604301759001 ], [ 135.704805549146926, 33.526916043884647 ], [ 135.704830012519153, 33.527591225871618 ], [ 135.705646659794411, 33.527730102564888 ], [ 135.706981416680378, 33.52753432495868 ], [ 135.70709283998022, 33.528053327730341 ], [ 135.707686039243214, 33.528763940394064 ], [ 135.708017044082965, 33.530354472335361 ], [ 135.70914536911144, 33.530344155233024 ], [ 135.711351040753925, 33.531011176868951 ], [ 135.712082178677605, 33.530879875733554 ], [ 135.712898983145408, 33.530987146852787 ], [ 135.714048316526544, 33.530791145597227 ], [ 135.714804952943126, 33.531037460952007 ], [ 135.715487100349748, 33.531477460141772 ], [ 135.716950968331247, 33.531699174276461 ], [ 135.71775558213605, 33.532176069975186 ], [ 135.718067245019682, 33.532016167143084 ] ] ] } },
{ "type": "Feature", "properties": { "CITY_NAME": "串本町", "S_NAME": "江田", "JINKO": 58, "medical_area": "30_新宮医療圏", "町丁目名": "串本町江田" }, "geometry": { "type": "Polygon", "coordinates": [ [ [ 135.707407195269155, 33.49646081866117 ], [ 135.707250665642135, 33.491607783436947 ], [ 135.707771915934813, 33.49088880002607 ], [ 135.708519257602063, 33.487217660100733 ], [ 135.709177851527301, 33.487200320409251 ], [ 135.707873760989457, 33.487176700848892 ], [ 135.708096715352951, 33.486463777404751 ], [ 135.708342037427485, 33.486794588313181 ], [ 135.708189048542067, 33.486201664454008 ], [ 135.708603676843865, 33.485448049160162 ], [ 135.708396695307187, 33.485236517273975 ], [ 135.708139387904112, 33.486251984810217 ], [ 135.707712047995102, 33.486622641203873 ], [ 135.707503280188575, 33.486625813948343 ], [ 135.707451329671329, 33.486391257720179 ], [ 135.707287592257217, 33.486447510017754 ], [ 135.707111007394076, 33.486802408983664 ], [ 135.707237080287683, 33.48707602342391 ], [ 135.706745949716662, 33.48688439138742 ], [ 135.706379437279338, 33.487081050749168 ], [ 135.705756991007235, 33.486903757521596 ], [ 135.705545123632135, 33.486551606099567 ], [ 135.704935086693808, 33.4868496862006 ], [ 135.704994217839243, 33.487185133921152 ], [ 135.704210657577903, 33.487240194485445 ], [ 135.704204953957031, 33.48701730052035 ], [ 135.703725324548714, 33.48693247467812 ], [ 135.703682559893764, 33.487805863410678 ], [ 135.703272040498177, 33.488285587979341 ], [ 135.703444136798026, 33.488307694584847 ], [ 135.703403338534798, 33.488602329977148 ], [ 135.703180173773859, 33.488728876751985 ], [ 135.70297786060496, 33.488411966383985 ], [ 135.702604026093127, 33.488538152879471 ], [ 135.70267692686636, 33.488938723931909 ], [ 135.701898978448412, 33.489559859975174 ], [ 135.70183180961007, 33.490328933629115 ], [ 135.701396110318683, 33.490610224366549 ], [ 135.701500066889707, 33.490739243305924 ], [ 135.701192582258642, 33.49065200195038 ], [ 135.701298351656305, 33.490878518082106 ], [ 135.702308608858146, 33.491255972866412 ], [ 135.702279661987546, 33.491543592227899 ], [ 135.702636218070552, 33.491751827264345 ], [ 135.702699980257819, 33.492313830464532 ], [ 135.702323768508421, 33.492503972463751 ], [ 135.701415201356923, 33.492281734138999 ], [ 135.70230971541713, 33.492520281579161 ], [ 135.702343377814856, 33.49275282235628 ], [ 135.702082213589563, 33.492968597822433 ], [ 135.701871432566946, 33.492928645527151 ], [ 135.701874083584784, 33.493101659083926 ], [ 135.701656221644299, 33.493240895618655 ], [ 135.701211474579964, 33.493012722221856 ], [ 135.701177017587327, 33.493337239326237 ], [ 135.700871545163466, 33.493614050549375 ], [ 135.700239451534685, 33.493728901279155 ], [ 135.699610794879732, 33.493470411675091 ], [ 135.69944594245041, 33.4935339763569 ], [ 135.699577881401268, 33.49396906604661 ], [ 135.700558065904062, 33.494341109944799 ], [ 135.70047621114432, 33.494362327632707 ], [ 135.699730049834585, 33.494161319330843 ], [ 135.699339697497379, 33.493761108106163 ], [ 135.699461815621078, 33.493292536800887 ], [ 135.699186220054884, 33.492383725603666 ], [ 135.699323521175302, 33.492195552118169 ], [ 135.699056666292705, 33.491873125650109 ], [ 135.699435780513454, 33.491782183901677 ], [ 135.699210542327137, 33.491564113289868 ], [ 135.699345503954078, 33.491432852830982 ], [ 135.699009496870104, 33.491192254026792 ], [ 135.699210046655764, 33.490134126882218 ], [ 135.699043832898354, 33.489964380750308 ], [ 135.699192935188591, 33.489784407659755 ], [ 135.69885452322896, 33.489622136061257 ], [ 135.69840440953007, 33.489716566876773 ], [ 135.698159186516335, 33.489365169156976 ], [ 135.697798467651211, 33.489432764373021 ], [ 135.697839978949986, 33.489879189598689 ], [ 135.697666263490646, 33.490015990916802 ], [ 135.696982923402516, 33.490023347395969 ], [ 135.696662040229739, 33.489459870374411 ], [ 135.696846774854436, 33.488936509092412 ], [ 135.696480500938804, 33.488116791986826 ], [ 135.696145438615929, 33.48792577946552 ], [ 135.695878577847196, 33.48823338538498 ], [ 135.696042465727658, 33.489658136364945 ], [ 135.695946196335257, 33.49019072909671 ], [ 135.695355199197792, 33.49184017996842 ], [ 135.692722955755073, 33.497312761626773 ], [ 135.692161099200121, 33.498174445699064 ], [ 135.691424056916588, 33.500374112566419 ], [ 135.69129412396947, 33.501278844266054 ], [ 135.691574476654893, 33.502823649329457 ], [ 135.692685131600342, 33.504736222616081 ], [ 135.697859516190931, 33.509943253020261 ], [ 135.705303229323135, 33.515978584317516 ], [ 135.708581100422322, 33.512704794364332 ], [ 135.709904620145494, 33.5107253526999 ], [ 135.710238638639169, 33.508511719235621 ], [ 135.70846542259784, 33.502759216164115 ], [ 135.707923833235327, 33.498892315761942 ], [ 135.707407195269155, 33.49646081866117 ] ] ] } },
{ "type": "Feature", "properties": { "CITY_NAME": "串本町", "S_NAME": "江田", "JINKO": 0, "medical_area": "30_新宮医療圏", "町丁目名": "串本町江田" }, "geometry": { "type": "Polygon", "coordinates": [ [ [ 135.69743564805583, 33.488233795371073 ], [ 135.697083172641015, 33.487782105993979 ], [ 135.697140002360669, 33.487525269393416 ], [ 135.696956106338632, 33.487494954484774 ], [ 135.697203293241046, 33.487271829705954 ], [ 135.696930075967316, 33.486930505152287 ], [ 135.697063089160679, 33.486734997573166 ], [ 135.696910006154837, 33.486509207175217 ], [ 135.696581885628405, 33.486488684207686 ], [ 135.696555040052431, 33.486783352571344 ], [ 135.69609432840673, 33.487145713564047 ], [ 135.696112644842202, 33.487446971661711 ], [ 135.696563087402467, 33.487570639380671 ], [ 135.697023386748214, 33.48826886016365 ], [ 135.69743564805583, 33.488233795371073 ] ] ] } },
{ "type": "Feature", "properties": { "CITY_NAME": "串本町", "S_NAME": "田子", "JINKO": 84, "medical_area": "30_新宮医療圏", "町丁目名": "串本町田子" }, "geometry": { "type": "Polygon", "coordinates": [ [ [ 135.69257634487397, 33.521934276757342 ], [ 135.696612732808063, 33.52088017793259 ], [ 135.69761613176513, 33.519688751736972 ], [ 135.699250084398699, 33.519811632490864 ], [ 135.701146022437939, 33.519459496983721 ], [ 135.703215918285395, 33.51803420201361 ], [ 135.705303229323135, 33.515978584317516 ], [ 135.697260734096943, 33.50939488507526 ], [ 135.696005195283306, 33.507950872198492 ], [ 135.692685131600342, 33.504736222616081 ], [ 135.691574476654893, 33.502823649329457 ], [ 135.69129412396947, 33.501278844266054 ], [ 135.691424056916588, 33.500374112566419 ], [ 135.692161099200121, 33.498174445699064 ], [ 135.692722955755073, 33.497312761626773 ], [ 135.695355199197792, 33.49184017996842 ], [ 135.696042465727658, 33.489658136364945 ], [ 135.695878577847196, 33.48823338538498 ], [ 135.695571930915946, 33.488224746846626 ], [ 135.695224351829154, 33.487916203369103 ], [ 135.695164310713437, 33.488164014700352 ], [ 135.695029776287669, 33.488171857328176 ], [ 135.694464842792399, 33.487863906444481 ], [ 135.69413653646231, 33.487895503868351 ], [ 135.693733023118057, 33.487585410373775 ], [ 135.693974921968987, 33.487954842360764 ], [ 135.693443367242566, 33.488262638577233 ], [ 135.69291589137481, 33.488321919621526 ], [ 135.692963881366978, 33.488132687869474 ], [ 135.692684065516147, 33.488144395803346 ], [ 135.692899844479626, 33.487981783134131 ], [ 135.69270148111724, 33.488092311696221 ], [ 135.692590493092126, 33.48752032405983 ], [ 135.692346663530145, 33.487392643907185 ], [ 135.692137161847199, 33.486992574988186 ], [ 135.691540190489462, 33.487232011704648 ], [ 135.690458439908127, 33.486410498483515 ], [ 135.690413245118862, 33.486711602518447 ], [ 135.690679063969668, 33.487314407487986 ], [ 135.689503701168405, 33.48740728522408 ], [ 135.688413042581914, 33.488191549292097 ], [ 135.687556673298644, 33.488138121791486 ], [ 135.68730002852223, 33.488294423856637 ], [ 135.687310304213781, 33.488129331642277 ], [ 135.687097129092706, 33.48815950994198 ], [ 135.68689306865781, 33.488350882918482 ], [ 135.686977663402757, 33.488769526550861 ], [ 135.686764998338759, 33.488962850667299 ], [ 135.686776904072389, 33.489243242547381 ], [ 135.686448026073094, 33.489432892640401 ], [ 135.685998640314693, 33.489320742812517 ], [ 135.686172425323093, 33.488868655867428 ], [ 135.686050327052584, 33.488706893725961 ], [ 135.68589541020043, 33.488695513545579 ], [ 135.685924958391666, 33.488860706111254 ], [ 135.685610879238794, 33.488820184589947 ], [ 135.685570286644861, 33.48904014508831 ], [ 135.685479495896516, 33.488851411328717 ], [ 135.685366965757623, 33.489023288965022 ], [ 135.685251213348067, 33.488592168493007 ], [ 135.684321200460914, 33.488372570077068 ], [ 135.684159349428398, 33.488494731540079 ], [ 135.684159468427168, 33.488759878161623 ], [ 135.683756612302346, 33.488572043662842 ], [ 135.683540712478276, 33.488761691156704 ], [ 135.683577526656393, 33.488997345272608 ], [ 135.683917153882277, 33.489117959785432 ], [ 135.683924197612441, 33.489251537226941 ], [ 135.683428502987653, 33.489740842903778 ], [ 135.682876106428608, 33.489843130868564 ], [ 135.682939529306481, 33.490159721508952 ], [ 135.682711026608132, 33.489664913983532 ], [ 135.682388924062877, 33.490056318879446 ], [ 135.68194220650031, 33.490093218470449 ], [ 135.681658456519727, 33.489997819292917 ], [ 135.681805548854896, 33.489797856439608 ], [ 135.681521036980484, 33.48991265593083 ], [ 135.681225009451907, 33.489645062185147 ], [ 135.681143453442019, 33.488988328472864 ], [ 135.680945923350038, 33.488857927693992 ], [ 135.681018741475697, 33.48866341001483 ], [ 135.6806613138979, 33.488411719842418 ], [ 135.681092623416959, 33.488170500576132 ], [ 135.681265859160874, 33.487877901895658 ], [ 135.680990349795564, 33.48759401902096 ], [ 135.681502421402058, 33.487630547797501 ], [ 135.681429282247677, 33.487028781345529 ], [ 135.682025986680429, 33.486873355949896 ], [ 135.681040607121901, 33.486494112106399 ], [ 135.681328201251574, 33.485821123437553 ], [ 135.681220052333401, 33.485675734008169 ], [ 135.680954228532897, 33.485689424803894 ], [ 135.679973184734024, 33.486490534213686 ], [ 135.679752887589103, 33.486997441491191 ], [ 135.679490544999481, 33.48693731407171 ], [ 135.679627779502965, 33.487076579605791 ], [ 135.679375904267118, 33.487096501489653 ], [ 135.679641215979643, 33.487229897037885 ], [ 135.679477527906926, 33.487261035007769 ], [ 135.679519904017269, 33.487443167299226 ], [ 135.679797824196299, 33.48736470274946 ], [ 135.679854451211355, 33.487471920692087 ], [ 135.679560366507076, 33.487562459396386 ], [ 135.679717873489921, 33.488037928162825 ], [ 135.679490778040275, 33.488343910762033 ], [ 135.679712743079733, 33.488854767002955 ], [ 135.679881635537896, 33.488867034950594 ], [ 135.679780009774333, 33.489001177846347 ], [ 135.680485460647361, 33.489127248415379 ], [ 135.680147451717687, 33.489157940213786 ], [ 135.680230945626931, 33.48957489189435 ], [ 135.67943356163687, 33.489867575727494 ], [ 135.679356102487191, 33.489273124312568 ], [ 135.679100534606732, 33.489122846551787 ], [ 135.678659985643293, 33.489827827058889 ], [ 135.678237371611459, 33.48974558740089 ], [ 135.678175534451896, 33.493826295650194 ], [ 135.678781990942724, 33.496762232247171 ], [ 135.679635189935084, 33.498554537349449 ], [ 135.680322445873458, 33.501403060763984 ], [ 135.680802854395751, 33.504065632401428 ], [ 135.681198364196831, 33.508513246367251 ], [ 135.681852786175966, 33.51254844212967 ], [ 135.683770290318961, 33.514277184525852 ], [ 135.684482737071761, 33.515215867995011 ], [ 135.685550144004992, 33.516979886796989 ], [ 135.686749032321558, 33.519531484373204 ], [ 135.687183389118843, 33.521016944449727 ], [ 135.688152307263607, 33.520818464773889 ], [ 135.689381019694309, 33.521249261584252 ], [ 135.689584263349019, 33.521547602426139 ], [ 135.689992212017671, 33.521726978636821 ], [ 135.69257634487397, 33.521934276757342 ] ] ] } },
{ "type": "Feature", "properties": { "CITY_NAME": "串本町", "S_NAME": "田子", "JINKO": 0, "medical_area": "30_新宮医療圏", "町丁目名": "串本町田子" }, "geometry": { "type": "Polygon", "coordinates": [ [ [ 135.692156701179812, 33.483560908102113 ], [ 135.693190124158434, 33.483428208558699 ], [ 135.693712601967547, 33.482635177377126 ], [ 135.693585988740523, 33.482223758050708 ], [ 135.693099924421148, 33.482145917893341 ], [ 135.693699786493568, 33.481988475817673 ], [ 135.693414775993887, 33.481952834033486 ], [ 135.693186875104601, 33.481588784763282 ], [ 135.692025043172606, 33.481525614820612 ], [ 135.691509320450848, 33.481313289340122 ], [ 135.691465607551891, 33.481810793007014 ], [ 135.691258160019828, 33.482052040131698 ], [ 135.690466298461985, 33.481731668559817 ], [ 135.690446888640821, 33.481436885003554 ], [ 135.690189109143944, 33.481308035759412 ], [ 135.690045723580681, 33.48169539927455 ], [ 135.689827907335001, 33.481824754709343 ], [ 135.689992701528865, 33.482082987823588 ], [ 135.690351130543121, 33.48235353825649 ], [ 135.690700720407676, 33.482383429819748 ], [ 135.690968015713878, 33.482867336117053 ], [ 135.692295354455894, 33.48329892052319 ], [ 135.692156701179812, 33.483560908102113 ] ] ] } },
{ "type": "Feature", "properties": { "CITY_NAME": "串本町", "S_NAME": "田子", "JINKO": 0, "medical_area": "30_新宮医療圏", "町丁目名": "串本町田子" }, "geometry": { "type": "Polygon", "coordinates": [ [ [ 135.689353851147729, 33.48139527580458 ], [ 135.690014139454462, 33.481474409976805 ], [ 135.690075581870389, 33.48116010355384 ], [ 135.689870459366631, 33.48105139124393 ], [ 135.689610387468548, 33.48126883555841 ], [ 135.689030283279976, 33.481008718440485 ], [ 135.688970267129065, 33.481245540805737 ], [ 135.689337345257997, 33.481498927362196 ], [ 135.689353851147729, 33.48139527580458 ] ] ] } },
{ "type": "Feature", "properties": { "CITY_NAME": "串本町", "S_NAME": "和深", "JINKO": 0, "medical_area": "30_新宮医療圏", "町丁目名": "串本町和深" }, "geometry": { "type": "Polygon", "coordinates": [ [ [ 135.669893766035642, 33.485917642496403 ], [ 135.669717953147028, 33.485740505111472 ], [ 135.66840563735235, 33.485614453700222 ], [ 135.667426262798074, 33.485940962047934 ], [ 135.667795740514691, 33.486123972557337 ], [ 135.668237738326042, 33.48590874450236 ], [ 135.668581065747929, 33.486461654460356 ], [ 135.668900182312086, 33.486591271784533 ], [ 135.669750238656661, 33.486315975165574 ], [ 135.669893766035642, 33.485917642496403 ] ] ] } },
{ "type": "Feature", "properties": { "CITY_NAME": "串本町", "S_NAME": "和深", "JINKO": 0, "medical_area": "30_新宮医療圏", "町丁目名": "串本町和深" }, "geometry": { "type": "Polygon", "coordinates": [ [ [ 135.669593860965762, 33.485547160285577 ], [ 135.670321009009967, 33.485330988720172 ], [ 135.669788047253491, 33.485129519844726 ], [ 135.668927181352075, 33.48513625655653 ], [ 135.668889307415299, 33.484907918209231 ], [ 135.668608105142624, 33.484997340079346 ], [ 135.668563014082395, 33.485541046510754 ], [ 135.669593860965762, 33.485547160285577 ] ] ] } },
{ "type": "Feature", "properties": { "CITY_NAME": "串本町", "S_NAME": "和深", "JINKO": 730, "medical_area": "30_新宮医療圏", "町丁目名": "串本町和深" }, "geometry": { "type": "Polygon", "coordinates": [ [ [ 135.66952800915351, 33.529960032716964 ], [ 135.670214053075, 33.529953668197614 ], [ 135.670715795131315, 33.530133069800421 ], [ 135.672523452679997, 33.52990309204116 ], [ 135.673507501184361, 33.529003426793196 ], [ 135.673509509621596, 33.528469467984799 ], [ 135.67484441444762, 33.528044096744694 ], [ 135.674845957335549, 33.527631305015255 ], [ 135.67513835003993, 33.526952432051644 ], [ 135.675651657943234, 33.526613667800277 ], [ 135.676308690934633, 33.526599313600336 ], [ 135.676588087217937, 33.526810521565942 ], [ 135.677582463588067, 33.527015407742667 ], [ 135.679210849255725, 33.52689421672433 ], [ 135.680098846662418, 33.527130931423777 ], [ 135.681055595139867, 33.527060683306708 ], [ 135.681630870497344, 33.525621729537839 ], [ 135.682150282390495, 33.52493130031408 ], [ 135.682336938265962, 33.524081948116404 ], [ 135.681846788250624, 33.523376830823366 ], [ 135.681907000893801, 33.522761874273897 ], [ 135.683530290203265, 33.522693302176869 ], [ 135.68400151727019, 33.522160253672645 ], [ 135.684775381124808, 33.521864657312598 ], [ 135.685895975836047, 33.520864933804638 ], [ 135.686330571207293, 33.521044671440961 ], [ 135.687183389118843, 33.521016944449727 ], [ 135.686749032321558, 33.519531484373204 ], [ 135.685550144004992, 33.516979886796989 ], [ 135.684482737071761, 33.515215867995011 ], [ 135.683770290318961, 33.514277184525852 ], [ 135.681852786175966, 33.51254844212967 ], [ 135.681198364196831, 33.508513246367251 ], [ 135.680802854395751, 33.504065632401428 ], [ 135.680322445873458, 33.501403060763984 ], [ 135.679635189935084, 33.498554537349449 ], [ 135.678781990942724, 33.496762232247171 ], [ 135.678175534451896, 33.493826295650194 ], [ 135.678144261830113, 33.489608970596173 ], [ 135.678500360473294, 33.488756973040573 ], [ 135.67816036245506, 33.488157335169085 ], [ 135.67735076980145, 33.488553948166661 ], [ 135.676910843197192, 33.489081126172856 ], [ 135.676261074620243, 33.489034357969913 ], [ 135.676630442729191, 33.488668452880333 ], [ 135.676587316341084, 33.488401223901967 ], [ 135.675633834377777, 33.488128249964468 ], [ 135.675264961984055, 33.487783814684533 ], [ 135.674721013895606, 33.487926663258506 ], [ 135.674677221545323, 33.488127731860473 ], [ 135.674223019725446, 33.488437618915739 ], [ 135.674200420945169, 33.488726090779167 ], [ 135.673821354728688, 33.488517718453295 ], [ 135.673439537068163, 33.488752841109871 ], [ 135.673432313280017, 33.489245070693038 ], [ 135.673995722425843, 33.489083401699901 ], [ 135.674382673692037, 33.489776153757369 ], [ 135.674247186131737, 33.4900372808697 ], [ 135.673924081854324, 33.490110259360989 ], [ 135.673655558128871, 33.489689440728874 ], [ 135.673835830411178, 33.490115382609119 ], [ 135.672855144809915, 33.490204950108556 ], [ 135.672744254016067, 33.490507560082158 ], [ 135.672588488670044, 33.490150150480041 ], [ 135.672731322757841, 33.490514569772387 ], [ 135.672559248161662, 33.490487068056815 ], [ 135.672445431549733, 33.490415763462408 ], [ 135.672690299008934, 33.489400070382068 ], [ 135.672390124544222, 33.490530015826337 ], [ 135.671406090082968, 33.490654513845705 ], [ 135.671223047213999, 33.491256454348125 ], [ 135.670421739984619, 33.491435526747729 ], [ 135.670149002285257, 33.491277018768848 ], [ 135.670241140244173, 33.491383769863468 ], [ 135.669911968200211, 33.491637059254174 ], [ 135.669381533191938, 33.491616783622213 ], [ 135.66897811195156, 33.491301827660465 ], [ 135.667584027398391, 33.491438740987967 ], [ 135.666800782945046, 33.490830008804032 ], [ 135.666987738156791, 33.490619458883153 ], [ 135.666916070812476, 33.490508250544707 ], [ 135.666036418293373, 33.490629606338771 ], [ 135.665857306032706, 33.490756207128115 ], [ 135.665952408848312, 33.490933132118947 ], [ 135.665416865699427, 33.490837027695875 ], [ 135.665220690115177, 33.490643489181444 ], [ 135.664886979175236, 33.490954800464834 ], [ 135.664311219800226, 33.490965657074298 ], [ 135.663956358164626, 33.49061953455216 ], [ 135.663118593432188, 33.490203358298054 ], [ 135.662932893993826, 33.490358961009264 ], [ 135.66310079427393, 33.490635269561551 ], [ 135.662739351900171, 33.491160931070056 ], [ 135.662866839114542, 33.491589569869006 ], [ 135.663182003922969, 33.491627330027278 ], [ 135.663288977495085, 33.491793581303739 ], [ 135.663247674857416, 33.492457046852074 ], [ 135.663942876238622, 33.49245440297917 ], [ 135.664005666692702, 33.492632932778932 ], [ 135.663724460568602, 33.493001865360306 ], [ 135.663017817175813, 33.492907266869814 ], [ 135.662909399689198, 33.493116896279879 ], [ 135.663629536570625, 33.493343402080633 ], [ 135.663732013485088, 33.493559232338207 ], [ 135.66334803644375, 33.494067649024338 ], [ 135.66289423040439, 33.494264800242327 ], [ 135.66234607543791, 33.494089191836579 ], [ 135.662179684506441, 33.49370384137638 ], [ 135.660984729668314, 33.493541981882615 ], [ 135.660479398310542, 33.494536126105785 ], [ 135.660669990061649, 33.494509590671726 ], [ 135.660660806156443, 33.494656371038701 ], [ 135.659985042502086, 33.494923357535171 ], [ 135.660080138440435, 33.495100286289016 ], [ 135.660399888863992, 33.49506339369718 ], [ 135.660265066676232, 33.495691372976232 ], [ 135.660588751052018, 33.496032060605835 ], [ 135.660299913455589, 33.49613947900535 ], [ 135.659640149317624, 33.495881846542879 ], [ 135.659436161234396, 33.496308450353375 ], [ 135.65958950385965, 33.496448626021042 ], [ 135.659332201391692, 33.496473282685663 ], [ 135.660395181422018, 33.496546610226801 ], [ 135.660619901326129, 33.497149357479898 ], [ 135.659797833146541, 33.497395088895246 ], [ 135.659500330879155, 33.496960637321848 ], [ 135.659659499672017, 33.496992629660021 ], [ 135.659659241128878, 33.496784402809524 ], [ 135.659620988177835, 33.496933916812999 ], [ 135.658930134951135, 33.496904980286089 ], [ 135.658684304257832, 33.496742855137157 ], [ 135.658703377664409, 33.496274044426528 ], [ 135.657403960498499, 33.495001940723633 ], [ 135.657531039712467, 33.49552780524391 ], [ 135.6581056473118, 33.496379760632742 ], [ 135.657823867273549, 33.496326578874047 ], [ 135.65725837413035, 33.496995073026106 ], [ 135.65722714569759, 33.49727083971689 ], [ 135.656877700237544, 33.497185066164135 ], [ 135.656813035629426, 33.497479901251545 ], [ 135.656715819646536, 33.497297328583564 ], [ 135.656560185331728, 33.497462017123382 ], [ 135.656334294647678, 33.49743068288943 ], [ 135.656335784831555, 33.498417161054043 ], [ 135.656130833112599, 33.498533812773005 ], [ 135.655290521501144, 33.498470069624979 ], [ 135.655372033417621, 33.497998894464608 ], [ 135.655174138020726, 33.497963126109127 ], [ 135.654512666608355, 33.498670793795966 ], [ 135.654499090831649, 33.498834182844796 ], [ 135.655077709569724, 33.499212509364952 ], [ 135.655543569003044, 33.49979987594142 ], [ 135.656522579518452, 33.500175915256449 ], [ 135.656172168163806, 33.501152409803069 ], [ 135.656044174259904, 33.501129516137496 ], [ 135.656383397372309, 33.500261190422727 ], [ 135.655483714262715, 33.49996651849365 ], [ 135.655059226239445, 33.499532548797909 ], [ 135.654781243130486, 33.500153082813789 ], [ 135.654065286181947, 33.50047936523297 ], [ 135.653318639709369, 33.500402345015466 ], [ 135.652664064782499, 33.49964059112223 ], [ 135.652318298240544, 33.499980290549836 ], [ 135.65195003059614, 33.499753002436535 ], [ 135.651715705950295, 33.499947898359082 ], [ 135.651136296036242, 33.499769611536713 ], [ 135.651115164531802, 33.500206861463774 ], [ 135.650544168047901, 33.500346996053125 ], [ 135.650221047882553, 33.500137580903882 ], [ 135.649588673794142, 33.500553394469378 ], [ 135.649383353042538, 33.500225399584451 ], [ 135.649230212585451, 33.500565068938613 ], [ 135.648507750969145, 33.500366361640367 ], [ 135.648586064981913, 33.5006976636693 ], [ 135.648341842986696, 33.50094127364963 ], [ 135.647265955434079, 33.501369071154024 ], [ 135.646333131453872, 33.501551277162022 ], [ 135.646133858194844, 33.501325294650727 ], [ 135.645155674516786, 33.501804915773491 ], [ 135.644498196659157, 33.501768107011941 ], [ 135.644111732656, 33.502045398898069 ], [ 135.643607354233552, 33.501752326396947 ], [ 135.642671640890683, 33.501779803078485 ], [ 135.642320913070904, 33.502793184977811 ], [ 135.641691520247036, 33.502729391870261 ], [ 135.641960834018164, 33.502407250924769 ], [ 135.641808907131036, 33.50218759548126 ], [ 135.641241887071544, 33.502395327422761 ], [ 135.641273557836428, 33.503066321599746 ], [ 135.640980876168442, 33.50304829355634 ], [ 135.641082105765008, 33.502776108288629 ], [ 135.640930001613754, 33.50259984436029 ], [ 135.640141133283777, 33.502577851003963 ], [ 135.640153338429627, 33.503266824666852 ], [ 135.639493098264211, 33.50338214020811 ], [ 135.639887273838127, 33.503583335314644 ], [ 135.639975207718237, 33.503924533847886 ], [ 135.639984641684038, 33.504763961912332 ], [ 135.639779180623322, 33.504994142663591 ], [ 135.639003580777654, 33.505143499551309 ], [ 135.638686918634079, 33.504935199897538 ], [ 135.638918090321653, 33.504731018209796 ], [ 135.638715770665641, 33.504467257670242 ], [ 135.638555466975077, 33.504970041026787 ], [ 135.638067941803257, 33.505204756539406 ], [ 135.637937040556324, 33.504854415276682 ], [ 135.637133998443829, 33.504606944289584 ], [ 135.636711228984609, 33.504809439110787 ], [ 135.636838734340586, 33.50495492227963 ], [ 135.636403644986785, 33.505006067504937 ], [ 135.636413021383248, 33.505338023809415 ], [ 135.636033503267981, 33.505231255079842 ], [ 135.636032869107225, 33.50538284733571 ], [ 135.636276778994642, 33.505492602893391 ], [ 135.635466783177236, 33.505880781952413 ], [ 135.635588146561958, 33.506197567859616 ], [ 135.635433631333797, 33.506467619988513 ], [ 135.635989498734773, 33.507739473567426 ], [ 135.636169110857509, 33.508395682022403 ], [ 135.636115968447342, 33.508866934665285 ], [ 135.636663196023534, 33.509907985734841 ], [ 135.636872527410617, 33.510910860752951 ], [ 135.636333177477866, 33.511704739603317 ], [ 135.63666088492991, 33.513648809367943 ], [ 135.636537090313993, 33.514000668538941 ], [ 135.635992949782775, 33.514345390374295 ], [ 135.636536681047914, 33.515162988252619 ], [ 135.636692253175596, 33.516251652587499 ], [ 135.638498394398027, 33.517834807225654 ], [ 135.638691818194872, 33.519990651636505 ], [ 135.638480195919271, 33.521132085102444 ], [ 135.638554309231125, 33.522024686078787 ], [ 135.637944664621358, 33.523218791824839 ], [ 135.639362585108188, 33.523386865979035 ], [ 135.641852126787029, 33.524403033561029 ], [ 135.644322829075634, 33.524870194646567 ], [ 135.650587452433399, 33.525232934526279 ], [ 135.654857006227985, 33.525085508597385 ], [ 135.659244869300466, 33.524415838087123 ], [ 135.662544831473923, 33.523575228945852 ], [ 135.663830252761187, 33.524516732661354 ], [ 135.6645240450747, 33.525438879273601 ], [ 135.665845781485871, 33.527938104608836 ], [ 135.666834782648579, 33.530571960964892 ], [ 135.667356126453114, 33.530678449019803 ], [ 135.668622586560872, 33.530487660762205 ], [ 135.66952800915351, 33.529960032716964 ] ] ] } },
{ "type": "Feature", "properties": { "CITY_NAME": "串本町", "S_NAME": "和深", "JINKO": 0, "medical_area": "30_新宮医療圏", "町丁目名": "串本町和深" }, "geometry": { "type": "Polygon", "coordinates": [ [ [ 135.637690568055262, 33.504067553957455 ], [ 135.63745344765664, 33.503630400192989 ], [ 135.636938136444542, 33.503824736371598 ], [ 135.637071922435695, 33.504006305700656 ], [ 135.637690568055262, 33.504067553957455 ] ] ] } },
{ "type": "Feature", "properties": { "CITY_NAME": "串本町", "S_NAME": "和深", "JINKO": 0, "medical_area": "30_新宮医療圏", "町丁目名": "串本町和深" }, "geometry": { "type": "Polygon", "coordinates": [ [ [ 135.639410401615407, 33.502294533709033 ], [ 135.639959318489446, 33.502296962437335 ], [ 135.639892300521808, 33.502103753359727 ], [ 135.63962540471627, 33.502093967076014 ], [ 135.639410401615407, 33.502294533709033 ] ] ] } },
{ "type": "Feature", "properties": { "CITY_NAME": "串本町", "S_NAME": "和深", "JINKO": 0, "medical_area": "30_新宮医療圏", "町丁目名": "串本町和深" }, "geometry": { "type": "Polygon", "coordinates": [ [ [ 135.643947714540133, 33.501624808108012 ], [ 135.643796909645459, 33.500862462895171 ], [ 135.643245598938421, 33.500656321924744 ], [ 135.642272849756523, 33.500860079368422 ], [ 135.642984176657961, 33.501158540366774 ], [ 135.643026175569986, 33.501415637925163 ], [ 135.642144684555262, 33.501150785170871 ], [ 135.641996763507848, 33.501256025980815 ], [ 135.642007729522447, 33.501472459724731 ], [ 135.642452552608347, 33.501656605287906 ], [ 135.643947714540133, 33.501624808108012 ] ] ] } },
{ "type": "Feature", "properties": { "CITY_NAME": "串本町", "S_NAME": "和深", "JINKO": 0, "medical_area": "30_新宮医療圏", "町丁目名": "串本町和深" }, "geometry": { "type": "Polygon", "coordinates": [ [ [ 135.654506604391969, 33.498026087159538 ], [ 135.655069602740326, 33.497723896415351 ], [ 135.654361081991993, 33.497812948363709 ], [ 135.654506604391969, 33.498026087159538 ] ] ] } },
{ "type": "Feature", "properties": { "CITY_NAME": "串本町", "S_NAME": "里川", "JINKO": 8, "medical_area": "30_新宮医療圏", "町丁目名": "串本町里川" }, "geometry": { "type": "Polygon", "coordinates": [ [ [ 135.63430738661387, 33.570665444506368 ], [ 135.635936239245325, 33.57065805740725 ], [ 135.637039597987552, 33.57032114508484 ], [ 135.637890455693736, 33.57026695610525 ], [ 135.639173928313539, 33.56845829262398 ], [ 135.639920191784057, 33.567982824890642 ], [ 135.641667031410208, 33.567482023440093 ], [ 135.642057111706265, 33.56664176685738 ], [ 135.644101175025384, 33.566724192112488 ], [ 135.644972823969425, 33.566305965999028 ], [ 135.645543136095881, 33.566299680250921 ], [ 135.647537328108712, 33.565568717390995 ], [ 135.648330382340077, 33.565457647386054 ], [ 135.649552524742717, 33.56561064819023 ], [ 135.650458956277362, 33.566147376465246 ], [ 135.65135900489571, 33.565874565654525 ], [ 135.652057760213978, 33.565180807089419 ], [ 135.65275906371059, 33.56264600991144 ], [ 135.653302222504976, 33.562178083071529 ], [ 135.653509803294099, 33.561029624389555 ], [ 135.653983874164936, 33.560917656305456 ], [ 135.654187687991083, 33.560708020246032 ], [ 135.654991275376915, 33.559160528930491 ], [ 135.656956660953682, 33.558332440156477 ], [ 135.658727015555883, 33.556714867299682 ], [ 135.660580125693542, 33.556642684046487 ], [ 135.662497968925209, 33.555677757630939 ], [ 135.662985197400786, 33.554410290575483 ], [ 135.662714759143824, 33.55263078040106 ], [ 135.661983098586745, 33.552038789236661 ], [ 135.662188460464336, 33.551416348633921 ], [ 135.661999970517257, 33.550177746282102 ], [ 135.662077705314061, 33.548822362442728 ], [ 135.662766752402973, 33.548071889990034 ], [ 135.662566226992908, 33.547448076895286 ], [ 135.663118822849412, 33.545746263142078 ], [ 135.663749597175553, 33.545068326380715 ], [ 135.664397989247448, 33.544827174029699 ], [ 135.66501547296383, 33.543829657984105 ], [ 135.66491215580885, 33.543052535426519 ], [ 135.664490428711048, 33.542161287815169 ], [ 135.665185264118776, 33.541147635058884 ], [ 135.665352525132988, 33.540371234400965 ], [ 135.664871004957718, 33.539941090633235 ], [ 135.665755539941728, 33.538592068460744 ], [ 135.665792202995448, 33.537851667151671 ], [ 135.666369316007433, 33.536032662349918 ], [ 135.666525078692331, 33.534475421292079 ], [ 135.66676878577195, 33.533917590103385 ], [ 135.666454158724406, 33.532816419822694 ], [ 135.666834782648579, 33.530571960964892 ], [ 135.665845781485871, 33.527938104608836 ], [ 135.6645240450747, 33.525438879273601 ], [ 135.663830252761187, 33.524516732661354 ], [ 135.662544831473923, 33.523575228945852 ], [ 135.659244869300466, 33.524415838087123 ], [ 135.654857006227985, 33.525085508597385 ], [ 135.650587452433399, 33.525232934526279 ], [ 135.644322829075634, 33.524870194646567 ], [ 135.641852126787029, 33.524403033561029 ], [ 135.639362585108188, 33.523386865979035 ], [ 135.637944664621358, 33.523218791824839 ], [ 135.637665252775918, 33.523993155223756 ], [ 135.637446572000215, 33.524152854682761 ], [ 135.635544255065867, 33.524264567395221 ], [ 135.633926954475641, 33.525353422382118 ], [ 135.630772891899397, 33.526907402688508 ], [ 135.62887801879458, 33.528397707998003 ], [ 135.62841245868654, 33.528547069013101 ], [ 135.626810649855116, 33.528598345410224 ], [ 135.624570501292851, 33.529666580389964 ], [ 135.622584169206732, 33.52964732268552 ], [ 135.621696004183178, 33.530304260658603 ], [ 135.622489231314859, 33.531530708933282 ], [ 135.622590264934445, 33.532341121629294 ], [ 135.622842360661252, 33.532688471549264 ], [ 135.623082166026336, 33.532786130049736 ], [ 135.624321210326514, 33.532279302892107 ], [ 135.625408699261556, 33.532340631071143 ], [ 135.626332837810082, 33.53263758751681 ], [ 135.626843901122186, 33.533285518443932 ], [ 135.627646742426577, 33.533850634967528 ], [ 135.627866398219197, 33.535019256534149 ], [ 135.628736946259096, 33.535884661004658 ], [ 135.630751321153326, 33.536663860017235 ], [ 135.63134209544549, 33.53847430275772 ], [ 135.632091280947321, 33.539128540547594 ], [ 135.633746339815104, 33.539679500875394 ], [ 135.636370801465773, 33.542000762326367 ], [ 135.636717886363925, 33.542532902516655 ], [ 135.63685039727352, 33.543310125333001 ], [ 135.636549276760434, 33.544024671234531 ], [ 135.636575375465725, 33.544708321304945 ], [ 135.636200424532746, 33.546059727891318 ], [ 135.635516257198333, 33.546851486232974 ], [ 135.6361082364418, 33.546823334261276 ], [ 135.637794741435641, 33.545216769442952 ], [ 135.639648976716245, 33.544469485180329 ], [ 135.639786182446159, 33.544644858072417 ], [ 135.639657151066189, 33.545179288725784 ], [ 135.638782384867142, 33.5463447141084 ], [ 135.638498067941214, 33.547308957316879 ], [ 135.637722642618087, 33.548117091458217 ], [ 135.636810287757982, 33.548144323928355 ], [ 135.636346336510798, 33.548418550745609 ], [ 135.636234737880841, 33.548903150016173 ], [ 135.636452694780928, 33.549122997118772 ], [ 135.638034946569974, 33.548866651603916 ], [ 135.638273644388732, 33.549187992798913 ], [ 135.638026249027945, 33.549848309619371 ], [ 135.638182637105444, 33.549984009788879 ], [ 135.640727133434979, 33.550348888124034 ], [ 135.640972137663709, 33.549713915794484 ], [ 135.643115404510041, 33.549422478196306 ], [ 135.640875672299728, 33.553522889509615 ], [ 135.640398799970171, 33.553846119858001 ], [ 135.639502011360207, 33.554125876237613 ], [ 135.638322986814273, 33.555102196324327 ], [ 135.638006816518043, 33.555087759007563 ], [ 135.636915864735528, 33.5543077597776 ], [ 135.636320891653583, 33.554166839094385 ], [ 135.635540469384011, 33.553667806985572 ], [ 135.634571242443883, 33.553603272621018 ], [ 135.633320550838732, 33.554049876385264 ], [ 135.631846167067266, 33.553900421868107 ], [ 135.630833179652171, 33.553275276364296 ], [ 135.629212618742088, 33.553840494022069 ], [ 135.628603233038007, 33.555467887440898 ], [ 135.628554290324246, 33.556113281908068 ], [ 135.62911897495124, 33.557408014134673 ], [ 135.629092125754312, 33.557746060678035 ], [ 135.62881660107243, 33.558479538276899 ], [ 135.628359262530267, 33.559091029770549 ], [ 135.628053924281204, 33.560311598849296 ], [ 135.628145899707988, 33.56093994311486 ], [ 135.628941772211562, 33.562150268243713 ], [ 135.628704304754109, 33.563171821025271 ], [ 135.628637075001791, 33.56540379941346 ], [ 135.627923243926574, 33.566641172337455 ], [ 135.627069798274647, 33.567325571727594 ], [ 135.626993979475344, 33.567886346547247 ], [ 135.627511463171942, 33.568759409499521 ], [ 135.628338125059884, 33.569356132426016 ], [ 135.628793453247283, 33.570039655952421 ], [ 135.629378174239434, 33.57053251861506 ], [ 135.630928778289785, 33.571384963840984 ], [ 135.631976403655216, 33.572591771792546 ], [ 135.632784036626049, 33.572020198417128 ], [ 135.633639492994433, 33.570881849155413 ], [ 135.63430738661387, 33.570665444506368 ] ] ] } },
{ "type": "Feature", "properties": { "CITY_NAME": "串本町", "S_NAME": "大島", "JINKO": 426, "medical_area": "30_新宮医療圏", "町丁目名": "串本町大島" }, "geometry": { "type": "Polygon", "coordinates": [ [ [ 135.812000285587487, 33.481274954825608 ], [ 135.812636692870228, 33.479551123477428 ], [ 135.814017196624889, 33.479611801411927 ], [ 135.814353335375301, 33.479429990194888 ], [ 135.814052999520214, 33.478966010867936 ], [ 135.814133043239025, 33.478771419580703 ], [ 135.813923221360028, 33.478238259290933 ], [ 135.813215854662758, 33.477899914950527 ], [ 135.813372351790463, 33.47767303751715 ], [ 135.81424167800958, 33.477219829712347 ], [ 135.814216627011348, 33.476838266616582 ], [ 135.814002692523189, 33.476744397814386 ], [ 135.813913049972513, 33.476375418881723 ], [ 135.814557889957825, 33.47625098800215 ], [ 135.815965030810816, 33.47643707301512 ], [ 135.819504218080766, 33.476484511116304 ], [ 135.820396652343391, 33.476315322804396 ], [ 135.821236900499571, 33.475879209376451 ], [ 135.822690827344672, 33.475799276459163 ], [ 135.823079602819462, 33.47563300741583 ], [ 135.823047895986122, 33.47518662516967 ], [ 135.8226839548322, 33.474590153041163 ], [ 135.822702407264217, 33.472787639360675 ], [ 135.822118488818546, 33.472427834230402 ], [ 135.821988724051778, 33.471879307950388 ], [ 135.821288231680711, 33.471719103619876 ], [ 135.821171236086144, 33.471124665738209 ], [ 135.820394427891983, 33.470092243792692 ], [ 135.81920509743864, 33.470516862065473 ], [ 135.819117247923003, 33.470124218599672 ], [ 135.81861991793275, 33.469705903323934 ], [ 135.817761015827472, 33.469582645723889 ], [ 135.818058248126135, 33.468744787480858 ], [ 135.816847514691688, 33.466245340885081 ], [ 135.815614592366501, 33.464311945726415 ], [ 135.815315604209303, 33.464157655612794 ], [ 135.814876619878618, 33.464140102695019 ], [ 135.814362796837713, 33.464415205353937 ], [ 135.814244966870689, 33.464673703118372 ], [ 135.813831488598794, 33.464297199286221 ], [ 135.81316233289877, 33.464242104210584 ], [ 135.812823920988478, 33.463989972438853 ], [ 135.812462417779386, 33.463965200307172 ], [ 135.810895236251639, 33.464709278101068 ], [ 135.810746539157634, 33.464310621397807 ], [ 135.810868300531439, 33.464224298785588 ], [ 135.810610396365831, 33.464066114961099 ], [ 135.810370513658654, 33.4635309403916 ], [ 135.810089866471969, 33.463444856222516 ], [ 135.809786651962213, 33.463845647533383 ], [ 135.809742821251973, 33.463217218971621 ], [ 135.809371941613023, 33.463079426523073 ], [ 135.808549355294929, 33.463865444861192 ], [ 135.80857455809911, 33.464152050032759 ], [ 135.80907904459383, 33.464692993349992 ], [ 135.809092107244481, 33.465114268972862 ], [ 135.808794100226436, 33.465112683161671 ], [ 135.808682716972612, 33.464876382727809 ], [ 135.808437593391318, 33.464801052100306 ], [ 135.808219198967265, 33.465285934152909 ], [ 135.80832910155803, 33.465709895881893 ], [ 135.808179429566337, 33.465764611628991 ], [ 135.807649555970329, 33.465513291676103 ], [ 135.807573570909, 33.465330865028314 ], [ 135.807365745001704, 33.465419020483175 ], [ 135.807093896294134, 33.465255449120107 ], [ 135.807385731511175, 33.464639938819239 ], [ 135.807209535429109, 33.464525264010632 ], [ 135.806937152019771, 33.464616699822322 ], [ 135.806787309264791, 33.464261991801969 ], [ 135.806378290152736, 33.464348141674371 ], [ 135.805927670006355, 33.46475488677688 ], [ 135.805873622146521, 33.464385111529786 ], [ 135.805457811487628, 33.464131144078195 ], [ 135.805627099892575, 33.463966288244386 ], [ 135.805487189766239, 33.4635045192136 ], [ 135.805192863346008, 33.463779071558271 ], [ 135.80507378273154, 33.463628133678668 ], [ 135.804737880650663, 33.463727918224407 ], [ 135.804693995003191, 33.464109938034319 ], [ 135.804524839364291, 33.464223509456161 ], [ 135.804409897875416, 33.464148375881521 ], [ 135.804458982059032, 33.463848079548967 ], [ 135.804117404286131, 33.464079443569339 ], [ 135.804269189656935, 33.463558396620797 ], [ 135.803924559342221, 33.463717619460873 ], [ 135.80378271122774, 33.464125689866655 ], [ 135.803699764883731, 33.463689086571179 ], [ 135.803514906242128, 33.463608769636629 ], [ 135.80308359869727, 33.464037232174086 ], [ 135.803183290916962, 33.46420222888058 ], [ 135.803038947166812, 33.46475484506329 ], [ 135.802646459755692, 33.464188978410476 ], [ 135.802593504721585, 33.463818076587813 ], [ 135.80163985712025, 33.4644829578151 ], [ 135.8014090754086, 33.464250122873381 ], [ 135.8018886780294, 33.463879226885325 ], [ 135.801757734309462, 33.463736720279201 ], [ 135.802012804605084, 33.463229366452339 ], [ 135.801784868229646, 33.463160531651369 ], [ 135.802328664259193, 33.462469637187887 ], [ 135.802418742061917, 33.462127140490765 ], [ 135.802016357667043, 33.462135516387718 ], [ 135.802129022134579, 33.461794183014732 ], [ 135.801648450008031, 33.461649991772575 ], [ 135.800932290191895, 33.461508237380031 ], [ 135.800218542898762, 33.461705463658852 ], [ 135.800249204942901, 33.461481780414807 ], [ 135.800046732515, 33.461569933190304 ], [ 135.799629987686444, 33.462207486720516 ], [ 135.79941178575109, 33.462129645396395 ], [ 135.798978591327398, 33.462431008874859 ], [ 135.798194152003504, 33.46342609663661 ], [ 135.797676380324617, 33.463550644762741 ], [ 135.797539020600539, 33.463856147259548 ], [ 135.797383184243245, 33.463786294873501 ], [ 135.79824462826781, 33.465774218876973 ], [ 135.798480042305641, 33.46586476967363 ], [ 135.798947295048663, 33.465730275023816 ], [ 135.800048476759514, 33.466428885697148 ], [ 135.800026311855419, 33.467642741083395 ], [ 135.800217457728365, 33.468740284669508 ], [ 135.79999149915102, 33.468745274881421 ], [ 135.799856097266826, 33.469606163709969 ], [ 135.800116306856467, 33.469686044079893 ], [ 135.800191827342786, 33.470064026683623 ], [ 135.800563705161693, 33.470248346343539 ], [ 135.80022518745605, 33.471054822866535 ], [ 135.800572991906535, 33.470433209579106 ], [ 135.802107716688198, 33.470745061073323 ], [ 135.802066058189837, 33.471608932469977 ], [ 135.801321457320739, 33.471622115605783 ], [ 135.801324123864021, 33.471876285866308 ], [ 135.800612705059365, 33.471966161468927 ], [ 135.800411204663106, 33.471600649987174 ], [ 135.80055679890711, 33.471949164939709 ], [ 135.800414597702002, 33.472021918545899 ], [ 135.800416037557881, 33.472355549511448 ], [ 135.80165084710768, 33.473048167674193 ], [ 135.80178899567079, 33.473354964538224 ], [ 135.802236168961457, 33.473561374809591 ], [ 135.802826847441281, 33.473588234908966 ], [ 135.802759632127902, 33.4738270776162 ], [ 135.803140300810583, 33.47394236436115 ], [ 135.804199409862065, 33.474812192763963 ], [ 135.803932000421042, 33.474563807341561 ], [ 135.804043082078579, 33.474449579687921 ], [ 135.803922439949531, 33.474503491616858 ], [ 135.803260817643348, 33.473937200314602 ], [ 135.803458182693902, 33.473728150308261 ], [ 135.803216818733119, 33.473883875099254 ], [ 135.803391821485064, 33.473053747220781 ], [ 135.803817294411175, 33.47334634154948 ], [ 135.803924072059772, 33.47322928964423 ], [ 135.804872829763013, 33.473877462138304 ], [ 135.804427384154053, 33.474369876591254 ], [ 135.804540215917484, 33.474441342945795 ], [ 135.804979178778979, 33.473953426449391 ], [ 135.805933272619541, 33.474632028462842 ], [ 135.805582820598289, 33.474985677192713 ], [ 135.805988065025502, 33.474670716705056 ], [ 135.806258632343912, 33.475473639968811 ], [ 135.806454406827982, 33.475500994200942 ], [ 135.806101349681853, 33.475561874049681 ], [ 135.806174200500379, 33.475709075083543 ], [ 135.805712203105969, 33.475885032634764 ], [ 135.804571644302172, 33.475352100571513 ], [ 135.804630141398007, 33.475169036080295 ], [ 135.80447467337433, 33.475412249363202 ], [ 135.80389279462949, 33.475291581273254 ], [ 135.804448756044849, 33.475453912009726 ], [ 135.804297410215867, 33.475784483077547 ], [ 135.804492842833213, 33.475476523335786 ], [ 135.805351798008473, 33.475850939493213 ], [ 135.805963787256815, 33.477022396308072 ], [ 135.805029175936994, 33.477295958851066 ], [ 135.80530980576421, 33.477400935942605 ], [ 135.806515974153513, 33.476937591121896 ], [ 135.80704527298596, 33.478546231634418 ], [ 135.808147556490667, 33.479374673973886 ], [ 135.809112905962905, 33.47983883544692 ], [ 135.810766017512094, 33.480240637784313 ], [ 135.811442830275467, 33.481292147621225 ], [ 135.812000285587487, 33.481274954825608 ] ] ] } },
{ "type": "Feature", "properties": { "CITY_NAME": "串本町", "S_NAME": "大島", "JINKO": 0, "medical_area": "30_新宮医療圏", "町丁目名": "串本町大島" }, "geometry": { "type": "Polygon", "coordinates": [ [ [ 135.801026733136467, 33.473567338610934 ], [ 135.800640497454651, 33.47354079720872 ], [ 135.80040774314989, 33.47369709463257 ], [ 135.800375276288975, 33.474276102909087 ], [ 135.801176649193764, 33.473903179090733 ], [ 135.801026733136467, 33.473567338610934 ] ] ] } },
{ "type": "Feature", "properties": { "CITY_NAME": "串本町", "S_NAME": "大島", "JINKO": 0, "medical_area": "30_新宮医療圏", "町丁目名": "串本町大島" }, "geometry": { "type": "Polygon", "coordinates": [ [ [ 135.79528000307397, 33.462429497341915 ], [ 135.7960388998074, 33.462225040274156 ], [ 135.796170738226692, 33.461968275191666 ], [ 135.796537684066976, 33.461919280049656 ], [ 135.796763685119998, 33.461431892177863 ], [ 135.796608949737958, 33.461358660162752 ], [ 135.796651341210293, 33.46117923746997 ], [ 135.79734444800323, 33.461048771116829 ], [ 135.797450668528342, 33.460713628078111 ], [ 135.797127855421223, 33.460297197625039 ], [ 135.796219239938154, 33.460148079598504 ], [ 135.795854148291397, 33.460321344613931 ], [ 135.79582253887105, 33.460049943064277 ], [ 135.795544028579144, 33.460017088069925 ], [ 135.795124405575649, 33.460236471708761 ], [ 135.794946474904464, 33.460669832116466 ], [ 135.795094436659866, 33.460863087964107 ], [ 135.794438052896965, 33.460938657178787 ], [ 135.794612869347844, 33.46115534485282 ], [ 135.79443361713362, 33.460998949205369 ], [ 135.794279629172195, 33.461058996057908 ], [ 135.79430223762435, 33.461481127726337 ], [ 135.794484732406801, 33.461635557527224 ], [ 135.794372329972333, 33.461859101984189 ], [ 135.794746514323521, 33.462383538860294 ], [ 135.79528000307397, 33.462429497341915 ] ] ] } },
{ "type": "Feature", "properties": { "CITY_NAME": "串本町", "S_NAME": "大島", "JINKO": 0, "medical_area": "30_新宮医療圏", "町丁目名": "串本町大島" }, "geometry": { "type": "Polygon", "coordinates": [ [ [ 135.808339298631466, 33.463986848252659 ], [ 135.808543965632225, 33.46337655347584 ], [ 135.808763218224783, 33.463480585214867 ], [ 135.809210037375948, 33.462817689021065 ], [ 135.809062225869781, 33.46252075034193 ], [ 135.808790282787697, 33.462404239848013 ], [ 135.808665431983684, 33.461936861684997 ], [ 135.808361340870846, 33.462256491123881 ], [ 135.80842852709111, 33.463025845210531 ], [ 135.807955973601707, 33.46215837010061 ], [ 135.807673234261756, 33.462561155470105 ], [ 135.807767855519216, 33.463571189514205 ], [ 135.808006965570257, 33.463443350598908 ], [ 135.808005255410819, 33.463736395660469 ], [ 135.808339298631466, 33.463986848252659 ] ] ] } },
{ "type": "Feature", "properties": { "CITY_NAME": "串本町", "S_NAME": "須江", "JINKO": 0, "medical_area": "30_新宮医療圏", "町丁目名": "串本町須江" }, "geometry": { "type": "Polygon", "coordinates": [ [ [ 135.819374682962717, 33.452467119246222 ], [ 135.82039259008036, 33.451768951462427 ], [ 135.820481874637437, 33.45071410437393 ], [ 135.820167590777459, 33.450818185729396 ], [ 135.819632601544043, 33.450491105685245 ], [ 135.819407634261665, 33.450569110862837 ], [ 135.818975672153243, 33.449846281188179 ], [ 135.819642555138813, 33.449840776439842 ], [ 135.819931060771125, 33.449194798864923 ], [ 135.819805411085611, 33.449104446419923 ], [ 135.819692229538248, 33.44922319143933 ], [ 135.819495823320551, 33.44901213422709 ], [ 135.819369806212848, 33.449100146907654 ], [ 135.819212299013515, 33.448801512651087 ], [ 135.818581440983905, 33.448782835247457 ], [ 135.818443577215874, 33.448403922712707 ], [ 135.818325297860667, 33.448629734658958 ], [ 135.81843558560098, 33.448873353256651 ], [ 135.818190186674116, 33.448948789667348 ], [ 135.818047448539318, 33.448803464113006 ], [ 135.818157094692651, 33.448314740220688 ], [ 135.817944091814837, 33.448329078610733 ], [ 135.817884416005001, 33.448063837922099 ], [ 135.817064755238107, 33.448102355720842 ], [ 135.817036063479037, 33.44741787479677 ], [ 135.817460464488164, 33.446606136376026 ], [ 135.817316513455211, 33.446521108721115 ], [ 135.817041808427945, 33.44673062596803 ], [ 135.817357641823946, 33.446401976884133 ], [ 135.817366709819936, 33.44617403232666 ], [ 135.817208101791209, 33.445905825957738 ], [ 135.817016046208607, 33.446192391546504 ], [ 135.81668919578064, 33.445623841823263 ], [ 135.81642375187198, 33.446035406970807 ], [ 135.816641172191709, 33.446466005887004 ], [ 135.81657639134778, 33.44658397411056 ], [ 135.816232905050896, 33.445745737402817 ], [ 135.81603097400918, 33.445622862577949 ], [ 135.815957673379501, 33.446205189214957 ], [ 135.815818841603431, 33.446243867508947 ], [ 135.815575233699064, 33.445991030601057 ], [ 135.815314737532418, 33.446096026120998 ], [ 135.815225950144708, 33.44637006275007 ], [ 135.815531102141222, 33.446516480218044 ], [ 135.815510363106569, 33.446658184135721 ], [ 135.814923119406217, 33.446655331981567 ], [ 135.814742706932378, 33.44703377098206 ], [ 135.814743386123894, 33.447723564524246 ], [ 135.814311926536362, 33.447798714942294 ], [ 135.814048599096537, 33.447207711874711 ], [ 135.813437169293877, 33.447442073217005 ], [ 135.813311479693823, 33.447875821157766 ], [ 135.813624314555256, 33.447947302006135 ], [ 135.813691686873852, 33.448133377153461 ], [ 135.813405829131938, 33.448521517550333 ], [ 135.813083398998145, 33.448407472590894 ], [ 135.812681598478207, 33.44868723289828 ], [ 135.812804303377817, 33.449147280516584 ], [ 135.812227783503886, 33.449648532662252 ], [ 135.812206917675496, 33.449846026579699 ], [ 135.812858602391998, 33.449903935749624 ], [ 135.812610502653172, 33.450235212226779 ], [ 135.812637613459486, 33.450641013373115 ], [ 135.8130906687785, 33.451034779939192 ], [ 135.814001137141673, 33.450799181291345 ], [ 135.814211638947967, 33.450443331283388 ], [ 135.81449561813622, 33.450436432342897 ], [ 135.814511186989563, 33.450702454027272 ], [ 135.815217536007481, 33.450853137431103 ], [ 135.815181532255764, 33.45109935734051 ], [ 135.815643398596876, 33.451406622685646 ], [ 135.816165249465541, 33.451323431621972 ], [ 135.816290519288913, 33.4515941249877 ], [ 135.816584623679802, 33.45137928431064 ], [ 135.817602984505527, 33.452009158963797 ], [ 135.818054015084243, 33.451846676195174 ], [ 135.818396783701843, 33.452020192960781 ], [ 135.818608170289451, 33.452263114253789 ], [ 135.818355058713735, 33.452425891738322 ], [ 135.818534329196524, 33.452605647598375 ], [ 135.819374682962717, 33.452467119246222 ] ] ] } },
{ "type": "Feature", "properties": { "CITY_NAME": "串本町", "S_NAME": "須江", "JINKO": 0, "medical_area": "30_新宮医療圏", "町丁目名": "串本町須江" }, "geometry": { "type": "Polygon", "coordinates": [ [ [ 135.823134860525158, 33.45155903645302 ], [ 135.823077820166617, 33.45103794779731 ], [ 135.822811251991226, 33.450937535473514 ], [ 135.822692802059407, 33.451527973233794 ], [ 135.822508602059997, 33.451655637039224 ], [ 135.822814723152419, 33.451730182955409 ], [ 135.823134860525158, 33.45155903645302 ] ] ] } },
{ "type": "Feature", "properties": { "CITY_NAME": "串本町", "S_NAME": "須江", "JINKO": 0, "medical_area": "30_新宮医療圏", "町丁目名": "串本町須江" }, "geometry": { "type": "Polygon", "coordinates": [ [ [ 135.820608222125543, 33.452567260631426 ], [ 135.821173197573245, 33.452441844545561 ], [ 135.82144529732787, 33.45193278403908 ], [ 135.821069276814484, 33.45171301578749 ], [ 135.820380383171255, 33.452475914184312 ], [ 135.820608222125543, 33.452567260631426 ] ] ] } },
{ "type": "Feature", "properties": { "CITY_NAME": "串本町", "S_NAME": "須江", "JINKO": 0, "medical_area": "30_新宮医療圏", "町丁目名": "串本町須江" }, "geometry": { "type": "Polygon", "coordinates": [ [ [ 135.825790957103408, 33.451465582733732 ], [ 135.827192537514776, 33.451496284868924 ], [ 135.827561403780749, 33.451000868265865 ], [ 135.827436119683, 33.450708489256613 ], [ 135.827571735631437, 33.45067176542674 ], [ 135.826654538279968, 33.450485640415366 ], [ 135.826558334456735, 33.450719945554169 ], [ 135.825942594514146, 33.450941969169627 ], [ 135.825994855661548, 33.451170001720811 ], [ 135.825775358784426, 33.451195053642422 ], [ 135.825790957103408, 33.451465582733732 ] ] ] } },
{ "type": "Feature", "properties": { "CITY_NAME": "串本町", "S_NAME": "須江", "JINKO": 0, "medical_area": "30_新宮医療圏", "町丁目名": "串本町須江" }, "geometry": { "type": "Polygon", "coordinates": [ [ [ 135.821262829561874, 33.450157035364732 ], [ 135.820719790369367, 33.450611600814916 ], [ 135.820652389075548, 33.450964007782964 ], [ 135.821178726196592, 33.450788942371595 ], [ 135.821262829561874, 33.450157035364732 ] ] ] } },
{ "type": "Feature", "properties": { "CITY_NAME": "串本町", "S_NAME": "須江", "JINKO": 0, "medical_area": "30_新宮医療圏", "町丁目名": "串本町須江" }, "geometry": { "type": "Polygon", "coordinates": [ [ [ 135.820141143623488, 33.4479851498401 ], [ 135.819684094000792, 33.448471395480865 ], [ 135.819665124893618, 33.448807529636994 ], [ 135.820002916840167, 33.448771109385859 ], [ 135.82019638200066, 33.448317728606689 ], [ 135.820141143623488, 33.4479851498401 ] ] ] } },
{ "type": "Feature", "properties": { "CITY_NAME": "串本町", "S_NAME": "須江", "JINKO": 0, "medical_area": "30_新宮医療圏", "町丁目名": "串本町須江" }, "geometry": { "type": "Polygon", "coordinates": [ [ [ 135.819596267483234, 33.44829543753724 ], [ 135.82021565522416, 33.447310681379975 ], [ 135.819960090596453, 33.446060622817072 ], [ 135.819568949964037, 33.446414246335202 ], [ 135.819396429448148, 33.447142672470484 ], [ 135.819291968874438, 33.447210146319918 ], [ 135.819289661349444, 33.44676098848327 ], [ 135.819078591690328, 33.446888888875257 ], [ 135.818847275969233, 33.447440271225936 ], [ 135.818987765479648, 33.447636312650538 ], [ 135.818867390586604, 33.448114877643043 ], [ 135.818514364485395, 33.448225097193429 ], [ 135.818676694464216, 33.448536701198762 ], [ 135.819078464148276, 33.448647465633208 ], [ 135.819596267483234, 33.44829543753724 ] ] ] } },
{ "type": "Feature", "properties": { "CITY_NAME": "串本町", "S_NAME": "須江", "JINKO": 256, "medical_area": "30_新宮医療圏", "町丁目名": "串本町須江" }, "geometry": { "type": "Polygon", "coordinates": [ [ [ 135.825511150392458, 33.472878885741778 ], [ 135.825323125962598, 33.472843122744116 ], [ 135.825795751707915, 33.472676958875383 ], [ 135.827136091162004, 33.471462064287692 ], [ 135.827597839502857, 33.471232476565326 ], [ 135.828235018504699, 33.471159795276527 ], [ 135.829035597992601, 33.47176839442298 ], [ 135.829189416672904, 33.471740986805855 ], [ 135.828661884392346, 33.469093797016342 ], [ 135.827256747679826, 33.468732909301018 ], [ 135.826850728348745, 33.46855765388085 ], [ 135.826785292055462, 33.468318052407945 ], [ 135.827967595009284, 33.467856412809404 ], [ 135.828078213932145, 33.46740740644249 ], [ 135.827604340975, 33.466884909578461 ], [ 135.827545960122592, 33.466516826688277 ], [ 135.827825126882487, 33.466216546150363 ], [ 135.82857478356317, 33.465992981917289 ], [ 135.828208584688468, 33.465788479333831 ], [ 135.827897199088881, 33.465918521310648 ], [ 135.82754045388927, 33.46584139375549 ], [ 135.827944401757804, 33.465166798114673 ], [ 135.827725844507, 33.464614496883662 ], [ 135.827983378648327, 33.464523830507659 ], [ 135.828342462411172, 33.464065015818527 ], [ 135.828886679190134, 33.463830464666366 ], [ 135.829245672568163, 33.4634150413426 ], [ 135.829918955812985, 33.463390584130089 ], [ 135.83137829538893, 33.461904170943015 ], [ 135.831469405723823, 33.461640270850367 ], [ 135.831083869780315, 33.46056653847468 ], [ 135.832578033515659, 33.461461693940883 ], [ 135.832818704972055, 33.461502301711604 ], [ 135.832875785212593, 33.461248514115141 ], [ 135.833236994900233, 33.462006090816665 ], [ 135.833788668002683, 33.462346357659868 ], [ 135.834233416771042, 33.46231143415654 ], [ 135.834524879974083, 33.461733603244419 ], [ 135.834613527737844, 33.461270794054442 ], [ 135.834267001013359, 33.459550224087579 ], [ 135.834345415088876, 33.458949060329253 ], [ 135.833953072059558, 33.458359391549159 ], [ 135.834163864152998, 33.457423112728478 ], [ 135.833642964988087, 33.457007114143707 ], [ 135.834093537050649, 33.456358827654654 ], [ 135.833047519934951, 33.456313199576087 ], [ 135.832186642610765, 33.455965767161167 ], [ 135.831911679912764, 33.455670395793518 ], [ 135.831482764548412, 33.456116969626208 ], [ 135.831250777007568, 33.45526715182887 ], [ 135.830883450958225, 33.454926851896943 ], [ 135.831298402536021, 33.455724512085084 ], [ 135.830357870722537, 33.455904408923168 ], [ 135.830202321234566, 33.45565174020102 ], [ 135.830353129035188, 33.456162213685197 ], [ 135.829639653575896, 33.456301841553277 ], [ 135.829512342231908, 33.456510171328461 ], [ 135.829027715609243, 33.45619844508817 ], [ 135.829205456175544, 33.456061470733204 ], [ 135.82902674033312, 33.456143218451949 ], [ 135.828370840301119, 33.455343523360831 ], [ 135.829014943095956, 33.454883727115373 ], [ 135.829860669091772, 33.455398817231377 ], [ 135.828807760206217, 33.454634647135009 ], [ 135.830389951789726, 33.454146268346548 ], [ 135.831205056335307, 33.454324041840323 ], [ 135.831749216350431, 33.453791128185287 ], [ 135.831707121481656, 33.453260791131157 ], [ 135.832106435434213, 33.453149465808686 ], [ 135.831887581869239, 33.452275655758051 ], [ 135.831606732064728, 33.452318387395657 ], [ 135.831724202614737, 33.452766855985452 ], [ 135.830967508427449, 33.453008156366622 ], [ 135.829982369042682, 33.45233504971565 ], [ 135.831262072698308, 33.451984293111678 ], [ 135.831089289519156, 33.451774978217401 ], [ 135.831311055337011, 33.451684265018578 ], [ 135.831341702656999, 33.451408163685578 ], [ 135.830977208836259, 33.451323133928057 ], [ 135.831379051795551, 33.451006116953131 ], [ 135.831186407962946, 33.450494708507968 ], [ 135.831582217079841, 33.451076837636066 ], [ 135.831579484272254, 33.450819851820008 ], [ 135.831797050743802, 33.45067672116209 ], [ 135.831701839538198, 33.450399885383241 ], [ 135.831972449877924, 33.450643709002364 ], [ 135.832168517006721, 33.450492377516035 ], [ 135.832147457591248, 33.450254246587484 ], [ 135.83185325846145, 33.449969815244785 ], [ 135.832098312109594, 33.450080322078229 ], [ 135.832421699446911, 33.449722619162856 ], [ 135.83182783031188, 33.449204187501465 ], [ 135.83166819930247, 33.449430521093461 ], [ 135.831691065993823, 33.449848711692674 ], [ 135.831411554877576, 33.449761826655106 ], [ 135.831713076078984, 33.449029329094593 ], [ 135.831591801878346, 33.448880385376235 ], [ 135.830975113645962, 33.449052558886571 ], [ 135.83090808345051, 33.449227452654824 ], [ 135.830786722217994, 33.449129791769963 ], [ 135.830205415604581, 33.449358928929165 ], [ 135.829685991074911, 33.449294252650724 ], [ 135.828873061840994, 33.449701712897507 ], [ 135.828704780468229, 33.449947473857875 ], [ 135.828748160019899, 33.451420952940616 ], [ 135.828511136028538, 33.450507099649286 ], [ 135.828319857166605, 33.45040877614835 ], [ 135.828168278348357, 33.450910695492432 ], [ 135.828401930285992, 33.451344676550939 ], [ 135.828110674056688, 33.451214372840461 ], [ 135.828044659480582, 33.451413780464371 ], [ 135.827380375890385, 33.451704780116906 ], [ 135.827113835773162, 33.451586344267447 ], [ 135.826171418555361, 33.451638282551819 ], [ 135.824739831590222, 33.45208711300733 ], [ 135.824794429046733, 33.452217090464579 ], [ 135.824474733128767, 33.452320332774541 ], [ 135.823504144115361, 33.452470269551561 ], [ 135.82314107805675, 33.452741386406061 ], [ 135.822751147204087, 33.453540511303594 ], [ 135.822598884347769, 33.45328867085292 ], [ 135.822866044864213, 33.453099697912862 ], [ 135.822727624171478, 33.452925642476949 ], [ 135.822954279772745, 33.452552610848166 ], [ 135.822780628365194, 33.452247478891131 ], [ 135.82291457996439, 33.451970964111155 ], [ 135.822612930349436, 33.451752436750986 ], [ 135.822289755051969, 33.451892580827455 ], [ 135.822138967194377, 33.451453917620057 ], [ 135.822033653663254, 33.451934479166887 ], [ 135.821595901820046, 33.452450627730535 ], [ 135.822503477723615, 33.454268812102583 ], [ 135.821992351168802, 33.454355428219358 ], [ 135.821741274090869, 33.454595697865109 ], [ 135.822012734576731, 33.454381662696861 ], [ 135.822589449758368, 33.454316554351152 ], [ 135.822750585315788, 33.455026559274494 ], [ 135.822671667124951, 33.455240027754968 ], [ 135.822326434033528, 33.455196143615638 ], [ 135.822223815743371, 33.455425921066372 ], [ 135.821948345921498, 33.45546722790862 ], [ 135.821346045595845, 33.454835195852418 ], [ 135.822005898160342, 33.455761196785723 ], [ 135.822616721842024, 33.455872802550779 ], [ 135.822373235056318, 33.45607363956853 ], [ 135.822598617917777, 33.456362491194376 ], [ 135.822923819508532, 33.456183466198212 ], [ 135.823216915999893, 33.456511295836584 ], [ 135.823606335427456, 33.456512690367283 ], [ 135.823385596784419, 33.457220180097593 ], [ 135.822484071993046, 33.45723074068782 ], [ 135.822432062682225, 33.457429032414282 ], [ 135.82291247401281, 33.458278117227259 ], [ 135.822711263339841, 33.458296711543476 ], [ 135.823469593376046, 33.458946127077482 ], [ 135.824217442123768, 33.458857007640759 ], [ 135.824220031645609, 33.459208656437859 ], [ 135.824770785355895, 33.459244643538007 ], [ 135.824893049301721, 33.459457547464204 ], [ 135.824778237027886, 33.459884826990944 ], [ 135.824426341796055, 33.459945482188544 ], [ 135.824277373030412, 33.460220279486087 ], [ 135.823903432268537, 33.459974621560541 ], [ 135.823353729592668, 33.459953003160606 ], [ 135.823585686636108, 33.460182403905094 ], [ 135.823518359131072, 33.460525785276992 ], [ 135.823249304775857, 33.460578663237818 ], [ 135.823475830731326, 33.460843277618871 ], [ 135.823271314002085, 33.460902445911373 ], [ 135.823520026369152, 33.461388841413786 ], [ 135.822854875938646, 33.461536687690852 ], [ 135.822722046314226, 33.461225429670797 ], [ 135.822376846331736, 33.461142669825414 ], [ 135.821262275910016, 33.461667720537342 ], [ 135.821068902531238, 33.462063343202416 ], [ 135.820232639384983, 33.462175708660475 ], [ 135.819731644406517, 33.461972955469598 ], [ 135.819769901791972, 33.461672917617967 ], [ 135.819404308208618, 33.461550667900674 ], [ 135.819286370640981, 33.4613349423824 ], [ 135.81859961901327, 33.461478220768178 ], [ 135.818256904988999, 33.46176541729757 ], [ 135.818058004084662, 33.461688486858094 ], [ 135.818098289716261, 33.461445093130592 ], [ 135.817808983927023, 33.461378739229502 ], [ 135.817280346428419, 33.461550135213471 ], [ 135.817188072481599, 33.461423766332082 ], [ 135.816542900358002, 33.46175024878243 ], [ 135.816458563755702, 33.461945679985519 ], [ 135.81560047198127, 33.462209578677154 ], [ 135.815015200927235, 33.461662351279877 ], [ 135.814631515353028, 33.46094212899834 ], [ 135.814106974285409, 33.460704379389206 ], [ 135.813761380902719, 33.460808405738753 ], [ 135.81357858441271, 33.461254470027271 ], [ 135.813266595562482, 33.461236818748226 ], [ 135.813302504186595, 33.461550772643101 ], [ 135.813015642672354, 33.461847903756627 ], [ 135.813147269115802, 33.462193276460816 ], [ 135.813836634428242, 33.462864366617367 ], [ 135.814330032510128, 33.462583882123766 ], [ 135.814235017239469, 33.463260008598674 ], [ 135.814474838401708, 33.463314464252853 ], [ 135.814756175757395, 33.463071423145884 ], [ 135.815314048853907, 33.463347259591217 ], [ 135.815462308423747, 33.46397866036672 ], [ 135.815315604209303, 33.464157655612794 ], [ 135.815614592366501, 33.464311945726415 ], [ 135.816847514691688, 33.466245340885081 ], [ 135.818058248126135, 33.468744787480858 ], [ 135.817761015827472, 33.469582645723889 ], [ 135.81861991793275, 33.469705903323934 ], [ 135.819117247923003, 33.470124218599672 ], [ 135.81920509743864, 33.470516862065473 ], [ 135.820172460192481, 33.470246057490705 ], [ 135.82128211699461, 33.46953812658959 ], [ 135.822126108506069, 33.469726993018554 ], [ 135.822809037665706, 33.47018076814917 ], [ 135.822521679143392, 33.470339571751254 ], [ 135.822552491381401, 33.470748194436176 ], [ 135.822792833080172, 33.470882939164312 ], [ 135.82237488570803, 33.470903488195802 ], [ 135.823255700592597, 33.471605220197333 ], [ 135.822985428766486, 33.471657818094371 ], [ 135.823052738640172, 33.471771187161295 ], [ 135.823432510147029, 33.471842443151516 ], [ 135.823370905641582, 33.472038757021053 ], [ 135.824067016043301, 33.472234151705401 ], [ 135.824003325304119, 33.472418065894544 ], [ 135.82521349862941, 33.473095446392819 ], [ 135.825511150392458, 33.472878885741778 ] ] ] } },
{ "type": "Feature", "properties": { "CITY_NAME": "串本町", "S_NAME": "樫野", "JINKO": 209, "medical_area": "30_新宮医療圏", "町丁目名": "串本町樫野" }, "geometry": { "type": "Polygon", "coordinates": [ [ [ 135.829325522881788, 33.477458503172571 ], [ 135.829409856354232, 33.477251226305924 ], [ 135.830683353407665, 33.476967210927647 ], [ 135.831556786982162, 33.476563455971352 ], [ 135.832092400866571, 33.476696604733732 ], [ 135.832313199979836, 33.477145212460719 ], [ 135.833042536086737, 33.477256916319462 ], [ 135.833393426405394, 33.477206094388457 ], [ 135.834350013692017, 33.476638432097509 ], [ 135.837274472458688, 33.476693639538709 ], [ 135.836416350082061, 33.47641493022838 ], [ 135.836099617396741, 33.476048183817966 ], [ 135.836893570545385, 33.475538927283758 ], [ 135.836818221595536, 33.474973561059535 ], [ 135.836497748106552, 33.474884655272895 ], [ 135.83691117426136, 33.474751916425475 ], [ 135.836970662964518, 33.474585176453715 ], [ 135.836663082221321, 33.474502488387579 ], [ 135.836608569453489, 33.474310519822595 ], [ 135.837506952588654, 33.473755167491156 ], [ 135.838874418990372, 33.473804852891774 ], [ 135.840481751990552, 33.475068532294266 ], [ 135.841796665913506, 33.475032184916515 ], [ 135.84165926373953, 33.474855320479968 ], [ 135.842292219742461, 33.474698322763878 ], [ 135.842824568915432, 33.474841593785186 ], [ 135.843803935205244, 33.474714616135898 ], [ 135.843810042043998, 33.474906814941292 ], [ 135.844204828445697, 33.474962267245502 ], [ 135.844606720862402, 33.474651659695851 ], [ 135.844895823765654, 33.474841397990865 ], [ 135.845617375232735, 33.474477078133631 ], [ 135.845684760163977, 33.474098409904713 ], [ 135.846014128071772, 33.474027520818652 ], [ 135.846226583959606, 33.473751891832869 ], [ 135.846153992202318, 33.473429127864726 ], [ 135.846351552522776, 33.473661020744181 ], [ 135.84655295576917, 33.473550235503858 ], [ 135.846509347780113, 33.472654019924647 ], [ 135.846673761718705, 33.472775964205383 ], [ 135.846757903820759, 33.473258530279793 ], [ 135.847142606294881, 33.472927872102993 ], [ 135.847110791516968, 33.472664619485684 ], [ 135.847165374875573, 33.472827010696207 ], [ 135.847329125148207, 33.472711664715675 ], [ 135.847278515071622, 33.47212458520039 ], [ 135.847514157637818, 33.472121205255526 ], [ 135.847691248028127, 33.472372232432654 ], [ 135.847857856872054, 33.471848538503778 ], [ 135.848464045841268, 33.472219003968078 ], [ 135.84787297666864, 33.471818684245406 ], [ 135.847965041967484, 33.471470753705759 ], [ 135.848416573056312, 33.471678707893091 ], [ 135.849395264079618, 33.471295752865174 ], [ 135.849885770563077, 33.471369322509567 ], [ 135.849972613977997, 33.471544432861286 ], [ 135.849940611288815, 33.47138545012028 ], [ 135.850514186212024, 33.471326660899635 ], [ 135.850075187328969, 33.47133713583311 ], [ 135.850027252988383, 33.471058362412172 ], [ 135.850440759817587, 33.470859601544099 ], [ 135.850985195637094, 33.470849247261611 ], [ 135.851144875880294, 33.471220024997955 ], [ 135.850632677818453, 33.471246480945837 ], [ 135.851144819629297, 33.471252715952616 ], [ 135.851179510828871, 33.471725085367353 ], [ 135.850327461729421, 33.471667441639504 ], [ 135.849134348753722, 33.47222515702353 ], [ 135.848723677607467, 33.472648519390205 ], [ 135.850179757856523, 33.471839458043341 ], [ 135.850297800990376, 33.472019115556883 ], [ 135.852046253199575, 33.471995798092536 ], [ 135.852421641392965, 33.471439073732839 ], [ 135.853202723770892, 33.471465902963537 ], [ 135.85336350627685, 33.471824284534094 ], [ 135.853626136787, 33.471767658585513 ], [ 135.85374940553254, 33.472042013165094 ], [ 135.854187410230452, 33.471981078487907 ], [ 135.854539583203575, 33.471781386624173 ], [ 135.854385748148331, 33.471132735221943 ], [ 135.855057248982177, 33.471703629527134 ], [ 135.854867576348624, 33.471245167323424 ], [ 135.855336561824402, 33.471316155808459 ], [ 135.85551012351371, 33.471119638403643 ], [ 135.855434318382351, 33.470766143963104 ], [ 135.855857815429204, 33.471019983580071 ], [ 135.856314937070891, 33.470461354774137 ], [ 135.856207883495983, 33.470786743398051 ], [ 135.85642880519552, 33.470573366968772 ], [ 135.856292791568706, 33.470837286240219 ], [ 135.856297864328326, 33.47102132396509 ], [ 135.856421608840805, 33.471014135521791 ], [ 135.856859857099352, 33.470809175554358 ], [ 135.857027349676571, 33.470373657736872 ], [ 135.85740640023684, 33.470179336216844 ], [ 135.85765772042663, 33.470451861254872 ], [ 135.857403090103844, 33.470877420691117 ], [ 135.857757080436642, 33.470874996433942 ], [ 135.858003814943459, 33.470661644334129 ], [ 135.857959316246593, 33.470897767375391 ], [ 135.858189395663743, 33.471003707880442 ], [ 135.858531064733626, 33.470635172109382 ], [ 135.858971328159555, 33.470511088610337 ], [ 135.85912179084778, 33.470613276586654 ], [ 135.859111701504219, 33.470858457784267 ], [ 135.859291476869913, 33.470802007051212 ], [ 135.859324251295448, 33.47115996780132 ], [ 135.859851128093737, 33.471359822776066 ], [ 135.859941671941812, 33.471917390818106 ], [ 135.861371343296497, 33.472723411910721 ], [ 135.862025468072488, 33.47274672066353 ], [ 135.86206773098823, 33.472552882349355 ], [ 135.86120323005818, 33.472219039194101 ], [ 135.862656511604342, 33.472395756220159 ], [ 135.862832089593326, 33.47158520015028 ], [ 135.862371194108874, 33.471160807840306 ], [ 135.860977793354522, 33.470565890197889 ], [ 135.860786944027865, 33.470158984448574 ], [ 135.861426562668811, 33.470488940803371 ], [ 135.861603346652998, 33.470272722533274 ], [ 135.861046585232145, 33.46993190018523 ], [ 135.860553989300229, 33.469834920925024 ], [ 135.860399432155617, 33.469597475257238 ], [ 135.859427619388185, 33.46910488783201 ], [ 135.858937851499803, 33.468566163587994 ], [ 135.858967286369221, 33.468324434594855 ], [ 135.858607901536544, 33.468349398191798 ], [ 135.858298707643911, 33.467926114131103 ], [ 135.858433310773222, 33.46785328422375 ], [ 135.857803612225439, 33.467370189882885 ], [ 135.857495624594662, 33.467549336624451 ], [ 135.857489573531296, 33.467293197987765 ], [ 135.857222988594657, 33.467147786567288 ], [ 135.857033134812241, 33.466786903632418 ], [ 135.856841261565904, 33.46701548951512 ], [ 135.856418561888717, 33.466940345855718 ], [ 135.856254562046814, 33.467226725595381 ], [ 135.855980304114297, 33.467168934999897 ], [ 135.855870949221583, 33.466929866909581 ], [ 135.855547064575489, 33.466959088165204 ], [ 135.855700338597529, 33.466653535204358 ], [ 135.855423998267355, 33.466553193272659 ], [ 135.855391331638003, 33.466792946133459 ], [ 135.855250531814761, 33.466702618740875 ], [ 135.855024130280441, 33.46698836419359 ], [ 135.854446070134969, 33.467182413255031 ], [ 135.854373776634588, 33.465994929811764 ], [ 135.85414256386025, 33.465934084573128 ], [ 135.853965608205129, 33.4662432716609 ], [ 135.853853865959081, 33.466156638125042 ], [ 135.853705161772808, 33.466299609761521 ], [ 135.853321505713495, 33.466036836755876 ], [ 135.853232432649236, 33.465902326702157 ], [ 135.853579694471136, 33.464743219267049 ], [ 135.854014576655175, 33.464602267108198 ], [ 135.85365639219367, 33.464551417607794 ], [ 135.853536491108969, 33.46419596105747 ], [ 135.853819521965647, 33.464144720946344 ], [ 135.853967656041931, 33.464346078768457 ], [ 135.854428587885593, 33.464059759293555 ], [ 135.854454856997137, 33.463788440195465 ], [ 135.853616556917785, 33.46391737640419 ], [ 135.853706298296316, 33.463645284279337 ], [ 135.853592629367512, 33.463423114158793 ], [ 135.853866713882297, 33.462926659509307 ], [ 135.853665327347386, 33.463050126741152 ], [ 135.853875521483701, 33.462803251887756 ], [ 135.853777764431101, 33.462712125291269 ], [ 135.853589238787464, 33.46286688482077 ], [ 135.853762203206315, 33.462362141891596 ], [ 135.853599690940911, 33.462402530313483 ], [ 135.853659059130365, 33.46228256226312 ], [ 135.853446242898229, 33.46216425318709 ], [ 135.853609949765485, 33.462055394314454 ], [ 135.853910930365259, 33.462207336481335 ], [ 135.854003810048567, 33.461986531220745 ], [ 135.85389801458507, 33.461551630715491 ], [ 135.853625108213635, 33.46134223920221 ], [ 135.853891123478434, 33.460509337451462 ], [ 135.853772749534102, 33.460530898195643 ], [ 135.853539255074537, 33.459906496903713 ], [ 135.853401485249321, 33.459948886194489 ], [ 135.853357061171351, 33.460792749901557 ], [ 135.853200138947926, 33.460700709718665 ], [ 135.853175988140805, 33.460998235984547 ], [ 135.852878036616033, 33.460968022492025 ], [ 135.852656913233091, 33.460666548898132 ], [ 135.852388672762146, 33.460889966152699 ], [ 135.852776390924362, 33.459978874588295 ], [ 135.852484462333763, 33.459569116662294 ], [ 135.852271035245394, 33.459816830030746 ], [ 135.852351215644063, 33.460771858284524 ], [ 135.852124427700772, 33.460643386884307 ], [ 135.85187463455452, 33.46077214819266 ], [ 135.851690119102869, 33.460457189186748 ], [ 135.85158860705252, 33.460686154028224 ], [ 135.851364885679857, 33.460659686252306 ], [ 135.851281613870725, 33.46091825809502 ], [ 135.851226375839502, 33.460496376522116 ], [ 135.850871944055797, 33.460793514508005 ], [ 135.851021211664147, 33.460950638225476 ], [ 135.850808237462672, 33.460930382249899 ], [ 135.850381731552915, 33.461221235036774 ], [ 135.850330609293394, 33.461551978729787 ], [ 135.850148988604474, 33.461435390472509 ], [ 135.849891649953094, 33.461568647450989 ], [ 135.848815943855328, 33.461503406541738 ], [ 135.84851227148485, 33.461044877141966 ], [ 135.848830274317777, 33.460669368555159 ], [ 135.848767058498424, 33.460516007301607 ], [ 135.848638295741637, 33.460320019067645 ], [ 135.848288169769461, 33.460607293538303 ], [ 135.848091506488686, 33.460486175647368 ], [ 135.84810855071612, 33.459955331055816 ], [ 135.847720935660249, 33.460146755309012 ], [ 135.847616123120048, 33.459788774283744 ], [ 135.847426952300594, 33.459686543748163 ], [ 135.847204974249053, 33.459900989125401 ], [ 135.847107301007753, 33.46039482451517 ], [ 135.846689867813012, 33.460401652965722 ], [ 135.846496476410636, 33.460250954326455 ], [ 135.846424232976375, 33.46034441709098 ], [ 135.84645131575482, 33.459605073350723 ], [ 135.846197507921232, 33.459555178493645 ], [ 135.846087079276543, 33.459333291210285 ], [ 135.845778143609863, 33.45943126071834 ], [ 135.845475201940872, 33.459802274746231 ], [ 135.845519325449857, 33.459165803171906 ], [ 135.845377187906848, 33.45923861163778 ], [ 135.845590152111271, 33.458642071165798 ], [ 135.84498327689812, 33.459324924964186 ], [ 135.844834193853814, 33.45906044375873 ], [ 135.844630389253126, 33.459333517145524 ], [ 135.844491865395327, 33.459185420853885 ], [ 135.844298064133113, 33.459273380995974 ], [ 135.844384973946802, 33.458146401310472 ], [ 135.844181842927782, 33.458030913759238 ], [ 135.843898499179801, 33.458258524954026 ], [ 135.843940179470337, 33.458423692604953 ], [ 135.843844553325198, 33.458348626472606 ], [ 135.843651682453583, 33.458525345430537 ], [ 135.843518683407524, 33.458919944677035 ], [ 135.843256597060218, 33.458671670036985 ], [ 135.842948938582964, 33.458655235503016 ], [ 135.842642242950546, 33.459332797273731 ], [ 135.842516705293434, 33.459134279277762 ], [ 135.842604184100338, 33.458940529461238 ], [ 135.842440660846194, 33.458936667670571 ], [ 135.842382953648013, 33.458705828830247 ], [ 135.842006014467728, 33.459575466052847 ], [ 135.841771665288036, 33.45946247155527 ], [ 135.841616492615032, 33.459614717151538 ], [ 135.841033461455424, 33.45957060655342 ], [ 135.84108861248788, 33.460039532799527 ], [ 135.840893654175233, 33.460172848270616 ], [ 135.840787365376343, 33.460047330421439 ], [ 135.840343027127858, 33.461251886049439 ], [ 135.839367351735916, 33.462439742060795 ], [ 135.838274311267497, 33.465417606457336 ], [ 135.837348827155182, 33.466852936512545 ], [ 135.835503566865668, 33.469135229126522 ], [ 135.83470245705513, 33.469481343448159 ], [ 135.833380269793594, 33.469597121905473 ], [ 135.832115191728832, 33.469397087033862 ], [ 135.831112528290504, 33.469770526053807 ], [ 135.830801133922364, 33.470561352013092 ], [ 135.830530494553841, 33.470808395728369 ], [ 135.829766391825189, 33.47084287943175 ], [ 135.829673904717936, 33.471728956573337 ], [ 135.829445281278794, 33.472075240504147 ], [ 135.829037290301272, 33.47240212134956 ], [ 135.828150153247435, 33.47273342480289 ], [ 135.827777997839576, 33.473079510354623 ], [ 135.826010817252609, 33.473351271610106 ], [ 135.824378538342501, 33.472662606824407 ], [ 135.824003325304119, 33.472418065894544 ], [ 135.824067016043301, 33.472234151705401 ], [ 135.823429930749683, 33.472077724693577 ], [ 135.823495729834491, 33.471895505583603 ], [ 135.822968489759916, 33.471689636064809 ], [ 135.823268305290071, 33.471633415668336 ], [ 135.82237488570803, 33.470903488195802 ], [ 135.822792833080172, 33.470882939164312 ], [ 135.822552491381401, 33.470748194436176 ], [ 135.822521679143392, 33.470339571751254 ], [ 135.822809037665706, 33.47018076814917 ], [ 135.822126108506069, 33.469726993018554 ], [ 135.82128211699461, 33.46953812658959 ], [ 135.820394427891983, 33.470092243792692 ], [ 135.821171236086144, 33.471124665738209 ], [ 135.821288231680711, 33.471719103619876 ], [ 135.821988724051778, 33.471879307950388 ], [ 135.822118488818546, 33.472427834230402 ], [ 135.822702407264217, 33.472787639360675 ], [ 135.8226839548322, 33.474590153041163 ], [ 135.823047895986122, 33.47518662516967 ], [ 135.823079602819462, 33.47563300741583 ], [ 135.823308402918485, 33.47582916291806 ], [ 135.824656264039561, 33.476019266114619 ], [ 135.826871550083354, 33.476678863156003 ], [ 135.827827758150704, 33.477416741580925 ], [ 135.828711951227518, 33.477575739241011 ], [ 135.829325522881788, 33.477458503172571 ] ] ] } },
{ "type": "Feature", "properties": { "CITY_NAME": "串本町", "S_NAME": "樫野", "JINKO": 0, "medical_area": "30_新宮医療圏", "町丁目名": "串本町樫野" }, "geometry": { "type": "Polygon", "coordinates": [ [ [ 135.86656627363638, 33.473917928830595 ], [ 135.866056914832797, 33.474198589262905 ], [ 135.866027479708691, 33.474457515917052 ], [ 135.866439753997355, 33.474336234021166 ], [ 135.866655431560787, 33.47401354920116 ], [ 135.86656627363638, 33.473917928830595 ] ] ] } },
{ "type": "Feature", "properties": { "CITY_NAME": "串本町", "S_NAME": "樫野", "JINKO": 0, "medical_area": "30_新宮医療圏", "町丁目名": "串本町樫野" }, "geometry": { "type": "Polygon", "coordinates": [ [ [ 135.8368010820937, 33.477243900615385 ], [ 135.83582403717196, 33.477264281536343 ], [ 135.835721354775416, 33.477511267432682 ], [ 135.836144971824353, 33.47768936590434 ], [ 135.8368010820937, 33.477243900615385 ] ] ] } },
{ "type": "Feature", "properties": { "CITY_NAME": "串本町", "S_NAME": "樫野", "JINKO": 0, "medical_area": "30_新宮医療圏", "町丁目名": "串本町樫野" }, "geometry": { "type": "Polygon", "coordinates": [ [ [ 135.854684640029177, 33.464058361249926 ], [ 135.855271079212827, 33.463995911818735 ], [ 135.855359644217856, 33.463784963585141 ], [ 135.855058009928911, 33.463371819229749 ], [ 135.854871768721637, 33.463447122568923 ], [ 135.85481963196554, 33.463745744807625 ], [ 135.854632499293331, 33.463710309757815 ], [ 135.854684640029177, 33.464058361249926 ] ] ] } },
{ "type": "Feature", "properties": { "CITY_NAME": "串本町", "S_NAME": "樫野", "JINKO": 0, "medical_area": "30_新宮医療圏", "町丁目名": "串本町樫野" }, "geometry": { "type": "Polygon", "coordinates": [ [ [ 135.854201974230847, 33.461859396486794 ], [ 135.854108115307326, 33.461358856320558 ], [ 135.854042052129898, 33.461628439257431 ], [ 135.854201974230847, 33.461859396486794 ] ] ] } },
{ "type": "Feature", "properties": { "CITY_NAME": "串本町", "S_NAME": "樫野", "JINKO": 0, "medical_area": "30_新宮医療圏", "町丁目名": "串本町樫野" }, "geometry": { "type": "Polygon", "coordinates": [ [ [ 135.848899044005123, 33.457549632847019 ], [ 135.848525785142527, 33.457529180033653 ], [ 135.848338252425492, 33.457737469359749 ], [ 135.848229695099207, 33.458311597850113 ], [ 135.848401491413455, 33.458503974627668 ], [ 135.848819169025802, 33.458341044311425 ], [ 135.849050967543604, 33.458042921238359 ], [ 135.848899044005123, 33.457549632847019 ] ] ] } },
{ "type": "Feature", "properties": { "CITY_NAME": "串本町", "S_NAME": "樫野", "JINKO": 0, "medical_area": "30_新宮医療圏", "町丁目名": "串本町樫野" }, "geometry": { "type": "Polygon", "coordinates": [ [ [ 135.859338465338993, 33.46765140497758 ], [ 135.858757439276019, 33.46767866035816 ], [ 135.858629947215007, 33.468017493531882 ], [ 135.859295202783386, 33.467794779379297 ], [ 135.859338465338993, 33.46765140497758 ] ] ] } },
{ "type": "Feature", "properties": { "CITY_NAME": "串本町", "S_NAME": "串本", "JINKO": 382, "medical_area": "30_新宮医療圏", "町丁目名": "串本町串本" }, "geometry": { "type": "Polygon", "coordinates": [ [ [ 135.78966670862448, 33.480570443048634 ], [ 135.785839386980314, 33.476046441392526 ], [ 135.785585317939137, 33.476100107910284 ], [ 135.785824267554688, 33.476068112005336 ], [ 135.785856256627198, 33.476188768536204 ], [ 135.785182952636774, 33.476535893759127 ], [ 135.784886121101124, 33.476482972563502 ], [ 135.784564950914813, 33.476076094043094 ], [ 135.782852362652051, 33.477000474808918 ], [ 135.783762887034328, 33.477941502137043 ], [ 135.784424714130807, 33.478311773696433 ], [ 135.785596072125202, 33.479327351851502 ], [ 135.786146287855757, 33.479553719295701 ], [ 135.787499170955982, 33.481456638416198 ], [ 135.788210643410736, 33.482148209103897 ], [ 135.78966670862448, 33.480570443048634 ] ] ] } },
{ "type": "Feature", "properties": { "CITY_NAME": "串本町", "S_NAME": "鬮野川", "JINKO": 167, "medical_area": "30_新宮医療圏", "町丁目名": "串本町鬮野川" }, "geometry": { "type": "Polygon", "coordinates": [ [ [ 135.788411459058636, 33.482325788854347 ], [ 135.787499170955982, 33.481456638416198 ], [ 135.786146287855757, 33.479553719295701 ], [ 135.785596072125202, 33.479327351851502 ], [ 135.784424714130807, 33.478311773696433 ], [ 135.783762887034328, 33.477941502137043 ], [ 135.782852362652051, 33.477000474808918 ], [ 135.782115868680449, 33.4776005133889 ], [ 135.78230121087978, 33.478058726479858 ], [ 135.782136123962033, 33.478185803752645 ], [ 135.781833608023078, 33.477760072841939 ], [ 135.780432213351986, 33.477174341393173 ], [ 135.777468264554159, 33.477178128173911 ], [ 135.778067005076878, 33.479214763411747 ], [ 135.779185873605257, 33.480488174594946 ], [ 135.779250727113578, 33.480243153518181 ], [ 135.780102675678648, 33.480307267624873 ], [ 135.780239730482435, 33.480172758209619 ], [ 135.780161870143189, 33.479893096073788 ], [ 135.780515996370667, 33.479662977248587 ], [ 135.781008476819807, 33.479558499073676 ], [ 135.781242932426636, 33.479774894838457 ], [ 135.781679209468336, 33.479809187615423 ], [ 135.782292070514075, 33.479107834261391 ], [ 135.782425543997903, 33.47864278997131 ], [ 135.782839293355153, 33.478848193201351 ], [ 135.783708079144958, 33.478568646342993 ], [ 135.783905745957838, 33.478679729374825 ], [ 135.783982965869455, 33.479000932644084 ], [ 135.784278644297189, 33.478971508551695 ], [ 135.784285389859349, 33.478850691927391 ], [ 135.784641397437639, 33.478908111338221 ], [ 135.786323520860492, 33.480119274404359 ], [ 135.786933752392827, 33.481424172587424 ], [ 135.786886530097377, 33.481826248460337 ], [ 135.787162226725599, 33.481917991740104 ], [ 135.78723162734633, 33.482411136754578 ], [ 135.787847772701042, 33.482843591321839 ], [ 135.788411459058636, 33.482325788854347 ] ] ] } },
{ "type": "Feature", "properties": { "CITY_NAME": "串本町", "S_NAME": "サンゴ台", "JINKO": 0, "medical_area": "30_新宮医療圏", "町丁目名": "串本町サンゴ台" }, "geometry": { "type": "Polygon", "coordinates": [ [ [ 135.785096777704297, 33.479227377735633 ], [ 135.784641397437639, 33.478908111338221 ], [ 135.784285389859349, 33.478850691927391 ], [ 135.784278644297189, 33.478971508551695 ], [ 135.783982965869455, 33.479000932644084 ], [ 135.783905745957838, 33.478679729374825 ], [ 135.783708079144958, 33.478568646342993 ], [ 135.782839293355153, 33.478848193201351 ], [ 135.782425543997903, 33.47864278997131 ], [ 135.782292070514075, 33.479107834261391 ], [ 135.781679209468336, 33.479809187615423 ], [ 135.781692887628282, 33.480095218663898 ], [ 135.782166286751107, 33.480861639030643 ], [ 135.782657539425429, 33.482605303242025 ], [ 135.783005053869687, 33.483163548827378 ], [ 135.783506413635507, 33.483528760078656 ], [ 135.78429956443108, 33.48381698317948 ], [ 135.785243253447078, 33.483878063947984 ], [ 135.784850301331943, 33.481871674787392 ], [ 135.784876205426258, 33.480902958202506 ], [ 135.785307485575089, 33.479866152912884 ], [ 135.785096777704297, 33.479227377735633 ] ] ] } },
{ "type": "Feature", "properties": { "CITY_NAME": "串本町", "S_NAME": "サンゴ台", "JINKO": 595, "medical_area": "30_新宮医療圏", "町丁目名": "串本町サンゴ台" }, "geometry": { "type": "Polygon", "coordinates": [ [ [ 135.782830153250217, 33.48661628938585 ], [ 135.783132465685867, 33.486642062106611 ], [ 135.783496947528477, 33.48632349502585 ], [ 135.784317908689246, 33.486354670699164 ], [ 135.784310089742092, 33.486473681791495 ], [ 135.78464373383224, 33.486447206631439 ], [ 135.784837923724695, 33.486690096957496 ], [ 135.7849065013489, 33.487260989178573 ], [ 135.785479439016314, 33.487074422184421 ], [ 135.785796700486884, 33.487154316199344 ], [ 135.788048637162831, 33.485939065795229 ], [ 135.787552842071904, 33.484908484250155 ], [ 135.788035108048689, 33.484374597805171 ], [ 135.788378047556961, 33.482877671612734 ], [ 135.78814190306764, 33.482539485211362 ], [ 135.787847772701042, 33.482843591321839 ], [ 135.78723162734633, 33.482411136754578 ], [ 135.787162226725599, 33.481917991740104 ], [ 135.786886530097377, 33.481826248460337 ], [ 135.786933752392827, 33.481424172587424 ], [ 135.786323520860492, 33.480119274404359 ], [ 135.785220005347469, 33.479314559110215 ], [ 135.785307485575089, 33.479866152912884 ], [ 135.784876205426258, 33.480902958202506 ], [ 135.784850301331943, 33.481871674787392 ], [ 135.785243253447078, 33.483878063947984 ], [ 135.784056827860411, 33.483755699628013 ], [ 135.783005053869687, 33.483163548827378 ], [ 135.782657539425429, 33.482605303242025 ], [ 135.782166286751107, 33.480861639030643 ], [ 135.781692887628282, 33.480095218663898 ], [ 135.781679209468336, 33.479809187615423 ], [ 135.781242932426636, 33.479774894838457 ], [ 135.781008476819807, 33.479558499073676 ], [ 135.780205042017968, 33.479839070180645 ], [ 135.780239730482435, 33.480172758209619 ], [ 135.779984270920806, 33.480356254312973 ], [ 135.779218369835178, 33.480274655748445 ], [ 135.779208381988553, 33.480513123718723 ], [ 135.779949712684612, 33.481046751126343 ], [ 135.779766140601197, 33.481641067723345 ], [ 135.780224275483988, 33.482278131671485 ], [ 135.780404679562679, 33.482824818604826 ], [ 135.78098027862859, 33.483524641618374 ], [ 135.780758024419214, 33.484264656012563 ], [ 135.780956260962682, 33.483990874945945 ], [ 135.781227414177181, 33.484142406277897 ], [ 135.780782968423438, 33.484640743411738 ], [ 135.78114540530504, 33.484884452119502 ], [ 135.781021424687168, 33.485238046613766 ], [ 135.781515675500231, 33.485538274715779 ], [ 135.781882013784951, 33.486225104597978 ], [ 135.781966422768647, 33.487355076641762 ], [ 135.782236492289968, 33.48736546692912 ], [ 135.782830153250217, 33.48661628938585 ] ] ] } },
{ "type": "Feature", "properties": { "CITY_NAME": "串本町", "S_NAME": "串本", "JINKO": 0, "medical_area": "30_新宮医療圏", "町丁目名": "串本町串本" }, "geometry": { "type": "Polygon", "coordinates": [ [ [ 135.773080647183917, 33.477852441834294 ], [ 135.772861515518315, 33.477708900897262 ], [ 135.772787118561894, 33.477768221822096 ], [ 135.772898797921158, 33.477855775852333 ], [ 135.773080647183917, 33.477852441834294 ] ] ] } },
{ "type": "Feature", "properties": { "CITY_NAME": "串本町", "S_NAME": "串本", "JINKO": 49, "medical_area": "30_新宮医療圏", "町丁目名": "串本町串本" }, "geometry": { "type": "Polygon", "coordinates": [ [ [ 135.777468264554159, 33.477178128173911 ], [ 135.777297776551137, 33.476329669968578 ], [ 135.776967898359345, 33.476453065904387 ], [ 135.777124430806538, 33.47587654201989 ], [ 135.77614559180671, 33.474115086428661 ], [ 135.775814857944567, 33.474089134955307 ], [ 135.775733294466278, 33.473735074328374 ], [ 135.775556570334487, 33.473759554450979 ], [ 135.774930850431588, 33.473317729389272 ], [ 135.774596295813268, 33.471860047253791 ], [ 135.774955988192744, 33.471267830176529 ], [ 135.774836765917229, 33.470809442937764 ], [ 135.774561688827276, 33.470725260538174 ], [ 135.774755350322437, 33.469838849373133 ], [ 135.774170566770437, 33.469830470827823 ], [ 135.774245476970719, 33.470406561998615 ], [ 135.773784275406456, 33.471111869124272 ], [ 135.773851456557622, 33.471350094359394 ], [ 135.773577927267553, 33.47144963149519 ], [ 135.773808061476529, 33.47149146919643 ], [ 135.773668743683544, 33.471697761237053 ], [ 135.773819366659865, 33.472118166500778 ], [ 135.773612709880183, 33.472155832938881 ], [ 135.773684532286609, 33.472255148944008 ], [ 135.773433276273607, 33.472485472542843 ], [ 135.773039628533951, 33.472437702450236 ], [ 135.772917564598117, 33.472206704742867 ], [ 135.772776305653963, 33.472332685692464 ], [ 135.772811152470297, 33.472165935650338 ], [ 135.772570497733312, 33.472448686501956 ], [ 135.772383477687981, 33.472383537697127 ], [ 135.772222447613871, 33.472663615772092 ], [ 135.77197395073938, 33.472657815050823 ], [ 135.771556833629688, 33.472953497271398 ], [ 135.771765204252063, 33.473086589863051 ], [ 135.771800140863689, 33.472885462734467 ], [ 135.772404792536832, 33.472880353467275 ], [ 135.772534163547931, 33.473195335072504 ], [ 135.772285146808485, 33.473385928888156 ], [ 135.772685681845701, 33.473683370160543 ], [ 135.772295049180144, 33.474137169734078 ], [ 135.772083357863863, 33.47404013719175 ], [ 135.772117266863461, 33.474238570513116 ], [ 135.771676426604728, 33.474136900080019 ], [ 135.771856504388467, 33.474398714946112 ], [ 135.771687058036065, 33.47460128994161 ], [ 135.771934317093837, 33.47467556175252 ], [ 135.771677608274871, 33.475347703062113 ], [ 135.771531366105819, 33.475318697280073 ], [ 135.771645876446144, 33.475551653147726 ], [ 135.772005906309914, 33.475705591412641 ], [ 135.771908587787152, 33.475894770764221 ], [ 135.77150907767728, 33.47603099188207 ], [ 135.771813095650771, 33.476206527334284 ], [ 135.772219906537543, 33.47574824518744 ], [ 135.773175995926096, 33.475910594279021 ], [ 135.773177393229361, 33.475783232717625 ], [ 135.774533684457651, 33.47511673794272 ], [ 135.77505537805726, 33.47601316971199 ], [ 135.774656759940171, 33.477063771271446 ], [ 135.774916398063709, 33.477783619338339 ], [ 135.774887144301175, 33.478289641760966 ], [ 135.777468264554159, 33.477178128173911 ] ] ] } },
{ "type": "Feature", "properties": { "CITY_NAME": "串本町", "S_NAME": "須江", "JINKO": 152, "medical_area": "30_新宮医療圏", "町丁目名": "串本町須江" }, "geometry": { "type": "Polygon", "coordinates": [ [ [ 135.827777997839576, 33.473079510354623 ], [ 135.828150153247435, 33.47273342480289 ], [ 135.829037290301272, 33.47240212134956 ], [ 135.829445281278794, 33.472075240504147 ], [ 135.829673904717936, 33.471728956573337 ], [ 135.829766391825189, 33.47084287943175 ], [ 135.830530494553841, 33.470808395728369 ], [ 135.830801133922364, 33.470561352013092 ], [ 135.831112528290504, 33.469770526053807 ], [ 135.832115191728832, 33.469397087033862 ], [ 135.833380269793594, 33.469597121905473 ], [ 135.83470245705513, 33.469481343448159 ], [ 135.835503566865668, 33.469135229126522 ], [ 135.837348827155182, 33.466852936512545 ], [ 135.838274311267497, 33.465417606457336 ], [ 135.839367351735916, 33.462439742060795 ], [ 135.840343027127858, 33.461251886049439 ], [ 135.840787365376343, 33.460047330421439 ], [ 135.840457794209982, 33.460259654360229 ], [ 135.840219789776938, 33.459773314236436 ], [ 135.839675552651187, 33.459688953642875 ], [ 135.839688315792614, 33.45914262965087 ], [ 135.839265810980777, 33.458959803725655 ], [ 135.839147353777719, 33.458392467440703 ], [ 135.838564002156886, 33.457900348483427 ], [ 135.839000721623819, 33.457305809202175 ], [ 135.838583211466187, 33.456076528992561 ], [ 135.838884093935093, 33.456287939430275 ], [ 135.838899375752504, 33.455517902357109 ], [ 135.839220008264874, 33.455500263036718 ], [ 135.839160453712736, 33.455091633970852 ], [ 135.838933470997887, 33.455074167878337 ], [ 135.839346024366137, 33.454782766290847 ], [ 135.839499713005893, 33.454234642273903 ], [ 135.839433952501452, 33.453680897944821 ], [ 135.839061343859555, 33.453890640141921 ], [ 135.838992200250317, 33.454701186254759 ], [ 135.838990755106124, 33.454280794762091 ], [ 135.838843377012608, 33.454270753641723 ], [ 135.838514140401458, 33.45556617270222 ], [ 135.838200921559178, 33.455648624235863 ], [ 135.837180559653689, 33.455280509008503 ], [ 135.837535253354332, 33.454838021725308 ], [ 135.837372703424307, 33.454259085902898 ], [ 135.837300909486657, 33.454724183299113 ], [ 135.837266074292415, 33.454327422490763 ], [ 135.837013718472008, 33.454685226175833 ], [ 135.836713730352244, 33.454583703272583 ], [ 135.836911020429653, 33.453700351112609 ], [ 135.83721807825961, 33.453440101387748 ], [ 135.836897988101128, 33.453152296063607 ], [ 135.836776232914843, 33.453252177734349 ], [ 135.83638992309838, 33.452713221638135 ], [ 135.835758702016307, 33.453737806224503 ], [ 135.83587779088856, 33.453939973851853 ], [ 135.835421277436183, 33.454145651157269 ], [ 135.83482425579038, 33.454739127724643 ], [ 135.834210263855226, 33.454576875133476 ], [ 135.835007092753614, 33.453490614426535 ], [ 135.834911088452884, 33.45304162782891 ], [ 135.834500544712341, 33.452821031305128 ], [ 135.834047033013121, 33.453153205257877 ], [ 135.833586296311807, 33.453960404297518 ], [ 135.833691119030135, 33.454315839265739 ], [ 135.833981168294201, 33.454555156219122 ], [ 135.833673867299524, 33.454979353621368 ], [ 135.832592872887204, 33.45553043226198 ], [ 135.832391151237374, 33.455224735763501 ], [ 135.832002773306954, 33.455244781932088 ], [ 135.831911679912764, 33.455670395793518 ], [ 135.832186642610765, 33.455965767161167 ], [ 135.833047519934951, 33.456313199576087 ], [ 135.834093537050649, 33.456358827654654 ], [ 135.833642964988087, 33.457007114143707 ], [ 135.834163864152998, 33.457423112728478 ], [ 135.833953072059558, 33.458359391549159 ], [ 135.834345415088876, 33.458949060329253 ], [ 135.834267001013359, 33.459550224087579 ], [ 135.834613527737844, 33.461270794054442 ], [ 135.834524879974083, 33.461733603244419 ], [ 135.834233416771042, 33.46231143415654 ], [ 135.833788668002683, 33.462346357659868 ], [ 135.833236994900233, 33.462006090816665 ], [ 135.832875785212593, 33.461248514115141 ], [ 135.832818704972055, 33.461502301711604 ], [ 135.832578033515659, 33.461461693940883 ], [ 135.831083869780315, 33.46056653847468 ], [ 135.831469405723823, 33.461640270850367 ], [ 135.83137829538893, 33.461904170943015 ], [ 135.829918955812985, 33.463390584130089 ], [ 135.829245672568163, 33.4634150413426 ], [ 135.828886679190134, 33.463830464666366 ], [ 135.828342462411172, 33.464065015818527 ], [ 135.827983378648327, 33.464523830507659 ], [ 135.827725844507, 33.464614496883662 ], [ 135.827944401757804, 33.465166798114673 ], [ 135.82754045388927, 33.46584139375549 ], [ 135.827897199088881, 33.465918521310648 ], [ 135.828208584688468, 33.465788479333831 ], [ 135.82857478356317, 33.465992981917289 ], [ 135.827825126882487, 33.466216546150363 ], [ 135.827545960122592, 33.466516826688277 ], [ 135.827604340975, 33.466884909578461 ], [ 135.828078213932145, 33.46740740644249 ], [ 135.827967595009284, 33.467856412809404 ], [ 135.826785292055462, 33.468318052407945 ], [ 135.826850728348745, 33.46855765388085 ], [ 135.827256747679826, 33.468732909301018 ], [ 135.828661884392346, 33.469093797016342 ], [ 135.829189416672904, 33.471740986805855 ], [ 135.829035597992601, 33.47176839442298 ], [ 135.828235018504699, 33.471159795276527 ], [ 135.827597839502857, 33.471232476565326 ], [ 135.827136091162004, 33.471462064287692 ], [ 135.825795751707915, 33.472676958875383 ], [ 135.825365787475533, 33.472795842472301 ], [ 135.82550423152486, 33.472901982170605 ], [ 135.82521349862941, 33.473095446392819 ], [ 135.826010817252609, 33.473351271610106 ], [ 135.827777997839576, 33.473079510354623 ] ] ] } },
{ "type": "Feature", "properties": { "CITY_NAME": "串本町", "S_NAME": "姫川", "JINKO": 9, "medical_area": "30_新宮医療圏", "町丁目名": "串本町姫川" }, "geometry": { "type": "Polygon", "coordinates": [ [ [ 135.791199809948409, 33.506552577902589 ], [ 135.791627520019915, 33.506054826872138 ], [ 135.791407019021591, 33.505846221345678 ], [ 135.789930438197104, 33.505288342259249 ], [ 135.789958937683821, 33.504906579116316 ], [ 135.789656476539847, 33.504315737645747 ], [ 135.789642677334683, 33.503588158384062 ], [ 135.78941286944189, 33.503604394754461 ], [ 135.788878830861194, 33.503016261300189 ], [ 135.788109840146348, 33.502872090686395 ], [ 135.786840380643525, 33.502987986001045 ], [ 135.786235613558489, 33.502800128068444 ], [ 135.78507650719726, 33.50355836663249 ], [ 135.784335978454465, 33.503599352271607 ], [ 135.783729102399917, 33.504674694430967 ], [ 135.782564947517386, 33.505192266939112 ], [ 135.782204688742496, 33.505692357684225 ], [ 135.781172306532483, 33.506472480620452 ], [ 135.779911302904537, 33.506921101445485 ], [ 135.779034171711885, 33.507509307653791 ], [ 135.778152799648439, 33.507541270114274 ], [ 135.777581418771092, 33.508166077214327 ], [ 135.775173357101806, 33.508365753813457 ], [ 135.774518311062934, 33.50994730481974 ], [ 135.774270531878386, 33.511082131845399 ], [ 135.774258887098966, 33.511478287953892 ], [ 135.774529434229464, 33.512170817328105 ], [ 135.774479833869947, 33.51252998776161 ], [ 135.775010808585279, 33.513707073490288 ], [ 135.774939932891499, 33.514666383902302 ], [ 135.774284216210134, 33.51649502767485 ], [ 135.774666828888769, 33.51799165707515 ], [ 135.775569362743539, 33.519034448196827 ], [ 135.775044221176756, 33.520354727251572 ], [ 135.775333244727364, 33.521564896509823 ], [ 135.775985448961222, 33.521634267026329 ], [ 135.776547544869885, 33.521196283336813 ], [ 135.777304045390849, 33.521034219184486 ], [ 135.777925683275328, 33.521168049560352 ], [ 135.778825989088062, 33.522037798898701 ], [ 135.780070044167701, 33.521989014121438 ], [ 135.780600121287392, 33.52215845384972 ], [ 135.781147553741931, 33.522711130755383 ], [ 135.781388082811418, 33.524100687322807 ], [ 135.783773273123785, 33.525519649340687 ], [ 135.784934487917781, 33.52422862660589 ], [ 135.78537847362071, 33.523051597902359 ], [ 135.78618001736254, 33.522244591095863 ], [ 135.786208652248291, 33.521805922392858 ], [ 135.785742296398496, 33.520812150046098 ], [ 135.787039665689861, 33.520190840323473 ], [ 135.787345325576382, 33.519198392726835 ], [ 135.788229369844686, 33.518460816049156 ], [ 135.788313835405773, 33.517721863112648 ], [ 135.788039098559835, 33.517305771121983 ], [ 135.788494994884758, 33.516902486634798 ], [ 135.788718059593663, 33.515840572457783 ], [ 135.789215709712778, 33.515264063874021 ], [ 135.78929983689153, 33.514663741313903 ], [ 135.789659654642946, 33.514063889229512 ], [ 135.789577544035495, 33.51380958698887 ], [ 135.788778342757865, 33.513669589715917 ], [ 135.788062619858692, 33.513206532808532 ], [ 135.788063880210615, 33.512675387369384 ], [ 135.788396409012506, 33.511959962631956 ], [ 135.788344023675393, 33.510805143887865 ], [ 135.789491940577449, 33.510489536232747 ], [ 135.789811074160696, 33.510214215534397 ], [ 135.789843426972823, 33.510000963728217 ], [ 135.78911781724176, 33.509319514347581 ], [ 135.789065890963201, 33.508830256576353 ], [ 135.790225194010134, 33.507933910086571 ], [ 135.791686023105513, 33.507460445635246 ], [ 135.791760586897141, 33.507354057880569 ], [ 135.791220500747528, 33.506783953768007 ], [ 135.791199809948409, 33.506552577902589 ] ] ] } },
{ "type": "Feature", "properties": { "CITY_NAME": "串本町", "S_NAME": "姫", "JINKO": 208, "medical_area": "30_新宮医療圏", "町丁目名": "串本町姫" }, "geometry": { "type": "Polygon", "coordinates": [ [ [ 135.793524687300902, 33.506574220131661 ], [ 135.794278160448499, 33.506682267268275 ], [ 135.79472431308298, 33.506567475951371 ], [ 135.795158910150093, 33.506852510968372 ], [ 135.796294477114401, 33.50701471504776 ], [ 135.796655598191052, 33.506944016223152 ], [ 135.797049293267094, 33.506544530789576 ], [ 135.797835641252647, 33.506216688345468 ], [ 135.798133708082645, 33.505861562821622 ], [ 135.797784673597533, 33.505282780801963 ], [ 135.797987251419926, 33.504900731977749 ], [ 135.797044784144134, 33.503858578730032 ], [ 135.79705840921892, 33.503579919202508 ], [ 135.797444917206661, 33.503350614963246 ], [ 135.798257488607504, 33.503369121652788 ], [ 135.799239528365064, 33.502549319196739 ], [ 135.800854618473466, 33.502526550697681 ], [ 135.80136411048457, 33.501795579086505 ], [ 135.802197222892914, 33.501703352823846 ], [ 135.803255645779018, 33.500281753046814 ], [ 135.802004589249748, 33.499844703341388 ], [ 135.801333242586082, 33.499875195121938 ], [ 135.800585518910765, 33.500210728986893 ], [ 135.80008193290098, 33.500180053869833 ], [ 135.798708910967463, 33.499234162983548 ], [ 135.797884741665229, 33.498145721666042 ], [ 135.797045547558298, 33.496386331389189 ], [ 135.797213285679391, 33.495429960595864 ], [ 135.796954111600627, 33.494982635137198 ], [ 135.797076012256554, 33.494270491300767 ], [ 135.796007994806843, 33.493497514259701 ], [ 135.795260233834654, 33.492470043231357 ], [ 135.794924673946014, 33.491727563577662 ], [ 135.795000738690646, 33.49084261411069 ], [ 135.795550082262054, 33.489723999827461 ], [ 135.795336485163091, 33.489459339178794 ], [ 135.794715789941563, 33.489478325861448 ], [ 135.79439480824027, 33.48994245491334 ], [ 135.79401932549905, 33.49131410870833 ], [ 135.793550900692878, 33.492128808201237 ], [ 135.79384520937532, 33.493229648228876 ], [ 135.794628473996539, 33.493864665809625 ], [ 135.795074744541608, 33.49458168661824 ], [ 135.795161114668929, 33.494905030521778 ], [ 135.795009814638831, 33.495383527088187 ], [ 135.79435552645964, 33.495852458479639 ], [ 135.794098419900848, 33.496361209595136 ], [ 135.793537847599737, 33.496264195947262 ], [ 135.791832636492785, 33.496915932472618 ], [ 135.791288536614786, 33.497760923483384 ], [ 135.790907554023931, 33.498016422305675 ], [ 135.790838219678704, 33.49839839833686 ], [ 135.79020327578985, 33.498944544987076 ], [ 135.790064796047233, 33.49924722334061 ], [ 135.790229156947532, 33.500028591568743 ], [ 135.790086509488816, 33.500602335135369 ], [ 135.7906833605835, 33.501161262945068 ], [ 135.790122991798597, 33.501719367958813 ], [ 135.790014001979841, 33.502909417461304 ], [ 135.789642677334683, 33.503588158384062 ], [ 135.789656476539818, 33.504315737645747 ], [ 135.789958937683821, 33.504906579116295 ], [ 135.789930438197104, 33.505288342259249 ], [ 135.791407019021591, 33.505846221345678 ], [ 135.791627520019887, 33.506054826872159 ], [ 135.791603958523439, 33.506233154849319 ], [ 135.792230071134099, 33.506331981984943 ], [ 135.79275921420961, 33.507044363547159 ], [ 135.79330075504987, 33.507000745756159 ], [ 135.793524687300902, 33.506574220131661 ] ] ] } },
{ "type": "Feature", "properties": { "CITY_NAME": "串本町", "S_NAME": "伊串", "JINKO": 0, "medical_area": "30_新宮医療圏", "町丁目名": "串本町伊串" }, "geometry": { "type": "Polygon", "coordinates": [ [ [ 135.811720075023203, 33.500264113345857 ], [ 135.811593189794081, 33.500193475768285 ], [ 135.811577929031102, 33.50041183392198 ], [ 135.811720075023203, 33.500264113345857 ] ] ] } },
{ "type": "Feature", "properties": { "CITY_NAME": "串本町", "S_NAME": "伊串", "JINKO": 203, "medical_area": "30_新宮医療圏", "町丁目名": "串本町伊串" }, "geometry": { "type": "Polygon", "coordinates": [ [ [ 135.786611375868745, 33.525177168188783 ], [ 135.787489357741578, 33.525229688008025 ], [ 135.788304985705054, 33.525854371237642 ], [ 135.789969533215753, 33.52594372591647 ], [ 135.791585754970868, 33.526235289437011 ], [ 135.791562839721024, 33.525863593593598 ], [ 135.792184226549267, 33.524464240043308 ], [ 135.792131606835824, 33.523229710625714 ], [ 135.794230773469934, 33.523591650458719 ], [ 135.794909314232768, 33.523420619662524 ], [ 135.795881560043398, 33.521717234762143 ], [ 135.797178597772671, 33.521643863201476 ], [ 135.797571761119116, 33.521324126177518 ], [ 135.798045280950731, 33.520623843751217 ], [ 135.798379894518291, 33.520409110250419 ], [ 135.798360675789951, 33.519756770457306 ], [ 135.79918263625089, 33.51911733074347 ], [ 135.800468428214401, 33.517624275949004 ], [ 135.801469839851336, 33.516884231263184 ], [ 135.802544624282518, 33.516709541563088 ], [ 135.802595463386211, 33.516176778916872 ], [ 135.802959563088564, 33.51550756766207 ], [ 135.803935576838171, 33.514402560107378 ], [ 135.80502881651708, 33.514204491221051 ], [ 135.805468022592976, 33.513239804166382 ], [ 135.806114093939385, 33.513090902798851 ], [ 135.806175323320389, 33.512342312780461 ], [ 135.807107915053052, 33.512909567035713 ], [ 135.807669929437907, 33.512573427140204 ], [ 135.807770201109122, 33.512140770377606 ], [ 135.808406477187646, 33.511917171485706 ], [ 135.808778533003931, 33.51155875513934 ], [ 135.80835271076063, 33.51107851240009 ], [ 135.808848532337521, 33.51059179258808 ], [ 135.808499995097208, 33.51025002200965 ], [ 135.808607914196301, 33.50968944471223 ], [ 135.809744090080926, 33.509171015422922 ], [ 135.809948501834896, 33.508846152623988 ], [ 135.809929875968749, 33.508480655906425 ], [ 135.811192530425075, 33.507775305671586 ], [ 135.811475066391012, 33.507207101183816 ], [ 135.811333134807995, 33.505508316532044 ], [ 135.810710422934676, 33.504097343789176 ], [ 135.810864464549354, 33.502199218289014 ], [ 135.809664274826332, 33.502865493095953 ], [ 135.809206519948077, 33.502825061382055 ], [ 135.807833230792255, 33.501848269765084 ], [ 135.808001032296005, 33.50279446829699 ], [ 135.807131341084727, 33.50286554372812 ], [ 135.807009149457883, 33.503201237913224 ], [ 135.805208929156038, 33.502316461708766 ], [ 135.80404924677714, 33.501339681512384 ], [ 135.803255645779018, 33.500281753046814 ], [ 135.802197222892914, 33.501703352823846 ], [ 135.80136411048457, 33.501795579086505 ], [ 135.800854618473466, 33.502526550697681 ], [ 135.799239528365064, 33.502549319196739 ], [ 135.798257488607504, 33.503369121652788 ], [ 135.797444917206661, 33.503350614963246 ], [ 135.79705840921892, 33.503579919202508 ], [ 135.797044784144134, 33.503858578730032 ], [ 135.797987251419926, 33.504900731977749 ], [ 135.797784673597533, 33.505282780801963 ], [ 135.798133708082645, 33.505861562821622 ], [ 135.797835641252647, 33.506216688345468 ], [ 135.797049293267094, 33.506544530789576 ], [ 135.796655598191052, 33.506944016223152 ], [ 135.795158910150093, 33.506852510968372 ], [ 135.79472431308298, 33.506567475951371 ], [ 135.794278160448499, 33.506682267268275 ], [ 135.793694692140349, 33.506503494127358 ], [ 135.79330075504987, 33.507000745756159 ], [ 135.79275921420961, 33.507044363547159 ], [ 135.792017972472422, 33.506233849402435 ], [ 135.791263860695182, 33.506401651439752 ], [ 135.791220500747528, 33.506783953767993 ], [ 135.791760586897141, 33.507354057880569 ], [ 135.790225194010134, 33.507933910086571 ], [ 135.789140501674325, 33.508705836960345 ], [ 135.78911781724176, 33.50931951434756 ], [ 135.789843426972823, 33.510000963728217 ], [ 135.789811074160696, 33.510214215534397 ], [ 135.789491940577449, 33.510489536232747 ], [ 135.788344023675393, 33.510805143887865 ], [ 135.788396409012506, 33.511959962631956 ], [ 135.788063880210615, 33.512675387369391 ], [ 135.788062619858692, 33.513206532808532 ], [ 135.788778342757865, 33.513669589715917 ], [ 135.789577544035495, 33.51380958698887 ], [ 135.789659654642975, 33.514063889229512 ], [ 135.78929983689153, 33.514663741313903 ], [ 135.789215709712778, 33.515264063874007 ], [ 135.788718059593691, 33.515840572457783 ], [ 135.788494994884758, 33.516902486634798 ], [ 135.788039098559835, 33.517305771121983 ], [ 135.788313835405802, 33.517721863112634 ], [ 135.788229369844686, 33.518460816049156 ], [ 135.78734532557641, 33.519198392726835 ], [ 135.787039665689946, 33.52019084032348 ], [ 135.785742296398496, 33.520812150046098 ], [ 135.786208652248291, 33.521805922392865 ], [ 135.78618001736254, 33.522244591095863 ], [ 135.78537847362071, 33.523051597902359 ], [ 135.784934487917781, 33.52422862660589 ], [ 135.783773273123785, 33.525519649340687 ], [ 135.783120274748001, 33.526447787810923 ], [ 135.783119556388186, 33.52674392728931 ], [ 135.784459127040435, 33.527573828668672 ], [ 135.785105458314433, 33.527605669061955 ], [ 135.78530321646042, 33.526513025084746 ], [ 135.786611375868745, 33.525177168188783 ] ] ] } },
{ "type": "Feature", "properties": { "CITY_NAME": "串本町", "S_NAME": "西向", "JINKO": 203, "medical_area": "30_新宮医療圏", "町丁目名": "串本町西向" }, "geometry": { "type": "Polygon", "coordinates": [ [ [ 135.815314250615955, 33.512639066982942 ], [ 135.814885987040128, 33.511006087290887 ], [ 135.816012061411641, 33.510874187807723 ], [ 135.816419443466316, 33.510263327071989 ], [ 135.816666170884673, 33.510267915678405 ], [ 135.817004773216155, 33.510600066480862 ], [ 135.817405786843352, 33.510579238206496 ], [ 135.81928621711802, 33.509990802076793 ], [ 135.818406989652345, 33.507188647479445 ], [ 135.816667615115364, 33.505937539178248 ], [ 135.815126569444089, 33.505388047207248 ], [ 135.814165203217584, 33.504848981605505 ], [ 135.812486920647615, 33.503394736249525 ], [ 135.812166369356589, 33.502926778173212 ], [ 135.81141889685864, 33.502560458954477 ], [ 135.811052517882615, 33.502184287806209 ], [ 135.810864464549354, 33.502199218289014 ], [ 135.810710422934676, 33.504097343789176 ], [ 135.811333134807995, 33.505508316532044 ], [ 135.811475066391012, 33.507207101183816 ], [ 135.811192530425075, 33.507775305671586 ], [ 135.809929875968749, 33.508480655906425 ], [ 135.809948501834896, 33.508846152623988 ], [ 135.809744090080926, 33.509171015422922 ], [ 135.808607914196301, 33.50968944471223 ], [ 135.808499995097208, 33.51025002200965 ], [ 135.808848532337521, 33.51059179258808 ], [ 135.80835271076063, 33.51107851240009 ], [ 135.808778533003931, 33.51155875513934 ], [ 135.808406477187646, 33.511917171485706 ], [ 135.808842500169789, 33.512417150269755 ], [ 135.809388240674764, 33.51271751373897 ], [ 135.810153122705003, 33.512751928675662 ], [ 135.81080928523977, 33.512519894575654 ], [ 135.811742772583386, 33.512679382413019 ], [ 135.812711606190987, 33.512568410102382 ], [ 135.813228057139582, 33.512635964533558 ], [ 135.814150634480427, 33.513261481603969 ], [ 135.815015469420842, 33.51300465634457 ], [ 135.815314250615955, 33.512639066982942 ] ] ] } },
{ "type": "Feature", "properties": { "CITY_NAME": "串本町", "S_NAME": "神野川", "JINKO": 185, "medical_area": "30_新宮医療圏", "町丁目名": "串本町神野川" }, "geometry": { "type": "Polygon", "coordinates": [ [ [ 135.81083144175372, 33.525084660831745 ], [ 135.81077331017309, 33.524179226002722 ], [ 135.811510251581467, 33.523530851043098 ], [ 135.811411585873429, 33.522868527004896 ], [ 135.81409162951141, 33.521272071503773 ], [ 135.814957796596019, 33.518971520738745 ], [ 135.817917900774177, 33.517639404322104 ], [ 135.818728320198773, 33.516469228652603 ], [ 135.81905051160399, 33.515363147144427 ], [ 135.818807069430505, 33.514057308852053 ], [ 135.819889634826609, 33.513384011880909 ], [ 135.819543090233253, 33.513184011366988 ], [ 135.819748294294328, 33.512839972556293 ], [ 135.819476805390252, 33.512735321897786 ], [ 135.819687658286227, 33.512290132800082 ], [ 135.8194540307409, 33.512302757294144 ], [ 135.820154213670691, 33.511790081411831 ], [ 135.82122249443816, 33.511746811587244 ], [ 135.8210622054699, 33.511521723254255 ], [ 135.820497510447154, 33.511440324913146 ], [ 135.820039755080927, 33.51110463177109 ], [ 135.81928621711802, 33.509990802076793 ], [ 135.817405786843352, 33.510579238206496 ], [ 135.817004773216155, 33.510600066480862 ], [ 135.816666170884673, 33.510267915678405 ], [ 135.816419443466316, 33.510263327071989 ], [ 135.816012061411641, 33.510874187807723 ], [ 135.814885987040128, 33.511006087290887 ], [ 135.815314250615955, 33.512639066982942 ], [ 135.815015469420842, 33.51300465634457 ], [ 135.814538197006158, 33.513203729116285 ], [ 135.814021572027542, 33.513227757189348 ], [ 135.813228057139582, 33.512635964533558 ], [ 135.812711606190987, 33.512568410102382 ], [ 135.811742772583386, 33.512679382413019 ], [ 135.81080928523977, 33.512519894575654 ], [ 135.810153122705003, 33.512751928675662 ], [ 135.809388240674764, 33.51271751373897 ], [ 135.808842500169789, 33.512417150269755 ], [ 135.808406477187646, 33.511917171485706 ], [ 135.807770201109122, 33.512140770377606 ], [ 135.807669929437907, 33.512573427140204 ], [ 135.807107915053052, 33.512909567035713 ], [ 135.806175323320389, 33.512342312780461 ], [ 135.806114093939385, 33.513090902798851 ], [ 135.805468022592976, 33.513239804166382 ], [ 135.80502881651708, 33.514204491221051 ], [ 135.803935576838171, 33.514402560107378 ], [ 135.802959563088564, 33.51550756766207 ], [ 135.802595463386211, 33.516176778916872 ], [ 135.802544624282518, 33.516709541563088 ], [ 135.801469839851336, 33.516884231263184 ], [ 135.800468428214401, 33.517624275949004 ], [ 135.79918263625089, 33.51911733074347 ], [ 135.798360675789951, 33.519756770457306 ], [ 135.798379894518291, 33.520409110250419 ], [ 135.798045280950731, 33.520623843751217 ], [ 135.797571761119116, 33.521324126177518 ], [ 135.797178597772671, 33.521643863201476 ], [ 135.795881560043398, 33.521717234762143 ], [ 135.794909314232768, 33.523420619662524 ], [ 135.795246627333881, 33.523629411009601 ], [ 135.795166481583522, 33.523920347326978 ], [ 135.796000021012532, 33.524371158001365 ], [ 135.79676526384705, 33.524280847503057 ], [ 135.797316673760633, 33.524585786469089 ], [ 135.799622164329293, 33.525097552936103 ], [ 135.803476848405836, 33.526643028736096 ], [ 135.803846328994211, 33.526976105358727 ], [ 135.803992747377151, 33.527635687405429 ], [ 135.804288686734253, 33.527887777542468 ], [ 135.806193399455253, 33.528592100713986 ], [ 135.807374631447857, 33.526956825713349 ], [ 135.8091468728216, 33.526590713693416 ], [ 135.809738957770776, 33.52583730731164 ], [ 135.81083144175372, 33.525084660831745 ] ] ] } },
{ "type": "Feature", "properties": { "CITY_NAME": "串本町", "S_NAME": "西向", "JINKO": 195, "medical_area": "30_新宮医療圏", "町丁目名": "串本町西向" }, "geometry": { "type": "Polygon", "coordinates": [ [ [ 135.82558834004152, 33.51696957510373 ], [ 135.826896148621302, 33.514049891681665 ], [ 135.824998697941936, 33.514440900646449 ], [ 135.824189855807077, 33.51418644574359 ], [ 135.821824960697995, 33.512600057210975 ], [ 135.82122249443816, 33.511746811587244 ], [ 135.820154213670691, 33.511790081411831 ], [ 135.8194540307409, 33.512302757294144 ], [ 135.819687658286227, 33.512290132800082 ], [ 135.819476805390252, 33.512735321897786 ], [ 135.819748294294328, 33.512839972556293 ], [ 135.819543090233253, 33.513184011366988 ], [ 135.820616317263443, 33.514006383623595 ], [ 135.820788571683266, 33.513830236633353 ], [ 135.821247222929259, 33.514187909159475 ], [ 135.821115778723453, 33.514290852428658 ], [ 135.822036495701042, 33.515196965819648 ], [ 135.822057458761179, 33.514692045284313 ], [ 135.823114449850976, 33.514992512888625 ], [ 135.824129800676786, 33.515577793044741 ], [ 135.823804551340743, 33.515970419665756 ], [ 135.824149479268897, 33.516285089422936 ], [ 135.824231357262335, 33.516165448359267 ], [ 135.82558834004152, 33.51696957510373 ] ] ] } },
{ "type": "Feature", "properties": { "CITY_NAME": "串本町", "S_NAME": "西向", "JINKO": 106, "medical_area": "30_新宮医療圏", "町丁目名": "串本町西向" }, "geometry": { "type": "Polygon", "coordinates": [ [ [ 135.821247222929259, 33.514187909159475 ], [ 135.820788571683266, 33.513830236633353 ], [ 135.820616317263443, 33.514006383623595 ], [ 135.819889634826609, 33.513384011880909 ], [ 135.818905738015246, 33.513933750159985 ], [ 135.818798561813765, 33.514208611680147 ], [ 135.819041830372896, 33.515589967794696 ], [ 135.8185234157325, 33.516794667770917 ], [ 135.82103384409308, 33.517484430931319 ], [ 135.82190454770236, 33.517441439281569 ], [ 135.822036495701042, 33.515196965819648 ], [ 135.821115778723453, 33.514290852428658 ], [ 135.821247222929259, 33.514187909159475 ] ] ] } },
{ "type": "Feature", "properties": { "CITY_NAME": "串本町", "S_NAME": "西向", "JINKO": 262, "medical_area": "30_新宮医療圏", "町丁目名": "串本町西向" }, "geometry": { "type": "Polygon", "coordinates": [ [ [ 135.825030509259506, 33.517985742057768 ], [ 135.82558834004152, 33.51696957510373 ], [ 135.824231357262335, 33.516165448359267 ], [ 135.824149479268897, 33.516285089422936 ], [ 135.823804551340743, 33.515970419665756 ], [ 135.824129800676786, 33.515577793044741 ], [ 135.822965772864904, 33.514922703414946 ], [ 135.822894259712115, 33.515021225356307 ], [ 135.822057458761179, 33.514692045284313 ], [ 135.82190454770236, 33.517441439281569 ], [ 135.822489987269648, 33.517592461099632 ], [ 135.822729737340637, 33.517252410417008 ], [ 135.822992537082087, 33.517352815026243 ], [ 135.823100461863504, 33.517172628264767 ], [ 135.825030509259506, 33.517985742057768 ] ] ] } },
{ "type": "Feature", "properties": { "CITY_NAME": "串本町", "S_NAME": "西向", "JINKO": 292, "medical_area": "30_新宮医療圏", "町丁目名": "串本町西向" }, "geometry": { "type": "Polygon", "coordinates": [ [ [ 135.81836134329302, 33.525628175847316 ], [ 135.823417041691869, 33.520285899710728 ], [ 135.825030509259506, 33.517985742057768 ], [ 135.823100461863504, 33.517172628264767 ], [ 135.822992537082087, 33.517352815026243 ], [ 135.822729737340637, 33.517252410417008 ], [ 135.822489987269648, 33.517592461099632 ], [ 135.82190454770236, 33.517441439281569 ], [ 135.821238583483762, 33.517508957861907 ], [ 135.8185234157325, 33.516794667770917 ], [ 135.817917900774177, 33.517639404322104 ], [ 135.814957796596019, 33.518971520738745 ], [ 135.81409162951141, 33.521272071503773 ], [ 135.811411585873429, 33.522868527004896 ], [ 135.811510251581467, 33.523530851043098 ], [ 135.813361890062197, 33.523449675763594 ], [ 135.81836134329302, 33.525628175847316 ] ] ] } },
{ "type": "Feature", "properties": { "CITY_NAME": "串本町", "S_NAME": "古田", "JINKO": 87, "medical_area": "30_新宮医療圏", "町丁目名": "串本町古田" }, "geometry": { "type": "Polygon", "coordinates": [ [ [ 135.810319604217483, 33.535753305965656 ], [ 135.81836134329302, 33.525628175847316 ], [ 135.813361890062197, 33.523449675763594 ], [ 135.811510251581467, 33.523530851043098 ], [ 135.810803584927299, 33.524062053200502 ], [ 135.81083144175372, 33.525084660831745 ], [ 135.809738957770776, 33.52583730731164 ], [ 135.8091468728216, 33.526590713693416 ], [ 135.807374631447857, 33.526956825713349 ], [ 135.806193399455253, 33.528592100713986 ], [ 135.804288686734253, 33.527887777542468 ], [ 135.803992747377151, 33.527635687405429 ], [ 135.803846328994211, 33.526976105358727 ], [ 135.803476848405836, 33.526643028736096 ], [ 135.800830582711058, 33.525502146303012 ], [ 135.797316673760633, 33.524585786469089 ], [ 135.79676526384705, 33.524280847503057 ], [ 135.796000021012532, 33.524371158001365 ], [ 135.795255734624817, 33.523995447086463 ], [ 135.795246627333881, 33.523629411009601 ], [ 135.794825581047547, 33.523386949856494 ], [ 135.794230773469934, 33.523591650458719 ], [ 135.792131606835824, 33.523229710625714 ], [ 135.792184226549267, 33.524464240043308 ], [ 135.791562839721024, 33.525863593593598 ], [ 135.791585754970868, 33.526235289437011 ], [ 135.793771748325838, 33.526770110571903 ], [ 135.794590440606754, 33.52743195234229 ], [ 135.795780055049107, 33.527042269977599 ], [ 135.797023402619658, 33.527422464873865 ], [ 135.798085311987165, 33.527437722430925 ], [ 135.799748779081966, 33.527785303669006 ], [ 135.799937994355361, 33.528223765423043 ], [ 135.799762489656985, 33.528741097785527 ], [ 135.800030928201977, 33.529192929617004 ], [ 135.799918561276399, 33.529816592227014 ], [ 135.800470947773448, 33.530879482342279 ], [ 135.800977523651255, 33.531172212841021 ], [ 135.801293351923164, 33.531690617462509 ], [ 135.805268939112608, 33.533037608090275 ], [ 135.805187384138321, 33.534085958877235 ], [ 135.806613782800724, 33.534181182236985 ], [ 135.807247239666651, 33.534447602191193 ], [ 135.808037890936561, 33.535338394247042 ], [ 135.808637120611934, 33.536786234175686 ], [ 135.808985552916425, 33.53691948785881 ], [ 135.809969047369691, 33.536602319400494 ], [ 135.810319604217483, 33.535753305965656 ] ] ] } },
{ "type": "Feature", "properties": { "CITY_NAME": "串本町", "S_NAME": "中湊", "JINKO": 263, "medical_area": "30_新宮医療圏", "町丁目名": "串本町中湊" }, "geometry": { "type": "Polygon", "coordinates": [ [ [ 135.832171489787669, 33.536275406961614 ], [ 135.833052560334153, 33.535926065241043 ], [ 135.834806031097258, 33.536007030685916 ], [ 135.836077533040083, 33.535235226718321 ], [ 135.83586803379842, 33.53296973380035 ], [ 135.835633752901458, 33.53236388250626 ], [ 135.834327875823647, 33.531560493396086 ], [ 135.833922463553364, 33.531049369314815 ], [ 135.833610383605475, 33.530012570554689 ], [ 135.832761354445978, 33.529671042694062 ], [ 135.831560892597565, 33.52959193211786 ], [ 135.831081349513653, 33.529220180205321 ], [ 135.831045673021322, 33.52855485317076 ], [ 135.832269533474431, 33.526004141807221 ], [ 135.831661489968582, 33.525229834654823 ], [ 135.831580754035656, 33.524785075853103 ], [ 135.832356461620236, 33.524031511849209 ], [ 135.832555498819232, 33.522994261629584 ], [ 135.834007530555624, 33.52190542332891 ], [ 135.834106775247307, 33.521522332237595 ], [ 135.833446708796316, 33.520684564339582 ], [ 135.833315309404583, 33.519056824271303 ], [ 135.83258289142961, 33.518933273111557 ], [ 135.831777764248073, 33.518517976788971 ], [ 135.831395448869188, 33.518070840120835 ], [ 135.830967203083759, 33.5179454344674 ], [ 135.830585328698817, 33.517474345087187 ], [ 135.830045926443205, 33.517266223567567 ], [ 135.827805328195552, 33.518392536632447 ], [ 135.827811627076358, 33.51858725491725 ], [ 135.827175611266284, 33.519248280615869 ], [ 135.827038081587119, 33.519706433671033 ], [ 135.827208593052887, 33.519982709248666 ], [ 135.826953867059785, 33.520396806048936 ], [ 135.826307198831387, 33.520333790293087 ], [ 135.824213566368343, 33.519260395125194 ], [ 135.823417041691869, 33.520285899710728 ], [ 135.821637065898102, 33.5220402561051 ], [ 135.823384687138116, 33.523296002798517 ], [ 135.824032263850285, 33.52358526532813 ], [ 135.824906955194422, 33.52438928349936 ], [ 135.825422245774462, 33.52623650129064 ], [ 135.826451191997421, 33.527435499869348 ], [ 135.826824838865747, 33.528429855376025 ], [ 135.82679517892339, 33.528840645391703 ], [ 135.82611597124091, 33.529311109957199 ], [ 135.82565130388096, 33.530760766063409 ], [ 135.82465272497808, 33.532161481818591 ], [ 135.824722814165483, 33.533213171675143 ], [ 135.825498281529235, 33.535196564157786 ], [ 135.825988056423142, 33.535680500482876 ], [ 135.826810067251301, 33.536020347790668 ], [ 135.827618419129266, 33.535973009212761 ], [ 135.828759229190894, 33.535660408554811 ], [ 135.829437441909789, 33.535733761077118 ], [ 135.830511703140473, 33.536261031870154 ], [ 135.832171489787669, 33.536275406961614 ] ] ] } },
{ "type": "Feature", "properties": { "CITY_NAME": "串本町", "S_NAME": "古座", "JINKO": 76, "medical_area": "30_新宮医療圏", "町丁目名": "串本町古座" }, "geometry": { "type": "Polygon", "coordinates": [ [ [ 135.827716076124887, 33.518685923178168 ], [ 135.825141702209294, 33.517783212152004 ], [ 135.824213566368343, 33.519260395125194 ], [ 135.826307198831387, 33.520333790293087 ], [ 135.826953867059785, 33.520396806048936 ], [ 135.827208593052887, 33.519982709248666 ], [ 135.827038081587119, 33.519706433671033 ], [ 135.827245063809301, 33.519084943967506 ], [ 135.827716076124887, 33.518685923178168 ] ] ] } },
{ "type": "Feature", "properties": { "CITY_NAME": "串本町", "S_NAME": "古座", "JINKO": 65, "medical_area": "30_新宮医療圏", "町丁目名": "串本町古座" }, "geometry": { "type": "Polygon", "coordinates": [ [ [ 135.829068099158746, 33.517082973703474 ], [ 135.827878132144804, 33.516893822530207 ], [ 135.827572187811427, 33.516768150046573 ], [ 135.827619944467784, 33.516658471189302 ], [ 135.826060076422806, 33.516110147777489 ], [ 135.825141702209294, 33.517783212152004 ], [ 135.827716076124887, 33.518685923178168 ], [ 135.828015134820816, 33.518224038175539 ], [ 135.829606796500627, 33.517579332283205 ], [ 135.829068099158746, 33.517082973703474 ] ] ] } },
{ "type": "Feature", "properties": { "CITY_NAME": "串本町", "S_NAME": "古座", "JINKO": 0, "medical_area": "30_新宮医療圏", "町丁目名": "串本町古座" }, "geometry": { "type": "Polygon", "coordinates": [ [ [ 135.837953228644096, 33.511527547856332 ], [ 135.8376157462761, 33.511569095575084 ], [ 135.837678246766075, 33.512094132142629 ], [ 135.837903235316531, 33.512043985734607 ], [ 135.837953228644096, 33.511527547856332 ] ] ] } },
{ "type": "Feature", "properties": { "CITY_NAME": "串本町", "S_NAME": "古座", "JINKO": 0, "medical_area": "30_新宮医療圏", "町丁目名": "串本町古座" }, "geometry": { "type": "Polygon", "coordinates": [ [ [ 135.833811127285628, 33.515613846154345 ], [ 135.834460587850998, 33.515663453949387 ], [ 135.837358166590036, 33.514247087750448 ], [ 135.839142608130857, 33.512274674207745 ], [ 135.838669864268894, 33.511837022507613 ], [ 135.838334046060538, 33.512498211584479 ], [ 135.83812045609281, 33.512610084136455 ], [ 135.837983238424528, 33.512213439464396 ], [ 135.837540759818069, 33.512254005311298 ], [ 135.837250771430433, 33.511938879093954 ], [ 135.837098283964963, 33.512722032071785 ], [ 135.836899963568897, 33.51278320167966 ], [ 135.836960804887042, 33.51322032296487 ], [ 135.836640544806897, 33.5136780804918 ], [ 135.834916203461319, 33.514166393700705 ], [ 135.834657049769589, 33.514054465765788 ], [ 135.834717881076671, 33.513780091989517 ], [ 135.835877531167171, 33.513444047995371 ], [ 135.836548871434644, 33.512386558875093 ], [ 135.836762475274639, 33.512274689148292 ], [ 135.836350548622306, 33.51233529647449 ], [ 135.836075851419793, 33.512610237023011 ], [ 135.835877525941015, 33.512447388629475 ], [ 135.835465611755893, 33.513169615222282 ], [ 135.834717872930895, 33.513169472975719 ], [ 135.834580660233286, 33.51339330775162 ], [ 135.834168741786698, 33.513332179535929 ], [ 135.834031263469285, 33.513505292970059 ], [ 135.833894034667907, 33.513393243575507 ], [ 135.833695709999745, 33.513617277626793 ], [ 135.833283791881485, 33.513668013890261 ], [ 135.833009083386912, 33.513332328974101 ], [ 135.83283265388053, 33.513443391896992 ], [ 135.832848252371093, 33.514490144759023 ], [ 135.832510000343603, 33.514581782096244 ], [ 135.832920751834081, 33.515554364526487 ], [ 135.832913341445959, 33.515966982998286 ], [ 135.833811127285628, 33.515613846154345 ] ] ] } },
{ "type": "Feature", "properties": { "CITY_NAME": "串本町", "S_NAME": "古座", "JINKO": 251, "medical_area": "30_新宮医療圏", "町丁目名": "串本町古座" }, "geometry": { "type": "Polygon", "coordinates": [ [ [ 135.831484320896919, 33.518033764785002 ], [ 135.83158165920176, 33.517127465669219 ], [ 135.832345168925485, 33.517095138591763 ], [ 135.832359806034958, 33.516871813128297 ], [ 135.832209271470276, 33.51588588145141 ], [ 135.831791588370663, 33.515418129005688 ], [ 135.83170271570097, 33.51459894532853 ], [ 135.831817888058367, 33.513675745595506 ], [ 135.831101963283288, 33.513505320525944 ], [ 135.831178070103817, 33.512722073286035 ], [ 135.830415335248773, 33.513281503331669 ], [ 135.830216726173461, 33.512945915290452 ], [ 135.830079517085835, 33.512996731950579 ], [ 135.830155899133075, 33.513332154435602 ], [ 135.82988119117303, 33.51305789074636 ], [ 135.829743981736783, 33.513108705932083 ], [ 135.829804815932391, 33.51366812353325 ], [ 135.829606494880693, 33.51378000237596 ], [ 135.829270958922478, 33.513393223565679 ], [ 135.829194573733645, 33.513891589618076 ], [ 135.828859034379832, 33.51394269658806 ], [ 135.828355452432191, 33.51373912509478 ], [ 135.826896148621302, 33.514049891681665 ], [ 135.826060076422806, 33.516110147777489 ], [ 135.827619944467784, 33.516658471189302 ], [ 135.827572187811427, 33.516768150046573 ], [ 135.827878132144804, 33.516893822530207 ], [ 135.829068099158746, 33.517082973703474 ], [ 135.829606796500627, 33.517579332283205 ], [ 135.830173512920794, 33.517270341654786 ], [ 135.830634332726135, 33.51751160640292 ], [ 135.831011317211392, 33.517972262606925 ], [ 135.831484320896919, 33.518033764785002 ] ] ] } },
{ "type": "Feature", "properties": { "CITY_NAME": "串本町", "S_NAME": "古座", "JINKO": 0, "medical_area": "30_新宮医療圏", "町丁目名": "串本町古座" }, "geometry": { "type": "Polygon", "coordinates": [ [ [ 135.832913341445959, 33.515966982998286 ], [ 135.832920751834081, 33.515554364526473 ], [ 135.832510000343603, 33.514581782096251 ], [ 135.832848252371093, 33.514490144759023 ], [ 135.83283265388053, 33.513443391896992 ], [ 135.832734375572414, 33.513505257861155 ], [ 135.832474945086801, 33.512945858411321 ], [ 135.832398837379429, 33.513718962340633 ], [ 135.831817888058367, 33.513675745595506 ], [ 135.83170271570097, 33.51459894532853 ], [ 135.831791588370635, 33.515418129005674 ], [ 135.832209271470276, 33.51588588145141 ], [ 135.83232470513758, 33.516487636720264 ], [ 135.832445697161916, 33.516198072873046 ], [ 135.832913341445959, 33.515966982998286 ] ] ] } },
{ "type": "Feature", "properties": { "CITY_NAME": "串本町", "S_NAME": "上野山", "JINKO": 455, "medical_area": "30_新宮医療圏", "町丁目名": "串本町上野山" }, "geometry": { "type": "Polygon", "coordinates": [ [ [ 135.835974223274434, 33.517388259513389 ], [ 135.836361043802867, 33.516207543089024 ], [ 135.836362006928141, 33.5156856863006 ], [ 135.836014718663591, 33.515301727201589 ], [ 135.835429604244808, 33.515193880181329 ], [ 135.8343093565164, 33.515718482885866 ], [ 135.834007388878121, 33.51556789450516 ], [ 135.833468771281957, 33.515693698144744 ], [ 135.832445697161944, 33.51619807287306 ], [ 135.832345168925485, 33.517095138591763 ], [ 135.83158165920176, 33.517127465669219 ], [ 135.831596673974076, 33.517690587564474 ], [ 135.831395448869188, 33.518070840120835 ], [ 135.83218031845459, 33.518733233661337 ], [ 135.833315309404583, 33.519056824271303 ], [ 135.834983406372203, 33.518337960821071 ], [ 135.835167285000296, 33.517954700597116 ], [ 135.835974223274434, 33.517388259513389 ] ] ] } },
{ "type": "Feature", "properties": { "CITY_NAME": "串本町", "S_NAME": "津荷", "JINKO": 0, "medical_area": "30_新宮医療圏", "町丁目名": "串本町津荷" }, "geometry": { "type": "Polygon", "coordinates": [ [ [ 135.85381472787671, 33.518135479792534 ], [ 135.853589750365842, 33.51809379334658 ], [ 135.853489754856867, 33.518727125359455 ], [ 135.853927237645848, 33.519668513911697 ], [ 135.854114713905886, 33.51953516786957 ], [ 135.854139718151259, 33.518793542851675 ], [ 135.85381472787671, 33.518135479792534 ] ] ] } },
{ "type": "Feature", "properties": { "CITY_NAME": "串本町", "S_NAME": "津荷", "JINKO": 220, "medical_area": "30_新宮医療圏", "町丁目名": "串本町津荷" }, "geometry": { "type": "Polygon", "coordinates": [ [ [ 135.84273928899043, 33.530554157266131 ], [ 135.844760059559576, 33.530387336625054 ], [ 135.845713532478129, 33.5298325682297 ], [ 135.846236102371932, 33.528092659955952 ], [ 135.847348350344532, 33.52750172496809 ], [ 135.84778237471204, 33.52687388890697 ], [ 135.847640291714782, 33.525568230310633 ], [ 135.848884578338186, 33.523684358288264 ], [ 135.850415344242663, 33.523033322556429 ], [ 135.850820062984525, 33.522647205325569 ], [ 135.852032153651976, 33.522696834824181 ], [ 135.852927335308607, 33.522407943019324 ], [ 135.853118942013282, 33.522222474944925 ], [ 135.852584816503708, 33.521887088746084 ], [ 135.852508707953149, 33.521225659915061 ], [ 135.852996734609036, 33.521113805186481 ], [ 135.853118949216736, 33.520218731960917 ], [ 135.853332540611746, 33.520391433186873 ], [ 135.853744457734194, 33.519669426926328 ], [ 135.853256168154047, 33.518113126424453 ], [ 135.853195333778075, 33.518275925751624 ], [ 135.852508709143564, 33.518560844592045 ], [ 135.852310391132022, 33.518947216902404 ], [ 135.852035692698564, 33.518662572553723 ], [ 135.851425173490298, 33.518723275896271 ], [ 135.851013256663066, 33.518499893560673 ], [ 135.850937156363671, 33.518723257419062 ], [ 135.850738828223314, 33.518774586127861 ], [ 135.850128322863782, 33.51777746852607 ], [ 135.85018942658769, 33.518662623835766 ], [ 135.850052213900966, 33.518947341358619 ], [ 135.849716402018487, 33.518835351144169 ], [ 135.849991108310803, 33.519496464021692 ], [ 135.849914717442203, 33.520055993628702 ], [ 135.849304482574126, 33.519893232011903 ], [ 135.848495926669585, 33.520442289074154 ], [ 135.848556763318811, 33.520666096333876 ], [ 135.84841954416305, 33.520778078050142 ], [ 135.847610990800575, 33.520890086722481 ], [ 135.846985204836812, 33.520391414393956 ], [ 135.846786877707814, 33.520005131382234 ], [ 135.846786875021706, 33.519557378805843 ], [ 135.846924368793339, 33.519445679540141 ], [ 135.846786877149071, 33.519282922189404 ], [ 135.846237744542918, 33.519384531902617 ], [ 135.846512168398021, 33.51910985037761 ], [ 135.84631385158275, 33.518947017605001 ], [ 135.845901927655376, 33.519221809832196 ], [ 135.845963044047892, 33.518560822965632 ], [ 135.846237746468205, 33.518113127530945 ], [ 135.845764716277642, 33.518163827385848 ], [ 135.845551121189459, 33.519059068343331 ], [ 135.845291690872017, 33.518723143700321 ], [ 135.844528685608651, 33.518998058132638 ], [ 135.844330363304238, 33.51877435743765 ], [ 135.84466617564064, 33.518499756958775 ], [ 135.844742276984022, 33.518224832045675 ], [ 135.844406746099821, 33.518387847318387 ], [ 135.844528683547907, 33.517838241286526 ], [ 135.844193150166802, 33.517889388974929 ], [ 135.844330364979754, 33.517553675714197 ], [ 135.844193150295979, 33.517441636068604 ], [ 135.843918443322252, 33.517726738533199 ], [ 135.8431707082363, 33.517116023002302 ], [ 135.842697961839946, 33.51744173115015 ], [ 135.841813021497046, 33.516892544693228 ], [ 135.841736630115946, 33.516719433621233 ], [ 135.84195023236299, 33.516556834534697 ], [ 135.841873843864732, 33.516282000784315 ], [ 135.842423254616762, 33.516170264459817 ], [ 135.842484365676427, 33.515885460419 ], [ 135.842087437921009, 33.515722652170375 ], [ 135.842224936605845, 33.514888468630261 ], [ 135.842758788186927, 33.514776992823762 ], [ 135.843034984245122, 33.514520637188511 ], [ 135.843445419710179, 33.513332311589735 ], [ 135.843369303426954, 33.513169628264166 ], [ 135.842972385646306, 33.513220414599971 ], [ 135.842758784566854, 33.512671233974181 ], [ 135.842285760881168, 33.51305780696083 ], [ 135.842285755349536, 33.512671201680533 ], [ 135.842087435730036, 33.512610086364262 ], [ 135.841813014814505, 33.513057773074536 ], [ 135.841538298787384, 33.512610236314373 ], [ 135.841187208687103, 33.512559352355723 ], [ 135.841263599306757, 33.512895051242886 ], [ 135.84098889564882, 33.513057854378083 ], [ 135.840378647161202, 33.513169506828255 ], [ 135.840165038050031, 33.512895060658984 ], [ 135.840042842929222, 33.513169640993645 ], [ 135.839630917201987, 33.512996662635025 ], [ 135.839493701470843, 33.512223841172123 ], [ 135.839356485009034, 33.512671134178532 ], [ 135.838944294055779, 33.512559300583213 ], [ 135.837358166590036, 33.514247087750469 ], [ 135.835429604244808, 33.515193880181329 ], [ 135.836014718663591, 33.515301727201589 ], [ 135.836362006928141, 33.5156856863006 ], [ 135.836361043802867, 33.516207543089024 ], [ 135.835974223274434, 33.517388259513389 ], [ 135.835167285000296, 33.517954700597151 ], [ 135.834983406372203, 33.518337960821071 ], [ 135.833315309404583, 33.519056824271303 ], [ 135.833446708796316, 33.520684564339582 ], [ 135.833840152803418, 33.521068310158938 ], [ 135.834113544269826, 33.521669994721272 ], [ 135.834007530555624, 33.52190542332891 ], [ 135.832555498819232, 33.522994261629584 ], [ 135.832356461620236, 33.524031511849209 ], [ 135.831580754035656, 33.524785075853103 ], [ 135.831661489968582, 33.525229834654823 ], [ 135.832269533474431, 33.526004141807235 ], [ 135.831045673021322, 33.52855485317076 ], [ 135.831081349513681, 33.529220180205321 ], [ 135.831560892597565, 33.52959193211786 ], [ 135.832761354445978, 33.529671042694062 ], [ 135.833610383605475, 33.53001257055471 ], [ 135.833922463553364, 33.531049369314836 ], [ 135.834327875823647, 33.531560493396086 ], [ 135.835633752901458, 33.532363882506274 ], [ 135.83586803379842, 33.53296973380035 ], [ 135.836077533040083, 33.535235226718321 ], [ 135.8364673731067, 33.535150923880394 ], [ 135.8372188756681, 33.534595957535409 ], [ 135.840629919517937, 33.53183244940795 ], [ 135.842305645971066, 33.530940211236981 ], [ 135.84273928899043, 33.530554157266131 ] ] ] } },
{ "type": "Feature", "properties": { "CITY_NAME": "串本町", "S_NAME": "津荷", "JINKO": 0, "medical_area": "30_新宮医療圏", "町丁目名": "串本町津荷" }, "geometry": { "type": "Polygon", "coordinates": [ [ [ 135.845840271915051, 33.517627125139853 ], [ 135.845927763750666, 33.517243726276874 ], [ 135.845602795120925, 33.517177105843793 ], [ 135.845565284261085, 33.517810224767317 ], [ 135.845840271915051, 33.517627125139853 ] ] ] } },
{ "type": "Feature", "properties": { "CITY_NAME": "串本町", "S_NAME": "津荷", "JINKO": 0, "medical_area": "30_新宮医療圏", "町丁目名": "串本町津荷" }, "geometry": { "type": "Polygon", "coordinates": [ [ [ 135.844327865664383, 33.516410480284712 ], [ 135.844090391193419, 33.516143899747796 ], [ 135.84386538809548, 33.51621040023916 ], [ 135.844002879454393, 33.516385277398903 ], [ 135.843915386584058, 33.516818831705955 ], [ 135.844390357199615, 33.516910440535213 ], [ 135.844327865664383, 33.516410480284712 ] ] ] } },
{ "type": "Feature", "properties": { "CITY_NAME": "串本町", "S_NAME": "津荷", "JINKO": 0, "medical_area": "30_新宮医療圏", "町丁目名": "串本町津荷" }, "geometry": { "type": "Polygon", "coordinates": [ [ [ 135.844077879163621, 33.514927147067525 ], [ 135.844302878954807, 33.514585624979716 ], [ 135.844552859164111, 33.51485222159895 ], [ 135.84457784783649, 33.513935612996448 ], [ 135.844902837038035, 33.514002236390709 ], [ 135.84479033338917, 33.513660575930906 ], [ 135.844577860578624, 33.513569014217083 ], [ 135.844515366746634, 33.51311892887793 ], [ 135.843315421100897, 33.51395235242056 ], [ 135.843290432556387, 33.514718769276186 ], [ 135.843727899398289, 33.514610549514366 ], [ 135.843565404986805, 33.514493969336911 ], [ 135.843890374282978, 33.514160745444229 ], [ 135.843865387856482, 33.514493781194169 ], [ 135.844077879163621, 33.514927147067525 ] ] ] } },
{ "type": "Feature", "properties": { "CITY_NAME": "串本町", "S_NAME": "津荷", "JINKO": 0, "medical_area": "30_新宮医療圏", "町丁目名": "串本町津荷" }, "geometry": { "type": "Polygon", "coordinates": [ [ [ 135.845290302254995, 33.513394065756664 ], [ 135.844765329761145, 33.512985674509196 ], [ 135.844790348633836, 33.513394009422669 ], [ 135.845290302254995, 33.513394065756664 ] ] ] } },
{ "type": "Feature", "properties": { "CITY_NAME": "串本町", "S_NAME": "津荷", "JINKO": 0, "medical_area": "30_新宮医療圏", "町丁目名": "串本町津荷" }, "geometry": { "type": "Polygon", "coordinates": [ [ [ 135.842248317597608, 33.51117433054285 ], [ 135.841815799045662, 33.510774502020411 ], [ 135.84161085886663, 33.510867512952018 ], [ 135.841568108998445, 33.511201367575275 ], [ 135.842131360219497, 33.511428349056814 ], [ 135.842248317597608, 33.51117433054285 ] ] ] } },
{ "type": "Feature", "properties": { "CITY_NAME": "串本町", "S_NAME": "津荷", "JINKO": 0, "medical_area": "30_新宮医療圏", "町丁目名": "串本町津荷" }, "geometry": { "type": "Polygon", "coordinates": [ [ [ 135.855139640743687, 33.519260214038887 ], [ 135.855739608286797, 33.519243719700818 ], [ 135.855764605688819, 33.518993807059083 ], [ 135.855189635769392, 33.518993704779803 ], [ 135.855139640743687, 33.519260214038887 ] ] ] } },
{ "type": "Feature", "properties": { "CITY_NAME": "串本町", "S_NAME": "津荷", "JINKO": 0, "medical_area": "30_新宮医療圏", "町丁目名": "串本町津荷" }, "geometry": { "type": "Polygon", "coordinates": [ [ [ 135.853814739599642, 33.518052071873413 ], [ 135.853952224119865, 33.517893870459609 ], [ 135.853839733999138, 33.517527137799966 ], [ 135.853677235150883, 33.517618808862402 ], [ 135.853427258615341, 33.517443809765574 ], [ 135.853402254044084, 33.517910413958752 ], [ 135.853814739599642, 33.518052071873413 ] ] ] } },
{ "type": "Feature", "properties": { "CITY_NAME": "串本町", "S_NAME": "津荷", "JINKO": 0, "medical_area": "30_新宮医療圏", "町丁目名": "串本町津荷" }, "geometry": { "type": "Polygon", "coordinates": [ [ [ 135.854552197758267, 33.518993527039605 ], [ 135.854727175659832, 33.518877072455098 ], [ 135.854914656345812, 33.519060449888869 ], [ 135.855214645032703, 33.518185296025031 ], [ 135.854877154335867, 33.517127088273291 ], [ 135.855014662267479, 33.516902103432102 ], [ 135.854602191067954, 33.516918811993683 ], [ 135.854389703004102, 33.517210492191978 ], [ 135.854527190244511, 33.518026980195522 ], [ 135.854202207595335, 33.517893880381692 ], [ 135.85397722818081, 33.518043808575577 ], [ 135.85422721076975, 33.518318839228783 ], [ 135.854314704255131, 33.519285177757951 ], [ 135.854502178744127, 33.519510259760544 ], [ 135.854552197758267, 33.518993527039605 ] ] ] } },
{ "type": "Feature", "properties": { "CITY_NAME": "串本町", "S_NAME": "田原", "JINKO": 0, "medical_area": "30_新宮医療圏", "町丁目名": "串本町田原" }, "geometry": { "type": "Polygon", "coordinates": [ [ [ 135.859239343673408, 33.524734860577418 ], [ 135.859701808539711, 33.524168155257065 ], [ 135.859539321881101, 33.523943392484469 ], [ 135.859451829855232, 33.524326517058697 ], [ 135.858901847829941, 33.524643181180458 ], [ 135.859239343673408, 33.524734860577418 ] ] ] } },
{ "type": "Feature", "properties": { "CITY_NAME": "串本町", "S_NAME": "田原", "JINKO": 49, "medical_area": "30_新宮医療圏", "町丁目名": "串本町田原" }, "geometry": { "type": "Polygon", "coordinates": [ [ [ 135.857740252170487, 33.54197182332225 ], [ 135.858459177483326, 33.541627185723762 ], [ 135.858704532265108, 33.541128155620292 ], [ 135.85943881940517, 33.54073224586886 ], [ 135.859031010832098, 33.54008144165428 ], [ 135.859220675726732, 33.53972267214251 ], [ 135.860468524791543, 33.539787481125337 ], [ 135.860683298369082, 33.539492138928807 ], [ 135.860394103160189, 33.539027444341187 ], [ 135.861440823649701, 33.538733034914003 ], [ 135.861632308711904, 33.537223769545008 ], [ 135.862603386248139, 33.536918842295229 ], [ 135.86302100984625, 33.53586348015385 ], [ 135.864022845706671, 33.535785969427799 ], [ 135.864219253460533, 33.534574814639576 ], [ 135.864482229905917, 33.534072407966072 ], [ 135.86539611576589, 33.533818394212979 ], [ 135.866589834019607, 33.533082829873273 ], [ 135.867029633005188, 33.533097673738354 ], [ 135.86800175606416, 33.53348108811764 ], [ 135.871061711574015, 33.532557249702201 ], [ 135.871412798528809, 33.532333598720221 ], [ 135.871336435441378, 33.531529597221621 ], [ 135.871092269055822, 33.531387608491798 ], [ 135.870817847323963, 33.53158090626966 ], [ 135.870131238044848, 33.531448316212781 ], [ 135.869734323132832, 33.531112863374489 ], [ 135.869490448763685, 33.531245044237352 ], [ 135.869078265211982, 33.531112736832483 ], [ 135.868773284666617, 33.530888962218476 ], [ 135.868605256429817, 33.530309162273952 ], [ 135.86825444171069, 33.530054905844864 ], [ 135.868132509550037, 33.530054776492911 ], [ 135.868132506043452, 33.530359945392576 ], [ 135.867995023265451, 33.530360080596822 ], [ 135.867308416199165, 33.529800579079911 ], [ 135.867415344183541, 33.530116004948475 ], [ 135.867171199053047, 33.530309327812851 ], [ 135.866789834302381, 33.53005475362783 ], [ 135.866209884096406, 33.52997325900435 ], [ 135.865981018282156, 33.529525827867751 ], [ 135.866011577943169, 33.528773225504835 ], [ 135.865767428291747, 33.52841707447061 ], [ 135.865367447978741, 33.528333516050743 ], [ 135.865676325965467, 33.528243116077071 ], [ 135.865813813726049, 33.527926259898784 ], [ 135.865288856569009, 33.527884552359552 ], [ 135.865233585440677, 33.528305475200462 ], [ 135.864958882539156, 33.528081723419533 ], [ 135.864653635657305, 33.527420612928132 ], [ 135.864272270065356, 33.527440767051417 ], [ 135.863997582251727, 33.526697971598814 ], [ 135.863662042584025, 33.526810034996856 ], [ 135.863799262952995, 33.52636243391256 ], [ 135.863280413266153, 33.526667880454106 ], [ 135.863082087372788, 33.526413494951349 ], [ 135.862563513551692, 33.52691167762147 ], [ 135.862288823297916, 33.526667914266319 ], [ 135.86222770746204, 33.527166037211238 ], [ 135.861510539180415, 33.527328955783368 ], [ 135.860732545088069, 33.527277930175401 ], [ 135.860213701334942, 33.526891307249237 ], [ 135.860595064519572, 33.526586283572158 ], [ 135.860656174206497, 33.525996300768405 ], [ 135.860290082782967, 33.526219907495523 ], [ 135.860015391287305, 33.525914992135128 ], [ 135.859908445508182, 33.526413344371271 ], [ 135.859328776816909, 33.526555835296726 ], [ 135.858993238732779, 33.526280999925817 ], [ 135.858855746785366, 33.525782935248714 ], [ 135.859054074335461, 33.525335127219719 ], [ 135.858855758504887, 33.525162452034735 ], [ 135.858382731922916, 33.525162196940386 ], [ 135.858779645421521, 33.524836908398832 ], [ 135.858031928031608, 33.523941683051703 ], [ 135.857558894596281, 33.523890703395871 ], [ 135.857620010338081, 33.523778906578066 ], [ 135.857421695685559, 33.523616091207778 ], [ 135.85708588856707, 33.523829578964403 ], [ 135.857284203997466, 33.523555351259915 ], [ 135.857146994514494, 33.523392324274887 ], [ 135.85673507953976, 33.523717590429655 ], [ 135.856872296770547, 33.523056689032039 ], [ 135.856460373257363, 33.523056778643188 ], [ 135.856399276292052, 33.52283269151097 ], [ 135.856200951624203, 33.522832745095641 ], [ 135.856124566023936, 33.523056672487108 ], [ 135.855789032043475, 33.52272124716481 ], [ 135.855377124874309, 33.522609184372136 ], [ 135.855102414616653, 33.522832880652174 ], [ 135.854965205114866, 33.52278200039553 ], [ 135.855041312554192, 33.522446488211727 ], [ 135.854415797235134, 33.521836266048837 ], [ 135.854141098317768, 33.521886947811474 ], [ 135.853942781216915, 33.522222598465518 ], [ 135.853530859399655, 33.521836075192518 ], [ 135.852609586359137, 33.522576635969308 ], [ 135.850820062984525, 33.522647205325569 ], [ 135.850415344242663, 33.523033322556429 ], [ 135.848884578338186, 33.523684358288264 ], [ 135.847640291714782, 33.525568230310633 ], [ 135.84778237471204, 33.52687388890697 ], [ 135.847348350344532, 33.52750172496809 ], [ 135.846236102371932, 33.528092659955952 ], [ 135.845713532478129, 33.5298325682297 ], [ 135.846896806104411, 33.531161487468133 ], [ 135.847165155912023, 33.531633233953151 ], [ 135.84733467332785, 33.532657992386795 ], [ 135.847921120723669, 33.533150698100954 ], [ 135.847671008243083, 33.536285749870025 ], [ 135.848404792501015, 33.536491500317794 ], [ 135.849036864425955, 33.538931045040258 ], [ 135.849403315073062, 33.53930033527881 ], [ 135.851523902711705, 33.539805575754031 ], [ 135.851615668323774, 33.540309783050496 ], [ 135.851870101876131, 33.540474926457094 ], [ 135.85265777596905, 33.540223954635046 ], [ 135.852935225256971, 33.540466611246558 ], [ 135.852679920062002, 33.540825009946744 ], [ 135.852783839117507, 33.540989973016316 ], [ 135.853305170258295, 33.540777284162033 ], [ 135.853512763461964, 33.541262185067893 ], [ 135.854288679228148, 33.541127563503167 ], [ 135.854716777780197, 33.541283042148692 ], [ 135.85648623861465, 33.5423800844721 ], [ 135.856517323431206, 33.542072701101254 ], [ 135.856731627327548, 33.541868378346294 ], [ 135.857280940503358, 33.542444963181516 ], [ 135.857678260900144, 33.542496421387987 ], [ 135.857907886376807, 33.542279152356976 ], [ 135.857740252170487, 33.54197182332225 ] ] ] } },
{ "type": "Feature", "properties": { "CITY_NAME": "串本町", "S_NAME": "田原", "JINKO": 356, "medical_area": "30_新宮医療圏", "町丁目名": "串本町田原" }, "geometry": { "type": "Polygon", "coordinates": [ [ [ 135.867491651317863, 33.546341668612158 ], [ 135.868660387342146, 33.545164249554155 ], [ 135.868604302964087, 33.544726031481737 ], [ 135.8691354139971, 33.543628795683844 ], [ 135.869085982768979, 33.542974461954465 ], [ 135.869629816566516, 33.541781998453736 ], [ 135.869770675055236, 33.540314943333534 ], [ 135.870434994430155, 33.538502418263349 ], [ 135.87028438677774, 33.538423644795081 ], [ 135.870668578962409, 33.53694134704638 ], [ 135.870853759155864, 33.534878627628132 ], [ 135.870612581333432, 33.534097842646531 ], [ 135.870755801566474, 33.533990069494777 ], [ 135.870482032990338, 33.533330134968764 ], [ 135.871061711574015, 33.532557249702201 ], [ 135.86800175606416, 33.53348108811764 ], [ 135.867029633005188, 33.533097673738354 ], [ 135.866589834019607, 33.533082829873273 ], [ 135.86539611576589, 33.533818394212979 ], [ 135.864482229905917, 33.534072407966072 ], [ 135.864219253460533, 33.534574814639576 ], [ 135.864022845706671, 33.535785969427799 ], [ 135.86302100984625, 33.53586348015385 ], [ 135.862603386248139, 33.536918842295229 ], [ 135.861632308711904, 33.537223769545008 ], [ 135.861440823649701, 33.538733034914003 ], [ 135.860394103160189, 33.539027444341187 ], [ 135.860657802550094, 33.539661176629501 ], [ 135.860228967316658, 33.539819052585301 ], [ 135.859220675726732, 33.53972267214251 ], [ 135.859031010832098, 33.54008144165428 ], [ 135.85943881940517, 33.54073224586886 ], [ 135.858704532265108, 33.541128155620292 ], [ 135.858275455781524, 33.541818866015859 ], [ 135.857770872539419, 33.541933536692071 ], [ 135.857907886376807, 33.542279152356976 ], [ 135.857678260900144, 33.542496421387987 ], [ 135.857403132059488, 33.542496105761941 ], [ 135.856731627327548, 33.541868378346294 ], [ 135.856517323431206, 33.542072701101254 ], [ 135.856455313599639, 33.542597580582061 ], [ 135.855659765836862, 33.543057363058239 ], [ 135.855506446050896, 33.543338680352193 ], [ 135.855612132801724, 33.544132568174916 ], [ 135.855993832968011, 33.544388865079185 ], [ 135.856773408397743, 33.54436412614892 ], [ 135.857721671017686, 33.543994116003873 ], [ 135.858241108696063, 33.544148279471607 ], [ 135.859629881248139, 33.545480971146809 ], [ 135.859797605727522, 33.545737293664693 ], [ 135.859731649907957, 33.546035901338662 ], [ 135.86083147679895, 33.545600102434683 ], [ 135.861652388741959, 33.546000855291048 ], [ 135.862385120276457, 33.546010966097072 ], [ 135.862939687312235, 33.546355342386995 ], [ 135.864260951802635, 33.546301278621243 ], [ 135.86489338610744, 33.546552744690942 ], [ 135.86521443494297, 33.54714819846842 ], [ 135.865669139765373, 33.547464557818309 ], [ 135.866490648703319, 33.547511931697336 ], [ 135.86717860077465, 33.547773024318595 ], [ 135.867533867945014, 33.547782700952901 ], [ 135.867645411191376, 33.547438773894378 ], [ 135.867491651317863, 33.546341668612158 ] ] ] } },
{ "type": "Feature", "properties": { "CITY_NAME": "串本町", "S_NAME": "田原", "JINKO": 0, "medical_area": "30_新宮医療圏", "町丁目名": "串本町田原" }, "geometry": { "type": "Polygon", "coordinates": [ [ [ 135.894198658736656, 33.539700568623338 ], [ 135.894311185244021, 33.539225585751446 ], [ 135.893798724040096, 33.539225714927774 ], [ 135.893748717292482, 33.539700469052022 ], [ 135.894198658736656, 33.539700568623338 ] ] ] } },
{ "type": "Feature", "properties": { "CITY_NAME": "串本町", "S_NAME": "田原", "JINKO": 96, "medical_area": "30_新宮医療圏", "町丁目名": "串本町田原" }, "geometry": { "type": "Polygon", "coordinates": [ [ [ 135.881974693770161, 33.558468700884589 ], [ 135.881743235984601, 33.557682062306576 ], [ 135.881879251954075, 33.557406619503539 ], [ 135.882746622040457, 33.557216676462645 ], [ 135.883328531414264, 33.556763289459816 ], [ 135.883126460263782, 33.555725623238324 ], [ 135.88386959834682, 33.55423068015056 ], [ 135.883444546179902, 33.551544988157701 ], [ 135.88345049611894, 33.550752644486842 ], [ 135.884188704635164, 33.550713035296404 ], [ 135.885627115500682, 33.551148291787491 ], [ 135.885940489794365, 33.551604207454012 ], [ 135.88759304956119, 33.552359165980612 ], [ 135.887823460271107, 33.552228066142156 ], [ 135.888660443522895, 33.552430280558532 ], [ 135.889048022937232, 33.552158995198283 ], [ 135.889727906006414, 33.55245743035087 ], [ 135.890670370273426, 33.552002629543985 ], [ 135.891560124227055, 33.551854346268598 ], [ 135.892245072558893, 33.552288866794846 ], [ 135.89260135500237, 33.551921178467929 ], [ 135.892810655715351, 33.551930092193523 ], [ 135.893857014521018, 33.552088775599991 ], [ 135.89448449859853, 33.55245729924156 ], [ 135.894631196095446, 33.552308366144118 ], [ 135.894621795746815, 33.551423313655839 ], [ 135.895249423031913, 33.550129383261378 ], [ 135.895845707728824, 33.549708352093141 ], [ 135.895829564994727, 33.549017435751225 ], [ 135.896077216382224, 33.548498619877407 ], [ 135.89727672644068, 33.547893806668178 ], [ 135.898057367884036, 33.547167197706912 ], [ 135.898262569912958, 33.546710050532639 ], [ 135.899122555276335, 33.546305281326362 ], [ 135.89932871624589, 33.545922239172164 ], [ 135.898967239873286, 33.545770354009377 ], [ 135.898799496823329, 33.545017599813484 ], [ 135.897990977707309, 33.544844483377986 ], [ 135.897167155494856, 33.545094040899571 ], [ 135.897136609796519, 33.544590478369265 ], [ 135.896968580468297, 33.544437896215236 ], [ 135.89628197551184, 33.544407175059263 ], [ 135.896175329614266, 33.544173209760032 ], [ 135.895946461351826, 33.544142867462661 ], [ 135.895870084198094, 33.543949503438483 ], [ 135.896175332312907, 33.54387818704101 ], [ 135.896327841005501, 33.543023961472699 ], [ 135.895946480147188, 33.543064782818718 ], [ 135.896038147155963, 33.542627257841758 ], [ 135.895534581847954, 33.54303400559813 ], [ 135.895625967232917, 33.54259676209729 ], [ 135.895488767232706, 33.542098462682866 ], [ 135.895275176319274, 33.542444025942217 ], [ 135.895305712073991, 33.542901940952568 ], [ 135.895061584151136, 33.542464415379378 ], [ 135.894909096081818, 33.542800166471409 ], [ 135.894710776415252, 33.542596554980989 ], [ 135.894405534595251, 33.542596578764403 ], [ 135.894207226633, 33.542210374415106 ], [ 135.894710788448151, 33.542210237588726 ], [ 135.894619137406551, 33.542016860217501 ], [ 135.894115577138905, 33.541833841020093 ], [ 135.893810596667862, 33.542149172816401 ], [ 135.89355119155698, 33.541803491653042 ], [ 135.893947828507578, 33.541284512385459 ], [ 135.894237817322988, 33.540501415421502 ], [ 135.894024234316021, 33.54001291328597 ], [ 135.893459570391826, 33.539728400567327 ], [ 135.893535963725697, 33.539311434231145 ], [ 135.892391622774568, 33.539463741133495 ], [ 135.892086373545681, 33.539708060801509 ], [ 135.890896487356684, 33.539840307085051 ], [ 135.890255424342172, 33.540318202719916 ], [ 135.889309699312236, 33.539626450734744 ], [ 135.88885195912772, 33.539880770268212 ], [ 135.888180634245145, 33.539870590357253 ], [ 135.887417653846654, 33.539372006493934 ], [ 135.887402390621531, 33.539016391083202 ], [ 135.887997610423128, 33.538731485928174 ], [ 135.887738203842076, 33.538477373238258 ], [ 135.886990499696651, 33.538253250569461 ], [ 135.887753498563512, 33.537470035697048 ], [ 135.887784049115226, 33.537317622573482 ], [ 135.8874635323441, 33.537165175631088 ], [ 135.887844892056592, 33.536829357880208 ], [ 135.887799340253906, 33.536707308250605 ], [ 135.887219389943908, 33.536697207008061 ], [ 135.887417712008983, 33.536514229088773 ], [ 135.887143012191103, 33.536351394925866 ], [ 135.886899158677693, 33.535537679722488 ], [ 135.886456698431658, 33.535557848799783 ], [ 135.885983683727545, 33.536097026394017 ], [ 135.885907304344215, 33.535659635941478 ], [ 135.884946006538826, 33.53599520068758 ], [ 135.885083490013727, 33.535669590469126 ], [ 135.884732421488735, 33.535690119522215 ], [ 135.884045803369503, 33.536096942076249 ], [ 135.884076363892547, 33.535893525720731 ], [ 135.883649180756834, 33.535680107275695 ], [ 135.883420313006354, 33.535771473519468 ], [ 135.883374480842804, 33.535476408899655 ], [ 135.882184596401117, 33.535629153806845 ], [ 135.881467442259918, 33.534886555327077 ], [ 135.882016576598659, 33.533574260833255 ], [ 135.881757434923685, 33.533686165893265 ], [ 135.881833544491315, 33.533462504418573 ], [ 135.881619944230891, 33.533462303665921 ], [ 135.881375800298002, 33.533625223607054 ], [ 135.881146927458076, 33.533574287325251 ], [ 135.881009726226296, 33.53313711790485 ], [ 135.881162220573771, 33.532719945776329 ], [ 135.880857251028431, 33.532557352094848 ], [ 135.880857256144253, 33.53210988581916 ], [ 135.880460350152305, 33.531957347888593 ], [ 135.880445071803337, 33.531631878153036 ], [ 135.880002616218036, 33.531621593563052 ], [ 135.880368971921257, 33.531072190831331 ], [ 135.880323147461297, 33.530888990224121 ], [ 135.879987624298025, 33.530909521781133 ], [ 135.880414813129704, 33.530289167504947 ], [ 135.87985013534356, 33.530482211795565 ], [ 135.879544887776291, 33.530838089347469 ], [ 135.879438229138259, 33.530817980058742 ], [ 135.879484064596596, 33.530298985098611 ], [ 135.879117695983865, 33.530533356274056 ], [ 135.87887355964304, 33.530502688707514 ], [ 135.8791024297646, 33.530126450984184 ], [ 135.878980494996711, 33.530014466176013 ], [ 135.87849219903444, 33.53036030290658 ], [ 135.878675252732421, 33.529363258980993 ], [ 135.878370278127818, 33.528956355113806 ], [ 135.87844639479232, 33.528630972029354 ], [ 135.878278625689404, 33.528539512409573 ], [ 135.877317311266694, 33.529281912500451 ], [ 135.877408976939392, 33.529383725459006 ], [ 135.87693595765009, 33.529841437520993 ], [ 135.876356279537674, 33.529810716471459 ], [ 135.875669674135963, 33.530034617726066 ], [ 135.875974642761975, 33.53060439794352 ], [ 135.876310446346395, 33.530533157022475 ], [ 135.877027586631812, 33.532008137396161 ], [ 135.875715480040128, 33.532547301645707 ], [ 135.876096828375921, 33.533076017433373 ], [ 135.87580685202181, 33.533300028709903 ], [ 135.875410229101078, 33.533075902401428 ], [ 135.874708333081401, 33.533533661661409 ], [ 135.874418360282931, 33.533442075356483 ], [ 135.8743575321827, 33.533635316287352 ], [ 135.873319843740461, 33.533655690394184 ], [ 135.872312994649434, 33.533391206830217 ], [ 135.871778876951993, 33.532689303310043 ], [ 135.871336394563912, 33.534387985194371 ], [ 135.871428052335574, 33.53461181457908 ], [ 135.872114665912335, 33.53507971890302 ], [ 135.871946894193599, 33.535252841436467 ], [ 135.870845787267001, 33.534958926333594 ], [ 135.870633449149921, 33.537239146988234 ], [ 135.87028438677774, 33.538423644795081 ], [ 135.870434994430155, 33.538502418263349 ], [ 135.869770675055236, 33.540314943333534 ], [ 135.869629816566516, 33.541781998453736 ], [ 135.869085982768979, 33.542974461954465 ], [ 135.8691354139971, 33.543628795683844 ], [ 135.868604302964087, 33.544726031481737 ], [ 135.868660387342146, 33.545164249554155 ], [ 135.867491651317863, 33.546341668612158 ], [ 135.867491382388607, 33.546518339514627 ], [ 135.867635122030265, 33.546909029679604 ], [ 135.868891494695987, 33.546563212933243 ], [ 135.869143533344243, 33.546626594800649 ], [ 135.869886371417522, 33.547260796522892 ], [ 135.871032865269257, 33.547747480605459 ], [ 135.871423079777401, 33.548149126277124 ], [ 135.871724200730171, 33.5491311287171 ], [ 135.871804244484139, 33.550424260502254 ], [ 135.871084386752244, 33.551267991985654 ], [ 135.871071480634555, 33.551468600242437 ], [ 135.871876822005277, 33.5525145163828 ], [ 135.873054471418754, 33.553301860559507 ], [ 135.874224459601209, 33.55503424867014 ], [ 135.874425582709932, 33.555446119479633 ], [ 135.874051065857486, 33.557234990205316 ], [ 135.874756533628869, 33.557647366037962 ], [ 135.875715404974812, 33.557183964026159 ], [ 135.876030610252911, 33.557184276949556 ], [ 135.876483523087188, 33.557870837946588 ], [ 135.877857090696438, 33.558389235465818 ], [ 135.879553068015923, 33.558269718104079 ], [ 135.881342806589799, 33.558735785214381 ], [ 135.881874429542819, 33.558741642158054 ], [ 135.881974693770161, 33.558468700884589 ] ] ] } },
{ "type": "Feature", "properties": { "CITY_NAME": "串本町", "S_NAME": "田原", "JINKO": 0, "medical_area": "30_新宮医療圏", "町丁目名": "串本町田原" }, "geometry": { "type": "Polygon", "coordinates": [ [ [ 135.87818784185319, 33.524526842707992 ], [ 135.878137846079113, 33.524393511440273 ], [ 135.877462895361106, 33.524418494219681 ], [ 135.877275408867121, 33.52500188296159 ], [ 135.877437894384542, 33.525251701527637 ], [ 135.877675384472582, 33.525160072641874 ], [ 135.877787877968927, 33.524726800867036 ], [ 135.87818784185319, 33.524526842707992 ] ] ] } },
{ "type": "Feature", "properties": { "CITY_NAME": "串本町", "S_NAME": "田原", "JINKO": 0, "medical_area": "30_新宮医療圏", "町丁目名": "串本町田原" }, "geometry": { "type": "Polygon", "coordinates": [ [ [ 135.878087870821901, 33.522927066019172 ], [ 135.877712893055673, 33.523043639347513 ], [ 135.877687898245597, 33.523335260540449 ], [ 135.878000370494874, 33.523535348918962 ], [ 135.878187850512347, 33.523468467283834 ], [ 135.878087870821901, 33.522927066019172 ] ] ] } },
{ "type": "Feature", "properties": { "CITY_NAME": "串本町", "S_NAME": "田原", "JINKO": 0, "medical_area": "30_新宮医療圏", "町丁目名": "串本町田原" }, "geometry": { "type": "Polygon", "coordinates": [ [ [ 135.887586825878913, 33.538317188255661 ], [ 135.888099282505294, 33.53825058504993 ], [ 135.888024293891789, 33.53797550407117 ], [ 135.887699322615561, 33.537817417987242 ], [ 135.887424344155022, 33.538000606728296 ], [ 135.887586825878913, 33.538317188255661 ] ] ] } },
{ "type": "Feature", "properties": { "CITY_NAME": "串本町", "S_NAME": "田原", "JINKO": 0, "medical_area": "30_新宮医療圏", "町丁目名": "串本町田原" }, "geometry": { "type": "Polygon", "coordinates": [ [ [ 135.879087723295072, 33.528951413276552 ], [ 135.879225215967097, 33.52872640280161 ], [ 135.879575176199012, 33.52865995801718 ], [ 135.878987733203701, 33.52820149755614 ], [ 135.878850232948082, 33.528676447738256 ], [ 135.878637766444569, 33.528609742108166 ], [ 135.878525273952647, 33.528926354297951 ], [ 135.879087723295072, 33.528951413276552 ] ] ] } },
{ "type": "Feature", "properties": { "CITY_NAME": "串本町", "S_NAME": "田原", "JINKO": 0, "medical_area": "30_新宮医療圏", "町丁目名": "串本町田原" }, "geometry": { "type": "Polygon", "coordinates": [ [ [ 135.878425304435154, 33.526668339318668 ], [ 135.878262831934109, 33.526534897889512 ], [ 135.877562871199927, 33.526576765433745 ], [ 135.877650368018237, 33.526984872011688 ], [ 135.877912841030195, 33.527076706809154 ], [ 135.878425304435154, 33.526668339318668 ] ] ] } },
{ "type": "Feature", "properties": { "CITY_NAME": "串本町", "S_NAME": "田原", "JINKO": 0, "medical_area": "30_新宮医療圏", "町丁目名": "串本町田原" }, "geometry": { "type": "Polygon", "coordinates": [ [ [ 135.877675376273089, 33.52547679625912 ], [ 135.877300406028979, 33.525859934974449 ], [ 135.877562879659365, 33.526509982429715 ], [ 135.877750363991595, 33.526468461724484 ], [ 135.877950344987426, 33.526018368265809 ], [ 135.877675376273089, 33.52547679625912 ] ] ] } },
{ "type": "Feature", "properties": { "CITY_NAME": "串本町", "S_NAME": "田原", "JINKO": 0, "medical_area": "30_新宮医療圏", "町丁目名": "串本町田原" }, "geometry": { "type": "Polygon", "coordinates": [ [ [ 135.878725258693891, 33.527326591407395 ], [ 135.87877527233158, 33.526668396100334 ], [ 135.877775353575799, 33.527343138999861 ], [ 135.878050322334644, 33.527659849147447 ], [ 135.877937829905278, 33.527801475652588 ], [ 135.878125319735773, 33.5278182838315 ], [ 135.878725258693891, 33.527326591407395 ] ] ] } },
{ "type": "Feature", "properties": { "CITY_NAME": "串本町", "S_NAME": "田原", "JINKO": 0, "medical_area": "30_新宮医療圏", "町丁目名": "串本町田原" }, "geometry": { "type": "Polygon", "coordinates": [ [ [ 135.877250414940676, 33.525360003632649 ], [ 135.877137937752877, 33.524818589405442 ], [ 135.876650466669474, 33.52517681885719 ], [ 135.876762955748262, 33.525451668287971 ], [ 135.877250414940676, 33.525360003632649 ] ] ] } },
{ "type": "Feature", "properties": { "CITY_NAME": "串本町", "S_NAME": "田原", "JINKO": 0, "medical_area": "30_新宮医療圏", "町丁目名": "串本町田原" }, "geometry": { "type": "Polygon", "coordinates": [ [ [ 135.893286261868354, 33.539225560754737 ], [ 135.893661237180368, 33.538750520181409 ], [ 135.893286279526535, 33.538417421517629 ], [ 135.893186294973901, 33.538484117017454 ], [ 135.89331127035814, 33.538842364053416 ], [ 135.893073796609968, 33.53877566161232 ], [ 135.893211278609414, 33.538975559118271 ], [ 135.892911300865876, 33.539108865224037 ], [ 135.893286261868354, 33.539225560754737 ] ] ] } },
{ "type": "Feature", "properties": { "CITY_NAME": "串本町", "S_NAME": "田原", "JINKO": 0, "medical_area": "30_新宮医療圏", "町丁目名": "串本町田原" }, "geometry": { "type": "Polygon", "coordinates": [ [ [ 135.878875250593865, 33.527576677989444 ], [ 135.8786377726598, 33.527526572214065 ], [ 135.878150318206934, 33.527934966061927 ], [ 135.878237795524029, 33.528268117879499 ], [ 135.87845028463417, 33.528409778745413 ], [ 135.878750262090165, 33.528251425345097 ], [ 135.878875250593865, 33.527576677989444 ] ] ] } },
{ "type": "Feature", "properties": { "CITY_NAME": "串本町", "S_NAME": "上田原", "JINKO": 80, "medical_area": "30_新宮医療圏", "町丁目名": "串本町上田原" }, "geometry": { "type": "Polygon", "coordinates": [ [ [ 135.860237603124716, 33.586902433625227 ], [ 135.859262733073024, 33.585152660965285 ], [ 135.859100317852864, 33.583644435508916 ], [ 135.859325303170777, 33.583527755910097 ], [ 135.860287696445567, 33.584477847955007 ], [ 135.861112649418629, 33.584744481777975 ], [ 135.860837690776748, 33.583819682907453 ], [ 135.860800259066679, 33.582086466610392 ], [ 135.861762718279437, 33.581278292405337 ], [ 135.862525258145638, 33.578703465254911 ], [ 135.8629377314046, 33.57870363925953 ], [ 135.863412688833478, 33.579086807163272 ], [ 135.863462674985357, 33.579536850216648 ], [ 135.863637643242839, 33.579720193447073 ], [ 135.864325091387371, 33.579986655863166 ], [ 135.865062549927785, 33.579853334808767 ], [ 135.865475014857594, 33.580369986181161 ], [ 135.866137464294496, 33.580053426375841 ], [ 135.867174893360357, 33.580319966470732 ], [ 135.868449804423221, 33.58025341343162 ], [ 135.86934972284547, 33.580728300147349 ], [ 135.869449845145567, 33.58118233863312 ], [ 135.869947035489417, 33.581486889295668 ], [ 135.873350779740235, 33.581730743830349 ], [ 135.874416770838451, 33.581333676086437 ], [ 135.875673278869073, 33.581445667353499 ], [ 135.876623476982928, 33.580511693782555 ], [ 135.877275124286911, 33.580209994607962 ], [ 135.877657319560029, 33.579771653111678 ], [ 135.878596070198597, 33.579719594912937 ], [ 135.880362691870005, 33.578848372893908 ], [ 135.88043690747773, 33.578522717536671 ], [ 135.880219332066105, 33.577666496081726 ], [ 135.881417032450003, 33.576108893168545 ], [ 135.88147870366754, 33.575653331110267 ], [ 135.881128224437504, 33.575252887452976 ], [ 135.881243511112132, 33.574654520180289 ], [ 135.881086575702739, 33.574100977646907 ], [ 135.881443142308314, 33.573764883640322 ], [ 135.881494703415484, 33.573270992323117 ], [ 135.882045252726698, 33.5724495912634 ], [ 135.88206648189049, 33.572301964337719 ], [ 135.881773554130916, 33.572170103044826 ], [ 135.881700554621631, 33.571959834651913 ], [ 135.882337509724266, 33.569283629165206 ], [ 135.882977371692164, 33.56829380954435 ], [ 135.883846645884574, 33.567944378903164 ], [ 135.883847817989277, 33.567059343715037 ], [ 135.883242337188307, 33.565831960334165 ], [ 135.884273292311946, 33.565898568043721 ], [ 135.884368305125378, 33.565276510025924 ], [ 135.885059520488852, 33.564988050920014 ], [ 135.884725183165926, 33.564523388557504 ], [ 135.885112708222124, 33.564331014936236 ], [ 135.88582543167405, 33.563577935332901 ], [ 135.885616298841171, 33.563428970409717 ], [ 135.884851812637464, 33.563743568901437 ], [ 135.88436395395621, 33.563669577479416 ], [ 135.884283996887092, 33.563221209916414 ], [ 135.884614804121242, 33.562171643487574 ], [ 135.884339969943028, 33.561182379755131 ], [ 135.884160692784292, 33.561206727659822 ], [ 135.883563762980231, 33.562004428375552 ], [ 135.882657286173554, 33.562417220399006 ], [ 135.882425496462076, 33.562412212662437 ], [ 135.881408672167282, 33.561483670311851 ], [ 135.880828431579431, 33.560680638487774 ], [ 135.880819420049932, 33.560186123711219 ], [ 135.880984680082122, 33.559780812919492 ], [ 135.881874429542819, 33.558741642158054 ], [ 135.880863805122118, 33.558650799172234 ], [ 135.879553068015923, 33.558269718104079 ], [ 135.877857090696438, 33.558389235465818 ], [ 135.876483523087188, 33.557870837946588 ], [ 135.876030610252911, 33.557184276949556 ], [ 135.875715404974812, 33.557183964026159 ], [ 135.874756533628869, 33.557647366037962 ], [ 135.874051065857486, 33.557234990205316 ], [ 135.874425582709932, 33.555446119479633 ], [ 135.874224459601209, 33.55503424867014 ], [ 135.873054471418754, 33.553301860559507 ], [ 135.871876822005277, 33.5525145163828 ], [ 135.871071480634555, 33.551468600242437 ], [ 135.871084386752244, 33.551267991985654 ], [ 135.871804244484139, 33.550424260502254 ], [ 135.871724200730171, 33.5491311287171 ], [ 135.871423079777401, 33.548149126277124 ], [ 135.871032865269257, 33.547747480605459 ], [ 135.869886371417522, 33.547260796522892 ], [ 135.868891494695987, 33.546563212933243 ], [ 135.867635122030265, 33.546909029679604 ], [ 135.867533867945014, 33.547782700952901 ], [ 135.86717860077465, 33.547773024318595 ], [ 135.865413986007269, 33.547334384604596 ], [ 135.864649371509103, 33.546403703302936 ], [ 135.862939687312235, 33.546355342386995 ], [ 135.862385120276457, 33.546010966097072 ], [ 135.861652388741959, 33.546000855291048 ], [ 135.86083147679895, 33.545600102434683 ], [ 135.859731649907957, 33.546035901338662 ], [ 135.859196646224319, 33.547327516512333 ], [ 135.858401987552895, 33.547842540901136 ], [ 135.858434730691783, 33.548186343856855 ], [ 135.858745206927097, 33.548428461720235 ], [ 135.860686795810125, 33.549267242714201 ], [ 135.862261697905836, 33.550329024534747 ], [ 135.862561283002947, 33.550449953529025 ], [ 135.864293442752427, 33.550377456239104 ], [ 135.865053540161853, 33.550662025061285 ], [ 135.86555205378184, 33.551387564227475 ], [ 135.866954714822555, 33.552611393457035 ], [ 135.865933567211158, 33.553060861886763 ], [ 135.865280481216757, 33.554253459843778 ], [ 135.864972867376366, 33.554530953401851 ], [ 135.863264033463764, 33.555074323439598 ], [ 135.862845451235245, 33.555588375055279 ], [ 135.861788066125882, 33.555988449691576 ], [ 135.861603386260782, 33.556224930715707 ], [ 135.861545805839768, 33.557670054735723 ], [ 135.861273721744624, 33.558760194527515 ], [ 135.860190621280935, 33.5598494253436 ], [ 135.858678128399418, 33.560496058235451 ], [ 135.857963981775697, 33.561379990903646 ], [ 135.856710062100518, 33.561687081376647 ], [ 135.856340527941967, 33.562221446897254 ], [ 135.856216249448551, 33.563064912568301 ], [ 135.855208161976691, 33.563310848178901 ], [ 135.855256807438309, 33.563619439140993 ], [ 135.855551425380355, 33.563804904434264 ], [ 135.856804503017344, 33.56403261770236 ], [ 135.856729955537531, 33.564526469156846 ], [ 135.855571071944127, 33.566767703843752 ], [ 135.855595139296867, 33.567076548146133 ], [ 135.856061367539155, 33.567529607991055 ], [ 135.856060138112326, 33.56827037148954 ], [ 135.857017800699026, 33.568826841911438 ], [ 135.857041773248824, 33.569197393119872 ], [ 135.856536181343046, 33.57023568322689 ], [ 135.85633926376488, 33.570400290762564 ], [ 135.855798482127199, 33.570420230876053 ], [ 135.855429273697638, 33.570728338390865 ], [ 135.855156430232427, 33.572188711137123 ], [ 135.853530296912766, 33.574450242704792 ], [ 135.852103510965378, 33.57508618299471 ], [ 135.850283977277201, 33.575392805195669 ], [ 135.849571524375165, 33.575165397151288 ], [ 135.849154705009113, 33.57456838611246 ], [ 135.848540770031661, 33.574238248868888 ], [ 135.847680483266004, 33.574216620787702 ], [ 135.847311444131236, 33.574401567442024 ], [ 135.847236810114424, 33.574895130488144 ], [ 135.846030343388719, 33.576025229219852 ], [ 135.846630260977889, 33.577311948391213 ], [ 135.846605197390801, 33.577579315110775 ], [ 135.846309931262653, 33.577743787501042 ], [ 135.845400351162453, 33.577783528806705 ], [ 135.844417797430793, 33.577412073431162 ], [ 135.843876415858603, 33.577740788030965 ], [ 135.843212610620355, 33.577801669351068 ], [ 135.842402654595816, 33.57714216215448 ], [ 135.841346090146715, 33.576914571319776 ], [ 135.840487410519273, 33.57602872643826 ], [ 135.840109757859409, 33.575969637224183 ], [ 135.839917759481921, 33.576294272228267 ], [ 135.83996896597003, 33.578152609659668 ], [ 135.839283255023958, 33.579309826487226 ], [ 135.839577278954948, 33.5799968878732 ], [ 135.839436375079487, 33.581221302831992 ], [ 135.840600624163585, 33.581903837031753 ], [ 135.840974363778798, 33.582833886850963 ], [ 135.841936961336103, 33.582593057785147 ], [ 135.843171621041989, 33.583288618043206 ], [ 135.844353157289561, 33.583100171324929 ], [ 135.846344454514082, 33.583954995373269 ], [ 135.847912176810894, 33.584328014936709 ], [ 135.849726932542154, 33.585177810188689 ], [ 135.850727298160706, 33.586397412237041 ], [ 135.851747736728868, 33.586701824759658 ], [ 135.852978191168717, 33.58750718815638 ], [ 135.853540556649733, 33.587458541913698 ], [ 135.856073213776966, 33.58600783950633 ], [ 135.856834467648099, 33.586478716684965 ], [ 135.858772826686817, 33.586475020234076 ], [ 135.859666341965664, 33.587509008822025 ], [ 135.859937606841726, 33.587602299003386 ], [ 135.860287596279846, 33.587269074372998 ], [ 135.860237603124716, 33.586902433625227 ] ], [ [ 135.868662944882061, 33.557386954444041 ], [ 135.86755983263771, 33.556265472616317 ], [ 135.868128084213112, 33.55631397378157 ], [ 135.86848468543306, 33.556139651520937 ], [ 135.868424295439155, 33.555450377768814 ], [ 135.868572275200847, 33.555100574291927 ], [ 135.869420565660278, 33.554803066639629 ], [ 135.869813734482136, 33.554834470427409 ], [ 135.870022339093339, 33.55501980986682 ], [ 135.87018133220019, 33.555524063450186 ], [ 135.869835517245434, 33.556696715787993 ], [ 135.8690242808741, 33.556849997902724 ], [ 135.868662944882061, 33.557386954444041 ] ] ] } },
{ "type": "Feature", "properties": { "CITY_NAME": "串本町", "S_NAME": "上田原", "JINKO": 50, "medical_area": "30_新宮医療圏", "町丁目名": "串本町上田原" }, "geometry": { "type": "Polygon", "coordinates": [ [ [ 135.868662944882061, 33.557386954444041 ], [ 135.8690242808741, 33.556849997902752 ], [ 135.869835517245377, 33.556696715787979 ], [ 135.869946322336261, 33.556552564398082 ], [ 135.87018133220019, 33.555524063450186 ], [ 135.869813734482136, 33.554834470427409 ], [ 135.86901497892606, 33.554874776688891 ], [ 135.868572275200847, 33.555100574291927 ], [ 135.868424295439127, 33.555450377768814 ], [ 135.86848468543306, 33.556139651520937 ], [ 135.868128084213112, 33.55631397378157 ], [ 135.86755983263771, 33.556265472616317 ], [ 135.868662944882061, 33.557386954444041 ] ] ] } },
{ "type": "Feature", "properties": { "CITY_NAME": "串本町", "S_NAME": "佐部", "JINKO": 106, "medical_area": "30_新宮医療圏", "町丁目名": "串本町佐部" }, "geometry": { "type": "Polygon", "coordinates": [ [ [ 135.843876415858603, 33.577740788030965 ], [ 135.844417797430793, 33.577412073431162 ], [ 135.84584277960505, 33.577804922984143 ], [ 135.846605197390801, 33.577579315110775 ], [ 135.846630260977889, 33.577311948391213 ], [ 135.846030343388719, 33.576025229219852 ], [ 135.847236810114424, 33.574895130488144 ], [ 135.847311444131236, 33.574401567442024 ], [ 135.847680483266004, 33.574216620787702 ], [ 135.848540770031661, 33.574238248868888 ], [ 135.849154705009113, 33.57456838611246 ], [ 135.849571524375165, 33.575165397151288 ], [ 135.850283977277201, 33.575392805195669 ], [ 135.852103510965378, 33.57508618299471 ], [ 135.853530296912766, 33.574450242704792 ], [ 135.855156430232427, 33.572188711137123 ], [ 135.855429273697638, 33.570728338390865 ], [ 135.855798482127199, 33.570420230876053 ], [ 135.85633926376488, 33.570400290762564 ], [ 135.856536181343046, 33.57023568322689 ], [ 135.857041773248824, 33.569197393119872 ], [ 135.857017800699026, 33.568826841911438 ], [ 135.856060138112326, 33.56827037148954 ], [ 135.856061367539155, 33.567529607991055 ], [ 135.855595139296867, 33.567076548146133 ], [ 135.855571071944127, 33.566767703843752 ], [ 135.856729955537531, 33.564526469156846 ], [ 135.856804503017344, 33.56403261770236 ], [ 135.855551425380355, 33.563804904434264 ], [ 135.855256807438309, 33.563619439140993 ], [ 135.855208161976691, 33.563310848178901 ], [ 135.856216249448551, 33.563064912568301 ], [ 135.856340527941967, 33.562221446897254 ], [ 135.856710062100518, 33.561687081376647 ], [ 135.857963981775697, 33.561379990903646 ], [ 135.858678128399418, 33.560496058235451 ], [ 135.860190621280935, 33.5598494253436 ], [ 135.861273721744624, 33.558760194527515 ], [ 135.861545805839768, 33.557670054735723 ], [ 135.861603386260782, 33.556224930715707 ], [ 135.861788066125882, 33.555988449691576 ], [ 135.862845451235245, 33.555588375055279 ], [ 135.863264033463764, 33.555074323439598 ], [ 135.864972867376366, 33.554530953401851 ], [ 135.865280481216757, 33.554253459843778 ], [ 135.865933567211158, 33.553060861886763 ], [ 135.866954714822555, 33.552611393457035 ], [ 135.86555205378184, 33.551387564227475 ], [ 135.865053540161853, 33.550662025061285 ], [ 135.86401592078775, 33.55034954102711 ], [ 135.862561283002947, 33.550449953529025 ], [ 135.860686795810125, 33.549267242714201 ], [ 135.858434730691783, 33.548186343856855 ], [ 135.858401987552895, 33.547842540901136 ], [ 135.859196646224319, 33.547327516512333 ], [ 135.859797605727522, 33.545737293664693 ], [ 135.859202766113697, 33.544942858876524 ], [ 135.858012063005361, 33.544007129077023 ], [ 135.856375933240571, 33.544401988418542 ], [ 135.855993832968011, 33.544388865079185 ], [ 135.855612132801724, 33.544132568174916 ], [ 135.855506446050896, 33.543338680352193 ], [ 135.855659765836862, 33.543057363058239 ], [ 135.856455313599639, 33.542597580582061 ], [ 135.85648623861465, 33.5423800844721 ], [ 135.854716777780197, 33.541283042148692 ], [ 135.854288679228148, 33.541127563503167 ], [ 135.853512763461964, 33.541262185067893 ], [ 135.853305170258295, 33.540777284162033 ], [ 135.852783839117507, 33.540989973016316 ], [ 135.852679920062002, 33.540825009946744 ], [ 135.852935225256971, 33.540466611246558 ], [ 135.85265777596905, 33.540223954635046 ], [ 135.851719666919024, 33.540426281460043 ], [ 135.851523902711705, 33.539805575754031 ], [ 135.849403315073062, 33.53930033527881 ], [ 135.849036864425955, 33.538931045040258 ], [ 135.848404792501015, 33.536491500317794 ], [ 135.847671008243083, 33.536285749870025 ], [ 135.847921120723669, 33.533150698100954 ], [ 135.84733467332785, 33.532657992386795 ], [ 135.847165155912023, 33.531633233953151 ], [ 135.846896806104411, 33.531161487468133 ], [ 135.845713532478129, 33.5298325682297 ], [ 135.844760059559576, 33.530387336625054 ], [ 135.84273928899043, 33.53055415726611 ], [ 135.842305645971066, 33.530940211236945 ], [ 135.840629919517937, 33.53183244940795 ], [ 135.8364673731067, 33.535150923880352 ], [ 135.835730858309489, 33.53539172158947 ], [ 135.834806031097258, 33.536007030685916 ], [ 135.835604694409881, 33.537669437372571 ], [ 135.836508752321947, 33.538550607146028 ], [ 135.836544479447753, 33.538823693708125 ], [ 135.836180835297228, 33.53955131983836 ], [ 135.836613939547419, 33.540431587764459 ], [ 135.836538813568978, 33.542079584593885 ], [ 135.835824069989741, 33.542560194622325 ], [ 135.835942309505043, 33.542958778939997 ], [ 135.835703680835451, 33.543323642399422 ], [ 135.833659506830372, 33.544250768310121 ], [ 135.833441040898549, 33.544433063380268 ], [ 135.833439689031792, 33.545147074408099 ], [ 135.832705547052427, 33.545378543423936 ], [ 135.832348041829817, 33.545677018424911 ], [ 135.832544313332448, 33.546739841012254 ], [ 135.831650470597623, 33.547519132218426 ], [ 135.831827356810862, 33.548349469136596 ], [ 135.831398792573708, 33.549503018206423 ], [ 135.831833738637215, 33.550200992778414 ], [ 135.831535324312739, 33.550698474865563 ], [ 135.831751938652928, 33.551495898823362 ], [ 135.831214653487848, 33.552458258842201 ], [ 135.83129318711002, 33.552873413220404 ], [ 135.830999166435362, 33.553244949210061 ], [ 135.828419501797299, 33.554815094957263 ], [ 135.828566626618425, 33.555385040379306 ], [ 135.828896377580577, 33.555737991380639 ], [ 135.82924248445687, 33.556621258341082 ], [ 135.828537472142273, 33.558584795244059 ], [ 135.82876874704084, 33.558890272053311 ], [ 135.829132991302316, 33.558973896766481 ], [ 135.828931752690465, 33.56024018039124 ], [ 135.829052123378347, 33.56080417045321 ], [ 135.829768480064985, 33.561535503521952 ], [ 135.830177161966475, 33.561480552826708 ], [ 135.830708077040839, 33.5610377695983 ], [ 135.831061475618753, 33.561019653389046 ], [ 135.831556831545669, 33.561833797347113 ], [ 135.832539048462507, 33.56214028009407 ], [ 135.833157883018316, 33.561919076570007 ], [ 135.834165116220447, 33.562166126682726 ], [ 135.834731759144034, 33.56319224201934 ], [ 135.835124767553367, 33.563531452808213 ], [ 135.834975855387398, 33.564204120778697 ], [ 135.835258766275359, 33.564927517925547 ], [ 135.835114554594639, 33.565998614505091 ], [ 135.83547793319363, 33.567541502905257 ], [ 135.835703352063547, 33.569738756343774 ], [ 135.835958880729606, 33.570503538073922 ], [ 135.837051228164455, 33.57115501822436 ], [ 135.837759725462575, 33.572382492167399 ], [ 135.838775716707147, 33.572951294557946 ], [ 135.83931608851978, 33.573469321092503 ], [ 135.840035524484477, 33.574724401174016 ], [ 135.840109757859409, 33.575969637224183 ], [ 135.840732988733578, 33.576152453701383 ], [ 135.841346090146715, 33.576914571319776 ], [ 135.842402654595816, 33.57714216215448 ], [ 135.843212610620355, 33.577801669351068 ], [ 135.843876415858603, 33.577740788030965 ] ] ] } }
]
}
