{
"type": "FeatureCollection",
"name": "geo_30_通所介護",
"crs": { "type": "name", "properties": { "name": "urn:ogc:def:crs:OGC:1.3:CRS84" } },
"features": [
{ "type": "Feature", "properties": { "内容": "デイサービスいぶき【通所介護】和歌山県和歌山市小雑賀696-1", "url": "https://www.kaigokensaku.mhlw.go.jp/30/index.php?action_kouhyou_detail_004_kani=true&JigyosyoCd=3070114099-00&ServiceCd=150&Type=search", "url2": null }, "geometry": { "type": "Point", "coordinates": [ 135.1836882, 34.2002673 ] } },
{ "type": "Feature", "properties": { "内容": "デイサービスセンターせいがの森【通所介護】和歌山市栄谷58-2", "url": "https://www.kaigokensaku.mhlw.go.jp/30/index.php?action_kouhyou_detail_004_kani=true&JigyosyoCd=3070107952-00&ServiceCd=150&Type=search", "url2": "http://w-himawarikai.or.jp/" }, "geometry": { "type": "Point", "coordinates": [ 135.1567083, 34.2551474 ] } },
{ "type": "Feature", "properties": { "内容": "今福診療所【通所介護】和歌山市今福2丁目1番16号", "url": "https://www.kaigokensaku.mhlw.go.jp/30/index.php?action_kouhyou_detail_004_kani=true&JigyosyoCd=3010111114-00&ServiceCd=150&Type=search", "url2": "http://care-net.biz/30/kinokuniiryo/" }, "geometry": { "type": "Point", "coordinates": [ 135.160612, 34.2111578 ] } },
{ "type": "Feature", "properties": { "内容": "アップルデイサービス【通所介護】築港５丁目１１－２２", "url": "https://www.kaigokensaku.mhlw.go.jp/30/index.php?action_kouhyou_detail_004_kani=true&JigyosyoCd=3070112218-00&ServiceCd=150&Type=search", "url2": null }, "geometry": { "type": "Point", "coordinates": [ 133.957628500000027, 34.4956444 ] } },
{ "type": "Feature", "properties": { "内容": "ひまわり福祉サービス塩屋事業所【通所介護】和歌山市塩屋4丁目5-6", "url": "https://www.kaigokensaku.mhlw.go.jp/30/index.php?action_kouhyou_detail_004_kani=true&JigyosyoCd=3070107275-00&ServiceCd=150&Type=search", "url2": "http://www.himawari-welfare.jp" }, "geometry": { "type": "Point", "coordinates": [ 135.177758741139201, 34.200473057132889 ] } },
{ "type": "Feature", "properties": { "内容": "いのうえデイサービス【通所介護】和歌山県和歌山市土佐町２丁目２０－１", "url": "https://www.kaigokensaku.mhlw.go.jp/30/index.php?action_kouhyou_detail_004_kani=true&JigyosyoCd=3070109826-00&ServiceCd=150&Type=search", "url2": null }, "geometry": { "type": "Point", "coordinates": [ 135.161682631227109, 34.222966900664275 ] } },
{ "type": "Feature", "properties": { "内容": "ふくろうデイサービス【通所介護】和歌山県和歌山市中之島784-1", "url": "https://www.kaigokensaku.mhlw.go.jp/30/index.php?action_kouhyou_detail_004_kani=true&JigyosyoCd=3070114479-00&ServiceCd=150&Type=search", "url2": "https://hukurou-lp.com/" }, "geometry": { "type": "Point", "coordinates": [ 135.179124103330054, 34.239856050132765 ] } },
{ "type": "Feature", "properties": { "内容": "デイサービスかがやき【通所介護】和歌山市禰宜９２０－１", "url": "https://www.kaigokensaku.mhlw.go.jp/30/index.php?action_kouhyou_detail_004_kani=true&JigyosyoCd=3070105220-00&ServiceCd=150&Type=search", "url2": null }, "geometry": { "type": "Point", "coordinates": [ 135.249113099999931, 34.2340763 ] } },
{ "type": "Feature", "properties": { "内容": "デイサービスエレック【通所介護】和歌山県和歌山市堀止東1丁目1-9", "url": "https://www.kaigokensaku.mhlw.go.jp/30/index.php?action_kouhyou_detail_004_kani=true&JigyosyoCd=3070112879-00&ServiceCd=150&Type=search", "url2": null }, "geometry": { "type": "Point", "coordinates": [ 135.1708533, 34.2154051 ] } },
{ "type": "Feature", "properties": { "内容": "加納の手デイサービスセンター【通所介護】和歌山県和歌山市加納407-1有料老人ホーム　きのくにの手", "url": "https://www.kaigokensaku.mhlw.go.jp/30/index.php?action_kouhyou_detail_004_kani=true&JigyosyoCd=3070112903-00&ServiceCd=150&Type=search", "url2": null }, "geometry": { "type": "Point", "coordinates": [ 135.204448700000057, 34.2459369 ] } },
{ "type": "Feature", "properties": { "内容": "デイサービスセンターまんぼう【通所介護】和歌山県和歌山市有本303番地3まんぼうのお家", "url": "https://www.kaigokensaku.mhlw.go.jp/30/index.php?action_kouhyou_detail_004_kani=true&JigyosyoCd=3070109776-00&ServiceCd=150&Type=search", "url2": "k.manbou@lake.ocn.ne.jp" }, "geometry": { "type": "Point", "coordinates": [ 135.199473353425958, 34.247508532547123 ] } },
{ "type": "Feature", "properties": { "内容": "デイサービスてんとうむし【通所介護】和歌山県和歌山市松島52番地3", "url": "https://www.kaigokensaku.mhlw.go.jp/30/index.php?action_kouhyou_detail_004_kani=true&JigyosyoCd=3070112283-00&ServiceCd=150&Type=search", "url2": "https//tentomushi-wakayama.jp" }, "geometry": { "type": "Point", "coordinates": [ 135.2114745, 34.249181600000014 ] } },
{ "type": "Feature", "properties": { "内容": "デイサービス　オアシス【通所介護】和歌山市つつじが丘2丁目6-1", "url": "https://www.kaigokensaku.mhlw.go.jp/30/index.php?action_kouhyou_detail_004_kani=true&JigyosyoCd=3070104314-00&ServiceCd=150&Type=search", "url2": null }, "geometry": { "type": "Point", "coordinates": [ 135.09949180000001, 34.2688035 ] } },
{ "type": "Feature", "properties": { "内容": "ひまわり福祉サービス【通所介護】和歌山県和歌山市新中島63-5", "url": "https://www.kaigokensaku.mhlw.go.jp/30/index.php?action_kouhyou_detail_004_kani=true&JigyosyoCd=3070105816-00&ServiceCd=150&Type=search", "url2": "http://www.himawari-welfare.jp" }, "geometry": { "type": "Point", "coordinates": [ 135.198442399999976, 34.2157248 ] } },
{ "type": "Feature", "properties": { "内容": "ぽぽろ紀ノ川デイサービスセンター【通所介護】和歌山市善明寺354-1", "url": "https://www.kaigokensaku.mhlw.go.jp/30/index.php?action_kouhyou_detail_004_kani=true&JigyosyoCd=3070103720-00&ServiceCd=150&Type=search", "url2": "http://www.medi-wel.jp" }, "geometry": { "type": "Point", "coordinates": [ 135.186117100000047, 34.2621143 ] } },
{ "type": "Feature", "properties": { "内容": "第二紀三井寺苑デイサービスセンター【通所介護】和歌山市紀三井寺754", "url": "https://www.kaigokensaku.mhlw.go.jp/30/index.php?action_kouhyou_detail_004_kani=true&JigyosyoCd=3070105923-00&ServiceCd=150&Type=search", "url2": "https://www.kisan.or.jp" }, "geometry": { "type": "Point", "coordinates": [ 135.18623, 34.1853977 ] } },
{ "type": "Feature", "properties": { "内容": "社会福祉法人　桃の木会　デイサービス三田山【通所介護】和歌山県和歌山市坂田348", "url": "https://www.kaigokensaku.mhlw.go.jp/30/index.php?action_kouhyou_detail_004_kani=true&JigyosyoCd=3070113729-00&ServiceCd=150&Type=search", "url2": null }, "geometry": { "type": "Point", "coordinates": [ 135.2040828, 34.2031131 ] } },
{ "type": "Feature", "properties": { "内容": "ぽぽろデイサービスセンター【通所介護】和歌山市西庄223-5", "url": "https://www.kaigokensaku.mhlw.go.jp/30/index.php?action_kouhyou_detail_004_kani=true&JigyosyoCd=3010112005-00&ServiceCd=150&Type=search", "url2": "www.medi-wel.jp/" }, "geometry": { "type": "Point", "coordinates": [ 135.1178413, 34.2619487 ] } },
{ "type": "Feature", "properties": { "内容": "クレール松江デイサービスセンター【通所介護】和歌山市松江北7丁目11－13", "url": "https://www.kaigokensaku.mhlw.go.jp/30/index.php?action_kouhyou_detail_004_kani=true&JigyosyoCd=3070107150-00&ServiceCd=150&Type=search", "url2": "http://www.restfrom.com/" }, "geometry": { "type": "Point", "coordinates": [ 135.126068700000019, 34.253011 ] } },
{ "type": "Feature", "properties": { "内容": "デイサービス　サン・クレール【通所介護】和歌山県和歌山市松江北七丁目9-18", "url": "https://www.kaigokensaku.mhlw.go.jp/30/index.php?action_kouhyou_detail_004_kani=true&JigyosyoCd=3070107630-00&ServiceCd=150&Type=search", "url2": "http://www.restfrom.com/" }, "geometry": { "type": "Point", "coordinates": [ 135.125752, 34.2526055 ] } },
{ "type": "Feature", "properties": { "内容": "クレールアイル【通所介護】和歌山県和歌山市松江北７丁目１１−２１", "url": "https://www.kaigokensaku.mhlw.go.jp/30/index.php?action_kouhyou_detail_004_kani=true&JigyosyoCd=3070111806-00&ServiceCd=150&Type=search", "url2": "http://www.restfrom.com/" }, "geometry": { "type": "Point", "coordinates": [ 135.125092779373148, 34.253354968530815 ] } },
{ "type": "Feature", "properties": { "内容": "喜成会デイサービス「有本の家」【通所介護】和歌山県和歌山市有本１２７－１", "url": "https://www.kaigokensaku.mhlw.go.jp/30/index.php?action_kouhyou_detail_004_kani=true&JigyosyoCd=3070104512-00&ServiceCd=150&Type=search", "url2": "http://www.kiseikai-w.or.jp/" }, "geometry": { "type": "Point", "coordinates": [ 135.195244600000024, 34.2470826 ] } },
{ "type": "Feature", "properties": { "内容": "ライフ【通所介護】和歌山県和歌山市1325-8", "url": "https://www.kaigokensaku.mhlw.go.jp/30/index.php?action_kouhyou_detail_004_kani=true&JigyosyoCd=3070114453-00&ServiceCd=150&Type=search", "url2": null }, "geometry": { "type": "Point", "coordinates": [ 135.2465276, 34.2432117 ] } },
{ "type": "Feature", "properties": { "内容": "ふくろうデイサービス【通所介護】和歌山県和歌山市中之島784-1", "url": "https://www.kaigokensaku.mhlw.go.jp/30/index.php?action_kouhyou_detail_004_kani=true&JigyosyoCd=3070115096-00&ServiceCd=150&Type=search", "url2": null }, "geometry": { "type": "Point", "coordinates": [ 135.1857186, 34.2417354 ] } },
{ "type": "Feature", "properties": { "内容": "デイサービスセンターロコ【通所介護】和歌山県和歌山市紀三井寺539番４デイサービスセンターロコ", "url": "https://www.kaigokensaku.mhlw.go.jp/30/index.php?action_kouhyou_detail_004_kani=true&JigyosyoCd=3070111426-00&ServiceCd=150&Type=search", "url2": null }, "geometry": { "type": "Point", "coordinates": [ 135.1866966, 34.1787318 ] } },
{ "type": "Feature", "properties": { "内容": "デイサービスいちごの里【通所介護】和歌山市岩橋973-1", "url": "https://www.kaigokensaku.mhlw.go.jp/30/index.php?action_kouhyou_detail_004_kani=true&JigyosyoCd=3070105972-00&ServiceCd=150&Type=search", "url2": "http://www.ichigonosato.jp" }, "geometry": { "type": "Point", "coordinates": [ 135.230273407194545, 34.23505270799614 ] } },
{ "type": "Feature", "properties": { "内容": "ケアランド和歌山【通所介護】和歌山県和歌山市黒田２７９－４", "url": "https://www.kaigokensaku.mhlw.go.jp/30/index.php?action_kouhyou_detail_004_kani=true&JigyosyoCd=3070100015-00&ServiceCd=150&Type=search", "url2": null }, "geometry": { "type": "Point", "coordinates": [ 135.198547400000052, 34.2361892 ] } },
{ "type": "Feature", "properties": { "内容": "デイサービスセンターレサンテ和歌山【通所介護】和歌山県和歌山市布引874番地の1", "url": "https://www.kaigokensaku.mhlw.go.jp/30/index.php?action_kouhyou_detail_004_kani=true&JigyosyoCd=3070113000-00&ServiceCd=150&Type=search", "url2": "https://www.kawasho-gr.jp/lessantewakayama.html" }, "geometry": { "type": "Point", "coordinates": [ 135.1880392, 34.1707855 ] } },
{ "type": "Feature", "properties": { "内容": "デイサービスセンターしんぼり【通所介護】和歌山市新堀東2丁目2-2紀の国医療福祉センター・ほっと生活館しんぼり", "url": "https://www.kaigokensaku.mhlw.go.jp/30/index.php?action_kouhyou_detail_004_kani=true&JigyosyoCd=3070105006-00&ServiceCd=150&Type=search", "url2": "http://care-net.biz/30/kinokuniiryo/index.php" }, "geometry": { "type": "Point", "coordinates": [ 135.172713899999962, 34.2142689 ] } },
{ "type": "Feature", "properties": { "内容": "デイサービスオアシスⅢ【通所介護】和歌山県　和歌山市　つつじが丘　5丁目3-5", "url": "https://www.kaigokensaku.mhlw.go.jp/30/index.php?action_kouhyou_detail_004_kani=true&JigyosyoCd=3070110063-00&ServiceCd=150&Type=search", "url2": null }, "geometry": { "type": "Point", "coordinates": [ 135.102210025270068, 34.26612673311763 ] } },
{ "type": "Feature", "properties": { "内容": "ポシブルわかやま狐島【通所介護】和歌山県和歌山市狐島262-4", "url": "https://www.kaigokensaku.mhlw.go.jp/30/index.php?action_kouhyou_detail_004_kani=true&JigyosyoCd=3070113406-00&ServiceCd=150&Type=search", "url2": "https://www.possible-plus.co.jp/store/390/" }, "geometry": { "type": "Point", "coordinates": [ 135.1514019, 34.2429987 ] } },
{ "type": "Feature", "properties": { "内容": "ライフパートナー内原デイサービスセンター【通所介護】和歌山県和歌山市内原634-1", "url": "https://www.kaigokensaku.mhlw.go.jp/30/index.php?action_kouhyou_detail_004_kani=true&JigyosyoCd=3070103365-00&ServiceCd=150&Type=search", "url2": null }, "geometry": { "type": "Point", "coordinates": [ 135.19848449999995, 34.1751382 ] } },
{ "type": "Feature", "properties": { "内容": "アトリオつつじIデイサービスセンター【通所介護】和歌山市つつじヶ丘５丁目３番地の３", "url": "https://www.kaigokensaku.mhlw.go.jp/30/index.php?action_kouhyou_detail_004_kani=true&JigyosyoCd=3070107739-00&ServiceCd=150&Type=search", "url2": "http://www.medi-wel.jp/" }, "geometry": { "type": "Point", "coordinates": [ 135.101264, 34.2666037 ] } },
{ "type": "Feature", "properties": { "内容": "アトリオつつじⅡデイサービスセンター【通所介護】和歌山市つつじヶ丘5丁目3番地の３", "url": "https://www.kaigokensaku.mhlw.go.jp/30/index.php?action_kouhyou_detail_004_kani=true&JigyosyoCd=3070108547-00&ServiceCd=150&Type=search", "url2": "httpｓ://www.medi-wel.jp/" }, "geometry": { "type": "Point", "coordinates": [ 135.101264, 34.2666037 ] } },
{ "type": "Feature", "properties": { "内容": "アトリオつつじⅢデイサービスセンター【通所介護】和歌山市つつじヶ丘５丁目３番地の３", "url": "https://www.kaigokensaku.mhlw.go.jp/30/index.php?action_kouhyou_detail_004_kani=true&JigyosyoCd=3070108646-00&ServiceCd=150&Type=search", "url2": "httpｓ://www.medi-wel.ip/" }, "geometry": { "type": "Point", "coordinates": [ 135.101264, 34.2666037 ] } },
{ "type": "Feature", "properties": { "内容": "パナソニックエイジフリー株式会社【通所介護】和歌山県和歌山市北島325-25パナソニックエイジフリーケアセンター和歌山北島・デイサービス", "url": "https://www.kaigokensaku.mhlw.go.jp/30/index.php?action_kouhyou_detail_004_kani=true&JigyosyoCd=3070112093-00&ServiceCd=150&Type=search", "url2": null }, "geometry": { "type": "Point", "coordinates": [ 138.252924, 36.204824 ] } },
{ "type": "Feature", "properties": { "内容": "デイサービス　あおぞら　夢【通所介護】和歌山市小雑賀726-14", "url": "https://www.kaigokensaku.mhlw.go.jp/30/index.php?action_kouhyou_detail_004_kani=true&JigyosyoCd=3070109032-00&ServiceCd=150&Type=search", "url2": null }, "geometry": { "type": "Point", "coordinates": [ 135.186174400000027, 34.1992599 ] } },
{ "type": "Feature", "properties": { "内容": "デイサービス　よしはら【通所介護】和歌山県和歌山市吉原７４７番地の１", "url": "https://www.kaigokensaku.mhlw.go.jp/30/index.php?action_kouhyou_detail_004_kani=true&JigyosyoCd=3070106988-00&ServiceCd=150&Type=search", "url2": null }, "geometry": { "type": "Point", "coordinates": [ 135.20309240000006, 34.1960077 ] } },
{ "type": "Feature", "properties": { "内容": "わかうら園デイサービスセンター【通所介護】和歌山県和歌山市田野178番地", "url": "https://www.kaigokensaku.mhlw.go.jp/30/index.php?action_kouhyou_detail_004_kani=true&JigyosyoCd=3070115245-00&ServiceCd=150&Type=search", "url2": "https://wakaurakai.or.jp" }, "geometry": { "type": "Point", "coordinates": [ 135.1499987, 34.1856767 ] } },
{ "type": "Feature", "properties": { "内容": "ゆたかデイサービス【通所介護】和歌山県和歌山市中島452‐7ユタカ創造ビル3階", "url": "https://www.kaigokensaku.mhlw.go.jp/30/index.php?action_kouhyou_detail_004_kani=true&JigyosyoCd=3070105097-00&ServiceCd=150&Type=search", "url2": "http://lifeaccess.co.jp/" }, "geometry": { "type": "Point", "coordinates": [ 135.185963300000026, 34.201593 ] } },
{ "type": "Feature", "properties": { "内容": "ツクイ和歌山神前【通所介護】和歌山市神前246-1", "url": "https://www.kaigokensaku.mhlw.go.jp/30/index.php?action_kouhyou_detail_004_kani=true&JigyosyoCd=3070104975-00&ServiceCd=150&Type=search", "url2": "http://www.tsukui.net/" }, "geometry": { "type": "Point", "coordinates": [ 135.201845, 34.2128307 ] } },
{ "type": "Feature", "properties": { "内容": "リハビリデイサービス自然倶楽部【通所介護】和歌山県和歌山市西庄337-3", "url": "https://www.kaigokensaku.mhlw.go.jp/30/index.php?action_kouhyou_detail_004_kani=true&JigyosyoCd=3070111939-00&ServiceCd=150&Type=search", "url2": "http://www.jinen-club.com/" }, "geometry": { "type": "Point", "coordinates": [ 135.116052500000023, 34.2573243 ] } },
{ "type": "Feature", "properties": { "内容": "デイサービス　ピース＆ピース【通所介護】和歌山市北出島12-7", "url": "https://www.kaigokensaku.mhlw.go.jp/30/index.php?action_kouhyou_detail_004_kani=true&JigyosyoCd=3070112994-00&ServiceCd=150&Type=search", "url2": "http://wpap.ciao.jp/" }, "geometry": { "type": "Point", "coordinates": [ 135.195092939286809, 34.22306296011817 ] } },
{ "type": "Feature", "properties": { "内容": "デイサービス　ピース＆ピースⅡ【通所介護】和歌山市神前546-1", "url": "https://www.kaigokensaku.mhlw.go.jp/30/index.php?action_kouhyou_detail_004_kani=true&JigyosyoCd=3070114008-00&ServiceCd=150&Type=search", "url2": "http://wpap.ciao.jp" }, "geometry": { "type": "Point", "coordinates": [ 135.208290799999986, 34.2095445 ] } },
{ "type": "Feature", "properties": { "内容": "デイサービス絆【通所介護】和歌山県和歌山市井戸192-1", "url": "https://www.kaigokensaku.mhlw.go.jp/30/index.php?action_kouhyou_detail_004_kani=true&JigyosyoCd=3070114768-00&ServiceCd=150&Type=search", "url2": null }, "geometry": { "type": "Point", "coordinates": [ 135.226640300000014, 34.1974618 ] } },
{ "type": "Feature", "properties": { "内容": "喜成会デイサービスセンター【通所介護】和歌山県和歌山市北野１１８番地の２", "url": "https://www.kaigokensaku.mhlw.go.jp/30/index.php?action_kouhyou_detail_004_kani=true&JigyosyoCd=3070101203-00&ServiceCd=150&Type=search", "url2": "http://www.kiseikai-w.or.jp" }, "geometry": { "type": "Point", "coordinates": [ 135.247648600000048, 34.2654352 ] } },
{ "type": "Feature", "properties": { "内容": "デイサービスセンター十色【通所介護】和歌山県和歌山市小倉130番地2", "url": "https://www.kaigokensaku.mhlw.go.jp/30/index.php?action_kouhyou_detail_004_kani=true&JigyosyoCd=3070114875-00&ServiceCd=150&Type=search", "url2": null }, "geometry": { "type": "Point", "coordinates": [ 135.2871164, 34.2500135 ] } },
{ "type": "Feature", "properties": { "内容": "デイサービスセンターサン【通所介護】和歌山市和田1205-1", "url": "https://www.kaigokensaku.mhlw.go.jp/30/index.php?action_kouhyou_detail_004_kani=true&JigyosyoCd=3070103431-00&ServiceCd=150&Type=search", "url2": "http://www.iryohoujin-sun.com" }, "geometry": { "type": "Point", "coordinates": [ 135.208642316007968, 34.207188892166315 ] } },
{ "type": "Feature", "properties": { "内容": "デイサービス　あけぼの【通所介護】和歌山県和歌山市和歌川町３番１号", "url": "https://www.kaigokensaku.mhlw.go.jp/30/index.php?action_kouhyou_detail_004_kani=true&JigyosyoCd=3070110808-00&ServiceCd=150&Type=search", "url2": "http://www.wachuohp.or.jp/" }, "geometry": { "type": "Point", "coordinates": [ 135.180279229854563, 34.196643907987749 ] } },
{ "type": "Feature", "properties": { "内容": "大日倶楽部　オリオン【通所介護】鳴神１２０番地の5大日倶楽部　オリオン", "url": "https://www.kaigokensaku.mhlw.go.jp/30/index.php?action_kouhyou_detail_004_kani=true&JigyosyoCd=3070111632-00&ServiceCd=150&Type=search", "url2": "http://www.kikyokai.or.jp/" }, "geometry": { "type": "Point", "coordinates": [ 135.210613539950629, 34.226095460638142 ] } },
{ "type": "Feature", "properties": { "内容": "パソナライフケア栄谷【通所介護】和歌山県和歌山市栄谷179-1", "url": "https://www.kaigokensaku.mhlw.go.jp/30/index.php?action_kouhyou_detail_004_kani=true&JigyosyoCd=3070112713-00&ServiceCd=150&Type=search", "url2": "https://www.pasona-lc.co.jp/" }, "geometry": { "type": "Point", "coordinates": [ 135.153219600000057, 34.2565472 ] } },
{ "type": "Feature", "properties": { "内容": "デイサービス　わをん【通所介護】和歌山市吐前263-1", "url": "https://www.kaigokensaku.mhlw.go.jp/30/index.php?action_kouhyou_detail_004_kani=true&JigyosyoCd=3070106111-00&ServiceCd=150&Type=search", "url2": "minori-kaigo.net/" }, "geometry": { "type": "Point", "coordinates": [ 135.273688799999945, 34.2401291 ] } },
{ "type": "Feature", "properties": { "内容": "シニアデイサービスCOCOfine【通所介護】和歌山県和歌山市延時84-1", "url": "https://www.kaigokensaku.mhlw.go.jp/30/index.php?action_kouhyou_detail_004_kani=true&JigyosyoCd=3070114420-00&ServiceCd=150&Type=search", "url2": null }, "geometry": { "type": "Point", "coordinates": [ 135.1498525, 34.2518174 ] } },
{ "type": "Feature", "properties": { "内容": "紀州リハビリケアデイサービスセンター【通所介護】和歌山県和歌山市冬野1335-1", "url": "https://www.kaigokensaku.mhlw.go.jp/30/index.php?action_kouhyou_detail_004_kani=true&JigyosyoCd=3070111194-00&ServiceCd=150&Type=search", "url2": "http://www.kisyuuriha.com/" }, "geometry": { "type": "Point", "coordinates": [ 135.211529299999938, 34.1769129 ] } },
{ "type": "Feature", "properties": { "内容": "在宅ケアセンターしあわせ　デイサービス【通所介護】和歌山市中之島５００－１０", "url": "https://www.kaigokensaku.mhlw.go.jp/30/index.php?action_kouhyou_detail_004_kani=true&JigyosyoCd=3070101336-00&ServiceCd=150&Type=search", "url2": "http://shiawase-kaigo.or.jp" }, "geometry": { "type": "Point", "coordinates": [ 135.187939799999981, 34.2428022 ] } },
{ "type": "Feature", "properties": { "内容": "あいの里【通所介護】和歌山市松原３０６－５", "url": "https://www.kaigokensaku.mhlw.go.jp/30/index.php?action_kouhyou_detail_004_kani=true&JigyosyoCd=3070100205-00&ServiceCd=150&Type=search", "url2": "http://www.ainosato-wa.-or.jp" }, "geometry": { "type": "Point", "coordinates": [ 135.224415499999964, 34.1949581 ] } },
{ "type": "Feature", "properties": { "内容": "西庄園【通所介護】和歌山市西庄１１３３－２", "url": "https://www.kaigokensaku.mhlw.go.jp/30/index.php?action_kouhyou_detail_004_kani=true&JigyosyoCd=3070100353-00&ServiceCd=150&Type=search", "url2": "http://seisyoen-minori.jp/" }, "geometry": { "type": "Point", "coordinates": [ 135.112891399999967, 34.2642096 ] } },
{ "type": "Feature", "properties": { "内容": "なごみの郷　あゆむ【通所介護】西庄92-７、８", "url": "https://www.kaigokensaku.mhlw.go.jp/30/index.php?action_kouhyou_detail_004_kani=true&JigyosyoCd=3070110105-00&ServiceCd=150&Type=search", "url2": null }, "geometry": { "type": "Point", "coordinates": [ 135.119569, 34.2625403 ] } },
{ "type": "Feature", "properties": { "内容": "まつい訪問看護ステーション　キュアルーム【通所介護】和歌山県和歌山市砂山南四丁目1番37号", "url": "https://www.kaigokensaku.mhlw.go.jp/30/index.php?action_kouhyou_detail_004_kani=true&JigyosyoCd=3070107457-00&ServiceCd=150&Type=search", "url2": "http://matsui-houmonkango.co.jp/" }, "geometry": { "type": "Point", "coordinates": [ 135.159764799999948, 34.2166015 ] } },
{ "type": "Feature", "properties": { "内容": "デイサービス　たがみ【通所介護】和歌山市友田町３丁目２０番地", "url": "https://www.kaigokensaku.mhlw.go.jp/30/index.php?action_kouhyou_detail_004_kani=true&JigyosyoCd=3070101609-00&ServiceCd=150&Type=search", "url2": "https://tagami-joto.co.jp/" }, "geometry": { "type": "Point", "coordinates": [ 135.187220700000012, 34.2335142 ] } },
{ "type": "Feature", "properties": { "内容": "デイサービスセンター内原【通所介護】和歌山市毛見１６８番地７", "url": "https://www.kaigokensaku.mhlw.go.jp/30/index.php?action_kouhyou_detail_004_kani=true&JigyosyoCd=3070106541-00&ServiceCd=150&Type=search", "url2": null }, "geometry": { "type": "Point", "coordinates": [ 135.187216199999966, 34.165030700000017 ] } },
{ "type": "Feature", "properties": { "内容": "デイサービス　フルーツフラワーガーデン【通所介護】和歌山県和歌山市朝日2番地の2", "url": "https://www.kaigokensaku.mhlw.go.jp/30/index.php?action_kouhyou_detail_004_kani=true&JigyosyoCd=3070115203-00&ServiceCd=150&Type=search", "url2": "https://site.locaop.jp/fruitflower" }, "geometry": { "type": "Point", "coordinates": [ 135.2207975, 34.1920846 ] } },
{ "type": "Feature", "properties": { "内容": "デイサービス　ステップ【通所介護】和歌山市府中132", "url": "https://www.kaigokensaku.mhlw.go.jp/30/index.php?action_kouhyou_detail_004_kani=true&JigyosyoCd=3070111988-00&ServiceCd=150&Type=search", "url2": "http://www.168wakayama.com" }, "geometry": { "type": "Point", "coordinates": [ 135.223507832889482, 34.266160312486939 ] } },
{ "type": "Feature", "properties": { "内容": "カーサ・デ・ソコロ・アンシアナトー【通所介護】和歌山市松江東1丁目7番25号", "url": "https://www.kaigokensaku.mhlw.go.jp/30/index.php?action_kouhyou_detail_004_kani=true&JigyosyoCd=3070100502-00&ServiceCd=150&Type=search", "url2": "https://www.ancianatio.com/" }, "geometry": { "type": "Point", "coordinates": [ 135.134546099999966, 34.2438399 ] } },
{ "type": "Feature", "properties": { "内容": "コスモス【通所介護】加納２０６番地２", "url": "https://www.kaigokensaku.mhlw.go.jp/30/index.php?action_kouhyou_detail_004_kani=true&JigyosyoCd=3070113901-00&ServiceCd=150&Type=search", "url2": "https://www.care-cosmos.com" }, "geometry": { "type": "Point", "coordinates": [ 135.204041004229737, 34.245466853661 ] } },
{ "type": "Feature", "properties": { "内容": "通所介護事業所さくら【通所介護】和歌山県和歌山市船所191-1", "url": "https://www.kaigokensaku.mhlw.go.jp/30/index.php?action_kouhyou_detail_004_kani=true&JigyosyoCd=3070113612-00&ServiceCd=150&Type=search", "url2": null }, "geometry": { "type": "Point", "coordinates": [ 135.183904378796512, 34.253341795002022 ] } },
{ "type": "Feature", "properties": { "内容": "紀伊松風苑デイサービスセンター【通所介護】和歌山市園部1668番地の1", "url": "https://www.kaigokensaku.mhlw.go.jp/30/index.php?action_kouhyou_detail_004_kani=true&JigyosyoCd=3070101534-00&ServiceCd=150&Type=search", "url2": "http://www.kii-shoufuuen.jp/" }, "geometry": { "type": "Point", "coordinates": [ 135.18885, 34.2717885 ] } },
{ "type": "Feature", "properties": { "内容": "デイサービスＴｗｉｎｋｌｅ【通所介護】和歌山市舟津町３丁目３２－３パレ・ロワイヤル舟津１階", "url": "https://www.kaigokensaku.mhlw.go.jp/30/index.php?action_kouhyou_detail_004_kani=true&JigyosyoCd=3070105733-00&ServiceCd=150&Type=search", "url2": "https://wcma.or.jp/" }, "geometry": { "type": "Point", "coordinates": [ 135.160034200000041, 34.2192984 ] } },
{ "type": "Feature", "properties": { "内容": "通所介護セレン【通所介護】和歌山県和歌山市築港四丁目9-1", "url": "https://www.kaigokensaku.mhlw.go.jp/30/index.php?action_kouhyou_detail_004_kani=true&JigyosyoCd=3070109271-00&ServiceCd=150&Type=search", "url2": "http://www.seren.wakayama.jp/" }, "geometry": { "type": "Point", "coordinates": [ 135.152843, 34.2209037 ] } },
{ "type": "Feature", "properties": { "内容": "楠見デイサービスセンターすずらん【通所介護】和歌山市楠見中148-2楠見第3介護センターすずらん", "url": "https://www.kaigokensaku.mhlw.go.jp/30/index.php?action_kouhyou_detail_004_kani=true&JigyosyoCd=3070102763-00&ServiceCd=150&Type=search", "url2": null }, "geometry": { "type": "Point", "coordinates": [ 135.175988888330039, 34.254427404224437 ] } },
{ "type": "Feature", "properties": { "内容": "楠見第３デイサービスセンターすずらん【通所介護】和歌山県和歌山市楠見中26-1楠見第２介護センターすずらん", "url": "https://www.kaigokensaku.mhlw.go.jp/30/index.php?action_kouhyou_detail_004_kani=true&JigyosyoCd=3070108695-00&ServiceCd=150&Type=search", "url2": null }, "geometry": { "type": "Point", "coordinates": [ 135.176479200000017, 34.2537425 ] } },
{ "type": "Feature", "properties": { "内容": "デイサービスセンターマブル【通所介護】和歌山市小瀬田１０９－２", "url": "https://www.kaigokensaku.mhlw.go.jp/30/index.php?action_kouhyou_detail_004_kani=true&JigyosyoCd=3070101963-00&ServiceCd=150&Type=search", "url2": "ｈｔｔｐｓ：//em.cloud-mail.jp/CMAO/" }, "geometry": { "type": "Point", "coordinates": [ 135.229893, 34.1793995 ] } },
{ "type": "Feature", "properties": { "内容": "デイサービスあさか【通所介護】和歌山市新庄465", "url": "https://www.kaigokensaku.mhlw.go.jp/30/index.php?action_kouhyou_detail_004_kani=true&JigyosyoCd=3070104421-00&ServiceCd=150&Type=search", "url2": "https://asaka-c.jp/" }, "geometry": { "type": "Point", "coordinates": [ 135.28695187804874, 34.247545617345352 ] } },
{ "type": "Feature", "properties": { "内容": "デイサービスたいむ【通所介護】和歌山市新庄565", "url": "https://www.kaigokensaku.mhlw.go.jp/30/index.php?action_kouhyou_detail_004_kani=true&JigyosyoCd=3070111392-00&ServiceCd=150&Type=search", "url2": "https://asaka-c.jp/" }, "geometry": { "type": "Point", "coordinates": [ 135.284859755017123, 34.247066711336103 ] } },
{ "type": "Feature", "properties": { "内容": "アンジュール【通所介護】和歌山市和歌浦南３丁目１番１７号", "url": "https://www.kaigokensaku.mhlw.go.jp/30/index.php?action_kouhyou_detail_004_kani=true&JigyosyoCd=3070112507-00&ServiceCd=150&Type=search", "url2": null }, "geometry": { "type": "Point", "coordinates": [ 135.169742138431985, 34.187322597077085 ] } },
{ "type": "Feature", "properties": { "内容": "デイサービス　シルバーネスト【通所介護】和歌山市塩屋４丁目５－１６", "url": "https://www.kaigokensaku.mhlw.go.jp/30/index.php?action_kouhyou_detail_004_kani=true&JigyosyoCd=3070104348-00&ServiceCd=150&Type=search", "url2": "http://care-net.biz/30/silvernest/index.html" }, "geometry": { "type": "Point", "coordinates": [ 135.177596867922972, 34.199755232613668 ] } },
{ "type": "Feature", "properties": { "内容": "デイサービスセンター花音【通所介護】和歌山県和歌山市冬野１４１５番地1", "url": "https://www.kaigokensaku.mhlw.go.jp/30/index.php?action_kouhyou_detail_004_kani=true&JigyosyoCd=3070113968-00&ServiceCd=150&Type=search", "url2": null }, "geometry": { "type": "Point", "coordinates": [ 135.2090508, 34.1736869 ] } },
{ "type": "Feature", "properties": { "内容": "みどりデイサービスセンター【通所介護】和歌山県和歌山市土佐町3丁目25番地", "url": "https://www.kaigokensaku.mhlw.go.jp/30/index.php?action_kouhyou_detail_004_kani=true&JigyosyoCd=3070114180-00&ServiceCd=150&Type=search", "url2": "https://www.w-midori.jp" }, "geometry": { "type": "Point", "coordinates": [ 135.1603054, 34.220035 ] } },
{ "type": "Feature", "properties": { "内容": "紀三井寺苑デイサービスセンター【通所介護】和歌山市紀三井寺560-2", "url": "https://www.kaigokensaku.mhlw.go.jp/30/index.php?action_kouhyou_detail_004_kani=true&JigyosyoCd=3070109222-00&ServiceCd=150&Type=search", "url2": "http://www.kisan.or.jp" }, "geometry": { "type": "Point", "coordinates": [ 135.184724499999987, 34.1813398 ] } },
{ "type": "Feature", "properties": { "内容": "大日倶楽部オラ【通所介護】和歌山市平尾8-1", "url": "https://www.kaigokensaku.mhlw.go.jp/30/index.php?action_kouhyou_detail_004_kani=true&JigyosyoCd=3070100916-00&ServiceCd=150&Type=search", "url2": "http://www.jukeikai.jp" }, "geometry": { "type": "Point", "coordinates": [ 135.245632930163566, 34.207135766025353 ] } },
{ "type": "Feature", "properties": { "内容": "大日倶楽部大日山荘【通所介護】和歌山県和歌山市平尾2番地1", "url": "https://www.kaigokensaku.mhlw.go.jp/30/index.php?action_kouhyou_detail_004_kani=true&JigyosyoCd=3070110675-00&ServiceCd=150&Type=search", "url2": "http://www.jukeikai.jp/" }, "geometry": { "type": "Point", "coordinates": [ 135.244828267459098, 34.206913944212324 ] } },
{ "type": "Feature", "properties": { "内容": "楠見第2デイサービスセンターすずらん【通所介護】楠見中295-5楠見介護センターすずらん", "url": "https://www.kaigokensaku.mhlw.go.jp/30/index.php?action_kouhyou_detail_004_kani=true&JigyosyoCd=3070113281-00&ServiceCd=150&Type=search", "url2": null }, "geometry": { "type": "Point", "coordinates": [ 135.1755384, 34.2572492 ] } },
{ "type": "Feature", "properties": { "内容": "楠見第5デイサービスセンターすずらん【通所介護】楠見中296-4楠見第4介護センターすずらん", "url": "https://www.kaigokensaku.mhlw.go.jp/30/index.php?action_kouhyou_detail_004_kani=true&JigyosyoCd=3070114073-00&ServiceCd=150&Type=search", "url2": null }, "geometry": { "type": "Point", "coordinates": [ 135.175306781804949, 34.257249732711728 ] } },
{ "type": "Feature", "properties": { "内容": "第二デイサービスセンターサン【通所介護】和歌山県和歌山市和田1207-1", "url": "https://www.kaigokensaku.mhlw.go.jp/30/index.php?action_kouhyou_detail_004_kani=true&JigyosyoCd=3070115146-00&ServiceCd=150&Type=search", "url2": "https://www.iryohoujin-sun.com/dayservicecentersun" }, "geometry": { "type": "Point", "coordinates": [ 135.2085667, 34.2070041 ] } },
{ "type": "Feature", "properties": { "内容": "ケアパートナー和歌山【通所介護】和歌山市新中島105-1", "url": "https://www.kaigokensaku.mhlw.go.jp/30/index.php?action_kouhyou_detail_004_kani=true&JigyosyoCd=3070105048-00&ServiceCd=150&Type=search", "url2": "http://www.care-partner.com" }, "geometry": { "type": "Point", "coordinates": [ 135.1960954, 34.2175663 ] } },
{ "type": "Feature", "properties": { "内容": "デイサービスあい向【通所介護】和歌山市向143あい向", "url": "https://www.kaigokensaku.mhlw.go.jp/30/index.php?action_kouhyou_detail_004_kani=true&JigyosyoCd=3070108505-00&ServiceCd=150&Type=search", "url2": "http://www.nakae.or.jp/contents/ai_mukai/day.html" }, "geometry": { "type": "Point", "coordinates": [ 135.144842299999937, 34.2580219 ] } },
{ "type": "Feature", "properties": { "内容": "かがやきくらぶ【通所介護】和歌山市楠見中47-19", "url": "https://www.kaigokensaku.mhlw.go.jp/30/index.php?action_kouhyou_detail_004_kani=true&JigyosyoCd=3070102714-00&ServiceCd=150&Type=search", "url2": "http://www.sankoukai-ym.jp" }, "geometry": { "type": "Point", "coordinates": [ 135.172351700000036, 34.2541951 ] } },
{ "type": "Feature", "properties": { "内容": "あんだんて【通所介護】和歌山市楠見中47-1", "url": "https://www.kaigokensaku.mhlw.go.jp/30/index.php?action_kouhyou_detail_004_kani=true&JigyosyoCd=3070107267-00&ServiceCd=150&Type=search", "url2": "http://www.sankoukai-ym.jp/" }, "geometry": { "type": "Point", "coordinates": [ 135.172681259389719, 34.254115519898164 ] } },
{ "type": "Feature", "properties": { "内容": "デイサービスウェイ【通所介護】和歌山市西高松二丁目15-5", "url": "https://www.kaigokensaku.mhlw.go.jp/30/index.php?action_kouhyou_detail_004_kani=true&JigyosyoCd=3070114305-00&ServiceCd=150&Type=search", "url2": null }, "geometry": { "type": "Point", "coordinates": [ 135.170376800000014, 34.203879400000048 ] } },
{ "type": "Feature", "properties": { "内容": "デイサービスオアシスII【通所介護】和歌山県和歌山市つつじが丘2丁目6-1", "url": "https://www.kaigokensaku.mhlw.go.jp/30/index.php?action_kouhyou_detail_004_kani=true&JigyosyoCd=3070107333-00&ServiceCd=150&Type=search", "url2": null }, "geometry": { "type": "Point", "coordinates": [ 135.099534715344248, 34.268932062177022 ] } },
{ "type": "Feature", "properties": { "内容": "デイサービスささゆり【通所介護】和歌山県和歌山市田尻496-4", "url": "https://www.kaigokensaku.mhlw.go.jp/30/index.php?action_kouhyou_detail_004_kani=true&JigyosyoCd=3070104033-00&ServiceCd=150&Type=search", "url2": "http://care-net.biz/30/sasayuri/" }, "geometry": { "type": "Point", "coordinates": [ 135.1904518, 34.200696 ] } },
{ "type": "Feature", "properties": { "内容": "デイサービスひじり【通所介護】和歌山県和歌山市土佐町2丁目20-1", "url": "https://www.kaigokensaku.mhlw.go.jp/30/index.php?action_kouhyou_detail_004_kani=true&JigyosyoCd=3070114990-00&ServiceCd=150&Type=search", "url2": null }, "geometry": { "type": "Point", "coordinates": [ 135.1617229, 34.2227321 ] } },
{ "type": "Feature", "properties": { "内容": "紀伊てまり苑【通所介護】和歌山県和歌山市西田井224番地", "url": "https://www.kaigokensaku.mhlw.go.jp/30/index.php?action_kouhyou_detail_004_kani=true&JigyosyoCd=3070100833-00&ServiceCd=150&Type=search", "url2": "https://www.kii-fukushikai.or.jp/kiitemarien/index.html" }, "geometry": { "type": "Point", "coordinates": [ 135.232952699999913, 34.2574743 ] } },
{ "type": "Feature", "properties": { "内容": "第Ⅱ竹の里園デイサービスセンター【通所介護】和歌山市明王寺１７－１", "url": "https://www.kaigokensaku.mhlw.go.jp/30/index.php?action_kouhyou_detail_004_kani=true&JigyosyoCd=3070105089-00&ServiceCd=150&Type=search", "url2": "https://www.takenosatoen.jp" }, "geometry": { "type": "Point", "coordinates": [ 135.25531060000003, 34.2141342 ] } },
{ "type": "Feature", "properties": { "内容": "ソンリッサきみさとデイサービスセンター【通所介護】和歌山市つつじが丘５丁目３番地２", "url": "https://www.kaigokensaku.mhlw.go.jp/30/index.php?action_kouhyou_detail_004_kani=true&JigyosyoCd=3070102615-00&ServiceCd=150&Type=search", "url2": "http://www.medi-wel.jp/" }, "geometry": { "type": "Point", "coordinates": [ 135.101475100000016, 34.265976 ] } },
{ "type": "Feature", "properties": { "内容": "グランリーフデイサービスセンター【通所介護】和歌山市南片原2丁目12番地", "url": "https://www.kaigokensaku.mhlw.go.jp/30/index.php?action_kouhyou_detail_004_kani=true&JigyosyoCd=3070100999-00&ServiceCd=150&Type=search", "url2": "asibe-so＠crocus.ocn.ne.jp" }, "geometry": { "type": "Point", "coordinates": [ 135.184326700000042, 34.2238236 ] } },
{ "type": "Feature", "properties": { "内容": "紀州こざいか【通所介護】和歌山県和歌山市小雑賀664番地1", "url": "https://www.kaigokensaku.mhlw.go.jp/30/index.php?action_kouhyou_detail_004_kani=true&JigyosyoCd=3070114289-00&ServiceCd=150&Type=search", "url2": "https://www.lets-club.jp/shop/kishukozaika/" }, "geometry": { "type": "Point", "coordinates": [ 135.182445309786999, 34.201162230712498 ] } },
{ "type": "Feature", "properties": { "内容": "紀州ふきあげ【通所介護】和歌山県和歌山市吹上2丁目3-37", "url": "https://www.kaigokensaku.mhlw.go.jp/30/index.php?action_kouhyou_detail_004_kani=true&JigyosyoCd=3070114727-00&ServiceCd=150&Type=search", "url2": "https://www.lets-club.jp/shop/kishufukiage/" }, "geometry": { "type": "Point", "coordinates": [ 135.1695226, 34.2215555 ] } },
{ "type": "Feature", "properties": { "内容": "デイサービスぱなさんぶる【通所介護】和歌山市狐島和歌山市狐島266-4", "url": "https://www.kaigokensaku.mhlw.go.jp/30/index.php?action_kouhyou_detail_004_kani=true&JigyosyoCd=3070105212-00&ServiceCd=150&Type=search", "url2": null }, "geometry": { "type": "Point", "coordinates": [ 135.151172063096482, 34.242865268429291 ] } },
{ "type": "Feature", "properties": { "内容": "ライフ【通所介護】和歌山県和歌山市松江1325-8", "url": "https://www.kaigokensaku.mhlw.go.jp/30/index.php?action_kouhyou_detail_004_kani=true&JigyosyoCd=3070115260-00&ServiceCd=150&Type=search", "url2": null }, "geometry": { "type": "Point", "coordinates": [ 135.144296699999984, 34.2434954 ] } },
{ "type": "Feature", "properties": { "内容": "デイサービスゆうゆう福島【通所介護】和歌山市福島269-8", "url": "https://www.kaigokensaku.mhlw.go.jp/30/index.php?action_kouhyou_detail_004_kani=true&JigyosyoCd=3070108943-00&ServiceCd=150&Type=search", "url2": null }, "geometry": { "type": "Point", "coordinates": [ 135.168110500000012, 34.2505981 ] } },
{ "type": "Feature", "properties": { "内容": "ニチイケアセンター大浦【通所介護】和歌山県和歌山市西小二里3－6－46　　ＡＹビル3F", "url": "https://www.kaigokensaku.mhlw.go.jp/30/index.php?action_kouhyou_detail_004_kani=true&JigyosyoCd=3070101666-00&ServiceCd=150&Type=search", "url2": "http://www.nichiigakkan.co.jp" }, "geometry": { "type": "Point", "coordinates": [ 135.159648, 34.209199 ] } },
{ "type": "Feature", "properties": { "内容": "デイサービス　ラフテル【通所介護】和歌山県和歌山市木ノ本243‐1", "url": "https://www.kaigokensaku.mhlw.go.jp/30/index.php?action_kouhyou_detail_004_kani=true&JigyosyoCd=3070114412-00&ServiceCd=150&Type=search", "url2": null }, "geometry": { "type": "Point", "coordinates": [ 135.125014575778039, 34.261740940240252 ] } },
{ "type": "Feature", "properties": { "内容": "デイサービス成幸花山【通所介護】岩橋1630-4", "url": "https://www.kaigokensaku.mhlw.go.jp/30/index.php?action_kouhyou_detail_004_kani=true&JigyosyoCd=3070113927-00&ServiceCd=150&Type=search", "url2": null }, "geometry": { "type": "Point", "coordinates": [ 135.221887, 34.2308 ] } },
{ "type": "Feature", "properties": { "内容": "デイサービスかなえ【通所介護】和歌山県和歌山市向２２８番地の１８デイサービスかなえ", "url": "https://www.kaigokensaku.mhlw.go.jp/30/index.php?action_kouhyou_detail_004_kani=true&JigyosyoCd=3070111566-00&ServiceCd=150&Type=search", "url2": null }, "geometry": { "type": "Point", "coordinates": [ 135.146177039032068, 34.255002841257685 ] } },
{ "type": "Feature", "properties": { "内容": "地域密着型特別養護老人冬野の郷通所介護事業所【通所介護】和歌山県和歌山市冬野2037", "url": "https://www.kaigokensaku.mhlw.go.jp/30/index.php?action_kouhyou_detail_004_kani=true&JigyosyoCd=3070113554-00&ServiceCd=150&Type=search", "url2": "http://www.kitabakai.jp/" }, "geometry": { "type": "Point", "coordinates": [ 135.207961399999988, 34.1818632 ] } },
{ "type": "Feature", "properties": { "内容": "皆楽園小倉デイサービスセンター【通所介護】和歌山県和歌山市吐前６２０－１", "url": "https://www.kaigokensaku.mhlw.go.jp/30/index.php?action_kouhyou_detail_004_kani=true&JigyosyoCd=3070103753-00&ServiceCd=150&Type=search", "url2": "http://kairakuen.or.jp" }, "geometry": { "type": "Point", "coordinates": [ 135.274702499999989, 34.2429316 ] } },
{ "type": "Feature", "properties": { "内容": "竹の里園デイサービスセンター【通所介護】和歌山市明王寺３－１", "url": "https://www.kaigokensaku.mhlw.go.jp/30/index.php?action_kouhyou_detail_004_kani=true&JigyosyoCd=3070100296-00&ServiceCd=150&Type=search", "url2": "https://www.takenosatoen.jp" }, "geometry": { "type": "Point", "coordinates": [ 135.254191200000037, 34.2133121 ] } },
{ "type": "Feature", "properties": { "内容": "ハートケアデイサービス【通所介護】和歌山県和歌山市南出島２８－１６", "url": "https://www.kaigokensaku.mhlw.go.jp/30/index.php?action_kouhyou_detail_004_kani=true&JigyosyoCd=3070106269-00&ServiceCd=150&Type=search", "url2": "http://www.heart-careservice.jp/" }, "geometry": { "type": "Point", "coordinates": [ 135.191543, 34.216994 ] } },
{ "type": "Feature", "properties": { "内容": "デイサービスあい船所【通所介護】和歌山県和歌山市楠見中206-8", "url": "https://www.kaigokensaku.mhlw.go.jp/30/index.php?action_kouhyou_detail_004_kani=true&JigyosyoCd=3070110907-00&ServiceCd=150&Type=search", "url2": "http://www.nakae.or.jp/contents/ai/index.html" }, "geometry": { "type": "Point", "coordinates": [ 135.18039853995063, 34.255625485419877 ] } },
{ "type": "Feature", "properties": { "内容": "有限会社　成介【通所介護】吉原778番地2", "url": "https://www.kaigokensaku.mhlw.go.jp/30/index.php?action_kouhyou_detail_004_kani=true&JigyosyoCd=3070100445-00&ServiceCd=150&Type=search", "url2": "http://wakayamaseikai.jp/" }, "geometry": { "type": "Point", "coordinates": [ 135.202456660398724, 34.194135984602838 ] } },
{ "type": "Feature", "properties": { "内容": "センティア【通所介護】和歌山県和歌山市坂田658-10", "url": "https://www.kaigokensaku.mhlw.go.jp/30/index.php?action_kouhyou_detail_004_kani=true&JigyosyoCd=3070115161-00&ServiceCd=150&Type=search", "url2": null }, "geometry": { "type": "Point", "coordinates": [ 135.1999955, 34.2022785 ] } },
{ "type": "Feature", "properties": { "内容": "デイサービスセンター山口葵園【通所介護】和歌山県和歌山市藤田２５－１", "url": "https://www.kaigokensaku.mhlw.go.jp/30/index.php?action_kouhyou_detail_004_kani=true&JigyosyoCd=3070110550-00&ServiceCd=150&Type=search", "url2": "http://www.y-aoikai.or.jp" }, "geometry": { "type": "Point", "coordinates": [ 135.262997400000017, 34.2647688 ] } },
{ "type": "Feature", "properties": { "内容": "和　株式会社【通所介護】内原７６３－１０", "url": "https://www.kaigokensaku.mhlw.go.jp/30/index.php?action_kouhyou_detail_004_kani=true&JigyosyoCd=3070108968-00&ServiceCd=150&Type=search", "url2": null }, "geometry": { "type": "Point", "coordinates": [ 135.1968068, 34.1701527 ] } },
{ "type": "Feature", "properties": { "内容": "ぽぽろ紀ノ川デイサービスセンター【通所介護】和歌山県和歌山市善明寺354-1ぽぽろ紀ノ川デイサービスセンター", "url": "https://www.kaigokensaku.mhlw.go.jp/30/index.php?action_kouhyou_detail_004_kani=true&JigyosyoCd=3070115294-00&ServiceCd=150&Type=search", "url2": null }, "geometry": { "type": "Point", "coordinates": [ 135.1861195, 34.2621217 ] } },
{ "type": "Feature", "properties": { "内容": "大規模デイサービスセンターきみさとシャインユー【通所介護】和歌山県和歌山市木ノ本395-3", "url": "https://www.kaigokensaku.mhlw.go.jp/30/index.php?action_kouhyou_detail_004_kani=true&JigyosyoCd=3070115286-00&ServiceCd=150&Type=search", "url2": "https://medi-wel.jp/contact/index" }, "geometry": { "type": "Point", "coordinates": [ 135.1311618, 34.2614996 ] } },
{ "type": "Feature", "properties": { "内容": "ほすぴ小倉【通所介護】和歌山市満屋127番地", "url": "https://www.kaigokensaku.mhlw.go.jp/30/index.php?action_kouhyou_detail_004_kani=true&JigyosyoCd=3070107895-00&ServiceCd=150&Type=search", "url2": null }, "geometry": { "type": "Point", "coordinates": [ 19.709289200000057, 45.3749878 ] } },
{ "type": "Feature", "properties": { "内容": "みどりケアステーション【通所介護】和歌山県和歌山市和佐中２１３番の１", "url": "https://www.kaigokensaku.mhlw.go.jp/30/index.php?action_kouhyou_detail_004_kani=true&JigyosyoCd=3070100379-00&ServiceCd=150&Type=search", "url2": "https://www.w-midori.jp" }, "geometry": { "type": "Point", "coordinates": [ 135.237799900000027, 34.234679 ] } },
{ "type": "Feature", "properties": { "内容": "平成デイサービスセンター海南【通所介護】和歌山県海南市孟子字波免７０９－１", "url": "https://www.kaigokensaku.mhlw.go.jp/30/index.php?action_kouhyou_detail_004_kani=true&JigyosyoCd=3071400620-00&ServiceCd=150&Type=search", "url2": "http://ryoku.tokuyou.jp/" }, "geometry": { "type": "Point", "coordinates": [ 135.299889157177773, 34.190378640325989 ] } },
{ "type": "Feature", "properties": { "内容": "デイサービスセンター・こころ【通所介護】和歌山県海南市下津町方2151番地", "url": "https://www.kaigokensaku.mhlw.go.jp/30/index.php?action_kouhyou_detail_004_kani=true&JigyosyoCd=3071100337-00&ServiceCd=150&Type=search", "url2": "http://cocolo4031.com/company.html" }, "geometry": { "type": "Point", "coordinates": [ 135.134824500000036, 34.1260793 ] } },
{ "type": "Feature", "properties": { "内容": "通所介護事業所　輝【通所介護】和歌山県海南市日方1242-6", "url": "https://www.kaigokensaku.mhlw.go.jp/30/index.php?action_kouhyou_detail_004_kani=true&JigyosyoCd=3071401115-00&ServiceCd=150&Type=search", "url2": null }, "geometry": { "type": "Point", "coordinates": [ 135.211461200000031, 34.1562328 ] } },
{ "type": "Feature", "properties": { "内容": "ライフパートナー【通所介護】和歌山県海南市重根348-2ﾗｲﾌﾊﾟｰﾄﾅｰ重根1F", "url": "https://www.kaigokensaku.mhlw.go.jp/30/index.php?action_kouhyou_detail_004_kani=true&JigyosyoCd=3071401487-00&ServiceCd=150&Type=search", "url2": null }, "geometry": { "type": "Point", "coordinates": [ 135.243292200000013, 34.1563054 ] } },
{ "type": "Feature", "properties": { "内容": "かぐのみ苑デイサービスセンター【通所介護】和歌山県海南市下津町丸田１１１１－１", "url": "https://www.kaigokensaku.mhlw.go.jp/30/index.php?action_kouhyou_detail_004_kani=true&JigyosyoCd=3071100097-00&ServiceCd=150&Type=search", "url2": null }, "geometry": { "type": "Point", "coordinates": [ 135.1573522, 34.1340373 ] } },
{ "type": "Feature", "properties": { "内容": "デイサービスセンター南風園【通所介護】和歌山県海南市木津２３３番地４０", "url": "https://www.kaigokensaku.mhlw.go.jp/30/index.php?action_kouhyou_detail_004_kani=true&JigyosyoCd=3071401297-00&ServiceCd=150&Type=search", "url2": "https://www.wfj.or.jp" }, "geometry": { "type": "Point", "coordinates": [ 135.275845200000049, 34.1548732 ] } },
{ "type": "Feature", "properties": { "内容": "デイサービス・トレーニングセンター　こんにちはKainan【通所介護】和歌山県海南市且来101-3", "url": "https://www.kaigokensaku.mhlw.go.jp/30/index.php?action_kouhyou_detail_004_kani=true&JigyosyoCd=3071401412-00&ServiceCd=150&Type=search", "url2": null }, "geometry": { "type": "Point", "coordinates": [ 135.231701500000014, 34.1721701 ] } },
{ "type": "Feature", "properties": { "内容": "エンジョイさくら【通所介護】和歌山県海南市大野中４４９－３", "url": "https://www.kaigokensaku.mhlw.go.jp/30/index.php?action_kouhyou_detail_004_kani=true&JigyosyoCd=3071400463-00&ServiceCd=150&Type=search", "url2": "http://www.sakuraclinic.org/publics/index/30/" }, "geometry": { "type": "Point", "coordinates": [ 135.220102582838052, 34.153048660724799 ] } },
{ "type": "Feature", "properties": { "内容": "辻秀輝整形外科【通所介護】和歌山県海南市名高１７８－１", "url": "https://www.kaigokensaku.mhlw.go.jp/30/index.php?action_kouhyou_detail_004_kani=true&JigyosyoCd=3011410143-00&ServiceCd=150&Type=search", "url2": "http://tsujihideki.com" }, "geometry": { "type": "Point", "coordinates": [ 135.215649699999972, 34.1535723 ] } },
{ "type": "Feature", "properties": { "内容": "デイサービスセンターひだまり【通所介護】和歌山県海南市下津町方498-25", "url": "https://www.kaigokensaku.mhlw.go.jp/30/index.php?action_kouhyou_detail_004_kani=true&JigyosyoCd=3071100261-00&ServiceCd=150&Type=search", "url2": "https://www.kisan.or.jp" }, "geometry": { "type": "Point", "coordinates": [ 135.14450110000007, 34.1242854 ] } },
{ "type": "Feature", "properties": { "内容": "医療法人恵友会デイサービスセンターらそ恵友【通所介護】和歌山県海南市船尾257-7医療法人恵友会デイサービスセンターらそ恵友", "url": "https://www.kaigokensaku.mhlw.go.jp/30/index.php?action_kouhyou_detail_004_kani=true&JigyosyoCd=3071401271-00&ServiceCd=150&Type=search", "url2": "http://www.keiyukai.com/main/index.html" }, "geometry": { "type": "Point", "coordinates": [ 135.198926406168994, 34.158552070108698 ] } },
{ "type": "Feature", "properties": { "内容": "阪井カルフール・ド・ルポ【通所介護】和歌山県海南市阪井1769番地1　1770番地1", "url": "https://www.kaigokensaku.mhlw.go.jp/30/index.php?action_kouhyou_detail_004_kani=true&JigyosyoCd=3071401339-00&ServiceCd=150&Type=search", "url2": "http://www.doujin-kai.or.jp/lavie/" }, "geometry": { "type": "Point", "coordinates": [ 135.265676415264124, 34.160340476737915 ] } },
{ "type": "Feature", "properties": { "内容": "海南・海草　総合介護支援センター　　デイサービスげんき【通所介護】沖野々394-3", "url": "https://www.kaigokensaku.mhlw.go.jp/30/index.php?action_kouhyou_detail_004_kani=true&JigyosyoCd=3071400661-00&ServiceCd=150&Type=search", "url2": "http://www.w-iryoseikyo.com" }, "geometry": { "type": "Point", "coordinates": [ 135.270595599999979, 34.1604835 ] } },
{ "type": "Feature", "properties": { "内容": "リハプライド海南【通所介護】和歌山県海南市日方330番地", "url": "https://www.kaigokensaku.mhlw.go.jp/30/index.php?action_kouhyou_detail_004_kani=true&JigyosyoCd=3071401438-00&ServiceCd=150&Type=search", "url2": "https://www.rehapride.co.jp/kainan/" }, "geometry": { "type": "Point", "coordinates": [ 135.209271758444203, 34.157758943794875 ] } },
{ "type": "Feature", "properties": { "内容": "デイサービスジャックと豆の木【通所介護】藤白142-5", "url": "https://www.kaigokensaku.mhlw.go.jp/30/index.php?action_kouhyou_detail_004_kani=true&JigyosyoCd=3071401214-00&ServiceCd=150&Type=search", "url2": null }, "geometry": { "type": "Point", "coordinates": [ 135.2088033, 34.145925800000015 ] } },
{ "type": "Feature", "properties": { "内容": "特別養護老人ホーム天美苑【通所介護】海南市七山９６４番地の１", "url": "https://www.kaigokensaku.mhlw.go.jp/30/index.php?action_kouhyou_detail_004_kani=true&JigyosyoCd=3071400075-00&ServiceCd=150&Type=search", "url2": "http://www.tenbien.jp/" }, "geometry": { "type": "Point", "coordinates": [ 135.308888799999977, 34.1961325 ] } },
{ "type": "Feature", "properties": { "内容": "ケアランド伊都【通所介護】和歌山県橋本市高野口町向島171-４", "url": "https://www.kaigokensaku.mhlw.go.jp/30/index.php?action_kouhyou_detail_004_kani=true&JigyosyoCd=3071300622-00&ServiceCd=150&Type=search", "url2": null }, "geometry": { "type": "Point", "coordinates": [ 135.54933230000006, 34.3018482 ] } },
{ "type": "Feature", "properties": { "内容": "橋本市高野口デイサービスセンター【通所介護】和歌山県橋本市高野口町名倉1202-2", "url": "https://www.kaigokensaku.mhlw.go.jp/30/index.php?action_kouhyou_detail_004_kani=true&JigyosyoCd=3071000719-00&ServiceCd=150&Type=search", "url2": "http://keieikai.com" }, "geometry": { "type": "Point", "coordinates": [ 135.5597702, 34.3101833 ] } },
{ "type": "Feature", "properties": { "内容": "デイサービス　みとうの里【通所介護】隅田町下兵庫1047-2みとうの里　1階", "url": "https://www.kaigokensaku.mhlw.go.jp/30/index.php?action_kouhyou_detail_004_kani=true&JigyosyoCd=3071001014-00&ServiceCd=150&Type=search", "url2": "www.mitouph.com/" }, "geometry": { "type": "Point", "coordinates": [ 135.630109850965169, 34.330746635416432 ] } },
{ "type": "Feature", "properties": { "内容": "隅田クラブ【通所介護】和歌山県橋本市隅田町真土325-1", "url": "https://www.kaigokensaku.mhlw.go.jp/30/index.php?action_kouhyou_detail_004_kani=true&JigyosyoCd=3071000750-00&ServiceCd=150&Type=search", "url2": "https://actcare-system.com/" }, "geometry": { "type": "Point", "coordinates": [ 135.658174499999973, 34.3330233 ] } },
{ "type": "Feature", "properties": { "内容": "ひかり苑【通所介護】橋本市隅田町中島1058-56", "url": "https://www.kaigokensaku.mhlw.go.jp/30/index.php?action_kouhyou_detail_004_kani=true&JigyosyoCd=3071000123-00&ServiceCd=150&Type=search", "url2": "http://care-net.biz/30/koseikai/" }, "geometry": { "type": "Point", "coordinates": [ 135.63717070000007, 34.3381198 ] } },
{ "type": "Feature", "properties": { "内容": "通所介護ごもうのいえ【通所介護】和歌山県橋本市胡麻生700-20", "url": "https://www.kaigokensaku.mhlw.go.jp/30/index.php?action_kouhyou_detail_004_kani=true&JigyosyoCd=3071001410-00&ServiceCd=150&Type=search", "url2": "http://jinsyoudou.wix.com/gomounoie" }, "geometry": { "type": "Point", "coordinates": [ 135.610555299999987, 34.3386124 ] } },
{ "type": "Feature", "properties": { "内容": "医療法人南労会　デイサービスセンター【通所介護】高野口町名古曽610", "url": "https://www.kaigokensaku.mhlw.go.jp/30/index.php?action_kouhyou_detail_004_kani=true&JigyosyoCd=3071001436-00&ServiceCd=150&Type=search", "url2": "http://www.nanroukai.or.jp" }, "geometry": { "type": "Point", "coordinates": [ 135.563713653967284, 34.302977531379618 ] } },
{ "type": "Feature", "properties": { "内容": "風倶楽部デイサービスセンター【通所介護】橋本市高野口町名古曽926-1", "url": "https://www.kaigokensaku.mhlw.go.jp/30/index.php?action_kouhyou_detail_004_kani=true&JigyosyoCd=3071000560-00&ServiceCd=150&Type=search", "url2": "http://www.koyokai.or.jp" }, "geometry": { "type": "Point", "coordinates": [ 135.558520499999986, 34.3021398 ] } },
{ "type": "Feature", "properties": { "内容": "デイサービス春林館【通所介護】和歌山県橋本市神野々字東深ケ１１０９番地２", "url": "https://www.kaigokensaku.mhlw.go.jp/30/index.php?action_kouhyou_detail_004_kani=true&JigyosyoCd=3071000297-00&ServiceCd=150&Type=search", "url2": "bical-corporation.jimdofree.com" }, "geometry": { "type": "Point", "coordinates": [ 135.581968299999971, 34.3046506 ] } },
{ "type": "Feature", "properties": { "内容": "医療法人仁清会　つくしの宿デイサービスセンター【通所介護】和歌山県橋本市清水２７１－１", "url": "https://www.kaigokensaku.mhlw.go.jp/30/index.php?action_kouhyou_detail_004_kani=true&JigyosyoCd=3071001089-00&ServiceCd=150&Type=search", "url2": "http://www.e-okamoto-clinic.com/dayservice.html" }, "geometry": { "type": "Point", "coordinates": [ 135.603827, 34.3078757 ] } },
{ "type": "Feature", "properties": { "内容": "デイサービス　生きがい工房【通所介護】和歌山県橋本市御幸辻１４４－１", "url": "https://www.kaigokensaku.mhlw.go.jp/30/index.php?action_kouhyou_detail_004_kani=true&JigyosyoCd=3071001360-00&ServiceCd=150&Type=search", "url2": "http://ikigaikoubou.sakura.ne.jp/" }, "geometry": { "type": "Point", "coordinates": [ 135.606144800000038, 34.3367576 ] } },
{ "type": "Feature", "properties": { "内容": "生きがい製作所【通所介護】和歌山県橋本市高野口町小田649-5", "url": "https://www.kaigokensaku.mhlw.go.jp/30/index.php?action_kouhyou_detail_004_kani=true&JigyosyoCd=3071001428-00&ServiceCd=150&Type=search", "url2": "http://ikigaikoubou.sakura.ne.jp/index.html" }, "geometry": { "type": "Point", "coordinates": [ 135.5605893, 34.3003729 ] } },
{ "type": "Feature", "properties": { "内容": "ニチイケアセンター紀北【通所介護】和歌山県橋本市高野口町伏原267-1", "url": "https://www.kaigokensaku.mhlw.go.jp/30/index.php?action_kouhyou_detail_004_kani=true&JigyosyoCd=3071300366-00&ServiceCd=150&Type=search", "url2": "http://www.nichiigakkan.co.jp" }, "geometry": { "type": "Point", "coordinates": [ 135.572744100000023, 34.3081557 ] } },
{ "type": "Feature", "properties": { "内容": "デイサービスセンター　さくら苑【通所介護】和歌山県橋本市高野口町大野１８４４－１３３", "url": "https://www.kaigokensaku.mhlw.go.jp/30/index.php?action_kouhyou_detail_004_kani=true&JigyosyoCd=3071300531-00&ServiceCd=150&Type=search", "url2": "https://www.sakuraenn.com" }, "geometry": { "type": "Point", "coordinates": [ 135.559311500000035, 34.3231456 ] } },
{ "type": "Feature", "properties": { "内容": "春風デイサービス【通所介護】和歌山県橋本市小原田30-1", "url": "https://www.kaigokensaku.mhlw.go.jp/30/index.php?action_kouhyou_detail_004_kani=true&JigyosyoCd=3071000495-00&ServiceCd=150&Type=search", "url2": "http:www.carestationharukaze" }, "geometry": { "type": "Point", "coordinates": [ 135.6076736, 34.3240683 ] } },
{ "type": "Feature", "properties": { "内容": "生活介護事業所なな彩【通所介護】橋本市高野口町名倉666-2", "url": "https://www.kaigokensaku.mhlw.go.jp/30/index.php?action_kouhyou_detail_004_kani=true&JigyosyoCd=3071001527-00&ServiceCd=150&Type=search", "url2": null }, "geometry": { "type": "Point", "coordinates": [ 135.552456987731574, 34.304747590500178 ] } },
{ "type": "Feature", "properties": { "内容": "社会福祉法人　有田市社会福祉協議会【通所介護】和歌山県有田市宮原町東215番地有田市福祉館なごみ", "url": "https://www.kaigokensaku.mhlw.go.jp/30/index.php?action_kouhyou_detail_004_kani=true&JigyosyoCd=3071500023-00&ServiceCd=150&Type=search", "url2": "info@aridashi-shakyo.jp" }, "geometry": { "type": "Point", "coordinates": [ 135.178302, 34.0810166 ] } },
{ "type": "Feature", "properties": { "内容": "デイサービスセンターありだ橘苑【通所介護】和歌山県有田市野639-2", "url": "https://www.kaigokensaku.mhlw.go.jp/30/index.php?action_kouhyou_detail_004_kani=true&JigyosyoCd=3071500593-00&ServiceCd=150&Type=search", "url2": "http://www.shukohkai.or.jp/" }, "geometry": { "type": "Point", "coordinates": [ 135.135203392095946, 34.076192744774815 ] } },
{ "type": "Feature", "properties": { "内容": "それいゆ【通所介護】和歌山県有田市新堂97-1", "url": "https://www.kaigokensaku.mhlw.go.jp/30/index.php?action_kouhyou_detail_004_kani=true&JigyosyoCd=3071500635-00&ServiceCd=150&Type=search", "url2": null }, "geometry": { "type": "Point", "coordinates": [ 135.13217910000003, 34.0823789 ] } },
{ "type": "Feature", "properties": { "内容": "デイサービスセンター田鶴苑【通所介護】有田市宮崎町841番地1", "url": "https://www.kaigokensaku.mhlw.go.jp/30/index.php?action_kouhyou_detail_004_kani=true&JigyosyoCd=3071500460-00&ServiceCd=150&Type=search", "url2": "http://shukohkai.or.jp/" }, "geometry": { "type": "Point", "coordinates": [ 135.112591792590393, 34.075555306490685 ] } },
{ "type": "Feature", "properties": { "内容": "サンライズケア優心【通所介護】和歌山県有田市糸我町西496-1", "url": "https://www.kaigokensaku.mhlw.go.jp/30/index.php?action_kouhyou_detail_004_kani=true&JigyosyoCd=3071500759-00&ServiceCd=150&Type=search", "url2": "http://www.sunrisecare.co.jp/" }, "geometry": { "type": "Point", "coordinates": [ 135.16911170000003, 34.0735644 ] } },
{ "type": "Feature", "properties": { "内容": "デイサービスセンター　愛宕苑【通所介護】和歌山県有田市港町９－１", "url": "https://www.kaigokensaku.mhlw.go.jp/30/index.php?action_kouhyou_detail_004_kani=true&JigyosyoCd=3071500361-00&ServiceCd=150&Type=search", "url2": "http://shukohkai.or.jp/" }, "geometry": { "type": "Point", "coordinates": [ 135.114286099999958, 34.0892137 ] } },
{ "type": "Feature", "properties": { "内容": "サザンクロスありだ【通所介護】和歌山県有田市野699番地", "url": "https://www.kaigokensaku.mhlw.go.jp/30/index.php?action_kouhyou_detail_004_kani=true&JigyosyoCd=3071500049-00&ServiceCd=150&Type=search", "url2": null }, "geometry": { "type": "Point", "coordinates": [ 135.131012700000042, 34.0780683 ] } },
{ "type": "Feature", "properties": { "内容": "ひまわりケアサービス【通所介護】和歌山県有田市箕島22-1", "url": "https://www.kaigokensaku.mhlw.go.jp/30/index.php?action_kouhyou_detail_004_kani=true&JigyosyoCd=3071500288-00&ServiceCd=150&Type=search", "url2": null }, "geometry": { "type": "Point", "coordinates": [ 135.122771599999965, 34.0837785 ] } },
{ "type": "Feature", "properties": { "内容": "ひまわりケアサービス保田【通所介護】和歌山県有田市辻堂936.937", "url": "https://www.kaigokensaku.mhlw.go.jp/30/index.php?action_kouhyou_detail_004_kani=true&JigyosyoCd=3071500619-00&ServiceCd=150&Type=search", "url2": "https;//www.primetime.jp" }, "geometry": { "type": "Point", "coordinates": [ 135.141479682109122, 34.075575641672884 ] } },
{ "type": "Feature", "properties": { "内容": "デイサービスセンターキタデ【通所介護】和歌山県御坊市湯川町財部728-4C棟４階", "url": "https://www.kaigokensaku.mhlw.go.jp/30/index.php?action_kouhyou_detail_004_kani=true&JigyosyoCd=3072000684-00&ServiceCd=150&Type=search", "url2": "http://www.hck.jp/" }, "geometry": { "type": "Point", "coordinates": [ 135.155704420434517, 33.897090573820662 ] } },
{ "type": "Feature", "properties": { "内容": "デイサービスケアビレッジ御坊【通所介護】和歌山県御坊市湯川町財部377-6", "url": "https://www.kaigokensaku.mhlw.go.jp/30/index.php?action_kouhyou_detail_004_kani=true&JigyosyoCd=3072000858-00&ServiceCd=150&Type=search", "url2": null }, "geometry": { "type": "Point", "coordinates": [ 135.159419500000013, 33.9039571 ] } },
{ "type": "Feature", "properties": { "内容": "デイサービスセンター　ごぼうの郷【通所介護】和歌山県御坊市熊野44-4", "url": "https://www.kaigokensaku.mhlw.go.jp/30/index.php?action_kouhyou_detail_004_kani=true&JigyosyoCd=3072000734-00&ServiceCd=150&Type=search", "url2": "http://gobo310.sakura.ne.jp/gb310/" }, "geometry": { "type": "Point", "coordinates": [ 135.176403199999982, 33.889893 ] } },
{ "type": "Feature", "properties": { "内容": "三和デイサービス小松原店【通所介護】和歌山県御坊市湯川町小松原599-12", "url": "https://www.kaigokensaku.mhlw.go.jp/30/index.php?action_kouhyou_detail_004_kani=true&JigyosyoCd=3072000486-00&ServiceCd=150&Type=search", "url2": null }, "geometry": { "type": "Point", "coordinates": [ 135.147046899999964, 33.9032104 ] } },
{ "type": "Feature", "properties": { "内容": "ケアビレッジデイサービス歩【通所介護】和歌山県御坊市湯川町財部662-1", "url": "https://www.kaigokensaku.mhlw.go.jp/30/index.php?action_kouhyou_detail_004_kani=true&JigyosyoCd=3072000742-00&ServiceCd=150&Type=search", "url2": "http://nexvi.co.jp" }, "geometry": { "type": "Point", "coordinates": [ 135.153269799999947, 33.898991 ] } },
{ "type": "Feature", "properties": { "内容": "やまばデイサービスセンター【通所介護】薗564-1", "url": "https://www.kaigokensaku.mhlw.go.jp/30/index.php?action_kouhyou_detail_004_kani=true&JigyosyoCd=3072000759-00&ServiceCd=150&Type=search", "url2": "https://nexvi.co.jp/" }, "geometry": { "type": "Point", "coordinates": [ 135.4831399, 34.7206934 ] } },
{ "type": "Feature", "properties": { "内容": "日高博愛園第２ディサービスセンター【通所介護】和歌山県御坊市名田町野島字舎ヶ谷3321-3", "url": "https://www.kaigokensaku.mhlw.go.jp/30/index.php?action_kouhyou_detail_004_kani=true&JigyosyoCd=3072000353-00&ServiceCd=150&Type=search", "url2": "hakuaikai.net" }, "geometry": { "type": "Point", "coordinates": [ 135.179039200000034, 33.8334702 ] } },
{ "type": "Feature", "properties": { "内容": "博愛園デイサービスセンター春日【通所介護】和歌山県御坊市島２２１番地２", "url": "https://www.kaigokensaku.mhlw.go.jp/30/index.php?action_kouhyou_detail_004_kani=true&JigyosyoCd=3072000817-00&ServiceCd=150&Type=search", "url2": "https://www.hakuaikai.net" }, "geometry": { "type": "Point", "coordinates": [ 135.1595121, 33.89162 ] } },
{ "type": "Feature", "properties": { "内容": "デイサービスセンター　田辺の郷【通所介護】田辺市芳養松原1丁目31番10号", "url": "https://www.kaigokensaku.mhlw.go.jp/30/index.php?action_kouhyou_detail_004_kani=true&JigyosyoCd=3072201142-00&ServiceCd=150&Type=search", "url2": "http://sanyofukushikai.com/" }, "geometry": { "type": "Point", "coordinates": [ 135.354575599999947, 33.7442952 ] } },
{ "type": "Feature", "properties": { "内容": "医療法人竹村医院　通所介護事業所【通所介護】和歌山県田辺市東山1丁目7番23号介護老人保健施設セントポーリア2階", "url": "https://www.kaigokensaku.mhlw.go.jp/30/index.php?action_kouhyou_detail_004_kani=true&JigyosyoCd=3072201571-00&ServiceCd=150&Type=search", "url2": "http://yuuga.blogdehp.ne.jp/14828993007953" }, "geometry": { "type": "Point", "coordinates": [ 138.252924, 36.204824 ] } },
{ "type": "Feature", "properties": { "内容": "リハビリ・入浴特化型デイサービス「Reha・Spa」【通所介護】和歌山県田辺市下万呂４８２－１０", "url": "https://www.kaigokensaku.mhlw.go.jp/30/index.php?action_kouhyou_detail_004_kani=true&JigyosyoCd=3072201746-00&ServiceCd=150&Type=search", "url2": "http://www.ryo-so-kai.com" }, "geometry": { "type": "Point", "coordinates": [ 135.39263440000002, 33.7386308 ] } },
{ "type": "Feature", "properties": { "内容": "特別養護老人ホーム　白百合ホーム　デイサービス【通所介護】和歌山県田辺市中辺路町川合1800", "url": "https://www.kaigokensaku.mhlw.go.jp/30/index.php?action_kouhyou_detail_004_kani=true&JigyosyoCd=3072400199-00&ServiceCd=150&Type=search", "url2": "http://shirayurihome.orj" }, "geometry": { "type": "Point", "coordinates": [ 135.5219846, 33.8004563 ] } },
{ "type": "Feature", "properties": { "内容": "デイサービス小春日和【通所介護】和歌山県田辺市下三栖1320番9", "url": "https://www.kaigokensaku.mhlw.go.jp/30/index.php?action_kouhyou_detail_004_kani=true&JigyosyoCd=3072201118-00&ServiceCd=150&Type=search", "url2": null }, "geometry": { "type": "Point", "coordinates": [ 135.423836100000017, 33.733744 ] } },
{ "type": "Feature", "properties": { "内容": "カタチ目良【通所介護】和歌山県田辺市目良37-281F", "url": "https://www.kaigokensaku.mhlw.go.jp/30/index.php?action_kouhyou_detail_004_kani=true&JigyosyoCd=3072201852-00&ServiceCd=150&Type=search", "url2": "https://www.catachi.jp/" }, "geometry": { "type": "Point", "coordinates": [ 135.355113, 33.7359436 ] } },
{ "type": "Feature", "properties": { "内容": "コンパスウォーク神島台【通所介護】和歌山県田辺市神島台14-8", "url": "https://www.kaigokensaku.mhlw.go.jp/30/index.php?action_kouhyou_detail_004_kani=true&JigyosyoCd=3072201886-00&ServiceCd=150&Type=search", "url2": "https://keigo-group-wakayama.co.jp/" }, "geometry": { "type": "Point", "coordinates": [ 135.401113, 33.7078865 ] } },
{ "type": "Feature", "properties": { "内容": "コンパスウォーク東山【通所介護】和歌山県田辺市東山２－３１－７", "url": "https://www.kaigokensaku.mhlw.go.jp/30/index.php?action_kouhyou_detail_004_kani=true&JigyosyoCd=3072201993-00&ServiceCd=150&Type=search", "url2": "https://keigo-group-wakayama.co.jp/" }, "geometry": { "type": "Point", "coordinates": [ 135.395265740089428, 33.725755631284656 ] } },
{ "type": "Feature", "properties": { "内容": "デイサービスセンター龍トピア【通所介護】和歌山県田辺市龍神村柳瀬530", "url": "https://www.kaigokensaku.mhlw.go.jp/30/index.php?action_kouhyou_detail_004_kani=true&JigyosyoCd=3072202058-00&ServiceCd=150&Type=search", "url2": "https://care-net.biz/30/kisei" }, "geometry": { "type": "Point", "coordinates": [ 135.454361206745915, 33.879315640390431 ] } },
{ "type": "Feature", "properties": { "内容": "フィットネス型デイサービス未来【通所介護】和歌山県田辺市中万呂570番地の2", "url": "https://www.kaigokensaku.mhlw.go.jp/30/index.php?action_kouhyou_detail_004_kani=true&JigyosyoCd=3072201944-00&ServiceCd=150&Type=search", "url2": "https://mirakuru-fitness.com/services/" }, "geometry": { "type": "Point", "coordinates": [ 135.404082100000011, 33.7390064 ] } },
{ "type": "Feature", "properties": { "内容": "デイサービスきたえる～む田辺下屋敷【通所介護】和歌山県田辺市下屋敷町11", "url": "https://www.kaigokensaku.mhlw.go.jp/30/index.php?action_kouhyou_detail_004_kani=true&JigyosyoCd=3072201555-00&ServiceCd=150&Type=search", "url2": "http://kitaeroom.com/shop/post-100.shtml" }, "geometry": { "type": "Point", "coordinates": [ 135.382137, 33.7304221 ] } },
{ "type": "Feature", "properties": { "内容": "田辺市社会福祉協議会　中辺路事業所【通所介護】和歌山県田辺市中辺路町栗栖川329番地の1中辺路福祉センター", "url": "https://www.kaigokensaku.mhlw.go.jp/30/index.php?action_kouhyou_detail_004_kani=true&JigyosyoCd=3072201670-00&ServiceCd=150&Type=search", "url2": null }, "geometry": { "type": "Point", "coordinates": [ 135.516425, 33.7911177 ] } },
{ "type": "Feature", "properties": { "内容": "デイサービスセンター自彊館【通所介護】田辺市神島台7番1号", "url": "https://www.kaigokensaku.mhlw.go.jp/30/index.php?action_kouhyou_detail_004_kani=true&JigyosyoCd=3072200805-00&ServiceCd=150&Type=search", "url2": null }, "geometry": { "type": "Point", "coordinates": [ 135.404221199999938, 33.7058366 ] } },
{ "type": "Feature", "properties": { "内容": "デイサービスセンターひなたの里【通所介護】和歌山県田辺市上芳養４３７番地の３", "url": "https://www.kaigokensaku.mhlw.go.jp/30/index.php?action_kouhyou_detail_004_kani=true&JigyosyoCd=3072200862-00&ServiceCd=150&Type=search", "url2": null }, "geometry": { "type": "Point", "coordinates": [ 135.362377700000025, 33.7992714 ] } },
{ "type": "Feature", "properties": { "内容": "プラント【通所介護】和歌山県田辺市あけぼの45-1メゾネットファイブ1階", "url": "https://www.kaigokensaku.mhlw.go.jp/30/index.php?action_kouhyou_detail_004_kani=true&JigyosyoCd=3072201761-00&ServiceCd=150&Type=search", "url2": null }, "geometry": { "type": "Point", "coordinates": [ 135.39364, 33.7313757 ] } },
{ "type": "Feature", "properties": { "内容": "社会福祉法人　真寿会　真寿苑【通所介護】和歌山県田辺市神島台６番１号", "url": "https://www.kaigokensaku.mhlw.go.jp/30/index.php?action_kouhyou_detail_004_kani=true&JigyosyoCd=3072200227-00&ServiceCd=150&Type=search", "url2": "http://www.sjk-tanabe.or.jp/" }, "geometry": { "type": "Point", "coordinates": [ 135.403080912828045, 33.707236465059765 ] } },
{ "type": "Feature", "properties": { "内容": "真寿苑内ノ浦デイサービスセンター【通所介護】田辺市新庄町3166-1", "url": "https://www.kaigokensaku.mhlw.go.jp/30/index.php?action_kouhyou_detail_004_kani=true&JigyosyoCd=3072200615-00&ServiceCd=150&Type=search", "url2": "http://www.sjk-tanabe.or.jp/" }, "geometry": { "type": "Point", "coordinates": [ 135.387889299999983, 33.6944292 ] } },
{ "type": "Feature", "properties": { "内容": "ニチイケアセンター田辺【通所介護】和歌山県田辺市稲成町77-1", "url": "https://www.kaigokensaku.mhlw.go.jp/30/index.php?action_kouhyou_detail_004_kani=true&JigyosyoCd=3072201209-00&ServiceCd=150&Type=search", "url2": "http://www.nichiigakkan.co.jp" }, "geometry": { "type": "Point", "coordinates": [ 135.371082500000057, 33.7401097 ] } },
{ "type": "Feature", "properties": { "内容": "きたえるーむ田辺滝内【通所介護】新庄町2915-331", "url": "https://www.kaigokensaku.mhlw.go.jp/30/index.php?action_kouhyou_detail_004_kani=true&JigyosyoCd=3072201449-00&ServiceCd=150&Type=search", "url2": "http://kitaeroom.com/shop/post-65.shtml" }, "geometry": { "type": "Point", "coordinates": [ 135.399918800000023, 33.7076334 ] } },
{ "type": "Feature", "properties": { "内容": "丹鶴介護サービスセンター【通所介護】和歌山県新宮市仲之町三丁目１番地の５", "url": "https://www.kaigokensaku.mhlw.go.jp/30/index.php?action_kouhyou_detail_004_kani=true&JigyosyoCd=3072300605-00&ServiceCd=150&Type=search", "url2": "https://www.tankaku-kaigo.com" }, "geometry": { "type": "Point", "coordinates": [ 135.990029186508167, 33.728854521778835 ] } },
{ "type": "Feature", "properties": { "内容": "リハラボ．【通所介護】和歌山県新宮市谷王子町3番地2　シャトーしんぐう101号", "url": "https://www.kaigokensaku.mhlw.go.jp/30/index.php?action_kouhyou_detail_004_kani=true&JigyosyoCd=3072300746-00&ServiceCd=150&Type=search", "url2": null }, "geometry": { "type": "Point", "coordinates": [ 135.98849169999994, 33.7279934 ] } },
{ "type": "Feature", "properties": { "内容": "デイサービス　紀の風【通所介護】和歌山県新宮市佐野1322-1グランドール紀の風", "url": "https://www.kaigokensaku.mhlw.go.jp/30/index.php?action_kouhyou_detail_004_kani=true&JigyosyoCd=3072300837-00&ServiceCd=150&Type=search", "url2": "http://www.kinokaze.net" }, "geometry": { "type": "Point", "coordinates": [ 140.795812299999966, 38.063686 ] } },
{ "type": "Feature", "properties": { "内容": "ひだまり　徐福【通所介護】和歌山県新宮市徐福1丁目4番25号", "url": "https://www.kaigokensaku.mhlw.go.jp/30/index.php?action_kouhyou_detail_004_kani=true&JigyosyoCd=3072300944-00&ServiceCd=150&Type=search", "url2": null }, "geometry": { "type": "Point", "coordinates": [ 135.995238100000051, 33.7260416 ] } },
{ "type": "Feature", "properties": { "内容": "ひだまり　いのさわ【通所介護】和歌山県新宮市井の沢9-10", "url": "https://www.kaigokensaku.mhlw.go.jp/30/index.php?action_kouhyou_detail_004_kani=true&JigyosyoCd=3072301025-00&ServiceCd=150&Type=search", "url2": null }, "geometry": { "type": "Point", "coordinates": [ 135.9912042, 33.7223372 ] } },
{ "type": "Feature", "properties": { "内容": "丹鶴介護サービスセンター【通所介護】和歌山県新宮市仲之町3-1-5", "url": "https://www.kaigokensaku.mhlw.go.jp/30/index.php?action_kouhyou_detail_004_kani=true&JigyosyoCd=3072301082-00&ServiceCd=150&Type=search", "url2": "https://www.tankaku-kaigo.com/tankakudei.html" }, "geometry": { "type": "Point", "coordinates": [ 135.989992461211642, 33.728856803022111 ] } },
{ "type": "Feature", "properties": { "内容": "デイサービスセンター悠久【通所介護】和歌山県新宮市三輪崎１９６０－２", "url": "https://www.kaigokensaku.mhlw.go.jp/30/index.php?action_kouhyou_detail_004_kani=true&JigyosyoCd=3072300142-00&ServiceCd=150&Type=search", "url2": "https://www.kuroshioen.or.jp" }, "geometry": { "type": "Point", "coordinates": [ 135.9866419, 33.6989496 ] } },
{ "type": "Feature", "properties": { "内容": "ニチイケアセンター新宮【通所介護】和歌山県新宮市鴻田3丁目5番37号", "url": "https://www.kaigokensaku.mhlw.go.jp/30/index.php?action_kouhyou_detail_004_kani=true&JigyosyoCd=3072300068-00&ServiceCd=150&Type=search", "url2": "http://www.nichiigakkan.co.jp" }, "geometry": { "type": "Point", "coordinates": [ 135.98614291349179, 33.709233487183738 ] } },
{ "type": "Feature", "properties": { "内容": "リハデイしんぐう【通所介護】下田1丁目1-24", "url": "https://www.kaigokensaku.mhlw.go.jp/30/index.php?action_kouhyou_detail_004_kani=true&JigyosyoCd=3072301041-00&ServiceCd=150&Type=search", "url2": null }, "geometry": { "type": "Point", "coordinates": [ 138.944688500000012, 34.6785855 ] } },
{ "type": "Feature", "properties": { "内容": "一般デイサービスなだい【通所介護】紀の川市下井阪６０５トータルケアセンターなだい", "url": "https://www.kaigokensaku.mhlw.go.jp/30/index.php?action_kouhyou_detail_004_kani=true&JigyosyoCd=3071700391-00&ServiceCd=150&Type=search", "url2": "http://www.tcc-nadai.com" }, "geometry": { "type": "Point", "coordinates": [ 135.338234199999988, 34.2565948 ] } },
{ "type": "Feature", "properties": { "内容": "デイサービスきのくに【通所介護】和歌山県紀の川市貴志川町長原245-1", "url": "https://www.kaigokensaku.mhlw.go.jp/30/index.php?action_kouhyou_detail_004_kani=true&JigyosyoCd=3071701134-00&ServiceCd=150&Type=search", "url2": null }, "geometry": { "type": "Point", "coordinates": [ 135.303548799999987, 34.2157578 ] } },
{ "type": "Feature", "properties": { "内容": "医療法人慈愛会サニー倶楽部【通所介護】紀の川市粉河1912", "url": "https://www.kaigokensaku.mhlw.go.jp/30/index.php?action_kouhyou_detail_004_kani=true&JigyosyoCd=3071700086-00&ServiceCd=150&Type=search", "url2": "http://www.katsuda-ichouka.or.jp/sunny.html" }, "geometry": { "type": "Point", "coordinates": [ 135.4043481, 34.2748911 ] } },
{ "type": "Feature", "properties": { "内容": "デイサービスセンターたかお【通所介護】和歌山県紀の川市貴志川町高尾字蟹ケ谷194番地の1", "url": "https://www.kaigokensaku.mhlw.go.jp/30/index.php?action_kouhyou_detail_004_kani=true&JigyosyoCd=3071200855-00&ServiceCd=150&Type=search", "url2": null }, "geometry": { "type": "Point", "coordinates": [ 135.3231065, 34.2032487 ] } },
{ "type": "Feature", "properties": { "内容": "デイサービスセンターきしがわ園【通所介護】和歌山県紀の川市貴志川町尼寺359", "url": "https://www.kaigokensaku.mhlw.go.jp/30/index.php?action_kouhyou_detail_004_kani=true&JigyosyoCd=3071700565-00&ServiceCd=150&Type=search", "url2": "https://seianna.jp" }, "geometry": { "type": "Point", "coordinates": [ 135.313054488946591, 34.226103136607463 ] } },
{ "type": "Feature", "properties": { "内容": "ブルーミングケアいろは紀の川【通所介護】和歌山県紀の川市中井阪２２６番地1", "url": "https://www.kaigokensaku.mhlw.go.jp/30/index.php?action_kouhyou_detail_004_kani=true&JigyosyoCd=3071701001-00&ServiceCd=150&Type=search", "url2": null }, "geometry": { "type": "Point", "coordinates": [ 135.34276154250972, 34.26005471052423 ] } },
{ "type": "Feature", "properties": { "内容": "一織庵デイサービス打田【通所介護】和歌山県紀の川市中井坂358-2", "url": "https://www.kaigokensaku.mhlw.go.jp/30/index.php?action_kouhyou_detail_004_kani=true&JigyosyoCd=3071700896-00&ServiceCd=150&Type=search", "url2": null }, "geometry": { "type": "Point", "coordinates": [ 135.348588800000016, 34.2567672 ] } },
{ "type": "Feature", "properties": { "内容": "デイサービス花桃【通所介護】和歌山県紀の川市桃山町元969-1", "url": "https://www.kaigokensaku.mhlw.go.jp/30/index.php?action_kouhyou_detail_004_kani=true&JigyosyoCd=3071700904-00&ServiceCd=150&Type=search", "url2": "hanamomo-w.sakura.ne.jp" }, "geometry": { "type": "Point", "coordinates": [ 135.34740039999997, 34.2365222 ] } },
{ "type": "Feature", "properties": { "内容": "皆楽園心愛デイサービスセンター【通所介護】和歌山県紀の川市重行31番地", "url": "https://www.kaigokensaku.mhlw.go.jp/30/index.php?action_kouhyou_detail_004_kani=true&JigyosyoCd=3071700151-00&ServiceCd=150&Type=search", "url2": "http://www.kairakuen.or.jp/" }, "geometry": { "type": "Point", "coordinates": [ 135.370136799999955, 34.2805983 ] } },
{ "type": "Feature", "properties": { "内容": "風の里デイサービスセンター【通所介護】和歌山県紀の川市粉河951-1", "url": "https://www.kaigokensaku.mhlw.go.jp/30/index.php?action_kouhyou_detail_004_kani=true&JigyosyoCd=3071201101-00&ServiceCd=150&Type=search", "url2": "http://www.koyokai.or.jp" }, "geometry": { "type": "Point", "coordinates": [ 135.402501199999961, 34.2689057 ] } },
{ "type": "Feature", "properties": { "内容": "栄寿苑デイサービスセンター【通所介護】和歌山県紀の川市麻生津中字飯盛1279番地", "url": "https://www.kaigokensaku.mhlw.go.jp/30/index.php?action_kouhyou_detail_004_kani=true&JigyosyoCd=3071200566-00&ServiceCd=150&Type=search", "url2": "http://koueikai-nate.com/" }, "geometry": { "type": "Point", "coordinates": [ 135.462148800000023, 34.248245 ] } },
{ "type": "Feature", "properties": { "内容": "デイサービスセンター瑞穂【通所介護】和歌山県紀の川市粉河775-1GrandHome瑞穂", "url": "https://www.kaigokensaku.mhlw.go.jp/30/index.php?action_kouhyou_detail_004_kani=true&JigyosyoCd=3071700946-00&ServiceCd=150&Type=search", "url2": "http://mizuho-home.co.jp" }, "geometry": { "type": "Point", "coordinates": [ 135.404400900000041, 34.2730802 ] } },
{ "type": "Feature", "properties": { "内容": "デイサービスNICO【通所介護】和歌山県紀の川市下井阪605番地", "url": "https://www.kaigokensaku.mhlw.go.jp/30/index.php?action_kouhyou_detail_004_kani=true&JigyosyoCd=3071701183-00&ServiceCd=150&Type=search", "url2": null }, "geometry": { "type": "Point", "coordinates": [ 135.338961, 34.2586472 ] } },
{ "type": "Feature", "properties": { "内容": "打田友愛デイサービスセンター【通所介護】和歌山県紀の川市畑野上２７２番地", "url": "https://www.kaigokensaku.mhlw.go.jp/30/index.php?action_kouhyou_detail_004_kani=true&JigyosyoCd=3071200475-00&ServiceCd=150&Type=search", "url2": "http://kairakuen.or.jp" }, "geometry": { "type": "Point", "coordinates": [ 135.347280299999966, 34.2641469 ] } },
{ "type": "Feature", "properties": { "内容": "デイサービス　りんく【通所介護】和歌山県紀の川市畑野上333-1", "url": "https://www.kaigokensaku.mhlw.go.jp/30/index.php?action_kouhyou_detail_004_kani=true&JigyosyoCd=3071700979-00&ServiceCd=150&Type=search", "url2": null }, "geometry": { "type": "Point", "coordinates": [ 135.347588298147599, 34.26002899720968 ] } },
{ "type": "Feature", "properties": { "内容": "デイサービスセンター後楽【通所介護】紀の川市黒土262ケアハウス後楽荘", "url": "https://www.kaigokensaku.mhlw.go.jp/30/index.php?action_kouhyou_detail_004_kani=true&JigyosyoCd=3071201200-00&ServiceCd=150&Type=search", "url2": "http://www.kourakusou3575.sakura.ne.jp/" }, "geometry": { "type": "Point", "coordinates": [ 135.378810217196616, 34.261051431283306 ] } },
{ "type": "Feature", "properties": { "内容": "デイサービスセンター　かがやき【通所介護】紀の川市貴志川町尼寺６６１－１", "url": "https://www.kaigokensaku.mhlw.go.jp/30/index.php?action_kouhyou_detail_004_kani=true&JigyosyoCd=3071700060-00&ServiceCd=150&Type=search", "url2": null }, "geometry": { "type": "Point", "coordinates": [ 135.309932500000059, 34.2253174 ] } },
{ "type": "Feature", "properties": { "内容": "デイサービスセンター　ほほえみの里【通所介護】和歌山県紀の川市貴志川町長山277-108", "url": "https://www.kaigokensaku.mhlw.go.jp/30/index.php?action_kouhyou_detail_004_kani=true&JigyosyoCd=3071700458-00&ServiceCd=150&Type=search", "url2": null }, "geometry": { "type": "Point", "coordinates": [ 135.287655099999938, 34.2076971 ] } },
{ "type": "Feature", "properties": { "内容": "リハビリデイサービス　ソレイユ【通所介護】和歌山県岩出市野上野97", "url": "https://www.kaigokensaku.mhlw.go.jp/30/index.php?action_kouhyou_detail_004_kani=true&JigyosyoCd=3071800746-00&ServiceCd=150&Type=search", "url2": "http://soleil-day.com" }, "geometry": { "type": "Point", "coordinates": [ 135.317752499999983, 34.2756623 ] } },
{ "type": "Feature", "properties": { "内容": "すずのき【通所介護】和歌山県岩出市岡田543-2", "url": "https://www.kaigokensaku.mhlw.go.jp/30/index.php?action_kouhyou_detail_004_kani=true&JigyosyoCd=3071800902-00&ServiceCd=150&Type=search", "url2": null }, "geometry": { "type": "Point", "coordinates": [ 135.329315, 34.2580314 ] } },
{ "type": "Feature", "properties": { "内容": "カルチャークラブ一期一笑【通所介護】和歌山県岩出市根来1418", "url": "https://www.kaigokensaku.mhlw.go.jp/30/index.php?action_kouhyou_detail_004_kani=true&JigyosyoCd=3071800829-00&ServiceCd=150&Type=search", "url2": "https://mizue.life" }, "geometry": { "type": "Point", "coordinates": [ 135.3087492, 34.2825037 ] } },
{ "type": "Feature", "properties": { "内容": "デイサービス　ソレイユプラス【通所介護】和歌山県岩出市野上野98-3", "url": "https://www.kaigokensaku.mhlw.go.jp/30/index.php?action_kouhyou_detail_004_kani=true&JigyosyoCd=3071800621-00&ServiceCd=150&Type=search", "url2": "http://soleil-day.com" }, "geometry": { "type": "Point", "coordinates": [ 138.252924, 36.204824 ] } },
{ "type": "Feature", "properties": { "内容": "プライマリーリハビリ・デイサービス【通所介護】和歌山県岩出市今中127-6", "url": "https://www.kaigokensaku.mhlw.go.jp/30/index.php?action_kouhyou_detail_004_kani=true&JigyosyoCd=3071800472-00&ServiceCd=150&Type=search", "url2": "http://primary.style" }, "geometry": { "type": "Point", "coordinates": [ 135.315530599999988, 34.2731665 ] } },
{ "type": "Feature", "properties": { "内容": "まりっくすデイサービスセンター岩出【通所介護】和歌山県岩出市川尻72-4", "url": "https://www.kaigokensaku.mhlw.go.jp/30/index.php?action_kouhyou_detail_004_kani=true&JigyosyoCd=3071800019-00&ServiceCd=150&Type=search", "url2": "http://care-net.biz/30/marix/" }, "geometry": { "type": "Point", "coordinates": [ 135.309653799999978, 34.2668298 ] } },
{ "type": "Feature", "properties": { "内容": "すずのき【通所介護】和歌山県岩出市岡田543‐2", "url": "https://www.kaigokensaku.mhlw.go.jp/30/index.php?action_kouhyou_detail_004_kani=true&JigyosyoCd=3071801009-00&ServiceCd=150&Type=search", "url2": null }, "geometry": { "type": "Point", "coordinates": [ 135.3294792, 34.2580204 ] } },
{ "type": "Feature", "properties": { "内容": "デイサービスセンター晴れごこち【通所介護】和歌山県岩出市岡田695-1", "url": "https://www.kaigokensaku.mhlw.go.jp/30/index.php?action_kouhyou_detail_004_kani=true&JigyosyoCd=3071800803-00&ServiceCd=150&Type=search", "url2": "http:/homepage2.nifty.com/sakurano-oka/index.html" }, "geometry": { "type": "Point", "coordinates": [ 135.33312669999998, 34.2563263 ] } },
{ "type": "Feature", "properties": { "内容": "Livingリハ陶彩館【通所介護】和歌山県岩出市中島863-1", "url": "https://www.kaigokensaku.mhlw.go.jp/30/index.php?action_kouhyou_detail_004_kani=true&JigyosyoCd=3071800647-00&ServiceCd=150&Type=search", "url2": "https://livingreha.tousaikan.com" }, "geometry": { "type": "Point", "coordinates": [ 135.29890778504182, 34.260409232796206 ] } },
{ "type": "Feature", "properties": { "内容": "岩出あいあいデイサービスセンター【通所介護】和歌山県岩出市金池92", "url": "https://www.kaigokensaku.mhlw.go.jp/30/index.php?action_kouhyou_detail_004_kani=true&JigyosyoCd=3071200467-00&ServiceCd=150&Type=search", "url2": "http://kairakuen.or.jp" }, "geometry": { "type": "Point", "coordinates": [ 135.295464199999969, 34.2742818 ] } },
{ "type": "Feature", "properties": { "内容": "のぞみデイサービスセンター【通所介護】和歌山県岩出市山591番地", "url": "https://www.kaigokensaku.mhlw.go.jp/30/index.php?action_kouhyou_detail_004_kani=true&JigyosyoCd=3071200822-00&ServiceCd=150&Type=search", "url2": "http://kairakuen.or.jp" }, "geometry": { "type": "Point", "coordinates": [ 135.285009899999977, 34.2718515 ] } },
{ "type": "Feature", "properties": { "内容": "おおみや診療所【通所介護】岩出市宮50-1", "url": "https://www.kaigokensaku.mhlw.go.jp/30/index.php?action_kouhyou_detail_004_kani=true&JigyosyoCd=3011810144-00&ServiceCd=150&Type=search", "url2": null }, "geometry": { "type": "Point", "coordinates": [ 135.315753200000017, 34.2550476 ] } },
{ "type": "Feature", "properties": { "内容": "岩出憩い園デイサービスセンター【通所介護】和歌山県岩出市溝川２２番地", "url": "https://www.kaigokensaku.mhlw.go.jp/30/index.php?action_kouhyou_detail_004_kani=true&JigyosyoCd=3071800639-00&ServiceCd=150&Type=search", "url2": "https://kinokunifukujyukai.com/" }, "geometry": { "type": "Point", "coordinates": [ 135.325722006745877, 34.254982257463702 ] } },
{ "type": "Feature", "properties": { "内容": "デイサービスセンターこんにちはRelax【通所介護】和歌山県岩出市清水5-1", "url": "https://www.kaigokensaku.mhlw.go.jp/30/index.php?action_kouhyou_detail_004_kani=true&JigyosyoCd=3071800894-00&ServiceCd=150&Type=search", "url2": null }, "geometry": { "type": "Point", "coordinates": [ 135.3192953, 34.2508314 ] } },
{ "type": "Feature", "properties": { "内容": "デイサービス・トレーニングセンターこんにちは【通所介護】和歌山県岩出市吉田242-9", "url": "https://www.kaigokensaku.mhlw.go.jp/30/index.php?action_kouhyou_detail_004_kani=true&JigyosyoCd=3071800050-00&ServiceCd=150&Type=search", "url2": null }, "geometry": { "type": "Point", "coordinates": [ 135.281029600000011, 34.2661715 ] } },
{ "type": "Feature", "properties": { "内容": "Acti-va【通所介護】和歌山県岩出市根来８２３－１", "url": "https://www.kaigokensaku.mhlw.go.jp/30/index.php?action_kouhyou_detail_004_kani=true&JigyosyoCd=3071800654-00&ServiceCd=150&Type=search", "url2": "http://www.mikurumakai.or.jp/affiliated/acti-va-2-2/" }, "geometry": { "type": "Point", "coordinates": [ 135.299545770408571, 34.27795736661281 ] } },
{ "type": "Feature", "properties": { "内容": "皆楽園デイサービスセンター【通所介護】和歌山県岩出市西国分６６８番地", "url": "https://www.kaigokensaku.mhlw.go.jp/30/index.php?action_kouhyou_detail_004_kani=true&JigyosyoCd=3071200434-00&ServiceCd=150&Type=search", "url2": "http://www.kairakuenn.or.jp/" }, "geometry": { "type": "Point", "coordinates": [ 135.330754, 34.2651772 ] } },
{ "type": "Feature", "properties": { "内容": "美里園デイサービス事業所【通所介護】和歌山県海草郡紀美野町安井6-1", "url": "https://www.kaigokensaku.mhlw.go.jp/30/index.php?action_kouhyou_detail_004_kani=true&JigyosyoCd=3071100071-00&ServiceCd=150&Type=search", "url2": "http://seiwa-sws.or.jp/" }, "geometry": { "type": "Point", "coordinates": [ 135.34661559999995, 34.1490559 ] } },
{ "type": "Feature", "properties": { "内容": "モモ【通所介護】和歌山県海草郡紀美野町鎌滝６３6番地", "url": "https://www.kaigokensaku.mhlw.go.jp/30/index.php?action_kouhyou_detail_004_kani=true&JigyosyoCd=3071100386-00&ServiceCd=150&Type=search", "url2": null }, "geometry": { "type": "Point", "coordinates": [ 135.383582400000023, 34.142069 ] } },
{ "type": "Feature", "properties": { "内容": "社会福祉法人　紀美野町社会福祉協議会　通所介護事業所【通所介護】和歌山県海草郡紀美野町下佐々1408番地4紀美野町総合福祉センター", "url": "https://www.kaigokensaku.mhlw.go.jp/30/index.php?action_kouhyou_detail_004_kani=true&JigyosyoCd=3071100154-00&ServiceCd=150&Type=search", "url2": null }, "geometry": { "type": "Point", "coordinates": [ 135.3109025, 34.1521352 ] } },
{ "type": "Feature", "properties": { "内容": "ＲＥＶＥ【通所介護】和歌山県伊都郡かつらぎ町笠田東470-1", "url": "https://www.kaigokensaku.mhlw.go.jp/30/index.php?action_kouhyou_detail_004_kani=true&JigyosyoCd=3071300994-00&ServiceCd=150&Type=search", "url2": null }, "geometry": { "type": "Point", "coordinates": [ 135.4764027, 34.2872749 ] } },
{ "type": "Feature", "properties": { "内容": "医療法人南労会　かつらぎデイサービスセンター【通所介護】笠田東15-2", "url": "https://www.kaigokensaku.mhlw.go.jp/30/index.php?action_kouhyou_detail_004_kani=true&JigyosyoCd=3071301018-00&ServiceCd=150&Type=search", "url2": "http://www.nanroukai.or.jp" }, "geometry": { "type": "Point", "coordinates": [ 135.4808247, 34.2922465 ] } },
{ "type": "Feature", "properties": { "内容": "デイサービスひだまりの里かつらぎ【通所介護】伊都郡かつらぎ町佐野613-1", "url": "https://www.kaigokensaku.mhlw.go.jp/30/index.php?action_kouhyou_detail_004_kani=true&JigyosyoCd=3071300861-00&ServiceCd=150&Type=search", "url2": null }, "geometry": { "type": "Point", "coordinates": [ 135.48647177221892, 34.293599224008361 ] } },
{ "type": "Feature", "properties": { "内容": "特別養護老人ホームあさひ【通所介護】和歌山県伊都郡かつらぎ町大字西飯降字白田谷461番6", "url": "https://www.kaigokensaku.mhlw.go.jp/30/index.php?action_kouhyou_detail_004_kani=true&JigyosyoCd=3071300903-00&ServiceCd=150&Type=search", "url2": null }, "geometry": { "type": "Point", "coordinates": [ 135.525719, 34.317856600000034 ] } },
{ "type": "Feature", "properties": { "内容": "愛光園デイサービスセンター【通所介護】和歌山県伊都郡かつらぎ町佐野１３８６", "url": "https://www.kaigokensaku.mhlw.go.jp/30/index.php?action_kouhyou_detail_004_kani=true&JigyosyoCd=3071300077-00&ServiceCd=150&Type=search", "url2": "http://www.aiko-en.or.jp/" }, "geometry": { "type": "Point", "coordinates": [ 135.485343599999965, 34.288621 ] } },
{ "type": "Feature", "properties": { "内容": "リハビリデイサービスあはは【通所介護】和歌山県伊都郡九度山町河根384-39", "url": "https://www.kaigokensaku.mhlw.go.jp/30/index.php?action_kouhyou_detail_004_kani=true&JigyosyoCd=3071301034-00&ServiceCd=150&Type=search", "url2": null }, "geometry": { "type": "Point", "coordinates": [ 135.5741126, 34.2808577 ] } },
{ "type": "Feature", "properties": { "内容": "社会福祉法人　九度山町社会福祉協議会【通所介護】和歌山県伊都郡九度山町河根732-1九度山町地域福祉センター", "url": "https://www.kaigokensaku.mhlw.go.jp/30/index.php?action_kouhyou_detail_004_kani=true&JigyosyoCd=3071300176-00&ServiceCd=150&Type=search", "url2": "http://www.shakyo.jp/hp/1295" }, "geometry": { "type": "Point", "coordinates": [ 135.578813099999934, 34.2760929 ] } },
{ "type": "Feature", "properties": { "内容": "デイサービスプラチナ【通所介護】伊都郡九度山町九度山800", "url": "https://www.kaigokensaku.mhlw.go.jp/30/index.php?action_kouhyou_detail_004_kani=true&JigyosyoCd=3071300390-00&ServiceCd=150&Type=search", "url2": null }, "geometry": { "type": "Point", "coordinates": [ 135.566300400000046, 34.2832365 ] } },
{ "type": "Feature", "properties": { "内容": "南山苑　デイサービス【通所介護】和歌山県伊都郡高野町高野山４４－２２", "url": "https://www.kaigokensaku.mhlw.go.jp/30/index.php?action_kouhyou_detail_004_kani=true&JigyosyoCd=3071300226-00&ServiceCd=150&Type=search", "url2": "https://seiaikai.jimdofree.com/" }, "geometry": { "type": "Point", "coordinates": [ 135.592627099999959, 34.2206737 ] } },
{ "type": "Feature", "properties": { "内容": "ゆあさの郷【通所介護】湯浅2834", "url": "https://www.kaigokensaku.mhlw.go.jp/30/index.php?action_kouhyou_detail_004_kani=true&JigyosyoCd=3071601433-00&ServiceCd=150&Type=search", "url2": "http://gobo310.sakura.ne.jp/gb310/" }, "geometry": { "type": "Point", "coordinates": [ 135.17139999021299, 34.035019131795515 ] } },
{ "type": "Feature", "properties": { "内容": "湯浅町社会福祉協議会【通所介護】和歌山県有田郡湯浅町栖原１２６", "url": "https://www.kaigokensaku.mhlw.go.jp/30/index.php?action_kouhyou_detail_004_kani=true&JigyosyoCd=3071600070-00&ServiceCd=150&Type=search", "url2": "http://www.yuasa-shakyo.or.jp/" }, "geometry": { "type": "Point", "coordinates": [ 135.183343104206386, 34.043515961341484 ] } },
{ "type": "Feature", "properties": { "内容": "かぐのみ苑湯浅デイサービスセンター【通所介護】和歌山県有田郡湯浅町湯浅2032-1", "url": "https://www.kaigokensaku.mhlw.go.jp/30/index.php?action_kouhyou_detail_004_kani=true&JigyosyoCd=3071600500-00&ServiceCd=150&Type=search", "url2": "http://www.heiseifukushikai.or.jp/" }, "geometry": { "type": "Point", "coordinates": [ 135.1856636, 34.0373952 ] } },
{ "type": "Feature", "properties": { "内容": "デイサービスセンター広川苑【通所介護】有田郡広川町和田１８", "url": "https://www.kaigokensaku.mhlw.go.jp/30/index.php?action_kouhyou_detail_004_kani=true&JigyosyoCd=3071600526-00&ServiceCd=150&Type=search", "url2": "http://w-himawarikai.or.jp/" }, "geometry": { "type": "Point", "coordinates": [ 135.1640741, 34.0253103 ] } },
{ "type": "Feature", "properties": { "内容": "デイサービス　和の郷【通所介護】和歌山県有田郡広川町広81-8", "url": "https://www.kaigokensaku.mhlw.go.jp/30/index.php?action_kouhyou_detail_004_kani=true&JigyosyoCd=3071601391-00&ServiceCd=150&Type=search", "url2": "http://hp.kaipoke.biz/04y/" }, "geometry": { "type": "Point", "coordinates": [ 135.181455699999987, 34.0256108 ] } },
{ "type": "Feature", "properties": { "内容": "広川町デイサービスセンター【通所介護】和歌山県有田郡広川町大字広１５００番地広川町保健福祉センター内", "url": "https://www.kaigokensaku.mhlw.go.jp/30/index.php?action_kouhyou_detail_004_kani=true&JigyosyoCd=3071600146-00&ServiceCd=150&Type=search", "url2": "http://www.town.hirogawa.wakayama.jp" }, "geometry": { "type": "Point", "coordinates": [ 135.172814900000049, 34.029496 ] } },
{ "type": "Feature", "properties": { "内容": "在宅複合型施設ひろの里通所介護事業【通所介護】和歌山県有田郡広川町下津木1105-5", "url": "https://www.kaigokensaku.mhlw.go.jp/30/index.php?action_kouhyou_detail_004_kani=true&JigyosyoCd=3071600351-00&ServiceCd=150&Type=search", "url2": "http://www.kitabakai.jp/" }, "geometry": { "type": "Point", "coordinates": [ 135.215514399999961, 33.9793643 ] } },
{ "type": "Feature", "properties": { "内容": "有田川町社会福祉協議会　通所介護【通所介護】和歌山県有田郡有田川町角75番地1きび保健福祉センター", "url": "https://www.kaigokensaku.mhlw.go.jp/30/index.php?action_kouhyou_detail_004_kani=true&JigyosyoCd=3071600997-00&ServiceCd=150&Type=search", "url2": "http://aridagawa‐shakyo.or.jp/" }, "geometry": { "type": "Point", "coordinates": [ 135.216184800000065, 34.0736388 ] } },
{ "type": "Feature", "properties": { "内容": "寿楽園【通所介護】和歌山県有田郡有田川町大字小川字矢本992番地", "url": "https://www.kaigokensaku.mhlw.go.jp/30/index.php?action_kouhyou_detail_004_kani=true&JigyosyoCd=3071600039-00&ServiceCd=150&Type=search", "url2": "https://ikkeikai.recruitment.jp" }, "geometry": { "type": "Point", "coordinates": [ 135.254431599999947, 34.0653217 ] } },
{ "type": "Feature", "properties": { "内容": "特別養護老人ホーム吉備苑デイサービスセンター【通所介護】和歌山県有田郡有田川町大字奥222-1", "url": "https://www.kaigokensaku.mhlw.go.jp/30/index.php?action_kouhyou_detail_004_kani=true&JigyosyoCd=3071600419-00&ServiceCd=150&Type=search", "url2": "http://www.kibien.com/" }, "geometry": { "type": "Point", "coordinates": [ 135.209766599999966, 34.0484421 ] } },
{ "type": "Feature", "properties": { "内容": "通所介護有田リハビリセンター【通所介護】和歌山県有田郡有田川町庄17-1", "url": "https://www.kaigokensaku.mhlw.go.jp/30/index.php?action_kouhyou_detail_004_kani=true&JigyosyoCd=3072101185-00&ServiceCd=150&Type=search", "url2": null }, "geometry": { "type": "Point", "coordinates": [ 135.2372447, 34.0671722 ] } },
{ "type": "Feature", "properties": { "内容": "有田川町社会福祉協議会清水事務所通所介護【通所介護】和歌山県有田郡有田川町二川820番地1", "url": "https://www.kaigokensaku.mhlw.go.jp/30/index.php?action_kouhyou_detail_004_kani=true&JigyosyoCd=3071600989-00&ServiceCd=150&Type=search", "url2": null }, "geometry": { "type": "Point", "coordinates": [ 135.355679900000041, 34.0608216 ] } },
{ "type": "Feature", "properties": { "内容": "通所介護日高リハビリセンター【通所介護】和田1901-8", "url": "https://www.kaigokensaku.mhlw.go.jp/30/index.php?action_kouhyou_detail_004_kani=true&JigyosyoCd=3072100963-00&ServiceCd=150&Type=search", "url2": null }, "geometry": { "type": "Point", "coordinates": [ 135.1201185, 33.8941393 ] } },
{ "type": "Feature", "properties": { "内容": "ときわ寮美浜デイサービスセンター【通所介護】和歌山県日高郡美浜町大字三尾９番地", "url": "https://www.kaigokensaku.mhlw.go.jp/30/index.php?action_kouhyou_detail_004_kani=true&JigyosyoCd=3072100229-00&ServiceCd=150&Type=search", "url2": "http://www.tokiwa-roujin.jp" }, "geometry": { "type": "Point", "coordinates": [ 135.0844, 33.8899778 ] } },
{ "type": "Feature", "properties": { "内容": "ひだか博愛園みちしおデイサービスセンター【通所介護】和歌山県日高郡日高町阿尾646", "url": "https://www.kaigokensaku.mhlw.go.jp/30/index.php?action_kouhyou_detail_004_kani=true&JigyosyoCd=3072100526-00&ServiceCd=150&Type=search", "url2": null }, "geometry": { "type": "Point", "coordinates": [ 135.071630899999946, 33.9037765 ] } },
{ "type": "Feature", "properties": { "内容": "デイサービスライフサイズひだか【通所介護】和歌山県日高郡日高町荊木115-1", "url": "https://www.kaigokensaku.mhlw.go.jp/30/index.php?action_kouhyou_detail_004_kani=true&JigyosyoCd=3072101045-00&ServiceCd=150&Type=search", "url2": "http://lifesize-hidaka.com/" }, "geometry": { "type": "Point", "coordinates": [ 135.1517895, 33.9240664 ] } },
{ "type": "Feature", "properties": { "内容": "ゆら博愛園デイサービスセンター【通所介護】和歌山県日高郡由良町大字吹井９１０番地の１", "url": "https://www.kaigokensaku.mhlw.go.jp/30/index.php?action_kouhyou_detail_004_kani=true&JigyosyoCd=3072100419-00&ServiceCd=150&Type=search", "url2": "http://www.hakuaikai.net/" }, "geometry": { "type": "Point", "coordinates": [ 135.106182900000022, 33.9699191 ] } },
{ "type": "Feature", "properties": { "内容": "社会福祉法人　由良町社会福祉協議会【通所介護】和歌山県日高郡由良町吹井80-88", "url": "https://www.kaigokensaku.mhlw.go.jp/30/index.php?action_kouhyou_detail_004_kani=true&JigyosyoCd=3072100088-00&ServiceCd=150&Type=search", "url2": "http://www.shakyo.or.jp/hp/news/detail.php?s=1302&a=13408" }, "geometry": { "type": "Point", "coordinates": [ 135.1089799, 33.970233 ] } },
{ "type": "Feature", "properties": { "内容": "特別養護老人ホーム　カルフール・ド・ルポ印南【通所介護】和歌山県日高郡印南町山口150番地1", "url": "https://www.kaigokensaku.mhlw.go.jp/30/index.php?action_kouhyou_detail_004_kani=true&JigyosyoCd=3072100203-00&ServiceCd=150&Type=search", "url2": "http://carrefour-inami.jp/" }, "geometry": { "type": "Point", "coordinates": [ 135.221591600000011, 33.8219697 ] } },
{ "type": "Feature", "properties": { "内容": "辻の郷デイサービスセンター【通所介護】和歌山県日高郡みなべ町東吉田282辻の郷", "url": "https://www.kaigokensaku.mhlw.go.jp/30/index.php?action_kouhyou_detail_004_kani=true&JigyosyoCd=3072101003-00&ServiceCd=150&Type=search", "url2": "https://care-net.biz/30/tujinosato/" }, "geometry": { "type": "Point", "coordinates": [ 135.325089199999979, 33.7761711 ] } },
{ "type": "Feature", "properties": { "内容": "みなべ町社協ゆうゆう館【通所介護】和歌山県日高郡みなべ町埴田1444番地1", "url": "https://www.kaigokensaku.mhlw.go.jp/30/index.php?action_kouhyou_detail_004_kani=true&JigyosyoCd=3072100187-00&ServiceCd=150&Type=search", "url2": "https://minabe-shakyo.or.jp/" }, "geometry": { "type": "Point", "coordinates": [ 135.326622600000064, 33.752263 ] } },
{ "type": "Feature", "properties": { "内容": "デイサービスセンター　虹【通所介護】和歌山県日高郡みなべ町埴田1450-１", "url": "https://www.kaigokensaku.mhlw.go.jp/30/index.php?action_kouhyou_detail_004_kani=true&JigyosyoCd=3072100609-00&ServiceCd=150&Type=search", "url2": "http://www.seieikai.or.jp/" }, "geometry": { "type": "Point", "coordinates": [ 135.327853, 33.7514575 ] } },
{ "type": "Feature", "properties": { "内容": "ときわ寮梅の里デイサービスセンター【通所介護】和歌山県日高郡みなべ町滝４３７番地", "url": "https://www.kaigokensaku.mhlw.go.jp/30/index.php?action_kouhyou_detail_004_kani=true&JigyosyoCd=3072100245-00&ServiceCd=150&Type=search", "url2": "http://www.tokiwa-roujin.jp/" }, "geometry": { "type": "Point", "coordinates": [ 135.34938139999997, 33.841553 ] } },
{ "type": "Feature", "properties": { "内容": "デイサービスセンター　バタフライヒルみなべ虹【通所介護】和歌山県日高郡みなべ町埴田1450-1", "url": "https://www.kaigokensaku.mhlw.go.jp/30/index.php?action_kouhyou_detail_004_kani=true&JigyosyoCd=3072101144-00&ServiceCd=150&Type=search", "url2": "https://www.zenkoukai.jp/" }, "geometry": { "type": "Point", "coordinates": [ 135.3277733, 33.7516441 ] } },
{ "type": "Feature", "properties": { "内容": "白寿苑デイサービスセンター【通所介護】和歌山県日高郡日高川町船津１６６４番地", "url": "https://www.kaigokensaku.mhlw.go.jp/30/index.php?action_kouhyou_detail_004_kani=true&JigyosyoCd=3072100260-00&ServiceCd=150&Type=search", "url2": "http://www.keiaikai-w.or.jp/" }, "geometry": { "type": "Point", "coordinates": [ 135.268708299999957, 33.9582033 ] } },
{ "type": "Feature", "properties": { "内容": "ときわ寮川辺園デイサービスセンター【通所介護】和歌山県日高郡日高川町大字和佐２０８１番地の１０", "url": "https://www.kaigokensaku.mhlw.go.jp/30/index.php?action_kouhyou_detail_004_kani=true&JigyosyoCd=3072100237-00&ServiceCd=150&Type=search", "url2": "http://www.tokiwa-roujin.jp/" }, "geometry": { "type": "Point", "coordinates": [ 135.212416399999938, 33.8978265 ] } },
{ "type": "Feature", "properties": { "内容": "はるす・デイサービス美山【通所介護】和歌山県日高郡日高川町川原河２６４", "url": "https://www.kaigokensaku.mhlw.go.jp/30/index.php?action_kouhyou_detail_004_kani=true&JigyosyoCd=3072100443-00&ServiceCd=150&Type=search", "url2": "https://hals-hals.co.jp/" }, "geometry": { "type": "Point", "coordinates": [ 135.367859899999985, 33.9829039 ] } },
{ "type": "Feature", "properties": { "内容": "博愛デイサービスセンター日高川【通所介護】和歌山県日高郡日高川町土生127番地6", "url": "https://www.kaigokensaku.mhlw.go.jp/30/index.php?action_kouhyou_detail_004_kani=true&JigyosyoCd=3072100997-00&ServiceCd=150&Type=search", "url2": "http://www.hakuaikai.net/" }, "geometry": { "type": "Point", "coordinates": [ 135.185694099999978, 33.911116 ] } },
{ "type": "Feature", "properties": { "内容": "デイサービスセンター南紀【通所介護】和歌山県西牟婁郡白浜町中１７００－１１８番地", "url": "https://www.kaigokensaku.mhlw.go.jp/30/index.php?action_kouhyou_detail_004_kani=true&JigyosyoCd=3072400355-00&ServiceCd=150&Type=search", "url2": null }, "geometry": { "type": "Point", "coordinates": [ 135.385692022035414, 33.65055648384476 ] } },
{ "type": "Feature", "properties": { "内容": "デイサービスセンター内の川【通所介護】和歌山県西牟婁郡白浜町保呂２５２", "url": "https://www.kaigokensaku.mhlw.go.jp/30/index.php?action_kouhyou_detail_004_kani=true&JigyosyoCd=3072401437-00&ServiceCd=150&Type=search", "url2": null }, "geometry": { "type": "Point", "coordinates": [ 135.414931, 33.6824223 ] } },
{ "type": "Feature", "properties": { "内容": "ケアセンターおたっしゃ俱楽部白浜ぬくもりの里【通所介護】和歌山県西牟婁郡白浜町才野1322", "url": "https://www.kaigokensaku.mhlw.go.jp/30/index.php?action_kouhyou_detail_004_kani=true&JigyosyoCd=3072401304-00&ServiceCd=150&Type=search", "url2": "http：//www.s-co-op.or.jp" }, "geometry": { "type": "Point", "coordinates": [ 135.379251100000033, 33.6619719 ] } },
{ "type": "Feature", "properties": { "内容": "デイサービスセンター　白浜　日置の郷【通所介護】和歌山県西牟婁郡白浜町日置2037", "url": "https://www.kaigokensaku.mhlw.go.jp/30/index.php?action_kouhyou_detail_004_kani=true&JigyosyoCd=3072400710-00&ServiceCd=150&Type=search", "url2": "http://www.sanyofukusikai/com/" }, "geometry": { "type": "Point", "coordinates": [ 135.430432699999983, 33.5723337 ] } },
{ "type": "Feature", "properties": { "内容": "デイサービスセンターぱる【通所介護】西牟婁郡白浜町2927-80", "url": "https://www.kaigokensaku.mhlw.go.jp/30/index.php?action_kouhyou_detail_004_kani=true&JigyosyoCd=3072400520-00&ServiceCd=150&Type=search", "url2": "http://www.icross.co.jp/" }, "geometry": { "type": "Point", "coordinates": [ 135.353988174066245, 33.67766851552998 ] } },
{ "type": "Feature", "properties": { "内容": "社会福祉法人　白浜町社会福祉協議会　日置川支部【通所介護】和歌山県　西牟婁郡　白浜町　日置１９７－１", "url": "https://www.kaigokensaku.mhlw.go.jp/30/index.php?action_kouhyou_detail_004_kani=true&JigyosyoCd=3072401080-00&ServiceCd=150&Type=search", "url2": "http://www.shirahama-syakyo.jp" }, "geometry": { "type": "Point", "coordinates": [ 135.442695500000013, 33.5726837 ] } },
{ "type": "Feature", "properties": { "内容": "デイサービスセンター愛の園【通所介護】上富田町生馬316-56", "url": "https://www.kaigokensaku.mhlw.go.jp/30/index.php?action_kouhyou_detail_004_kani=true&JigyosyoCd=3072400496-00&ServiceCd=150&Type=search", "url2": "http://www.shinai.or.jp" }, "geometry": { "type": "Point", "coordinates": [ 135.427685699999984, 33.7185325 ] } },
{ "type": "Feature", "properties": { "内容": "社会福祉法人　上富田町社会福祉協議会　デイサービスセンターくちくまの【通所介護】和歌山県西牟婁郡上富田町市ノ瀬２５０４番地の８", "url": "https://www.kaigokensaku.mhlw.go.jp/30/index.php?action_kouhyou_detail_004_kani=true&JigyosyoCd=3072400769-00&ServiceCd=150&Type=search", "url2": "http://kamitonda.shakyo-w.jp/" }, "geometry": { "type": "Point", "coordinates": [ 135.46336569999994, 33.7154526 ] } },
{ "type": "Feature", "properties": { "内容": "デイサービスセンター粋生【通所介護】和歌山県西牟婁郡上富田町市ノ瀬２０４２", "url": "https://www.kaigokensaku.mhlw.go.jp/30/index.php?action_kouhyou_detail_004_kani=true&JigyosyoCd=3072401338-00&ServiceCd=150&Type=search", "url2": null }, "geometry": { "type": "Point", "coordinates": [ 135.467173586371246, 33.716771594986874 ] } },
{ "type": "Feature", "properties": { "内容": "デイサービスセンターあやとり【通所介護】和歌山県西牟婁郡上富田岡１４０６－１", "url": "https://www.kaigokensaku.mhlw.go.jp/30/index.php?action_kouhyou_detail_004_kani=true&JigyosyoCd=3072400587-00&ServiceCd=150&Type=search", "url2": "https：//ayatori-fa.com/" }, "geometry": { "type": "Point", "coordinates": [ 135.44183306449699, 33.725231930227167 ] } },
{ "type": "Feature", "properties": { "内容": "デイサービスセンター愛の園【通所介護】和歌山県西牟婁郡上富田町生馬316-56", "url": "https://www.kaigokensaku.mhlw.go.jp/30/index.php?action_kouhyou_detail_004_kani=true&JigyosyoCd=3072401494-00&ServiceCd=150&Type=search", "url2": "https://sanyofukushikai.com" }, "geometry": { "type": "Point", "coordinates": [ 135.427786, 33.7187189 ] } },
{ "type": "Feature", "properties": { "内容": "上富田町社会福祉協議会　上富田福祉センター【通所介護】和歌山県西牟婁郡上富田町朝来７５５－１上富田福祉センター", "url": "https://www.kaigokensaku.mhlw.go.jp/30/index.php?action_kouhyou_detail_004_kani=true&JigyosyoCd=3072400058-00&ServiceCd=150&Type=search", "url2": "http://kamitonda.shakyo-w.jp/" }, "geometry": { "type": "Point", "coordinates": [ 135.430207699999983, 33.6963994 ] } },
{ "type": "Feature", "properties": { "内容": "社会福祉法人　すさみ町社会福祉協議会【通所介護】和歌山県西牟婁郡すさみ町周参見４１３３すさみ町地域福祉センター", "url": "https://www.kaigokensaku.mhlw.go.jp/30/index.php?action_kouhyou_detail_004_kani=true&JigyosyoCd=3072400801-00&ServiceCd=150&Type=search", "url2": "https://www.shakyo.or.jp/hp/index.php?s=1308" }, "geometry": { "type": "Point", "coordinates": [ 135.495598400000063, 33.5499592 ] } },
{ "type": "Feature", "properties": { "内容": "デイサービスえがおの杜【通所介護】和歌山県東牟婁郡那智勝浦町天満826-1", "url": "https://www.kaigokensaku.mhlw.go.jp/30/index.php?action_kouhyou_detail_004_kani=true&JigyosyoCd=3072501004-00&ServiceCd=150&Type=search", "url2": null }, "geometry": { "type": "Point", "coordinates": [ 135.938922199999979, 33.6323848 ] } },
{ "type": "Feature", "properties": { "内容": "ふれあいサロン「ゆかし庵」【通所介護】和歌山県東牟婁郡那智勝浦町湯川６１番地バーデンライフ・ケアセンター湯ごりの郷", "url": "https://www.kaigokensaku.mhlw.go.jp/30/index.php?action_kouhyou_detail_004_kani=true&JigyosyoCd=3072501061-00&ServiceCd=150&Type=search", "url2": "http://www.takasekai.or.jp/" }, "geometry": { "type": "Point", "coordinates": [ 135.9268803, 33.619264 ] } },
{ "type": "Feature", "properties": { "内容": "デイサービスセンター　やたがらす【通所介護】和歌山県東牟婁郡那智勝浦町宇久井1396-11", "url": "https://www.kaigokensaku.mhlw.go.jp/30/index.php?action_kouhyou_detail_004_kani=true&JigyosyoCd=3072501152-00&ServiceCd=150&Type=search", "url2": "https://tryad.co.jp/" }, "geometry": { "type": "Point", "coordinates": [ 135.965268251481632, 33.657658317207598 ] } },
{ "type": "Feature", "properties": { "内容": "デイサービスLino【通所介護】和歌山県那智勝浦町二河１５", "url": "https://www.kaigokensaku.mhlw.go.jp/30/index.php?action_kouhyou_detail_004_kani=true&JigyosyoCd=3072501103-00&ServiceCd=150&Type=search", "url2": "https://lino-kaigo.com/" }, "geometry": { "type": "Point", "coordinates": [ 135.9219645, 33.6132799 ] } },
{ "type": "Feature", "properties": { "内容": "那智勝浦町デイサービスセンターゆうゆう【通所介護】和歌山県東牟婁郡那智勝浦町庄520", "url": "https://www.kaigokensaku.mhlw.go.jp/30/index.php?action_kouhyou_detail_004_kani=true&JigyosyoCd=3072501053-00&ServiceCd=150&Type=search", "url2": null }, "geometry": { "type": "Point", "coordinates": [ 135.902643799999964, 33.5870338 ] } },
{ "type": "Feature", "properties": { "内容": "通所介護事業所　元気【通所介護】和歌山県東牟婁郡那智勝浦町宇久井1730-243", "url": "https://www.kaigokensaku.mhlw.go.jp/30/index.php?action_kouhyou_detail_004_kani=true&JigyosyoCd=3072501137-00&ServiceCd=150&Type=search", "url2": null }, "geometry": { "type": "Point", "coordinates": [ 135.960233499999987, 33.6585531 ] } },
{ "type": "Feature", "properties": { "内容": "明日葉の郷【通所介護】和歌山県東牟婁郡串本町潮岬2688番地の7", "url": "https://www.kaigokensaku.mhlw.go.jp/30/index.php?action_kouhyou_detail_004_kani=true&JigyosyoCd=3072501079-00&ServiceCd=150&Type=search", "url2": "https://ashitaba.c-co.jp/" }, "geometry": { "type": "Point", "coordinates": [ 135.763476429615707, 33.440904818043485 ] } },
{ "type": "Feature", "properties": { "内容": "串本町古座デイサービスセンター【通所介護】和歌山県東牟婁郡串本町上野山２９１－４古座福祉センター", "url": "https://www.kaigokensaku.mhlw.go.jp/30/index.php?action_kouhyou_detail_004_kani=true&JigyosyoCd=3072500766-00&ServiceCd=150&Type=search", "url2": null }, "geometry": { "type": "Point", "coordinates": [ 135.833458899999982, 33.5183381 ] } },
{ "type": "Feature", "properties": { "内容": "串本町社会福祉協議会【通所介護】和歌山県東牟婁郡串本町サンゴ台７８３番７串本町福祉総合センター", "url": "https://www.kaigokensaku.mhlw.go.jp/30/index.php?action_kouhyou_detail_004_kani=true&JigyosyoCd=3072400017-00&ServiceCd=150&Type=search", "url2": "http://k-sainantan.sakura.ne.jp/" }, "geometry": { "type": "Point", "coordinates": [ 135.78279903563535, 33.483694424704737 ] } },
{ "type": "Feature", "properties": { "内容": "にしき園指定通所介護事業所【通所介護】和歌山県東牟婁郡串本町二色160・165番地", "url": "https://www.kaigokensaku.mhlw.go.jp/30/index.php?action_kouhyou_detail_004_kani=true&JigyosyoCd=3072400298-00&ServiceCd=150&Type=search", "url2": "http://www2.ocn.ne.jp/~nisikien/" }, "geometry": { "type": "Point", "coordinates": [ 135.768860600000039, 33.489038 ] } }
]
}
