{
"type": "FeatureCollection",
"name": "geo_0_町丁目境界02",
"crs": { "type": "name", "properties": { "name": "urn:ogc:def:crs:EPSG::4612" } },
"features": [
{ "type": "Feature", "properties": { "CITY_NAME": "紀の川市", "S_NAME": "大字上野", "JINKO": 474, "medical_area": "30_那賀医療圏", "町丁目名": "紀の川市大字上野" }, "geometry": { "type": "Polygon", "coordinates": [ [ [ 135.36238630823695, 34.264350907071616 ], [ 135.362929246649287, 34.263630084530412 ], [ 135.364986568979504, 34.26387893562643 ], [ 135.365129272733327, 34.262281670416073 ], [ 135.362937182346286, 34.262191727068313 ], [ 135.362944559113402, 34.25869119391885 ], [ 135.363758725020205, 34.258598917461306 ], [ 135.363367299649866, 34.258494479031405 ], [ 135.362784828795128, 34.257719502217512 ], [ 135.361652585077763, 34.257617129937046 ], [ 135.362617987703374, 34.256723543674831 ], [ 135.362229836739346, 34.256184821506402 ], [ 135.362492710594182, 34.255999253369318 ], [ 135.361895810941178, 34.254726789234979 ], [ 135.361072185487302, 34.253556538545944 ], [ 135.360558305092439, 34.252123350989564 ], [ 135.35722083648983, 34.253170003262042 ], [ 135.358055386906955, 34.256116280232703 ], [ 135.358472612444672, 34.256496980225108 ], [ 135.358477356701798, 34.256828609660523 ], [ 135.358171507196772, 34.256935617014229 ], [ 135.358133788764547, 34.257122351299351 ], [ 135.35805783935848, 34.259479951186883 ], [ 135.358639316957266, 34.259422706772405 ], [ 135.358985709748737, 34.261164247017987 ], [ 135.359350783413788, 34.261871766045651 ], [ 135.359618291878689, 34.262036008408032 ], [ 135.361344599299315, 34.262097675065938 ], [ 135.361413622263996, 34.264267535950189 ], [ 135.36238630823695, 34.264350907071616 ] ] ] } },
{ "type": "Feature", "properties": { "CITY_NAME": "紀の川市", "S_NAME": "大字打田", "JINKO": 1551, "medical_area": "30_那賀医療圏", "町丁目名": "紀の川市大字打田" }, "geometry": { "type": "Polygon", "coordinates": [ [ [ 135.371966315538998, 34.266881743560511 ], [ 135.372184015620746, 34.26543868097751 ], [ 135.376552279787774, 34.265554265233078 ], [ 135.376654181736541, 34.263552772986856 ], [ 135.37655399020332, 34.262855676166183 ], [ 135.377343218789122, 34.262202382216216 ], [ 135.377150811466066, 34.261700906487569 ], [ 135.37667807588204, 34.261291408673486 ], [ 135.37662395789863, 34.260748376251094 ], [ 135.377358431674992, 34.260420210624105 ], [ 135.377336212335905, 34.260194148056399 ], [ 135.376610925599749, 34.260051865021666 ], [ 135.376316239276093, 34.259628194264799 ], [ 135.376292685905128, 34.258880214175427 ], [ 135.375543315950779, 34.258559886278348 ], [ 135.375536147392921, 34.257909186344683 ], [ 135.374821155867153, 34.258076427522681 ], [ 135.374657712410453, 34.257509454684474 ], [ 135.374418842235144, 34.257490773374528 ], [ 135.374325104933945, 34.257766817150731 ], [ 135.373167319143619, 34.257805018525616 ], [ 135.373203250170775, 34.256002102998636 ], [ 135.371842651089736, 34.256122928828304 ], [ 135.371853610871256, 34.255776874711678 ], [ 135.372219258316932, 34.255484471894221 ], [ 135.372094072914621, 34.255023478116101 ], [ 135.371891869328948, 34.25487171624502 ], [ 135.371222693620069, 34.255007046308577 ], [ 135.370784494126212, 34.25435343144477 ], [ 135.369189545910018, 34.255439930419371 ], [ 135.366992294970089, 34.256450762179519 ], [ 135.365937902293155, 34.254667149004092 ], [ 135.364392238034213, 34.253536721859106 ], [ 135.36279512438324, 34.251514179444897 ], [ 135.360558305092439, 34.252123350989564 ], [ 135.361072185487302, 34.253556538545944 ], [ 135.361895810941178, 34.254726789234979 ], [ 135.362492710594182, 34.255999253369318 ], [ 135.362229836739346, 34.256184821506402 ], [ 135.362617987703374, 34.256723543674831 ], [ 135.361652585077763, 34.257617129937046 ], [ 135.362784828795128, 34.257719502217512 ], [ 135.363367299649866, 34.258494479031405 ], [ 135.363758725020205, 34.258598917461306 ], [ 135.362944559113402, 34.25869119391885 ], [ 135.362937182346286, 34.262191727068313 ], [ 135.368079642884567, 34.262577198065792 ], [ 135.367918068734809, 34.262811615873616 ], [ 135.367252550810093, 34.26305527477534 ], [ 135.367222828009034, 34.263513645360121 ], [ 135.368325991858057, 34.265575703700726 ], [ 135.368021793100837, 34.26643653155039 ], [ 135.371966315538998, 34.266881743560511 ] ], [ [ 135.370298851371047, 34.257161246966859 ], [ 135.369824748345337, 34.256453210619171 ], [ 135.369956802500667, 34.256279071525022 ], [ 135.36982945198352, 34.255820036214907 ], [ 135.370891039754895, 34.255656718399926 ], [ 135.370951746446025, 34.256284170549208 ], [ 135.371837549565925, 34.256324906299668 ], [ 135.37184564665165, 34.256886726044876 ], [ 135.371677937708569, 34.256738521327016 ], [ 135.371092626505998, 34.256875830107127 ], [ 135.371182252653398, 34.25752160175881 ], [ 135.370317248790286, 34.257619723044769 ], [ 135.370298851371047, 34.257161246966859 ] ] ] } },
{ "type": "Feature", "properties": { "CITY_NAME": "紀の川市", "S_NAME": "大字打田", "JINKO": 0, "medical_area": "30_那賀医療圏", "町丁目名": "紀の川市大字打田" }, "geometry": { "type": "Polygon", "coordinates": [ [ [ 135.366303417143513, 34.264338197230806 ], [ 135.366586216089814, 34.263736882145928 ], [ 135.366767636319679, 34.263747959205027 ], [ 135.36693017007056, 34.263045585116487 ], [ 135.366774846784551, 34.262783476288497 ], [ 135.365104350475264, 34.262703581130381 ], [ 135.365069282824066, 34.263505500776944 ], [ 135.365679677027657, 34.263611766809319 ], [ 135.365823435887876, 34.263803383527637 ], [ 135.365675464570387, 34.264174228855097 ], [ 135.36580465354416, 34.264697373254798 ], [ 135.366483186566256, 34.264570146590863 ], [ 135.366303417143513, 34.264338197230806 ] ] ] } },
{ "type": "Feature", "properties": { "CITY_NAME": "紀の川市", "S_NAME": "大字打田", "JINKO": 143, "medical_area": "30_那賀医療圏", "町丁目名": "紀の川市大字打田" }, "geometry": { "type": "Polygon", "coordinates": [ [ [ 135.370317248790286, 34.257619723044769 ], [ 135.371182252653398, 34.25752160175881 ], [ 135.371092626505998, 34.256875830107127 ], [ 135.371677937708569, 34.256738521327016 ], [ 135.37184564665165, 34.256886726044876 ], [ 135.371837549565925, 34.256324906299668 ], [ 135.370951746446025, 34.256284170549208 ], [ 135.370891039754895, 34.255656718399926 ], [ 135.370084384009743, 34.25572484913188 ], [ 135.369777701889973, 34.255946409981718 ], [ 135.369956802500667, 34.256279071525022 ], [ 135.369824748345337, 34.256453210619171 ], [ 135.370298851371047, 34.257161246966859 ], [ 135.370317248790286, 34.257619723044769 ] ] ] } },
{ "type": "Feature", "properties": { "CITY_NAME": "紀の川市", "S_NAME": "大字窪", "JINKO": 194, "medical_area": "30_那賀医療圏", "町丁目名": "紀の川市大字窪" }, "geometry": { "type": "Polygon", "coordinates": [ [ [ 135.369463283728209, 34.25525130632564 ], [ 135.370784494126212, 34.25435343144477 ], [ 135.371222693620069, 34.255007046308577 ], [ 135.371608734541695, 34.254858294703119 ], [ 135.372094072914621, 34.255023478116101 ], [ 135.372219258316932, 34.255484471894221 ], [ 135.371853610871256, 34.255776874711678 ], [ 135.371842651089736, 34.256122928828304 ], [ 135.373203250170775, 34.256002102998636 ], [ 135.373102950362153, 34.254784219096415 ], [ 135.372936149682999, 34.254294982286893 ], [ 135.372545824865057, 34.254042108644065 ], [ 135.371849083882324, 34.246537405093278 ], [ 135.371636842695324, 34.246547023869439 ], [ 135.371012139876285, 34.247133912430961 ], [ 135.371342008454661, 34.248163225150037 ], [ 135.365105695925394, 34.250736450857453 ], [ 135.36279512438324, 34.251514179444897 ], [ 135.364392238034213, 34.253536721859106 ], [ 135.365937902293155, 34.254667149004092 ], [ 135.366992294970089, 34.256450762179519 ], [ 135.369463283728209, 34.25525130632564 ] ] ] } },
{ "type": "Feature", "properties": { "CITY_NAME": "紀の川市", "S_NAME": "大字窪", "JINKO": 79, "medical_area": "30_那賀医療圏", "町丁目名": "紀の川市大字窪" }, "geometry": { "type": "Polygon", "coordinates": [ [ [ 135.376596359174215, 34.257850465370346 ], [ 135.377202393903985, 34.256515298620116 ], [ 135.377216894537412, 34.255811461086452 ], [ 135.377512493568986, 34.254884784620593 ], [ 135.377109854793133, 34.253892594074941 ], [ 135.376179694612318, 34.253702219795059 ], [ 135.375524729047385, 34.254085717606856 ], [ 135.375025374152898, 34.254848935347802 ], [ 135.374894610184413, 34.256155516790123 ], [ 135.375166415311327, 34.257201143672162 ], [ 135.375536147392921, 34.257909186344683 ], [ 135.376596359174215, 34.257850465370346 ] ] ] } },
{ "type": "Feature", "properties": { "CITY_NAME": "紀の川市", "S_NAME": "大字窪", "JINKO": 247, "medical_area": "30_那賀医療圏", "町丁目名": "紀の川市大字窪" }, "geometry": { "type": "Polygon", "coordinates": [ [ [ 135.379349765827726, 34.258262186341931 ], [ 135.379519539788532, 34.257910593933431 ], [ 135.37921511975955, 34.257332491932601 ], [ 135.379187816903595, 34.256670421807257 ], [ 135.379590049605298, 34.256621737981789 ], [ 135.379476362630442, 34.256200960202641 ], [ 135.379637319919823, 34.25598131475499 ], [ 135.381925731701813, 34.255364422838362 ], [ 135.38209987566529, 34.255155828819454 ], [ 135.380073076615872, 34.252681878073034 ], [ 135.378862511067325, 34.250271602626057 ], [ 135.378154026668454, 34.249473536697728 ], [ 135.376874750255809, 34.248652293169663 ], [ 135.378343972744943, 34.24732332157464 ], [ 135.381712190615247, 34.24800306754269 ], [ 135.382083055076492, 34.247935341409367 ], [ 135.38231045725243, 34.24759234536473 ], [ 135.382783305897078, 34.247444553604097 ], [ 135.383077966370962, 34.247981184563145 ], [ 135.384474624874883, 34.247788991368218 ], [ 135.385735196427817, 34.247262250023986 ], [ 135.386067003245756, 34.248094316057816 ], [ 135.386548874681637, 34.248094183633334 ], [ 135.386647841835298, 34.247722084138765 ], [ 135.386944254307252, 34.247528038024164 ], [ 135.387310702422809, 34.247630442609541 ], [ 135.387372831840878, 34.247935446390017 ], [ 135.388159777492973, 34.247786380273197 ], [ 135.388382360398424, 34.247502935730182 ], [ 135.388385542226843, 34.247133035171601 ], [ 135.388610847719178, 34.246936377712835 ], [ 135.388739075086363, 34.246927435787228 ], [ 135.388709743368423, 34.2473010104192 ], [ 135.388921992143139, 34.247614365869914 ], [ 135.391196597567784, 34.24702413872042 ], [ 135.391962976551923, 34.246294715852557 ], [ 135.392503591755599, 34.245318220236406 ], [ 135.392619238524532, 34.243392868343904 ], [ 135.392228727378011, 34.241717731708654 ], [ 135.392722049267064, 34.240341934596252 ], [ 135.392597642130568, 34.239358919524129 ], [ 135.392055579364808, 34.237596820534272 ], [ 135.391216465613496, 34.237819179768096 ], [ 135.389628109447358, 34.237478433727929 ], [ 135.387490069525484, 34.237675856119985 ], [ 135.3860092322669, 34.236550829207282 ], [ 135.386121080289371, 34.236915950191886 ], [ 135.386927744670572, 34.23756204901823 ], [ 135.387115852698201, 34.237943469317315 ], [ 135.387008835105547, 34.238228331357675 ], [ 135.386399105671188, 34.238066673137254 ], [ 135.386164115104748, 34.237566125603415 ], [ 135.385904757689332, 34.23779472484361 ], [ 135.3858260302286, 34.238119452559467 ], [ 135.385779817246828, 34.239228831781929 ], [ 135.38546678861772, 34.238957788037737 ], [ 135.385280877408178, 34.239583153485455 ], [ 135.384669686155092, 34.239627568276106 ], [ 135.384170543314127, 34.240667489448299 ], [ 135.383623767000074, 34.241037205887388 ], [ 135.383461983301743, 34.240973006202438 ], [ 135.383399132767238, 34.240425844963056 ], [ 135.383092399120216, 34.240606590965875 ], [ 135.383165325452609, 34.241074634950422 ], [ 135.382403627166383, 34.240809225777696 ], [ 135.381772590152309, 34.240956646062223 ], [ 135.381423542127266, 34.24039212872016 ], [ 135.380887976827751, 34.240532135028815 ], [ 135.38054633203609, 34.240260938119022 ], [ 135.379778305579237, 34.240213402847324 ], [ 135.379148096062892, 34.240241922155136 ], [ 135.378640556564136, 34.24046925648009 ], [ 135.378298875766944, 34.240198052773543 ], [ 135.377811928739732, 34.240219399988931 ], [ 135.377690640626355, 34.239838305159246 ], [ 135.377034138259404, 34.239549589044223 ], [ 135.376700186947573, 34.239532121831274 ], [ 135.376274712597478, 34.240282900025015 ], [ 135.376318411283592, 34.239530188546944 ], [ 135.375701695202849, 34.239673564443734 ], [ 135.375131053560182, 34.239393303625427 ], [ 135.374072011483662, 34.239332422264695 ], [ 135.372797787614104, 34.238675979761503 ], [ 135.372646375804862, 34.238500814951685 ], [ 135.372659078611662, 34.238072785966146 ], [ 135.372393133345497, 34.237897037834657 ], [ 135.371560117040673, 34.238249587350111 ], [ 135.370921237523845, 34.238813015247068 ], [ 135.370262969929655, 34.238770050469448 ], [ 135.369449121070545, 34.237830508170426 ], [ 135.368631933477133, 34.237342701956038 ], [ 135.368253623724343, 34.236873072666647 ], [ 135.366878302030472, 34.236362651116536 ], [ 135.366701040900551, 34.23581474445043 ], [ 135.365893200239441, 34.235358659972512 ], [ 135.365852441962517, 34.234431115508301 ], [ 135.365997367556957, 34.234193939284665 ], [ 135.365092427973082, 34.233321362977989 ], [ 135.364774894011759, 34.232392240884764 ], [ 135.364332913025635, 34.232786350667887 ], [ 135.364259924114407, 34.232341955535851 ], [ 135.363779245994095, 34.232169148956743 ], [ 135.363601058092542, 34.231748013954913 ], [ 135.362860865624384, 34.231189284555143 ], [ 135.361792579638575, 34.231104553285931 ], [ 135.360433084133717, 34.230407768961555 ], [ 135.359955927655392, 34.230405275680262 ], [ 135.359719445841733, 34.230126528785846 ], [ 135.358991328094504, 34.229838729308973 ], [ 135.358913970738314, 34.231327302104418 ], [ 135.35699657999379, 34.234804442989585 ], [ 135.356716329884023, 34.235616485026085 ], [ 135.356651100869612, 34.236484172030124 ], [ 135.357102968502232, 34.236196215642551 ], [ 135.357448364732079, 34.235644698140057 ], [ 135.357715068496475, 34.235600878469249 ], [ 135.358341122430318, 34.233939943420097 ], [ 135.358705359778952, 34.233473746759621 ], [ 135.359614796226651, 34.232647383118234 ], [ 135.359946167629005, 34.232534448258363 ], [ 135.360007630854966, 34.232638025909054 ], [ 135.358829986168473, 34.233960253205439 ], [ 135.358923080999659, 34.234635499224076 ], [ 135.358437827994351, 34.234910609328665 ], [ 135.35800488248708, 34.236083181099978 ], [ 135.356877330298829, 34.237550885804609 ], [ 135.356434983124842, 34.238947240433895 ], [ 135.356905909849701, 34.239385277966662 ], [ 135.358165030472463, 34.238885603638565 ], [ 135.358532113160635, 34.238589732650091 ], [ 135.358810604134248, 34.238019970852513 ], [ 135.359341551625192, 34.237625501802206 ], [ 135.359854976665531, 34.236636193913071 ], [ 135.360145865197467, 34.236591087151503 ], [ 135.360123433863009, 34.237007234355261 ], [ 135.36030679952907, 34.237129197734809 ], [ 135.361278071990711, 34.236873379193831 ], [ 135.360768421213407, 34.237386015720595 ], [ 135.359470226332888, 34.238083010357755 ], [ 135.359397449805783, 34.238275477428843 ], [ 135.359712949266424, 34.238470116523118 ], [ 135.361197553096105, 34.23774563563957 ], [ 135.361755095340015, 34.237715578811027 ], [ 135.360959007995262, 34.238204747619911 ], [ 135.36038917686372, 34.238289535070713 ], [ 135.359765789824223, 34.238643660300681 ], [ 135.360198554762576, 34.239224747417268 ], [ 135.360046547910457, 34.239408349697236 ], [ 135.35857810222592, 34.239966112051995 ], [ 135.357959546052996, 34.240397307300164 ], [ 135.358223204171821, 34.240746914851144 ], [ 135.358539305899114, 34.241905660076398 ], [ 135.359334825486144, 34.243288076184733 ], [ 135.36010667064582, 34.242562836701566 ], [ 135.360222021059542, 34.241808950550237 ], [ 135.360655505805084, 34.24122252578799 ], [ 135.360637810709846, 34.242006222032408 ], [ 135.359905433753624, 34.243784519162489 ], [ 135.360442658272348, 34.243985664497856 ], [ 135.360358319603023, 34.244518690875339 ], [ 135.360925188412551, 34.244827329519374 ], [ 135.361428059692543, 34.244382412635368 ], [ 135.36172323835396, 34.245061381966629 ], [ 135.362263181957815, 34.2456645688451 ], [ 135.362937577665832, 34.246147868614422 ], [ 135.363138010344073, 34.245812940518704 ], [ 135.363637243833836, 34.246247995494194 ], [ 135.363916999143839, 34.247093100969074 ], [ 135.364852605180403, 34.247311081081556 ], [ 135.364854718400835, 34.247448155895249 ], [ 135.3683825665629, 34.247277045231286 ], [ 135.369320922990539, 34.247509091758516 ], [ 135.371012139876285, 34.247133912430961 ], [ 135.371636842695324, 34.246547023869439 ], [ 135.371849083882324, 34.246537405093278 ], [ 135.372545824865057, 34.254042108644065 ], [ 135.372936149682999, 34.254294982286893 ], [ 135.373151354475453, 34.255190303295663 ], [ 135.373167319143619, 34.257805018525616 ], [ 135.374325104933945, 34.257766817150731 ], [ 135.374418842235144, 34.257490773374528 ], [ 135.374657712410453, 34.257509454684474 ], [ 135.374821155867153, 34.258076427522681 ], [ 135.375536147392921, 34.257909186344683 ], [ 135.375166415311327, 34.257201143672162 ], [ 135.374894610184413, 34.256155516790123 ], [ 135.374939244286679, 34.25515798267088 ], [ 135.375524729047385, 34.254085717606856 ], [ 135.376449926691834, 34.253688093636264 ], [ 135.377109854793133, 34.253892594074941 ], [ 135.377512493568958, 34.254884784620593 ], [ 135.377216894537412, 34.255811461086452 ], [ 135.377202393903985, 34.256515298620116 ], [ 135.376596359174215, 34.257850465370346 ], [ 135.379349765827726, 34.258262186341931 ] ] ] } },
{ "type": "Feature", "properties": { "CITY_NAME": "紀の川市", "S_NAME": "大字高野", "JINKO": 0, "medical_area": "30_那賀医療圏", "町丁目名": "紀の川市大字高野" }, "geometry": { "type": "Polygon", "coordinates": [ [ [ 135.414774343599532, 34.238110435685769 ], [ 135.415233935693038, 34.236725105538127 ], [ 135.415403928212555, 34.235327329605717 ], [ 135.416679387220199, 34.233191245138329 ], [ 135.416196955327734, 34.23208643794446 ], [ 135.41533200205788, 34.231787769058776 ], [ 135.414194589650265, 34.230904637018405 ], [ 135.413432176785847, 34.229296607864249 ], [ 135.412369761030874, 34.228230006543015 ], [ 135.410594904998305, 34.22828838565723 ], [ 135.409670019495422, 34.228671570344019 ], [ 135.409207506684112, 34.228696527308429 ], [ 135.408795026938265, 34.228354930878794 ], [ 135.408507557483233, 34.227446688523855 ], [ 135.408207577366284, 34.227355089359669 ], [ 135.405770198605893, 34.228846406685996 ], [ 135.403720310925223, 34.230921036005782 ], [ 135.403720298679133, 34.231962412765974 ], [ 135.404270286028066, 34.232945603832796 ], [ 135.404695261446051, 34.234870251100716 ], [ 135.404945267943532, 34.235186843780347 ], [ 135.40765546992597, 34.236758938718289 ], [ 135.40846851438954, 34.237084727646895 ], [ 135.409465618074108, 34.237215306312869 ], [ 135.410112804595713, 34.237684697529787 ], [ 135.411505024956085, 34.238005833164884 ], [ 135.413011515330567, 34.237909548466796 ], [ 135.414774343599532, 34.238110435685769 ] ] ] } },
{ "type": "Feature", "properties": { "CITY_NAME": "紀の川市", "S_NAME": "大字高野", "JINKO": 158, "medical_area": "30_那賀医療圏", "町丁目名": "紀の川市大字高野" }, "geometry": { "type": "Polygon", "coordinates": [ [ [ 135.383165325452609, 34.241074634950422 ], [ 135.383227405209851, 34.240416955403987 ], [ 135.383484527211351, 34.240497551879699 ], [ 135.383461983301743, 34.240973006202438 ], [ 135.383623767000074, 34.241037205887388 ], [ 135.384064566232183, 34.240801769131551 ], [ 135.384669686155092, 34.239627568276106 ], [ 135.385280877408178, 34.239583153485455 ], [ 135.38546678861772, 34.238957788037737 ], [ 135.385779817246828, 34.239228831781929 ], [ 135.3858260302286, 34.238119452559467 ], [ 135.385904757689332, 34.23779472484361 ], [ 135.386164115104748, 34.237566125603415 ], [ 135.386399105671188, 34.238066673137254 ], [ 135.387008835105547, 34.238228331357675 ], [ 135.387115852698201, 34.237943469317315 ], [ 135.386927744670572, 34.23756204901823 ], [ 135.386121080289371, 34.236915950191886 ], [ 135.3860092322669, 34.236550829207282 ], [ 135.387490069525484, 34.237675856119985 ], [ 135.38775701393871, 34.237716910746471 ], [ 135.388024355907845, 34.237532861643757 ], [ 135.38798875808908, 34.234656365977408 ], [ 135.388205261162938, 34.234158222924336 ], [ 135.388013429657036, 34.233840041570737 ], [ 135.38767726115978, 34.234220811544468 ], [ 135.387041549726092, 34.234295538189251 ], [ 135.386812611547953, 34.234512452983033 ], [ 135.386205153079601, 34.234022451213242 ], [ 135.385729254115063, 34.23416290809174 ], [ 135.385572764219376, 34.233890116895573 ], [ 135.385267571032585, 34.233909437459175 ], [ 135.384999173169945, 34.233561425870057 ], [ 135.383499063978519, 34.233244716579101 ], [ 135.383192646504426, 34.233385875799378 ], [ 135.382575842902952, 34.234207123046033 ], [ 135.381077606798044, 34.234167901298846 ], [ 135.380470675761671, 34.233633782926866 ], [ 135.379775064486353, 34.23347969202603 ], [ 135.380565398166482, 34.233379434190695 ], [ 135.380565211560793, 34.2331205223729 ], [ 135.380190404517037, 34.23280746177204 ], [ 135.38026056869225, 34.232536789904614 ], [ 135.381447502707573, 34.232219339878043 ], [ 135.381091222211751, 34.231651267778695 ], [ 135.381250962942744, 34.23068503097987 ], [ 135.381557126049216, 34.230583458952268 ], [ 135.381421898875516, 34.229496987802932 ], [ 135.381833460948741, 34.229332416399309 ], [ 135.382726636316988, 34.229875999615309 ], [ 135.383013425928482, 34.229814051263531 ], [ 135.382770216617473, 34.229131042596421 ], [ 135.382023623564038, 34.228774561041241 ], [ 135.382063845568837, 34.22849739981509 ], [ 135.381701970360382, 34.228384575914966 ], [ 135.381627442251727, 34.228138530200127 ], [ 135.381177570276293, 34.228318544677805 ], [ 135.380148102283215, 34.228146986775904 ], [ 135.379259051099126, 34.228348441167093 ], [ 135.3788402317372, 34.228195736663871 ], [ 135.377923545017012, 34.228262372733106 ], [ 135.37661605970402, 34.228909784296498 ], [ 135.3762404907921, 34.229367666224775 ], [ 135.375638284518089, 34.229491386248398 ], [ 135.374831299216851, 34.228916627857927 ], [ 135.37440938331261, 34.229183958067104 ], [ 135.37361733035371, 34.229171890868713 ], [ 135.373237776584403, 34.228876668261321 ], [ 135.37245391446811, 34.229047058188556 ], [ 135.37128094034162, 34.228284160384639 ], [ 135.369296759866302, 34.225610416570476 ], [ 135.36881627635924, 34.226051957880792 ], [ 135.368467297441697, 34.22677943371086 ], [ 135.367805319055549, 34.229165846202001 ], [ 135.367968996194946, 34.230260813311133 ], [ 135.367502983772027, 34.231173626521326 ], [ 135.366634730181715, 34.231991807831569 ], [ 135.366666380200968, 34.23279449719832 ], [ 135.365852441962517, 34.234431115508301 ], [ 135.365893200239441, 34.235358659972512 ], [ 135.366701040900551, 34.23581474445043 ], [ 135.366878302030472, 34.236362651116536 ], [ 135.368253623724343, 34.236873072666647 ], [ 135.368631933477133, 34.237342701956038 ], [ 135.369449121070545, 34.237830508170426 ], [ 135.370262969929655, 34.238770050469448 ], [ 135.370921237523845, 34.238813015247068 ], [ 135.371560117040673, 34.238249587350111 ], [ 135.372393133345497, 34.237897037834657 ], [ 135.372659078611662, 34.238072785966146 ], [ 135.372646375804862, 34.238500814951685 ], [ 135.372797787614104, 34.238675979761503 ], [ 135.374072011483662, 34.239332422264695 ], [ 135.375131053560182, 34.239393303625427 ], [ 135.375701695202849, 34.239673564443734 ], [ 135.376318411283592, 34.239530188546944 ], [ 135.376274712597478, 34.240282900025015 ], [ 135.376700186947573, 34.239532121831274 ], [ 135.377034138259404, 34.239549589044223 ], [ 135.377690640626355, 34.239838305159246 ], [ 135.377811928739732, 34.240219399988931 ], [ 135.378298875766944, 34.240198052773543 ], [ 135.378640556564136, 34.24046925648009 ], [ 135.379148096062892, 34.240241922155136 ], [ 135.380312611138095, 34.240239900303095 ], [ 135.380717653919987, 34.240325190089038 ], [ 135.380887976827751, 34.240532135028815 ], [ 135.38152819139259, 34.240440126620797 ], [ 135.381772590152309, 34.240956646062223 ], [ 135.382403627166383, 34.240809225777696 ], [ 135.383165325452609, 34.241074634950422 ] ] ] } },
{ "type": "Feature", "properties": { "CITY_NAME": "紀の川市", "S_NAME": "大字竹房", "JINKO": 60, "medical_area": "30_那賀医療圏", "町丁目名": "紀の川市大字竹房" }, "geometry": { "type": "Polygon", "coordinates": [ [ [ 135.388013429656979, 34.233840041570737 ], [ 135.387754310520478, 34.233297691436555 ], [ 135.387845332383648, 34.232830054239557 ], [ 135.387336125005504, 34.232234617515786 ], [ 135.387422438145649, 34.229816553290775 ], [ 135.387205931953702, 34.228577558015921 ], [ 135.386412938752756, 34.227387651472391 ], [ 135.385779673971172, 34.225766924080624 ], [ 135.385430805886983, 34.225515561415264 ], [ 135.383686472525085, 34.22512703063687 ], [ 135.383287697105857, 34.224854563109439 ], [ 135.382748559658381, 34.224935102261206 ], [ 135.382201081122162, 34.22444339839015 ], [ 135.381111515633876, 34.224437903271578 ], [ 135.379285262823828, 34.224126934553496 ], [ 135.379140526294805, 34.223366928034579 ], [ 135.379369047350224, 34.222093662092227 ], [ 135.379011447259245, 34.221332576564627 ], [ 135.378843113123793, 34.22037453093013 ], [ 135.378057562069586, 34.219054700312746 ], [ 135.378543040138567, 34.217746394842926 ], [ 135.378777968029993, 34.216447239699079 ], [ 135.377350237980124, 34.216460828784697 ], [ 135.377347106804848, 34.216887360344508 ], [ 135.376841572477218, 34.217519254864413 ], [ 135.376679010841997, 34.217487295569939 ], [ 135.376795743712279, 34.216936533000087 ], [ 135.375837792846596, 34.216078552528188 ], [ 135.376442395059229, 34.215603108107693 ], [ 135.37683765743563, 34.215495950270174 ], [ 135.378653436014162, 34.215494765950751 ], [ 135.378944571841089, 34.215069698141939 ], [ 135.378936405477702, 34.214476744861386 ], [ 135.379965496919652, 34.214169947747735 ], [ 135.380269352593274, 34.213713810231667 ], [ 135.38132427486201, 34.213292608710972 ], [ 135.381760604640959, 34.212707119472576 ], [ 135.383414068125433, 34.212632080444095 ], [ 135.383230919015404, 34.211986268150696 ], [ 135.383407528574281, 34.211810371823283 ], [ 135.384008463257686, 34.211823686495265 ], [ 135.384949615087578, 34.211547680923189 ], [ 135.386449517874496, 34.209334156839049 ], [ 135.387098104195189, 34.207953947934456 ], [ 135.387101107978651, 34.207537838248797 ], [ 135.386615272327845, 34.206323503835222 ], [ 135.385243383173759, 34.205567597711195 ], [ 135.385587373561577, 34.204747362260363 ], [ 135.385243837444307, 34.203778285023596 ], [ 135.385447988210473, 34.202380085380639 ], [ 135.38486037134993, 34.20226273918847 ], [ 135.384642296667494, 34.20125261910291 ], [ 135.384054472346747, 34.201166404465141 ], [ 135.382099610226362, 34.201395859973054 ], [ 135.381528069407437, 34.200789642533181 ], [ 135.380512846329424, 34.200940435351789 ], [ 135.380011218607081, 34.201910560208646 ], [ 135.379572223357599, 34.204586911256818 ], [ 135.378294356991461, 34.204684512372005 ], [ 135.37792585825207, 34.205421213408648 ], [ 135.377623927902732, 34.205617313681749 ], [ 135.376948348565264, 34.205541038449574 ], [ 135.376612147425391, 34.205289701707017 ], [ 135.375772386683849, 34.205399796885608 ], [ 135.375099672788167, 34.205786564566367 ], [ 135.37426562036768, 34.206822613949853 ], [ 135.373489686703323, 34.206983170954288 ], [ 135.373520671168649, 34.207672041319753 ], [ 135.373949556972377, 34.208948405665069 ], [ 135.374681436390972, 34.209136412234749 ], [ 135.37580564993462, 34.210423792171746 ], [ 135.376131131589119, 34.212273091090751 ], [ 135.376203512984745, 34.213861465870536 ], [ 135.376153757224245, 34.214280435154294 ], [ 135.375269197256443, 34.215734044348387 ], [ 135.375593470253847, 34.216056316121708 ], [ 135.375524200391425, 34.216245993504202 ], [ 135.374872176217934, 34.21607362101139 ], [ 135.374063048055632, 34.216210492049747 ], [ 135.373820952973432, 34.21739606950284 ], [ 135.373605139640375, 34.217324670913847 ], [ 135.373388994362131, 34.216724732331052 ], [ 135.373115355311995, 34.216441593340996 ], [ 135.372051631508697, 34.216242585807308 ], [ 135.371249956506347, 34.216558529291994 ], [ 135.371196220335094, 34.217972855221248 ], [ 135.370502579969752, 34.219168929792012 ], [ 135.370422668669107, 34.219995839598269 ], [ 135.370047747314857, 34.220214794116259 ], [ 135.368919941251704, 34.220447620656429 ], [ 135.36850632647014, 34.220982479651937 ], [ 135.367141513654161, 34.221561308279021 ], [ 135.366600322086299, 34.22198139711881 ], [ 135.366189758264625, 34.223114108062823 ], [ 135.365098656154288, 34.223529089882838 ], [ 135.364240847672164, 34.223408564771624 ], [ 135.363725784082902, 34.225607657550924 ], [ 135.363785495481181, 34.227265561955626 ], [ 135.361298821712296, 34.227717620726182 ], [ 135.361474415684711, 34.229228925028778 ], [ 135.359363192324622, 34.229370456789695 ], [ 135.360076276301442, 34.22995935228036 ], [ 135.359353206482695, 34.229956839282536 ], [ 135.35995592765542, 34.230405275680262 ], [ 135.360433084133717, 34.230407768961555 ], [ 135.361792579638546, 34.231104553285924 ], [ 135.362860865624384, 34.231189284555143 ], [ 135.363202937301168, 34.231389266044417 ], [ 135.363601058092513, 34.231748013954906 ], [ 135.363779245994095, 34.232169148956707 ], [ 135.364259924114407, 34.232341955535851 ], [ 135.364332913025635, 34.232786350667901 ], [ 135.364774894011759, 34.232392240884764 ], [ 135.365092427973082, 34.233321362977989 ], [ 135.365997367556957, 34.234193939284665 ], [ 135.366666380200968, 34.232794497198299 ], [ 135.366649574065718, 34.231957231073714 ], [ 135.367502983772027, 34.231173626521326 ], [ 135.367968996194946, 34.230260813311126 ], [ 135.367805319055549, 34.229165846201951 ], [ 135.368114881648864, 34.227966543608375 ], [ 135.36881627635924, 34.226051957880792 ], [ 135.369296759866302, 34.225610416570468 ], [ 135.37128094034162, 34.228284160384639 ], [ 135.37245391446811, 34.229047058188556 ], [ 135.373237776584403, 34.228876668261343 ], [ 135.37361733035371, 34.229171890868713 ], [ 135.374409383312582, 34.229183958067118 ], [ 135.374831299216851, 34.228916627857927 ], [ 135.375638284518089, 34.229491386248398 ], [ 135.376240490792128, 34.229367666224761 ], [ 135.37661605970402, 34.228909784296512 ], [ 135.377923545017012, 34.228262372733106 ], [ 135.378840231737229, 34.228195736663892 ], [ 135.379259051099126, 34.228348441167093 ], [ 135.380148102283215, 34.228146986775904 ], [ 135.381177570276321, 34.228318544677833 ], [ 135.381627442251755, 34.228138530200148 ], [ 135.381701970360382, 34.228384575914966 ], [ 135.382063845568837, 34.228497399815055 ], [ 135.382023623564038, 34.228774561041234 ], [ 135.382770216617473, 34.229131042596421 ], [ 135.383013425928482, 34.229814051263531 ], [ 135.382726636316988, 34.229875999615309 ], [ 135.381833460948741, 34.229332416399309 ], [ 135.381421898875516, 34.229496987802932 ], [ 135.381557126049216, 34.23058345895226 ], [ 135.381250962942744, 34.23068503097987 ], [ 135.381091222211751, 34.231651267778695 ], [ 135.381447502707573, 34.232219339878043 ], [ 135.38026056869225, 34.2325367899046 ], [ 135.380190404517037, 34.23280746177204 ], [ 135.380565211560793, 34.2331205223729 ], [ 135.380565398166482, 34.233379434190695 ], [ 135.379775064486353, 34.23347969202603 ], [ 135.380470675761671, 34.233633782926852 ], [ 135.381077606798044, 34.234167901298846 ], [ 135.382575842902952, 34.234207123046033 ], [ 135.383192646504369, 34.233385875799378 ], [ 135.383499063978519, 34.233244716579129 ], [ 135.384999173169945, 34.233561425870057 ], [ 135.385267571032557, 34.233909437459161 ], [ 135.385572764219404, 34.233890116895573 ], [ 135.385729254115063, 34.234162908091761 ], [ 135.386205153079601, 34.234022451213221 ], [ 135.386812611547953, 34.234512452983033 ], [ 135.387041549726092, 34.234295538189265 ], [ 135.38767726115978, 34.234220811544468 ], [ 135.388013429656979, 34.233840041570737 ] ] ] } },
{ "type": "Feature", "properties": { "CITY_NAME": "紀の川市", "S_NAME": "大字黒土", "JINKO": 317, "medical_area": "30_那賀医療圏", "町丁目名": "紀の川市大字黒土" }, "geometry": { "type": "Polygon", "coordinates": [ [ [ 135.379207373974452, 34.265724320583324 ], [ 135.379162426670263, 34.264964115429649 ], [ 135.380287510668722, 34.265001757820194 ], [ 135.380320603085096, 34.263117401667159 ], [ 135.38011675622505, 34.262849291324471 ], [ 135.380797355919384, 34.262110767161673 ], [ 135.381277547815529, 34.261955550231555 ], [ 135.38151765378629, 34.260336508927828 ], [ 135.380567122318922, 34.259301292181085 ], [ 135.379590049605298, 34.256621737981789 ], [ 135.379187816903595, 34.256670421807257 ], [ 135.37921511975955, 34.257332491932601 ], [ 135.379519539788532, 34.257910593933431 ], [ 135.379349765827726, 34.258262186341931 ], [ 135.376224916889896, 34.257800548601999 ], [ 135.375536147392921, 34.257909186344683 ], [ 135.375543315950779, 34.258559886278348 ], [ 135.376292685905128, 34.258880214175427 ], [ 135.376316239276093, 34.259628194264799 ], [ 135.376610925599749, 34.260051865021666 ], [ 135.377393698866342, 34.260278958793883 ], [ 135.377358431674992, 34.260420210624105 ], [ 135.37662395789863, 34.260748376251094 ], [ 135.37667807588204, 34.261291408673486 ], [ 135.377150811466066, 34.261700906487569 ], [ 135.377343218789122, 34.262202382216216 ], [ 135.37655399020332, 34.262855676166183 ], [ 135.376654181736541, 34.263552772986856 ], [ 135.376552279787774, 34.265554265233078 ], [ 135.379207373974452, 34.265724320583324 ] ] ] } },
{ "type": "Feature", "properties": { "CITY_NAME": "紀の川市", "S_NAME": "大字広野", "JINKO": 94, "medical_area": "30_那賀医療圏", "町丁目名": "紀の川市大字広野" }, "geometry": { "type": "Polygon", "coordinates": [ [ [ 135.379363671555609, 34.268972662040909 ], [ 135.379208203210965, 34.265738411493032 ], [ 135.375310668020433, 34.265487682815539 ], [ 135.375292070620304, 34.267025439054002 ], [ 135.374628265996591, 34.268384821815268 ], [ 135.374741686823683, 34.268765317015315 ], [ 135.375124319590498, 34.269086887217661 ], [ 135.375632127706155, 34.269173982417378 ], [ 135.376958046866037, 34.269141533692782 ], [ 135.37818718728326, 34.269925613409256 ], [ 135.37819507056625, 34.268852244657978 ], [ 135.379363671555609, 34.268972662040909 ] ] ] } },
{ "type": "Feature", "properties": { "CITY_NAME": "紀の川市", "S_NAME": "大字赤尾", "JINKO": 169, "medical_area": "30_那賀医療圏", "町丁目名": "紀の川市大字赤尾" }, "geometry": { "type": "Polygon", "coordinates": [ [ [ 135.381912561883809, 34.274059288239428 ], [ 135.382723085168749, 34.274036728769481 ], [ 135.382266927932648, 34.273529849006444 ], [ 135.382208626437318, 34.272707444106878 ], [ 135.381935170187489, 34.272284168578942 ], [ 135.381824315306972, 34.269859818488577 ], [ 135.381573287013538, 34.269009693432643 ], [ 135.381679539319464, 34.268105296285391 ], [ 135.381448474855432, 34.266724061187546 ], [ 135.379286632355729, 34.266878704840089 ], [ 135.379363671555609, 34.26897266204093 ], [ 135.37819507056625, 34.268852244658028 ], [ 135.37818718728326, 34.269925613409256 ], [ 135.376958046866037, 34.269141533692803 ], [ 135.37620561579206, 34.269225063751016 ], [ 135.375124319590498, 34.269086887217661 ], [ 135.375229113195104, 34.269648352670906 ], [ 135.375859740138765, 34.269832422900805 ], [ 135.375838894560388, 34.271180149463866 ], [ 135.376266622251052, 34.272279966395416 ], [ 135.377115698038295, 34.272890281069877 ], [ 135.377243380523424, 34.274602483309295 ], [ 135.377612474114869, 34.276082064277688 ], [ 135.377272559302554, 34.276896680205617 ], [ 135.377050398196531, 34.277044595693411 ], [ 135.377597776107336, 34.277450812072836 ], [ 135.378057784050355, 34.277525684463996 ], [ 135.379455821099839, 34.277041950688606 ], [ 135.379430462617165, 34.276641613670847 ], [ 135.379681852867776, 34.276562725863627 ], [ 135.379581297509191, 34.275806739007898 ], [ 135.381553073150343, 34.274847759370964 ], [ 135.381517989192076, 34.274372290837015 ], [ 135.381912561883809, 34.274059288239428 ] ] ] } },
{ "type": "Feature", "properties": { "CITY_NAME": "紀の川市", "S_NAME": "大字東大井", "JINKO": 398, "medical_area": "30_那賀医療圏", "町丁目名": "紀の川市大字東大井" }, "geometry": { "type": "Polygon", "coordinates": [ [ [ 135.364234539708747, 34.272501937653701 ], [ 135.369241179292885, 34.2724358823655 ], [ 135.371515935383343, 34.268839331208902 ], [ 135.374201794814581, 34.269088261041674 ], [ 135.374638628031079, 34.268951865820192 ], [ 135.375124319590498, 34.269086887217661 ], [ 135.374741686823683, 34.268765317015315 ], [ 135.374628265996591, 34.268384821815268 ], [ 135.375292070620304, 34.267025439054031 ], [ 135.375310668020433, 34.265487682815539 ], [ 135.372184015620746, 34.265438680977539 ], [ 135.371926071278523, 34.267412326946989 ], [ 135.371544408790385, 34.26875228050497 ], [ 135.370995376919353, 34.26802569542901 ], [ 135.370451232654432, 34.267938389604168 ], [ 135.367555420341802, 34.268580813489514 ], [ 135.3666853269348, 34.267885942496093 ], [ 135.364829483972557, 34.267879326049403 ], [ 135.363109721421267, 34.268126807200247 ], [ 135.363152461678681, 34.270165241774819 ], [ 135.363414444759087, 34.271931824156496 ], [ 135.363289029158437, 34.27268439930932 ], [ 135.364187580614697, 34.27262030618332 ], [ 135.364234539708747, 34.272501937653701 ] ] ] } },
{ "type": "Feature", "properties": { "CITY_NAME": "紀の川市", "S_NAME": "大字打田", "JINKO": 120, "medical_area": "30_那賀医療圏", "町丁目名": "紀の川市大字打田" }, "geometry": { "type": "Polygon", "coordinates": [ [ [ 135.371966315538998, 34.266881743560511 ], [ 135.368021793100837, 34.266436531550383 ], [ 135.367742455556623, 34.26688122278415 ], [ 135.367628620747411, 34.2675320087763 ], [ 135.367160701496175, 34.268149840637243 ], [ 135.367555420341859, 34.268580813489514 ], [ 135.370451232654432, 34.267938389604161 ], [ 135.370995376919353, 34.268025695428989 ], [ 135.371544408790385, 34.26875228050497 ], [ 135.371966315538998, 34.266881743560511 ] ] ] } },
{ "type": "Feature", "properties": { "CITY_NAME": "紀の川市", "S_NAME": "大字久留壁", "JINKO": 595, "medical_area": "30_那賀医療圏", "町丁目名": "紀の川市大字久留壁" }, "geometry": { "type": "Polygon", "coordinates": [ [ [ 135.367160701496175, 34.268149840637257 ], [ 135.367628620747411, 34.267532008776278 ], [ 135.367742455556623, 34.26688122278415 ], [ 135.368325991858057, 34.265575703700726 ], [ 135.367222828009034, 34.263513645360121 ], [ 135.367252550810093, 34.26305527477534 ], [ 135.367918068734809, 34.262811615873616 ], [ 135.368079642884567, 34.262577198065792 ], [ 135.365129272733327, 34.262281670416073 ], [ 135.365104350475264, 34.262703581130381 ], [ 135.366774846784551, 34.262783476288497 ], [ 135.36693017007056, 34.263045585116487 ], [ 135.366767636319679, 34.263747959205027 ], [ 135.366586216089814, 34.263736882145928 ], [ 135.366303417143513, 34.264338197230806 ], [ 135.366483186566256, 34.264570146590863 ], [ 135.36580465354416, 34.264697373254798 ], [ 135.365675464570387, 34.264174228855097 ], [ 135.365823435887876, 34.263803383527637 ], [ 135.365679677027657, 34.263611766809319 ], [ 135.365069282824066, 34.263505500776944 ], [ 135.364986568979504, 34.26387893562643 ], [ 135.363799983580805, 34.263749259905751 ], [ 135.363992138795936, 34.265239787922113 ], [ 135.362500206522213, 34.26514458158735 ], [ 135.363109721421267, 34.268126807200247 ], [ 135.364829483972557, 34.267879326049403 ], [ 135.366325379785195, 34.267871550995096 ], [ 135.3666853269348, 34.267885942496093 ], [ 135.367160701496175, 34.268149840637257 ] ] ] } },
{ "type": "Feature", "properties": { "CITY_NAME": "紀の川市", "S_NAME": "大字西大井", "JINKO": 597, "medical_area": "30_那賀医療圏", "町丁目名": "紀の川市大字西大井" }, "geometry": { "type": "Polygon", "coordinates": [ [ [ 135.362825698231262, 34.272549018601026 ], [ 135.362625940353638, 34.271753765565478 ], [ 135.363414444759087, 34.271931824156496 ], [ 135.363152461678681, 34.270165241774819 ], [ 135.363175903988662, 34.268497913285159 ], [ 135.362500206522213, 34.26514458158735 ], [ 135.363992138795936, 34.265239787922113 ], [ 135.363799983580805, 34.263749259905751 ], [ 135.362929246649287, 34.263630084530412 ], [ 135.36238630823695, 34.264350907071616 ], [ 135.361413622263996, 34.264267535950189 ], [ 135.361344599299315, 34.262097675065938 ], [ 135.359233608910102, 34.261997793496718 ], [ 135.359252780272897, 34.264744812963002 ], [ 135.358000934337923, 34.264584008149967 ], [ 135.358711328572326, 34.265745943491964 ], [ 135.359974083176752, 34.265891295935759 ], [ 135.359256154297043, 34.266216191589848 ], [ 135.358298729833962, 34.26603636641439 ], [ 135.358320978514087, 34.266934937796428 ], [ 135.357875828508753, 34.267204057134371 ], [ 135.358127901444476, 34.267968177190774 ], [ 135.357944801896451, 34.268166263450162 ], [ 135.357956105861149, 34.268594420796987 ], [ 135.356757310055798, 34.268624339671163 ], [ 135.356485015889433, 34.269093270105991 ], [ 135.356561406952494, 34.269552055759881 ], [ 135.356465883875984, 34.269696224274604 ], [ 135.356035435078041, 34.269652973921445 ], [ 135.356036772997726, 34.27008502236928 ], [ 135.35715178053033, 34.270014238779396 ], [ 135.357390801868121, 34.271592659788489 ], [ 135.358041059495008, 34.272081640184496 ], [ 135.358780440513613, 34.272056909307793 ], [ 135.358964273204919, 34.271499608829842 ], [ 135.359964343077394, 34.271405373985154 ], [ 135.360126344857889, 34.272640790205386 ], [ 135.362825698231262, 34.272549018601026 ] ] ] } },
{ "type": "Feature", "properties": { "CITY_NAME": "紀の川市", "S_NAME": "大字田中馬場", "JINKO": 230, "medical_area": "30_那賀医療圏", "町丁目名": "紀の川市大字田中馬場" }, "geometry": { "type": "Polygon", "coordinates": [ [ [ 135.359974083176752, 34.265891295935759 ], [ 135.358711328572326, 34.26574594349195 ], [ 135.358000934337923, 34.264584008149953 ], [ 135.351415958835361, 34.263720451316708 ], [ 135.351178573744193, 34.264370571853327 ], [ 135.351292669660381, 34.264648548514501 ], [ 135.352714853994399, 34.264836946074972 ], [ 135.352527626269989, 34.267477382784072 ], [ 135.352687751453374, 34.268382886900824 ], [ 135.352482971462166, 34.268568739301195 ], [ 135.352290421892747, 34.269523514652377 ], [ 135.352694560163712, 34.269318007680049 ], [ 135.353517328928888, 34.269524917152239 ], [ 135.355226568972654, 34.269134413403506 ], [ 135.356035435078041, 34.269652973921481 ], [ 135.356465883875984, 34.269696224274632 ], [ 135.356606205169442, 34.269395503143052 ], [ 135.356530046006526, 34.268900517870961 ], [ 135.356757310055798, 34.268624339671163 ], [ 135.357956105861149, 34.268594420796987 ], [ 135.357944801896451, 34.268166263450155 ], [ 135.358127901444476, 34.267968177190774 ], [ 135.357875828508782, 34.267204057134386 ], [ 135.358320978514087, 34.266934937796428 ], [ 135.358298729833962, 34.26603636641439 ], [ 135.359256154297043, 34.266216191589848 ], [ 135.359974083176752, 34.265891295935759 ] ] ] } },
{ "type": "Feature", "properties": { "CITY_NAME": "紀の川市", "S_NAME": "大字花野", "JINKO": 431, "medical_area": "30_那賀医療圏", "町丁目名": "紀の川市大字花野" }, "geometry": { "type": "Polygon", "coordinates": [ [ [ 135.359314292549101, 34.262854549652246 ], [ 135.359233608910102, 34.261997793496718 ], [ 135.359618291878689, 34.262036008408032 ], [ 135.359350783413788, 34.261871766045651 ], [ 135.358985709748737, 34.261164247017987 ], [ 135.358729581521601, 34.259971862329515 ], [ 135.356966119402159, 34.259781738328499 ], [ 135.356958168050227, 34.25939275926094 ], [ 135.356384627967486, 34.25935959930937 ], [ 135.356192344120132, 34.258378566354033 ], [ 135.357999966514683, 34.258490610023316 ], [ 135.358171507196772, 34.256935617014229 ], [ 135.358477356701798, 34.256828609660523 ], [ 135.358472612444672, 34.256496980225108 ], [ 135.358055386906955, 34.256116280232703 ], [ 135.35722083648983, 34.253170003262042 ], [ 135.354776085467819, 34.253601020947947 ], [ 135.354917767065416, 34.255024962648704 ], [ 135.353220823079397, 34.25564921493995 ], [ 135.353022596456441, 34.255925537829853 ], [ 135.353128331340912, 34.256348138544659 ], [ 135.35373135540928, 34.256794636044418 ], [ 135.35378013833693, 34.257066347674822 ], [ 135.353683016828711, 34.257421527458838 ], [ 135.35272275063906, 34.258100935363665 ], [ 135.352595925318951, 34.258540478238473 ], [ 135.353088608755854, 34.259652703077741 ], [ 135.352498356402634, 34.259902865016883 ], [ 135.352511060256433, 34.260144239256277 ], [ 135.352739531396622, 34.260658067980415 ], [ 135.35321039883047, 34.260823400181636 ], [ 135.353628254216346, 34.261271736546696 ], [ 135.352510343905408, 34.261187506896455 ], [ 135.352771909802669, 34.261650233896141 ], [ 135.352558345891055, 34.262981863636554 ], [ 135.352658421924133, 34.26394001786872 ], [ 135.359252780272897, 34.264744812963002 ], [ 135.359153260720745, 34.263495922807174 ], [ 135.359314292549101, 34.262854549652246 ] ] ] } },
{ "type": "Feature", "properties": { "CITY_NAME": "紀の川市", "S_NAME": "大字花野", "JINKO": 182, "medical_area": "30_那賀医療圏", "町丁目名": "紀の川市大字花野" }, "geometry": { "type": "Polygon", "coordinates": [ [ [ 135.358729581521601, 34.259971862329515 ], [ 135.358639316957266, 34.259422706772405 ], [ 135.35805783935848, 34.259479951186883 ], [ 135.357999966514683, 34.258490610023316 ], [ 135.356192344120132, 34.258378566354033 ], [ 135.356384627967486, 34.25935959930937 ], [ 135.356958168050227, 34.25939275926094 ], [ 135.356966119402159, 34.259781738328499 ], [ 135.358729581521601, 34.259971862329515 ] ] ] } },
{ "type": "Feature", "properties": { "CITY_NAME": "紀の川市", "S_NAME": "大字尾崎", "JINKO": 176, "medical_area": "30_那賀医療圏", "町丁目名": "紀の川市大字尾崎" }, "geometry": { "type": "Polygon", "coordinates": [ [ [ 135.354917767065416, 34.255024962648704 ], [ 135.354776085467819, 34.253601020947947 ], [ 135.352180701988289, 34.253516037934197 ], [ 135.349375428742832, 34.252966852533966 ], [ 135.348632791759059, 34.254910268872479 ], [ 135.349939161068221, 34.255505195844272 ], [ 135.349813052512985, 34.256795022460736 ], [ 135.350043313176116, 34.25755299033203 ], [ 135.349441486581014, 34.260731025585258 ], [ 135.353628254216346, 34.261271736546696 ], [ 135.35321039883047, 34.260823400181636 ], [ 135.352739531396622, 34.260658067980415 ], [ 135.352511060256433, 34.260144239256277 ], [ 135.352498356402634, 34.259902865016883 ], [ 135.353088608755854, 34.259652703077741 ], [ 135.352595925318951, 34.258540478238473 ], [ 135.35272275063906, 34.258100935363665 ], [ 135.353683016828711, 34.257421527458838 ], [ 135.35378013833693, 34.257066347674822 ], [ 135.35373135540928, 34.256794636044418 ], [ 135.353128331340912, 34.256348138544659 ], [ 135.353022596456441, 34.255925537829853 ], [ 135.353220823079397, 34.25564921493995 ], [ 135.354917767065416, 34.255024962648704 ] ] ] } },
{ "type": "Feature", "properties": { "CITY_NAME": "紀の川市", "S_NAME": "大字畑野上", "JINKO": 79, "medical_area": "30_那賀医療圏", "町丁目名": "紀の川市大字畑野上" }, "geometry": { "type": "Polygon", "coordinates": [ [ [ 135.349441486581014, 34.260731025585258 ], [ 135.350043313176116, 34.25755299033203 ], [ 135.349813052512985, 34.256795022460736 ], [ 135.349939161068221, 34.255505195844279 ], [ 135.348632791759059, 34.254910268872479 ], [ 135.349375428742832, 34.252966852533966 ], [ 135.34683936996484, 34.252243518931792 ], [ 135.345921437361937, 34.254280643640826 ], [ 135.344835120356237, 34.253888999101285 ], [ 135.344530063824038, 34.253893283923631 ], [ 135.344347012598206, 34.254085292977628 ], [ 135.344500952649923, 34.254366585508102 ], [ 135.345653183427089, 34.254692377429215 ], [ 135.34572758755175, 34.254959580091764 ], [ 135.345983001496904, 34.255002500076898 ], [ 135.346075740959577, 34.255460535720154 ], [ 135.346793243117929, 34.255657214834024 ], [ 135.34601902428534, 34.259515690380439 ], [ 135.344864153531944, 34.259521626912999 ], [ 135.344623995436905, 34.260053949118692 ], [ 135.349441486581014, 34.260731025585258 ] ] ] } },
{ "type": "Feature", "properties": { "CITY_NAME": "紀の川市", "S_NAME": "大字尾崎", "JINKO": 725, "medical_area": "30_那賀医療圏", "町丁目名": "紀の川市大字尾崎" }, "geometry": { "type": "Polygon", "coordinates": [ [ [ 135.352290421892718, 34.26952351465237 ], [ 135.352482971462166, 34.268568739301195 ], [ 135.352687751453374, 34.26838288690081 ], [ 135.352527626269989, 34.26747738278408 ], [ 135.352714853994399, 34.264836946074972 ], [ 135.35129266966041, 34.264648548514501 ], [ 135.351178573744193, 34.264370571853313 ], [ 135.351415958835361, 34.263720451316708 ], [ 135.352658421924133, 34.26394001786872 ], [ 135.352558345891055, 34.262981863636554 ], [ 135.352771909802669, 34.261650233896141 ], [ 135.352510343905408, 34.261187506896455 ], [ 135.348251532134412, 34.260573968536796 ], [ 135.347875539166921, 34.262279154558613 ], [ 135.346696885058265, 34.262514038398969 ], [ 135.34610051412173, 34.263541455966916 ], [ 135.346087162789672, 34.264331382238765 ], [ 135.346629717256377, 34.264617850167845 ], [ 135.346533486683597, 34.264852447466957 ], [ 135.346844674125094, 34.265472243496106 ], [ 135.346834914013328, 34.26579182445154 ], [ 135.347208494579888, 34.26633052936792 ], [ 135.348550687134235, 34.266536578595705 ], [ 135.348609828670533, 34.266871737984737 ], [ 135.348854877415761, 34.267126183613478 ], [ 135.349221763045506, 34.268533299696259 ], [ 135.350069939495341, 34.268755019060613 ], [ 135.349894477254168, 34.269326016928112 ], [ 135.352290421892718, 34.26952351465237 ] ] ] } },
{ "type": "Feature", "properties": { "CITY_NAME": "紀の川市", "S_NAME": "大字中井阪", "JINKO": 343, "medical_area": "30_那賀医療圏", "町丁目名": "紀の川市大字中井阪" }, "geometry": { "type": "Polygon", "coordinates": [ [ [ 135.343234634059996, 34.260324009715745 ], [ 135.344564862781084, 34.260186330622787 ], [ 135.344864153531944, 34.259521626912999 ], [ 135.34601902428534, 34.259515690380425 ], [ 135.346793243117929, 34.255657214834024 ], [ 135.346075740959577, 34.255460535720132 ], [ 135.345983001496904, 34.255002500076898 ], [ 135.34572758755175, 34.254959580091764 ], [ 135.345653183427089, 34.254692377429215 ], [ 135.344500952649923, 34.254366585508109 ], [ 135.344347012598178, 34.254085292977656 ], [ 135.344530063824038, 34.253893283923631 ], [ 135.344835120356237, 34.253888999101285 ], [ 135.345921437361937, 34.254280643640861 ], [ 135.34683936996484, 34.252243518931792 ], [ 135.343323617071007, 34.251104966787615 ], [ 135.34168080849571, 34.253730231560851 ], [ 135.341812966255191, 34.254946067800752 ], [ 135.342298826907637, 34.255973914619162 ], [ 135.34072100180839, 34.256206594310719 ], [ 135.340601641209446, 34.256616158105373 ], [ 135.341510232192064, 34.260718608310704 ], [ 135.34257533701367, 34.261050022670958 ], [ 135.343234634059996, 34.260324009715745 ] ] ] } },
{ "type": "Feature", "properties": { "CITY_NAME": "紀の川市", "S_NAME": "大字下井阪", "JINKO": 144, "medical_area": "30_那賀医療圏", "町丁目名": "紀の川市大字下井阪" }, "geometry": { "type": "Polygon", "coordinates": [ [ [ 135.343323617071007, 34.251104966787615 ], [ 135.340803370865444, 34.250237069842605 ], [ 135.339565924385823, 34.252060554882654 ], [ 135.33936196317029, 34.252605175322017 ], [ 135.338494403677629, 34.253028729539835 ], [ 135.338142965276376, 34.253394636855653 ], [ 135.337907064074159, 34.253845686573058 ], [ 135.337952209816734, 34.254569566840644 ], [ 135.338410901948464, 34.254888574171417 ], [ 135.33839935829721, 34.255437331211517 ], [ 135.338896100820108, 34.256462148317013 ], [ 135.338999311550651, 34.257192398935132 ], [ 135.340670726543948, 34.257068714772657 ], [ 135.34072100180839, 34.256206594310719 ], [ 135.342298826907637, 34.255973914619162 ], [ 135.341812966255191, 34.254946067800752 ], [ 135.34168080849571, 34.253730231560851 ], [ 135.343323617071007, 34.251104966787615 ] ] ] } },
{ "type": "Feature", "properties": { "CITY_NAME": "紀の川市", "S_NAME": "大字下井阪", "JINKO": 1002, "medical_area": "30_那賀医療圏", "町丁目名": "紀の川市大字下井阪" }, "geometry": { "type": "Polygon", "coordinates": [ [ [ 135.337273633028246, 34.259607392545085 ], [ 135.337503245305612, 34.259041646494552 ], [ 135.339640957211856, 34.258733712894212 ], [ 135.341099719702157, 34.258874130734597 ], [ 135.340670726543948, 34.257068714772657 ], [ 135.338999311550651, 34.257192398935132 ], [ 135.338896100820108, 34.256462148317013 ], [ 135.33839935829721, 34.255437331211517 ], [ 135.338410901948464, 34.254888574171417 ], [ 135.337952209816734, 34.254569566840644 ], [ 135.337907064074159, 34.253845686573058 ], [ 135.338289727454452, 34.253202442033668 ], [ 135.33936196317029, 34.252605175322017 ], [ 135.339565924385823, 34.252060554882654 ], [ 135.340803370865444, 34.250237069842626 ], [ 135.334467621597611, 34.248163343778529 ], [ 135.334057483987777, 34.251263018193363 ], [ 135.334639748882722, 34.252435370313471 ], [ 135.334413722089096, 34.252562335370051 ], [ 135.334616757964369, 34.252905038342099 ], [ 135.334672444878635, 34.254306685101575 ], [ 135.334835596487125, 34.254636354057304 ], [ 135.334440690159113, 34.25508527030604 ], [ 135.334462351710243, 34.25554996692253 ], [ 135.334992288628371, 34.2560841906541 ], [ 135.334941978994806, 34.25691559586609 ], [ 135.335604752081878, 34.257538586312897 ], [ 135.336464678088419, 34.261172410148461 ], [ 135.336800355217235, 34.260647808412124 ], [ 135.336756495011201, 34.260258777507254 ], [ 135.337273571890023, 34.260080705871147 ], [ 135.337273633028246, 34.259607392545085 ] ] ] } },
{ "type": "Feature", "properties": { "CITY_NAME": "紀の川市", "S_NAME": "大字南中", "JINKO": 329, "medical_area": "30_那賀医療圏", "町丁目名": "紀の川市大字南中" }, "geometry": { "type": "Polygon", "coordinates": [ [ [ 135.357792724496477, 34.281942856990476 ], [ 135.357721698085925, 34.281501564418519 ], [ 135.358691865581051, 34.281074448184519 ], [ 135.359078677741138, 34.280511863912807 ], [ 135.360231539200697, 34.280513506078748 ], [ 135.360526395597475, 34.280867776956477 ], [ 135.360999512247076, 34.280819383687842 ], [ 135.361193415083363, 34.280097028048885 ], [ 135.361549888192911, 34.279830665069035 ], [ 135.361070604137893, 34.279150734435696 ], [ 135.363150241867061, 34.278839499817749 ], [ 135.363001900007532, 34.278075784222608 ], [ 135.362789645906162, 34.278048200864035 ], [ 135.361786697957456, 34.278598725186143 ], [ 135.361394627551192, 34.278455537920891 ], [ 135.361353848533895, 34.278225991261884 ], [ 135.361879781904292, 34.277523112151755 ], [ 135.361662202861652, 34.276789888693507 ], [ 135.362133484012531, 34.27628957577717 ], [ 135.362274533370623, 34.275902355031143 ], [ 135.358245774147179, 34.276145929594236 ], [ 135.355867439879063, 34.275921745970813 ], [ 135.353037965664583, 34.276339052932208 ], [ 135.352310815353746, 34.277016886372103 ], [ 135.352381131825666, 34.277502269787767 ], [ 135.353374904874784, 34.278131417723742 ], [ 135.353454736304002, 34.278810968210692 ], [ 135.353848968971249, 34.279364264741119 ], [ 135.353644180801439, 34.279742547879017 ], [ 135.355057510776817, 34.279723495601097 ], [ 135.35503263072323, 34.280199644374235 ], [ 135.355789467076789, 34.279886097375339 ], [ 135.356543979613008, 34.279872304363309 ], [ 135.356211131003676, 34.281722848541051 ], [ 135.356943054928337, 34.281702313748795 ], [ 135.357137751322824, 34.282137914038358 ], [ 135.357792724496477, 34.281942856990476 ] ] ] } },
{ "type": "Feature", "properties": { "CITY_NAME": "紀の川市", "S_NAME": "大字北大井", "JINKO": 414, "medical_area": "30_那賀医療圏", "町丁目名": "紀の川市大字北大井" }, "geometry": { "type": "Polygon", "coordinates": [ [ [ 135.368436022170442, 34.27626647404319 ], [ 135.368376174488759, 34.27409918488673 ], [ 135.368669210218144, 34.273271537931912 ], [ 135.369241179292885, 34.2724358823655 ], [ 135.364313120010962, 34.272460365172599 ], [ 135.364187580614697, 34.27262030618332 ], [ 135.363289029158437, 34.27268439930932 ], [ 135.363414444759087, 34.271931824156496 ], [ 135.362625940353638, 34.271753765565478 ], [ 135.362825698231262, 34.272549018601062 ], [ 135.360126344857889, 34.272640790205386 ], [ 135.359964343077394, 34.271405373985154 ], [ 135.358964273204919, 34.271499608829842 ], [ 135.358780440513613, 34.272056909307793 ], [ 135.356895877837758, 34.272010982716736 ], [ 135.356711679793307, 34.272486296640039 ], [ 135.357048146727578, 34.274349077670372 ], [ 135.356302613482029, 34.274583380132164 ], [ 135.3568912023064, 34.275424353850816 ], [ 135.356971459369902, 34.276050935280608 ], [ 135.358245774147179, 34.276145929594236 ], [ 135.365199076543036, 34.275890868091864 ], [ 135.36596456385189, 34.275732397750573 ], [ 135.367259370748656, 34.276146037967308 ], [ 135.368436022170442, 34.27626647404319 ] ] ] } },
{ "type": "Feature", "properties": { "CITY_NAME": "紀の川市", "S_NAME": "大字南勢田", "JINKO": 303, "medical_area": "30_那賀医療圏", "町丁目名": "紀の川市大字南勢田" }, "geometry": { "type": "Polygon", "coordinates": [ [ [ 135.379544153376486, 34.279712295391398 ], [ 135.379863674982175, 34.279594447549158 ], [ 135.379796574188617, 34.278932865421268 ], [ 135.379315710028493, 34.277571475167406 ], [ 135.379702195814303, 34.277432694135733 ], [ 135.379574267644841, 34.277007470621676 ], [ 135.377891769414759, 34.277555554660644 ], [ 135.377050398196531, 34.277044595693404 ], [ 135.377272559302554, 34.276896680205617 ], [ 135.377612474114869, 34.276082064277688 ], [ 135.377243380523424, 34.274602483309295 ], [ 135.377104037767253, 34.27320055576272 ], [ 135.376658178309299, 34.273079829941722 ], [ 135.37278494834419, 34.27307918335066 ], [ 135.371544287092235, 34.272694339430473 ], [ 135.369241179292885, 34.2724358823655 ], [ 135.368669210218144, 34.273271537931912 ], [ 135.368376174488759, 34.27409918488673 ], [ 135.368270883333224, 34.275252780381415 ], [ 135.368436022170442, 34.27626647404319 ], [ 135.366921859030782, 34.276054144379543 ], [ 135.366660565794888, 34.276899559957371 ], [ 135.366801434245644, 34.278416453920585 ], [ 135.372871765349402, 34.278479685063822 ], [ 135.379938821105156, 34.280431735099462 ], [ 135.379544153376486, 34.279712295391398 ] ] ] } },
{ "type": "Feature", "properties": { "CITY_NAME": "紀の川市", "S_NAME": "大字北勢田", "JINKO": 328, "medical_area": "30_那賀医療圏", "町丁目名": "紀の川市大字北勢田" }, "geometry": { "type": "Polygon", "coordinates": [ [ [ 135.3812677963939, 34.291421918722016 ], [ 135.381276189660838, 34.290628017877417 ], [ 135.38176593178332, 34.289941344366142 ], [ 135.381869196067669, 34.289222721982334 ], [ 135.38263503798791, 34.28885847457024 ], [ 135.382777369422172, 34.288483065813345 ], [ 135.382628283082994, 34.288097883341734 ], [ 135.381999914664732, 34.287823694211717 ], [ 135.382064419244188, 34.287212078760149 ], [ 135.381633473950558, 34.286329334619339 ], [ 135.381706785198958, 34.285616759728768 ], [ 135.381399872642106, 34.284606446506011 ], [ 135.380745795122436, 34.283658623439877 ], [ 135.380693538353228, 34.282585211887415 ], [ 135.380151160255366, 34.281392552201289 ], [ 135.379938821105156, 34.280431735099462 ], [ 135.372871765349402, 34.278479685063822 ], [ 135.366801434245644, 34.278416453920585 ], [ 135.367253069395019, 34.279253289828304 ], [ 135.368027876400021, 34.279463931087541 ], [ 135.367812193213751, 34.280355229647505 ], [ 135.368464444344767, 34.280986437353519 ], [ 135.368286765276707, 34.281452506316647 ], [ 135.368642043788412, 34.281867501573288 ], [ 135.368715699009442, 34.282669285673187 ], [ 135.37027275547905, 34.282544433605864 ], [ 135.369833138777295, 34.281232517223785 ], [ 135.369929458478367, 34.281065517257325 ], [ 135.370619711478184, 34.280896629290666 ], [ 135.371153670318733, 34.280978249008001 ], [ 135.371324340470323, 34.281190848792129 ], [ 135.371721651829688, 34.282552270250257 ], [ 135.371329061894443, 34.284439462280105 ], [ 135.371956919575382, 34.285306624009436 ], [ 135.372614063571689, 34.285492544899334 ], [ 135.372519832662846, 34.285955806326122 ], [ 135.372655968787086, 34.286415876226769 ], [ 135.372541702124494, 34.287292911500892 ], [ 135.372132952974937, 34.287715266397733 ], [ 135.371584384811314, 34.28796137953038 ], [ 135.371735942139139, 34.288928240309907 ], [ 135.37141588835425, 34.28927793235232 ], [ 135.371670764774166, 34.290582140610745 ], [ 135.372219564118154, 34.290306868600965 ], [ 135.372887339937051, 34.290632303439693 ], [ 135.37318269944771, 34.29123391436579 ], [ 135.373517370982, 34.291294221286833 ], [ 135.374106271616171, 34.29078825671607 ], [ 135.3747480266357, 34.291886360963012 ], [ 135.375083726563787, 34.292014849860067 ], [ 135.375577771997115, 34.292581401750731 ], [ 135.377973512488722, 34.295725779892159 ], [ 135.379404908748199, 34.298263589077884 ], [ 135.379831287417062, 34.300183394257814 ], [ 135.379624293862264, 34.303472071605192 ], [ 135.379794321141048, 34.304316454053058 ], [ 135.382713775319701, 34.312845156433056 ], [ 135.385888141037753, 34.312720747883979 ], [ 135.386036665906147, 34.310606891812178 ], [ 135.385534085015877, 34.309094965011568 ], [ 135.385572240813048, 34.308257686002285 ], [ 135.385096214704248, 34.308006670372919 ], [ 135.384434539219626, 34.306795824250635 ], [ 135.385843019414665, 34.304852532699684 ], [ 135.385220262240779, 34.304180709124708 ], [ 135.385052693046617, 34.303342963479608 ], [ 135.385420783300816, 34.30307940852191 ], [ 135.385889311712447, 34.302301618837291 ], [ 135.385431837580256, 34.301913207766106 ], [ 135.38565123359848, 34.300637607711174 ], [ 135.38528984035176, 34.299623653763341 ], [ 135.38338820129303, 34.296958322555703 ], [ 135.382190117361944, 34.295413453574099 ], [ 135.381337971149662, 34.294521128006878 ], [ 135.380788773553689, 34.294167316593374 ], [ 135.380764792500401, 34.293918983136727 ], [ 135.381117320111684, 34.293315158347632 ], [ 135.380730688193012, 34.292589844848372 ], [ 135.380665243216356, 34.292018146960423 ], [ 135.381078474009882, 34.291925985521331 ], [ 135.3812677963939, 34.291421918722016 ] ] ] } },
{ "type": "Feature", "properties": { "CITY_NAME": "紀の川市", "S_NAME": "大字重行", "JINKO": 123, "medical_area": "30_那賀医療圏", "町丁目名": "紀の川市大字重行" }, "geometry": { "type": "Polygon", "coordinates": [ [ [ 135.379831287417062, 34.300183394257814 ], [ 135.379404908748199, 34.298263589077884 ], [ 135.378616606776603, 34.296730048995791 ], [ 135.375577771997115, 34.292581401750731 ], [ 135.374638834169787, 34.291745218311448 ], [ 135.374106271616171, 34.29078825671607 ], [ 135.373517370982, 34.291294221286833 ], [ 135.37318269944771, 34.29123391436579 ], [ 135.372887339937051, 34.290632303439693 ], [ 135.372219564118154, 34.290306868600965 ], [ 135.371670764774166, 34.290582140610745 ], [ 135.37141588835425, 34.28927793235232 ], [ 135.371735942139139, 34.288928240309907 ], [ 135.371584384811314, 34.28796137953038 ], [ 135.372132952974937, 34.287715266397733 ], [ 135.372541702124494, 34.287292911500892 ], [ 135.37262233932131, 34.285515126204949 ], [ 135.371956919575382, 34.285306624009436 ], [ 135.371329061894443, 34.284439462280105 ], [ 135.371721651829688, 34.282552270250257 ], [ 135.371324340470323, 34.281190848792129 ], [ 135.371153670318733, 34.280978249008001 ], [ 135.370138217417178, 34.280948256842123 ], [ 135.369833138777295, 34.281232517223785 ], [ 135.37027275547905, 34.282544433605864 ], [ 135.368715699009442, 34.282669285673187 ], [ 135.369043101793068, 34.284149954006182 ], [ 135.368876067038855, 34.284525076610031 ], [ 135.368517447841612, 34.284556338856142 ], [ 135.368396785797671, 34.284720958529782 ], [ 135.368633099205198, 34.285069133789889 ], [ 135.368417221791816, 34.285985224500699 ], [ 135.36845498393231, 34.286258141455313 ], [ 135.369116086153554, 34.287046461989895 ], [ 135.369274448226065, 34.287836427323036 ], [ 135.368695986429458, 34.287982215518298 ], [ 135.369198040841013, 34.29007530051711 ], [ 135.368760481560258, 34.290015156612824 ], [ 135.368656513711414, 34.290244803006452 ], [ 135.369303096235825, 34.290936271949782 ], [ 135.370304939402359, 34.290968738924008 ], [ 135.371390740030904, 34.291643429879798 ], [ 135.371991361661998, 34.292883760261326 ], [ 135.372094641941402, 34.293570324297285 ], [ 135.372626522892318, 34.294945110310223 ], [ 135.373336740760436, 34.296028496146434 ], [ 135.373640240945207, 34.296215567399713 ], [ 135.373394700295563, 34.298272561836932 ], [ 135.373489081517278, 34.298340519669303 ], [ 135.373912724513957, 34.297859071151009 ], [ 135.373970723003708, 34.297341952543881 ], [ 135.374188213106294, 34.297253043696365 ], [ 135.374390010559296, 34.297456640675982 ], [ 135.37441368579843, 34.297917827056629 ], [ 135.374747245544398, 34.298628097285473 ], [ 135.374855080950937, 34.298707390890414 ], [ 135.375398765689908, 34.298485184321244 ], [ 135.375762426542309, 34.298790604155101 ], [ 135.375527841644185, 34.29936317477798 ], [ 135.375323927619718, 34.299452014655088 ], [ 135.37296457892208, 34.299631169561302 ], [ 135.372937819566232, 34.300502733654966 ], [ 135.372448638911493, 34.300680129327084 ], [ 135.37325950072875, 34.300987978013325 ], [ 135.373500088984514, 34.301439141209777 ], [ 135.37356362448287, 34.302013085198119 ], [ 135.373899015825089, 34.30247585778821 ], [ 135.374209615018913, 34.302623660666839 ], [ 135.374324282572019, 34.303613990972202 ], [ 135.374036989819018, 34.303983577695242 ], [ 135.374689836045917, 34.304588689585799 ], [ 135.374886077242991, 34.305545622696584 ], [ 135.374204504858483, 34.306082106284094 ], [ 135.374038832488907, 34.306497389765816 ], [ 135.374421495412236, 34.307905065264215 ], [ 135.374169889747009, 34.309704931262488 ], [ 135.374430795683196, 34.309994054526392 ], [ 135.377394736771066, 34.310966448329459 ], [ 135.378547556455118, 34.311914841235058 ], [ 135.379453497286903, 34.312286528851146 ], [ 135.380718348442429, 34.312630294491427 ], [ 135.382713775319701, 34.312845156433056 ], [ 135.379794321141048, 34.304316454053058 ], [ 135.379624293862264, 34.303472071605192 ], [ 135.379831287417062, 34.300183394257814 ] ] ] } },
{ "type": "Feature", "properties": { "CITY_NAME": "紀の川市", "S_NAME": "大字池田新", "JINKO": 155, "medical_area": "30_那賀医療圏", "町丁目名": "紀の川市大字池田新" }, "geometry": { "type": "Polygon", "coordinates": [ [ [ 135.368680165790863, 34.290105745270644 ], [ 135.369198040841013, 34.29007530051711 ], [ 135.368695986429458, 34.287982215518298 ], [ 135.369274448226065, 34.287836427323036 ], [ 135.369116086153554, 34.287046461989895 ], [ 135.36845498393231, 34.286258141455313 ], [ 135.368419317599177, 34.285704341941269 ], [ 135.368633099205198, 34.285069133789889 ], [ 135.368396785797671, 34.284720958529782 ], [ 135.368517447841612, 34.284556338856142 ], [ 135.368876067038855, 34.284525076610031 ], [ 135.369024989507665, 34.283910242298411 ], [ 135.368642043788412, 34.281867501573288 ], [ 135.368286765276707, 34.281452506316647 ], [ 135.368464444344767, 34.280986437353519 ], [ 135.367812193213751, 34.280355229647505 ], [ 135.368027876400021, 34.279463931087541 ], [ 135.367253069395019, 34.279253289828304 ], [ 135.366801434245644, 34.278416453920585 ], [ 135.366660565794888, 34.276899559957371 ], [ 135.366921859030782, 34.276054144379543 ], [ 135.36596456385189, 34.275732397750559 ], [ 135.365199076543036, 34.275890868091864 ], [ 135.362274533370623, 34.275902355031143 ], [ 135.362133484012531, 34.27628957577717 ], [ 135.361662202861652, 34.276789888693507 ], [ 135.361879781904292, 34.277523112151755 ], [ 135.361353848533895, 34.278225991261884 ], [ 135.361394627551192, 34.278455537920891 ], [ 135.361786697957456, 34.278598725186143 ], [ 135.362789645906162, 34.278048200864035 ], [ 135.363096525664702, 34.278208549521594 ], [ 135.363228361730137, 34.279757245455897 ], [ 135.363540262701207, 34.280667326350439 ], [ 135.363985859993335, 34.280757817006474 ], [ 135.364291909689285, 34.281041702298637 ], [ 135.363968497219417, 34.281657459261552 ], [ 135.363381378220453, 34.282016171977318 ], [ 135.363474286212352, 34.28237826451543 ], [ 135.363961475004857, 34.282592372202501 ], [ 135.363649099146585, 34.283155218342372 ], [ 135.364345924127463, 34.283002036676116 ], [ 135.364805826489629, 34.282657594190994 ], [ 135.36529283152214, 34.284306026452747 ], [ 135.365235969920519, 34.28479962032322 ], [ 135.365969729078671, 34.284724098437088 ], [ 135.366101442833155, 34.285152315998801 ], [ 135.366754132130637, 34.285693942062871 ], [ 135.366401365164506, 34.2859742849841 ], [ 135.366451225676286, 34.286415604110736 ], [ 135.367126871752731, 34.287010032451974 ], [ 135.367239412130033, 34.287592827020639 ], [ 135.367486826836767, 34.287898379267723 ], [ 135.368331032381889, 34.288696521831312 ], [ 135.368429053370249, 34.289799612844178 ], [ 135.368680165790863, 34.290105745270644 ] ] ] } },
{ "type": "Feature", "properties": { "CITY_NAME": "紀の川市", "S_NAME": "大字北中", "JINKO": 300, "medical_area": "30_那賀医療圏", "町丁目名": "紀の川市大字北中" }, "geometry": { "type": "Polygon", "coordinates": [ [ [ 135.359393356269379, 34.287995772936732 ], [ 135.360934770027455, 34.288001264443899 ], [ 135.359980063351856, 34.287074445999529 ], [ 135.360066618425265, 34.28687204470048 ], [ 135.363012489459976, 34.286561095624897 ], [ 135.363200795167899, 34.285538797966375 ], [ 135.363735547503296, 34.285083038974065 ], [ 135.363515876153798, 34.28462309002947 ], [ 135.363815222503888, 34.284377696199414 ], [ 135.363871056281823, 34.284016373934278 ], [ 135.363387351161521, 34.283343613713939 ], [ 135.363799232835618, 34.282970893937495 ], [ 135.363961475004857, 34.282592372202501 ], [ 135.363337543781114, 34.282192172357924 ], [ 135.363381378220453, 34.282016171977318 ], [ 135.363968497219417, 34.281657459261552 ], [ 135.364291909689285, 34.281041702298637 ], [ 135.363985859993335, 34.280757817006474 ], [ 135.363540262701207, 34.280667326350439 ], [ 135.363228361730137, 34.279757245455897 ], [ 135.363150241867061, 34.278839499817749 ], [ 135.361070604137893, 34.279150734435696 ], [ 135.361549888192911, 34.279830665069035 ], [ 135.361193415083363, 34.280097028048885 ], [ 135.360999512247076, 34.280819383687842 ], [ 135.360526395597475, 34.280867776956477 ], [ 135.360231539200697, 34.280513506078748 ], [ 135.359078677741138, 34.280511863912807 ], [ 135.358691865581051, 34.281074448184519 ], [ 135.357721698085925, 34.281501564418519 ], [ 135.357792724496477, 34.281942856990476 ], [ 135.357137751322824, 34.282137914038358 ], [ 135.357326124195538, 34.282518119854608 ], [ 135.357238469072229, 34.282870538341392 ], [ 135.357879577324326, 34.283799966695398 ], [ 135.358209546044179, 34.283731257071246 ], [ 135.359384175514464, 34.285073533378679 ], [ 135.359002274740192, 34.285304256307469 ], [ 135.359291387787266, 34.286105056262876 ], [ 135.359194496251519, 34.287674679965249 ], [ 135.359393356269379, 34.287995772936732 ] ] ] } },
{ "type": "Feature", "properties": { "CITY_NAME": "紀の川市", "S_NAME": "大字神領", "JINKO": 91, "medical_area": "30_那賀医療圏", "町丁目名": "紀の川市大字神領" }, "geometry": { "type": "Polygon", "coordinates": [ [ [ 135.363949100648199, 34.291085183623814 ], [ 135.363960434210952, 34.290903520062685 ], [ 135.364239027128718, 34.290921443611253 ], [ 135.364295917023156, 34.291301803943945 ], [ 135.365123853004405, 34.291082947377696 ], [ 135.366268569359164, 34.291097168665324 ], [ 135.366658195792354, 34.290917455271504 ], [ 135.366974839751691, 34.291175188507822 ], [ 135.368087223971315, 34.291519705347923 ], [ 135.368416617011093, 34.291405604096859 ], [ 135.368258444987987, 34.291256174020141 ], [ 135.368338885747164, 34.291149103477949 ], [ 135.369061621063622, 34.29101645492851 ], [ 135.369093644512049, 34.290727414433135 ], [ 135.368429053370249, 34.289799612844178 ], [ 135.368331032381889, 34.288696521831312 ], [ 135.367486826836767, 34.287898379267723 ], [ 135.367239412130033, 34.287592827020639 ], [ 135.367126871752731, 34.287010032451974 ], [ 135.366451225676286, 34.286415604110736 ], [ 135.366401365164506, 34.2859742849841 ], [ 135.366754132130637, 34.285693942062871 ], [ 135.366101442833155, 34.285152315998801 ], [ 135.365969729078671, 34.284724098437088 ], [ 135.365235969920519, 34.28479962032322 ], [ 135.36529283152214, 34.284306026452747 ], [ 135.364805826489629, 34.282657594190994 ], [ 135.364345924127463, 34.283002036676116 ], [ 135.363387351161521, 34.283343613713939 ], [ 135.363891052918746, 34.284184111795177 ], [ 135.363515876153798, 34.28462309002947 ], [ 135.363735547503296, 34.285083038974065 ], [ 135.363200795167899, 34.285538797966375 ], [ 135.363012489459976, 34.286561095624897 ], [ 135.360354174451402, 34.28678535745339 ], [ 135.360066618425265, 34.28687204470048 ], [ 135.359980063351856, 34.287074445999529 ], [ 135.360934770027455, 34.288001264443899 ], [ 135.361068197454415, 34.288628123666051 ], [ 135.361575807484201, 34.288957156016011 ], [ 135.361840921171563, 34.289739090946185 ], [ 135.362168942515694, 34.289926037461406 ], [ 135.362736092251367, 34.292231069137429 ], [ 135.362994521725824, 34.292261851549576 ], [ 135.36305966328311, 34.291543331821167 ], [ 135.363508251537297, 34.291462966080545 ], [ 135.363949100648199, 34.291085183623814 ] ] ] } },
{ "type": "Feature", "properties": { "CITY_NAME": "紀の川市", "S_NAME": "大字東山田", "JINKO": 32, "medical_area": "30_那賀医療圏", "町丁目名": "紀の川市大字東山田" }, "geometry": { "type": "Polygon", "coordinates": [ [ [ 135.37416988974698, 34.309704931262488 ], [ 135.374421495412207, 34.307905065264222 ], [ 135.374038832488907, 34.306497389765809 ], [ 135.374204504858483, 34.306082106284109 ], [ 135.374886077242991, 34.305545622696584 ], [ 135.374689836045917, 34.304588689585778 ], [ 135.374036989819018, 34.303983577695242 ], [ 135.374324282572019, 34.303613990972202 ], [ 135.374209615018884, 34.302623660666825 ], [ 135.373899015825089, 34.302475857788224 ], [ 135.37356362448287, 34.302013085198119 ], [ 135.373500088984486, 34.301439141209805 ], [ 135.37325950072875, 34.300987978013296 ], [ 135.372448638911493, 34.300680129327084 ], [ 135.372937819566232, 34.300502733654966 ], [ 135.372964578922108, 34.299631169561287 ], [ 135.375323927619718, 34.29945201465511 ], [ 135.375527841644185, 34.299363174777973 ], [ 135.375762426542309, 34.29879060415513 ], [ 135.375398765689908, 34.298485184321244 ], [ 135.374855080950937, 34.298707390890414 ], [ 135.374747245544398, 34.298628097285473 ], [ 135.37441368579843, 34.297917827056629 ], [ 135.374390010559296, 34.297456640675982 ], [ 135.374188213106294, 34.297253043696365 ], [ 135.373970723003708, 34.297341952543917 ], [ 135.373912724513957, 34.297859071151017 ], [ 135.373489081517249, 34.29834051966931 ], [ 135.373394700295563, 34.298272561836932 ], [ 135.373640240945207, 34.296215567399713 ], [ 135.373336740760436, 34.296028496146434 ], [ 135.372626522892318, 34.294945110310223 ], [ 135.371831564705275, 34.29250048202428 ], [ 135.371390740030876, 34.291643429879798 ], [ 135.370979607644784, 34.291354515042649 ], [ 135.370304939402388, 34.290968738924022 ], [ 135.369303096235825, 34.290936271949782 ], [ 135.369093644512049, 34.290727414433135 ], [ 135.369061621063651, 34.29101645492851 ], [ 135.368338885747164, 34.291149103477949 ], [ 135.368258444987987, 34.291256174020141 ], [ 135.368416617011093, 34.291405604096859 ], [ 135.368087223971315, 34.291519705347923 ], [ 135.36697483975172, 34.291175188507786 ], [ 135.366658195792326, 34.290917455271511 ], [ 135.366268569359164, 34.291097168665338 ], [ 135.365123853004405, 34.291082947377681 ], [ 135.364295917023156, 34.291301803943945 ], [ 135.364239027128718, 34.290921443611239 ], [ 135.363960434210952, 34.290903520062699 ], [ 135.363949100648199, 34.291085183623814 ], [ 135.363508251537297, 34.291462966080509 ], [ 135.363009521603516, 34.291592517613275 ], [ 135.362994521725824, 34.292261851549576 ], [ 135.362733572172601, 34.292566325349355 ], [ 135.36329157765806, 34.29289519031235 ], [ 135.364216608714429, 34.294227111977804 ], [ 135.365235277916753, 34.296633502518368 ], [ 135.364826106451858, 34.303329034209689 ], [ 135.364143832807741, 34.306671574401065 ], [ 135.363697876403194, 34.30786524748288 ], [ 135.364314620309614, 34.308533199998138 ], [ 135.36647651435095, 34.30883215353078 ], [ 135.366594217593047, 34.309080689379918 ], [ 135.366491030987248, 34.310092160814243 ], [ 135.366728180009602, 34.310361314982309 ], [ 135.366944272833479, 34.310243393206036 ], [ 135.367393173418407, 34.309362736664447 ], [ 135.368477631306433, 34.308237134505511 ], [ 135.370070669575853, 34.308657065064416 ], [ 135.370681077752522, 34.308571020817965 ], [ 135.371692437089479, 34.309240811028765 ], [ 135.372873277419785, 34.309623944362045 ], [ 135.37416988974698, 34.309704931262488 ] ] ] } },
{ "type": "Feature", "properties": { "CITY_NAME": "紀の川市", "S_NAME": "大字西山田", "JINKO": 46, "medical_area": "30_那賀医療圏", "町丁目名": "紀の川市大字西山田" }, "geometry": { "type": "Polygon", "coordinates": [ [ [ 135.351421751022798, 34.306540242562413 ], [ 135.352597447311638, 34.307732863571132 ], [ 135.353821305085461, 34.307952589372363 ], [ 135.354168549385321, 34.307884967823412 ], [ 135.354553954531497, 34.307519885478094 ], [ 135.355748371053352, 34.306886326846261 ], [ 135.356003303302117, 34.306381516999664 ], [ 135.356916350803431, 34.305800989224501 ], [ 135.357170330568891, 34.305415348959144 ], [ 135.357385602932538, 34.305406474685192 ], [ 135.357658869267055, 34.305636255812388 ], [ 135.357865380593381, 34.306788244821533 ], [ 135.358601924038055, 34.307417135488592 ], [ 135.359844973424572, 34.307473208811473 ], [ 135.360312500489755, 34.307307021489962 ], [ 135.360662343159362, 34.306892149022055 ], [ 135.360925517444969, 34.306873654912707 ], [ 135.361140119830822, 34.306954080019729 ], [ 135.361269472004437, 34.307242407915368 ], [ 135.361075483076121, 34.307598645129971 ], [ 135.361615356698252, 34.308152109350132 ], [ 135.363697876403194, 34.30786524748288 ], [ 135.364143832807741, 34.306671574401065 ], [ 135.364826106451858, 34.303329034209689 ], [ 135.365235277916753, 34.296633502518368 ], [ 135.36467116707027, 34.295050450936849 ], [ 135.36329157765806, 34.29289519031235 ], [ 135.362733572172601, 34.292566325349355 ], [ 135.362071071886248, 34.292608247201159 ], [ 135.36174940052743, 34.29301974652882 ], [ 135.361585825721534, 34.293588854739376 ], [ 135.359614313766059, 34.293628179319612 ], [ 135.359344391157748, 34.293775528236168 ], [ 135.358522124885582, 34.294556295616651 ], [ 135.356833010451936, 34.29674529987291 ], [ 135.356070654711772, 34.297493263051159 ], [ 135.354756298828306, 34.298168025642163 ], [ 135.35193524866537, 34.29927278629755 ], [ 135.348953439362248, 34.299909785876238 ], [ 135.347231627285908, 34.300608646018084 ], [ 135.345453930171146, 34.301054142192221 ], [ 135.344129708532876, 34.301261018443128 ], [ 135.341983650759772, 34.30122750113847 ], [ 135.341314870156225, 34.301737638648696 ], [ 135.340301181986632, 34.302167443300121 ], [ 135.340218034475328, 34.302838785593607 ], [ 135.33999114753783, 34.302971381677786 ], [ 135.338292885475823, 34.303564263966742 ], [ 135.337067342235201, 34.303517461883878 ], [ 135.336609726341408, 34.303720795892133 ], [ 135.336314962216363, 34.303943751156922 ], [ 135.336011338126184, 34.305144345580629 ], [ 135.335578795292406, 34.304976039901298 ], [ 135.33479995572668, 34.305184667178288 ], [ 135.333880002258809, 34.305117153212819 ], [ 135.333867623591118, 34.305737086973025 ], [ 135.334156040502506, 34.306487125146049 ], [ 135.335711037919793, 34.306719693192278 ], [ 135.345339255863877, 34.307044494221863 ], [ 135.349920528571204, 34.306432845471029 ], [ 135.350856059869017, 34.306626564291996 ], [ 135.351421751022798, 34.306540242562413 ] ] ] } },
{ "type": "Feature", "properties": { "CITY_NAME": "紀の川市", "S_NAME": "大字神通", "JINKO": 7, "medical_area": "30_那賀医療圏", "町丁目名": "紀の川市大字神通" }, "geometry": { "type": "Polygon", "coordinates": [ [ [ 135.364924447932225, 34.329681708764582 ], [ 135.36625473522767, 34.329746326730991 ], [ 135.366827204955314, 34.330080034307485 ], [ 135.36714615191454, 34.330835603962079 ], [ 135.368307498715836, 34.33116867249327 ], [ 135.369535979989621, 34.330590231971314 ], [ 135.371055008705923, 34.33021710073502 ], [ 135.372276068498422, 34.330272925041271 ], [ 135.37421132147557, 34.331031498160726 ], [ 135.375298653237365, 34.331108864454478 ], [ 135.375707413114696, 34.330998102716265 ], [ 135.376491049469564, 34.330345625167659 ], [ 135.377890034034664, 34.330065612377197 ], [ 135.37956297382388, 34.328674102155496 ], [ 135.380539581721365, 34.328668737375281 ], [ 135.38115476952126, 34.329071899468133 ], [ 135.383623253953687, 34.329607190290602 ], [ 135.386821282947153, 34.329279604339185 ], [ 135.38707973583422, 34.329434862919008 ], [ 135.387271016056388, 34.330338222221528 ], [ 135.388127296830135, 34.332450168378998 ], [ 135.388385730047929, 34.332615567546817 ], [ 135.389744738111744, 34.332735162823958 ], [ 135.391163904744559, 34.333090855901929 ], [ 135.391363708704205, 34.332815038697554 ], [ 135.393188050179617, 34.331829106776254 ], [ 135.393338245179251, 34.331573466914278 ], [ 135.393195393316205, 34.330803616267787 ], [ 135.393777204618715, 34.328104054453732 ], [ 135.393500002888402, 34.327107724437262 ], [ 135.392848655143268, 34.326571316006323 ], [ 135.392059014656269, 34.326362164371993 ], [ 135.391949013071752, 34.326187223362112 ], [ 135.392317575993701, 34.323917381814312 ], [ 135.392071719815533, 34.321998223626586 ], [ 135.392645325932847, 34.320437125052671 ], [ 135.392986286049563, 34.317690000960688 ], [ 135.392649678260995, 34.31723205753066 ], [ 135.391773379362888, 34.317053324579014 ], [ 135.391291119026192, 34.317081646934064 ], [ 135.390509590668103, 34.317477845591455 ], [ 135.389325246173769, 34.316307811035202 ], [ 135.389246200602116, 34.315271596487548 ], [ 135.389050425924978, 34.314993671981682 ], [ 135.387803759459445, 34.314812226076363 ], [ 135.387541451914188, 34.314586090123704 ], [ 135.386998351976189, 34.314725380155011 ], [ 135.386017124211463, 34.313305863061039 ], [ 135.385888141037753, 34.312720747883979 ], [ 135.383330338020784, 34.312903754434522 ], [ 135.380718348442429, 34.312630294491463 ], [ 135.378547556455118, 34.311914841235058 ], [ 135.377394736771066, 34.310966448329459 ], [ 135.374430795683196, 34.309994054526392 ], [ 135.37416988974698, 34.309704931262488 ], [ 135.373314980499686, 34.309715366859201 ], [ 135.372599019068758, 34.309523373418209 ], [ 135.372134066975718, 34.310720494904636 ], [ 135.370836650487547, 34.313043303686079 ], [ 135.370348623987269, 34.31431893837771 ], [ 135.370351480862467, 34.315269135171071 ], [ 135.370626576443499, 34.315591027325411 ], [ 135.37095597675318, 34.3165204962216 ], [ 135.370830817125807, 34.317569352682185 ], [ 135.368725167964101, 34.32189851285203 ], [ 135.366996981878799, 34.32485028955783 ], [ 135.366533015787695, 34.326494387116838 ], [ 135.364924447932225, 34.329681708764582 ] ] ] } },
{ "type": "Feature", "properties": { "CITY_NAME": "紀の川市", "S_NAME": "大字中畑", "JINKO": 11, "medical_area": "30_那賀医療圏", "町丁目名": "紀の川市大字中畑" }, "geometry": { "type": "Polygon", "coordinates": [ [ [ 135.353062321803264, 34.332220316373686 ], [ 135.353657152545452, 34.332054260093578 ], [ 135.354378245581955, 34.332358093817128 ], [ 135.354505292195199, 34.332720366686473 ], [ 135.355509403260214, 34.333610418544666 ], [ 135.356728168933586, 34.333108967271514 ], [ 135.357777930127099, 34.333487608098636 ], [ 135.358216388559782, 34.333151390476765 ], [ 135.359051632925059, 34.333078829691274 ], [ 135.359797970993384, 34.33249797520407 ], [ 135.360331307498086, 34.331877554375417 ], [ 135.36057296158728, 34.33119025133356 ], [ 135.360964967747861, 34.330861532429985 ], [ 135.361238939901966, 34.330193553192608 ], [ 135.361761791517864, 34.329726896787285 ], [ 135.361931584796395, 34.329350815800652 ], [ 135.362285549554713, 34.329144871052293 ], [ 135.3626193529457, 34.329146601254536 ], [ 135.363420862863677, 34.329851007064576 ], [ 135.364385266128068, 34.3298559951347 ], [ 135.364924447932225, 34.329681708764582 ], [ 135.366533015787695, 34.326494387116838 ], [ 135.366996981878799, 34.32485028955783 ], [ 135.368725167964101, 34.32189851285203 ], [ 135.370830817125807, 34.317569352682185 ], [ 135.37095597675318, 34.3165204962216 ], [ 135.370626576443499, 34.315591027325411 ], [ 135.370351480862467, 34.315269135171071 ], [ 135.370348623987269, 34.31431893837771 ], [ 135.370836650487547, 34.313043303686079 ], [ 135.372134066975718, 34.310720494904636 ], [ 135.372599019068758, 34.309523373418209 ], [ 135.371692437089479, 34.309240811028765 ], [ 135.370681077752522, 34.308571020817965 ], [ 135.370070669575853, 34.308657065064416 ], [ 135.368477631306433, 34.308237134505511 ], [ 135.367393173418407, 34.309362736664447 ], [ 135.366944272833479, 34.310243393206036 ], [ 135.366728180009602, 34.310361314982309 ], [ 135.366491030987248, 34.310092160814243 ], [ 135.366594217593047, 34.309080689379918 ], [ 135.36647651435095, 34.30883215353078 ], [ 135.364314620309614, 34.308533199998138 ], [ 135.363697876403194, 34.30786524748288 ], [ 135.361615356698252, 34.308152109350132 ], [ 135.361075483076121, 34.307598645129971 ], [ 135.361269472004437, 34.307242407915368 ], [ 135.361140119830822, 34.306954080019729 ], [ 135.360925517444969, 34.306873654912707 ], [ 135.360662343159362, 34.306892149022055 ], [ 135.360312500489755, 34.307307021489962 ], [ 135.359844973424572, 34.307473208811473 ], [ 135.358601924038055, 34.307417135488592 ], [ 135.357865380593381, 34.306788244821533 ], [ 135.357658869267055, 34.305636255812388 ], [ 135.357170330568891, 34.305415348959144 ], [ 135.356916350803431, 34.305800989224501 ], [ 135.356003303302117, 34.306381516999664 ], [ 135.355748371053352, 34.306886326846261 ], [ 135.354553954531497, 34.307519885478094 ], [ 135.354168549385321, 34.307884967823412 ], [ 135.353821305085461, 34.307952589372363 ], [ 135.352597447311638, 34.307732863571132 ], [ 135.352122235360582, 34.307333523427168 ], [ 135.351067975802607, 34.30839448945818 ], [ 135.34960240394355, 34.309299580526563 ], [ 135.346861478819932, 34.312100210863257 ], [ 135.346355107607877, 34.313173216708968 ], [ 135.346464816919649, 34.31348301621248 ], [ 135.347440131794883, 34.314511918280637 ], [ 135.349373299242501, 34.317364823520251 ], [ 135.34990068585671, 34.318766612657271 ], [ 135.350010828054678, 34.320408491069472 ], [ 135.350499943981646, 34.3222102818061 ], [ 135.35122624717269, 34.323295582539302 ], [ 135.351775755635032, 34.323757156356201 ], [ 135.353930643148459, 34.325018725063735 ], [ 135.354155664252886, 34.325307564323495 ], [ 135.354734168644683, 34.327071765797022 ], [ 135.354387542166961, 34.328617685136052 ], [ 135.354086529706649, 34.32888403549395 ], [ 135.353927548370024, 34.329339611909077 ], [ 135.354127596157213, 34.33054606626358 ], [ 135.353969944142364, 34.330833031153134 ], [ 135.353152334551964, 34.331404180077257 ], [ 135.352958082928552, 34.331780120540529 ], [ 135.353062321803264, 34.332220316373686 ] ] ] } },
{ "type": "Feature", "properties": { "CITY_NAME": "紀の川市", "S_NAME": "大字今畑", "JINKO": 0, "medical_area": "30_那賀医療圏", "町丁目名": "紀の川市大字今畑" }, "geometry": { "type": "Polygon", "coordinates": [ [ [ 135.33037897116489, 34.316670305738953 ], [ 135.330306850288622, 34.318345912326492 ], [ 135.330329978599877, 34.318946030173009 ], [ 135.330499146482197, 34.319250966261336 ], [ 135.330439150804665, 34.319804703038621 ], [ 135.330085087049554, 34.320018159564917 ], [ 135.32913909983273, 34.321205418908612 ], [ 135.328459263191405, 34.32157104330058 ], [ 135.328446911509047, 34.321955686480337 ], [ 135.327893551286706, 34.323325971328345 ], [ 135.327927161309134, 34.323764679382045 ], [ 135.328046362091612, 34.323934516282378 ], [ 135.328593788279761, 34.323899205324231 ], [ 135.328814375616389, 34.324146512638727 ], [ 135.329549464741802, 34.324416078066029 ], [ 135.330045257487427, 34.325041852295101 ], [ 135.331747483245522, 34.325558984981562 ], [ 135.332590038398536, 34.325725157176379 ], [ 135.333129576718392, 34.325512711207459 ], [ 135.333563896370038, 34.325707360768753 ], [ 135.334108696876456, 34.325414081794463 ], [ 135.334654009414294, 34.325647928551156 ], [ 135.335011647080734, 34.326157548512704 ], [ 135.335511169720974, 34.326314215774431 ], [ 135.335681853741164, 34.327015247808717 ], [ 135.336401209563803, 34.3275192123821 ], [ 135.337170472093732, 34.327577174944949 ], [ 135.338075043142027, 34.328709133250307 ], [ 135.339172755772239, 34.32945375074916 ], [ 135.339120143929733, 34.330842136769931 ], [ 135.339481155501289, 34.332113574469282 ], [ 135.339126027232908, 34.332457774812717 ], [ 135.338719057190502, 34.334090629450543 ], [ 135.338307943903715, 34.334480729703309 ], [ 135.337535407309417, 34.334830422180723 ], [ 135.33739369426732, 34.335160554723579 ], [ 135.338291682815509, 34.335373035187821 ], [ 135.338952615167301, 34.335061193962872 ], [ 135.34091621841182, 34.335387152035452 ], [ 135.34198474042546, 34.335139040847913 ], [ 135.34256823250908, 34.334646030927971 ], [ 135.344273456714689, 34.332423947681335 ], [ 135.344757117675442, 34.332241710720055 ], [ 135.345113890139629, 34.331682115076141 ], [ 135.34533883721636, 34.330779366751507 ], [ 135.345926157450236, 34.330382289656079 ], [ 135.346158189124338, 34.330360422592975 ], [ 135.346895355585644, 34.330972188771227 ], [ 135.348118492885135, 34.331109403124316 ], [ 135.348513715315846, 34.331565513199195 ], [ 135.34916934585732, 34.331938337928321 ], [ 135.349954835140409, 34.33170005653961 ], [ 135.351657031218764, 34.332255322181666 ], [ 135.352467825839454, 34.332348056134663 ], [ 135.353062321803264, 34.332220316373686 ], [ 135.352958082928552, 34.331780120540529 ], [ 135.353152334551964, 34.331404180077257 ], [ 135.353969944142364, 34.330833031153134 ], [ 135.354127596157213, 34.33054606626358 ], [ 135.353927548370024, 34.329339611909077 ], [ 135.354086529706649, 34.32888403549395 ], [ 135.354387542166961, 34.328617685136052 ], [ 135.354734168644683, 34.327071765797022 ], [ 135.354155664252886, 34.325307564323495 ], [ 135.353930643148459, 34.325018725063735 ], [ 135.351775755635032, 34.323757156356201 ], [ 135.350761841313869, 34.32269147124164 ], [ 135.350199945231822, 34.321301627121301 ], [ 135.34990068585671, 34.318766612657271 ], [ 135.349373299242501, 34.317364823520251 ], [ 135.347440131794883, 34.314511918280637 ], [ 135.346685392456067, 34.313808477295737 ], [ 135.346355107607877, 34.313173216708968 ], [ 135.346861478819932, 34.312100210863257 ], [ 135.347559205256772, 34.311331802415097 ], [ 135.34960240394355, 34.309299580526563 ], [ 135.351067975802607, 34.30839448945818 ], [ 135.352122235360582, 34.307333523427168 ], [ 135.351421751022798, 34.306540242562413 ], [ 135.350856059869017, 34.306626564291996 ], [ 135.349920528571204, 34.306432845471029 ], [ 135.345339255863877, 34.307044494221863 ], [ 135.342979292349213, 34.306868143375596 ], [ 135.337037480381042, 34.306806206763483 ], [ 135.334156040502506, 34.306487125146049 ], [ 135.334007802445427, 34.307115342396017 ], [ 135.333519955675229, 34.307751443141164 ], [ 135.33315259888866, 34.307927947558838 ], [ 135.33308659109062, 34.308654091511762 ], [ 135.331758534589426, 34.30865929016182 ], [ 135.33152124585223, 34.309090209763013 ], [ 135.330580004009732, 34.30980511032741 ], [ 135.330355649698703, 34.310511505331206 ], [ 135.328664907666422, 34.311056487585709 ], [ 135.328602104124258, 34.311362968638278 ], [ 135.328899042851958, 34.31198458147977 ], [ 135.328084589549206, 34.31239641501373 ], [ 135.327833524432947, 34.312658054662215 ], [ 135.32773218527123, 34.313070827114366 ], [ 135.327139735037235, 34.31355599287906 ], [ 135.327009155843342, 34.313849564114925 ], [ 135.327177889577314, 34.314457940121166 ], [ 135.328062301025739, 34.314747636572172 ], [ 135.327899133501433, 34.315341656824259 ], [ 135.328046098752367, 34.315843413526373 ], [ 135.329801102572617, 34.316260154631962 ], [ 135.33037897116489, 34.316670305738953 ] ] ] } },
{ "type": "Feature", "properties": { "CITY_NAME": "紀の川市", "S_NAME": "大字登尾", "JINKO": 71, "medical_area": "30_那賀医療圏", "町丁目名": "紀の川市大字登尾" }, "geometry": { "type": "Polygon", "coordinates": [ [ [ 135.359614313766059, 34.293628179319612 ], [ 135.361585825721534, 34.293588854739376 ], [ 135.361870643575287, 34.292780757468314 ], [ 135.36207107188622, 34.292608247201159 ], [ 135.362733572172601, 34.292566325349355 ], [ 135.362994521725824, 34.292261851549576 ], [ 135.362736092251367, 34.292231069137429 ], [ 135.362168942515694, 34.289926037461406 ], [ 135.361840921171563, 34.289739090946185 ], [ 135.361575807484201, 34.288957156016011 ], [ 135.361068197454415, 34.288628123666051 ], [ 135.360934770027455, 34.288001264443899 ], [ 135.359181314921813, 34.288009740033644 ], [ 135.358343331293696, 34.288340913824676 ], [ 135.357992017402779, 34.287897593496552 ], [ 135.357387721852774, 34.287709329570802 ], [ 135.355715698086669, 34.288185579851728 ], [ 135.355411634916749, 34.287646004940179 ], [ 135.355095785214672, 34.285862634392103 ], [ 135.355876435609531, 34.285214084982954 ], [ 135.355890439784559, 34.284773097219315 ], [ 135.351303620404764, 34.284982654726292 ], [ 135.3513021334185, 34.285176764548574 ], [ 135.351688366214546, 34.285386022744895 ], [ 135.351822185336601, 34.285951191747138 ], [ 135.352690535904344, 34.286343867044607 ], [ 135.352964057377676, 34.286706918842071 ], [ 135.353087438993214, 34.287946933237365 ], [ 135.353287402775521, 34.288203664198228 ], [ 135.353785676818859, 34.288356312592832 ], [ 135.354208335412977, 34.29006967191696 ], [ 135.354589665860203, 34.290230436240023 ], [ 135.35424415685506, 34.290942965290398 ], [ 135.353803313689554, 34.290918669582119 ], [ 135.353737903171293, 34.29113892635786 ], [ 135.353894958027041, 34.291448396339732 ], [ 135.353356413992543, 34.292389240104889 ], [ 135.353267884666622, 34.292847442295894 ], [ 135.353764373500383, 34.293939396385639 ], [ 135.353591527011844, 34.294308970730306 ], [ 135.354380160868828, 34.29541570694218 ], [ 135.354161517024409, 34.296217231092392 ], [ 135.354756298828335, 34.298168025642198 ], [ 135.356070654711772, 34.297493263051187 ], [ 135.356833010451936, 34.29674529987291 ], [ 135.358522124885582, 34.294556295616651 ], [ 135.359614313766059, 34.293628179319612 ] ] ] } },
{ "type": "Feature", "properties": { "CITY_NAME": "紀の川市", "S_NAME": "大字枇杷谷", "JINKO": 51, "medical_area": "30_那賀医療圏", "町丁目名": "紀の川市大字枇杷谷" }, "geometry": { "type": "Polygon", "coordinates": [ [ [ 135.354756298828306, 34.298168025642163 ], [ 135.354161517024409, 34.296217231092371 ], [ 135.354380160868857, 34.29541570694218 ], [ 135.353591527011844, 34.294308970730306 ], [ 135.353764373500411, 34.293939396385639 ], [ 135.35326788466665, 34.292847442295908 ], [ 135.353356413992572, 34.292389240104882 ], [ 135.353894958027041, 34.291448396339732 ], [ 135.353737903171293, 34.29113892635786 ], [ 135.353803313689554, 34.290918669582133 ], [ 135.35424415685506, 34.290942965290398 ], [ 135.354589665860203, 34.290230436240037 ], [ 135.354208335412977, 34.29006967191696 ], [ 135.353785676818859, 34.288356312592832 ], [ 135.353287402775521, 34.288203664198228 ], [ 135.353087438993214, 34.287946933237365 ], [ 135.352964057377676, 34.286706918842071 ], [ 135.352690535904344, 34.286343867044621 ], [ 135.351980435997945, 34.286101911681683 ], [ 135.351706718697045, 34.285765339328201 ], [ 135.351688366214574, 34.285386022744902 ], [ 135.3513021334185, 34.285176764548574 ], [ 135.350988406190481, 34.28589832898529 ], [ 135.350367719635841, 34.286468243465748 ], [ 135.350450105427086, 34.28681282192381 ], [ 135.351133753686639, 34.287733773223998 ], [ 135.350899506981591, 34.287794094712801 ], [ 135.351039585262953, 34.288240402788041 ], [ 135.350535258839528, 34.288872771788277 ], [ 135.348828800107185, 34.289675275590341 ], [ 135.345689027642408, 34.289618719648239 ], [ 135.346579724279877, 34.289870543635445 ], [ 135.346630846815145, 34.290135365956772 ], [ 135.347318957790094, 34.29047429166237 ], [ 135.347454185543711, 34.290854228114419 ], [ 135.347950836943284, 34.291218476606048 ], [ 135.349266602083532, 34.291481276967168 ], [ 135.349832062341449, 34.293270345182862 ], [ 135.350418495852381, 34.294402512608237 ], [ 135.350519447152692, 34.295099783166066 ], [ 135.349456371348111, 34.295830616915921 ], [ 135.348768722804749, 34.296806012794718 ], [ 135.348514013488938, 34.298837830423182 ], [ 135.348794109335984, 34.299963034036743 ], [ 135.35193524866537, 34.29927278629755 ], [ 135.354756298828306, 34.298168025642163 ] ] ] } },
{ "type": "Feature", "properties": { "CITY_NAME": "紀の川市", "S_NAME": "大字豊田", "JINKO": 238, "medical_area": "30_那賀医療圏", "町丁目名": "紀の川市大字豊田" }, "geometry": { "type": "Polygon", "coordinates": [ [ [ 135.359393356269379, 34.287995772936732 ], [ 135.359194496251519, 34.287674679965249 ], [ 135.359291387787266, 34.286105056262876 ], [ 135.359002274740192, 34.285304256307469 ], [ 135.359384175514464, 34.285073533378679 ], [ 135.358209546044179, 34.283731257071246 ], [ 135.357879577324326, 34.283799966695398 ], [ 135.357332623519454, 34.283065007962762 ], [ 135.357326124195538, 34.282518119854608 ], [ 135.356943054928337, 34.281702313748795 ], [ 135.356211131003676, 34.281722848541051 ], [ 135.356543979613008, 34.279872304363309 ], [ 135.355789467076789, 34.279886097375339 ], [ 135.35503263072323, 34.280199644374235 ], [ 135.355057510776817, 34.279723495601097 ], [ 135.353644180801439, 34.279742547879017 ], [ 135.353848968971249, 34.279364264741119 ], [ 135.353454736304002, 34.278810968210692 ], [ 135.353374904874784, 34.278131417723742 ], [ 135.352381131825666, 34.277502269787767 ], [ 135.352262032664214, 34.277160596905496 ], [ 135.351790368420012, 34.276954833056962 ], [ 135.351528286603639, 34.276454630436739 ], [ 135.351147907577655, 34.27617905259887 ], [ 135.35112989855304, 34.275755644099767 ], [ 135.350036296352926, 34.275652799112862 ], [ 135.349974799681121, 34.276053952358964 ], [ 135.350291931753276, 34.276267216798452 ], [ 135.350542218397607, 34.276877097533578 ], [ 135.350347933566155, 34.277273040471151 ], [ 135.350563023144076, 34.278323796384498 ], [ 135.350511926065479, 34.279443718691915 ], [ 135.350170243663655, 34.28035488523156 ], [ 135.350637953209485, 34.281023247823711 ], [ 135.35038178306155, 34.281864150007728 ], [ 135.350747388947951, 34.282686505863367 ], [ 135.351543220623483, 34.282831721062522 ], [ 135.351251205479315, 34.283500575123902 ], [ 135.351236951202623, 34.283976778489212 ], [ 135.351440298835257, 34.284476247727966 ], [ 135.351303620404764, 34.284982654726292 ], [ 135.355890439784559, 34.284773097219315 ], [ 135.355876435609531, 34.285214084982954 ], [ 135.355095785214672, 34.285862634392103 ], [ 135.355411634916749, 34.287646004940179 ], [ 135.355715698086669, 34.288185579851728 ], [ 135.357387721852774, 34.287709329570802 ], [ 135.357992017402779, 34.287897593496552 ], [ 135.358343331293696, 34.288340913824676 ], [ 135.359393356269379, 34.287995772936732 ] ] ] } },
{ "type": "Feature", "properties": { "CITY_NAME": "紀の川市", "S_NAME": "大字東三谷", "JINKO": 289, "medical_area": "30_那賀医療圏", "町丁目名": "紀の川市大字東三谷" }, "geometry": { "type": "Polygon", "coordinates": [ [ [ 135.341983650759772, 34.301227501138506 ], [ 135.345453930171175, 34.301054142192221 ], [ 135.347231627285908, 34.300608646018084 ], [ 135.348794109335984, 34.299963034036722 ], [ 135.348514013488938, 34.298837830423182 ], [ 135.348768722804749, 34.296806012794733 ], [ 135.349456371348111, 34.295830616915921 ], [ 135.350519447152692, 34.295099783166066 ], [ 135.350335559546352, 34.294128647207522 ], [ 135.349832062341449, 34.293270345182862 ], [ 135.349266602083532, 34.291481276967168 ], [ 135.347950836943284, 34.291218476606048 ], [ 135.347454185543711, 34.290854228114398 ], [ 135.347318957790094, 34.29047429166237 ], [ 135.346630846815145, 34.290135365956793 ], [ 135.346579724279877, 34.289870543635445 ], [ 135.345689027642408, 34.289618719648232 ], [ 135.349126894184934, 34.28960614107919 ], [ 135.350535258839528, 34.288872771788292 ], [ 135.351039585262981, 34.288240402788041 ], [ 135.350856157060349, 34.287908673496226 ], [ 135.35112395769201, 34.287627788199046 ], [ 135.350345379753549, 34.286609417002794 ], [ 135.350422233080906, 34.286292304573841 ], [ 135.350988406190481, 34.28589832898529 ], [ 135.351257731166299, 34.285423474129416 ], [ 135.351440298835257, 34.284476247727966 ], [ 135.351236951202623, 34.283976778489212 ], [ 135.351251205479315, 34.283500575123902 ], [ 135.351543220623483, 34.282831721062522 ], [ 135.350747388947951, 34.282686505863367 ], [ 135.35038178306155, 34.281864150007728 ], [ 135.350637953209485, 34.281023247823711 ], [ 135.350170243663655, 34.28035488523156 ], [ 135.350511926065479, 34.279443718691915 ], [ 135.350563023144076, 34.278323796384498 ], [ 135.350347933566155, 34.277273040471151 ], [ 135.350542218397607, 34.276877097533578 ], [ 135.350291931753276, 34.276267216798452 ], [ 135.349974799681121, 34.276053952358964 ], [ 135.350036296352926, 34.275652799112862 ], [ 135.349649503162198, 34.275522981608816 ], [ 135.349599372128125, 34.275134620656345 ], [ 135.347444387873765, 34.274884970640969 ], [ 135.347280596854915, 34.277525832398467 ], [ 135.346170705031966, 34.277471469786235 ], [ 135.346131081219426, 34.278476788792354 ], [ 135.345556773822693, 34.27854416539472 ], [ 135.345067718474041, 34.279952929900432 ], [ 135.344473348831798, 34.27987030987228 ], [ 135.34424528759746, 34.280504132748248 ], [ 135.343511827077862, 34.280544309031214 ], [ 135.343055996060428, 34.281093235978311 ], [ 135.343097959487835, 34.28184753528668 ], [ 135.343381615867941, 34.282263630291446 ], [ 135.343053647393987, 34.285503286545563 ], [ 135.343058137664229, 34.286297251066983 ], [ 135.343282823962568, 34.286725566106576 ], [ 135.342911170466067, 34.286750627101668 ], [ 135.342668736669054, 34.286493514251433 ], [ 135.342444384442501, 34.286651073767608 ], [ 135.34254582600974, 34.287269036730244 ], [ 135.342233911882488, 34.287752514242761 ], [ 135.342209777880896, 34.288122865843221 ], [ 135.342602060798583, 34.288239630085435 ], [ 135.343254300387002, 34.287722754202527 ], [ 135.343696284505597, 34.288280836244709 ], [ 135.343894932989173, 34.288188220656579 ], [ 135.343895071400851, 34.287995091576661 ], [ 135.344095710470725, 34.28815492070391 ], [ 135.344510276226828, 34.288139523519853 ], [ 135.344613676618138, 34.287826926749908 ], [ 135.344834275621082, 34.288154492720359 ], [ 135.345057102154556, 34.288199771998329 ], [ 135.34543008610197, 34.289436607188335 ], [ 135.344416047669569, 34.291389258398588 ], [ 135.344346036563223, 34.292200421505044 ], [ 135.344453187747007, 34.292555134818024 ], [ 135.345386873519885, 34.293798346767531 ], [ 135.346281003558403, 34.294568028601475 ], [ 135.346310254638695, 34.29489598425144 ], [ 135.346125810826834, 34.295357050872319 ], [ 135.345933507117365, 34.297228315083657 ], [ 135.344831688858136, 34.298515596950701 ], [ 135.341983650759772, 34.301227501138506 ] ] ] } },
{ "type": "Feature", "properties": { "CITY_NAME": "紀の川市", "S_NAME": "大字中三谷", "JINKO": 619, "medical_area": "30_那賀医療圏", "町丁目名": "紀の川市大字中三谷" }, "geometry": { "type": "Polygon", "coordinates": [ [ [ 135.336936652047882, 34.303547885516252 ], [ 135.338292885475823, 34.303564263966742 ], [ 135.340218034475328, 34.302838785593607 ], [ 135.340301181986632, 34.302167443300121 ], [ 135.341881835625259, 34.301337815597861 ], [ 135.345395276770461, 34.297936967265166 ], [ 135.346043447521936, 34.296975901522487 ], [ 135.346281003558403, 34.294568028601475 ], [ 135.345386873519885, 34.293798346767531 ], [ 135.344453187747007, 34.292555134818024 ], [ 135.344346036563223, 34.292200421505044 ], [ 135.344416047669569, 34.291389258398588 ], [ 135.34543008610197, 34.289436607188335 ], [ 135.345297871172335, 34.288668454828525 ], [ 135.345057102154556, 34.288199771998329 ], [ 135.344834275621082, 34.288154492720359 ], [ 135.344613676618138, 34.287826926749908 ], [ 135.344510276226828, 34.288139523519853 ], [ 135.344095710470725, 34.28815492070391 ], [ 135.343895071400851, 34.287995091576661 ], [ 135.343809508324227, 34.288277778305478 ], [ 135.343601132606864, 34.288218487281547 ], [ 135.343254300387002, 34.287722754202527 ], [ 135.342602060798583, 34.288239630085435 ], [ 135.342209777880896, 34.288122865843221 ], [ 135.342190167336298, 34.287911037244541 ], [ 135.34254582600974, 34.287269036730244 ], [ 135.342444384442501, 34.286651073767608 ], [ 135.342668736669054, 34.286493514251433 ], [ 135.342911170466067, 34.286750627101668 ], [ 135.343282823962568, 34.286725566106576 ], [ 135.343058137664229, 34.286297251066983 ], [ 135.343053647393987, 34.285503286545563 ], [ 135.343381615867941, 34.282263630291446 ], [ 135.343097959487835, 34.28184753528668 ], [ 135.343055996060428, 34.281093235978311 ], [ 135.343511827077862, 34.280544309031214 ], [ 135.34424528759746, 34.280504132748248 ], [ 135.344473348831798, 34.27987030987228 ], [ 135.345067718474041, 34.279952929900432 ], [ 135.345556773822693, 34.27854416539472 ], [ 135.346131081219426, 34.278476788792354 ], [ 135.346170705031966, 34.277471469786235 ], [ 135.347280596854915, 34.277525832398467 ], [ 135.347444387873765, 34.274884970640969 ], [ 135.346415453253684, 34.274667768772872 ], [ 135.346705674047399, 34.273544748420484 ], [ 135.346310568847883, 34.273114822040554 ], [ 135.344516956849986, 34.272867183819159 ], [ 135.344822515948124, 34.27251100506917 ], [ 135.34476011223029, 34.271294115334051 ], [ 135.344058482249466, 34.270992283402201 ], [ 135.340993977751197, 34.27093415870916 ], [ 135.34112660248357, 34.271640634170275 ], [ 135.340911928438658, 34.271921786399751 ], [ 135.341096497194741, 34.27277828706498 ], [ 135.340796717201044, 34.273076591723566 ], [ 135.340670628205089, 34.273574174411301 ], [ 135.340166240483285, 34.273540612733647 ], [ 135.340068380006073, 34.274018907286312 ], [ 135.340145587602308, 34.274334591814295 ], [ 135.341262916356328, 34.274605008674023 ], [ 135.340748268517757, 34.275202073574356 ], [ 135.34119889425267, 34.276007175310511 ], [ 135.34166623958987, 34.276027149956413 ], [ 135.341530077557451, 34.277137889674115 ], [ 135.34091933563505, 34.277112637761697 ], [ 135.340720907106373, 34.277354011514568 ], [ 135.340574195060071, 34.27836326775784 ], [ 135.340358886336332, 34.278816276368438 ], [ 135.340744325853279, 34.279806265662003 ], [ 135.340070719094399, 34.281024273110098 ], [ 135.340597420578291, 34.282976316125499 ], [ 135.340551174593799, 34.283461223544499 ], [ 135.340061549923831, 34.28424803014331 ], [ 135.34027096525611, 34.284646125258284 ], [ 135.340959069991982, 34.284976070345586 ], [ 135.341166306144032, 34.287023587218613 ], [ 135.341086562063168, 34.288394638067835 ], [ 135.341442795775208, 34.289049323732371 ], [ 135.340831535100534, 34.289760380178429 ], [ 135.341105749722487, 34.29071002544012 ], [ 135.340641647381659, 34.291624856766482 ], [ 135.340691101883948, 34.292101391499877 ], [ 135.34047385587013, 34.292700033471469 ], [ 135.340131005123538, 34.293059793984149 ], [ 135.339966229930752, 34.293746898477565 ], [ 135.338852433089443, 34.294843317271777 ], [ 135.337385657283534, 34.295260952664613 ], [ 135.33447939258204, 34.295589487306316 ], [ 135.334352355585253, 34.296117183492157 ], [ 135.333033025232254, 34.298043419724024 ], [ 135.332555800231063, 34.298590352559579 ], [ 135.332085958981963, 34.298835592196291 ], [ 135.332322213560076, 34.299175649916371 ], [ 135.332394488323303, 34.300109691846018 ], [ 135.333270959771482, 34.300064842142547 ], [ 135.333963579855492, 34.30060569431798 ], [ 135.334211493348391, 34.301363048270851 ], [ 135.33556972746436, 34.302097554718699 ], [ 135.335497254993555, 34.302452419415978 ], [ 135.336066659212918, 34.303401995842272 ], [ 135.336484383700991, 34.303510348634767 ], [ 135.336653082938028, 34.30372821630003 ], [ 135.336936652047882, 34.303547885516252 ] ] ] } },
{ "type": "Feature", "properties": { "CITY_NAME": "紀の川市", "S_NAME": "大字西三谷", "JINKO": 382, "medical_area": "30_那賀医療圏", "町丁目名": "紀の川市大字西三谷" }, "geometry": { "type": "Polygon", "coordinates": [ [ [ 135.340358886336332, 34.278816276368438 ], [ 135.340574195060071, 34.27836326775784 ], [ 135.340720907106373, 34.277354011514568 ], [ 135.34091933563505, 34.277112637761697 ], [ 135.341530077557451, 34.277137889674115 ], [ 135.34166623958987, 34.276027149956413 ], [ 135.34119889425267, 34.276007175310511 ], [ 135.340748268517757, 34.275202073574356 ], [ 135.341262916356328, 34.274605008674023 ], [ 135.340145587602308, 34.274334591814295 ], [ 135.340076762630702, 34.274118970813149 ], [ 135.340166240483285, 34.273540612733647 ], [ 135.340670628205089, 34.273574174411301 ], [ 135.340796717201044, 34.273076591723566 ], [ 135.341096497194741, 34.27277828706498 ], [ 135.340946114517891, 34.272124119901207 ], [ 135.340028926519579, 34.272075801035498 ], [ 135.33851781070328, 34.272385186626906 ], [ 135.337797994569883, 34.27237101998395 ], [ 135.337820970767297, 34.272096303773885 ], [ 135.337493398081108, 34.271884636684739 ], [ 135.337801110607046, 34.271099108251775 ], [ 135.338082384611539, 34.270808037031252 ], [ 135.336857465743634, 34.270796207380577 ], [ 135.336559860736259, 34.271265250764976 ], [ 135.335987606490221, 34.27150896157152 ], [ 135.335865792373426, 34.271874427323787 ], [ 135.335262490078577, 34.272062886869811 ], [ 135.335069453231199, 34.272578840057498 ], [ 135.334830972135848, 34.272653195607745 ], [ 135.334670842842911, 34.272992110964239 ], [ 135.334779318035658, 34.273434332130726 ], [ 135.334139006897686, 34.273878133481823 ], [ 135.333808564537662, 34.275407338658354 ], [ 135.333498853179236, 34.275637957474075 ], [ 135.33328434151872, 34.276217749530666 ], [ 135.333547808184477, 34.276527124573796 ], [ 135.333907290412242, 34.278425910038948 ], [ 135.333687400672432, 34.279246837675863 ], [ 135.333194311446789, 34.279650856749903 ], [ 135.333114936357276, 34.279952592426312 ], [ 135.333521542276088, 34.280312045220832 ], [ 135.333587059367261, 34.280881798384222 ], [ 135.334080488580867, 34.28132018540137 ], [ 135.333102448295108, 34.281538584206672 ], [ 135.333142527096385, 34.282671680043059 ], [ 135.333555282453318, 34.284030500280146 ], [ 135.334083045364054, 34.284556271537141 ], [ 135.334033122632235, 34.286011330865371 ], [ 135.334364525031134, 34.286588299439124 ], [ 135.33303712748733, 34.287612239129736 ], [ 135.332907865921044, 34.288029908761381 ], [ 135.333299084726178, 34.289452375414896 ], [ 135.333186263031251, 34.290889717284422 ], [ 135.333771116513589, 34.291282095008185 ], [ 135.333833388450756, 34.29315312082911 ], [ 135.33419144104252, 34.293904458545626 ], [ 135.334837014975619, 34.294148968423961 ], [ 135.33447939258204, 34.295589487306316 ], [ 135.337385657283534, 34.295260952664613 ], [ 135.338852433089443, 34.294843317271777 ], [ 135.339966229930752, 34.293746898477565 ], [ 135.340131005123538, 34.293059793984149 ], [ 135.34047385587013, 34.292700033471469 ], [ 135.340691101883948, 34.292101391499877 ], [ 135.340641647381659, 34.291624856766482 ], [ 135.341105749722487, 34.29071002544012 ], [ 135.34101936696581, 34.290202442029582 ], [ 135.340787716014631, 34.289927776230961 ], [ 135.341442795775208, 34.289049323732371 ], [ 135.341086562063168, 34.288394638067835 ], [ 135.341166306144032, 34.287023587218613 ], [ 135.340959069991982, 34.284976070345586 ], [ 135.34027096525611, 34.284646125258284 ], [ 135.340061549923831, 34.28424803014331 ], [ 135.340584408866846, 34.283285032881523 ], [ 135.340070719094399, 34.281024273110098 ], [ 135.340744325853279, 34.279806265662003 ], [ 135.340358886336332, 34.278816276368438 ] ], [ [ 135.335860430693799, 34.27863764557258 ], [ 135.334628462577399, 34.278569277973617 ], [ 135.334754410947028, 34.277414531939236 ], [ 135.334587783463803, 34.27698143501302 ], [ 135.33413241167338, 34.276793722566858 ], [ 135.33685153527108, 34.276905353039773 ], [ 135.336471226328342, 34.277579904874351 ], [ 135.336988910682692, 34.278361578269262 ], [ 135.336245924118941, 34.278260505953348 ], [ 135.335860430693799, 34.27863764557258 ] ] ] } },
{ "type": "Feature", "properties": { "CITY_NAME": "紀の川市", "S_NAME": "大字西三谷", "JINKO": 138, "medical_area": "30_那賀医療圏", "町丁目名": "紀の川市大字西三谷" }, "geometry": { "type": "Polygon", "coordinates": [ [ [ 135.335860430693799, 34.27863764557258 ], [ 135.336245924118941, 34.278260505953348 ], [ 135.336988910682692, 34.278361578269262 ], [ 135.336471226328342, 34.277579904874351 ], [ 135.33685153527108, 34.276905353039773 ], [ 135.33413241167338, 34.276793722566858 ], [ 135.334587783463803, 34.27698143501302 ], [ 135.334754410947028, 34.277414531939236 ], [ 135.334628462577399, 34.278569277973617 ], [ 135.335860430693799, 34.27863764557258 ] ] ] } },
{ "type": "Feature", "properties": { "CITY_NAME": "紀の川市", "S_NAME": "大字西三谷", "JINKO": 273, "medical_area": "30_那賀医療圏", "町丁目名": "紀の川市大字西三谷" }, "geometry": { "type": "Polygon", "coordinates": [ [ [ 135.339571660663182, 34.27212616754823 ], [ 135.340946114517891, 34.272124119901207 ], [ 135.340912959001059, 34.271789373216393 ], [ 135.34112660248357, 34.271640634170275 ], [ 135.34081058133458, 34.269927635311319 ], [ 135.339651022663759, 34.269793204379091 ], [ 135.338165979248544, 34.269914376534452 ], [ 135.338555295077697, 34.270241890026121 ], [ 135.338660406081317, 34.270574068114392 ], [ 135.338184165896109, 34.270594320280985 ], [ 135.337719335855695, 34.271249399242443 ], [ 135.337504737049926, 34.271969784316695 ], [ 135.337809102302458, 34.272078913072676 ], [ 135.337797994569883, 34.27237101998395 ], [ 135.33851781070328, 34.272385186626906 ], [ 135.339571660663182, 34.27212616754823 ] ] ] } },
{ "type": "Feature", "properties": { "CITY_NAME": "紀の川市", "S_NAME": "大字東国分", "JINKO": 253, "medical_area": "30_那賀医療圏", "町丁目名": "紀の川市大字東国分" }, "geometry": { "type": "Polygon", "coordinates": [ [ [ 135.344488440234727, 34.271125731816092 ], [ 135.344349888835382, 34.270468957573833 ], [ 135.345182517558158, 34.270544968151107 ], [ 135.345332290856959, 34.26970702738209 ], [ 135.344091675183734, 34.269724344806896 ], [ 135.34419612111563, 34.269350752579825 ], [ 135.343879100066658, 34.268082634385763 ], [ 135.344199791133917, 34.267939676642143 ], [ 135.34402301343053, 34.267317634662092 ], [ 135.345031405747335, 34.26747981662794 ], [ 135.345740591499634, 34.267827327385056 ], [ 135.345726936111561, 34.267239264112838 ], [ 135.34492283159264, 34.266490188864971 ], [ 135.342926401960398, 34.265885445538643 ], [ 135.342363707671495, 34.265855378365423 ], [ 135.34218704147986, 34.265221075412363 ], [ 135.341963396840953, 34.265027021877195 ], [ 135.339601803402104, 34.265146867608266 ], [ 135.339368513712884, 34.265260278420236 ], [ 135.339279187342044, 34.265537172000897 ], [ 135.338267757652687, 34.265121634106031 ], [ 135.33828253364976, 34.269889085212505 ], [ 135.339651022663759, 34.269793204379091 ], [ 135.34081058133458, 34.269927635311319 ], [ 135.340993977751197, 34.27093415870916 ], [ 135.344058482249466, 34.270992283402201 ], [ 135.344488440234727, 34.271125731816092 ] ] ] } },
{ "type": "Feature", "properties": { "CITY_NAME": "紀の川市", "S_NAME": "大字東国分", "JINKO": 737, "medical_area": "30_那賀医療圏", "町丁目名": "紀の川市大字東国分" }, "geometry": { "type": "Polygon", "coordinates": [ [ [ 135.349221763045506, 34.268533299696259 ], [ 135.348854877415761, 34.267126183613478 ], [ 135.348609828670533, 34.266871737984737 ], [ 135.348550687134235, 34.266536578595705 ], [ 135.347208494579888, 34.26633052936792 ], [ 135.346834914013328, 34.26579182445154 ], [ 135.346844674125094, 34.265472243496106 ], [ 135.346533486683597, 34.264852447466957 ], [ 135.346629717256377, 34.264617850167845 ], [ 135.346087162789672, 34.264331382238765 ], [ 135.346017572928048, 34.26393911080951 ], [ 135.346218872397458, 34.263264715733222 ], [ 135.346696885058265, 34.262514038398969 ], [ 135.347875539166921, 34.262279154558613 ], [ 135.348251532134412, 34.260573968536796 ], [ 135.344623995436905, 34.260053949118706 ], [ 135.344564862781084, 34.260186330622787 ], [ 135.343234634059996, 34.260324009715745 ], [ 135.342655665011875, 34.260996220215759 ], [ 135.342400827006344, 34.26107331401014 ], [ 135.341510232192064, 34.260718608310704 ], [ 135.341099719702157, 34.258874130734597 ], [ 135.339640957211856, 34.258733712894212 ], [ 135.337503245305612, 34.259041646494516 ], [ 135.337273633028246, 34.259607392545085 ], [ 135.33727357189008, 34.260080705871147 ], [ 135.336756495011201, 34.260258777507254 ], [ 135.336800355217235, 34.260647808412124 ], [ 135.336427761092466, 34.261509584780605 ], [ 135.336814576825503, 34.262096719782825 ], [ 135.337449731774939, 34.262430928030071 ], [ 135.337840844543592, 34.263056261469721 ], [ 135.338230489175089, 34.264169000378899 ], [ 135.338267757652687, 34.265121634106031 ], [ 135.339279187342044, 34.265537172000897 ], [ 135.339368513712884, 34.265260278420236 ], [ 135.339601803402104, 34.265146867608266 ], [ 135.341963396840953, 34.265027021877195 ], [ 135.34218704147986, 34.265221075412363 ], [ 135.342363707671495, 34.265855378365423 ], [ 135.342926401960398, 34.265885445538643 ], [ 135.34492283159264, 34.266490188864971 ], [ 135.345726936111561, 34.267239264112838 ], [ 135.346069008065626, 34.267331528545945 ], [ 135.34613697096691, 34.26707776234116 ], [ 135.347460661366625, 34.267366980632907 ], [ 135.347348990724669, 34.267893096256763 ], [ 135.34663802846265, 34.267774781313953 ], [ 135.346538350101071, 34.267988371586547 ], [ 135.346890184655564, 34.268514985837122 ], [ 135.346716680117225, 34.269352234790837 ], [ 135.347074666215178, 34.269802388162915 ], [ 135.349787386037661, 34.270074872704356 ], [ 135.350069939495341, 34.268755019060613 ], [ 135.349221763045506, 34.268533299696259 ] ] ] } },
{ "type": "Feature", "properties": { "CITY_NAME": "紀の川市", "S_NAME": "大字東国分", "JINKO": 64, "medical_area": "30_那賀医療圏", "町丁目名": "紀の川市大字東国分" }, "geometry": { "type": "Polygon", "coordinates": [ [ [ 135.347348990724669, 34.267893096256763 ], [ 135.347460661366625, 34.267366980632907 ], [ 135.34613697096691, 34.26707776234116 ], [ 135.346069008065626, 34.267331528545945 ], [ 135.34663802846265, 34.267774781313953 ], [ 135.347348990724669, 34.267893096256763 ] ] ] } },
{ "type": "Feature", "properties": { "CITY_NAME": "紀の川市", "S_NAME": "大字東国分", "JINKO": 205, "medical_area": "30_那賀医療圏", "町丁目名": "紀の川市大字東国分" }, "geometry": { "type": "Polygon", "coordinates": [ [ [ 135.347074666215178, 34.269802388162915 ], [ 135.346716680117225, 34.269352234790837 ], [ 135.346890184655564, 34.268514985837122 ], [ 135.346530352985411, 34.268084824598539 ], [ 135.34663802846265, 34.267774781313953 ], [ 135.346494328133758, 34.267574966382533 ], [ 135.345726936111561, 34.267239264112838 ], [ 135.345740591499634, 34.267827327385056 ], [ 135.345031405747335, 34.26747981662794 ], [ 135.34402301343053, 34.267317634662092 ], [ 135.344199791133917, 34.267939676642143 ], [ 135.343879100066658, 34.268082634385763 ], [ 135.34419612111563, 34.269350752579825 ], [ 135.344091675183734, 34.269724344806896 ], [ 135.347074666215178, 34.269802388162915 ] ] ] } },
{ "type": "Feature", "properties": { "CITY_NAME": "紀の川市", "S_NAME": "大字北大井", "JINKO": 1152, "medical_area": "30_那賀医療圏", "町丁目名": "紀の川市大字北大井" }, "geometry": { "type": "Polygon", "coordinates": [ [ [ 135.355558928268238, 34.2759730934579 ], [ 135.356971459369902, 34.276050935280608 ], [ 135.3568912023064, 34.275424353850816 ], [ 135.356302613482029, 34.274583380132164 ], [ 135.357048146727578, 34.274349077670372 ], [ 135.356711679793307, 34.272486296640039 ], [ 135.356895877837758, 34.272010982716736 ], [ 135.358041059495008, 34.272081640184496 ], [ 135.357390801868121, 34.271592659788489 ], [ 135.35715178053033, 34.270014238779396 ], [ 135.356091478801517, 34.27015405369189 ], [ 135.356035435078041, 34.269652973921445 ], [ 135.355226568972654, 34.269134413403506 ], [ 135.353517328928888, 34.269524917152253 ], [ 135.352694560163712, 34.269318007680049 ], [ 135.352202453304216, 34.269527557809745 ], [ 135.349894477254168, 34.269326016928112 ], [ 135.349787386037661, 34.270074872704356 ], [ 135.346808993926402, 34.269796606869491 ], [ 135.346678791690636, 34.270832434126788 ], [ 135.346560546876901, 34.271098753067498 ], [ 135.346320323541534, 34.271186221277368 ], [ 135.345786959106533, 34.271099982560912 ], [ 135.345627166569699, 34.270473384514098 ], [ 135.345671174445982, 34.269707849573095 ], [ 135.345332290856959, 34.26970702738209 ], [ 135.345182517558158, 34.270544968151107 ], [ 135.344349888835382, 34.270468957573833 ], [ 135.344488440234727, 34.271125731816092 ], [ 135.34476011223029, 34.271294115334051 ], [ 135.344854412132861, 34.272105749990224 ], [ 135.344822515948124, 34.27251100506917 ], [ 135.344516956849986, 34.272867183819159 ], [ 135.34605612910579, 34.273042890422438 ], [ 135.346479386734444, 34.273265747846423 ], [ 135.346705674047399, 34.273544748420484 ], [ 135.346415453253684, 34.274667768772872 ], [ 135.346987625330854, 34.274873807533773 ], [ 135.349599372128125, 34.275134620656345 ], [ 135.349649503162198, 34.275522981608816 ], [ 135.349818944167083, 34.275594314070361 ], [ 135.35112989855304, 34.275755644099767 ], [ 135.351147907577655, 34.27617905259887 ], [ 135.351528286603639, 34.276454630436739 ], [ 135.351790368420012, 34.276954833056962 ], [ 135.352262032664214, 34.277160596905496 ], [ 135.353037965664583, 34.276339052932208 ], [ 135.355558928268238, 34.2759730934579 ] ] ] } },
{ "type": "Feature", "properties": { "CITY_NAME": "紀の川市", "S_NAME": "大字赤尾", "JINKO": 290, "medical_area": "30_那賀医療圏", "町丁目名": "紀の川市大字赤尾" }, "geometry": { "type": "Polygon", "coordinates": [ [ [ 135.377104037767253, 34.27320055576272 ], [ 135.377115698038295, 34.272890281069877 ], [ 135.376410490091217, 34.272473543783043 ], [ 135.375980447117286, 34.271687431132847 ], [ 135.375825499419165, 34.27102921046189 ], [ 135.375859740138765, 34.269832422900805 ], [ 135.375229113195104, 34.269648352670906 ], [ 135.375124319590498, 34.269086887217661 ], [ 135.374638628031079, 34.268951865820192 ], [ 135.374201794814581, 34.269088261041674 ], [ 135.371515935383343, 34.268839331208902 ], [ 135.369241179292885, 34.2724358823655 ], [ 135.371544287092235, 34.272694339430473 ], [ 135.37278494834419, 34.27307918335066 ], [ 135.375270159939532, 34.273005884286853 ], [ 135.377104037767253, 34.27320055576272 ] ] ] } },
{ "type": "Feature", "properties": { "CITY_NAME": "紀の川市", "S_NAME": "大字古和田", "JINKO": 122, "medical_area": "30_那賀医療圏", "町丁目名": "紀の川市大字古和田" }, "geometry": { "type": "Polygon", "coordinates": [ [ [ 135.346808993926402, 34.269796606869491 ], [ 135.345671174445982, 34.269707849573095 ], [ 135.345627166569699, 34.270473384514098 ], [ 135.345817833236822, 34.271139450018076 ], [ 135.346560546876901, 34.27109875306752 ], [ 135.346842716284414, 34.270242216380041 ], [ 135.346808993926402, 34.269796606869491 ] ] ] } },
{ "type": "Feature", "properties": { "CITY_NAME": "紀の川市", "S_NAME": "大字粉河", "JINKO": 3887, "medical_area": "30_那賀医療圏", "町丁目名": "紀の川市大字粉河" }, "geometry": { "type": "Polygon", "coordinates": [ [ [ 135.417913509889786, 34.299037786528807 ], [ 135.417787571560581, 34.298678957727695 ], [ 135.418048221630443, 34.298128125549688 ], [ 135.417335729442556, 34.295814904797901 ], [ 135.417712368027395, 34.294619860996598 ], [ 135.417594703113366, 34.294176830060799 ], [ 135.417989287070753, 34.294127001329137 ], [ 135.418126298191908, 34.293831964652043 ], [ 135.417504077612932, 34.293627852671428 ], [ 135.417177403983942, 34.292992668820375 ], [ 135.417693206564337, 34.29230372448832 ], [ 135.417423428270411, 34.291534562356084 ], [ 135.417505001400997, 34.291039508809156 ], [ 135.417322687572437, 34.290281185616273 ], [ 135.418684177089318, 34.286827012965055 ], [ 135.42017090167991, 34.285596624570552 ], [ 135.420729096268417, 34.284804745441058 ], [ 135.421147100350737, 34.283431253735941 ], [ 135.420895181129708, 34.283373718377106 ], [ 135.420512356461586, 34.283652387132022 ], [ 135.420282480068607, 34.282788750867503 ], [ 135.420542184809364, 34.282150986231464 ], [ 135.420496197752044, 34.281236377421216 ], [ 135.419763582340522, 34.281311100977248 ], [ 135.420123575808447, 34.280717199229713 ], [ 135.420642205612495, 34.280535247422989 ], [ 135.420585900190815, 34.280103776144948 ], [ 135.420214532998557, 34.279983127958921 ], [ 135.419470051325391, 34.281006982049625 ], [ 135.419622773921986, 34.279275836706503 ], [ 135.419266671665213, 34.279329514286182 ], [ 135.418536273370563, 34.280549663439452 ], [ 135.418962083068976, 34.281327878680003 ], [ 135.418724199926118, 34.281808250325184 ], [ 135.418747390386187, 34.281435051722219 ], [ 135.418410757781885, 34.281112553573863 ], [ 135.418491855614917, 34.281004748596899 ], [ 135.417568057316203, 34.280927822380697 ], [ 135.416857038702148, 34.280339690235323 ], [ 135.416216252698433, 34.27926644487242 ], [ 135.416093326884919, 34.277578507408094 ], [ 135.416288363796042, 34.276454727888641 ], [ 135.41576146021734, 34.275659262020035 ], [ 135.415549870163943, 34.274922208008348 ], [ 135.415791868295969, 34.273804427594541 ], [ 135.415374277238016, 34.273539716009523 ], [ 135.414940593859086, 34.27295951704729 ], [ 135.414866646546898, 34.272538384227815 ], [ 135.413501433020599, 34.2723390143884 ], [ 135.413703853287814, 34.271236121662255 ], [ 135.413573385937326, 34.269951887197209 ], [ 135.412673147120444, 34.269409887246745 ], [ 135.412884633175679, 34.268064625635724 ], [ 135.413139019836024, 34.267735225994031 ], [ 135.41329972657789, 34.265375753622401 ], [ 135.408951001643175, 34.264846341631653 ], [ 135.409237157768757, 34.263984483367594 ], [ 135.399764519096976, 34.262153843002132 ], [ 135.399178520079062, 34.26416366158935 ], [ 135.399154349478977, 34.265686017791033 ], [ 135.398515103229499, 34.266433271750316 ], [ 135.398261211324495, 34.267342859227966 ], [ 135.396979812337179, 34.267594488245571 ], [ 135.396236485186677, 34.26821361761597 ], [ 135.396172943434834, 34.26986016132031 ], [ 135.395577862094086, 34.271026058908092 ], [ 135.395363270330961, 34.272424993680893 ], [ 135.395025322803662, 34.272970622906193 ], [ 135.395860519022506, 34.273990687393713 ], [ 135.394939859503779, 34.275060459517057 ], [ 135.397735605057704, 34.27484370590259 ], [ 135.398776869838144, 34.275056466998848 ], [ 135.398747930707572, 34.276210912715044 ], [ 135.399716252169128, 34.276000126724405 ], [ 135.400630359384706, 34.276057006470388 ], [ 135.401240137431074, 34.276691234757074 ], [ 135.401762265644123, 34.277655937562436 ], [ 135.401923511530867, 34.278320230245747 ], [ 135.401513576672187, 34.278474174321296 ], [ 135.400049037130344, 34.278148222091275 ], [ 135.399324981156155, 34.278190599656938 ], [ 135.399098929330506, 34.278508144735632 ], [ 135.397827226937977, 34.278602345015464 ], [ 135.397469681454794, 34.278856693176643 ], [ 135.397783020238336, 34.279801934266054 ], [ 135.399545623812969, 34.280567346584867 ], [ 135.400240537173147, 34.281343995817572 ], [ 135.399662841503641, 34.282187807871345 ], [ 135.399067753877404, 34.28266075654544 ], [ 135.399017417252622, 34.283787907670259 ], [ 135.399824401447916, 34.284278435296358 ], [ 135.399989991317653, 34.284767507881078 ], [ 135.401607509126109, 34.28446564085381 ], [ 135.402170810893125, 34.284597570841022 ], [ 135.402563907462593, 34.28454863287547 ], [ 135.403347244385486, 34.283451534999728 ], [ 135.403621017773219, 34.283344536556825 ], [ 135.403641471940773, 34.28360750350592 ], [ 135.403923259250888, 34.283920906965299 ], [ 135.40439108361204, 34.28572930304496 ], [ 135.404679662749999, 34.285755217393884 ], [ 135.405022460216856, 34.285259322193319 ], [ 135.405166967825238, 34.285283408649164 ], [ 135.405466504902193, 34.286792615169993 ], [ 135.406021787871282, 34.28684348553638 ], [ 135.406453430944538, 34.286352247391093 ], [ 135.406960207066845, 34.286362026985309 ], [ 135.406814687231048, 34.28874653253331 ], [ 135.406581442125145, 34.289038129871798 ], [ 135.406621577634581, 34.290192047110402 ], [ 135.406888112682083, 34.290495642778829 ], [ 135.406790760362782, 34.290757893474279 ], [ 135.406958690925507, 34.291073268370518 ], [ 135.40673880242818, 34.291775988839305 ], [ 135.406910112740775, 34.292039538905748 ], [ 135.40632812461547, 34.292866866641837 ], [ 135.406533190794846, 34.295579035447247 ], [ 135.406372364982616, 34.295597978879904 ], [ 135.406053304159542, 34.295266939665844 ], [ 135.405704329642418, 34.295473172695118 ], [ 135.405553857764687, 34.294774434627598 ], [ 135.404971331551451, 34.295372700441632 ], [ 135.405748867642131, 34.29656160593683 ], [ 135.406311615490097, 34.296562218230093 ], [ 135.406195502809481, 34.296968910001688 ], [ 135.407504788600505, 34.298174042314102 ], [ 135.407571589083659, 34.298669239070939 ], [ 135.408587596568253, 34.298718234680187 ], [ 135.412485571552025, 34.299505962039078 ], [ 135.413256297743175, 34.299014350362853 ], [ 135.41700317233142, 34.300382294312485 ], [ 135.417913509889786, 34.299037786528807 ] ] ] } },
{ "type": "Feature", "properties": { "CITY_NAME": "紀の川市", "S_NAME": "大字猪垣", "JINKO": 234, "medical_area": "30_那賀医療圏", "町丁目名": "紀の川市大字猪垣" }, "geometry": { "type": "Polygon", "coordinates": [ [ [ 135.396313674056813, 34.284499698184284 ], [ 135.397168286735393, 34.284695759439593 ], [ 135.39764945801474, 34.284612053178577 ], [ 135.397810869981924, 34.284437178874612 ], [ 135.398798240199369, 34.284358913218256 ], [ 135.399150189718426, 34.283916047894365 ], [ 135.398992447912377, 34.283683962603199 ], [ 135.399067753877404, 34.28266075654544 ], [ 135.399662841503641, 34.282187807871345 ], [ 135.400240537173147, 34.281343995817572 ], [ 135.399199006401943, 34.280359411295116 ], [ 135.396182409567785, 34.279191147028904 ], [ 135.39606505214573, 34.279423432120275 ], [ 135.394751056965049, 34.279607292847196 ], [ 135.394905389546778, 34.280046303642806 ], [ 135.394404239438046, 34.280427431529674 ], [ 135.394349625732218, 34.281067282984878 ], [ 135.394520928116549, 34.281476794189587 ], [ 135.394066316089209, 34.282967370460014 ], [ 135.394449415244821, 34.284263303844327 ], [ 135.394145497891401, 34.284908546653895 ], [ 135.396313674056813, 34.284499698184284 ] ] ] } },
{ "type": "Feature", "properties": { "CITY_NAME": "紀の川市", "S_NAME": "大字猪垣", "JINKO": 0, "medical_area": "30_那賀医療圏", "町丁目名": "紀の川市大字猪垣" }, "geometry": { "type": "Polygon", "coordinates": [ [ [ 135.396764484886177, 34.294578958537713 ], [ 135.396911738241499, 34.292439860062096 ], [ 135.396009924919241, 34.292645467867167 ], [ 135.395034363581374, 34.293105398268246 ], [ 135.393857657205814, 34.293980600523554 ], [ 135.39616847801372, 34.295036816637563 ], [ 135.396616838096776, 34.294831941451612 ], [ 135.396764484886177, 34.294578958537713 ] ] ] } },
{ "type": "Feature", "properties": { "CITY_NAME": "紀の川市", "S_NAME": "大字東毛", "JINKO": 66, "medical_area": "30_那賀医療圏", "町丁目名": "紀の川市大字東毛" }, "geometry": { "type": "Polygon", "coordinates": [ [ [ 135.401949606236286, 34.292000931667722 ], [ 135.402884005111872, 34.290935297297509 ], [ 135.403793842378349, 34.291019176556986 ], [ 135.40385850576078, 34.291415898829143 ], [ 135.40327456787503, 34.292131353388356 ], [ 135.403221550559891, 34.292476367435519 ], [ 135.403473773832275, 34.292570850714839 ], [ 135.404433023796429, 34.29215487687808 ], [ 135.404992748894813, 34.292194643913305 ], [ 135.40522732658718, 34.293944960528776 ], [ 135.4057070600999, 34.293493404404693 ], [ 135.405544760299307, 34.294843134907779 ], [ 135.405669958777565, 34.295418912223866 ], [ 135.405820252225624, 34.295473734350189 ], [ 135.406053304159542, 34.295266939665844 ], [ 135.406372364982616, 34.295597978879883 ], [ 135.406533190794818, 34.295579035447247 ], [ 135.40632812461547, 34.292866866641852 ], [ 135.406910112740775, 34.292039538905733 ], [ 135.406738802428151, 34.291775988839305 ], [ 135.406958690925507, 34.291073268370518 ], [ 135.406790760362782, 34.290757893474279 ], [ 135.406888112682083, 34.290495642778829 ], [ 135.406621577634581, 34.290192047110416 ], [ 135.406581442125145, 34.289038129871798 ], [ 135.406814687231048, 34.28874653253331 ], [ 135.406960207066845, 34.286362026985309 ], [ 135.406453430944538, 34.286352247391093 ], [ 135.406021787871282, 34.28684348553638 ], [ 135.405466504902193, 34.286792615169993 ], [ 135.405166967825238, 34.285283408649171 ], [ 135.405022460216856, 34.285259322193319 ], [ 135.404679662749999, 34.285755217393884 ], [ 135.404391083612012, 34.285729303044953 ], [ 135.403923259250888, 34.283920906965299 ], [ 135.40364147194083, 34.28360750350592 ], [ 135.403621017773219, 34.283344536556854 ], [ 135.403347244385515, 34.283451534999728 ], [ 135.402563907462593, 34.284548632875477 ], [ 135.401607509126109, 34.28446564085381 ], [ 135.399989991317653, 34.284767507881092 ], [ 135.400341333967646, 34.286555624867248 ], [ 135.400261410524251, 34.287109418222862 ], [ 135.400744055737135, 34.287404930864135 ], [ 135.400718969745071, 34.288046049445484 ], [ 135.401083392042381, 34.288506363669228 ], [ 135.401203114615072, 34.289004783906073 ], [ 135.401481129445671, 34.289193640174489 ], [ 135.401666206648088, 34.290031875784614 ], [ 135.401412335863654, 34.290494380572397 ], [ 135.401842814630839, 34.290622560782047 ], [ 135.401659911770139, 34.291213322379065 ], [ 135.401949606236286, 34.292000931667722 ] ] ] } },
{ "type": "Feature", "properties": { "CITY_NAME": "紀の川市", "S_NAME": "大字中津川", "JINKO": 186, "medical_area": "30_那賀医療圏", "町丁目名": "紀の川市大字中津川" }, "geometry": { "type": "Polygon", "coordinates": [ [ [ 135.415829179004561, 34.339834062921213 ], [ 135.416954038122725, 34.339725862897126 ], [ 135.418525040864751, 34.340328891777126 ], [ 135.420682057149804, 34.340047760470419 ], [ 135.421428558421269, 34.339784191286782 ], [ 135.423740806780529, 34.340325709646137 ], [ 135.424840700008389, 34.33994249882857 ], [ 135.425999521599067, 34.34058999419873 ], [ 135.426712894821009, 34.340733913543787 ], [ 135.426916685741901, 34.340137307843719 ], [ 135.428314820084523, 34.339280033618081 ], [ 135.428577797392791, 34.338359427211991 ], [ 135.428677811534186, 34.336284640739741 ], [ 135.429097952238749, 34.335361933884869 ], [ 135.429175669107195, 34.33460892902405 ], [ 135.429541271561533, 34.334249159459375 ], [ 135.428815686490935, 34.332337577208932 ], [ 135.428723265605896, 34.331684362163543 ], [ 135.428915324151944, 34.330751857468371 ], [ 135.429359215992577, 34.329834326436774 ], [ 135.429279256132247, 34.329120877251924 ], [ 135.428840349832569, 34.327860453125467 ], [ 135.428952855148765, 34.327518801382233 ], [ 135.429340310964278, 34.327143912694972 ], [ 135.429454066347205, 34.325641635678153 ], [ 135.430490222820026, 34.324260837576368 ], [ 135.430805781005915, 34.323553861206207 ], [ 135.430388992332013, 34.322527522132631 ], [ 135.430802766186872, 34.320786168184341 ], [ 135.430116271435594, 34.31965616711237 ], [ 135.430486023982809, 34.31907989398978 ], [ 135.4298498418637, 34.319259793624489 ], [ 135.429454042407684, 34.319606467403915 ], [ 135.430036210144294, 34.320696826028211 ], [ 135.429915683781559, 34.321172550637996 ], [ 135.429258920147902, 34.321663535583276 ], [ 135.429230112857624, 34.322089112342553 ], [ 135.429431066996443, 34.322565060121825 ], [ 135.428664838471946, 34.32324796388685 ], [ 135.426303101437355, 34.322217064485798 ], [ 135.425849047618328, 34.321655689040064 ], [ 135.426337769927869, 34.32112378895215 ], [ 135.426408248003497, 34.320826880194176 ], [ 135.425949155242506, 34.319745669351526 ], [ 135.426218509330084, 34.318506146717674 ], [ 135.425882823305358, 34.317917152785633 ], [ 135.425841322771362, 34.317521536941378 ], [ 135.426179198349644, 34.316666627123467 ], [ 135.425949236424543, 34.316435653485804 ], [ 135.423577044246116, 34.31584331766372 ], [ 135.420878647438315, 34.314626606761848 ], [ 135.421062858811894, 34.314420254971736 ], [ 135.424589982946713, 34.314276521164551 ], [ 135.425023604420687, 34.314121763536583 ], [ 135.424407514452071, 34.312885983904252 ], [ 135.423851804158261, 34.312178464305532 ], [ 135.423446847573416, 34.312151206976608 ], [ 135.421791842148025, 34.312724514214331 ], [ 135.421381138320612, 34.312649326676642 ], [ 135.4219009038639, 34.31147691932054 ], [ 135.421196846259051, 34.310520343376645 ], [ 135.421185079880246, 34.310254749672382 ], [ 135.42150860293691, 34.310248808576837 ], [ 135.423857391318023, 34.311712914959919 ], [ 135.424121917069101, 34.3116393538903 ], [ 135.424233408079942, 34.311346024757043 ], [ 135.424044841994061, 34.310447664306047 ], [ 135.422509311188634, 34.308586055349785 ], [ 135.420698301364268, 34.309091836006843 ], [ 135.420034048894252, 34.309002205663248 ], [ 135.418708612686913, 34.308370056473223 ], [ 135.418517815385059, 34.307892170945294 ], [ 135.41864225118735, 34.307087553867568 ], [ 135.41958683072238, 34.305003923827954 ], [ 135.420396084124349, 34.303762888563014 ], [ 135.419257917737411, 34.303557475598467 ], [ 135.418394891060586, 34.303134163036511 ], [ 135.417147523094883, 34.302089615900783 ], [ 135.416922354470074, 34.301449702371492 ], [ 135.416874577072576, 34.300335338025711 ], [ 135.413256297743175, 34.299014350362853 ], [ 135.412485571552025, 34.299505962039078 ], [ 135.408587596568253, 34.298718234680187 ], [ 135.407571589083659, 34.298669239070939 ], [ 135.407504788600505, 34.298174042314102 ], [ 135.406195502809481, 34.296968910001688 ], [ 135.406311615490097, 34.296562218230093 ], [ 135.405748867642131, 34.29656160593683 ], [ 135.405057279026352, 34.295646827537396 ], [ 135.404978369010138, 34.295325402403229 ], [ 135.405603184316504, 34.294651131044205 ], [ 135.405712585417916, 34.293528085113252 ], [ 135.405620838834295, 34.293469179532885 ], [ 135.405227326587152, 34.293944960528783 ], [ 135.405064129716351, 34.292283315083814 ], [ 135.404433023796429, 34.29215487687808 ], [ 135.403327655060366, 34.292574788965396 ], [ 135.40321179102591, 34.292266423791254 ], [ 135.403910299650335, 34.291243585122054 ], [ 135.403793842378349, 34.291019176556986 ], [ 135.403187663760718, 34.29091353312667 ], [ 135.402663934624769, 34.291064952420058 ], [ 135.401949606236286, 34.292000931667722 ], [ 135.400947234688402, 34.292632207213025 ], [ 135.400441215659527, 34.292683405313561 ], [ 135.399856931483924, 34.292069451808942 ], [ 135.399728846714794, 34.292323941255894 ], [ 135.399965097889748, 34.293452762983243 ], [ 135.399702042631588, 34.294547305141776 ], [ 135.398971256318873, 34.295216942992269 ], [ 135.398668635325492, 34.295311110061903 ], [ 135.398449523613237, 34.295243967730322 ], [ 135.398388559262997, 34.294748229855216 ], [ 135.398764259368221, 34.294408320468442 ], [ 135.39923778960565, 34.293444693950605 ], [ 135.399057294837519, 34.292960765944322 ], [ 135.399119432992393, 34.292332365935934 ], [ 135.398767872445347, 34.292364733024783 ], [ 135.398534432870861, 34.293094704979843 ], [ 135.39788589225941, 34.294167348862651 ], [ 135.397817384432301, 34.294984906115545 ], [ 135.398052197712161, 34.296009757446761 ], [ 135.397643930899761, 34.297855820474723 ], [ 135.394541754029007, 34.296061805199002 ], [ 135.39340567551892, 34.294659899701045 ], [ 135.393857657205814, 34.293980600523554 ], [ 135.394874551291338, 34.293202375153783 ], [ 135.396009924919241, 34.292645467867167 ], [ 135.397299834552626, 34.292311883071761 ], [ 135.397606277105865, 34.29182978099589 ], [ 135.396276606562395, 34.292164578777943 ], [ 135.39486307824339, 34.291535681391039 ], [ 135.394441740811118, 34.291169173641812 ], [ 135.394172429268536, 34.292334957297747 ], [ 135.393669464295584, 34.292723531863153 ], [ 135.393386357675638, 34.292741996354621 ], [ 135.393122739782513, 34.292682092268478 ], [ 135.393560848473243, 34.291700277214154 ], [ 135.393477801957147, 34.291152303708557 ], [ 135.392856817142871, 34.290818332565081 ], [ 135.392049517734847, 34.290845049499538 ], [ 135.392011379825902, 34.290991365869466 ], [ 135.391251826351549, 34.29133414544328 ], [ 135.390687906544628, 34.291954559725447 ], [ 135.389841113768284, 34.293329898376932 ], [ 135.389145620896556, 34.29489728438341 ], [ 135.388903652518053, 34.295863431413295 ], [ 135.388815553570936, 34.297298030121176 ], [ 135.389198622542835, 34.298316730344197 ], [ 135.391609610644167, 34.301641381087599 ], [ 135.391661320350465, 34.303247688278773 ], [ 135.391336794653455, 34.307896304433896 ], [ 135.391831132383942, 34.311721227339284 ], [ 135.391714151096011, 34.312928193678268 ], [ 135.391133233430565, 34.315505930155872 ], [ 135.391291119026192, 34.317081646934064 ], [ 135.392649678260995, 34.31723205753066 ], [ 135.392986286049563, 34.317690000960688 ], [ 135.392645325932847, 34.320437125052671 ], [ 135.392071719815533, 34.321998223626572 ], [ 135.392317575993673, 34.323917381814312 ], [ 135.391949013071752, 34.326187223362112 ], [ 135.392059014656297, 34.326362164371986 ], [ 135.392848655143268, 34.326571316006323 ], [ 135.393500002888402, 34.327107724437269 ], [ 135.393779694944527, 34.327755273601447 ], [ 135.393195393316233, 34.330803616267787 ], [ 135.393259449188463, 34.331153570233546 ], [ 135.393476031993259, 34.331443843390012 ], [ 135.393634435277249, 34.331434905944796 ], [ 135.394415296214589, 34.33074145494539 ], [ 135.3950812276438, 34.330934768222662 ], [ 135.395788441751762, 34.33086372862504 ], [ 135.396638870294993, 34.330436143838448 ], [ 135.396929357252048, 34.330447572343829 ], [ 135.397568997647966, 34.330721885838017 ], [ 135.398070245620232, 34.331738746003332 ], [ 135.399068969421279, 34.332597309949271 ], [ 135.399528072608945, 34.332730003404691 ], [ 135.400303677716749, 34.332613353361069 ], [ 135.401055667825887, 34.332876367293878 ], [ 135.401830586334256, 34.332676310142602 ], [ 135.402419880985804, 34.332955144937607 ], [ 135.402717990980022, 34.333542895247326 ], [ 135.403205430799574, 34.333842923670744 ], [ 135.40429284848301, 34.334076276606105 ], [ 135.405581758478007, 34.333975889750889 ], [ 135.405859535253683, 34.334687780123573 ], [ 135.406361935575347, 34.335132964412566 ], [ 135.406799631624352, 34.335270738721711 ], [ 135.406947244943382, 34.335603340455172 ], [ 135.407255429576992, 34.337407667962019 ], [ 135.406986754815904, 34.338606564045328 ], [ 135.40714173615666, 34.338948777482734 ], [ 135.408329948193057, 34.340109073681454 ], [ 135.408742394262305, 34.341392261058765 ], [ 135.408992362677566, 34.341825510350951 ], [ 135.409229866924022, 34.341933856950575 ], [ 135.411317152100054, 34.342025579734553 ], [ 135.412617006960772, 34.341892195076134 ], [ 135.413632726339188, 34.341345121545302 ], [ 135.415166740658634, 34.340125749377187 ], [ 135.415829179004561, 34.339834062921213 ] ] ] } },
{ "type": "Feature", "properties": { "CITY_NAME": "紀の川市", "S_NAME": "大字中山", "JINKO": 102, "medical_area": "30_那賀医療圏", "町丁目名": "紀の川市大字中山" }, "geometry": { "type": "Polygon", "coordinates": [ [ [ 135.397783020238336, 34.279801934266054 ], [ 135.397455559074501, 34.278903393240178 ], [ 135.397713045676113, 34.278628549694318 ], [ 135.398788787646964, 34.278612136520231 ], [ 135.399098929330506, 34.278508144735632 ], [ 135.399324981156155, 34.278190599656938 ], [ 135.400049037130344, 34.278148222091275 ], [ 135.401513576672187, 34.278474174321296 ], [ 135.401923511530867, 34.278320230245747 ], [ 135.401875103001402, 34.277926117041169 ], [ 135.401240137431074, 34.276691234757074 ], [ 135.400630359384706, 34.276057006470388 ], [ 135.399716252169128, 34.276000126724405 ], [ 135.398747930707572, 34.276210912715044 ], [ 135.398776869838144, 34.275056466998848 ], [ 135.397735605057704, 34.27484370590259 ], [ 135.395020117441135, 34.2750555005154 ], [ 135.394853814340848, 34.275410525864793 ], [ 135.39527914786774, 34.27651676813079 ], [ 135.395139879778412, 34.277136060916902 ], [ 135.394721669320774, 34.277779197801493 ], [ 135.39486889930177, 34.278373555634957 ], [ 135.394494360509412, 34.278848281430513 ], [ 135.394751056965049, 34.279607292847196 ], [ 135.39606505214573, 34.279423432120275 ], [ 135.396182409567785, 34.279191147028904 ], [ 135.397783020238336, 34.279801934266054 ] ] ] } },
{ "type": "Feature", "properties": { "CITY_NAME": "紀の川市", "S_NAME": "大字藤井", "JINKO": 433, "medical_area": "30_那賀医療圏", "町丁目名": "紀の川市大字藤井" }, "geometry": { "type": "Polygon", "coordinates": [ [ [ 135.398052197712161, 34.296009757446761 ], [ 135.397817384432301, 34.294984906115545 ], [ 135.39788589225941, 34.294167348862651 ], [ 135.398534432870861, 34.293094704979843 ], [ 135.398767872445347, 34.292364733024783 ], [ 135.399119432992393, 34.292332365935934 ], [ 135.399057294837519, 34.292960765944322 ], [ 135.39923778960565, 34.293444693950605 ], [ 135.398764259368221, 34.294408320468442 ], [ 135.398388559262997, 34.294748229855216 ], [ 135.398449523613237, 34.295243967730322 ], [ 135.398668635325492, 34.295311110061903 ], [ 135.398971256318873, 34.295216942992269 ], [ 135.399702042631588, 34.294547305141776 ], [ 135.399965097889748, 34.293452762983243 ], [ 135.399728846714794, 34.292323941255894 ], [ 135.399856931483924, 34.292069451808942 ], [ 135.400312611351126, 34.29261121432782 ], [ 135.400586422092744, 34.292688482266222 ], [ 135.401351711835218, 34.292491341104451 ], [ 135.401949606236286, 34.292000931667722 ], [ 135.401659911770139, 34.291213322379065 ], [ 135.401842814630839, 34.290622560782047 ], [ 135.401412335863711, 34.290494380572405 ], [ 135.401666206648088, 34.290031875784614 ], [ 135.401481129445671, 34.289193640174489 ], [ 135.4012031146151, 34.289004783906073 ], [ 135.401083392042381, 34.2885063636692 ], [ 135.400718969745071, 34.288046049445484 ], [ 135.400744055737135, 34.287404930864135 ], [ 135.400261410524251, 34.287109418222862 ], [ 135.400341333967589, 34.286555624867241 ], [ 135.399893408242491, 34.284394710348202 ], [ 135.399150189718426, 34.283916047894365 ], [ 135.398798240199369, 34.284358913218256 ], [ 135.397810869981924, 34.284437178874612 ], [ 135.39764945801474, 34.284612053178577 ], [ 135.397115642794404, 34.284694656031391 ], [ 135.396678183071458, 34.284491626655523 ], [ 135.396152513932918, 34.284502710737101 ], [ 135.394145497891401, 34.284908546653895 ], [ 135.392786205682455, 34.288010296060115 ], [ 135.392701331609175, 34.289039357261601 ], [ 135.392049517734847, 34.290845049499538 ], [ 135.392856817142871, 34.290818332565081 ], [ 135.393477801957147, 34.291152303708557 ], [ 135.393560848473243, 34.291700277214154 ], [ 135.393122739782513, 34.292682092268478 ], [ 135.393386357675638, 34.292741996354621 ], [ 135.393669464295584, 34.292723531863153 ], [ 135.394172429268536, 34.292334957297747 ], [ 135.394441740811118, 34.291169173641812 ], [ 135.39486307824339, 34.291535681391039 ], [ 135.396276606562395, 34.292164578777943 ], [ 135.397606277105865, 34.29182978099589 ], [ 135.397376882347402, 34.292253659708848 ], [ 135.396911738241499, 34.292439860062096 ], [ 135.396817826476962, 34.294352842325345 ], [ 135.396422886417128, 34.294979465284186 ], [ 135.39601339339572, 34.295012528939225 ], [ 135.393857657205814, 34.293980600523554 ], [ 135.39340567551892, 34.294659899701045 ], [ 135.394541754029007, 34.296061805199002 ], [ 135.397643930899761, 34.297855820474723 ], [ 135.398052197712161, 34.296009757446761 ] ] ] } },
{ "type": "Feature", "properties": { "CITY_NAME": "紀の川市", "S_NAME": "大字井田", "JINKO": 252, "medical_area": "30_那賀医療圏", "町丁目名": "紀の川市大字井田" }, "geometry": { "type": "Polygon", "coordinates": [ [ [ 135.418962247724039, 34.281464102313564 ], [ 135.418239679480024, 34.279934201595523 ], [ 135.417841859574082, 34.280100092932308 ], [ 135.41777921755201, 34.279746913371021 ], [ 135.417826181112645, 34.276255658577192 ], [ 135.418074398383851, 34.275382455082045 ], [ 135.41748096650835, 34.275004783808768 ], [ 135.417776708233873, 34.273638056387902 ], [ 135.418248418346451, 34.273481110625951 ], [ 135.41787341703494, 34.273185054140789 ], [ 135.417833531687933, 34.272909605079136 ], [ 135.418249253817777, 34.273009340368752 ], [ 135.418274638088775, 34.272748569150757 ], [ 135.418166081961772, 34.27253928530547 ], [ 135.417491075932048, 34.272299560595954 ], [ 135.417136958037418, 34.270780706072088 ], [ 135.416329063822872, 34.270228597602369 ], [ 135.417079547396469, 34.269468799193092 ], [ 135.418974224588368, 34.269893770136058 ], [ 135.418928938328463, 34.269570686462053 ], [ 135.41872187411272, 34.269424893284949 ], [ 135.418774091604661, 34.268420752636331 ], [ 135.419403993348197, 34.268972979443973 ], [ 135.420076723044644, 34.268503831462283 ], [ 135.419780393670436, 34.268187449588432 ], [ 135.419978968047701, 34.26766717731708 ], [ 135.419402370606349, 34.266846711923314 ], [ 135.419285159312864, 34.26510925459462 ], [ 135.41329972657789, 34.265375753622401 ], [ 135.413139019836024, 34.267735225994031 ], [ 135.412884633175679, 34.268064625635724 ], [ 135.412673147120444, 34.269409887246745 ], [ 135.413573385937326, 34.269951887197209 ], [ 135.413703853287814, 34.271236121662255 ], [ 135.413476453822966, 34.272295224605479 ], [ 135.414866646546898, 34.272538384227815 ], [ 135.414940593859086, 34.27295951704729 ], [ 135.415374277238016, 34.273539716009523 ], [ 135.415791868295969, 34.273804427594541 ], [ 135.415549870163943, 34.274922208008348 ], [ 135.41576146021734, 34.275659262020035 ], [ 135.416288363796042, 34.276454727888641 ], [ 135.416093326884919, 34.277578507408094 ], [ 135.416216252698433, 34.27926644487242 ], [ 135.416857038702148, 34.280339690235323 ], [ 135.417728830697968, 34.281004373012031 ], [ 135.418491855614917, 34.281004748596899 ], [ 135.418410757781885, 34.281112553573863 ], [ 135.418747390386187, 34.281435051722219 ], [ 135.418724199926118, 34.281808250325184 ], [ 135.418962247724039, 34.281464102313564 ] ] ] } },
{ "type": "Feature", "properties": { "CITY_NAME": "紀の川市", "S_NAME": "大字東野", "JINKO": 278, "medical_area": "30_那賀医療圏", "町丁目名": "紀の川市大字東野" }, "geometry": { "type": "Polygon", "coordinates": [ [ [ 135.420974334585139, 34.27924615658722 ], [ 135.421462417953961, 34.27848691024878 ], [ 135.421710113830159, 34.278427925824552 ], [ 135.422395008141905, 34.279116627239588 ], [ 135.42283545260554, 34.279930536316932 ], [ 135.423368883205768, 34.279946143259899 ], [ 135.423088053973117, 34.279284563752839 ], [ 135.423064521504187, 34.27822130342993 ], [ 135.422525575607182, 34.277444970769473 ], [ 135.422254682762286, 34.276524237927596 ], [ 135.422399334918083, 34.275385421545465 ], [ 135.422579317244185, 34.275270050656331 ], [ 135.423857299866768, 34.275872217729699 ], [ 135.424819634213748, 34.275913638945831 ], [ 135.424701449411856, 34.275533158918343 ], [ 135.424432996860702, 34.275608111002043 ], [ 135.424225070848024, 34.275323846933162 ], [ 135.424466579899786, 34.275230878495769 ], [ 135.424046490308825, 34.274307758807012 ], [ 135.423746278853628, 34.27443693667221 ], [ 135.423469757456189, 34.274209259479129 ], [ 135.423030012393781, 34.272775672059936 ], [ 135.423390766290964, 34.271719433614599 ], [ 135.423412299473398, 34.270585249149121 ], [ 135.423080467626278, 34.269781719521099 ], [ 135.422635535365572, 34.270004170597637 ], [ 135.42246250435204, 34.267834130206758 ], [ 135.422562249131744, 34.267279438633011 ], [ 135.422186417669053, 34.267082004809225 ], [ 135.421476549022685, 34.266226971490525 ], [ 135.421366362839819, 34.264318394798593 ], [ 135.419285159312864, 34.26510925459462 ], [ 135.419402370606349, 34.266846711923314 ], [ 135.419978968047701, 34.26766717731708 ], [ 135.419780393670436, 34.268187449588432 ], [ 135.420102665134181, 34.268450847444427 ], [ 135.419403993348197, 34.268972979443973 ], [ 135.418774091604661, 34.268420752636331 ], [ 135.41872187411272, 34.269424893284949 ], [ 135.418928938328463, 34.269570686462053 ], [ 135.418974224588368, 34.269893770136058 ], [ 135.417079547396469, 34.269468799193092 ], [ 135.416329063822872, 34.270228597602369 ], [ 135.417136958037418, 34.270780706072088 ], [ 135.417491075932048, 34.272299560595954 ], [ 135.418166081961772, 34.27253928530547 ], [ 135.418274638088775, 34.272748569150757 ], [ 135.418249253817777, 34.273009340368752 ], [ 135.417833531687933, 34.272909605079136 ], [ 135.41787341703494, 34.273185054140789 ], [ 135.418248418346451, 34.273481110625951 ], [ 135.417776708233873, 34.273638056387902 ], [ 135.41748096650835, 34.275004783808768 ], [ 135.418074398383851, 34.275382455082045 ], [ 135.417826181112645, 34.276255658577192 ], [ 135.417723458789766, 34.277948148138428 ], [ 135.417841859574082, 34.280100092932308 ], [ 135.418239679480024, 34.279934201595523 ], [ 135.418548461968356, 34.280517180477403 ], [ 135.419266671665213, 34.279329514286182 ], [ 135.41957122699074, 34.279226428447565 ], [ 135.419470051325391, 34.281006982049625 ], [ 135.420401720674391, 34.279704101396014 ], [ 135.420974334585139, 34.27924615658722 ] ] ] } },
{ "type": "Feature", "properties": { "CITY_NAME": "紀の川市", "S_NAME": "大字荒見", "JINKO": 1163, "medical_area": "30_那賀医療圏", "町丁目名": "紀の川市大字荒見" }, "geometry": { "type": "Polygon", "coordinates": [ [ [ 135.429645457025174, 34.258885870574161 ], [ 135.431151820382325, 34.256368730415517 ], [ 135.431155270550875, 34.255855299593378 ], [ 135.431580663143052, 34.255482717318316 ], [ 135.431638949027416, 34.254893475057628 ], [ 135.431344965821779, 34.254152579433701 ], [ 135.431479497242378, 34.253400570736396 ], [ 135.430806780030309, 34.252632830672169 ], [ 135.430785899052751, 34.252414955934611 ], [ 135.431545105823091, 34.251498351860093 ], [ 135.431597865171284, 34.251019373529772 ], [ 135.431908208259614, 34.25051637671389 ], [ 135.431990385150556, 34.249471819878615 ], [ 135.431887613889785, 34.248824912474241 ], [ 135.431120588287342, 34.24735043312598 ], [ 135.431252705839171, 34.246724337737646 ], [ 135.431012966457473, 34.243439393992603 ], [ 135.430842451219405, 34.242961215057484 ], [ 135.430004140624845, 34.242402307689204 ], [ 135.428990178497628, 34.241137693362781 ], [ 135.428346845491888, 34.241071860583759 ], [ 135.427284811305555, 34.241325935860708 ], [ 135.42682403651952, 34.240946261409938 ], [ 135.426520452415275, 34.239723831777347 ], [ 135.426142734732423, 34.238922939054895 ], [ 135.425813509671144, 34.23688999767392 ], [ 135.426127402254991, 34.23527832350824 ], [ 135.426070101193261, 34.234530642848334 ], [ 135.42445633508882, 34.231418894952725 ], [ 135.424002315503287, 34.23071005784545 ], [ 135.423541659150658, 34.230323055642707 ], [ 135.42215787634558, 34.23008340312515 ], [ 135.421471512158348, 34.230131996763667 ], [ 135.421028981883239, 34.23035556225026 ], [ 135.420512783333862, 34.230271701237996 ], [ 135.41967128087154, 34.230852423764752 ], [ 135.417903628891537, 34.231369289811113 ], [ 135.417454882612333, 34.231848188531409 ], [ 135.416196955327734, 34.23208643794446 ], [ 135.416651862202059, 34.233309435406404 ], [ 135.415403928212555, 34.235327329605717 ], [ 135.415074459151782, 34.237238643701659 ], [ 135.411885360460047, 34.245588430273322 ], [ 135.411005656288069, 34.247513237657166 ], [ 135.410804547989756, 34.249158725742397 ], [ 135.410264093455595, 34.24970902919835 ], [ 135.410110201109774, 34.25102849525296 ], [ 135.409642643597493, 34.251571118713905 ], [ 135.408811877524073, 34.253065669300916 ], [ 135.409549174200748, 34.25478116938833 ], [ 135.409493624793242, 34.255282670596657 ], [ 135.409970205156156, 34.256613195817721 ], [ 135.409219677434066, 34.25768228649121 ], [ 135.408086214683834, 34.257697534384384 ], [ 135.408038543376335, 34.258017776022257 ], [ 135.407539317411988, 34.258774356689948 ], [ 135.407110652132246, 34.26052889182764 ], [ 135.405731306857149, 34.263307013581304 ], [ 135.409237157768757, 34.263984483367594 ], [ 135.408951001643175, 34.264846341631653 ], [ 135.413773301427227, 34.265433378116214 ], [ 135.419285159312864, 34.26510925459462 ], [ 135.421366362839819, 34.264318394798593 ], [ 135.425930638173611, 34.264060894713708 ], [ 135.429042095992884, 34.26363053132922 ], [ 135.428729535467909, 34.262049515406432 ], [ 135.428753828558285, 34.261122447454838 ], [ 135.428358166751252, 34.260157942727531 ], [ 135.429645457025174, 34.258885870574161 ] ] ] } },
{ "type": "Feature", "properties": { "CITY_NAME": "紀の川市", "S_NAME": "大字遠方", "JINKO": 213, "medical_area": "30_那賀医療圏", "町丁目名": "紀の川市大字遠方" }, "geometry": { "type": "Polygon", "coordinates": [ [ [ 135.391400849724846, 34.25148583723854 ], [ 135.391978718272043, 34.251166813761195 ], [ 135.392697203061203, 34.25145871525261 ], [ 135.39281192397786, 34.250638169018444 ], [ 135.39048313017949, 34.248908081621671 ], [ 135.390463309741222, 34.248574551687895 ], [ 135.390876456571107, 34.248041303476725 ], [ 135.390941889457849, 34.247476892189198 ], [ 135.391196597567784, 34.247024138720441 ], [ 135.388921992143139, 34.247614365869914 ], [ 135.388709743368423, 34.2473010104192 ], [ 135.388739075086363, 34.246927435787242 ], [ 135.388610847719178, 34.246936377712856 ], [ 135.388385542226843, 34.247133035171601 ], [ 135.388382360398424, 34.247502935730203 ], [ 135.388159777492973, 34.247786380273219 ], [ 135.387372831840878, 34.247935446390017 ], [ 135.387310702422809, 34.247630442609541 ], [ 135.386944254307252, 34.247528038024164 ], [ 135.386647841835298, 34.247722084138765 ], [ 135.386548874681637, 34.248094183633334 ], [ 135.386067003245756, 34.248094316057816 ], [ 135.385735196427817, 34.247262250023986 ], [ 135.384474624874883, 34.247788991368218 ], [ 135.383077966370962, 34.247981184563145 ], [ 135.382783305897078, 34.247444553604097 ], [ 135.38231045725243, 34.24759234536473 ], [ 135.382083055076492, 34.247935341409367 ], [ 135.381712190615247, 34.24800306754269 ], [ 135.378343972744943, 34.24732332157464 ], [ 135.376874750255809, 34.248652293169663 ], [ 135.378443070888522, 34.249749546027481 ], [ 135.379158648927415, 34.250778385676988 ], [ 135.380073076615872, 34.252681878073034 ], [ 135.381858108312713, 34.254761597102828 ], [ 135.382706859866062, 34.255103233211287 ], [ 135.387660512119595, 34.25803981943843 ], [ 135.388584791594837, 34.255405852951618 ], [ 135.38915743291841, 34.254733806758118 ], [ 135.389880819601842, 34.253317607367158 ], [ 135.390079445229077, 34.252528611462481 ], [ 135.391400849724846, 34.25148583723854 ] ] ] } },
{ "type": "Feature", "properties": { "CITY_NAME": "紀の川市", "S_NAME": "大字風市", "JINKO": 159, "medical_area": "30_那賀医療圏", "町丁目名": "紀の川市大字風市" }, "geometry": { "type": "Polygon", "coordinates": [ [ [ 135.397726736277974, 34.252927038410213 ], [ 135.398137763758257, 34.252235142701103 ], [ 135.397075468459548, 34.252015396286815 ], [ 135.396132813268622, 34.251492525699334 ], [ 135.395622750264636, 34.250670177346926 ], [ 135.395410836765109, 34.251847487268066 ], [ 135.394934976462423, 34.252367904395193 ], [ 135.391978718272043, 34.251166813761195 ], [ 135.390079445229077, 34.252528611462481 ], [ 135.389880819601842, 34.253317607367158 ], [ 135.38915743291841, 34.254733806758118 ], [ 135.388584791594837, 34.255405852951618 ], [ 135.387660512119595, 34.25803981943843 ], [ 135.391686331606564, 34.259228676405627 ], [ 135.39651514962307, 34.260977326983017 ], [ 135.397580222922272, 34.255812794545484 ], [ 135.397680915928845, 34.254441964838797 ], [ 135.397870889918977, 34.254131161093497 ], [ 135.398304760343194, 34.25399580201416 ], [ 135.397726736277974, 34.252927038410213 ] ] ] } },
{ "type": "Feature", "properties": { "CITY_NAME": "紀の川市", "S_NAME": "大字勝神", "JINKO": 42, "medical_area": "30_那賀医療圏", "町丁目名": "紀の川市大字勝神" }, "geometry": { "type": "Polygon", "coordinates": [ [ [ 135.396354847654749, 34.248837572768593 ], [ 135.397766511912693, 34.247585143223354 ], [ 135.397637774293145, 34.24824292337577 ], [ 135.398814781520741, 34.248016960011142 ], [ 135.399037601104652, 34.248190188958539 ], [ 135.400380183836319, 34.248452560275716 ], [ 135.400726615626724, 34.248383394336244 ], [ 135.402201186333315, 34.246423930402997 ], [ 135.403965083074354, 34.246315153536855 ], [ 135.404732595393426, 34.246539471011388 ], [ 135.404842286048734, 34.246320108058484 ], [ 135.404556844534767, 34.246113482389141 ], [ 135.404924081301601, 34.245985099477799 ], [ 135.404693814168326, 34.245880869858937 ], [ 135.405580552677833, 34.245585114407248 ], [ 135.404731074478917, 34.245179814367205 ], [ 135.404714753507449, 34.244962658568909 ], [ 135.40598911189835, 34.243798781002425 ], [ 135.406187815691482, 34.243434472800871 ], [ 135.405892594957919, 34.242167355812697 ], [ 135.406170294396873, 34.241238269023718 ], [ 135.406196181692934, 34.2404650337158 ], [ 135.407329878320894, 34.240032963302546 ], [ 135.409461553032941, 34.238097260878227 ], [ 135.410513079820021, 34.237782844288454 ], [ 135.410112804595713, 34.237684697529787 ], [ 135.409465618074108, 34.237215306312869 ], [ 135.40846851438954, 34.237084727646895 ], [ 135.40765546992597, 34.236758938718289 ], [ 135.407114776926988, 34.236349391525295 ], [ 135.402336326909705, 34.2366740859391 ], [ 135.402161052409639, 34.236891437811018 ], [ 135.401607571669103, 34.237029476205869 ], [ 135.399511978387523, 34.237248608962069 ], [ 135.39693835222036, 34.237983044018399 ], [ 135.396027949510767, 34.237547946322557 ], [ 135.395296014858133, 34.23741306002092 ], [ 135.393765734850405, 34.237908272022153 ], [ 135.392055579364808, 34.237596820534272 ], [ 135.392597642130568, 34.239358919524129 ], [ 135.392722049267064, 34.240341934596252 ], [ 135.392228727378011, 34.241717731708654 ], [ 135.392619238524532, 34.243392868343904 ], [ 135.392503591755599, 34.245318220236406 ], [ 135.391962976551923, 34.246294715852557 ], [ 135.391196597567784, 34.24702413872042 ], [ 135.390941889457849, 34.247476892189155 ], [ 135.390876456571107, 34.248041303476725 ], [ 135.390463309741222, 34.248574551687852 ], [ 135.39048313017949, 34.248908081621671 ], [ 135.39281192397786, 34.250638169018444 ], [ 135.392697203061203, 34.25145871525261 ], [ 135.394934976462423, 34.252367904395172 ], [ 135.395410836765109, 34.251847487268066 ], [ 135.395622750264636, 34.250670177346926 ], [ 135.395944870174986, 34.250396928403035 ], [ 135.396354847654749, 34.248837572768593 ] ] ] } },
{ "type": "Feature", "properties": { "CITY_NAME": "紀の川市", "S_NAME": "大字杉原", "JINKO": 398, "medical_area": "30_那賀医療圏", "町丁目名": "紀の川市大字杉原" }, "geometry": { "type": "Polygon", "coordinates": [ [ [ 135.408086214683834, 34.257697534384384 ], [ 135.409219677434066, 34.25768228649121 ], [ 135.409970205156156, 34.256613195817721 ], [ 135.409493624793242, 34.255282670596657 ], [ 135.409549174200748, 34.25478116938833 ], [ 135.408811877524073, 34.253065669300916 ], [ 135.409642643597493, 34.251571118713905 ], [ 135.410110201109774, 34.25102849525296 ], [ 135.410264093455595, 34.24970902919835 ], [ 135.410804547989756, 34.249158725742397 ], [ 135.411005656288069, 34.247513237657166 ], [ 135.411885360460047, 34.245588430273322 ], [ 135.414774343599532, 34.238110435685769 ], [ 135.413011515330567, 34.237909548466796 ], [ 135.411505024956085, 34.238005833164884 ], [ 135.410513079820021, 34.237782844288454 ], [ 135.409461553032941, 34.238097260878227 ], [ 135.407329878320894, 34.240032963302546 ], [ 135.406411888160108, 34.24034718226055 ], [ 135.406092719339313, 34.240626108604779 ], [ 135.406170294396873, 34.241238269023718 ], [ 135.405892594957919, 34.242167355812697 ], [ 135.406187815691482, 34.243434472800871 ], [ 135.40598911189835, 34.243798781002425 ], [ 135.404714753507449, 34.244962658568909 ], [ 135.404731074478917, 34.245179814367205 ], [ 135.405580552677833, 34.245585114407248 ], [ 135.404693814168326, 34.245880869858937 ], [ 135.404924081301601, 34.245985099477799 ], [ 135.404556844534767, 34.246113482389141 ], [ 135.404842286048734, 34.246320108058484 ], [ 135.404732595393426, 34.246539471011388 ], [ 135.403965083074354, 34.246315153536855 ], [ 135.402201186333315, 34.246423930402997 ], [ 135.400726615626724, 34.248383394336244 ], [ 135.400380183836319, 34.248452560275716 ], [ 135.399037601104652, 34.248190188958539 ], [ 135.398814781520741, 34.248016960011142 ], [ 135.397637774293145, 34.24824292337577 ], [ 135.397766511912693, 34.247585143223354 ], [ 135.397057596048853, 34.248077237550795 ], [ 135.396354847654749, 34.248837572768593 ], [ 135.395944870174986, 34.250396928403035 ], [ 135.395622750264636, 34.250670177346926 ], [ 135.396132813268622, 34.251492525699334 ], [ 135.396533513112615, 34.251773125636284 ], [ 135.398137763758257, 34.252235142701103 ], [ 135.397726736277974, 34.252927038410213 ], [ 135.398304760343194, 34.253995802014131 ], [ 135.397870889918977, 34.254131161093468 ], [ 135.397680915928845, 34.254441964838797 ], [ 135.397580222922272, 34.255812794545484 ], [ 135.39651514962307, 34.260977326983017 ], [ 135.399764519096976, 34.262153843002132 ], [ 135.405731306857149, 34.263307013581304 ], [ 135.407110652132246, 34.26052889182764 ], [ 135.407539317411988, 34.258774356689948 ], [ 135.408038543376335, 34.258017776022257 ], [ 135.408086214683834, 34.257697534384384 ] ] ] } },
{ "type": "Feature", "properties": { "CITY_NAME": "紀の川市", "S_NAME": "大字馬宿", "JINKO": 375, "medical_area": "30_那賀医療圏", "町丁目名": "紀の川市大字馬宿" }, "geometry": { "type": "Polygon", "coordinates": [ [ [ 135.434412074877656, 34.29179734222182 ], [ 135.434196735547658, 34.291119188122309 ], [ 135.43450748837077, 34.290379218742942 ], [ 135.434671939874875, 34.290418714692379 ], [ 135.43494098238213, 34.291162760542328 ], [ 135.435245037979939, 34.291506332413668 ], [ 135.435480638248123, 34.291337947705884 ], [ 135.435426699830373, 34.290920160929247 ], [ 135.435583121387708, 34.290719998786251 ], [ 135.436174109281751, 34.290565782843359 ], [ 135.436132187613083, 34.290050710391704 ], [ 135.435790581249307, 34.289605683068729 ], [ 135.435847760027315, 34.289296735769668 ], [ 135.436217059658418, 34.289298572515683 ], [ 135.436523361684038, 34.28980147516765 ], [ 135.437124417617525, 34.289848040370643 ], [ 135.437972521402116, 34.289062629253962 ], [ 135.437889653478067, 34.288507785952604 ], [ 135.437434190410755, 34.288071398162622 ], [ 135.437570608439188, 34.287222154648489 ], [ 135.437465458124535, 34.286726655247669 ], [ 135.437543446101898, 34.286272990328222 ], [ 135.438053199990804, 34.286359986932545 ], [ 135.438175221643917, 34.286238834275522 ], [ 135.438082847508355, 34.285511666970905 ], [ 135.437896324671328, 34.28525119123556 ], [ 135.438073864574534, 34.284692190272338 ], [ 135.437774497894253, 34.284142837616869 ], [ 135.437986139810846, 34.283252808867275 ], [ 135.437854716652765, 34.282873691183468 ], [ 135.438288975223116, 34.282314315901537 ], [ 135.438182541003073, 34.28201208665574 ], [ 135.437806444111715, 34.281978527376587 ], [ 135.437420562713271, 34.281489632244643 ], [ 135.437652986764277, 34.281148948884152 ], [ 135.438121495106856, 34.280944159404797 ], [ 135.438451814566207, 34.280222307948996 ], [ 135.436962464611014, 34.280078695111179 ], [ 135.436398362834126, 34.281234192422154 ], [ 135.436051412099289, 34.281710286549043 ], [ 135.436398108874357, 34.280495330538848 ], [ 135.436244513996826, 34.279861275017417 ], [ 135.435921251043197, 34.279744557665147 ], [ 135.435855769436671, 34.28011657432625 ], [ 135.435088955409867, 34.279802849279307 ], [ 135.434975367425409, 34.28021803316399 ], [ 135.43492366788098, 34.279669529825128 ], [ 135.435074409926216, 34.279376369525558 ], [ 135.434328517888503, 34.279278550672274 ], [ 135.434549852161979, 34.280590926780249 ], [ 135.433873220312194, 34.280798409873412 ], [ 135.433646913713318, 34.280248818504177 ], [ 135.434265216272792, 34.280198420729064 ], [ 135.434265381010363, 34.279850472470592 ], [ 135.433822149727092, 34.279783348022377 ], [ 135.43372562307357, 34.279518912174773 ], [ 135.433479054346463, 34.279689072442281 ], [ 135.432866618733129, 34.279510439289439 ], [ 135.43294358479119, 34.279370207168959 ], [ 135.43377178406439, 34.279442491868714 ], [ 135.433914478643686, 34.279217758114804 ], [ 135.43340135015373, 34.278964783476624 ], [ 135.433522402615438, 34.278728258615786 ], [ 135.433088601357184, 34.278635112732928 ], [ 135.432618755843038, 34.278217375893419 ], [ 135.432421746352446, 34.279283837291175 ], [ 135.432661460463208, 34.279654587999133 ], [ 135.433358428928415, 34.27986164487362 ], [ 135.432423881773644, 34.280425315775169 ], [ 135.432425365061107, 34.280204438575012 ], [ 135.432006883240462, 34.280090652607051 ], [ 135.432325529729553, 34.279220282689494 ], [ 135.432081994712604, 34.279096598925989 ], [ 135.431319104669512, 34.280617563292637 ], [ 135.431003778835645, 34.280419024744667 ], [ 135.43104572399568, 34.280307509743096 ], [ 135.430680095013884, 34.280189174518121 ], [ 135.430594478705189, 34.280485308395122 ], [ 135.43121868010644, 34.28069373141534 ], [ 135.431019591066132, 34.2810634374598 ], [ 135.430595817052136, 34.280935253510734 ], [ 135.430588031868552, 34.281120884112831 ], [ 135.431088922845618, 34.281251256675652 ], [ 135.430529609892687, 34.281769601950074 ], [ 135.430101829967867, 34.282542824671673 ], [ 135.429672069147784, 34.282973582375334 ], [ 135.429113004636321, 34.28320074395873 ], [ 135.428689362029218, 34.283083260494678 ], [ 135.428636123906415, 34.283238956035625 ], [ 135.429021151779239, 34.283319915658033 ], [ 135.428845568279911, 34.283843699431642 ], [ 135.428381802458716, 34.284062285378347 ], [ 135.427728812813399, 34.283942040696139 ], [ 135.427431539669271, 34.283858669353911 ], [ 135.427319048020792, 34.283404401488056 ], [ 135.426272954377964, 34.283200610372532 ], [ 135.426191801144768, 34.283617629803658 ], [ 135.425655543121991, 34.284450343083776 ], [ 135.426061493495695, 34.285161241078939 ], [ 135.426083313445162, 34.285714962430959 ], [ 135.425550658735091, 34.28700749381106 ], [ 135.424846065645966, 34.287571060677806 ], [ 135.424904116152504, 34.288866074228793 ], [ 135.424382152453632, 34.289418801117002 ], [ 135.424324640918655, 34.289826211210347 ], [ 135.426482365730436, 34.289111663233051 ], [ 135.428242328674969, 34.288759096706542 ], [ 135.430851976789768, 34.288645132971325 ], [ 135.430977039549504, 34.288969291416976 ], [ 135.433305512819402, 34.289196288194084 ], [ 135.434041230091537, 34.288888778434419 ], [ 135.434436613103998, 34.289037808291944 ], [ 135.433408565678235, 34.290495023511149 ], [ 135.433310454084022, 34.290857171059528 ], [ 135.432818734187236, 34.291316816057012 ], [ 135.432833090091947, 34.29171920766283 ], [ 135.433157380705438, 34.291771699405771 ], [ 135.433968970454629, 34.291517506225574 ], [ 135.434207951873759, 34.291807672267943 ], [ 135.434412074877656, 34.29179734222182 ] ], [ [ 135.431747256965906, 34.281343898329048 ], [ 135.432065715685724, 34.280868950060572 ], [ 135.432382126466365, 34.280654036940248 ], [ 135.432486492456462, 34.280932032551576 ], [ 135.432308084442269, 34.281179702395477 ], [ 135.431896593275809, 34.281148639224895 ], [ 135.431747256965906, 34.281343898329048 ] ] ] } },
{ "type": "Feature", "properties": { "CITY_NAME": "紀の川市", "S_NAME": "大字上丹生谷", "JINKO": 230, "medical_area": "30_那賀医療圏", "町丁目名": "紀の川市大字上丹生谷" }, "geometry": { "type": "Polygon", "coordinates": [ [ [ 135.425898060920616, 34.300452792634459 ], [ 135.426045408482139, 34.300113561306972 ], [ 135.425591892178659, 34.299465412769045 ], [ 135.425337357292534, 34.299485353209512 ], [ 135.424841225173964, 34.299862958721043 ], [ 135.424426126892172, 34.299557017389624 ], [ 135.424822184718238, 34.298925520778411 ], [ 135.425287013663649, 34.298657507557323 ], [ 135.425418928801918, 34.298334968222164 ], [ 135.424900765771184, 34.2974670396232 ], [ 135.424480670680708, 34.297148397479269 ], [ 135.424794574105817, 34.29550521022297 ], [ 135.424009567461923, 34.293860958153168 ], [ 135.423806383567239, 34.292694584328942 ], [ 135.423331095551475, 34.292074778418524 ], [ 135.424099322209059, 34.291458127262771 ], [ 135.424342294768735, 34.289495811483306 ], [ 135.424904116152504, 34.288866074228793 ], [ 135.424846065645966, 34.287571060677806 ], [ 135.425550658735091, 34.28700749381106 ], [ 135.426093700447325, 34.285541458857125 ], [ 135.424135122283559, 34.285798255975408 ], [ 135.423735362849072, 34.285512527539332 ], [ 135.423026394998317, 34.285499479495904 ], [ 135.422040451971469, 34.286924258327666 ], [ 135.421902044740051, 34.287501177577241 ], [ 135.42201961820038, 34.288250880797477 ], [ 135.421040140423969, 34.28917122791276 ], [ 135.420984714779991, 34.289408192856605 ], [ 135.421267357042069, 34.290105565638889 ], [ 135.419381990614283, 34.291988420450245 ], [ 135.419151089486661, 34.291098718999272 ], [ 135.418741246124569, 34.291548834147875 ], [ 135.417645183696948, 34.292013023157459 ], [ 135.417661004822662, 34.292438525990768 ], [ 135.417177403983942, 34.292992668820375 ], [ 135.417504077612932, 34.293627852671428 ], [ 135.418126298191908, 34.293831964652043 ], [ 135.417989287070753, 34.294127001329137 ], [ 135.417594703113366, 34.294176830060799 ], [ 135.417712368027395, 34.294619860996598 ], [ 135.417335729442556, 34.295814904797901 ], [ 135.418048221630443, 34.298128125549688 ], [ 135.417787571560581, 34.298678957727695 ], [ 135.41790044965984, 34.299104074240311 ], [ 135.417197782366287, 34.300246997333666 ], [ 135.416874577072576, 34.300335338025711 ], [ 135.416922354470074, 34.301449702371492 ], [ 135.417147523094883, 34.302089615900783 ], [ 135.418292040284229, 34.303076200905025 ], [ 135.419257917737411, 34.303557475598467 ], [ 135.420396084124349, 34.303762888563014 ], [ 135.420190628317243, 34.30430482724357 ], [ 135.420306026240468, 34.304749954564841 ], [ 135.420980588874414, 34.305089955676429 ], [ 135.421489781448884, 34.304863162565916 ], [ 135.422078822299738, 34.304023118747985 ], [ 135.422715095036807, 34.303666613082029 ], [ 135.424885158957125, 34.301595158791791 ], [ 135.425407990266535, 34.301442789429785 ], [ 135.42531537116983, 34.300846898781089 ], [ 135.425898060920616, 34.300452792634459 ] ] ] } },
{ "type": "Feature", "properties": { "CITY_NAME": "紀の川市", "S_NAME": "大字下丹生谷", "JINKO": 325, "medical_area": "30_那賀医療圏", "町丁目名": "紀の川市大字下丹生谷" }, "geometry": { "type": "Polygon", "coordinates": [ [ [ 135.418951064493172, 34.291345986738577 ], [ 135.419151089486661, 34.291098718999272 ], [ 135.419381990614283, 34.291988420450245 ], [ 135.421267357042069, 34.290105565638889 ], [ 135.420984714779991, 34.289408192856605 ], [ 135.421040140423969, 34.28917122791276 ], [ 135.42201961820038, 34.288250880797477 ], [ 135.421902044740051, 34.287501177577241 ], [ 135.422040451971469, 34.286924258327666 ], [ 135.423026394998317, 34.285499479495904 ], [ 135.423735362849072, 34.285512527539332 ], [ 135.424135122283559, 34.285798255975408 ], [ 135.426093700447325, 34.285541458857125 ], [ 135.426061493495695, 34.285161241078939 ], [ 135.425655543121991, 34.284450343083776 ], [ 135.426191801144768, 34.283617629803658 ], [ 135.426227271248194, 34.282412368675118 ], [ 135.427016733721473, 34.281469406719033 ], [ 135.426778582586138, 34.280396413836804 ], [ 135.426950534439925, 34.280183515739473 ], [ 135.4283513967668, 34.27972841442616 ], [ 135.42873734512159, 34.279350707120471 ], [ 135.428851276375667, 34.278883265897441 ], [ 135.42874354491272, 34.277844270931922 ], [ 135.428905999990491, 34.277026714353418 ], [ 135.429276155252069, 34.276309436594289 ], [ 135.429640137449979, 34.275958672229514 ], [ 135.429207704246608, 34.275477846198747 ], [ 135.426186630273094, 34.275607165094655 ], [ 135.424344103576374, 34.275921834052312 ], [ 135.423730460762499, 34.275840490591506 ], [ 135.422437292237476, 34.275312630063119 ], [ 135.422254682762286, 34.276524237927596 ], [ 135.422525575607182, 34.277444970769473 ], [ 135.423064521504187, 34.27822130342993 ], [ 135.423088053973117, 34.279284563752839 ], [ 135.423368883205768, 34.279946143259899 ], [ 135.42283545260554, 34.279930536316932 ], [ 135.422395008141905, 34.279116627239588 ], [ 135.421856636560904, 34.278510039391932 ], [ 135.421588632817674, 34.278418479048199 ], [ 135.420214532998557, 34.279983127958921 ], [ 135.420585900190815, 34.280103776144948 ], [ 135.420677573293318, 34.280457230997882 ], [ 135.420575283868828, 34.280630442609734 ], [ 135.420123575808447, 34.280717199229713 ], [ 135.419763582340522, 34.281311100977248 ], [ 135.420496197752044, 34.281236377421216 ], [ 135.420542184809364, 34.282150986231464 ], [ 135.420282480068607, 34.282788750867503 ], [ 135.420512356461586, 34.283652387132022 ], [ 135.420960809535643, 34.283355996231222 ], [ 135.421134551966361, 34.283491628686136 ], [ 135.420580569070125, 34.285105650101784 ], [ 135.418684177089318, 34.286827012965055 ], [ 135.417322687572437, 34.290281185616273 ], [ 135.417505001400997, 34.291039508809156 ], [ 135.417423428270411, 34.291534562356084 ], [ 135.417645183696948, 34.292013023157459 ], [ 135.418951064493172, 34.291345986738577 ] ] ] } },
{ "type": "Feature", "properties": { "CITY_NAME": "紀の川市", "S_NAME": "大字西川原", "JINKO": 172, "medical_area": "30_那賀医療圏", "町丁目名": "紀の川市大字西川原" }, "geometry": { "type": "Polygon", "coordinates": [ [ [ 135.431854483611204, 34.313110835270443 ], [ 135.432184001433939, 34.311389949639576 ], [ 135.431613810305578, 34.31028416473967 ], [ 135.431166992597838, 34.309824411742731 ], [ 135.431311232620544, 34.309308512263343 ], [ 135.431199389196053, 34.30867929485256 ], [ 135.430285627349747, 34.30814299649672 ], [ 135.430466982020619, 34.307529506832786 ], [ 135.429611373161066, 34.305501245633558 ], [ 135.428536555181921, 34.304544115854426 ], [ 135.427526255236785, 34.303080569682095 ], [ 135.426989175320102, 34.302748570780075 ], [ 135.426591180140434, 34.30216407612906 ], [ 135.425904255416441, 34.30216509451872 ], [ 135.425631990786343, 34.301426932341478 ], [ 135.424885158957125, 34.301595158791791 ], [ 135.422715095036807, 34.303666613082029 ], [ 135.422078822299738, 34.304023118747985 ], [ 135.421489781448884, 34.304863162565916 ], [ 135.421127441795932, 34.305062615325873 ], [ 135.420434667115273, 34.304909603521622 ], [ 135.420190628317243, 34.30430482724357 ], [ 135.420305068042836, 34.303878957971619 ], [ 135.420132837228977, 34.304098744760445 ], [ 135.41864225118735, 34.307087553867568 ], [ 135.418552532853653, 34.308071238830919 ], [ 135.418980397325697, 34.308567996013466 ], [ 135.420349852580756, 34.309069342634537 ], [ 135.420939281456754, 34.309066207300731 ], [ 135.422509311188634, 34.308586055349785 ], [ 135.424044841994061, 34.310447664306047 ], [ 135.424233408079942, 34.311346024757043 ], [ 135.424121917069101, 34.3116393538903 ], [ 135.423857391318023, 34.311712914959919 ], [ 135.42150860293691, 34.310248808576837 ], [ 135.421185079880246, 34.310254749672382 ], [ 135.421196846259051, 34.310520343376645 ], [ 135.4219009038639, 34.31147691932054 ], [ 135.421381138320612, 34.312649326676642 ], [ 135.421791842148025, 34.312724514214331 ], [ 135.423446847573416, 34.312151206976608 ], [ 135.423851804158261, 34.312178464305532 ], [ 135.424407514452071, 34.312885983904252 ], [ 135.425023604420687, 34.314121763536583 ], [ 135.424589982946713, 34.314276521164551 ], [ 135.421062858811894, 34.314420254971736 ], [ 135.420878647438315, 34.314626606761848 ], [ 135.423577044246116, 34.31584331766372 ], [ 135.425949236424543, 34.316435653485804 ], [ 135.426179198349644, 34.316666627123467 ], [ 135.425841322771362, 34.317521536941378 ], [ 135.425882823305358, 34.317917152785633 ], [ 135.426218509330084, 34.318506146717674 ], [ 135.425949155242506, 34.319745669351526 ], [ 135.426408248003497, 34.320826880194176 ], [ 135.426280377738294, 34.32120607077988 ], [ 135.425837222609658, 34.321615626547839 ], [ 135.426303101437355, 34.322217064485798 ], [ 135.428664838471946, 34.32324796388685 ], [ 135.429431066996443, 34.322565060121825 ], [ 135.429230112857624, 34.322089112342553 ], [ 135.429258920147902, 34.321663535583276 ], [ 135.429915683781559, 34.321172550637996 ], [ 135.430036210144294, 34.320696826028211 ], [ 135.429454042407684, 34.319606467403915 ], [ 135.4298498418637, 34.319259793624489 ], [ 135.430486023982809, 34.31907989398978 ], [ 135.430991706629754, 34.318486640690452 ], [ 135.431078646953665, 34.31820037418403 ], [ 135.43069298996366, 34.317003171191779 ], [ 135.431395347219564, 34.315619283270948 ], [ 135.432333968581418, 34.314297058113929 ], [ 135.432385949001059, 34.313874831415689 ], [ 135.431854483611204, 34.313110835270443 ] ] ] } },
{ "type": "Feature", "properties": { "CITY_NAME": "紀の川市", "S_NAME": "大字野上", "JINKO": 199, "medical_area": "30_那賀医療圏", "町丁目名": "紀の川市大字野上" }, "geometry": { "type": "Polygon", "coordinates": [ [ [ 135.429451700362222, 34.300340165638623 ], [ 135.430334680119671, 34.297592365341899 ], [ 135.430656748978606, 34.297838971799003 ], [ 135.431376412687428, 34.297924430343414 ], [ 135.431430230049386, 34.298162609579023 ], [ 135.431686707382994, 34.298086457594131 ], [ 135.432246658244537, 34.299016957514766 ], [ 135.432311568311007, 34.299486495888161 ], [ 135.432663692971147, 34.299783949369399 ], [ 135.432361613590075, 34.298612768532323 ], [ 135.433700352821035, 34.298200278348197 ], [ 135.43351694039518, 34.297549880414692 ], [ 135.433762826178736, 34.297287163507661 ], [ 135.433569529194642, 34.297085955315779 ], [ 135.433663856365484, 34.296643493884638 ], [ 135.433461592202718, 34.296400264879651 ], [ 135.433712590977251, 34.295994588185089 ], [ 135.433099077193759, 34.296021483705672 ], [ 135.433262031543137, 34.295665692511221 ], [ 135.433840436290041, 34.2954953693121 ], [ 135.433337605166116, 34.293167003883894 ], [ 135.433770581077425, 34.292546635015512 ], [ 135.434151446349574, 34.292464712253995 ], [ 135.434405725011345, 34.291883666401056 ], [ 135.433968970454629, 34.291517506225574 ], [ 135.433157380705438, 34.291771699405771 ], [ 135.432833090091947, 34.29171920766283 ], [ 135.432818734187236, 34.291316816057012 ], [ 135.43300007231187, 34.29128074539738 ], [ 135.433408565678235, 34.290495023511149 ], [ 135.434239012800788, 34.289469229880915 ], [ 135.434436613103998, 34.289037808291944 ], [ 135.434157252308154, 34.288917627689742 ], [ 135.433781339829864, 34.288921530840781 ], [ 135.433305512819402, 34.289196288194084 ], [ 135.431947872015087, 34.289134375611617 ], [ 135.430977039549504, 34.288969291416976 ], [ 135.430851976789768, 34.288645132971325 ], [ 135.428242328674969, 34.288759096706542 ], [ 135.426482365730436, 34.289111663233051 ], [ 135.424324640918655, 34.289826211210347 ], [ 135.424099322209059, 34.291458127262771 ], [ 135.423375210487848, 34.29194622915189 ], [ 135.423335422605135, 34.292186649418973 ], [ 135.423806383567239, 34.292694584328942 ], [ 135.424009567461923, 34.293860958153168 ], [ 135.424794574105817, 34.29550521022297 ], [ 135.424480670680708, 34.297148397479269 ], [ 135.424900765771184, 34.2974670396232 ], [ 135.425418928801918, 34.298334968222164 ], [ 135.425287013663649, 34.298657507557323 ], [ 135.424822184718238, 34.298925520778411 ], [ 135.424426126892172, 34.299557017389624 ], [ 135.424841225173964, 34.299862958721043 ], [ 135.425337357292534, 34.299485353209512 ], [ 135.425591892178659, 34.299465412769045 ], [ 135.426025412175818, 34.300058669507564 ], [ 135.428490040650274, 34.300400778770545 ], [ 135.429451700362222, 34.300340165638623 ] ] ] } },
{ "type": "Feature", "properties": { "CITY_NAME": "紀の川市", "S_NAME": "大字東川原", "JINKO": 135, "medical_area": "30_那賀医療圏", "町丁目名": "紀の川市大字東川原" }, "geometry": { "type": "Polygon", "coordinates": [ [ [ 135.430764472919037, 34.316882072985543 ], [ 135.432324705105884, 34.316127470188533 ], [ 135.433112249424738, 34.316163647092374 ], [ 135.433018782222433, 34.315860487994676 ], [ 135.433303657032639, 34.314910090332233 ], [ 135.433751679468145, 34.314168085527463 ], [ 135.434206411023894, 34.314040017880195 ], [ 135.433823990250062, 34.313439985088351 ], [ 135.434049244342702, 34.312200106435505 ], [ 135.433797370515549, 34.311626875622267 ], [ 135.434566358126091, 34.3113410739751 ], [ 135.434590862316185, 34.31114833610679 ], [ 135.434056923171539, 34.310925134751166 ], [ 135.433881642772832, 34.310627232829546 ], [ 135.434762594643303, 34.310631290416879 ], [ 135.434914541992725, 34.310439279175661 ], [ 135.43479140001395, 34.310105839639775 ], [ 135.434352646372048, 34.30981489658398 ], [ 135.435026483667116, 34.309749251522369 ], [ 135.435298307826145, 34.309311550418322 ], [ 135.435730948161876, 34.30922168862346 ], [ 135.435639624997066, 34.309729104077327 ], [ 135.436138024584722, 34.310470391118209 ], [ 135.436337893498205, 34.311123672911215 ], [ 135.437039733339532, 34.311201125039631 ], [ 135.437679924091896, 34.311818525940986 ], [ 135.437981186213051, 34.31028400242166 ], [ 135.43888321692279, 34.310514356519612 ], [ 135.439054692613894, 34.310256220261273 ], [ 135.438825296581939, 34.309189354863982 ], [ 135.438907115787771, 34.308512286135119 ], [ 135.438577982304082, 34.307849683691259 ], [ 135.438681707283479, 34.307299638463185 ], [ 135.438258763486147, 34.306838896557601 ], [ 135.438075244204214, 34.305717017631117 ], [ 135.437547155320829, 34.3055169650087 ], [ 135.436695307052901, 34.304545998890333 ], [ 135.437027871462533, 34.303382669699062 ], [ 135.436798580890468, 34.302930836964926 ], [ 135.436248253160471, 34.302511765167644 ], [ 135.435783971982346, 34.302470474987722 ], [ 135.435689646676508, 34.301858948571734 ], [ 135.434781246946699, 34.301408924622962 ], [ 135.433041823567862, 34.30130934614116 ], [ 135.432971208956815, 34.300980652002032 ], [ 135.432672991102379, 34.300832207093613 ], [ 135.432737233059726, 34.299872473582518 ], [ 135.432311568311007, 34.299486495888161 ], [ 135.432246658244537, 34.299016957514766 ], [ 135.431717860202724, 34.298117029604605 ], [ 135.431430230049386, 34.298162609579023 ], [ 135.431376412687428, 34.297924430343414 ], [ 135.430656748978606, 34.297838971799003 ], [ 135.430334680119671, 34.297592365341899 ], [ 135.429451700362222, 34.300340165638623 ], [ 135.428490040650274, 34.300400778770545 ], [ 135.426025412175818, 34.300058669507564 ], [ 135.425964673482213, 34.300385626598462 ], [ 135.425371801526353, 34.300779686016689 ], [ 135.425253016041154, 34.301036640593395 ], [ 135.425407990266535, 34.301442789429785 ], [ 135.425631990786343, 34.301426932341478 ], [ 135.425833614503063, 34.301706514738633 ], [ 135.425904255416441, 34.30216509451872 ], [ 135.426591180140434, 34.30216407612906 ], [ 135.426989175320102, 34.302748570780075 ], [ 135.427526255236785, 34.303080569682095 ], [ 135.428536555181921, 34.304544115854426 ], [ 135.429540118217915, 34.305394417607552 ], [ 135.430466982020619, 34.307529506832786 ], [ 135.430285627349747, 34.30814299649672 ], [ 135.431199389196053, 34.30867929485256 ], [ 135.431311232620544, 34.309308512263343 ], [ 135.431166992597838, 34.309824411742731 ], [ 135.431613810305578, 34.31028416473967 ], [ 135.432184001433939, 34.311389949639576 ], [ 135.431854483611204, 34.313110835270443 ], [ 135.432395959915254, 34.313932493205705 ], [ 135.432333968581418, 34.314297058113929 ], [ 135.431395347219564, 34.315619283270948 ], [ 135.430764472919037, 34.316882072985543 ] ] ] } },
{ "type": "Feature", "properties": { "CITY_NAME": "紀の川市", "S_NAME": "大字北志野", "JINKO": 262, "medical_area": "30_那賀医療圏", "町丁目名": "紀の川市大字北志野" }, "geometry": { "type": "Polygon", "coordinates": [ [ [ 135.391140899817913, 34.315253245488584 ], [ 135.391817924342405, 34.311930214392703 ], [ 135.391638764829025, 34.309755859894707 ], [ 135.391477574561833, 34.308937740626114 ], [ 135.390005897188928, 34.305474083135387 ], [ 135.390139103143298, 34.304862245789053 ], [ 135.390876236892552, 34.303763885167577 ], [ 135.390813783265884, 34.303008235138613 ], [ 135.390173160846786, 34.301586643234764 ], [ 135.38884585754812, 34.300779907478201 ], [ 135.388515103228144, 34.300001789463778 ], [ 135.387899321667277, 34.299687822815315 ], [ 135.387748010507892, 34.298812833626265 ], [ 135.387034541883082, 34.298295665278204 ], [ 135.386941868881138, 34.297768211123355 ], [ 135.386676495945807, 34.29759192594598 ], [ 135.386889024728191, 34.297002885402058 ], [ 135.386734249215493, 34.296631204229648 ], [ 135.386883202652172, 34.295000680520474 ], [ 135.386694724239135, 34.293678237545492 ], [ 135.38750935045141, 34.293762316400148 ], [ 135.387767051617175, 34.29358455579672 ], [ 135.387624813117185, 34.293205046606751 ], [ 135.386896774730133, 34.292813599765182 ], [ 135.3866153976237, 34.292459175279305 ], [ 135.387163535372764, 34.292211162307112 ], [ 135.386964399896641, 34.291913918394698 ], [ 135.387249599800043, 34.291413139944389 ], [ 135.387054231218173, 34.290403253081571 ], [ 135.387227038047712, 34.289831055427264 ], [ 135.387159179116537, 34.289294565754268 ], [ 135.387752794187833, 34.287867269728451 ], [ 135.387808042097589, 34.286987669655609 ], [ 135.38744551236212, 34.286071895489023 ], [ 135.387409015902563, 34.285295234765115 ], [ 135.387591859699086, 34.284356116640055 ], [ 135.38801081170331, 34.283796691843449 ], [ 135.388084507332763, 34.282842377640051 ], [ 135.387539909936464, 34.281872589407115 ], [ 135.387269300726786, 34.281670078097136 ], [ 135.387253043765412, 34.281057068180864 ], [ 135.386024435801289, 34.281039531371768 ], [ 135.384549830771533, 34.28069139616526 ], [ 135.384016007422787, 34.282219282215081 ], [ 135.383018127564924, 34.282371495118625 ], [ 135.382702318624069, 34.282967905571972 ], [ 135.382240452012553, 34.283015456042861 ], [ 135.38171025086757, 34.282660758972114 ], [ 135.380711169557003, 34.282686163571462 ], [ 135.380745795122436, 34.283658623439877 ], [ 135.381399872642106, 34.284606446506011 ], [ 135.381706785198958, 34.285616759728768 ], [ 135.381633473950558, 34.286329334619339 ], [ 135.382064419244188, 34.287212078760149 ], [ 135.381999914664732, 34.287823694211717 ], [ 135.382628283082994, 34.288097883341734 ], [ 135.382777369422172, 34.288483065813345 ], [ 135.38263503798791, 34.28885847457024 ], [ 135.381869196067669, 34.289222721982334 ], [ 135.38176593178332, 34.289941344366142 ], [ 135.381276189660838, 34.290628017877417 ], [ 135.381172092199876, 34.291819535723121 ], [ 135.380665243216356, 34.292018146960423 ], [ 135.380730688193012, 34.292589844848372 ], [ 135.381117320111684, 34.293315158347632 ], [ 135.38074316852834, 34.29405579978787 ], [ 135.382190117361944, 34.295413453574099 ], [ 135.38338820129303, 34.296958322555703 ], [ 135.38528984035176, 34.299623653763341 ], [ 135.38565123359848, 34.300637607711174 ], [ 135.385431837580256, 34.301913207766106 ], [ 135.385889311712447, 34.302301618837291 ], [ 135.385420783300816, 34.30307940852191 ], [ 135.385052693046617, 34.303342963479608 ], [ 135.385220262240779, 34.304180709124708 ], [ 135.385843019414665, 34.304852532699684 ], [ 135.384434539219626, 34.306795824250635 ], [ 135.385096214704248, 34.308006670372919 ], [ 135.385572240813048, 34.308257686002285 ], [ 135.385534085015877, 34.309094965011568 ], [ 135.386036665906147, 34.310606891812178 ], [ 135.386077708607445, 34.311343984571636 ], [ 135.385854783550144, 34.312574076128506 ], [ 135.386017124211463, 34.313305863061039 ], [ 135.386998351976189, 34.314725380155011 ], [ 135.387541451914188, 34.314586090123704 ], [ 135.387803759459445, 34.314812226076377 ], [ 135.38905042592495, 34.314993671981682 ], [ 135.389246200602116, 34.31527159648757 ], [ 135.389325246173769, 34.316307811035216 ], [ 135.390509590668159, 34.317477845591448 ], [ 135.391291119026192, 34.317081646934064 ], [ 135.391140899817913, 34.315253245488584 ] ] ] } },
{ "type": "Feature", "properties": { "CITY_NAME": "紀の川市", "S_NAME": "大字北長田", "JINKO": 227, "medical_area": "30_那賀医療圏", "町丁目名": "紀の川市大字北長田" }, "geometry": { "type": "Polygon", "coordinates": [ [ [ 135.389406216439937, 34.29435425801239 ], [ 135.390687906544628, 34.291954559725447 ], [ 135.391251826351549, 34.29133414544328 ], [ 135.392011379825902, 34.290991365869466 ], [ 135.392701331609175, 34.289039357261601 ], [ 135.392786205682455, 34.288010296060115 ], [ 135.393668728588239, 34.285801292458835 ], [ 135.394445765470664, 34.284346258618577 ], [ 135.394066316089209, 34.282967370460014 ], [ 135.394520928116549, 34.281476794189587 ], [ 135.394349625732218, 34.281067282984878 ], [ 135.393243500513108, 34.281090569283641 ], [ 135.387532225950508, 34.27910035524441 ], [ 135.387123551172778, 34.279485573843722 ], [ 135.387200340259426, 34.279965199087776 ], [ 135.387050074329608, 34.280630909154787 ], [ 135.387345736203685, 34.281362374125301 ], [ 135.387269300726786, 34.281670078097136 ], [ 135.387539909936464, 34.281872589407115 ], [ 135.388084507332763, 34.282842377640051 ], [ 135.38801081170331, 34.283796691843449 ], [ 135.387591859699086, 34.284356116640055 ], [ 135.387381083762563, 34.285665866993355 ], [ 135.387808042097589, 34.286987669655609 ], [ 135.387752794187833, 34.287867269728451 ], [ 135.387159179116537, 34.289294565754268 ], [ 135.387227038047712, 34.289831055427264 ], [ 135.387054231218173, 34.290403253081571 ], [ 135.387249599800043, 34.291413139944389 ], [ 135.386964399896641, 34.291913918394698 ], [ 135.387163535372764, 34.292211162307112 ], [ 135.3866153976237, 34.292459175279305 ], [ 135.386896774730133, 34.292813599765182 ], [ 135.387624813117185, 34.293205046606751 ], [ 135.387767051617175, 34.29358455579672 ], [ 135.38750935045141, 34.293762316400148 ], [ 135.386694724239135, 34.293678237545492 ], [ 135.386883202652172, 34.295000680520474 ], [ 135.386734249215493, 34.296631204229648 ], [ 135.386889024728191, 34.297002885402058 ], [ 135.386676495945807, 34.29759192594598 ], [ 135.386941868881138, 34.297768211123355 ], [ 135.387034541883082, 34.298295665278204 ], [ 135.387791246110851, 34.298877849043031 ], [ 135.387899321667277, 34.299687822815315 ], [ 135.388515103228144, 34.300001789463778 ], [ 135.38884585754812, 34.300779907478201 ], [ 135.390173160846786, 34.301586643234764 ], [ 135.39028313269776, 34.30202486964383 ], [ 135.390681160094118, 34.302574263242057 ], [ 135.390903050491033, 34.303664424310455 ], [ 135.390139103143298, 34.304862245789053 ], [ 135.390019025301569, 34.305583885332346 ], [ 135.391477574561833, 34.308937740626114 ], [ 135.391336794653455, 34.307896304433896 ], [ 135.391661320350465, 34.303247688278773 ], [ 135.391609610644167, 34.301641381087599 ], [ 135.389198622542835, 34.298316730344197 ], [ 135.388887308364673, 34.297620836617376 ], [ 135.388903652518053, 34.295863431413295 ], [ 135.389406216439937, 34.29435425801239 ] ] ] } },
{ "type": "Feature", "properties": { "CITY_NAME": "紀の川市", "S_NAME": "大字上田井", "JINKO": 636, "medical_area": "30_那賀医療圏", "町丁目名": "紀の川市大字上田井" }, "geometry": { "type": "Polygon", "coordinates": [ [ [ 135.386632492338435, 34.274220367160815 ], [ 135.386973456859295, 34.274113594004575 ], [ 135.387169949066958, 34.273547710814739 ], [ 135.387415740524716, 34.271419541877016 ], [ 135.387120387571287, 34.270819095791502 ], [ 135.387459472949615, 34.268451383096128 ], [ 135.387414827611906, 34.267821065757786 ], [ 135.387623229940829, 34.266942669928412 ], [ 135.387889577642483, 34.266644228081077 ], [ 135.388147356770389, 34.265922721171343 ], [ 135.388220191972891, 34.265341444725621 ], [ 135.388000715544621, 34.265247947023056 ], [ 135.387901988937699, 34.264570030082673 ], [ 135.388215722315266, 34.262866821005474 ], [ 135.387350100447748, 34.26249302575264 ], [ 135.3875010676432, 34.262046807372215 ], [ 135.38809550424952, 34.261559122106036 ], [ 135.388939107221177, 34.2584174936826 ], [ 135.387587755155806, 34.258018327420487 ], [ 135.382706859866062, 34.255103233211287 ], [ 135.381858108312713, 34.254761597102828 ], [ 135.38209987566529, 34.255155828819454 ], [ 135.381925731701813, 34.255364422838362 ], [ 135.379917229959005, 34.255839463977971 ], [ 135.379476362630442, 34.256200960202648 ], [ 135.38020893705206, 34.258597410643965 ], [ 135.380567122318922, 34.259301292181085 ], [ 135.38151765378629, 34.260336508927828 ], [ 135.381277547815529, 34.261955550231598 ], [ 135.380797355919384, 34.262110767161673 ], [ 135.38011675622505, 34.262849291324471 ], [ 135.380320603085096, 34.263117401667159 ], [ 135.380287510668694, 34.265001757820222 ], [ 135.379162426670263, 34.264964115429649 ], [ 135.379286632355729, 34.266878704840089 ], [ 135.381448474855432, 34.266724061187546 ], [ 135.381679539319464, 34.268105296285391 ], [ 135.381573287013538, 34.269009693432643 ], [ 135.381824315306972, 34.269859818488577 ], [ 135.381935170187461, 34.27228416857897 ], [ 135.382208626437318, 34.272707444106878 ], [ 135.382266927932648, 34.273529849006444 ], [ 135.382705719972307, 34.274067915246206 ], [ 135.383053361100821, 34.274249687364318 ], [ 135.38478973292078, 34.274190614397547 ], [ 135.386532141416467, 34.274445118330952 ], [ 135.386632492338435, 34.274220367160815 ] ] ] } },
{ "type": "Feature", "properties": { "CITY_NAME": "紀の川市", "S_NAME": "大字嶋", "JINKO": 240, "medical_area": "30_那賀医療圏", "町丁目名": "紀の川市大字嶋" }, "geometry": { "type": "Polygon", "coordinates": [ [ [ 135.390978376596422, 34.268667565303517 ], [ 135.391301898333865, 34.266452353265471 ], [ 135.392047676535128, 34.266782418644524 ], [ 135.392370628241508, 34.266632860508942 ], [ 135.395233740582455, 34.267212507047375 ], [ 135.396145507697412, 34.267212606886062 ], [ 135.3961569845832, 34.267780349835256 ], [ 135.396520524933834, 34.267893130352526 ], [ 135.396979812337179, 34.267594488245571 ], [ 135.397418617191875, 34.267526207520312 ], [ 135.397302425077783, 34.266871881490964 ], [ 135.396197745597135, 34.266936344739712 ], [ 135.39651514962307, 34.260977326983017 ], [ 135.391686331606564, 34.259228676405627 ], [ 135.388939107221177, 34.2584174936826 ], [ 135.38809550424952, 34.261559122106036 ], [ 135.3875010676432, 34.262046807372215 ], [ 135.387350100447748, 34.26249302575264 ], [ 135.388215722315266, 34.262866821005474 ], [ 135.387901988937699, 34.264570030082673 ], [ 135.388000715544621, 34.265247947023056 ], [ 135.388220191972891, 34.265341444725621 ], [ 135.387889577642483, 34.266644228081077 ], [ 135.388657696686295, 34.266956817213078 ], [ 135.390468508436498, 34.268628844538199 ], [ 135.390978376596422, 34.268667565303517 ] ] ] } },
{ "type": "Feature", "properties": { "CITY_NAME": "紀の川市", "S_NAME": "大字長田中", "JINKO": 295, "medical_area": "30_那賀医療圏", "町丁目名": "紀の川市大字長田中" }, "geometry": { "type": "Polygon", "coordinates": [ [ [ 135.395155333318286, 34.276040858521384 ], [ 135.394853814340848, 34.275410525864793 ], [ 135.394939859503779, 34.275060459517057 ], [ 135.395860519022506, 34.273990687393713 ], [ 135.395024730375695, 34.273053170908305 ], [ 135.395058138142474, 34.272896685314564 ], [ 135.394489498345195, 34.273270162445741 ], [ 135.393261782475491, 34.273419084803372 ], [ 135.392272239139771, 34.272705769260419 ], [ 135.391311938866608, 34.272792457723874 ], [ 135.391421512161514, 34.273228149017314 ], [ 135.391216206323406, 34.273554801073132 ], [ 135.390663909709076, 34.273542633810962 ], [ 135.389998573388226, 34.273762904709827 ], [ 135.389923054231701, 34.273294417987245 ], [ 135.389576853351542, 34.273240300366183 ], [ 135.389368609597341, 34.273843321520459 ], [ 135.387169949066958, 34.273547710814739 ], [ 135.386929808536365, 34.274165357840857 ], [ 135.386534632972712, 34.274283131101569 ], [ 135.386778043593011, 34.274869092525215 ], [ 135.386657047828351, 34.275635103335198 ], [ 135.387435489525103, 34.275744347907114 ], [ 135.387640823604443, 34.276258558778558 ], [ 135.388213244767286, 34.276294085780876 ], [ 135.387880314173742, 34.27833476410953 ], [ 135.387532225950508, 34.27910035524441 ], [ 135.393410861858172, 34.281127175551283 ], [ 135.394349625732218, 34.281067282984878 ], [ 135.394404239438046, 34.280427431529674 ], [ 135.394905389546778, 34.280046303642806 ], [ 135.394478199399316, 34.278984002132709 ], [ 135.39486889930177, 34.278373555634957 ], [ 135.394721669320774, 34.277779197801493 ], [ 135.395242035060079, 34.276834815880903 ], [ 135.395155333318286, 34.276040858521384 ] ] ] } },
{ "type": "Feature", "properties": { "CITY_NAME": "紀の川市", "S_NAME": "大字深田", "JINKO": 314, "medical_area": "30_那賀医療圏", "町丁目名": "紀の川市大字深田" }, "geometry": { "type": "Polygon", "coordinates": [ [ [ 135.389922656837257, 34.273736749653075 ], [ 135.391306841432481, 34.273499041168272 ], [ 135.391421512161514, 34.273228149017314 ], [ 135.391311938866608, 34.272792457723874 ], [ 135.392272239139771, 34.272705769260419 ], [ 135.393261782475491, 34.273419084803372 ], [ 135.394489498345195, 34.273270162445741 ], [ 135.395058138142474, 34.272896685314564 ], [ 135.395363270330961, 34.272424993680893 ], [ 135.395577862094086, 34.271026058908092 ], [ 135.396073250164676, 34.270204523378382 ], [ 135.396227565063469, 34.269624620269148 ], [ 135.396236485186677, 34.26821361761597 ], [ 135.396520524933834, 34.267893130352526 ], [ 135.3961569845832, 34.267780349835256 ], [ 135.396145507697412, 34.267212606886062 ], [ 135.395233740582455, 34.267212507047375 ], [ 135.392370628241508, 34.266632860508942 ], [ 135.392047676535128, 34.266782418644475 ], [ 135.391301898333865, 34.266452353265471 ], [ 135.390978376596422, 34.268667565303517 ], [ 135.390760604601979, 34.268671561424384 ], [ 135.390687744317546, 34.269334821028387 ], [ 135.391341350164396, 34.270208888258637 ], [ 135.390035842002476, 34.271969665205624 ], [ 135.389512962740895, 34.272073435364703 ], [ 135.389710266778962, 34.272272898497015 ], [ 135.389576853351542, 34.273240300366183 ], [ 135.389923054231701, 34.273294417987245 ], [ 135.389922656837257, 34.273736749653075 ] ] ] } },
{ "type": "Feature", "properties": { "CITY_NAME": "紀の川市", "S_NAME": "大字別所", "JINKO": 73, "medical_area": "30_那賀医療圏", "町丁目名": "紀の川市大字別所" }, "geometry": { "type": "Polygon", "coordinates": [ [ [ 135.389526796101734, 34.272025889604741 ], [ 135.390035842002476, 34.271969665205624 ], [ 135.391331958588893, 34.270123052046046 ], [ 135.390687744317546, 34.269334821028387 ], [ 135.390760604601979, 34.268671561424384 ], [ 135.390468508436498, 34.268628844538163 ], [ 135.388657696686295, 34.266956817213078 ], [ 135.387889577642483, 34.266644228081077 ], [ 135.387623229940829, 34.266942669928412 ], [ 135.387414827611906, 34.267821065757786 ], [ 135.387354672230828, 34.269421433450532 ], [ 135.387160926604224, 34.270143121309161 ], [ 135.387138041527322, 34.2709935804859 ], [ 135.387415740524716, 34.271419541877016 ], [ 135.387169949066958, 34.273547710814739 ], [ 135.389433666555107, 34.273816596691475 ], [ 135.389710266778962, 34.272272898497015 ], [ 135.389526796101734, 34.272025889604741 ] ] ] } },
{ "type": "Feature", "properties": { "CITY_NAME": "紀の川市", "S_NAME": "大字松井", "JINKO": 47, "medical_area": "30_那賀医療圏", "町丁目名": "紀の川市大字松井" }, "geometry": { "type": "Polygon", "coordinates": [ [ [ 135.398261211324495, 34.267342859227988 ], [ 135.398515103229499, 34.266433271750309 ], [ 135.399154349478977, 34.265686017791033 ], [ 135.399178520079062, 34.264163661589365 ], [ 135.399764519096976, 34.262153843002132 ], [ 135.39651514962307, 34.260977326983017 ], [ 135.396197745597135, 34.266936344739712 ], [ 135.397302425077783, 34.266871881490957 ], [ 135.397418617191875, 34.267526207520291 ], [ 135.398261211324495, 34.267342859227988 ] ] ] } },
{ "type": "Feature", "properties": { "CITY_NAME": "紀の川市", "S_NAME": "大字南志野", "JINKO": 360, "medical_area": "30_那賀医療圏", "町丁目名": "紀の川市大字南志野" }, "geometry": { "type": "Polygon", "coordinates": [ [ [ 135.382925353825357, 34.282741659567847 ], [ 135.383018127564924, 34.282371495118625 ], [ 135.384016007422787, 34.282219282215081 ], [ 135.384549830771533, 34.28069139616526 ], [ 135.386024435801289, 34.281039531371768 ], [ 135.387253043765412, 34.281057068180864 ], [ 135.387050074329608, 34.280630909154787 ], [ 135.387200340259426, 34.279965199087776 ], [ 135.387123551172778, 34.279485573843722 ], [ 135.387431139265743, 34.279268333435034 ], [ 135.387880314173742, 34.27833476410953 ], [ 135.388213244767286, 34.276294085780876 ], [ 135.387640823604443, 34.276258558778558 ], [ 135.387435489525103, 34.275744347907114 ], [ 135.386657047828351, 34.275635103335198 ], [ 135.386778043593011, 34.274869092525215 ], [ 135.386532141416467, 34.274445118330924 ], [ 135.38478973292078, 34.274190614397547 ], [ 135.383053361100821, 34.274249687364318 ], [ 135.382705719972307, 34.274067915246206 ], [ 135.381912561883809, 34.274059288239428 ], [ 135.381517989192076, 34.274372290837015 ], [ 135.381553073150343, 34.274847759370964 ], [ 135.379581297509191, 34.275806739007898 ], [ 135.379681852867776, 34.276562725863606 ], [ 135.379430462617194, 34.276641613670833 ], [ 135.379416316244686, 34.276817628561773 ], [ 135.379733664061263, 34.277347486074099 ], [ 135.379315710028493, 34.277571475167406 ], [ 135.379796574188617, 34.278932865421268 ], [ 135.379863674982175, 34.279594447549158 ], [ 135.379529410929592, 34.279622627743549 ], [ 135.379945549907603, 34.280341471288793 ], [ 135.380151160255366, 34.281392552201289 ], [ 135.380711169557003, 34.282686163571462 ], [ 135.38171025086757, 34.282660758972114 ], [ 135.382057192078236, 34.282936635345202 ], [ 135.382503061733075, 34.283022972281856 ], [ 135.382925353825357, 34.282741659567847 ] ] ] } },
{ "type": "Feature", "properties": { "CITY_NAME": "紀の川市", "S_NAME": "大字上鞆渕", "JINKO": 111, "medical_area": "30_那賀医療圏", "町丁目名": "紀の川市大字上鞆渕" }, "geometry": { "type": "Polygon", "coordinates": [ [ [ 135.473121815396667, 34.250422971813961 ], [ 135.474216038694209, 34.25003689117667 ], [ 135.474238051807674, 34.249018379737549 ], [ 135.474756458176557, 34.247892534582078 ], [ 135.475386408384765, 34.247488821356967 ], [ 135.475917626913684, 34.246824079464396 ], [ 135.477094045615047, 34.245815684319801 ], [ 135.477440540859959, 34.245593036045911 ], [ 135.479269466248837, 34.245100561300127 ], [ 135.479991675430568, 34.244486188859248 ], [ 135.480834476895183, 34.24415630951902 ], [ 135.481723467827948, 34.243456559156336 ], [ 135.482909681693314, 34.242880605347082 ], [ 135.48311314317445, 34.24244378308056 ], [ 135.483704563343537, 34.242170021530995 ], [ 135.48444973906291, 34.241381183871162 ], [ 135.484716284662284, 34.240882078105479 ], [ 135.484706467360979, 34.240439148821288 ], [ 135.484461636467842, 34.239940579420455 ], [ 135.484654237473109, 34.238845997293083 ], [ 135.484973265565543, 34.238292732699165 ], [ 135.485592143474719, 34.238024707811306 ], [ 135.486628985602778, 34.236232401319064 ], [ 135.48701070625529, 34.236022264982452 ], [ 135.486978256854627, 34.235701093223902 ], [ 135.487960478396332, 34.232555656414164 ], [ 135.487751488593545, 34.230971577922531 ], [ 135.487214969409536, 34.230677051663669 ], [ 135.486838450445617, 34.229698994524838 ], [ 135.487019759842269, 34.229158534759073 ], [ 135.486824193642008, 34.228710749534727 ], [ 135.486171572052996, 34.228391649699098 ], [ 135.485995686239363, 34.227825887245814 ], [ 135.485553625270541, 34.227824048120283 ], [ 135.484946418381554, 34.227507377778061 ], [ 135.483966190193797, 34.224501322927829 ], [ 135.484240009409177, 34.224087603386614 ], [ 135.485158501030696, 34.224048047757066 ], [ 135.485293133156688, 34.22391280877995 ], [ 135.485480808863485, 34.221563297968338 ], [ 135.48502272659951, 34.220298199842766 ], [ 135.484483229433863, 34.219791210198224 ], [ 135.48391450706464, 34.219615988183065 ], [ 135.483663675793622, 34.21930629216461 ], [ 135.482329127306969, 34.219175192704292 ], [ 135.481864675207845, 34.218963208307301 ], [ 135.481407624288266, 34.218352167763342 ], [ 135.481085989099313, 34.217068616240795 ], [ 135.481070448063662, 34.214751233928688 ], [ 135.480782400130664, 34.214050322705702 ], [ 135.481411274749121, 34.212894300621237 ], [ 135.481549559125597, 34.210937770174318 ], [ 135.481497286109345, 34.210571289921518 ], [ 135.481008787165763, 34.209842637647633 ], [ 135.480929337953199, 34.209068506718147 ], [ 135.478486263439805, 34.216320785460482 ], [ 135.477386416176415, 34.218405099729594 ], [ 135.476920158164774, 34.220344029209073 ], [ 135.476478853711882, 34.220867743773049 ], [ 135.476105365885331, 34.220919971447898 ], [ 135.475596304435186, 34.220731299997034 ], [ 135.475815861371473, 34.217982600867337 ], [ 135.475490345671602, 34.21642193473086 ], [ 135.475257714994513, 34.216096102957323 ], [ 135.474577586801587, 34.215879796766643 ], [ 135.473366673646524, 34.215913948183974 ], [ 135.473000732093823, 34.216132989652259 ], [ 135.472581020348059, 34.217152078776003 ], [ 135.472179853103484, 34.220686458739848 ], [ 135.47187725760989, 34.221173975550293 ], [ 135.470859869935509, 34.222152870789621 ], [ 135.470563534086011, 34.222932852914191 ], [ 135.470002807345026, 34.223333746779097 ], [ 135.468844592388024, 34.222259285790045 ], [ 135.468061971092993, 34.221179817121332 ], [ 135.466712252909076, 34.22039892601618 ], [ 135.466094734183031, 34.219269305558804 ], [ 135.465616306887995, 34.219184541923475 ], [ 135.465108011437138, 34.219573809726597 ], [ 135.465456323738266, 34.22150859276806 ], [ 135.465159639595271, 34.222685382471589 ], [ 135.464511089296877, 34.223313932498883 ], [ 135.463216635258732, 34.224155332940811 ], [ 135.46177980699801, 34.226194876586383 ], [ 135.461553699472972, 34.227716240236134 ], [ 135.462071519344931, 34.230369209612682 ], [ 135.462135992534769, 34.231725905232018 ], [ 135.461935207719989, 34.232636018048879 ], [ 135.46119354242839, 34.234272754337063 ], [ 135.461576841106165, 34.235327133783066 ], [ 135.461353332070388, 34.235974146618226 ], [ 135.461707672424353, 34.236389987567314 ], [ 135.461227394791308, 34.23672019252767 ], [ 135.460572888929846, 34.236822694578606 ], [ 135.460755677033006, 34.237236796178941 ], [ 135.460665745015916, 34.237568705098475 ], [ 135.460030776978044, 34.238429147407381 ], [ 135.46050073707832, 34.23987198523362 ], [ 135.460111152811493, 34.240392606502667 ], [ 135.459844300191747, 34.240478771621447 ], [ 135.459381331368007, 34.240240081354706 ], [ 135.458991010912513, 34.240259070313805 ], [ 135.459069164415808, 34.240629750819984 ], [ 135.458825720457071, 34.240921820671922 ], [ 135.457934232982581, 34.240866474821843 ], [ 135.456743608993719, 34.241110972142081 ], [ 135.456611275935558, 34.241887827952027 ], [ 135.455442128322375, 34.243383303531374 ], [ 135.454995284058469, 34.243077051981075 ], [ 135.454616534614161, 34.242154950049802 ], [ 135.453791907739827, 34.24220453583402 ], [ 135.450432707487153, 34.240800327831842 ], [ 135.448606793502307, 34.240683115129499 ], [ 135.449216597997662, 34.241886464891408 ], [ 135.449292625553142, 34.243954036599746 ], [ 135.449566770426685, 34.243688883667978 ], [ 135.450378104572621, 34.244127230040107 ], [ 135.45153270772937, 34.244378760961766 ], [ 135.452601445159218, 34.24480077025428 ], [ 135.453136618029816, 34.245356192758464 ], [ 135.45346279463979, 34.245463151630659 ], [ 135.453703497092192, 34.245220381113455 ], [ 135.454745851466782, 34.245049204657846 ], [ 135.45745439797966, 34.245113865651099 ], [ 135.458082943551062, 34.245747582831008 ], [ 135.458969942243527, 34.246193953538587 ], [ 135.45939647805011, 34.246708588682488 ], [ 135.459770806569907, 34.24686096309479 ], [ 135.460978692947151, 34.246838657402598 ], [ 135.461226163886437, 34.246955395629243 ], [ 135.461738742329516, 34.247269241092354 ], [ 135.462565906523196, 34.248569969003121 ], [ 135.463567241349182, 34.249142459932848 ], [ 135.46553351038051, 34.251262478710991 ], [ 135.466305944821528, 34.251658005766458 ], [ 135.466528463310709, 34.251895204558821 ], [ 135.466604098699804, 34.252383213394161 ], [ 135.467066978564674, 34.252907976093852 ], [ 135.467945509886079, 34.25334466009933 ], [ 135.46993962275431, 34.253064066549932 ], [ 135.471487413454327, 34.25240386257299 ], [ 135.47239216548482, 34.251712008637547 ], [ 135.473121815396667, 34.250422971813961 ] ] ] } },
{ "type": "Feature", "properties": { "CITY_NAME": "紀の川市", "S_NAME": "大字下鞆渕", "JINKO": 172, "medical_area": "30_那賀医療圏", "町丁目名": "紀の川市大字下鞆渕" }, "geometry": { "type": "Polygon", "coordinates": [ [ [ 135.44835350006008, 34.244545556527804 ], [ 135.449292625553142, 34.243954036599746 ], [ 135.449216597997662, 34.241886464891408 ], [ 135.446823492615238, 34.237067888773403 ], [ 135.446803424990577, 34.236118069636682 ], [ 135.446402837255306, 34.23507948200875 ], [ 135.44663916982995, 34.234608502483077 ], [ 135.446942436994021, 34.234457028312796 ], [ 135.446690034084554, 34.233866503377406 ], [ 135.447658411435384, 34.233477985079332 ], [ 135.447653800273173, 34.232678542749198 ], [ 135.447353977342459, 34.23231150182432 ], [ 135.448545754489174, 34.231912995297243 ], [ 135.44833807439872, 34.231524677056605 ], [ 135.44779789149888, 34.231235724166574 ], [ 135.448464055880152, 34.230840346307133 ], [ 135.448679646280084, 34.230022735218746 ], [ 135.448497750812152, 34.229705388731645 ], [ 135.4480580149839, 34.229637909728247 ], [ 135.447790338076999, 34.229374692752764 ], [ 135.449332957293791, 34.228942960252411 ], [ 135.449671718564161, 34.228675281642175 ], [ 135.449881433447416, 34.228320953884854 ], [ 135.449794723648978, 34.227696103626478 ], [ 135.449279321658025, 34.227230763430896 ], [ 135.445848701961665, 34.226892484916135 ], [ 135.445386020356295, 34.227364981547531 ], [ 135.444350651135323, 34.228995489444145 ], [ 135.44361609812637, 34.229260522066511 ], [ 135.442747414028844, 34.229143054861524 ], [ 135.442130265596916, 34.228552145635248 ], [ 135.442096673423237, 34.227995012794764 ], [ 135.442235494296881, 34.227665453924473 ], [ 135.443285998490438, 34.227004616024544 ], [ 135.443224788330554, 34.226455246405415 ], [ 135.442994107680647, 34.226055978212322 ], [ 135.441486370815653, 34.224724888112902 ], [ 135.440712003784455, 34.223718847977494 ], [ 135.440576982795847, 34.225705270436848 ], [ 135.438437061296952, 34.225623141352287 ], [ 135.434419197584333, 34.226302464287897 ], [ 135.432894915412362, 34.226370500689001 ], [ 135.428990905901401, 34.228110029549569 ], [ 135.429139714858593, 34.227802802381191 ], [ 135.428561623807752, 34.227633327944069 ], [ 135.428826216194977, 34.227332980627409 ], [ 135.429034051109227, 34.226288484839493 ], [ 135.429480004319913, 34.221999105975229 ], [ 135.429970484742142, 34.22141117547713 ], [ 135.43056501240261, 34.220272252314274 ], [ 135.436575645617211, 34.220034636030817 ], [ 135.436595051214937, 34.219355199742168 ], [ 135.436864522945569, 34.219084701364046 ], [ 135.438437986216229, 34.219511909674232 ], [ 135.438899119129019, 34.219489350559698 ], [ 135.438912224214306, 34.218126837167141 ], [ 135.440175213534957, 34.2179040767057 ], [ 135.440634166175954, 34.217235077332731 ], [ 135.441414051575606, 34.216997582061921 ], [ 135.442592007198016, 34.216963451462604 ], [ 135.442944156567449, 34.216680069710563 ], [ 135.443322295159106, 34.216047459693357 ], [ 135.444093298910644, 34.211910080897731 ], [ 135.444846913870037, 34.21215264866656 ], [ 135.445603023173476, 34.212021510547409 ], [ 135.44618023240352, 34.212391748486638 ], [ 135.446769968478691, 34.212259858569929 ], [ 135.447296458330356, 34.211536054940211 ], [ 135.449498272225384, 34.21029108194854 ], [ 135.450636763247417, 34.209414764744949 ], [ 135.451034920927327, 34.20901309914597 ], [ 135.451637932149282, 34.207522044335306 ], [ 135.452198232973018, 34.207359296973245 ], [ 135.452711555967966, 34.206954894905351 ], [ 135.453621224445783, 34.20667606561549 ], [ 135.454117719041079, 34.206672345340252 ], [ 135.455397089722254, 34.207355702384184 ], [ 135.455848856565922, 34.20714259137285 ], [ 135.457758591305804, 34.206862359022743 ], [ 135.458528752814715, 34.206217469812465 ], [ 135.461986507398763, 34.206205954523185 ], [ 135.464312659749282, 34.204417041236958 ], [ 135.46520269032348, 34.203418902177425 ], [ 135.465815554013801, 34.203154042293818 ], [ 135.465688331819791, 34.203029950517831 ], [ 135.465994394500228, 34.202955767140921 ], [ 135.466518196290053, 34.202070978131779 ], [ 135.467661365923021, 34.201188997466318 ], [ 135.468509963432865, 34.199869893333265 ], [ 135.469207196175518, 34.199641302928917 ], [ 135.471408496014277, 34.199585660240473 ], [ 135.471979683750902, 34.199368488783591 ], [ 135.47262145904557, 34.198871141466277 ], [ 135.471399765688034, 34.199162595130041 ], [ 135.469273670479083, 34.198321368866189 ], [ 135.468681292091162, 34.198233596385755 ], [ 135.467217365990052, 34.197530834281068 ], [ 135.46649456153915, 34.196650945187898 ], [ 135.465863770630989, 34.196359295214293 ], [ 135.464890313591695, 34.196460872032823 ], [ 135.464317041760836, 34.19625666092098 ], [ 135.464240987585583, 34.195750046669318 ], [ 135.463299388147476, 34.195439283075608 ], [ 135.462669945079142, 34.194712192778475 ], [ 135.461864378560875, 34.194826026708078 ], [ 135.461293737271575, 34.194206104725765 ], [ 135.460662765784036, 34.194507909913661 ], [ 135.460181216531282, 34.19390076901135 ], [ 135.459136178879106, 34.1942768299376 ], [ 135.458324411113523, 34.193417214605155 ], [ 135.457840189247463, 34.193229850296291 ], [ 135.456926810143869, 34.193157945530778 ], [ 135.455419676498963, 34.192599675239855 ], [ 135.454676366502042, 34.19265415779887 ], [ 135.454454976362257, 34.191653006183543 ], [ 135.453554418532065, 34.191705238652048 ], [ 135.453037110070028, 34.19212316735269 ], [ 135.452494946977481, 34.19186086472773 ], [ 135.451907682736419, 34.191108553944552 ], [ 135.451380089072813, 34.191078323470762 ], [ 135.451051896946353, 34.190739201593551 ], [ 135.449691090349404, 34.192493466759764 ], [ 135.446806205312214, 34.192970404931998 ], [ 135.445650970439459, 34.192892119160341 ], [ 135.444567410255075, 34.193078418026147 ], [ 135.440468558362426, 34.192811582411885 ], [ 135.437752370367974, 34.192166322921615 ], [ 135.436205082673183, 34.192288877677534 ], [ 135.433105634963482, 34.193245163326061 ], [ 135.430520209564065, 34.192705692370382 ], [ 135.428416116129085, 34.192642997170509 ], [ 135.427702657581818, 34.193693291772135 ], [ 135.425019576040313, 34.195674630116137 ], [ 135.424510550076775, 34.196206033963634 ], [ 135.4244116359705, 34.197212685023828 ], [ 135.425326180728916, 34.197973853070557 ], [ 135.425428806209737, 34.199452943043042 ], [ 135.423444163667, 34.200622276288421 ], [ 135.422765436486657, 34.200665323285619 ], [ 135.42211572143114, 34.202474924673837 ], [ 135.421695370581972, 34.202786366779172 ], [ 135.421090369308558, 34.202947456897959 ], [ 135.420150164198503, 34.202719536215469 ], [ 135.419716316737947, 34.204153446282248 ], [ 135.420137441990676, 34.205008225581537 ], [ 135.420171408787439, 34.205816219039328 ], [ 135.42138104623541, 34.206627419313456 ], [ 135.422133598821233, 34.20778026490634 ], [ 135.42277999458247, 34.208198679665763 ], [ 135.422965535918991, 34.20865029326616 ], [ 135.422484290285155, 34.209316139750754 ], [ 135.421760929750349, 34.21116417476712 ], [ 135.421361335129461, 34.211642187242241 ], [ 135.421217505952399, 34.212787118849498 ], [ 135.420457862737578, 34.214800066777514 ], [ 135.420713269308806, 34.215092858722066 ], [ 135.421314960636067, 34.214999785816929 ], [ 135.422007572875174, 34.214660494844757 ], [ 135.422640369521162, 34.214938004352838 ], [ 135.423585878341584, 34.215035959138987 ], [ 135.423986504939762, 34.215479991828055 ], [ 135.424776283174424, 34.215464381644153 ], [ 135.425174077907116, 34.21632619111196 ], [ 135.425441514360841, 34.216565633658831 ], [ 135.425325455538228, 34.217723953293635 ], [ 135.425476589142022, 34.218334866674041 ], [ 135.425281404197563, 34.219040652724431 ], [ 135.425057990008753, 34.219489517840046 ], [ 135.424645235027242, 34.219609151417487 ], [ 135.424291039242689, 34.220881423744636 ], [ 135.423757324211692, 34.221519406556169 ], [ 135.42320306142912, 34.222672124589131 ], [ 135.423265318468708, 34.225281106877233 ], [ 135.423557821797061, 34.225828306971287 ], [ 135.423855060426462, 34.227681848046608 ], [ 135.423541659150658, 34.230323055642707 ], [ 135.424002315503287, 34.23071005784545 ], [ 135.42445633508882, 34.231418894952725 ], [ 135.426070101193261, 34.234530642848334 ], [ 135.426127402254991, 34.23527832350824 ], [ 135.425813509671144, 34.23688999767392 ], [ 135.426030254356164, 34.238433895563325 ], [ 135.426520452415275, 34.239723831777347 ], [ 135.426639425329597, 34.240575346857703 ], [ 135.42682403651952, 34.240946261409938 ], [ 135.427284811305555, 34.241325935860708 ], [ 135.428346845491888, 34.241071860583759 ], [ 135.428990178497628, 34.241137693362781 ], [ 135.430004140624845, 34.242402307689204 ], [ 135.430842451219405, 34.242961215057484 ], [ 135.431012966457473, 34.243439393992603 ], [ 135.431105389225195, 34.245773234090038 ], [ 135.432150084040416, 34.244263659623059 ], [ 135.432221593489828, 34.243794354008422 ], [ 135.432733433449215, 34.24344584060912 ], [ 135.433664317473784, 34.243610177173473 ], [ 135.435464496113639, 34.243363123316911 ], [ 135.435928548728128, 34.243671927061882 ], [ 135.436740221005579, 34.243595241716214 ], [ 135.43731321457156, 34.243904543721108 ], [ 135.437956670606638, 34.243636062832181 ], [ 135.438467956830038, 34.244125946786653 ], [ 135.439552058519553, 34.244500558626598 ], [ 135.440984307220447, 34.244408945275588 ], [ 135.44264802835292, 34.244557280553948 ], [ 135.443169307733939, 34.244449221440362 ], [ 135.444238835796881, 34.24520561863222 ], [ 135.44473691096195, 34.245866429977461 ], [ 135.445663302395786, 34.246300422337981 ], [ 135.445703757580105, 34.245667277354563 ], [ 135.445960521193939, 34.245286418054469 ], [ 135.446887827506828, 34.245114545669878 ], [ 135.44835350006008, 34.244545556527804 ] ] ] } },
{ "type": "Feature", "properties": { "CITY_NAME": "紀の川市", "S_NAME": "大字中鞆渕", "JINKO": 137, "medical_area": "30_那賀医療圏", "町丁目名": "紀の川市大字中鞆渕" }, "geometry": { "type": "Polygon", "coordinates": [ [ [ 135.455442128322375, 34.243383303531374 ], [ 135.456611275935558, 34.241887827952027 ], [ 135.456743608993719, 34.241110972142081 ], [ 135.457934232982581, 34.240866474821843 ], [ 135.458825720457071, 34.240921820671922 ], [ 135.459069164415808, 34.240629750819984 ], [ 135.458991010912513, 34.240259070313805 ], [ 135.460048883091389, 34.24044882033985 ], [ 135.46050073707832, 34.23987198523362 ], [ 135.460030776978044, 34.238429147407381 ], [ 135.460665745015916, 34.237568705098475 ], [ 135.460755677033006, 34.237236796178941 ], [ 135.460572888929846, 34.236822694578606 ], [ 135.461227394791308, 34.23672019252767 ], [ 135.461707672424353, 34.236389987567314 ], [ 135.461353332070388, 34.235974146618226 ], [ 135.461576841106165, 34.235327133783066 ], [ 135.46119354242839, 34.234272754337063 ], [ 135.461935207719989, 34.232636018048879 ], [ 135.462135992534769, 34.231725905232018 ], [ 135.462071519344931, 34.230369209612682 ], [ 135.461553699472972, 34.227716240236134 ], [ 135.46177980699801, 34.226194876586383 ], [ 135.463216635258732, 34.224155332940811 ], [ 135.464511089296877, 34.223313932498883 ], [ 135.465159639595271, 34.222685382471589 ], [ 135.465456323738266, 34.22150859276806 ], [ 135.465108011437138, 34.219573809726597 ], [ 135.465616306887995, 34.219184541923475 ], [ 135.466094734183031, 34.219269305558804 ], [ 135.466712252909076, 34.22039892601618 ], [ 135.468061971092993, 34.221179817121332 ], [ 135.468844592388024, 34.222259285790045 ], [ 135.470002807345026, 34.223333746779097 ], [ 135.470563534086011, 34.222932852914191 ], [ 135.470859869935509, 34.222152870789621 ], [ 135.47187725760989, 34.221173975550293 ], [ 135.472179853103484, 34.220686458739848 ], [ 135.472581020348059, 34.217152078776003 ], [ 135.473000732093823, 34.216132989652259 ], [ 135.473366673646524, 34.215913948183974 ], [ 135.474577586801587, 34.215879796766643 ], [ 135.475257714994513, 34.216096102957323 ], [ 135.475490345671602, 34.21642193473086 ], [ 135.475815861371473, 34.217982600867337 ], [ 135.475596304435186, 34.220731299997034 ], [ 135.476299957405871, 34.220934320262884 ], [ 135.476920158164774, 34.220344029209073 ], [ 135.477386416176415, 34.218405099729594 ], [ 135.478486263439805, 34.216320785460482 ], [ 135.480929337953199, 34.209068506718147 ], [ 135.480230278239731, 34.20793579972694 ], [ 135.48064424247886, 34.206268370774389 ], [ 135.480307675995675, 34.205812231904325 ], [ 135.480353357480453, 34.204423306864449 ], [ 135.480975604254184, 34.20312103850484 ], [ 135.480013206204035, 34.201939061164886 ], [ 135.479226526514935, 34.201985203466535 ], [ 135.477972406599378, 34.201673398888062 ], [ 135.477230430917842, 34.201226114002594 ], [ 135.476349025833002, 34.20029519890209 ], [ 135.474902217595314, 34.199809845863335 ], [ 135.473524276915128, 34.198766368514704 ], [ 135.47262145904557, 34.198871141466277 ], [ 135.471979683750902, 34.199368488783591 ], [ 135.471408496014277, 34.199585660240473 ], [ 135.469207196175518, 34.199641302928917 ], [ 135.468509963432865, 34.199869893333265 ], [ 135.467661365923021, 34.201188997466318 ], [ 135.466518196290053, 34.202070978131779 ], [ 135.465994394500228, 34.202955767140921 ], [ 135.465688331819791, 34.203029950517831 ], [ 135.465815554013801, 34.203154042293818 ], [ 135.46520269032348, 34.203418902177425 ], [ 135.464312659749282, 34.204417041236958 ], [ 135.461986507398763, 34.206205954523185 ], [ 135.458528752814715, 34.206217469812465 ], [ 135.457758591305804, 34.206862359022743 ], [ 135.455848856565922, 34.20714259137285 ], [ 135.455397089722254, 34.207355702384184 ], [ 135.454117719041079, 34.206672345340252 ], [ 135.452711555967966, 34.206954894905351 ], [ 135.452198232973018, 34.207359296973245 ], [ 135.451637932149282, 34.207522044335306 ], [ 135.451034920927327, 34.20901309914597 ], [ 135.450636763247417, 34.209414764744949 ], [ 135.449498272225384, 34.21029108194854 ], [ 135.447296458330356, 34.211536054940211 ], [ 135.446769968478691, 34.212259858569929 ], [ 135.44618023240352, 34.212391748486638 ], [ 135.445603023173476, 34.212021510547409 ], [ 135.444846913870037, 34.21215264866656 ], [ 135.444093298910644, 34.211910080897731 ], [ 135.443322295159106, 34.216047459693357 ], [ 135.442944156567449, 34.216680069710563 ], [ 135.442592007198016, 34.216963451462604 ], [ 135.441414051575606, 34.216997582061921 ], [ 135.440634166175954, 34.217235077332731 ], [ 135.440175213534957, 34.2179040767057 ], [ 135.438912224214306, 34.218126837167141 ], [ 135.438899119129019, 34.219489350559698 ], [ 135.438437986216229, 34.219511909674232 ], [ 135.436864522945569, 34.219084701364046 ], [ 135.436595051214937, 34.219355199742168 ], [ 135.436575645617211, 34.220034636030817 ], [ 135.43056501240261, 34.220272252314274 ], [ 135.429970484742142, 34.22141117547713 ], [ 135.429480004319913, 34.221999105975229 ], [ 135.429034051109227, 34.226288484839493 ], [ 135.428826216194977, 34.227332980627409 ], [ 135.428561623807752, 34.227633327944069 ], [ 135.429139714858593, 34.227802802381191 ], [ 135.428990905901401, 34.228110029549569 ], [ 135.432894915412362, 34.226370500689001 ], [ 135.434419197584333, 34.226302464287897 ], [ 135.438437061296952, 34.225623141352287 ], [ 135.440576982795847, 34.225705270436848 ], [ 135.440712003784455, 34.223718847977494 ], [ 135.441486370815653, 34.224724888112902 ], [ 135.442994107680647, 34.226055978212322 ], [ 135.443224788330554, 34.226455246405415 ], [ 135.443285998490438, 34.227004616024544 ], [ 135.442235494296881, 34.227665453924473 ], [ 135.442096673423237, 34.227995012794764 ], [ 135.442130265596916, 34.228552145635248 ], [ 135.442747414028844, 34.229143054861524 ], [ 135.44361609812637, 34.229260522066511 ], [ 135.444350651135323, 34.228995489444145 ], [ 135.445386020356295, 34.227364981547531 ], [ 135.445848701961665, 34.226892484916135 ], [ 135.448468020184094, 34.227100341732317 ], [ 135.449279321658025, 34.227230763430896 ], [ 135.449576074842241, 34.227436632613198 ], [ 135.449870910007604, 34.227944088176159 ], [ 135.449881433447416, 34.228320953884854 ], [ 135.449671718564161, 34.228675281642175 ], [ 135.449332957293791, 34.228942960252411 ], [ 135.447790338076999, 34.229374692752764 ], [ 135.4480580149839, 34.229637909728247 ], [ 135.448497750812152, 34.229705388731645 ], [ 135.448679646280084, 34.230022735218746 ], [ 135.448464055880152, 34.230840346307133 ], [ 135.44779789149888, 34.231235724166574 ], [ 135.44833807439872, 34.231524677056605 ], [ 135.448545754489174, 34.231912995297243 ], [ 135.447353977342459, 34.23231150182432 ], [ 135.447653800273173, 34.232678542749198 ], [ 135.447658411435384, 34.233477985079332 ], [ 135.446690034084554, 34.233866503377406 ], [ 135.446942436994021, 34.234457028312796 ], [ 135.44663916982995, 34.234608502483077 ], [ 135.446402837255306, 34.23507948200875 ], [ 135.446803424990577, 34.236118069636682 ], [ 135.446823492615238, 34.237067888773403 ], [ 135.44700463846155, 34.237494267505987 ], [ 135.448606793502307, 34.240683115129499 ], [ 135.450432707487153, 34.240800327831842 ], [ 135.453791907739827, 34.24220453583402 ], [ 135.454616534614161, 34.242154950049802 ], [ 135.454995284058469, 34.243077051981075 ], [ 135.455442128322375, 34.243383303531374 ] ] ] } },
{ "type": "Feature", "properties": { "CITY_NAME": "紀の川市", "S_NAME": "大字名手上", "JINKO": 69, "medical_area": "30_那賀医療圏", "町丁目名": "紀の川市大字名手上" }, "geometry": { "type": "Polygon", "coordinates": [ [ [ 135.461372876728007, 34.323234268571419 ], [ 135.461445212237919, 34.322454448549173 ], [ 135.461259616696964, 34.321724633410327 ], [ 135.461652823776291, 34.320655183066968 ], [ 135.462970135745593, 34.319480323580287 ], [ 135.463612373744496, 34.319394805884556 ], [ 135.463912372689379, 34.319194813614253 ], [ 135.464203818380582, 34.318864057476915 ], [ 135.464626369204268, 34.317614984131225 ], [ 135.465079935333648, 34.317413544835105 ], [ 135.466463342376755, 34.315461055764267 ], [ 135.466878853780514, 34.315322130753238 ], [ 135.467107943116218, 34.314854028894686 ], [ 135.467353117389166, 34.314823818959908 ], [ 135.467779963602908, 34.314379956945444 ], [ 135.468886820912843, 34.313681099551275 ], [ 135.469163003840492, 34.313315045197079 ], [ 135.468960062777171, 34.312764214369366 ], [ 135.46786738130109, 34.312641724777663 ], [ 135.467482339379558, 34.312264359676419 ], [ 135.466410679867067, 34.311993190794354 ], [ 135.466120967076307, 34.311562846334958 ], [ 135.465424835065221, 34.311361057401683 ], [ 135.465174901758303, 34.310676334892946 ], [ 135.464590361037011, 34.310347117137994 ], [ 135.464137487327832, 34.309320887558265 ], [ 135.464178245208615, 34.308388935809823 ], [ 135.461814551797659, 34.30903816346698 ], [ 135.460012785142453, 34.310600955244894 ], [ 135.459834631313271, 34.310830493925252 ], [ 135.459766936489899, 34.311552573207599 ], [ 135.45951465473118, 34.31154103985584 ], [ 135.459550772283109, 34.311813356931545 ], [ 135.45917134808505, 34.312937226647129 ], [ 135.458229175968199, 34.314252310458578 ], [ 135.458038069557603, 34.315523792001741 ], [ 135.457629047895125, 34.316338602672907 ], [ 135.457375678574664, 34.316494553035035 ], [ 135.45745554875441, 34.317814138563527 ], [ 135.45791697022787, 34.318674766459175 ], [ 135.457033163263361, 34.318744119005878 ], [ 135.45615411263438, 34.318542174082893 ], [ 135.456711514422381, 34.319703421274497 ], [ 135.458314481354819, 34.320601913044996 ], [ 135.458866434903115, 34.321406032985749 ], [ 135.461055398516805, 34.322863656285683 ], [ 135.461372876728007, 34.323234268571419 ] ] ] } },
{ "type": "Feature", "properties": { "CITY_NAME": "紀の川市", "S_NAME": "大字名手上", "JINKO": 93, "medical_area": "30_那賀医療圏", "町丁目名": "紀の川市大字名手上" }, "geometry": { "type": "Polygon", "coordinates": [ [ [ 135.45615411263438, 34.318542174082893 ], [ 135.457033163263361, 34.318744119005878 ], [ 135.45791697022787, 34.318674766459175 ], [ 135.45745554875441, 34.317814138563527 ], [ 135.457375678574664, 34.316494553035035 ], [ 135.457629047895125, 34.316338602672907 ], [ 135.458038069557603, 34.315523792001741 ], [ 135.458229175968199, 34.314252310458578 ], [ 135.45917134808505, 34.312937226647129 ], [ 135.459550772283109, 34.311813356931545 ], [ 135.45951465473118, 34.31154103985584 ], [ 135.459766936489899, 34.311552573207599 ], [ 135.459834631313271, 34.310830493925252 ], [ 135.460012785142453, 34.310600955244894 ], [ 135.461814551797659, 34.30903816346698 ], [ 135.464178245208615, 34.308388935809823 ], [ 135.464187519292182, 34.307496008310437 ], [ 135.463537570920266, 34.307212705015097 ], [ 135.46308765364958, 34.306487801696981 ], [ 135.460900346683616, 34.304646368544098 ], [ 135.459788001674013, 34.303254768461009 ], [ 135.459437983831094, 34.302546341245034 ], [ 135.458882050520913, 34.303024260296553 ], [ 135.458005546257169, 34.304486000378468 ], [ 135.45650930143583, 34.304766478341634 ], [ 135.454728566688857, 34.305779042845685 ], [ 135.453227194141107, 34.307213040993489 ], [ 135.452305138126093, 34.308643126667306 ], [ 135.451230317159769, 34.308394625863954 ], [ 135.451976737246696, 34.310355904517785 ], [ 135.452495834016474, 34.311054537015984 ], [ 135.452724797902704, 34.312720348533666 ], [ 135.455372486134166, 34.316003502439614 ], [ 135.45615411263438, 34.318542174082893 ] ] ] } },
{ "type": "Feature", "properties": { "CITY_NAME": "紀の川市", "S_NAME": "大字平野", "JINKO": 25, "medical_area": "30_那賀医療圏", "町丁目名": "紀の川市大字平野" }, "geometry": { "type": "Polygon", "coordinates": [ [ [ 135.448044857688387, 34.325170684917545 ], [ 135.447353333187181, 34.325034738365801 ], [ 135.44641526064666, 34.325193225511754 ], [ 135.44524561527669, 34.325910617862412 ], [ 135.444592316599795, 34.326631035025088 ], [ 135.444461987688726, 34.327291825933791 ], [ 135.445472132200479, 34.329079493742618 ], [ 135.446136600650419, 34.329312520718325 ], [ 135.44676647790385, 34.32916898806053 ], [ 135.449020171059232, 34.328051601168482 ], [ 135.449623189742766, 34.327487307834609 ], [ 135.449898109204582, 34.326884352973323 ], [ 135.449758877809046, 34.326336313318265 ], [ 135.448044857688387, 34.325170684917545 ] ] ] } },
{ "type": "Feature", "properties": { "CITY_NAME": "紀の川市", "S_NAME": "大字平野", "JINKO": 0, "medical_area": "30_那賀医療圏", "町丁目名": "紀の川市大字平野" }, "geometry": { "type": "Polygon", "coordinates": [ [ [ 135.456355079043391, 34.330440481950617 ], [ 135.457072778603219, 34.329485738242695 ], [ 135.457414365699151, 34.327657765134624 ], [ 135.458437660711979, 34.327185577807626 ], [ 135.460625017873014, 34.325019187434165 ], [ 135.461274977229522, 34.323802671539241 ], [ 135.461372876728007, 34.323234268571419 ], [ 135.461055398516805, 34.322863656285683 ], [ 135.458866434903115, 34.321406032985749 ], [ 135.458314481354819, 34.320601913044996 ], [ 135.457121434724456, 34.319997393324932 ], [ 135.456576489180861, 34.319506172378262 ], [ 135.455372486134166, 34.316003502439614 ], [ 135.452724797902704, 34.312720348533666 ], [ 135.452495834016474, 34.311054537015984 ], [ 135.451976737246696, 34.310355904517785 ], [ 135.451230317159769, 34.308394625863954 ], [ 135.449069692903294, 34.307873173783697 ], [ 135.4479593501012, 34.308211911187108 ], [ 135.447534703516624, 34.308107871304635 ], [ 135.447723737676313, 34.308294528819822 ], [ 135.447720153072424, 34.308842496721574 ], [ 135.447417827820288, 34.308859731979474 ], [ 135.447352593489057, 34.308562202927753 ], [ 135.44720735875336, 34.308524359766672 ], [ 135.446743788720937, 34.308861350693697 ], [ 135.446968888932048, 34.309165936825906 ], [ 135.447146049415949, 34.310051537609695 ], [ 135.447471978597491, 34.310377567752973 ], [ 135.446895883293564, 34.311641960699987 ], [ 135.44739261522858, 34.312869192596942 ], [ 135.447279378996114, 34.313784896537314 ], [ 135.447479038065381, 34.31412078167066 ], [ 135.447592465550002, 34.316079230912159 ], [ 135.447982040257159, 34.317290342313065 ], [ 135.44835901658891, 34.317532919760239 ], [ 135.448415093445675, 34.318611664436574 ], [ 135.448899309094969, 34.319828408123328 ], [ 135.449590153535695, 34.320323556544125 ], [ 135.449309525097533, 34.320782941489199 ], [ 135.449484611427721, 34.321024611276883 ], [ 135.449417925278112, 34.321579195793113 ], [ 135.450191368946946, 34.321985823190282 ], [ 135.449630689551583, 34.322820921505482 ], [ 135.449603595457205, 34.323103382594681 ], [ 135.448282493542109, 34.324427260987584 ], [ 135.448044857688387, 34.325170684917545 ], [ 135.449758877809046, 34.326336313318265 ], [ 135.449898109204582, 34.326884352973323 ], [ 135.449623189742766, 34.327487307834609 ], [ 135.449020171059232, 34.328051601168482 ], [ 135.448251440107072, 34.328469911187234 ], [ 135.446270049335538, 34.329282129419646 ], [ 135.447069517862104, 34.33057198848924 ], [ 135.447864270692605, 34.332437986066239 ], [ 135.448150075023989, 34.334911232573532 ], [ 135.448763367780742, 34.335109659826529 ], [ 135.449750786699241, 34.335159740135111 ], [ 135.455096348614973, 34.334903160977092 ], [ 135.455428919498104, 34.33448245107644 ], [ 135.455309433584574, 34.334012822354481 ], [ 135.455511022063462, 34.333442911889172 ], [ 135.455462779267776, 34.332360110364284 ], [ 135.456341878280028, 34.331026726492382 ], [ 135.456355079043391, 34.330440481950617 ] ] ] } },
{ "type": "Feature", "properties": { "CITY_NAME": "紀の川市", "S_NAME": "大字平野", "JINKO": 83, "medical_area": "30_那賀医療圏", "町丁目名": "紀の川市大字平野" }, "geometry": { "type": "Polygon", "coordinates": [ [ [ 135.449069692903294, 34.307873173783697 ], [ 135.452305138126093, 34.308643126667306 ], [ 135.453227194141107, 34.307213040993489 ], [ 135.455210457930548, 34.305410131801722 ], [ 135.457024570595792, 34.304589854236625 ], [ 135.458005546257169, 34.304486000378468 ], [ 135.458882050520913, 34.303024260296553 ], [ 135.459437983831094, 34.302546341245034 ], [ 135.459238108278385, 34.302096507932902 ], [ 135.45865272212302, 34.301497766319585 ], [ 135.455261915561636, 34.301449950023517 ], [ 135.453958827391801, 34.302177953314008 ], [ 135.453353983815788, 34.302249500523175 ], [ 135.452314509348298, 34.301162849612446 ], [ 135.450662643401699, 34.300458873214787 ], [ 135.449909993347802, 34.29916429540917 ], [ 135.449698827726564, 34.298931196935222 ], [ 135.449162810234498, 34.29875228545054 ], [ 135.448049394729367, 34.298714747410926 ], [ 135.445841820352854, 34.299132073727606 ], [ 135.44482902898821, 34.299963566684553 ], [ 135.444549014479918, 34.299999492302653 ], [ 135.442079780132019, 34.298866856533003 ], [ 135.441990621229621, 34.299291174514558 ], [ 135.441720662308001, 34.299494350919915 ], [ 135.441740876530531, 34.299819569723425 ], [ 135.441212219206477, 34.300216535088701 ], [ 135.441052417019222, 34.300689553835149 ], [ 135.440338673690462, 34.301146108018003 ], [ 135.440447744439439, 34.301573861841433 ], [ 135.440322854694529, 34.301842636721531 ], [ 135.439703283694513, 34.302443585508328 ], [ 135.439735987165051, 34.302573756604581 ], [ 135.440965593987897, 34.302811642717579 ], [ 135.440536058582836, 34.303450506516853 ], [ 135.440531201970572, 34.304184275140607 ], [ 135.441277780692587, 34.304689304020414 ], [ 135.442432449547709, 34.305265767802432 ], [ 135.442924563827631, 34.305323639980983 ], [ 135.443671409217615, 34.30579146636876 ], [ 135.444679273588861, 34.305721779980523 ], [ 135.445360581029604, 34.305947708673166 ], [ 135.445761286908919, 34.306283939238746 ], [ 135.446412260317175, 34.306017525918278 ], [ 135.446866371834233, 34.306753360193852 ], [ 135.448643115959555, 34.307207199071456 ], [ 135.449055221448589, 34.307515581172368 ], [ 135.449069692903294, 34.307873173783697 ] ] ] } },
{ "type": "Feature", "properties": { "CITY_NAME": "紀の川市", "S_NAME": "大字平野", "JINKO": 96, "medical_area": "30_那賀医療圏", "町丁目名": "紀の川市大字平野" }, "geometry": { "type": "Polygon", "coordinates": [ [ [ 135.452314509348298, 34.301162849612446 ], [ 135.453657214954973, 34.300365309337529 ], [ 135.453973794677125, 34.299865220815491 ], [ 135.454220040310844, 34.299866315163925 ], [ 135.454957674991562, 34.298299736700649 ], [ 135.455828726553904, 34.297458659643951 ], [ 135.455131907069728, 34.297038878644734 ], [ 135.454731191418801, 34.296574344255674 ], [ 135.454196087129901, 34.295559396427535 ], [ 135.452594347343393, 34.293405987180712 ], [ 135.451724031762723, 34.291853532075862 ], [ 135.450883157136616, 34.293695589132305 ], [ 135.450645609686404, 34.295204928654073 ], [ 135.450368460948084, 34.29542908091922 ], [ 135.450090763959054, 34.296108660494482 ], [ 135.449920057212921, 34.297339377259597 ], [ 135.44960735360533, 34.297607178442355 ], [ 135.449172117354408, 34.297683128869451 ], [ 135.448705264503729, 34.298708817540287 ], [ 135.449698827726564, 34.298931196935222 ], [ 135.450662643401699, 34.300458873214787 ], [ 135.452314509348298, 34.301162849612446 ] ] ] } },
{ "type": "Feature", "properties": { "CITY_NAME": "紀の川市", "S_NAME": "大字平野", "JINKO": 82, "medical_area": "30_那賀医療圏", "町丁目名": "紀の川市大字平野" }, "geometry": { "type": "Polygon", "coordinates": [ [ [ 135.45865272212302, 34.301497766319585 ], [ 135.458478588632687, 34.300370882758706 ], [ 135.458020106376438, 34.299348820622939 ], [ 135.456387620266952, 34.297723293050183 ], [ 135.455828726553904, 34.297458659643951 ], [ 135.454957674991562, 34.298299736700649 ], [ 135.454220040310844, 34.299866315163925 ], [ 135.453973794677125, 34.299865220815491 ], [ 135.453657214954973, 34.300365309337529 ], [ 135.452314509348298, 34.301162849612446 ], [ 135.453131040424353, 34.302109328652591 ], [ 135.453655983847284, 34.302278877641456 ], [ 135.455261915561636, 34.301449950023517 ], [ 135.45865272212302, 34.301497766319585 ] ] ] } },
{ "type": "Feature", "properties": { "CITY_NAME": "紀の川市", "S_NAME": "大字切畑", "JINKO": 0, "medical_area": "30_那賀医療圏", "町丁目名": "紀の川市大字切畑" }, "geometry": { "type": "Polygon", "coordinates": [ [ [ 135.426712894821009, 34.340733913543772 ], [ 135.42698352198309, 34.341050858921058 ], [ 135.427115452284994, 34.341925693416329 ], [ 135.427772199543256, 34.34237783887334 ], [ 135.428380920669184, 34.343580435100201 ], [ 135.428122341378071, 34.344073391097282 ], [ 135.428220256927432, 34.34453687470095 ], [ 135.428568856712531, 34.344891368083736 ], [ 135.428893220560752, 34.345678058972169 ], [ 135.431302501965291, 34.347283406788222 ], [ 135.432289875001288, 34.347283325242415 ], [ 135.43368974655661, 34.347616734295876 ], [ 135.434494913138394, 34.348050926856175 ], [ 135.43477463514958, 34.348513408736316 ], [ 135.435849239732278, 34.348778422184665 ], [ 135.436885010967416, 34.348424287887973 ], [ 135.437706301756947, 34.348499215672689 ], [ 135.438847482667313, 34.347986095414072 ], [ 135.440269619973122, 34.348180404900781 ], [ 135.441557851754567, 34.347719494271502 ], [ 135.443809741603019, 34.34785206113196 ], [ 135.444079577295355, 34.347637633092063 ], [ 135.443911474832134, 34.346679144141248 ], [ 135.444094676516301, 34.346054552903951 ], [ 135.444409820638981, 34.345438312107348 ], [ 135.445401981893013, 34.345067581153664 ], [ 135.445573483794362, 34.344786900819031 ], [ 135.445713498733426, 34.344367581777774 ], [ 135.445552118750669, 34.343015689724339 ], [ 135.445747748405921, 34.341929705113287 ], [ 135.44593009488139, 34.341438021450287 ], [ 135.44717595856622, 34.339809452449941 ], [ 135.447500931173465, 34.337651233651435 ], [ 135.447438453422762, 34.337201124795627 ], [ 135.446676048297945, 34.335901244216508 ], [ 135.447195018716144, 34.335391654953646 ], [ 135.447770918839922, 34.335237888388285 ], [ 135.448150075023989, 34.334911232573532 ], [ 135.44820022702811, 34.334674940295308 ], [ 135.447962758562056, 34.332769329451878 ], [ 135.447069517862104, 34.33057198848924 ], [ 135.446270049335538, 34.329282129419646 ], [ 135.44575992366353, 34.329250676127295 ], [ 135.445286603648981, 34.328908348979155 ], [ 135.444994509060848, 34.328112956074229 ], [ 135.444461987688726, 34.327291825933791 ], [ 135.444448021633946, 34.326930153125446 ], [ 135.445034429070233, 34.326099134799797 ], [ 135.446170273521432, 34.32530665054874 ], [ 135.447062984375208, 34.325048647249083 ], [ 135.448044857688387, 34.325170684917545 ], [ 135.448282493542109, 34.324427260987584 ], [ 135.449603595457205, 34.323103382594681 ], [ 135.449630689551583, 34.322820921505482 ], [ 135.450190484026137, 34.322121899181745 ], [ 135.450078466462656, 34.321880511758863 ], [ 135.449417925278112, 34.321579195793113 ], [ 135.449484611427721, 34.321024611276883 ], [ 135.449309525097533, 34.320782941489199 ], [ 135.449590153535695, 34.320323556544125 ], [ 135.448899309094969, 34.319828408123328 ], [ 135.448415093445675, 34.318611664436574 ], [ 135.44835901658891, 34.317532919760239 ], [ 135.447982040257159, 34.317290342313065 ], [ 135.447592465550002, 34.316079230912159 ], [ 135.447479038065381, 34.31412078167066 ], [ 135.447279378996114, 34.313784896537314 ], [ 135.44739261522858, 34.312869192596942 ], [ 135.446895883293564, 34.311641960699987 ], [ 135.447471978597491, 34.310377567752973 ], [ 135.447146049415949, 34.310051537609695 ], [ 135.446968888932048, 34.309165936825906 ], [ 135.446756049904224, 34.308913668021397 ], [ 135.446933913423777, 34.30872612452572 ], [ 135.44660150791961, 34.308735336055683 ], [ 135.445742103188309, 34.308359853512016 ], [ 135.445631126209179, 34.308210735266812 ], [ 135.445710076053359, 34.308118257672582 ], [ 135.445910721372712, 34.30824918429078 ], [ 135.445878754168348, 34.307998291885305 ], [ 135.445588610195244, 34.307866821140685 ], [ 135.445441808511134, 34.308061264429739 ], [ 135.445389411518391, 34.309222078392033 ], [ 135.445611811699848, 34.309446077161141 ], [ 135.445010788106657, 34.310632308921512 ], [ 135.445146854422973, 34.311213447746063 ], [ 135.444765319626299, 34.311360343415068 ], [ 135.44450916306954, 34.311164082353443 ], [ 135.444615401027704, 34.312028373885632 ], [ 135.444929942396982, 34.31221461393546 ], [ 135.444583986264178, 34.312914721825102 ], [ 135.444635023420489, 34.313092306537179 ], [ 135.444117321729266, 34.313479049377435 ], [ 135.444207974242801, 34.312704678580118 ], [ 135.44386653910874, 34.311857920377562 ], [ 135.443515445176246, 34.311628688021926 ], [ 135.443351041460204, 34.31109855519189 ], [ 135.442913729821385, 34.311208003574514 ], [ 135.442713432873575, 34.311030587171132 ], [ 135.442899817725305, 34.309926026016562 ], [ 135.441785272893753, 34.309196481153883 ], [ 135.441879273059982, 34.310218635590111 ], [ 135.441072901054667, 34.311130063973842 ], [ 135.441071243419231, 34.311380663526691 ], [ 135.441625561039871, 34.312191348130675 ], [ 135.440385987579305, 34.311714507917451 ], [ 135.440277016440433, 34.311448896363679 ], [ 135.439721277475371, 34.311028687590586 ], [ 135.439223203612073, 34.309657870701926 ], [ 135.439155783327948, 34.308983643212841 ], [ 135.438908767616653, 34.30857033194556 ], [ 135.438825296581939, 34.309189354863989 ], [ 135.439008089312779, 34.310429418744938 ], [ 135.438795315561777, 34.310508884250275 ], [ 135.437981186213051, 34.31028400242166 ], [ 135.437722049768553, 34.311808434507654 ], [ 135.437039733339503, 34.311201125039616 ], [ 135.436337893498205, 34.311123672911194 ], [ 135.436138024584722, 34.310470391118209 ], [ 135.435639624997066, 34.309729104077327 ], [ 135.435730948161876, 34.30922168862346 ], [ 135.435298307826145, 34.309311550418322 ], [ 135.435026483667116, 34.309749251522369 ], [ 135.43435264637202, 34.30981489658398 ], [ 135.43479140001395, 34.310105839639782 ], [ 135.434914541992725, 34.310439279175661 ], [ 135.434762594643303, 34.310631290416879 ], [ 135.433881642772832, 34.310627232829546 ], [ 135.434056923171539, 34.310925134751166 ], [ 135.434590862316185, 34.311148336106783 ], [ 135.434566358126091, 34.3113410739751 ], [ 135.433797370515549, 34.311626875622267 ], [ 135.434049244342702, 34.312200106435476 ], [ 135.433823990250062, 34.313439985088351 ], [ 135.434206411023922, 34.314040017880217 ], [ 135.433751679468145, 34.314168085527463 ], [ 135.433303657032639, 34.314910090332198 ], [ 135.433018782222433, 34.315860487994676 ], [ 135.433112249424767, 34.316163647092367 ], [ 135.432324705105884, 34.316127470188505 ], [ 135.431047076635281, 34.316658836140704 ], [ 135.43069298996366, 34.317003171191779 ], [ 135.431061175123574, 34.318355954408872 ], [ 135.430544754024368, 34.318892528175233 ], [ 135.430116271435594, 34.319656167112349 ], [ 135.430802766186872, 34.320786168184341 ], [ 135.430388992332013, 34.322527522132631 ], [ 135.430805781005915, 34.323553861206207 ], [ 135.430490222820026, 34.324260837576368 ], [ 135.429454066347205, 34.325641635678132 ], [ 135.429340310964278, 34.327143912694972 ], [ 135.428952855148765, 34.327518801382233 ], [ 135.428840349832569, 34.327860453125474 ], [ 135.429279256132276, 34.329120877251924 ], [ 135.429359215992633, 34.32983432643681 ], [ 135.428915324151944, 34.330751857468371 ], [ 135.428723265605896, 34.331684362163571 ], [ 135.428815686490935, 34.332337577208932 ], [ 135.429541271561561, 34.334249159459375 ], [ 135.429175669107195, 34.334608929024071 ], [ 135.429097952238749, 34.335361933884869 ], [ 135.428677811534186, 34.33628464073972 ], [ 135.42873583202001, 34.336997278444919 ], [ 135.428498400000478, 34.33898971733683 ], [ 135.428314820084523, 34.339280033618081 ], [ 135.426916685741901, 34.340137307843726 ], [ 135.426712894821009, 34.340733913543772 ] ] ] } },
{ "type": "Feature", "properties": { "CITY_NAME": "紀の川市", "S_NAME": "大字切畑", "JINKO": 64, "medical_area": "30_那賀医療圏", "町丁目名": "紀の川市大字切畑" }, "geometry": { "type": "Polygon", "coordinates": [ [ [ 135.446933913423777, 34.30872612452572 ], [ 135.44720735875336, 34.308524359766672 ], [ 135.447352593489057, 34.308562202927753 ], [ 135.447417827820288, 34.308859731979474 ], [ 135.447720153072424, 34.308842496721574 ], [ 135.447723737676313, 34.308294528819822 ], [ 135.447534703516624, 34.308107871304635 ], [ 135.4479593501012, 34.308211911187108 ], [ 135.449069692903294, 34.307873173783697 ], [ 135.449055221448589, 34.307515581172368 ], [ 135.448263445526038, 34.307066174315878 ], [ 135.446866371834233, 34.306753360193852 ], [ 135.446412260317175, 34.306017525918278 ], [ 135.445761286908919, 34.306283939238746 ], [ 135.445360581029604, 34.305947708673166 ], [ 135.444679273588861, 34.305721779980523 ], [ 135.443671409217615, 34.30579146636876 ], [ 135.442645346542548, 34.305229542531357 ], [ 135.441737845506424, 34.305364749463273 ], [ 135.440487145246777, 34.304922514715059 ], [ 135.439875392512931, 34.304334558493537 ], [ 135.439734289518015, 34.3036745049518 ], [ 135.438722869543113, 34.304282961590189 ], [ 135.438398438720043, 34.304262886768825 ], [ 135.438143383983885, 34.303899405829164 ], [ 135.437550950931637, 34.30378527192709 ], [ 135.437335417091305, 34.304211544369764 ], [ 135.43706594835308, 34.304968472366077 ], [ 135.4376959644338, 34.305635271192358 ], [ 135.438075244204214, 34.305717017631117 ], [ 135.438258763486118, 34.306838896557601 ], [ 135.438681707283507, 34.307299638463185 ], [ 135.438614819731612, 34.308009457034181 ], [ 135.439136033519702, 34.308928472615804 ], [ 135.439223203612073, 34.309657870701926 ], [ 135.439721277475371, 34.311028687590586 ], [ 135.440277016440433, 34.311448896363679 ], [ 135.440385987579305, 34.311714507917451 ], [ 135.441625561039871, 34.312191348130675 ], [ 135.441071243419231, 34.311380663526691 ], [ 135.441072901054667, 34.311130063973842 ], [ 135.441879273059982, 34.310218635590111 ], [ 135.441750598443946, 34.309363536175312 ], [ 135.441785272893753, 34.309196481153883 ], [ 135.441941526369845, 34.309262272350921 ], [ 135.442899817725305, 34.309926026016562 ], [ 135.442713432873575, 34.311030587171132 ], [ 135.442913729821385, 34.311208003574514 ], [ 135.443351041460204, 34.31109855519189 ], [ 135.443515445176246, 34.311628688021926 ], [ 135.44386653910874, 34.311857920377562 ], [ 135.444207974242801, 34.312704678580118 ], [ 135.444117321729266, 34.313479049377435 ], [ 135.444635023420489, 34.313092306537179 ], [ 135.444583986264178, 34.312914721825102 ], [ 135.444929942396982, 34.31221461393546 ], [ 135.444615401027704, 34.312028373885632 ], [ 135.44450916306954, 34.311164082353443 ], [ 135.444765319626299, 34.311360343415068 ], [ 135.445146854422973, 34.311213447746063 ], [ 135.445010788106657, 34.310632308921512 ], [ 135.445611811699848, 34.309446077161141 ], [ 135.445389411518391, 34.309222078392033 ], [ 135.445498820766659, 34.307903606204263 ], [ 135.445878754168348, 34.307998291885305 ], [ 135.445910721372712, 34.30824918429078 ], [ 135.445710076053359, 34.308118257672582 ], [ 135.445631126209179, 34.308210735266812 ], [ 135.445742103188309, 34.308359853512016 ], [ 135.44660150791961, 34.308735336055683 ], [ 135.446933913423777, 34.30872612452572 ] ] ] } },
{ "type": "Feature", "properties": { "CITY_NAME": "紀の川市", "S_NAME": "大字切畑", "JINKO": 167, "medical_area": "30_那賀医療圏", "町丁目名": "紀の川市大字切畑" }, "geometry": { "type": "Polygon", "coordinates": [ [ [ 135.440531201970572, 34.304184275140607 ], [ 135.440536058582808, 34.303450506516853 ], [ 135.440965593987897, 34.302811642717579 ], [ 135.439735987165022, 34.302573756604616 ], [ 135.439703283694513, 34.302443585508328 ], [ 135.440322854694529, 34.301842636721531 ], [ 135.440447744439439, 34.301573861841433 ], [ 135.440338673690462, 34.301146108018003 ], [ 135.441052417019222, 34.300689553835149 ], [ 135.441212219206477, 34.300216535088701 ], [ 135.441740876530531, 34.299819569723425 ], [ 135.441720662308001, 34.299494350919943 ], [ 135.441990621229621, 34.299291174514565 ], [ 135.442079780131991, 34.29886685653301 ], [ 135.441529730139621, 34.298745748207111 ], [ 135.440533086296568, 34.298824755460181 ], [ 135.439454513850308, 34.299451505324384 ], [ 135.438823135873037, 34.300145227628747 ], [ 135.438217938515493, 34.300263191069043 ], [ 135.437740337002509, 34.299713025655429 ], [ 135.437726772897577, 34.298384700030155 ], [ 135.438008053244715, 34.297322417189406 ], [ 135.437852810958674, 34.297108148708851 ], [ 135.435891512416987, 34.295835843324674 ], [ 135.43374271716246, 34.29495651288314 ], [ 135.433840436290041, 34.2954953693121 ], [ 135.433262031543137, 34.295665692511221 ], [ 135.433099077193759, 34.296021483705672 ], [ 135.433712590977251, 34.295994588185089 ], [ 135.433461592202718, 34.296400264879651 ], [ 135.433663856365484, 34.296643493884638 ], [ 135.433569529194642, 34.297085955315779 ], [ 135.433762826178736, 34.297287163507661 ], [ 135.43351694039518, 34.297549880414692 ], [ 135.433700352821035, 34.298200278348197 ], [ 135.432335815518087, 34.298656741737375 ], [ 135.432815776140529, 34.300088085732042 ], [ 135.432672991102379, 34.300832207093613 ], [ 135.432971208956815, 34.300980652002032 ], [ 135.433143693379094, 34.301381659898865 ], [ 135.433888357259434, 34.301293668160902 ], [ 135.434781246946699, 34.301408924622962 ], [ 135.435689646676508, 34.301858948571734 ], [ 135.435783971982346, 34.302470474987722 ], [ 135.436248253160471, 34.302511765167644 ], [ 135.436946686180249, 34.303160147138335 ], [ 135.437007354054657, 34.303506822869807 ], [ 135.436684576192846, 34.304385921904142 ], [ 135.437065948353109, 34.304968472366063 ], [ 135.437550950931694, 34.30378527192709 ], [ 135.438143383983885, 34.303899405829164 ], [ 135.438521238546599, 34.304309793197227 ], [ 135.439317875882239, 34.304016190491957 ], [ 135.439734289518015, 34.303674504951822 ], [ 135.439875392512931, 34.304334558493537 ], [ 135.440487145246777, 34.304922514715059 ], [ 135.441737845506424, 34.305364749463273 ], [ 135.442432449547709, 34.305265767802432 ], [ 135.440531201970572, 34.304184275140607 ] ] ] } },
{ "type": "Feature", "properties": { "CITY_NAME": "紀の川市", "S_NAME": "大字名手下", "JINKO": 125, "medical_area": "30_那賀医療圏", "町丁目名": "紀の川市大字名手下" }, "geometry": { "type": "Polygon", "coordinates": [ [ [ 135.448705264503729, 34.298708817540287 ], [ 135.449172117354408, 34.297683128869451 ], [ 135.44960735360533, 34.297607178442355 ], [ 135.449920057212921, 34.297339377259597 ], [ 135.450090763959054, 34.296108660494482 ], [ 135.450368460948084, 34.29542908091922 ], [ 135.450645609686404, 34.295204928654073 ], [ 135.450883157136616, 34.293695589132305 ], [ 135.451724031762723, 34.291853532075862 ], [ 135.450425246073394, 34.289424499588826 ], [ 135.449999328329199, 34.287565655687281 ], [ 135.44979439679949, 34.287212847298676 ], [ 135.449253283423928, 34.286405218978715 ], [ 135.448099487133703, 34.285657251149154 ], [ 135.448223611031665, 34.285399738773471 ], [ 135.447688311408996, 34.285155042150549 ], [ 135.447681029922506, 34.284103289871638 ], [ 135.447555269253797, 34.284403618181777 ], [ 135.447637963781375, 34.286312749101796 ], [ 135.44726616971414, 34.286701141599352 ], [ 135.447297789709552, 34.286998517894204 ], [ 135.447852440632431, 34.287744095035627 ], [ 135.447447578138934, 34.288048807943674 ], [ 135.447462042863208, 34.28840653996933 ], [ 135.446947558964666, 34.288357739081079 ], [ 135.446664757860219, 34.288832321983016 ], [ 135.446413999115265, 34.291152717752915 ], [ 135.445986634196373, 34.292370156080182 ], [ 135.445234672293935, 34.293758552727944 ], [ 135.444401701324892, 34.294756371566798 ], [ 135.443748294794204, 34.294966129635881 ], [ 135.441709365255946, 34.296972451192929 ], [ 135.441505375579823, 34.297352296259731 ], [ 135.441750080322691, 34.297585700819582 ], [ 135.441656801181068, 34.29815185515529 ], [ 135.442079780132019, 34.298866856533003 ], [ 135.444269385431937, 34.299970337930297 ], [ 135.44482902898821, 34.299963566684553 ], [ 135.445841820352854, 34.299132073727606 ], [ 135.448705264503729, 34.298708817540287 ] ] ] } },
{ "type": "Feature", "properties": { "CITY_NAME": "紀の川市", "S_NAME": "大字江川中", "JINKO": 113, "medical_area": "30_那賀医療圏", "町丁目名": "紀の川市大字江川中" }, "geometry": { "type": "Polygon", "coordinates": [ [ [ 135.437529788299031, 34.296874377492152 ], [ 135.437724175884853, 34.295580670187206 ], [ 135.437595886639457, 34.293670169472932 ], [ 135.440152895926701, 34.289167953211098 ], [ 135.441321555201114, 34.287696395392274 ], [ 135.441253304790536, 34.287231355721403 ], [ 135.441391148542607, 34.286693156016234 ], [ 135.440519864571627, 34.286457037803913 ], [ 135.439351938909113, 34.285885841385429 ], [ 135.438126012359703, 34.285694712704789 ], [ 135.438139572773338, 34.286323332993739 ], [ 135.43754344610187, 34.286272990328222 ], [ 135.437465458124535, 34.286726655247669 ], [ 135.437570608439245, 34.287222154648468 ], [ 135.437434190410727, 34.288071398162622 ], [ 135.437889653478067, 34.288507785952604 ], [ 135.43791017994036, 34.289198282980379 ], [ 135.437124417617554, 34.289848040370643 ], [ 135.436523361684038, 34.28980147516765 ], [ 135.436217059658418, 34.289298572515683 ], [ 135.435847760027315, 34.289296735769668 ], [ 135.435790581249307, 34.289605683068729 ], [ 135.436132187613083, 34.290050710391704 ], [ 135.436174109281751, 34.290565782843359 ], [ 135.435487876201194, 34.2908200021703 ], [ 135.435480638248123, 34.291337947705898 ], [ 135.435335859459911, 34.29149731093532 ], [ 135.435067991016524, 34.291401978516525 ], [ 135.434671939874875, 34.290418714692379 ], [ 135.43450748837077, 34.290379218742942 ], [ 135.434196735547658, 34.29111918812233 ], [ 135.434405725011345, 34.291883666401056 ], [ 135.434151446349574, 34.292464712253995 ], [ 135.433770581077425, 34.292546635015526 ], [ 135.433337605166116, 34.293167003883894 ], [ 135.43374271716246, 34.29495651288314 ], [ 135.43515533561299, 34.295460989047541 ], [ 135.437529788299031, 34.296874377492152 ] ] ] } },
{ "type": "Feature", "properties": { "CITY_NAME": "紀の川市", "S_NAME": "大字江川中", "JINKO": 112, "medical_area": "30_那賀医療圏", "町丁目名": "紀の川市大字江川中" }, "geometry": { "type": "Polygon", "coordinates": [ [ [ 135.442079780132019, 34.298866856533003 ], [ 135.441656801181068, 34.29815185515529 ], [ 135.441750080322691, 34.297585700819582 ], [ 135.441505375579823, 34.297352296259731 ], [ 135.441709365255946, 34.296972451192929 ], [ 135.443748294794204, 34.294966129635881 ], [ 135.444401701324892, 34.294756371566798 ], [ 135.445417674680328, 34.29348172517664 ], [ 135.446413999115265, 34.291152717752915 ], [ 135.446512913946066, 34.289375111637 ], [ 135.446947558964666, 34.288357739081079 ], [ 135.445610786145153, 34.289131988918705 ], [ 135.445118094736813, 34.289176252086136 ], [ 135.443099174275119, 34.288173141344707 ], [ 135.442691482798239, 34.28720534891351 ], [ 135.441391148542607, 34.286693156016234 ], [ 135.441253304790536, 34.287231355721403 ], [ 135.441321555201114, 34.287696395392274 ], [ 135.440152895926701, 34.289167953211098 ], [ 135.437595886639457, 34.293670169472932 ], [ 135.437724175884853, 34.295580670187206 ], [ 135.437529788299031, 34.296874377492152 ], [ 135.438008053244715, 34.297322417189406 ], [ 135.437726772897577, 34.298384700030155 ], [ 135.437740337002509, 34.299713025655429 ], [ 135.438217938515493, 34.300263191069043 ], [ 135.438823135873037, 34.300145227628747 ], [ 135.439454513850336, 34.299451505324399 ], [ 135.440533086296568, 34.298824755460181 ], [ 135.441529730139621, 34.298745748207111 ], [ 135.442079780132019, 34.298866856533003 ] ] ] } },
{ "type": "Feature", "properties": { "CITY_NAME": "紀の川市", "S_NAME": "大字江川中", "JINKO": 64, "medical_area": "30_那賀医療圏", "町丁目名": "紀の川市大字江川中" }, "geometry": { "type": "Polygon", "coordinates": [ [ [ 135.446947558964666, 34.288357739081079 ], [ 135.447462042863208, 34.28840653996933 ], [ 135.447447578138934, 34.288048807943674 ], [ 135.447852440632431, 34.287744095035627 ], [ 135.447297789709552, 34.286998517894204 ], [ 135.44726616971414, 34.286701141599352 ], [ 135.447592052936443, 34.286489049632777 ], [ 135.447606822748895, 34.285940999442253 ], [ 135.447146054717081, 34.285386303307845 ], [ 135.446894344086473, 34.284512070179758 ], [ 135.445489030797347, 34.285508852436287 ], [ 135.444672065415176, 34.285523754884323 ], [ 135.445397465840642, 34.284115253335891 ], [ 135.445400199708644, 34.283697309245674 ], [ 135.444820702524567, 34.283332376168502 ], [ 135.444417018679758, 34.283460571383642 ], [ 135.444521206844286, 34.282931659278098 ], [ 135.444197609752706, 34.282790734931972 ], [ 135.443748680942861, 34.282993100318656 ], [ 135.442832411161049, 34.284493701497425 ], [ 135.442258921303051, 34.284918351726347 ], [ 135.441917245740342, 34.28582709275198 ], [ 135.441558934736264, 34.285853355200764 ], [ 135.441391148542607, 34.286693156016234 ], [ 135.442691482798239, 34.28720534891351 ], [ 135.443099174275119, 34.288173141344707 ], [ 135.445118094736813, 34.289176252086136 ], [ 135.445610786145153, 34.289131988918705 ], [ 135.446947558964666, 34.288357739081079 ] ] ] } },
{ "type": "Feature", "properties": { "CITY_NAME": "紀の川市", "S_NAME": "大字西野山", "JINKO": 169, "medical_area": "30_那賀医療圏", "町丁目名": "紀の川市大字西野山" }, "geometry": { "type": "Polygon", "coordinates": [ [ [ 135.444709888074499, 34.282314805673444 ], [ 135.445015826910861, 34.281731023027724 ], [ 135.445166467023, 34.280942137721475 ], [ 135.444658305534631, 34.279936714471638 ], [ 135.444088335428773, 34.279831861553831 ], [ 135.443594485806955, 34.280061914580664 ], [ 135.443585723908058, 34.279690403959108 ], [ 135.443070982593724, 34.279697364580429 ], [ 135.442904394851865, 34.279501505371066 ], [ 135.44225018086675, 34.279447395479608 ], [ 135.441733867600107, 34.279686495004135 ], [ 135.440985981123362, 34.279413746535226 ], [ 135.440259484230097, 34.279365213337627 ], [ 135.439232854965439, 34.279806796005708 ], [ 135.43898112020247, 34.279753382118933 ], [ 135.438257314480836, 34.280161970367992 ], [ 135.438452942771676, 34.280250486966246 ], [ 135.438121495106856, 34.280944159404797 ], [ 135.437652986764277, 34.281148948884152 ], [ 135.437420562713271, 34.281489632244643 ], [ 135.437806444111715, 34.281978527376587 ], [ 135.438182541003073, 34.28201208665574 ], [ 135.438288975223116, 34.282314315901537 ], [ 135.437854716652765, 34.282873691183468 ], [ 135.437986139810846, 34.283252808867275 ], [ 135.437783287389294, 34.284256700239986 ], [ 135.438084187277411, 34.284818033174417 ], [ 135.437896324671328, 34.28525119123556 ], [ 135.438126012359703, 34.285694712704789 ], [ 135.439351938909113, 34.285885841385443 ], [ 135.440519864571627, 34.286457037803913 ], [ 135.441391148542607, 34.286693156016234 ], [ 135.441558934736264, 34.285853355200736 ], [ 135.441917245740257, 34.28582709275198 ], [ 135.442258921303107, 34.284918351726347 ], [ 135.442832411161049, 34.284493701497411 ], [ 135.443748680942861, 34.282993100318642 ], [ 135.444709888074499, 34.282314805673444 ] ] ] } },
{ "type": "Feature", "properties": { "CITY_NAME": "紀の川市", "S_NAME": "大字西野山", "JINKO": 42, "medical_area": "30_那賀医療圏", "町丁目名": "紀の川市大字西野山" }, "geometry": { "type": "Polygon", "coordinates": [ [ [ 135.447555269253797, 34.284403618181777 ], [ 135.447693654161895, 34.283610872733263 ], [ 135.448100739708877, 34.283292087312198 ], [ 135.44868685475376, 34.2822431425638 ], [ 135.448634050336835, 34.281672109729605 ], [ 135.448214349815572, 34.28102913485305 ], [ 135.448051480794135, 34.28000415265906 ], [ 135.445731759275333, 34.279193842285004 ], [ 135.444551940232884, 34.278241022681662 ], [ 135.444515724695492, 34.27864022019309 ], [ 135.443661516685495, 34.279221655637009 ], [ 135.443576603524292, 34.279690362575273 ], [ 135.443594485806955, 34.280061914580664 ], [ 135.444088335428717, 34.279831861553831 ], [ 135.444792088589793, 34.280011698722717 ], [ 135.445166467023, 34.280942137721475 ], [ 135.445015826910861, 34.281731023027724 ], [ 135.444709888074499, 34.282314805673408 ], [ 135.444541951687057, 34.282323201982607 ], [ 135.444197609752706, 34.282790734931972 ], [ 135.444521206844286, 34.282931659278098 ], [ 135.444417018679758, 34.283460571383642 ], [ 135.444820702524567, 34.283332376168502 ], [ 135.445400199708644, 34.283697309245674 ], [ 135.445397465840642, 34.284115253335891 ], [ 135.444672065415176, 34.285523754884323 ], [ 135.445489030797347, 34.285508852436287 ], [ 135.446894344086473, 34.284512070179758 ], [ 135.447146054717081, 34.285386303307845 ], [ 135.447574049110472, 34.285820128483714 ], [ 135.447555269253797, 34.284403618181777 ] ] ] } },
{ "type": "Feature", "properties": { "CITY_NAME": "紀の川市", "S_NAME": "大字名手市場", "JINKO": 0, "medical_area": "30_那賀医療圏", "町丁目名": "紀の川市大字名手市場" }, "geometry": { "type": "Polygon", "coordinates": [ [ [ 135.431932490179292, 34.281141621481773 ], [ 135.432308084442269, 34.281179702395477 ], [ 135.432486492456462, 34.280932032551576 ], [ 135.432382126466365, 34.280654036940248 ], [ 135.432035163843466, 34.280895010004883 ], [ 135.431747256965906, 34.281343898329048 ], [ 135.431932490179292, 34.281141621481773 ] ] ] } },
{ "type": "Feature", "properties": { "CITY_NAME": "紀の川市", "S_NAME": "大字名手市場", "JINKO": 158, "medical_area": "30_那賀医療圏", "町丁目名": "紀の川市大字名手市場" }, "geometry": { "type": "Polygon", "coordinates": [ [ [ 135.428636123906415, 34.283238956035625 ], [ 135.428689362029218, 34.283083260494678 ], [ 135.429113004636321, 34.28320074395873 ], [ 135.429672069147784, 34.282973582375334 ], [ 135.430101829967867, 34.282542824671673 ], [ 135.430468892373739, 34.28184609397367 ], [ 135.431088922845618, 34.281251256675652 ], [ 135.430588031868552, 34.281120884112831 ], [ 135.430595817052136, 34.280935253510734 ], [ 135.431019591066132, 34.2810634374598 ], [ 135.43121868010644, 34.28069373141534 ], [ 135.430594478705189, 34.280485308395122 ], [ 135.430680095013884, 34.280189174518121 ], [ 135.43104572399568, 34.280307509743096 ], [ 135.431003778835645, 34.280419024744667 ], [ 135.431319104669512, 34.280617563292637 ], [ 135.432081994712604, 34.279096598925989 ], [ 135.432325529729553, 34.279220282689494 ], [ 135.432006883240462, 34.280090652607051 ], [ 135.432425365061107, 34.280204438575012 ], [ 135.432423881773644, 34.280425315775169 ], [ 135.433358428928415, 34.27986164487362 ], [ 135.432661460463208, 34.279654587999133 ], [ 135.432421746352446, 34.279283837291175 ], [ 135.432735968692896, 34.277876872150742 ], [ 135.430734440612184, 34.277487962757064 ], [ 135.430375278256861, 34.278142608663295 ], [ 135.430335179045528, 34.278722947857069 ], [ 135.429812340745855, 34.28035743131894 ], [ 135.427728812813399, 34.283942040696139 ], [ 135.428381802458716, 34.284062285378347 ], [ 135.428845568279911, 34.283843699431642 ], [ 135.429021151779239, 34.283319915658033 ], [ 135.428636123906415, 34.283238956035625 ] ] ] } },
{ "type": "Feature", "properties": { "CITY_NAME": "紀の川市", "S_NAME": "大字名手市場", "JINKO": 89, "medical_area": "30_那賀医療圏", "町丁目名": "紀の川市大字名手市場" }, "geometry": { "type": "Polygon", "coordinates": [ [ [ 135.432306046087149, 34.277781910719192 ], [ 135.432530413364162, 34.276937307445316 ], [ 135.432071104756517, 34.276695986495341 ], [ 135.432147660081341, 34.276136947057459 ], [ 135.431396111508604, 34.275920050313488 ], [ 135.431235738245903, 34.276583930715816 ], [ 135.430734440612184, 34.277487962757043 ], [ 135.432306046087149, 34.277781910719192 ] ] ] } },
{ "type": "Feature", "properties": { "CITY_NAME": "紀の川市", "S_NAME": "大字名手市場", "JINKO": 42, "medical_area": "30_那賀医療圏", "町丁目名": "紀の川市大字名手市場" }, "geometry": { "type": "Polygon", "coordinates": [ [ [ 135.433307026091427, 34.27596804918808 ], [ 135.432694301024299, 34.275653615072663 ], [ 135.431600307909747, 34.275615308721129 ], [ 135.431396111508604, 34.275920050313488 ], [ 135.432147660081341, 34.276136947057459 ], [ 135.432071104756517, 34.276695986495341 ], [ 135.432530413364162, 34.276937307445316 ], [ 135.433307026091427, 34.27596804918808 ] ] ] } },
{ "type": "Feature", "properties": { "CITY_NAME": "紀の川市", "S_NAME": "大字名手市場", "JINKO": 100, "medical_area": "30_那賀医療圏", "町丁目名": "紀の川市大字名手市場" }, "geometry": { "type": "Polygon", "coordinates": [ [ [ 135.434555175907377, 34.280435712782229 ], [ 135.434326623867832, 34.279244591764161 ], [ 135.434060281489451, 34.279187579819187 ], [ 135.434098734482291, 34.278811211940734 ], [ 135.433858318761139, 34.278151959652575 ], [ 135.434044698785414, 34.277351975220256 ], [ 135.434771080657015, 34.276450516996434 ], [ 135.433307026091427, 34.27596804918808 ], [ 135.432443880989041, 34.277080876204927 ], [ 135.432306046087149, 34.277781910719192 ], [ 135.432735968692896, 34.277876872150742 ], [ 135.432618755843038, 34.278217375893419 ], [ 135.433088601357184, 34.278635112732928 ], [ 135.433522402615438, 34.278728258615786 ], [ 135.43340135015373, 34.278964783476624 ], [ 135.433914478643686, 34.279217758114804 ], [ 135.43377178406439, 34.279442491868714 ], [ 135.43294358479119, 34.279370207168959 ], [ 135.432866618733129, 34.279510439289439 ], [ 135.433479054346463, 34.279689072442281 ], [ 135.43372562307357, 34.279518912174773 ], [ 135.433822149727092, 34.279783348022377 ], [ 135.434265381010363, 34.279850472470592 ], [ 135.434265216272792, 34.280198420729064 ], [ 135.433646913713318, 34.280248818504177 ], [ 135.433873220312194, 34.280798409873412 ], [ 135.4344654545406, 34.280669143435105 ], [ 135.434555175907377, 34.280435712782229 ] ] ] } },
{ "type": "Feature", "properties": { "CITY_NAME": "紀の川市", "S_NAME": "大字名手市場", "JINKO": 206, "medical_area": "30_那賀医療圏", "町丁目名": "紀の川市大字名手市場" }, "geometry": { "type": "Polygon", "coordinates": [ [ [ 135.429709223274443, 34.28056191840377 ], [ 135.429990778256325, 34.279502474555429 ], [ 135.429531536541731, 34.279683753864852 ], [ 135.428599947560059, 34.279536579849385 ], [ 135.426868731741877, 34.280234552113683 ], [ 135.426777422728293, 34.280723649541756 ], [ 135.427016733721473, 34.281469406719033 ], [ 135.426227271248194, 34.282412368675118 ], [ 135.426272954377964, 34.283200610372532 ], [ 135.427319048020792, 34.283404401488056 ], [ 135.427431539669271, 34.283858669353911 ], [ 135.427728812813399, 34.283942040696139 ], [ 135.429709223274443, 34.28056191840377 ] ] ] } },
{ "type": "Feature", "properties": { "CITY_NAME": "紀の川市", "S_NAME": "大字名手市場", "JINKO": 147, "medical_area": "30_那賀医療圏", "町丁目名": "紀の川市大字名手市場" }, "geometry": { "type": "Polygon", "coordinates": [ [ [ 135.42967306821086, 34.279652011835203 ], [ 135.429990778256325, 34.279502474555429 ], [ 135.430335179045528, 34.278722947857069 ], [ 135.430375278256861, 34.278142608663295 ], [ 135.430734440612184, 34.277487962757064 ], [ 135.430252168122337, 34.27737457907066 ], [ 135.430597261810817, 34.276723390513332 ], [ 135.429963843781337, 34.276540418528668 ], [ 135.429810095779942, 34.276742556897268 ], [ 135.429617565115876, 34.276681652445056 ], [ 135.429748659317369, 34.276441937161849 ], [ 135.429623156058028, 34.276400360944486 ], [ 135.429103974226848, 34.277123144965671 ], [ 135.428894421725204, 34.277082585786587 ], [ 135.428734405735526, 34.278016371798657 ], [ 135.428839709384164, 34.278987738314456 ], [ 135.428599947560059, 34.279536579849385 ], [ 135.42967306821086, 34.279652011835203 ] ] ] } },
{ "type": "Feature", "properties": { "CITY_NAME": "紀の川市", "S_NAME": "大字名手市場", "JINKO": 86, "medical_area": "30_那賀医療圏", "町丁目名": "紀の川市大字名手市場" }, "geometry": { "type": "Polygon", "coordinates": [ [ [ 135.430734440612184, 34.277487962757043 ], [ 135.431600307909747, 34.275615308721129 ], [ 135.4305702970494, 34.275355278669032 ], [ 135.430537859843838, 34.275069585145644 ], [ 135.430135939128832, 34.275052505838744 ], [ 135.429978600590744, 34.275611028857952 ], [ 135.429276155252069, 34.276309436594282 ], [ 135.428894421725204, 34.277082585786587 ], [ 135.42910397422682, 34.277123144965685 ], [ 135.429623156058028, 34.276400360944486 ], [ 135.42974865931734, 34.276441937161842 ], [ 135.429617565115876, 34.276681652445056 ], [ 135.429810095779914, 34.276742556897268 ], [ 135.429963843781337, 34.27654041852869 ], [ 135.430597261810817, 34.276723390513332 ], [ 135.430252168122337, 34.27737457907066 ], [ 135.430734440612184, 34.277487962757043 ] ] ] } },
{ "type": "Feature", "properties": { "CITY_NAME": "紀の川市", "S_NAME": "大字名手市場", "JINKO": 91, "medical_area": "30_那賀医療圏", "町丁目名": "紀の川市大字名手市場" }, "geometry": { "type": "Polygon", "coordinates": [ [ [ 135.432328401275129, 34.274687951837336 ], [ 135.430079409240989, 34.273678621877799 ], [ 135.430135939128832, 34.275052505838744 ], [ 135.430537859843838, 34.275069585145644 ], [ 135.430570297049371, 34.275355278669032 ], [ 135.432222023333566, 34.275651431393221 ], [ 135.432328401275129, 34.274687951837336 ] ] ] } },
{ "type": "Feature", "properties": { "CITY_NAME": "紀の川市", "S_NAME": "大字名手市場", "JINKO": 62, "medical_area": "30_那賀医療圏", "町丁目名": "紀の川市大字名手市場" }, "geometry": { "type": "Polygon", "coordinates": [ [ [ 135.433342748612858, 34.275562650258749 ], [ 135.433481872529654, 34.273920470410538 ], [ 135.432590722761404, 34.273787034923828 ], [ 135.432654781713808, 34.274393353257565 ], [ 135.432269136903074, 34.274814319627126 ], [ 135.432222023333566, 34.275651431393221 ], [ 135.432694301024299, 34.275653615072663 ], [ 135.43349801696229, 34.27602457486848 ], [ 135.433342748612858, 34.275562650258749 ] ] ] } },
{ "type": "Feature", "properties": { "CITY_NAME": "紀の川市", "S_NAME": "大字名手市場", "JINKO": 46, "medical_area": "30_那賀医療圏", "町丁目名": "紀の川市大字名手市場" }, "geometry": { "type": "Polygon", "coordinates": [ [ [ 135.435144165780969, 34.275482491674083 ], [ 135.433396972701729, 34.274973079127903 ], [ 135.433342748612858, 34.275562650258749 ], [ 135.43349801696229, 34.27602457486848 ], [ 135.434931444830369, 34.276500279377089 ], [ 135.435144165780969, 34.275482491674083 ] ] ] } },
{ "type": "Feature", "properties": { "CITY_NAME": "紀の川市", "S_NAME": "大字名手市場", "JINKO": 42, "medical_area": "30_那賀医療圏", "町丁目名": "紀の川市大字名手市場" }, "geometry": { "type": "Polygon", "coordinates": [ [ [ 135.437163813571232, 34.276934571894778 ], [ 135.437312114994853, 34.276598011891977 ], [ 135.437272923706502, 34.276041821574672 ], [ 135.435144165780969, 34.275482491674076 ], [ 135.434931444830397, 34.276500279377053 ], [ 135.437163813571232, 34.276934571894778 ] ] ] } },
{ "type": "Feature", "properties": { "CITY_NAME": "紀の川市", "S_NAME": "大字名手市場", "JINKO": 90, "medical_area": "30_那賀医療圏", "町丁目名": "紀の川市大字名手市場" }, "geometry": { "type": "Polygon", "coordinates": [ [ [ 135.437596719190083, 34.272060658068412 ], [ 135.436534852392214, 34.271437637030445 ], [ 135.435933436386222, 34.272829050659269 ], [ 135.435396385901583, 34.275530282487082 ], [ 135.436746885284009, 34.275844159164805 ], [ 135.43717760941442, 34.27466931828036 ], [ 135.436781900113033, 34.274560860659889 ], [ 135.436862429824487, 34.274132002542835 ], [ 135.437192156276978, 34.272883868967057 ], [ 135.437596719190083, 34.272060658068412 ] ] ] } },
{ "type": "Feature", "properties": { "CITY_NAME": "紀の川市", "S_NAME": "大字名手市場", "JINKO": 43, "medical_area": "30_那賀医療圏", "町丁目名": "紀の川市大字名手市場" }, "geometry": { "type": "Polygon", "coordinates": [ [ [ 135.435396385901583, 34.275530282487082 ], [ 135.43557015271702, 34.274525275269333 ], [ 135.434471569694722, 34.274358630925278 ], [ 135.434293787187499, 34.275238388095673 ], [ 135.435396385901583, 34.275530282487082 ] ] ] } },
{ "type": "Feature", "properties": { "CITY_NAME": "紀の川市", "S_NAME": "大字名手市場", "JINKO": 34, "medical_area": "30_那賀医療圏", "町丁目名": "紀の川市大字名手市場" }, "geometry": { "type": "Polygon", "coordinates": [ [ [ 135.434483411245083, 34.273317799215334 ], [ 135.433658677809831, 34.272953088101723 ], [ 135.433396972701729, 34.274973079127903 ], [ 135.434346119583353, 34.275171293567638 ], [ 135.434483411245083, 34.273317799215334 ] ] ] } },
{ "type": "Feature", "properties": { "CITY_NAME": "紀の川市", "S_NAME": "大字名手市場", "JINKO": 92, "medical_area": "30_那賀医療圏", "町丁目名": "紀の川市大字名手市場" }, "geometry": { "type": "Polygon", "coordinates": [ [ [ 135.432470924206882, 34.274715657906192 ], [ 135.432590722761404, 34.273787034923828 ], [ 135.433481872529654, 34.273920470410538 ], [ 135.433658677809831, 34.272953088101723 ], [ 135.431964439080986, 34.272608720533533 ], [ 135.431753265166691, 34.274375236165554 ], [ 135.432470924206882, 34.274715657906192 ] ] ] } },
{ "type": "Feature", "properties": { "CITY_NAME": "紀の川市", "S_NAME": "大字名手市場", "JINKO": 89, "medical_area": "30_那賀医療圏", "町丁目名": "紀の川市大字名手市場" }, "geometry": { "type": "Polygon", "coordinates": [ [ [ 135.431964439080986, 34.272608720533533 ], [ 135.429750544910632, 34.272366863917568 ], [ 135.430079409240989, 34.273678621877799 ], [ 135.431753265166691, 34.274375236165554 ], [ 135.431964439080986, 34.272608720533533 ] ] ] } },
{ "type": "Feature", "properties": { "CITY_NAME": "紀の川市", "S_NAME": "大字名手市場", "JINKO": 97, "medical_area": "30_那賀医療圏", "町丁目名": "紀の川市大字名手市場" }, "geometry": { "type": "Polygon", "coordinates": [ [ [ 135.436051412099289, 34.281710286549043 ], [ 135.436962464611014, 34.280078695111179 ], [ 135.438257314480836, 34.280161970367992 ], [ 135.44009353775192, 34.279362342649776 ], [ 135.440985981123362, 34.279413746535226 ], [ 135.441733867600107, 34.279686495004135 ], [ 135.442451667981913, 34.279439014468622 ], [ 135.442904394851865, 34.279501505371066 ], [ 135.443070982593724, 34.279697364580429 ], [ 135.443576603524292, 34.27969036257528 ], [ 135.443661516685495, 34.279221655637009 ], [ 135.444436925349748, 34.278714241667153 ], [ 135.444505662757848, 34.278473105194578 ], [ 135.444361168406147, 34.27832383360731 ], [ 135.440856258580794, 34.277875854248457 ], [ 135.440096825357159, 34.277658830931202 ], [ 135.43889271719496, 34.277012372094994 ], [ 135.438209391689554, 34.277129965214705 ], [ 135.438040089420582, 34.27735218495669 ], [ 135.437110958820085, 34.277316506449552 ], [ 135.436853558773436, 34.278192375220037 ], [ 135.437311549280253, 34.278539467923487 ], [ 135.436806257811241, 34.27942194856459 ], [ 135.436133160295583, 34.279795822161887 ], [ 135.436352545831284, 34.280011234225817 ], [ 135.436404914916324, 34.280409854001327 ], [ 135.436051412099289, 34.281710286549043 ] ] ] } },
{ "type": "Feature", "properties": { "CITY_NAME": "紀の川市", "S_NAME": "大字名手市場", "JINKO": 141, "medical_area": "30_那賀医療圏", "町丁目名": "紀の川市大字名手市場" }, "geometry": { "type": "Polygon", "coordinates": [ [ [ 135.441625243532457, 34.277493944577458 ], [ 135.441222750071461, 34.277445764471274 ], [ 135.441145910010306, 34.277222419671517 ], [ 135.441298660246019, 34.276117864646267 ], [ 135.441175922087496, 34.276061520960909 ], [ 135.441200218949348, 34.275773697071358 ], [ 135.441435250026132, 34.275765471248747 ], [ 135.442328157021763, 34.272695094510759 ], [ 135.442105129038282, 34.272582510252356 ], [ 135.442845324048932, 34.271026052197044 ], [ 135.442496649874982, 34.270798087564074 ], [ 135.441781805007906, 34.271563966994172 ], [ 135.441243087812353, 34.272662252392273 ], [ 135.440487855648342, 34.27351330943398 ], [ 135.439589033129266, 34.274085068278268 ], [ 135.439158012739966, 34.274965496078778 ], [ 135.438194122624736, 34.275211824257823 ], [ 135.437843157237637, 34.275832572868637 ], [ 135.437439812585495, 34.275914397273517 ], [ 135.437207768930648, 34.276174925296282 ], [ 135.437312114994853, 34.276598011891977 ], [ 135.437110958820085, 34.277316506449552 ], [ 135.438040089420582, 34.27735218495669 ], [ 135.438209391689554, 34.277129965214705 ], [ 135.43889271719496, 34.277012372094994 ], [ 135.440096825357159, 34.277658830931202 ], [ 135.441443345744943, 34.277929666155316 ], [ 135.441265730653868, 34.27771516013226 ], [ 135.441625243532457, 34.277493944577458 ] ] ] } },
{ "type": "Feature", "properties": { "CITY_NAME": "紀の川市", "S_NAME": "大字名手市場", "JINKO": 137, "medical_area": "30_那賀医療圏", "町丁目名": "紀の川市大字名手市場" }, "geometry": { "type": "Polygon", "coordinates": [ [ [ 135.441606654128577, 34.271827859539137 ], [ 135.442496649874982, 34.270798087564074 ], [ 135.440773059254042, 34.269501273904815 ], [ 135.439528101313527, 34.270606177595802 ], [ 135.438963500925695, 34.271547409635531 ], [ 135.4387874504948, 34.271465461510182 ], [ 135.438554346061153, 34.271709785372003 ], [ 135.437936152850085, 34.271442816824113 ], [ 135.437192156276978, 34.272883868967057 ], [ 135.436781900113033, 34.274560860659889 ], [ 135.43717760941442, 34.27466931828036 ], [ 135.436746885284009, 34.275844159164805 ], [ 135.437272923706502, 34.27604182157468 ], [ 135.437843157237637, 34.275832572868637 ], [ 135.438194122624736, 34.275211824257823 ], [ 135.439158012739966, 34.274965496078778 ], [ 135.439589033129266, 34.274085068278268 ], [ 135.440487855648342, 34.27351330943398 ], [ 135.441243087812353, 34.272662252392273 ], [ 135.441606654128577, 34.271827859539137 ] ] ] } },
{ "type": "Feature", "properties": { "CITY_NAME": "紀の川市", "S_NAME": "大字名手市場", "JINKO": 156, "medical_area": "30_那賀医療圏", "町丁目名": "紀の川市大字名手市場" }, "geometry": { "type": "Polygon", "coordinates": [ [ [ 135.434975367425409, 34.28021803316399 ], [ 135.435088955409867, 34.279802849279307 ], [ 135.435855769436671, 34.28011657432625 ], [ 135.435921251043197, 34.279744557665147 ], [ 135.436133160295583, 34.279795822161887 ], [ 135.436705013293277, 34.279514175642703 ], [ 135.436937902604427, 34.279236887159335 ], [ 135.437311549280253, 34.278539467923487 ], [ 135.436853558773436, 34.278192375220037 ], [ 135.437163813571289, 34.276934571894785 ], [ 135.435647790102081, 34.276730240190794 ], [ 135.434771080657015, 34.276450516996434 ], [ 135.434044698785414, 34.277351975220256 ], [ 135.433858318761139, 34.278151959652575 ], [ 135.434098734482291, 34.278811211940734 ], [ 135.434060281489451, 34.279187579819187 ], [ 135.435074409926216, 34.279376369525558 ], [ 135.43492366788098, 34.279669529825128 ], [ 135.434975367425409, 34.28021803316399 ] ] ] } },
{ "type": "Feature", "properties": { "CITY_NAME": "紀の川市", "S_NAME": "大字名手市場", "JINKO": 87, "medical_area": "30_那賀医療圏", "町丁目名": "紀の川市大字名手市場" }, "geometry": { "type": "Polygon", "coordinates": [ [ [ 135.435787480872193, 34.273310291728237 ], [ 135.436534852392214, 34.271437637030445 ], [ 135.436311109110051, 34.271249813221168 ], [ 135.435328432569605, 34.271203019223385 ], [ 135.434498677619843, 34.273248843393233 ], [ 135.434402200139118, 34.274303090362189 ], [ 135.43557015271702, 34.274525275269333 ], [ 135.435787480872193, 34.273310291728237 ] ] ] } },
{ "type": "Feature", "properties": { "CITY_NAME": "紀の川市", "S_NAME": "大字穴伏", "JINKO": 127, "medical_area": "30_那賀医療圏", "町丁目名": "紀の川市大字穴伏" }, "geometry": { "type": "Polygon", "coordinates": [ [ [ 135.448644607719103, 34.278432763628125 ], [ 135.449209932960372, 34.278108492432921 ], [ 135.44879278430372, 34.277996178371907 ], [ 135.446814179958977, 34.274940594839514 ], [ 135.444457673034464, 34.272285559485276 ], [ 135.442845324048932, 34.271026052197044 ], [ 135.442105129038282, 34.272582510252356 ], [ 135.442328157021763, 34.272695094510759 ], [ 135.441435250026132, 34.275765471248747 ], [ 135.441200218949348, 34.275773697071358 ], [ 135.441175922087496, 34.276061520960909 ], [ 135.441298660246019, 34.276117864646267 ], [ 135.441145910010306, 34.277222419671517 ], [ 135.441222750071461, 34.277445764471274 ], [ 135.441625243532457, 34.277493944577458 ], [ 135.441265730653868, 34.27771516013226 ], [ 135.441443345744943, 34.277929666155316 ], [ 135.444361168406147, 34.27832383360731 ], [ 135.444505662757848, 34.278473105194578 ], [ 135.444551940232913, 34.278241022681662 ], [ 135.445731759275304, 34.27919384228499 ], [ 135.448051480794135, 34.28000415265906 ], [ 135.448184901641071, 34.279039244839517 ], [ 135.448644607719103, 34.278432763628125 ] ] ] } },
{ "type": "Feature", "properties": { "CITY_NAME": "紀の川市", "S_NAME": "大字王子", "JINKO": 150, "medical_area": "30_那賀医療圏", "町丁目名": "紀の川市大字王子" }, "geometry": { "type": "Polygon", "coordinates": [ [ [ 135.426513987542961, 34.275597425434995 ], [ 135.426557654768033, 34.274895816276363 ], [ 135.427026397282731, 34.274174215353383 ], [ 135.426861242802005, 34.273831130948409 ], [ 135.426900035022811, 34.2728595908942 ], [ 135.427368977564441, 34.272744153388793 ], [ 135.427516798863081, 34.27247747190804 ], [ 135.427198266214646, 34.272263835551136 ], [ 135.426204097318504, 34.272250317214834 ], [ 135.425886133487012, 34.271011568653847 ], [ 135.423416759534376, 34.270609218014982 ], [ 135.423390766290964, 34.271719433614599 ], [ 135.42319481188963, 34.272546969439396 ], [ 135.423017517932919, 34.272667284272451 ], [ 135.423469757456189, 34.274209259479129 ], [ 135.423746278853628, 34.27443693667221 ], [ 135.424046490308825, 34.274307758807012 ], [ 135.424466579899786, 34.275230878495769 ], [ 135.424225070848024, 34.275323846933162 ], [ 135.424432996860702, 34.275608111002043 ], [ 135.424701449411856, 34.275533158918343 ], [ 135.424810174602442, 34.275882603238237 ], [ 135.426513987542961, 34.275597425434995 ] ] ] } },
{ "type": "Feature", "properties": { "CITY_NAME": "紀の川市", "S_NAME": "大字王子", "JINKO": 145, "medical_area": "30_那賀医療圏", "町丁目名": "紀の川市大字王子" }, "geometry": { "type": "Polygon", "coordinates": [ [ [ 135.429978600590744, 34.275611028857952 ], [ 135.430180187120669, 34.274416965873122 ], [ 135.429636874464848, 34.271572533970243 ], [ 135.425886133487012, 34.271011568653847 ], [ 135.426204097318504, 34.272250317214834 ], [ 135.427198266214646, 34.272263835551136 ], [ 135.427516798863081, 34.27247747190804 ], [ 135.427368977564441, 34.272744153388793 ], [ 135.426900035022811, 34.2728595908942 ], [ 135.426861242802005, 34.273831130948409 ], [ 135.427026397282731, 34.274174215353383 ], [ 135.426557654768033, 34.274895816276363 ], [ 135.426513987542961, 34.275597425434995 ], [ 135.429207704246608, 34.275477846198747 ], [ 135.429640137449979, 34.275958672229514 ], [ 135.429978600590744, 34.275611028857952 ] ] ] } },
{ "type": "Feature", "properties": { "CITY_NAME": "紀の川市", "S_NAME": "大字藤崎", "JINKO": 367, "medical_area": "30_那賀医療圏", "町丁目名": "紀の川市大字藤崎" }, "geometry": { "type": "Polygon", "coordinates": [ [ [ 135.429531282416434, 34.27016010472142 ], [ 135.427864865609791, 34.268188213552641 ], [ 135.426426563058129, 34.268901480862738 ], [ 135.424166735144297, 34.269341959156357 ], [ 135.423080467626278, 34.269781719521099 ], [ 135.423416759534376, 34.270609218014982 ], [ 135.429636874464848, 34.271572533970243 ], [ 135.429531282416434, 34.27016010472142 ] ] ] } },
{ "type": "Feature", "properties": { "CITY_NAME": "紀の川市", "S_NAME": "大字藤崎", "JINKO": 329, "medical_area": "30_那賀医療圏", "町丁目名": "紀の川市大字藤崎" }, "geometry": { "type": "Polygon", "coordinates": [ [ [ 135.426960070986837, 34.266751219420492 ], [ 135.425930638173611, 34.264060894713708 ], [ 135.421366362839819, 34.264318394798593 ], [ 135.421476549022685, 34.266226971490525 ], [ 135.422186417669053, 34.267082004809225 ], [ 135.422562249131744, 34.267279438633011 ], [ 135.42246250435204, 34.267834130206758 ], [ 135.422635535365572, 34.270004170597637 ], [ 135.424166735144297, 34.269341959156357 ], [ 135.426426563058129, 34.268901480862738 ], [ 135.427864865609791, 34.268188213552641 ], [ 135.426960070986837, 34.266751219420492 ] ] ] } },
{ "type": "Feature", "properties": { "CITY_NAME": "紀の川市", "S_NAME": "大字後田", "JINKO": 459, "medical_area": "30_那賀医療圏", "町丁目名": "紀の川市大字後田" }, "geometry": { "type": "Polygon", "coordinates": [ [ [ 135.4316011959842, 34.270229719447983 ], [ 135.431763282895815, 34.269813355287425 ], [ 135.433002891508693, 34.2701005460099 ], [ 135.433598039003584, 34.268159297392607 ], [ 135.433668675156497, 34.267639392801016 ], [ 135.4335309422097, 34.267512961070025 ], [ 135.433693894574759, 34.267212252377774 ], [ 135.433997233645101, 34.267027844346629 ], [ 135.434634014902485, 34.267160941419469 ], [ 135.435668367292237, 34.265984818805826 ], [ 135.434591104959168, 34.265352965655296 ], [ 135.432148891997457, 34.264298562925148 ], [ 135.429716013615092, 34.263661271566185 ], [ 135.429042095992884, 34.26363053132922 ], [ 135.425930638173611, 34.264060894713708 ], [ 135.426960070986837, 34.266751219420492 ], [ 135.428703018313229, 34.269197356204216 ], [ 135.429404395438866, 34.269910315827303 ], [ 135.4316011959842, 34.270229719447983 ] ] ] } },
{ "type": "Feature", "properties": { "CITY_NAME": "紀の川市", "S_NAME": "大字名手西野", "JINKO": 195, "medical_area": "30_那賀医療圏", "町丁目名": "紀の川市大字名手西野" }, "geometry": { "type": "Polygon", "coordinates": [ [ [ 135.432959005656897, 34.27025586352908 ], [ 135.433002891508693, 34.2701005460099 ], [ 135.431763282895815, 34.269813355287425 ], [ 135.4316011959842, 34.270229719447983 ], [ 135.429404395438866, 34.269910315827303 ], [ 135.429750544910632, 34.272366863917568 ], [ 135.433513722680686, 34.272902692110833 ], [ 135.433605606107193, 34.272155802098645 ], [ 135.433156771517048, 34.272095832430956 ], [ 135.433596326900755, 34.270679162186497 ], [ 135.433411041687719, 34.270349235016816 ], [ 135.432959005656897, 34.27025586352908 ] ] ] } },
{ "type": "Feature", "properties": { "CITY_NAME": "紀の川市", "S_NAME": "大字名手西野", "JINKO": 153, "medical_area": "30_那賀医療圏", "町丁目名": "紀の川市大字名手西野" }, "geometry": { "type": "Polygon", "coordinates": [ [ [ 135.434483411245083, 34.273317799215334 ], [ 135.435328432569605, 34.271203019223385 ], [ 135.436311109110051, 34.271249813221168 ], [ 135.436534852392214, 34.271437637030445 ], [ 135.437005629594751, 34.270321302893947 ], [ 135.43316182233292, 34.269572033925144 ], [ 135.432959005656897, 34.27025586352908 ], [ 135.433411041687719, 34.270349235016816 ], [ 135.433596326900755, 34.270679162186497 ], [ 135.433156771517048, 34.272095832430956 ], [ 135.433605606107193, 34.272155802098645 ], [ 135.433513722680686, 34.272902692110833 ], [ 135.434483411245083, 34.273317799215334 ] ] ] } },
{ "type": "Feature", "properties": { "CITY_NAME": "紀の川市", "S_NAME": "大字名手西野", "JINKO": 158, "medical_area": "30_那賀医療圏", "町丁目名": "紀の川市大字名手西野" }, "geometry": { "type": "Polygon", "coordinates": [ [ [ 135.437596719190083, 34.272060658068412 ], [ 135.437936152850085, 34.271442816824113 ], [ 135.438554346061153, 34.271709785372003 ], [ 135.4387874504948, 34.271465461510182 ], [ 135.438963500925695, 34.271547409635531 ], [ 135.439528101313527, 34.270606177595802 ], [ 135.440773059254042, 34.269501273904815 ], [ 135.438434472487813, 34.267650670757995 ], [ 135.435668367292237, 34.265984818805826 ], [ 135.434634014902485, 34.267160941419469 ], [ 135.433997233645101, 34.267027844346629 ], [ 135.433693894574759, 34.267212252377774 ], [ 135.4335309422097, 34.267512961070025 ], [ 135.433668675156497, 34.267639392801016 ], [ 135.433598039003584, 34.268159297392607 ], [ 135.43316182233292, 34.269572033925144 ], [ 135.437005629594751, 34.270321302893947 ], [ 135.436534852392214, 34.271437637030445 ], [ 135.437596719190083, 34.272060658068412 ] ] ] } },
{ "type": "Feature", "properties": { "CITY_NAME": "紀の川市", "S_NAME": "大字北涌", "JINKO": 95, "medical_area": "30_那賀医療圏", "町丁目名": "紀の川市大字北涌" }, "geometry": { "type": "Polygon", "coordinates": [ [ [ 135.440773059254042, 34.269501273904808 ], [ 135.442749271418762, 34.26744124697705 ], [ 135.442258062417665, 34.266806088245694 ], [ 135.442731957991356, 34.266565257269932 ], [ 135.44304262496982, 34.266157598041168 ], [ 135.442653780043457, 34.265959735684753 ], [ 135.442221694126886, 34.265314139684094 ], [ 135.441156002981927, 34.264998084695563 ], [ 135.44061843794691, 34.26593971511857 ], [ 135.438752262940511, 34.267880760869815 ], [ 135.440773059254042, 34.269501273904808 ] ] ] } },
{ "type": "Feature", "properties": { "CITY_NAME": "紀の川市", "S_NAME": "大字北涌", "JINKO": 52, "medical_area": "30_那賀医療圏", "町丁目名": "紀の川市大字北涌" }, "geometry": { "type": "Polygon", "coordinates": [ [ [ 135.441668427708407, 34.270177305661917 ], [ 135.443404206377181, 34.268556659338188 ], [ 135.444002558215772, 34.26773475089302 ], [ 135.444699028592936, 34.267213616138079 ], [ 135.444418296995764, 34.266575059208201 ], [ 135.444437672044188, 34.266162267369921 ], [ 135.444045453847565, 34.266212883294365 ], [ 135.44372402595269, 34.265979551873912 ], [ 135.443326660631158, 34.266297366784023 ], [ 135.44304262496982, 34.266157598041168 ], [ 135.442731957991356, 34.266565257269932 ], [ 135.442258062417665, 34.266806088245694 ], [ 135.442749271418762, 34.26744124697705 ], [ 135.440773059254042, 34.269501273904808 ], [ 135.441668427708407, 34.270177305661917 ] ] ] } },
{ "type": "Feature", "properties": { "CITY_NAME": "紀の川市", "S_NAME": "大字北涌", "JINKO": 163, "medical_area": "30_那賀医療圏", "町丁目名": "紀の川市大字北涌" }, "geometry": { "type": "Polygon", "coordinates": [ [ [ 135.453957553424175, 34.27297443730474 ], [ 135.455610020513745, 34.272137154744769 ], [ 135.454728769697766, 34.272271143889974 ], [ 135.452938883711283, 34.271570524476999 ], [ 135.452840761505314, 34.271663762615297 ], [ 135.452972719394012, 34.271903120757251 ], [ 135.452224696449832, 34.271656783795372 ], [ 135.452493708526248, 34.271342585786812 ], [ 135.452491262279921, 34.27092490519604 ], [ 135.45286108802668, 34.270896693715542 ], [ 135.453114011946894, 34.270286180155452 ], [ 135.45219555655828, 34.269408427414014 ], [ 135.452115232536812, 34.269122393706944 ], [ 135.452356227833633, 34.268579168729808 ], [ 135.452239072000367, 34.268189716764518 ], [ 135.452483378832056, 34.268028109470691 ], [ 135.452127467324345, 34.267847478170346 ], [ 135.450873461562367, 34.267836086165332 ], [ 135.450126867906789, 34.267376755745637 ], [ 135.449124450583923, 34.267581012392839 ], [ 135.449048985311094, 34.26734627289671 ], [ 135.449607337697216, 34.266918440093626 ], [ 135.449863110411798, 34.266466707962678 ], [ 135.44948012705396, 34.266591342316119 ], [ 135.449538988825111, 34.266377068989499 ], [ 135.448233664609774, 34.265226379931853 ], [ 135.448043132863489, 34.265709253214048 ], [ 135.446949044159169, 34.266595146030788 ], [ 135.446533403541281, 34.267746247912015 ], [ 135.445925988349927, 34.267999164992872 ], [ 135.445626248986628, 34.268300384951047 ], [ 135.444760595251665, 34.267612406370304 ], [ 135.444699028592879, 34.267213616138058 ], [ 135.444002558215772, 34.267734750893034 ], [ 135.44340420637721, 34.268556659338188 ], [ 135.441668427708407, 34.270177305661932 ], [ 135.444457673034464, 34.272285559485276 ], [ 135.446814179958977, 34.274940594839514 ], [ 135.44879278430372, 34.277996178371907 ], [ 135.449209932960372, 34.278108492432921 ], [ 135.451428764891944, 34.276816409018011 ], [ 135.451301190935197, 34.275936125960278 ], [ 135.451833715943422, 34.275528868293023 ], [ 135.451817568456448, 34.275216917382636 ], [ 135.452075117356571, 34.274715456863021 ], [ 135.452984287953257, 34.274123793205369 ], [ 135.453950424607456, 34.273140204863545 ], [ 135.453957553424175, 34.27297443730474 ] ] ] } },
{ "type": "Feature", "properties": { "CITY_NAME": "紀の川市", "S_NAME": "大字麻生津中", "JINKO": 66, "medical_area": "30_那賀医療圏", "町丁目名": "紀の川市大字麻生津中" }, "geometry": { "type": "Polygon", "coordinates": [ [ [ 135.444418296995764, 34.266575059208201 ], [ 135.444760595251665, 34.267612406370304 ], [ 135.445626248986599, 34.268300384951047 ], [ 135.445925988349927, 34.267999164992865 ], [ 135.446533403541224, 34.267746247912001 ], [ 135.446949044159169, 34.266595146030788 ], [ 135.448043132863461, 34.265709253214062 ], [ 135.448233664609774, 34.265226379931853 ], [ 135.448503665637958, 34.265542994309463 ], [ 135.448969923922789, 34.265291535931858 ], [ 135.449270229402828, 34.264892125086867 ], [ 135.448865450045389, 34.264775357235266 ], [ 135.448078898349081, 34.264950712830824 ], [ 135.447786917652309, 34.264851353713041 ], [ 135.447963007575822, 34.264215013635855 ], [ 135.447436934710026, 34.263803566412165 ], [ 135.447516287806963, 34.263445843729158 ], [ 135.447355162277688, 34.26335341283081 ], [ 135.446329855497822, 34.265111275139695 ], [ 135.4459011583468, 34.265514176948464 ], [ 135.444817696573551, 34.265946076881427 ], [ 135.444811084569267, 34.266171996359027 ], [ 135.444418296995764, 34.266575059208201 ] ] ] } },
{ "type": "Feature", "properties": { "CITY_NAME": "紀の川市", "S_NAME": "大字麻生津中", "JINKO": 68, "medical_area": "30_那賀医療圏", "町丁目名": "紀の川市大字麻生津中" }, "geometry": { "type": "Polygon", "coordinates": [ [ [ 135.444418296995764, 34.266575059208201 ], [ 135.444926100395094, 34.265857120033751 ], [ 135.445409115381722, 34.265782544652069 ], [ 135.446329855497822, 34.265111275139695 ], [ 135.447746049093354, 34.26284580716716 ], [ 135.447650465883783, 34.26254279653115 ], [ 135.448314320890375, 34.262290120384812 ], [ 135.44834418682737, 34.261642413739786 ], [ 135.448846124974239, 34.261425068014972 ], [ 135.449400080385772, 34.261491514521971 ], [ 135.449755263570523, 34.261339710185581 ], [ 135.449512079560122, 34.260848408640406 ], [ 135.449641254283335, 34.260322720234782 ], [ 135.449416782784226, 34.260104357675331 ], [ 135.449958787389761, 34.259646449172728 ], [ 135.449279388853341, 34.259136141941447 ], [ 135.449650352306861, 34.258526176529436 ], [ 135.449245809202381, 34.258769461861995 ], [ 135.448966430985763, 34.259109237539853 ], [ 135.449077306148467, 34.259420764862 ], [ 135.448773543475482, 34.259564347017786 ], [ 135.4485816575733, 34.259077642183648 ], [ 135.448590102912021, 34.258171923570259 ], [ 135.448178431268474, 34.257543505427449 ], [ 135.448205257271979, 34.257364587287583 ], [ 135.448089232767813, 34.2578372280284 ], [ 135.447579718363926, 34.258438110744351 ], [ 135.447468740301844, 34.258923309479272 ], [ 135.447064650855225, 34.259102774272534 ], [ 135.446968674269215, 34.259647904847505 ], [ 135.44611237812623, 34.260287479976377 ], [ 135.445867262866471, 34.260094649257638 ], [ 135.44535389895529, 34.26010076424155 ], [ 135.445008342396193, 34.259566443519269 ], [ 135.444843804743783, 34.259608375408554 ], [ 135.444284032996904, 34.259254227250807 ], [ 135.44419757567627, 34.258740244645196 ], [ 135.443581101363065, 34.25803846525335 ], [ 135.443237334519665, 34.258015483723092 ], [ 135.44347620980281, 34.258768927008795 ], [ 135.443411310538124, 34.259267287290982 ], [ 135.443266486406657, 34.259432844376342 ], [ 135.442906953142227, 34.259465289563799 ], [ 135.442312933854964, 34.261589325522671 ], [ 135.44188011188848, 34.261838929912621 ], [ 135.441260220345129, 34.261648451393313 ], [ 135.441252781444547, 34.261997909607452 ], [ 135.441699040047382, 34.262831073973935 ], [ 135.441345438332064, 34.262740002073791 ], [ 135.441308150670494, 34.262940144641597 ], [ 135.441502437211113, 34.263450412070419 ], [ 135.441773256238832, 34.263643373414091 ], [ 135.441156002981927, 34.264998084695563 ], [ 135.442221694126886, 34.265314139684094 ], [ 135.442653780043457, 34.265959735684753 ], [ 135.443326660631158, 34.266297366784023 ], [ 135.44372402595269, 34.265979551873912 ], [ 135.444045453847565, 34.266212883294365 ], [ 135.444437672044188, 34.266162267369921 ], [ 135.444418296995764, 34.266575059208201 ] ] ] } },
{ "type": "Feature", "properties": { "CITY_NAME": "紀の川市", "S_NAME": "大字麻生津中", "JINKO": 0, "medical_area": "30_那賀医療圏", "町丁目名": "紀の川市大字麻生津中" }, "geometry": { "type": "Polygon", "coordinates": [ [ [ 135.449650352306861, 34.258526176529436 ], [ 135.449759960431322, 34.257923769213726 ], [ 135.450628757235506, 34.257103329484025 ], [ 135.450954544967146, 34.256348346769094 ], [ 135.452490625099955, 34.255454248217902 ], [ 135.452591892230544, 34.25491870944974 ], [ 135.452955347696587, 34.254585214247541 ], [ 135.453136077577682, 34.253717024131603 ], [ 135.453514567403062, 34.253130598379386 ], [ 135.452734413262789, 34.253127119136671 ], [ 135.451639952174276, 34.253699636117013 ], [ 135.45126637304503, 34.253527518886571 ], [ 135.450209474613928, 34.253454605877991 ], [ 135.450025916918776, 34.253266291131339 ], [ 135.450469390767694, 34.252948514530999 ], [ 135.450479287626479, 34.252614003662394 ], [ 135.451015220487847, 34.252288185993152 ], [ 135.450916127471118, 34.251737943610088 ], [ 135.451045424538478, 34.251589345914383 ], [ 135.450851366964315, 34.251040791669482 ], [ 135.450950456990398, 34.250802607911048 ], [ 135.451391394214966, 34.250872758709193 ], [ 135.452004242682023, 34.250560097643373 ], [ 135.451995862734947, 34.250270158000248 ], [ 135.452230949949268, 34.250026100265416 ], [ 135.452482591240766, 34.249217524213741 ], [ 135.452234438173349, 34.24830642264314 ], [ 135.452445910506981, 34.248145369287592 ], [ 135.453436239067145, 34.248188094635005 ], [ 135.453031593423304, 34.246871447612513 ], [ 135.453403052682035, 34.246574744911335 ], [ 135.45342631093186, 34.246152812484979 ], [ 135.454303070599167, 34.245182895705696 ], [ 135.453257328016406, 34.245411949063524 ], [ 135.452601445159218, 34.244800770254272 ], [ 135.451248793034949, 34.24428198654789 ], [ 135.450378104572621, 34.244127230040107 ], [ 135.449566770426685, 34.243688883667978 ], [ 135.448650680517289, 34.244461382495466 ], [ 135.445820483291698, 34.245411433477628 ], [ 135.445663302395843, 34.246300422337981 ], [ 135.445325617142174, 34.246804874141368 ], [ 135.446720038984836, 34.248219856133971 ], [ 135.447181408029252, 34.248307171242637 ], [ 135.447261303131512, 34.248644198555439 ], [ 135.446908034952571, 34.248510467820331 ], [ 135.44640157942132, 34.249045288712637 ], [ 135.44583888449921, 34.249147113961527 ], [ 135.445366140970805, 34.250010157355753 ], [ 135.444962575631251, 34.250108476603167 ], [ 135.444589231020672, 34.250686436056981 ], [ 135.444111490574954, 34.250752579259952 ], [ 135.443754331373981, 34.251202704586838 ], [ 135.443709067028294, 34.25145605484218 ], [ 135.44428005566931, 34.252042542180909 ], [ 135.444425877688786, 34.252503552618947 ], [ 135.443747979914463, 34.254120120435644 ], [ 135.443862701084896, 34.255017803727981 ], [ 135.443696882563415, 34.255255811695278 ], [ 135.443373343902095, 34.255279830825792 ], [ 135.443954729626995, 34.255857911673807 ], [ 135.443824663293924, 34.256121578501777 ], [ 135.444151042101083, 34.258011203454465 ], [ 135.443407227551006, 34.257939489271834 ], [ 135.44419757567627, 34.258740244645196 ], [ 135.444284032996904, 34.259254227250807 ], [ 135.444843804743783, 34.259608375408554 ], [ 135.445008342396193, 34.259566443519269 ], [ 135.44535389895529, 34.26010076424155 ], [ 135.445867262866471, 34.260094649257638 ], [ 135.44611237812623, 34.260287479976377 ], [ 135.446715266704473, 34.259932285223201 ], [ 135.446968674269215, 34.259647904847505 ], [ 135.447064650855225, 34.259102774272534 ], [ 135.447468740301844, 34.258923309479272 ], [ 135.447579718363926, 34.258438110744351 ], [ 135.448089232767813, 34.2578372280284 ], [ 135.448059998060131, 34.257598471790544 ], [ 135.448205257271979, 34.257364587287583 ], [ 135.448178431268474, 34.257543505427449 ], [ 135.448590102912021, 34.258171923570259 ], [ 135.4485816575733, 34.259077642183648 ], [ 135.448773543475482, 34.259564347017786 ], [ 135.449077306148467, 34.259420764862 ], [ 135.448966430985763, 34.259109237539853 ], [ 135.449245809202381, 34.258769461861995 ], [ 135.449650352306861, 34.258526176529436 ] ] ] } },
{ "type": "Feature", "properties": { "CITY_NAME": "紀の川市", "S_NAME": "大字麻生津中", "JINKO": 0, "medical_area": "30_那賀医療圏", "町丁目名": "紀の川市大字麻生津中" }, "geometry": { "type": "Polygon", "coordinates": [ [ [ 135.466451748310419, 34.25473023638294 ], [ 135.466438911599766, 34.254089238025777 ], [ 135.467066978564674, 34.252907976093873 ], [ 135.466604098699776, 34.252383213394161 ], [ 135.466528463310738, 34.251895204558842 ], [ 135.466305944821528, 34.251658005766437 ], [ 135.465533510380567, 34.251262478711006 ], [ 135.46356724134921, 34.249142459932862 ], [ 135.462565906523196, 34.248569969003121 ], [ 135.461738742329516, 34.247269241092368 ], [ 135.460978692947151, 34.246838657402598 ], [ 135.459770806569907, 34.246860963094775 ], [ 135.45939647805011, 34.246708588682488 ], [ 135.458969942243527, 34.246193953538587 ], [ 135.458082943551062, 34.245747582831008 ], [ 135.45745439797966, 34.245113865651099 ], [ 135.457188438253382, 34.245052401028531 ], [ 135.454745851466782, 34.245049204657839 ], [ 135.454303070599167, 34.245182895705696 ], [ 135.453973367118692, 34.245686439200348 ], [ 135.453591928920815, 34.245940417629058 ], [ 135.45337966120087, 34.246225151308479 ], [ 135.453403052682035, 34.246574744911335 ], [ 135.453031593423304, 34.246871447612513 ], [ 135.453436239067145, 34.248188094635005 ], [ 135.452445910506981, 34.248145369287592 ], [ 135.452234438173349, 34.24830642264314 ], [ 135.452482591240766, 34.249217524213741 ], [ 135.452230949949268, 34.250026100265416 ], [ 135.451995862734947, 34.250270158000248 ], [ 135.452004242682023, 34.250560097643373 ], [ 135.451391394214966, 34.250872758709193 ], [ 135.450950456990398, 34.250802607911048 ], [ 135.450851366964315, 34.251040791669482 ], [ 135.451045424538478, 34.251589345914383 ], [ 135.450916127471118, 34.251737943610088 ], [ 135.451015220487847, 34.252288185993152 ], [ 135.450479287626479, 34.252614003662394 ], [ 135.450469390767694, 34.252948514530999 ], [ 135.450025916918776, 34.253266291131339 ], [ 135.450209474613928, 34.253454605877991 ], [ 135.45126637304503, 34.253527518886571 ], [ 135.451639952174276, 34.253699636117013 ], [ 135.452734413262789, 34.253127119136671 ], [ 135.453417359155168, 34.253078889805742 ], [ 135.453850306833431, 34.254393684091063 ], [ 135.454900448495692, 34.253925192121727 ], [ 135.455263195306344, 34.254186841352912 ], [ 135.456812880871212, 34.254397268348335 ], [ 135.457292613431605, 34.254334031453922 ], [ 135.458114092038187, 34.253854213970911 ], [ 135.458866474730144, 34.253791470963826 ], [ 135.459409013183347, 34.254032491924981 ], [ 135.459922412609274, 34.254017705693428 ], [ 135.460844711451188, 34.254277563012309 ], [ 135.461671608743444, 34.254607147647022 ], [ 135.4619775923573, 34.254924026218632 ], [ 135.464175401306676, 34.253786541826578 ], [ 135.464359303337801, 34.254535765522313 ], [ 135.464621482795792, 34.254880057032999 ], [ 135.465236880585309, 34.254976550134643 ], [ 135.465957205400969, 34.2547111870647 ], [ 135.466451748310419, 34.25473023638294 ] ] ] } },
{ "type": "Feature", "properties": { "CITY_NAME": "紀の川市", "S_NAME": "大字麻生津中", "JINKO": 0, "medical_area": "30_那賀医療圏", "町丁目名": "紀の川市大字麻生津中" }, "geometry": { "type": "Polygon", "coordinates": [ [ [ 135.455022814032418, 34.264025066615801 ], [ 135.45542386297592, 34.263770477238168 ], [ 135.456274579915686, 34.263630999540446 ], [ 135.456442437940325, 34.26336114358427 ], [ 135.45722037416067, 34.263613926684485 ], [ 135.458660180704925, 34.263280818964787 ], [ 135.459667126631018, 34.262680395513335 ], [ 135.459809845349326, 34.262346892380066 ], [ 135.459202889464478, 34.262333508178358 ], [ 135.459770615804729, 34.261983289027469 ], [ 135.460274806875276, 34.262081009953448 ], [ 135.460258121883868, 34.262701587000365 ], [ 135.460651143157719, 34.263202115321597 ], [ 135.461248030280842, 34.26329221015196 ], [ 135.462207411938437, 34.264171748519971 ], [ 135.462206185190666, 34.26334937242445 ], [ 135.461917327539936, 34.26254700804364 ], [ 135.462694293416916, 34.262964269592267 ], [ 135.463460056001878, 34.263126792419968 ], [ 135.464934521404984, 34.262886424245963 ], [ 135.465826111358439, 34.262322331376303 ], [ 135.464643465737737, 34.261305488500554 ], [ 135.465086046750486, 34.260360370139168 ], [ 135.465350983080526, 34.259058931371747 ], [ 135.465188671720512, 34.258406578533069 ], [ 135.465632863524064, 34.257826449238351 ], [ 135.46594519473399, 34.256297291354528 ], [ 135.465653166885261, 34.256345467451659 ], [ 135.464342147749534, 34.257242296792782 ], [ 135.462580880814755, 34.25772257521659 ], [ 135.461368375153029, 34.25828637067842 ], [ 135.459806117979383, 34.257746623224364 ], [ 135.459257687880779, 34.258023402013997 ], [ 135.458637007620496, 34.258753866044671 ], [ 135.458277644338182, 34.258760728757046 ], [ 135.458413546301443, 34.258494671558275 ], [ 135.458351379652271, 34.258169137034734 ], [ 135.457654400143525, 34.257987294086327 ], [ 135.455839803820055, 34.258091374344296 ], [ 135.455553720219569, 34.258244773631844 ], [ 135.455400437347009, 34.258377209283992 ], [ 135.455149913633363, 34.259605848636248 ], [ 135.453887227552826, 34.26032990377044 ], [ 135.454533620971603, 34.261450550532032 ], [ 135.455078028774409, 34.263415790077097 ], [ 135.455022814032418, 34.264025066615801 ] ] ] } },
{ "type": "Feature", "properties": { "CITY_NAME": "紀の川市", "S_NAME": "大字西脇", "JINKO": 118, "medical_area": "30_那賀医療圏", "町丁目名": "紀の川市大字西脇" }, "geometry": { "type": "Polygon", "coordinates": [ [ [ 135.434591104959168, 34.26535296565531 ], [ 135.436143599194793, 34.263321631923731 ], [ 135.436728683518368, 34.262771709003744 ], [ 135.437104164312416, 34.262671878109089 ], [ 135.436453989528303, 34.262087646918509 ], [ 135.436669527170949, 34.261885369633283 ], [ 135.437128050417357, 34.261957360918203 ], [ 135.437175166689684, 34.261773322271992 ], [ 135.436680207485978, 34.261434365835079 ], [ 135.436301325150197, 34.26089282767709 ], [ 135.436569157458393, 34.260874909819606 ], [ 135.437063355113736, 34.261334575883311 ], [ 135.437400148608191, 34.261304438335891 ], [ 135.437554521584445, 34.261095547930815 ], [ 135.43695141641021, 34.26091485150652 ], [ 135.436808266304297, 34.260577528748932 ], [ 135.436938557325277, 34.259965237770146 ], [ 135.437371595969097, 34.25926856024499 ], [ 135.437297365072567, 34.258925216948214 ], [ 135.436891957738084, 34.258923343858697 ], [ 135.436353349648073, 34.259397250697155 ], [ 135.435641098252773, 34.259521010486722 ], [ 135.436378329228688, 34.258517679545385 ], [ 135.436500104950596, 34.257457548024746 ], [ 135.435526227577725, 34.256671677609809 ], [ 135.435390947770145, 34.255734175281034 ], [ 135.435493105820854, 34.255328260216722 ], [ 135.435276305632385, 34.254876074031372 ], [ 135.435607985260475, 34.254400226679671 ], [ 135.435334705713274, 34.2538193127765 ], [ 135.435063980226687, 34.254389256210693 ], [ 135.433347706093571, 34.255052533789836 ], [ 135.432602676146871, 34.255164172383594 ], [ 135.431638949027416, 34.254893475057628 ], [ 135.431528416318628, 34.255633621829929 ], [ 135.431155270550903, 34.255855299593364 ], [ 135.431151820382325, 34.256368730415517 ], [ 135.430198421978616, 34.257705747966348 ], [ 135.429715391744821, 34.258798719120605 ], [ 135.428352283102555, 34.260206372577343 ], [ 135.428753828558285, 34.261122447454838 ], [ 135.428729535467909, 34.262049515406432 ], [ 135.429042095992884, 34.26363053132922 ], [ 135.431324093671833, 34.264040900901286 ], [ 135.434591104959168, 34.26535296565531 ] ] ] } },
{ "type": "Feature", "properties": { "CITY_NAME": "紀の川市", "S_NAME": "大字西脇", "JINKO": 279, "medical_area": "30_那賀医療圏", "町丁目名": "紀の川市大字西脇" }, "geometry": { "type": "Polygon", "coordinates": [ [ [ 135.441303693992666, 34.262837854402989 ], [ 135.441699040047382, 34.262831073973949 ], [ 135.441252781444547, 34.261997909607473 ], [ 135.441260220345129, 34.261648451393313 ], [ 135.44188011188848, 34.261838929912621 ], [ 135.442266213543064, 34.261670108876395 ], [ 135.442340163804403, 34.261350827845035 ], [ 135.441629276281077, 34.260951180931151 ], [ 135.441175916165861, 34.260424808696612 ], [ 135.440862282756285, 34.26050013956722 ], [ 135.440765864155736, 34.259943428541497 ], [ 135.440376353317845, 34.259852191507484 ], [ 135.44016811969064, 34.259510205266039 ], [ 135.440746929382499, 34.25892476054014 ], [ 135.440669829884712, 34.258551401095509 ], [ 135.441322230940159, 34.257693438410747 ], [ 135.440366460598682, 34.257851046024847 ], [ 135.440814758226537, 34.257593070086401 ], [ 135.441299016246234, 34.256936897005978 ], [ 135.441285421602942, 34.256663982050007 ], [ 135.441056101921106, 34.256407123098846 ], [ 135.441291184235013, 34.255790234276546 ], [ 135.440930133537819, 34.255662787714719 ], [ 135.441800395174056, 34.254846387216794 ], [ 135.441947600793412, 34.25431854158451 ], [ 135.441686753106922, 34.254180991951074 ], [ 135.440893117776142, 34.254658967550476 ], [ 135.440061113706008, 34.254736146344946 ], [ 135.439260847150024, 34.255054200147086 ], [ 135.438672296766555, 34.255563106232614 ], [ 135.438597641030157, 34.255213140830826 ], [ 135.438944331075817, 34.254792711209276 ], [ 135.438676003715955, 34.254229010752319 ], [ 135.438168203263274, 34.254565447651537 ], [ 135.437850815700358, 34.254436081607764 ], [ 135.437490764089034, 34.254549647143577 ], [ 135.437313044595015, 34.254258931804145 ], [ 135.437107857920012, 34.254240940576892 ], [ 135.436477994908557, 34.254787818619462 ], [ 135.436145892956262, 34.255327618773499 ], [ 135.436012957827785, 34.256407418756453 ], [ 135.436506345464664, 34.257667180320091 ], [ 135.436300680258881, 34.258688750522708 ], [ 135.435641098252773, 34.259521010486701 ], [ 135.436353349648073, 34.259397250697141 ], [ 135.436891957738084, 34.258923343858697 ], [ 135.437297365072567, 34.258925216948214 ], [ 135.437371595969125, 34.259268560245019 ], [ 135.436938557325277, 34.259965237770146 ], [ 135.436808266304297, 34.260577528748932 ], [ 135.436951416410238, 34.26091485150652 ], [ 135.437554521584445, 34.261095547930815 ], [ 135.437400148608191, 34.261304438335891 ], [ 135.437063355113736, 34.261334575883346 ], [ 135.436569157458393, 34.260874909819606 ], [ 135.436301325150197, 34.26089282767709 ], [ 135.436680207485978, 34.261434365835079 ], [ 135.437175166689684, 34.261773322271992 ], [ 135.437128050417357, 34.261957360918203 ], [ 135.436669527170949, 34.261885369633283 ], [ 135.436453989528303, 34.26208764691853 ], [ 135.437104164312416, 34.262671878109089 ], [ 135.436728683518368, 34.262771709003744 ], [ 135.436143599194793, 34.263321631923723 ], [ 135.434591104959168, 34.265352965655296 ], [ 135.438752262940511, 34.267880760869815 ], [ 135.44061843794691, 34.26593971511857 ], [ 135.441296285234955, 34.2647386861453 ], [ 135.441773256238832, 34.263643373414091 ], [ 135.441502437211113, 34.263450412070419 ], [ 135.441303693992666, 34.262837854402989 ] ] ] } },
{ "type": "Feature", "properties": { "CITY_NAME": "紀の川市", "S_NAME": "大字西脇", "JINKO": 0, "medical_area": "30_那賀医療圏", "町丁目名": "紀の川市大字西脇" }, "geometry": { "type": "Polygon", "coordinates": [ [ [ 135.443407227551006, 34.257939489271834 ], [ 135.444151042101083, 34.258011203454465 ], [ 135.443824663293924, 34.256121578501777 ], [ 135.443954729626995, 34.255857911673807 ], [ 135.443373343902095, 34.255279830825792 ], [ 135.443696882563415, 34.255255811695278 ], [ 135.443862701084896, 34.255017803727981 ], [ 135.443747979914463, 34.254120120435644 ], [ 135.444425877688786, 34.252503552618947 ], [ 135.44428005566931, 34.252042542180909 ], [ 135.443709067028294, 34.25145605484218 ], [ 135.443754331373981, 34.251202704586838 ], [ 135.444111490574954, 34.250752579259952 ], [ 135.444589231020672, 34.250686436056981 ], [ 135.444962575631251, 34.250108476603167 ], [ 135.445366140970805, 34.250010157355753 ], [ 135.44583888449921, 34.249147113961527 ], [ 135.44640157942132, 34.249045288712637 ], [ 135.446908034952571, 34.248510467820331 ], [ 135.447261303131512, 34.248644198555439 ], [ 135.447181408029252, 34.248307171242637 ], [ 135.446720038984836, 34.248219856133971 ], [ 135.445325617142174, 34.246804874141368 ], [ 135.445663302395843, 34.246300422337981 ], [ 135.44473691096195, 34.245866429977461 ], [ 135.444238835796881, 34.24520561863222 ], [ 135.443169307733939, 34.244449221440362 ], [ 135.44264802835292, 34.244557280553948 ], [ 135.440984307220504, 34.244408945275595 ], [ 135.439552058519581, 34.244500558626591 ], [ 135.43846795683001, 34.244125946786653 ], [ 135.437956670606667, 34.243636062832181 ], [ 135.43731321457156, 34.243904543721108 ], [ 135.436740221005579, 34.2435952417162 ], [ 135.435928548728128, 34.243671927061918 ], [ 135.435464496113639, 34.243363123316911 ], [ 135.433664317473756, 34.243610177173501 ], [ 135.432733433449215, 34.24344584060912 ], [ 135.43245309359736, 34.243553003831721 ], [ 135.431722503337085, 34.245015008947625 ], [ 135.431307277722027, 34.245314952173864 ], [ 135.431105389225223, 34.245773234090059 ], [ 135.431252705839171, 34.246724337737632 ], [ 135.431120588287342, 34.24735043312598 ], [ 135.431887613889785, 34.248824912474227 ], [ 135.431990385150556, 34.249471819878615 ], [ 135.431908208259614, 34.25051637671389 ], [ 135.431597865171284, 34.251019373529772 ], [ 135.431545105823091, 34.251498351860093 ], [ 135.430929979239238, 34.252148826921662 ], [ 135.430778367123906, 34.252582127966463 ], [ 135.431463793895688, 34.253357957120308 ], [ 135.431344965821779, 34.254152579433701 ], [ 135.431638949027416, 34.254893475057628 ], [ 135.432602676146871, 34.255164172383594 ], [ 135.433347706093571, 34.255052533789836 ], [ 135.435063980226687, 34.254389256210693 ], [ 135.435334705713274, 34.2538193127765 ], [ 135.435607985260475, 34.254400226679671 ], [ 135.435276305632385, 34.254876074031372 ], [ 135.435493105820854, 34.255328260216722 ], [ 135.435390947770145, 34.255734175281034 ], [ 135.435526227577725, 34.256671677609809 ], [ 135.436363793141339, 34.257247314278082 ], [ 135.436012957827785, 34.256407418756453 ], [ 135.43614589295629, 34.255327618773499 ], [ 135.436477994908557, 34.254787818619462 ], [ 135.437107857919983, 34.254240940576892 ], [ 135.437313044595015, 34.254258931804145 ], [ 135.437490764089034, 34.25454964714357 ], [ 135.437850815700358, 34.254436081607764 ], [ 135.438168203263274, 34.254565447651537 ], [ 135.438676003715955, 34.254229010752333 ], [ 135.438944331075817, 34.254792711209276 ], [ 135.438597641030157, 34.255213140830826 ], [ 135.438672296766555, 34.255563106232636 ], [ 135.439461609948637, 34.254965675204197 ], [ 135.44043139694989, 34.254626986738941 ], [ 135.440893117776142, 34.25465896755049 ], [ 135.441686753106922, 34.254180991951074 ], [ 135.441896931370707, 34.254220268798534 ], [ 135.441800395174056, 34.254846387216816 ], [ 135.440930133537819, 34.255662787714719 ], [ 135.441291184234984, 34.255790234276546 ], [ 135.441056101921106, 34.256407123098846 ], [ 135.441285421602913, 34.256663982050007 ], [ 135.441299016246234, 34.256936897005978 ], [ 135.440814758226537, 34.257593070086401 ], [ 135.440366460598682, 34.257851046024847 ], [ 135.441322230940159, 34.257693438410747 ], [ 135.440669829884712, 34.258551401095509 ], [ 135.440746929382499, 34.25892476054014 ], [ 135.440162367246387, 34.259603993594133 ], [ 135.440376353317845, 34.259852191507498 ], [ 135.440765864155736, 34.259943428541497 ], [ 135.440862282756314, 34.26050013956722 ], [ 135.441175916165861, 34.260424808696612 ], [ 135.441629276281077, 34.260951180931151 ], [ 135.442340163804403, 34.261350827845035 ], [ 135.442906953142227, 34.259465289563799 ], [ 135.443266486406657, 34.259432844376342 ], [ 135.443411310538124, 34.259267287290982 ], [ 135.44347620980281, 34.258768927008795 ], [ 135.443226286902046, 34.258134744617031 ], [ 135.443407227551006, 34.257939489271834 ] ] ] } },
{ "type": "Feature", "properties": { "CITY_NAME": "紀の川市", "S_NAME": "大字横谷", "JINKO": 0, "medical_area": "30_那賀医療圏", "町丁目名": "紀の川市大字横谷" }, "geometry": { "type": "Polygon", "coordinates": [ [ [ 135.46267060696718, 34.269302816982766 ], [ 135.463224925345799, 34.268302283691042 ], [ 135.463868001815626, 34.26811408200647 ], [ 135.464756629242999, 34.267394053546404 ], [ 135.465761201262126, 34.267008795910108 ], [ 135.465897692982537, 34.26552128352197 ], [ 135.466504958820281, 34.26476226102492 ], [ 135.466298942989795, 34.26333115420379 ], [ 135.465968693618606, 34.262949381561597 ], [ 135.465826111358439, 34.262322331376303 ], [ 135.464934521404984, 34.262886424245963 ], [ 135.463460056001878, 34.263126792419968 ], [ 135.462694293416916, 34.262964269592267 ], [ 135.461917327539936, 34.26254700804364 ], [ 135.462206185190666, 34.26334937242445 ], [ 135.462207411938437, 34.264171748519971 ], [ 135.461248030280842, 34.26329221015196 ], [ 135.460651143157719, 34.263202115321597 ], [ 135.460258121883868, 34.262701587000365 ], [ 135.460274806875276, 34.262081009953448 ], [ 135.459770615804729, 34.261983289027469 ], [ 135.459202889464478, 34.262333508178358 ], [ 135.459809845349326, 34.262346892380066 ], [ 135.459667126631018, 34.262680395513335 ], [ 135.458660180704925, 34.263280818964787 ], [ 135.45722037416067, 34.263613926684485 ], [ 135.456442437940325, 34.26336114358427 ], [ 135.456274579915686, 34.263630999540446 ], [ 135.45542386297592, 34.263770477238168 ], [ 135.455130968979859, 34.263965821333485 ], [ 135.456113704102393, 34.267237130388416 ], [ 135.455402248604031, 34.267707133563952 ], [ 135.454657065106943, 34.267831722769174 ], [ 135.453241528054491, 34.268812029826172 ], [ 135.452548626441228, 34.268791889982879 ], [ 135.4521285639307, 34.26904793624508 ], [ 135.45219555655828, 34.269408427413993 ], [ 135.453114011946894, 34.270286180155452 ], [ 135.452861088026651, 34.270896693715521 ], [ 135.452491262279921, 34.27092490519604 ], [ 135.452493708526248, 34.271342585786812 ], [ 135.452224696449832, 34.271656783795365 ], [ 135.45297271939404, 34.271903120757258 ], [ 135.452840761505314, 34.271663762615297 ], [ 135.452938883711283, 34.271570524477013 ], [ 135.453127713698962, 34.271746042067214 ], [ 135.454882767116658, 34.272276055093684 ], [ 135.455489619642663, 34.272112531039006 ], [ 135.45635086977245, 34.272293846984908 ], [ 135.457231499473494, 34.271890506683008 ], [ 135.459348953154148, 34.271749282635085 ], [ 135.460514410056248, 34.271321676625917 ], [ 135.460867617777438, 34.270493810277728 ], [ 135.461541222068206, 34.27027053896056 ], [ 135.462093782979991, 34.269551591788179 ], [ 135.46267060696718, 34.269302816982766 ] ] ] } },
{ "type": "Feature", "properties": { "CITY_NAME": "紀の川市", "S_NAME": "大字横谷", "JINKO": 58, "medical_area": "30_那賀医療圏", "町丁目名": "紀の川市大字横谷" }, "geometry": { "type": "Polygon", "coordinates": [ [ [ 135.4521285639307, 34.26904793624508 ], [ 135.452548626441228, 34.268791889982879 ], [ 135.453241528054491, 34.268812029826172 ], [ 135.454657065106943, 34.267831722769174 ], [ 135.455402248604031, 34.267707133563952 ], [ 135.456113704102393, 34.267237130388416 ], [ 135.455130968979859, 34.263965821333485 ], [ 135.455022814032418, 34.264025066615801 ], [ 135.455078028774409, 34.263415790077097 ], [ 135.454332921342768, 34.263536008664474 ], [ 135.454213386904513, 34.263358690032966 ], [ 135.454549971862463, 34.262904069924929 ], [ 135.453608060841674, 34.263296262480758 ], [ 135.452206757802514, 34.26327718013448 ], [ 135.452022950111143, 34.263122955088789 ], [ 135.452144930936527, 34.262912485561202 ], [ 135.451864094958694, 34.26267682831994 ], [ 135.451145749642023, 34.262626700256931 ], [ 135.451022956482831, 34.263363579551829 ], [ 135.451283963716406, 34.263484062855078 ], [ 135.451314773980528, 34.263882708901377 ], [ 135.451060385179005, 34.264320645496774 ], [ 135.451323117400875, 34.264575380906635 ], [ 135.450661507448075, 34.265279980226509 ], [ 135.450307053719115, 34.265316704614435 ], [ 135.449987831561089, 34.264667431065554 ], [ 135.448504730904318, 34.26458821343433 ], [ 135.44819448998561, 34.264936443027203 ], [ 135.448865450045389, 34.264775357235266 ], [ 135.449270229402828, 34.264892125086867 ], [ 135.448969923922789, 34.265291535931858 ], [ 135.448503665637958, 34.265542994309463 ], [ 135.449538988825111, 34.266377068989499 ], [ 135.44948012705396, 34.266591342316119 ], [ 135.449863110411826, 34.266466707962685 ], [ 135.449012091612786, 34.267495283346705 ], [ 135.449283376338229, 34.267615817170764 ], [ 135.450126867906789, 34.267376755745651 ], [ 135.451224502776228, 34.267929363530392 ], [ 135.4523467661881, 34.267913539300253 ], [ 135.452503592361921, 34.268077361761421 ], [ 135.452239072000395, 34.268189716764518 ], [ 135.452356227833633, 34.268579168729808 ], [ 135.4521285639307, 34.26904793624508 ] ] ] } },
{ "type": "Feature", "properties": { "CITY_NAME": "紀の川市", "S_NAME": "大字横谷", "JINKO": 70, "medical_area": "30_那賀医療圏", "町丁目名": "紀の川市大字横谷" }, "geometry": { "type": "Polygon", "coordinates": [ [ [ 135.44819448998561, 34.264936443027203 ], [ 135.448504730904318, 34.26458821343433 ], [ 135.449987831561089, 34.264667431065554 ], [ 135.450307053719115, 34.265316704614435 ], [ 135.450661507448075, 34.265279980226509 ], [ 135.451323117400875, 34.264575380906635 ], [ 135.451060385179005, 34.264320645496774 ], [ 135.451314773980528, 34.263882708901377 ], [ 135.451283963716406, 34.263484062855078 ], [ 135.451022956482831, 34.263363579551829 ], [ 135.451145749642023, 34.262626700256931 ], [ 135.451864094958694, 34.26267682831994 ], [ 135.452144930936527, 34.262912485561202 ], [ 135.452022950111143, 34.263122955088789 ], [ 135.452206757802514, 34.26327718013448 ], [ 135.453608060841674, 34.263296262480758 ], [ 135.454549971862463, 34.262904069924929 ], [ 135.454203941088167, 34.263230742413128 ], [ 135.454261384520038, 34.263480330301341 ], [ 135.455021478916365, 34.263424130516661 ], [ 135.454533620971603, 34.261450550532032 ], [ 135.453887227552826, 34.26032990377044 ], [ 135.453053190125075, 34.260301106068745 ], [ 135.451300505519242, 34.259739805754641 ], [ 135.450521409592312, 34.259167218815158 ], [ 135.450159607264396, 34.259549309540006 ], [ 135.449782152955748, 34.259180943207099 ], [ 135.449650352306861, 34.258526176529436 ], [ 135.44946220338241, 34.258651122761911 ], [ 135.449279388853341, 34.259136141941447 ], [ 135.449958787389761, 34.259646449172728 ], [ 135.449416782784226, 34.260104357675331 ], [ 135.449641254283335, 34.260322720234782 ], [ 135.449512079560122, 34.260848408640406 ], [ 135.449755263570523, 34.261339710185581 ], [ 135.449400080385772, 34.261491514521971 ], [ 135.448846124974239, 34.261425068014972 ], [ 135.44834418682737, 34.261642413739786 ], [ 135.448314320890375, 34.262290120384812 ], [ 135.447650465883783, 34.26254279653115 ], [ 135.447746049093354, 34.26284580716716 ], [ 135.447355162277688, 34.26335341283081 ], [ 135.447516287806963, 34.263445843729158 ], [ 135.447436934710026, 34.263803566412165 ], [ 135.447963007575822, 34.264215013635855 ], [ 135.447786917652309, 34.264851353713041 ], [ 135.44819448998561, 34.264936443027203 ] ] ] } },
{ "type": "Feature", "properties": { "CITY_NAME": "紀の川市", "S_NAME": "大字赤沼田", "JINKO": 21, "medical_area": "30_那賀医療圏", "町丁目名": "紀の川市大字赤沼田" }, "geometry": { "type": "Polygon", "coordinates": [ [ [ 135.453887227552826, 34.26032990377044 ], [ 135.455149913633363, 34.259605848636248 ], [ 135.455400437347009, 34.258377209283992 ], [ 135.455034635659075, 34.258185836570668 ], [ 135.454806304272523, 34.257775747754735 ], [ 135.455293762380734, 34.257404905165281 ], [ 135.455556836179341, 34.25680725605698 ], [ 135.456102347791898, 34.256587956826472 ], [ 135.456489829819503, 34.256197647600452 ], [ 135.456272090866662, 34.255736333167185 ], [ 135.456385796742268, 34.255617524525071 ], [ 135.456026856970851, 34.255560430802205 ], [ 135.455869763007854, 34.256041493192825 ], [ 135.455303810855128, 34.256247741199594 ], [ 135.454993050927442, 34.256676843681021 ], [ 135.454716462686889, 34.256581796755547 ], [ 135.454678021590041, 34.256176778966925 ], [ 135.455182873674573, 34.255494982675756 ], [ 135.455144239382975, 34.255119687081347 ], [ 135.456507986426971, 34.254575943154215 ], [ 135.455263195306344, 34.254186841352912 ], [ 135.454900448495692, 34.253925192121727 ], [ 135.453850306833431, 34.254393684091063 ], [ 135.453674597051048, 34.254177518350836 ], [ 135.453514567403062, 34.253130598379386 ], [ 135.453136077577682, 34.253717024131603 ], [ 135.452955347696587, 34.254585214247541 ], [ 135.452591892230544, 34.25491870944974 ], [ 135.452490625099955, 34.255454248217902 ], [ 135.450954544967146, 34.256348346769094 ], [ 135.450628757235506, 34.257103329484025 ], [ 135.449759960431322, 34.257923769213726 ], [ 135.449650352306861, 34.258526176529436 ], [ 135.449782152955748, 34.259180943207099 ], [ 135.450159607264396, 34.259549309540006 ], [ 135.450521409592312, 34.259167218815158 ], [ 135.451300505519242, 34.259739805754641 ], [ 135.453053190125075, 34.260301106068745 ], [ 135.453887227552826, 34.26032990377044 ] ] ] } },
{ "type": "Feature", "properties": { "CITY_NAME": "紀の川市", "S_NAME": "大字赤沼田", "JINKO": 38, "medical_area": "30_那賀医療圏", "町丁目名": "紀の川市大字赤沼田" }, "geometry": { "type": "Polygon", "coordinates": [ [ [ 135.46594519473399, 34.256297291354528 ], [ 135.466311507233883, 34.255574122888284 ], [ 135.466451748310419, 34.25473023638294 ], [ 135.465957205400969, 34.2547111870647 ], [ 135.465236880585309, 34.254976550134643 ], [ 135.464621482795792, 34.254880057032999 ], [ 135.464359303337801, 34.254535765522313 ], [ 135.464175401306676, 34.253786541826578 ], [ 135.4619775923573, 34.254924026218632 ], [ 135.461671608743444, 34.254607147647022 ], [ 135.460844711451188, 34.254277563012309 ], [ 135.458622704099895, 34.253784055836967 ], [ 135.45780534980085, 34.253972162295696 ], [ 135.457292613431605, 34.254334031453922 ], [ 135.455792192913378, 34.254310194222612 ], [ 135.456293213386829, 34.254451452201359 ], [ 135.456497065165308, 34.254678163126293 ], [ 135.456091421457813, 34.254702001378732 ], [ 135.455144239382975, 34.255119687081347 ], [ 135.455182873674573, 34.255494982675756 ], [ 135.454636006387773, 34.256325768261419 ], [ 135.454716462686889, 34.256581796755547 ], [ 135.454993050927442, 34.256676843681021 ], [ 135.455303810855128, 34.256247741199594 ], [ 135.455869763007854, 34.256041493192825 ], [ 135.456026856970851, 34.255560430802205 ], [ 135.456385796742268, 34.255617524525071 ], [ 135.456272090866662, 34.255736333167185 ], [ 135.456489829819503, 34.256197647600452 ], [ 135.456102347791898, 34.256587956826472 ], [ 135.455556836179341, 34.25680725605698 ], [ 135.455293762380734, 34.257404905165281 ], [ 135.454806304272523, 34.257775747754735 ], [ 135.455034635659075, 34.258185836570668 ], [ 135.455400437347009, 34.258377209283992 ], [ 135.455839803820055, 34.258091374344296 ], [ 135.457738286964798, 34.258001188618991 ], [ 135.458388299374889, 34.258205503361602 ], [ 135.458277644338182, 34.258760728757046 ], [ 135.458637007620496, 34.258753866044671 ], [ 135.459257687880779, 34.258023402013997 ], [ 135.459806117979383, 34.257746623224364 ], [ 135.461111893126912, 34.258259609587569 ], [ 135.461502016210545, 34.258261318225095 ], [ 135.462580880814755, 34.25772257521659 ], [ 135.464342147749534, 34.257242296792782 ], [ 135.465653166885261, 34.256345467451659 ], [ 135.46594519473399, 34.256297291354528 ] ] ] } },
{ "type": "Feature", "properties": { "CITY_NAME": "紀の川市", "S_NAME": "大字市場", "JINKO": 1031, "medical_area": "30_那賀医療圏", "町丁目名": "紀の川市大字市場" }, "geometry": { "type": "Polygon", "coordinates": [ [ [ 135.334274297552582, 34.247902960124065 ], [ 135.335950615552946, 34.245701982346972 ], [ 135.336914557824969, 34.245979921093166 ], [ 135.338401263003334, 34.245915973685861 ], [ 135.347281214962351, 34.244898208327399 ], [ 135.347855244870829, 34.244754060733243 ], [ 135.348734048098919, 34.243931703289505 ], [ 135.35005009729818, 34.24329577549198 ], [ 135.350818268821456, 34.241111188554072 ], [ 135.350415279996071, 34.240675319106693 ], [ 135.350668939984672, 34.240714980414388 ], [ 135.35043357132011, 34.238581275272203 ], [ 135.350223618220298, 34.238566216122472 ], [ 135.350312870084736, 34.238102389249896 ], [ 135.350759382669054, 34.2376813078616 ], [ 135.350689782014484, 34.236930394874165 ], [ 135.349425968203747, 34.236940169441347 ], [ 135.348523911597283, 34.237184992124924 ], [ 135.348416257520512, 34.237371491890769 ], [ 135.347723168547503, 34.236926040958103 ], [ 135.346008243214641, 34.236639110103788 ], [ 135.345918725580191, 34.236139818534689 ], [ 135.344098214782605, 34.235506751063959 ], [ 135.344355559035904, 34.236536182282322 ], [ 135.343919091524128, 34.236610057263164 ], [ 135.344317130240341, 34.236822783656827 ], [ 135.343514913511342, 34.23851481914776 ], [ 135.344273050511418, 34.239078403537484 ], [ 135.342685473897177, 34.240022025552996 ], [ 135.340014513231438, 34.240926551782643 ], [ 135.340314162210603, 34.241147496206167 ], [ 135.340039665958244, 34.24138295718155 ], [ 135.339678330396566, 34.242585569187874 ], [ 135.339686028345398, 34.243148376848467 ], [ 135.337990990972713, 34.243353632679792 ], [ 135.337242569063989, 34.243115184443269 ], [ 135.335840092648397, 34.242205759963127 ], [ 135.337253964112534, 34.241615852983337 ], [ 135.335639068493379, 34.240765709205448 ], [ 135.334611044264648, 34.242785385279667 ], [ 135.333306804274997, 34.244614514318599 ], [ 135.332992385995226, 34.244477152863844 ], [ 135.332762704847198, 34.244693685383609 ], [ 135.331664949006523, 34.247382510649068 ], [ 135.333051821591596, 34.247433577786623 ], [ 135.334274297552582, 34.247902960124065 ] ] ] } },
{ "type": "Feature", "properties": { "CITY_NAME": "紀の川市", "S_NAME": "大字元", "JINKO": 0, "medical_area": "30_那賀医療圏", "町丁目名": "紀の川市大字元" }, "geometry": { "type": "Polygon", "coordinates": [ [ [ 135.364857514607849, 34.247629889170412 ], [ 135.364852605180403, 34.247311081081556 ], [ 135.363916999143839, 34.247093100969074 ], [ 135.363637243833836, 34.246247995494194 ], [ 135.363138010344073, 34.245812940518704 ], [ 135.362937577665832, 34.246147868614422 ], [ 135.362263181957815, 34.2456645688451 ], [ 135.36172323835396, 34.245061381966629 ], [ 135.361513950908574, 34.244560494023808 ], [ 135.36076867529556, 34.245900912183487 ], [ 135.361095201851128, 34.246449602942683 ], [ 135.362743501532293, 34.246748505655489 ], [ 135.364205897960119, 34.247573125097787 ], [ 135.364857514607849, 34.247629889170412 ] ] ] } },
{ "type": "Feature", "properties": { "CITY_NAME": "紀の川市", "S_NAME": "大字元", "JINKO": 865, "medical_area": "30_那賀医療圏", "町丁目名": "紀の川市大字元" }, "geometry": { "type": "Polygon", "coordinates": [ [ [ 135.349933052146895, 34.244302640025893 ], [ 135.349922137837581, 34.243956329279094 ], [ 135.351829064192032, 34.244263950755816 ], [ 135.353940113858044, 34.243886593840486 ], [ 135.356219546210752, 34.243162283077076 ], [ 135.357063119873317, 34.242330946231526 ], [ 135.357451831745891, 34.242574575464602 ], [ 135.35742045948146, 34.242232101375706 ], [ 135.356474690193124, 34.240755769878149 ], [ 135.356708915098011, 34.240629937679437 ], [ 135.357026526279725, 34.240087714735829 ], [ 135.357004663478875, 34.239369314421076 ], [ 135.35653237640517, 34.239060305136782 ], [ 135.356440427631242, 34.23877738177201 ], [ 135.356859100138308, 34.23758417632795 ], [ 135.35800488248708, 34.236083181099978 ], [ 135.358437827994351, 34.234910609328665 ], [ 135.358923080999659, 34.234635499224076 ], [ 135.358829986168473, 34.233960253205439 ], [ 135.359981091322567, 34.232547590670848 ], [ 135.359614796226651, 34.232647383118234 ], [ 135.358705359778952, 34.233473746759621 ], [ 135.358341122430318, 34.233939943420097 ], [ 135.357715068496475, 34.235600878469249 ], [ 135.357448364732079, 34.235644698140057 ], [ 135.357173534300841, 34.236116855224566 ], [ 135.356694112720135, 34.23649341353147 ], [ 135.356794139338035, 34.235297968146355 ], [ 135.35773475428357, 34.233406114878704 ], [ 135.357378173731547, 34.233554972759563 ], [ 135.357071950791237, 34.233963010310312 ], [ 135.356461555237644, 34.233994176193249 ], [ 135.35609884674983, 34.233520361720196 ], [ 135.355499457070977, 34.233269844209424 ], [ 135.353817582382277, 34.23306756894155 ], [ 135.352421886869905, 34.233142182137861 ], [ 135.352525316111581, 34.233690002131773 ], [ 135.352224956270817, 34.233716306261044 ], [ 135.352343658637011, 34.234201801967544 ], [ 135.352123303191519, 34.234356295846105 ], [ 135.352575856938159, 34.235255737860633 ], [ 135.352432141646233, 34.235307522428229 ], [ 135.352405190181742, 34.236076801441449 ], [ 135.353248463014467, 34.236158735629658 ], [ 135.353468629323743, 34.236618705197699 ], [ 135.3520718685524, 34.236492149144134 ], [ 135.352053720765781, 34.235732069820038 ], [ 135.351609624637746, 34.235268375545481 ], [ 135.351241347670339, 34.234355993928062 ], [ 135.350986080498529, 34.23458975050093 ], [ 135.350354659445202, 34.234397921030393 ], [ 135.349983042559785, 34.234830246503925 ], [ 135.34933663768598, 34.234712287538272 ], [ 135.348542775665038, 34.235089116406094 ], [ 135.3439419346725, 34.235143743267528 ], [ 135.344098214782605, 34.235506751063959 ], [ 135.345918725580191, 34.236139818534689 ], [ 135.346008243214641, 34.236639110103788 ], [ 135.347723168547503, 34.236926040958103 ], [ 135.348416257520512, 34.237371491890769 ], [ 135.348523911597283, 34.237184992124924 ], [ 135.349425968203747, 34.236940169441347 ], [ 135.350689782014484, 34.236930394874165 ], [ 135.350759382669054, 34.2376813078616 ], [ 135.350312870084736, 34.238102389249896 ], [ 135.350223618220298, 34.238566216122472 ], [ 135.35043357132011, 34.238581275272203 ], [ 135.350668939984672, 34.240714980414388 ], [ 135.350415279996071, 34.240675319106693 ], [ 135.350818268821456, 34.241111188554072 ], [ 135.350348617979421, 34.242606825978875 ], [ 135.35005009729818, 34.24329577549198 ], [ 135.348734048098919, 34.243931703289505 ], [ 135.347855244870829, 34.244754060733243 ], [ 135.349933052146895, 34.244302640025893 ] ] ] } },
{ "type": "Feature", "properties": { "CITY_NAME": "紀の川市", "S_NAME": "大字段", "JINKO": 384, "medical_area": "30_那賀医療圏", "町丁目名": "紀の川市大字段" }, "geometry": { "type": "Polygon", "coordinates": [ [ [ 135.352542557232056, 34.247157770135381 ], [ 135.35382118834886, 34.245947848620879 ], [ 135.353784511123877, 34.245791292264528 ], [ 135.353140756700185, 34.245408394518854 ], [ 135.353281772156578, 34.245045559346998 ], [ 135.349933052146895, 34.244302640025893 ], [ 135.344815124975241, 34.245277788251137 ], [ 135.338307330607563, 34.245921523288132 ], [ 135.336914557824969, 34.245979921093166 ], [ 135.335950615552946, 34.245701982346972 ], [ 135.334274297552582, 34.247902960124065 ], [ 135.334467621597611, 34.248163343778529 ], [ 135.347402299021013, 34.252418519084735 ], [ 135.35145506837884, 34.253422886124312 ], [ 135.353095722475331, 34.253595817554164 ], [ 135.352884207042109, 34.250929762256426 ], [ 135.353075390441546, 34.250707919657799 ], [ 135.352338692288953, 34.250478636858553 ], [ 135.352677129134037, 34.250272787355875 ], [ 135.352279154546011, 34.250183626533875 ], [ 135.352685617202781, 34.249122083200682 ], [ 135.352790329466984, 34.247593798190024 ], [ 135.352542557232056, 34.247157770135381 ] ] ] } },
{ "type": "Feature", "properties": { "CITY_NAME": "紀の川市", "S_NAME": "大字段新田", "JINKO": 260, "medical_area": "30_那賀医療圏", "町丁目名": "紀の川市大字段新田" }, "geometry": { "type": "Polygon", "coordinates": [ [ [ 135.358485012059674, 34.249764252577755 ], [ 135.358854244143913, 34.248443859880183 ], [ 135.359236048330217, 34.248483892763382 ], [ 135.360558246377536, 34.247893234896019 ], [ 135.360428266796845, 34.246941559101025 ], [ 135.36065260454339, 34.246334179888642 ], [ 135.357138354268386, 34.245714705128428 ], [ 135.357380877941722, 34.245362822939455 ], [ 135.358766244319895, 34.244504593607651 ], [ 135.358122122125565, 34.244123833289194 ], [ 135.356219546210752, 34.243162283077076 ], [ 135.353940113858044, 34.243886593840486 ], [ 135.35190547427058, 34.244259425378466 ], [ 135.349922137837581, 34.243956329279094 ], [ 135.349933052146895, 34.244302640025893 ], [ 135.353281772156578, 34.245045559346998 ], [ 135.353140756700185, 34.245408394518854 ], [ 135.353784511123877, 34.245791292264528 ], [ 135.35382118834886, 34.245947848620879 ], [ 135.352542557232056, 34.247157770135381 ], [ 135.352790329466984, 34.247593798190024 ], [ 135.352685617202781, 34.249122083200682 ], [ 135.352279154546011, 34.250183626533875 ], [ 135.352677129134037, 34.250272787355875 ], [ 135.352338692288953, 34.250478636858553 ], [ 135.353075390441546, 34.250707919657799 ], [ 135.352884207042109, 34.250929762256426 ], [ 135.353095722475331, 34.253595817554164 ], [ 135.354776085467819, 34.253601020947947 ], [ 135.35629057520967, 34.253377263146163 ], [ 135.359506075193394, 34.252466228628563 ], [ 135.358695887124981, 34.249841143510487 ], [ 135.358485012059674, 34.249764252577755 ] ] ] } },
{ "type": "Feature", "properties": { "CITY_NAME": "紀の川市", "S_NAME": "大字段新田", "JINKO": 215, "medical_area": "30_那賀医療圏", "町丁目名": "紀の川市大字段新田" }, "geometry": { "type": "Polygon", "coordinates": [ [ [ 135.363945312962898, 34.251146846550618 ], [ 135.371342008454661, 34.248163225150037 ], [ 135.371012139876285, 34.247133912430961 ], [ 135.369320922990539, 34.247509091758516 ], [ 135.36847887979016, 34.247287965241256 ], [ 135.367429551522577, 34.2472710077096 ], [ 135.364854718400835, 34.247448155895249 ], [ 135.364857514607849, 34.247629889170412 ], [ 135.364633813483721, 34.247617461414634 ], [ 135.363806523788327, 34.247432581974849 ], [ 135.362743501532293, 34.246748505655489 ], [ 135.361095201851128, 34.246449602942683 ], [ 135.36076867529556, 34.245900912183487 ], [ 135.360926349535731, 34.245455887459094 ], [ 135.361356751832915, 34.244965233420899 ], [ 135.361491003052862, 34.244448525611546 ], [ 135.360838158866017, 34.244800534218264 ], [ 135.360358319603023, 34.244518690875339 ], [ 135.360399966095258, 34.243933461587318 ], [ 135.359909009232126, 34.243833418973182 ], [ 135.360637810709846, 34.242006222032408 ], [ 135.360655505805084, 34.24122252578799 ], [ 135.360222021059542, 34.241808950550237 ], [ 135.36010667064582, 34.242562836701566 ], [ 135.359334825486144, 34.243288076184733 ], [ 135.358539305899114, 34.241905660076398 ], [ 135.358223204171821, 34.240746914851144 ], [ 135.35796405824334, 34.24043423835225 ], [ 135.35857810222592, 34.239966112051995 ], [ 135.360167854436497, 34.239292203705418 ], [ 135.359765789824223, 34.238643660300681 ], [ 135.36038917686372, 34.238289535070713 ], [ 135.360959007995262, 34.238204747619911 ], [ 135.361755095340015, 34.237715578811027 ], [ 135.361404130883159, 34.237674306677008 ], [ 135.359757985546707, 34.23845288426191 ], [ 135.35951527667936, 34.238412031328799 ], [ 135.359470226332888, 34.238083010357755 ], [ 135.360768421213407, 34.237386015720595 ], [ 135.361278071990711, 34.236873379193831 ], [ 135.36030679952907, 34.237129197734809 ], [ 135.360123433863009, 34.237007234355261 ], [ 135.360145865197467, 34.236591087151503 ], [ 135.359854976665531, 34.236636193913071 ], [ 135.359341551625192, 34.237625501802206 ], [ 135.358810604134248, 34.238019970852513 ], [ 135.358396771300733, 34.238728341522943 ], [ 135.357004663478875, 34.239369314421076 ], [ 135.35700523099851, 34.240228611701639 ], [ 135.356474690193124, 34.240755769878149 ], [ 135.357474448011942, 34.24247200091348 ], [ 135.357451831745891, 34.242574575464602 ], [ 135.357063119873317, 34.242330946231526 ], [ 135.356219546210752, 34.243162283077076 ], [ 135.358766244319895, 34.244504593607651 ], [ 135.357380877941722, 34.245362822939455 ], [ 135.357138354268386, 34.245714705128428 ], [ 135.36065260454339, 34.246334179888642 ], [ 135.360428266796845, 34.246941559101025 ], [ 135.360558246377536, 34.247893234896019 ], [ 135.359236048330217, 34.248483892763382 ], [ 135.358854244143913, 34.248443859880183 ], [ 135.358585046445256, 34.249058887565177 ], [ 135.358485012059674, 34.249764252577755 ], [ 135.358695887124981, 34.249841143510487 ], [ 135.359506075193394, 34.252466228628563 ], [ 135.363945312962898, 34.251146846550618 ] ] ] } },
{ "type": "Feature", "properties": { "CITY_NAME": "紀の川市", "S_NAME": "大字神田", "JINKO": 354, "medical_area": "30_那賀医療圏", "町丁目名": "紀の川市大字神田" }, "geometry": { "type": "Polygon", "coordinates": [ [ [ 135.349983042559785, 34.234830246503925 ], [ 135.350354659445202, 34.234397921030393 ], [ 135.350986080498529, 34.23458975050093 ], [ 135.351715219034702, 34.233880678218668 ], [ 135.352525316111581, 34.233690002131773 ], [ 135.352421886869905, 34.233142182137861 ], [ 135.353817582382277, 34.23306756894155 ], [ 135.355499457070977, 34.233269844209424 ], [ 135.35609884674983, 34.233520361720196 ], [ 135.356426097205798, 34.233984269957936 ], [ 135.357071950791237, 34.233963010310312 ], [ 135.357378173731547, 34.233554972759563 ], [ 135.35773475428357, 34.233406114878704 ], [ 135.358826541982694, 34.23156815228009 ], [ 135.358966308086167, 34.231128951815919 ], [ 135.358952678893644, 34.229903467287805 ], [ 135.358746636484369, 34.229945776006403 ], [ 135.358206687657827, 34.229608244424135 ], [ 135.358131318869653, 34.229163551314393 ], [ 135.357287142241688, 34.228683552362511 ], [ 135.357151138915867, 34.228284884976972 ], [ 135.356450284002733, 34.22765420134035 ], [ 135.353010515034043, 34.227240095412604 ], [ 135.35251568743621, 34.226451435713678 ], [ 135.351844594989927, 34.225949071544214 ], [ 135.35147151800814, 34.225874125833585 ], [ 135.351388361265236, 34.225565606535888 ], [ 135.350763031223664, 34.225826983872118 ], [ 135.349584434806246, 34.225979769291115 ], [ 135.349124979801474, 34.226464732319094 ], [ 135.349224578450105, 34.226856312145287 ], [ 135.349620073855817, 34.22714846117146 ], [ 135.348845359263919, 34.227923346461829 ], [ 135.348834069677025, 34.22865354789861 ], [ 135.348883880700186, 34.228914137480238 ], [ 135.349156465366207, 34.229035464859287 ], [ 135.349202330096261, 34.229909655833382 ], [ 135.350390917700679, 34.232919983376554 ], [ 135.350221641553674, 34.233590745223481 ], [ 135.34933663768598, 34.234712287538272 ], [ 135.349983042559785, 34.234830246503925 ] ] ] } },
{ "type": "Feature", "properties": { "CITY_NAME": "紀の川市", "S_NAME": "大字神田", "JINKO": 103, "medical_area": "30_那賀医療圏", "町丁目名": "紀の川市大字神田" }, "geometry": { "type": "Polygon", "coordinates": [ [ [ 135.358746636484369, 34.229945776006403 ], [ 135.360066639708407, 34.229977756210701 ], [ 135.359363192324622, 34.229370456789695 ], [ 135.361474415684711, 34.229228925028778 ], [ 135.361298821712296, 34.227717620726182 ], [ 135.363785495481181, 34.227265561955626 ], [ 135.363725784082902, 34.225607657550924 ], [ 135.364240847672164, 34.223408564771624 ], [ 135.365098656154288, 34.223529089882838 ], [ 135.366189758264625, 34.223114108062823 ], [ 135.366600322086299, 34.22198139711881 ], [ 135.367141513654161, 34.221561308279021 ], [ 135.36850632647014, 34.220982479651937 ], [ 135.368919941251704, 34.220447620656429 ], [ 135.370305616425725, 34.220121034156257 ], [ 135.370502579969752, 34.219168929792012 ], [ 135.371196220335094, 34.217972855221248 ], [ 135.371249956506347, 34.216558529291994 ], [ 135.372051631508697, 34.216242585807308 ], [ 135.373115355311995, 34.216441593340996 ], [ 135.373388994362131, 34.216724732331052 ], [ 135.373605139640375, 34.217324670913847 ], [ 135.373820952973432, 34.21739606950284 ], [ 135.374063048055632, 34.216210492049747 ], [ 135.374872176217934, 34.21607362101139 ], [ 135.375524200391425, 34.216245993504202 ], [ 135.375593470253847, 34.216056316121708 ], [ 135.375269197256443, 34.215734044348387 ], [ 135.376153757224245, 34.214280435154294 ], [ 135.376203512984745, 34.213861465870536 ], [ 135.376131131589119, 34.212273091090751 ], [ 135.37580564993462, 34.210423792171746 ], [ 135.374681436390972, 34.209136412234749 ], [ 135.373949556972377, 34.208948405665069 ], [ 135.373520671168649, 34.207672041319753 ], [ 135.373489686703323, 34.206983170954288 ], [ 135.373045408796173, 34.206690276648501 ], [ 135.371994828019041, 34.206457239381699 ], [ 135.371888539458098, 34.206574322211175 ], [ 135.370872976712775, 34.20618215813542 ], [ 135.37003074247329, 34.206287157665876 ], [ 135.369320308291378, 34.205894151618317 ], [ 135.368405927163906, 34.20624430399117 ], [ 135.368023524111521, 34.206240788307952 ], [ 135.367199705843035, 34.207268268390791 ], [ 135.366902966858419, 34.20738957643205 ], [ 135.366580325505254, 34.206631732619428 ], [ 135.365705953005175, 34.206424935250304 ], [ 135.36529926264393, 34.205747373772724 ], [ 135.364532789710665, 34.206161226532679 ], [ 135.363825425937875, 34.206306182195007 ], [ 135.363010554850831, 34.206130383763416 ], [ 135.362254288564969, 34.206509760381401 ], [ 135.361817168081473, 34.206325208928533 ], [ 135.361522905401557, 34.206944480883969 ], [ 135.361156187893783, 34.207165284105734 ], [ 135.360308123442877, 34.206939146759808 ], [ 135.360492343435936, 34.206759514992193 ], [ 135.360376517223784, 34.20667791377371 ], [ 135.359886154551674, 34.206847639466552 ], [ 135.360999637760415, 34.207627499104213 ], [ 135.361032532845741, 34.208037873974014 ], [ 135.360598713556556, 34.20815098500843 ], [ 135.360260722527784, 34.208597321271533 ], [ 135.36001360277038, 34.209555755301821 ], [ 135.360145810878919, 34.210151887379922 ], [ 135.359900658207778, 34.210377543805038 ], [ 135.359985559838634, 34.210726489992631 ], [ 135.359741263965276, 34.21099004378005 ], [ 135.359657823734295, 34.211401641788221 ], [ 135.359904777638349, 34.211415046074258 ], [ 135.360127122710338, 34.211201102854488 ], [ 135.360539502601938, 34.211229172913555 ], [ 135.360686657202962, 34.210962998011695 ], [ 135.361000528104881, 34.211012528093001 ], [ 135.361695661442326, 34.210448595095251 ], [ 135.361814844853797, 34.210546835807321 ], [ 135.361238940101401, 34.211366077313485 ], [ 135.36129739150519, 34.21172686020028 ], [ 135.3610044782817, 34.211759283420847 ], [ 135.360608834811586, 34.212215041393264 ], [ 135.359893816447652, 34.212394579925395 ], [ 135.35945700182404, 34.212738691800759 ], [ 135.359338835994834, 34.212977126474946 ], [ 135.359699575581544, 34.213337379005026 ], [ 135.359513766491375, 34.213641104646399 ], [ 135.35951176255125, 34.214063274358885 ], [ 135.358128447625717, 34.214581752813636 ], [ 135.358140955245034, 34.214989911162057 ], [ 135.358414351239929, 34.215156721605332 ], [ 135.358480104875213, 34.215503459493902 ], [ 135.35810326335934, 34.216003254378705 ], [ 135.358234052918448, 34.216947751047002 ], [ 135.358722521689259, 34.217528429716296 ], [ 135.359461734253159, 34.220388388314483 ], [ 135.358603027290826, 34.221205856778376 ], [ 135.357889768514468, 34.221474132851036 ], [ 135.357673517424757, 34.221959838144166 ], [ 135.357796756978246, 34.222329840651263 ], [ 135.357534522247533, 34.222538780588437 ], [ 135.357321218969702, 34.223294826482935 ], [ 135.356557710720665, 34.224042065129744 ], [ 135.356457852736895, 34.225015642581454 ], [ 135.35582087842991, 34.225244020830523 ], [ 135.355478247188358, 34.226177722308428 ], [ 135.35547344894033, 34.226652563142899 ], [ 135.354904959429206, 34.227468153677584 ], [ 135.356450284002733, 34.22765420134035 ], [ 135.357151138915867, 34.228284884976972 ], [ 135.357287142241688, 34.228683552362511 ], [ 135.358131318869653, 34.229163551314379 ], [ 135.358206687657827, 34.229608244424135 ], [ 135.358746636484369, 34.229945776006403 ] ] ] } },
{ "type": "Feature", "properties": { "CITY_NAME": "紀の川市", "S_NAME": "大字最上", "JINKO": 585, "medical_area": "30_那賀医療圏", "町丁目名": "紀の川市大字最上" }, "geometry": { "type": "Polygon", "coordinates": [ [ [ 135.343514913511342, 34.23851481914776 ], [ 135.344317130240341, 34.236822783656827 ], [ 135.343919091524128, 34.236610057263164 ], [ 135.344355559035904, 34.236536182282322 ], [ 135.344214312511326, 34.235709376842451 ], [ 135.3439419346725, 34.235143743267528 ], [ 135.34888194130005, 34.235012878519335 ], [ 135.349788318804912, 34.234207279045016 ], [ 135.350306664710047, 34.23341271567233 ], [ 135.350350622812584, 34.232667192277965 ], [ 135.349202330096261, 34.229909655833382 ], [ 135.349156465366207, 34.229035464859287 ], [ 135.348330260747161, 34.22865678396208 ], [ 135.347824668055694, 34.227871991366733 ], [ 135.346651013017976, 34.227969420076363 ], [ 135.346909054819463, 34.229366517557075 ], [ 135.346434612885815, 34.228888138147902 ], [ 135.345904278300168, 34.228648511487954 ], [ 135.343814416684609, 34.228447319943783 ], [ 135.343466289016078, 34.229612972269145 ], [ 135.34326118396487, 34.229681463732405 ], [ 135.343309244147008, 34.230116580220702 ], [ 135.342874454991119, 34.230399227778932 ], [ 135.34288487463337, 34.23060311963922 ], [ 135.342028831429388, 34.230870969177438 ], [ 135.342090595342654, 34.231550002313639 ], [ 135.341779252343628, 34.232254361801189 ], [ 135.34190051482301, 34.233013586287605 ], [ 135.341579681801022, 34.233328675951768 ], [ 135.341703768334412, 34.233642491448123 ], [ 135.341183545539081, 34.234128790653365 ], [ 135.340963007394009, 34.234064779015014 ], [ 135.340446695410179, 34.234265697139151 ], [ 135.338402642042098, 34.236820730395607 ], [ 135.335639068493379, 34.240765709205434 ], [ 135.337253964112534, 34.241615852983301 ], [ 135.335840092648397, 34.242205759963127 ], [ 135.337300288364304, 34.243147050851007 ], [ 135.337990990972713, 34.243353632679778 ], [ 135.339686028345398, 34.243148376848431 ], [ 135.339678330396566, 34.242585569187874 ], [ 135.340039665958244, 34.241382957181521 ], [ 135.340314162210603, 34.241147496206167 ], [ 135.340014513231438, 34.240926551782643 ], [ 135.342685473897177, 34.240022025552996 ], [ 135.344273050511418, 34.239078403537484 ], [ 135.343514913511342, 34.23851481914776 ] ], [ [ 135.341793666166524, 34.23715156891636 ], [ 135.340950136042949, 34.236842762678769 ], [ 135.340749500941854, 34.237086370983313 ], [ 135.340231788459221, 34.23657702564477 ], [ 135.340557607000306, 34.235285753736207 ], [ 135.341165570752423, 34.235344665037339 ], [ 135.341326497469993, 34.235877587406108 ], [ 135.341634094534385, 34.23594136289946 ], [ 135.341473381253365, 34.236488334060496 ], [ 135.341939309640679, 34.23654126672519 ], [ 135.341793666166524, 34.23715156891636 ] ] ] } },
{ "type": "Feature", "properties": { "CITY_NAME": "紀の川市", "S_NAME": "大字最上", "JINKO": 182, "medical_area": "30_那賀医療圏", "町丁目名": "紀の川市大字最上" }, "geometry": { "type": "Polygon", "coordinates": [ [ [ 135.34666533291815, 34.227954282552645 ], [ 135.347824668055694, 34.227871991366733 ], [ 135.348330260747161, 34.22865678396208 ], [ 135.348883880700186, 34.228914137480238 ], [ 135.348828077958984, 34.227959738914926 ], [ 135.349620073855817, 34.22714846117146 ], [ 135.349224578450105, 34.226856312145287 ], [ 135.349138049780805, 34.226336189004819 ], [ 135.349584434806246, 34.225979769291115 ], [ 135.351027226885009, 34.225736257140106 ], [ 135.350715924687449, 34.225334540899723 ], [ 135.350661394096846, 34.224887135233587 ], [ 135.350166868381081, 34.224594463683275 ], [ 135.349742956938911, 34.223928863950981 ], [ 135.349487247285253, 34.222134391806826 ], [ 135.34934731108217, 34.221734849607238 ], [ 135.349163969593121, 34.221776558098263 ], [ 135.348973207179228, 34.221481270080055 ], [ 135.349140841075979, 34.221066739909716 ], [ 135.349038617793866, 34.22078614982992 ], [ 135.348360181704464, 34.220314997948606 ], [ 135.348312395017416, 34.220018073894352 ], [ 135.347941422001384, 34.219728590072457 ], [ 135.348744804348655, 34.219485788119833 ], [ 135.348683774054649, 34.219263176881221 ], [ 135.349894731799651, 34.218926041251756 ], [ 135.350336701690509, 34.219245195583191 ], [ 135.350605120604541, 34.219082369739063 ], [ 135.350786218744133, 34.218674677722724 ], [ 135.350504820649178, 34.218330316182801 ], [ 135.351212229145915, 34.218155870829733 ], [ 135.350883761534874, 34.217321046444766 ], [ 135.351025384962128, 34.216736356464892 ], [ 135.349892868866277, 34.216375367211299 ], [ 135.348545246110405, 34.21633594852333 ], [ 135.348013454772087, 34.21656357560083 ], [ 135.347354072994108, 34.216431594041595 ], [ 135.346977703270397, 34.217229709261389 ], [ 135.346495410787242, 34.217262078497839 ], [ 135.346266757134458, 34.217562596828529 ], [ 135.345779331483755, 34.217606063863329 ], [ 135.34584807160752, 34.217959721724668 ], [ 135.345568551656953, 34.218648475582462 ], [ 135.34587697891439, 34.219233021594029 ], [ 135.345854385155093, 34.219529001333271 ], [ 135.345420203229537, 34.219823633615924 ], [ 135.345119364680414, 34.220335774333279 ], [ 135.344534603943345, 34.220662286899454 ], [ 135.344291369423132, 34.221355891528241 ], [ 135.342547016221147, 34.221940324261823 ], [ 135.342572688638654, 34.22272467388072 ], [ 135.342795243786526, 34.223027886341782 ], [ 135.343317823149363, 34.223201132840039 ], [ 135.343181626872308, 34.223532430835931 ], [ 135.34291708461538, 34.223673854858966 ], [ 135.342909658952038, 34.223948225992025 ], [ 135.343330471865045, 34.224841468054329 ], [ 135.343223065470738, 34.225615385717767 ], [ 135.343382578944414, 34.226839536974865 ], [ 135.343940024179801, 34.226816739735561 ], [ 135.344101388605168, 34.227233304015627 ], [ 135.343814416684609, 34.228447319943783 ], [ 135.345904278300168, 34.228648511487954 ], [ 135.346434612885815, 34.228888138147902 ], [ 135.346909054819463, 34.229366517557075 ], [ 135.34666533291815, 34.227954282552645 ] ] ] } },
{ "type": "Feature", "properties": { "CITY_NAME": "紀の川市", "S_NAME": "大字最上", "JINKO": 0, "medical_area": "30_那賀医療圏", "町丁目名": "紀の川市大字最上" }, "geometry": { "type": "Polygon", "coordinates": [ [ [ 135.359886154551674, 34.206847639466552 ], [ 135.360376517223784, 34.20667791377371 ], [ 135.360492343435936, 34.206759514992193 ], [ 135.360308123442877, 34.206939146759787 ], [ 135.361156187893783, 34.207165284105734 ], [ 135.361522905401557, 34.206944480883969 ], [ 135.361817168081473, 34.206325208928533 ], [ 135.362254288564969, 34.206509760381422 ], [ 135.363010554850831, 34.206130383763416 ], [ 135.363825425937875, 34.206306182194986 ], [ 135.364532789710665, 34.206161226532679 ], [ 135.36529926264393, 34.205747373772724 ], [ 135.365231760868681, 34.204646002003898 ], [ 135.366217070452507, 34.200739400751516 ], [ 135.366238384241541, 34.19979727390394 ], [ 135.366004694216969, 34.199226557322994 ], [ 135.36451576968571, 34.197905314430123 ], [ 135.364451908676358, 34.196935277276914 ], [ 135.363499530744122, 34.196191375675916 ], [ 135.362420845903983, 34.193819826848937 ], [ 135.362573945915699, 34.192677365044773 ], [ 135.361879034717163, 34.193070011394759 ], [ 135.359940458010868, 34.1930535916607 ], [ 135.359732575725133, 34.192907700684998 ], [ 135.360345094436781, 34.192730302125121 ], [ 135.361986442562909, 34.192797573280281 ], [ 135.361897365264127, 34.192243936457075 ], [ 135.361272073767253, 34.191331410617771 ], [ 135.36139788782512, 34.19077536831346 ], [ 135.361741733579379, 34.19055374201627 ], [ 135.36259603824837, 34.190874977352756 ], [ 135.362997050108817, 34.191574335076695 ], [ 135.363856008640909, 34.192181683406851 ], [ 135.365570382643853, 34.191810771010758 ], [ 135.366564729082199, 34.192150875575287 ], [ 135.368094477793505, 34.192269891772156 ], [ 135.368558524997781, 34.191600910849907 ], [ 135.370918110733129, 34.19137888811629 ], [ 135.372702845529801, 34.191861326673717 ], [ 135.372429524093235, 34.188007940556957 ], [ 135.372734042805007, 34.187981467417586 ], [ 135.372404781672827, 34.186779601893662 ], [ 135.372251748951953, 34.185149981398908 ], [ 135.370932586619404, 34.184696555080812 ], [ 135.368923866562341, 34.18456455753595 ], [ 135.362173781498683, 34.18299962923701 ], [ 135.360720816622518, 34.183749533770758 ], [ 135.358405607757931, 34.184031296406488 ], [ 135.357353251569549, 34.183916460846227 ], [ 135.355732754061222, 34.184651164887953 ], [ 135.354068868788545, 34.187046732242926 ], [ 135.35319089731675, 34.187967582771712 ], [ 135.356516541255814, 34.188349384239274 ], [ 135.356780700203217, 34.188571507353508 ], [ 135.357596526273312, 34.190510565056812 ], [ 135.358153052765033, 34.193526993622768 ], [ 135.358437777941276, 34.193997138914675 ], [ 135.357853284133512, 34.194805036684642 ], [ 135.357240094626491, 34.19501284135746 ], [ 135.356805800653547, 34.195371178768525 ], [ 135.356531639780826, 34.195912210201087 ], [ 135.357168302601508, 34.19652887157924 ], [ 135.358252211266546, 34.196539052951195 ], [ 135.358067467541446, 34.196914194798708 ], [ 135.357230406255809, 34.196902065872813 ], [ 135.3571632145526, 34.197200627849014 ], [ 135.358837533029885, 34.199157261255586 ], [ 135.358972668165336, 34.203049345350649 ], [ 135.359618402471597, 34.204595340046353 ], [ 135.359886154551674, 34.206847639466552 ] ] ] } },
{ "type": "Feature", "properties": { "CITY_NAME": "紀の川市", "S_NAME": "大字最上", "JINKO": 256, "medical_area": "30_那賀医療圏", "町丁目名": "紀の川市大字最上" }, "geometry": { "type": "Polygon", "coordinates": [ [ [ 135.359886154551674, 34.206847639466552 ], [ 135.35935803630926, 34.206735712572822 ], [ 135.358911049446959, 34.207190347595677 ], [ 135.358090904557088, 34.206711198865328 ], [ 135.357146360438662, 34.206779785009793 ], [ 135.356810390459231, 34.206941992022692 ], [ 135.356413881111109, 34.206647474712852 ], [ 135.355821302022207, 34.206909052131138 ], [ 135.355359225283479, 34.206547135203884 ], [ 135.354581587249839, 34.20714693750768 ], [ 135.354047373630635, 34.207151873239866 ], [ 135.353934266213059, 34.207025907687566 ], [ 135.353771818334508, 34.207506249111233 ], [ 135.352054720594424, 34.20767623036582 ], [ 135.350502280863253, 34.208484475010856 ], [ 135.350545579396083, 34.209068309069806 ], [ 135.349892628073718, 34.209177400691679 ], [ 135.348469795412768, 34.209970949527275 ], [ 135.347959097080718, 34.210421256526367 ], [ 135.347928915021441, 34.210740999709913 ], [ 135.347306447051892, 34.210891230232441 ], [ 135.346606883806174, 34.21144800954729 ], [ 135.34655862076292, 34.212357603993688 ], [ 135.34677169015751, 34.212635398754472 ], [ 135.346864230358619, 34.213497709031437 ], [ 135.347109143844705, 34.213786096487773 ], [ 135.346888877468871, 34.214154698544235 ], [ 135.346975736911361, 34.214577758309296 ], [ 135.346514804505716, 34.215068336672836 ], [ 135.346961106551674, 34.2155126069216 ], [ 135.346287261973885, 34.215966977014212 ], [ 135.346126659364757, 34.216293634654193 ], [ 135.346106272939096, 34.217011942281886 ], [ 135.345504514869901, 34.217741239555586 ], [ 135.345474438541743, 34.218198893537725 ], [ 135.345591071184202, 34.218345733865213 ], [ 135.345829157654805, 34.218015545296524 ], [ 135.345808140172608, 34.217575508554916 ], [ 135.346266757134458, 34.217562596828529 ], [ 135.346495410787242, 34.217262078497839 ], [ 135.347015011939504, 34.217196382120257 ], [ 135.347411464018222, 34.216405276189917 ], [ 135.348013454772087, 34.21656357560083 ], [ 135.348545246110405, 34.21633594852333 ], [ 135.349892868866277, 34.216375367211299 ], [ 135.351060724343398, 34.216760631871722 ], [ 135.350883761534874, 34.217321046444766 ], [ 135.351212229145915, 34.218155870829733 ], [ 135.350504820649178, 34.218330316182801 ], [ 135.350786218744133, 34.218674677722724 ], [ 135.350605120604541, 34.219082369739063 ], [ 135.350336701690509, 34.219245195583191 ], [ 135.349894731799651, 34.218926041251756 ], [ 135.348683774054649, 34.219263176881221 ], [ 135.348744804348655, 34.219485788119833 ], [ 135.347941422001384, 34.219728590072457 ], [ 135.348312395017416, 34.220018073894352 ], [ 135.348360181704464, 34.220314997948606 ], [ 135.349038617793866, 34.22078614982992 ], [ 135.349140841075979, 34.221066739909716 ], [ 135.348973207179228, 34.221481270080055 ], [ 135.349163969593121, 34.221776558098263 ], [ 135.34934731108217, 34.221734849607238 ], [ 135.349742956938911, 34.223928863950981 ], [ 135.350008581613849, 34.224414438945381 ], [ 135.350661394096846, 34.224887135233587 ], [ 135.350715924687449, 34.225334540899723 ], [ 135.351035765092178, 34.22562896023404 ], [ 135.351414503018418, 34.225573351897879 ], [ 135.35147151800814, 34.225874125833585 ], [ 135.351844594989927, 34.225949071544214 ], [ 135.352465215843324, 34.226403837117488 ], [ 135.353010515034043, 34.227240095412604 ], [ 135.354904959429206, 34.227468153677584 ], [ 135.35547344894033, 34.226652563142899 ], [ 135.35547824718833, 34.226177722308428 ], [ 135.35582087842991, 34.225244020830523 ], [ 135.356457852736895, 34.225015642581447 ], [ 135.356557710720665, 34.224042065129744 ], [ 135.357321218969673, 34.223294826482913 ], [ 135.357534522247533, 34.222538780588437 ], [ 135.357796756978246, 34.222329840651255 ], [ 135.357673517424757, 34.221959838144166 ], [ 135.357889768514468, 34.221474132851036 ], [ 135.358603027290826, 34.221205856778376 ], [ 135.359461734253159, 34.22038838831449 ], [ 135.358722521689259, 34.217528429716296 ], [ 135.358234052918391, 34.216947751047002 ], [ 135.35810326335934, 34.216003254378705 ], [ 135.358480104875213, 34.215503459493902 ], [ 135.358414351239929, 34.215156721605318 ], [ 135.358140955245034, 34.214989911162057 ], [ 135.358128447625717, 34.214581752813636 ], [ 135.359511762551278, 34.214063274358885 ], [ 135.359513766491375, 34.213641104646399 ], [ 135.359699575581544, 34.21333737900504 ], [ 135.359338835994834, 34.212977126474946 ], [ 135.35945700182404, 34.21273869180078 ], [ 135.359893816447652, 34.212394579925402 ], [ 135.360608834811586, 34.212215041393286 ], [ 135.3610044782817, 34.211759283420854 ], [ 135.36129739150519, 34.21172686020028 ], [ 135.361238940101401, 34.211366077313514 ], [ 135.361814844853797, 34.210546835807321 ], [ 135.361695661442326, 34.210448595095237 ], [ 135.361000528104881, 34.211012528093001 ], [ 135.360686657202962, 34.210962998011695 ], [ 135.360539502601938, 34.211229172913555 ], [ 135.360127122710338, 34.211201102854517 ], [ 135.359904777638349, 34.211415046074258 ], [ 135.359657823734295, 34.211401641788221 ], [ 135.359741263965276, 34.21099004378005 ], [ 135.359985559838634, 34.210726489992631 ], [ 135.359900658207778, 34.210377543805031 ], [ 135.360145810878976, 34.210151887379922 ], [ 135.360013602770437, 34.209555755301842 ], [ 135.360260722527784, 34.208597321271533 ], [ 135.360598713556612, 34.208150985008416 ], [ 135.361032532845741, 34.208037873974014 ], [ 135.360999637760415, 34.207627499104213 ], [ 135.359886154551674, 34.206847639466552 ] ] ] } },
{ "type": "Feature", "properties": { "CITY_NAME": "紀の川市", "S_NAME": "大字調月", "JINKO": 314, "medical_area": "30_那賀医療圏", "町丁目名": "紀の川市大字調月" }, "geometry": { "type": "Polygon", "coordinates": [ [ [ 135.328539151004321, 34.247365318456893 ], [ 135.331664949006523, 34.247382510649068 ], [ 135.332762704847198, 34.244693685383609 ], [ 135.332992385995226, 34.244477152863844 ], [ 135.333306804274997, 34.244614514318599 ], [ 135.334611044264648, 34.242785385279667 ], [ 135.335845795564666, 34.240365075009507 ], [ 135.338402642042098, 34.236820730395607 ], [ 135.340446695410179, 34.234265697139151 ], [ 135.340963007394009, 34.234064779015014 ], [ 135.341183545539081, 34.234128790653365 ], [ 135.341703768334412, 34.233642491448123 ], [ 135.341579681801022, 34.233328675951768 ], [ 135.34190051482301, 34.233013586287605 ], [ 135.341779252343628, 34.232254361801189 ], [ 135.342090595342654, 34.231550002313639 ], [ 135.342028831429388, 34.230870969177438 ], [ 135.34288487463337, 34.23060311963922 ], [ 135.342874454991119, 34.230399227778932 ], [ 135.343323784612892, 34.230094824063769 ], [ 135.34326118396487, 34.229681463732405 ], [ 135.343449340815056, 34.229638801287777 ], [ 135.343621901287605, 34.229135416932429 ], [ 135.344081899432524, 34.227149242471974 ], [ 135.341971080120771, 34.227359666836861 ], [ 135.340355192447987, 34.228132101940595 ], [ 135.338884061615687, 34.228187432264583 ], [ 135.337177980558948, 34.227844371377003 ], [ 135.335872238109459, 34.228154965729075 ], [ 135.335650628308997, 34.228965585176688 ], [ 135.334520468482879, 34.229477288909919 ], [ 135.335164490321262, 34.230418958060483 ], [ 135.332735681235476, 34.231548772962633 ], [ 135.33526483170337, 34.234171647377984 ], [ 135.335915703416362, 34.235224354372576 ], [ 135.3360250191011, 34.236635874554182 ], [ 135.335857643291547, 34.238043361931673 ], [ 135.335648225742943, 34.238555408537941 ], [ 135.334797429549866, 34.239350921696577 ], [ 135.331944646920675, 34.240793262122899 ], [ 135.329038355653722, 34.241901250938419 ], [ 135.324729622244973, 34.243134588991019 ], [ 135.323109545796456, 34.244934695599312 ], [ 135.321905940714316, 34.248378623699217 ], [ 135.328539151004321, 34.247365318456893 ] ] ] } },
{ "type": "Feature", "properties": { "CITY_NAME": "紀の川市", "S_NAME": "大字調月", "JINKO": 351, "medical_area": "30_那賀医療圏", "町丁目名": "紀の川市大字調月" }, "geometry": { "type": "Polygon", "coordinates": [ [ [ 135.334697201533658, 34.226910519207095 ], [ 135.334510550454326, 34.226259828592546 ], [ 135.333997322952484, 34.226261975767784 ], [ 135.333890393096169, 34.226068547998018 ], [ 135.334614730648582, 34.225556621626161 ], [ 135.334350395005117, 34.225372484374802 ], [ 135.334307436760241, 34.22502304140999 ], [ 135.33412262127564, 34.225008375389571 ], [ 135.334072858187483, 34.224575502111136 ], [ 135.335181752043525, 34.224009874211085 ], [ 135.335597423716763, 34.223995925445053 ], [ 135.33557150171535, 34.223765748474172 ], [ 135.335714593557782, 34.223662140234886 ], [ 135.336754092038717, 34.223824405014469 ], [ 135.337202006019851, 34.223710045063669 ], [ 135.338352042222027, 34.224006999129749 ], [ 135.338698943462504, 34.224346950429911 ], [ 135.338762131261319, 34.224676075636005 ], [ 135.339866916270012, 34.22459088126125 ], [ 135.339967811663996, 34.224352229976056 ], [ 135.340220811022931, 34.224245967137207 ], [ 135.340429325029106, 34.223639525149771 ], [ 135.340873753855732, 34.223705443977622 ], [ 135.341573733749783, 34.223385204063042 ], [ 135.342154766462556, 34.223351974295539 ], [ 135.342572688638654, 34.22272467388072 ], [ 135.342547016221147, 34.221940324261823 ], [ 135.343958890338115, 34.22137524611194 ], [ 135.34426199964247, 34.221382077067489 ], [ 135.344412919495028, 34.220812225593825 ], [ 135.342945462289407, 34.220454749183361 ], [ 135.341598342147023, 34.220445422320992 ], [ 135.34132843915782, 34.220584983984132 ], [ 135.341498988312281, 34.220836221333016 ], [ 135.341436381750782, 34.220993375416882 ], [ 135.340927305078338, 34.220836112531344 ], [ 135.340245437636838, 34.221304781193936 ], [ 135.338461545671692, 34.221443659771843 ], [ 135.33810406012293, 34.221657542577681 ], [ 135.337888110891186, 34.221423101853873 ], [ 135.336571089008885, 34.222570964859635 ], [ 135.335984918666583, 34.222859954998093 ], [ 135.335880542008141, 34.222740921661945 ], [ 135.335488475183411, 34.222794724111765 ], [ 135.334803453005833, 34.223453794569707 ], [ 135.334092198975412, 34.223554884159782 ], [ 135.333996328839078, 34.223934283114325 ], [ 135.329412414531589, 34.22430276697834 ], [ 135.32923958041485, 34.224954459431487 ], [ 135.329001662400088, 34.225210382713186 ], [ 135.326840095678136, 34.225359980042143 ], [ 135.327355841131237, 34.227854180501346 ], [ 135.327808929858776, 34.228545079348578 ], [ 135.329314763262403, 34.229579817189666 ], [ 135.329546853233182, 34.230244007256637 ], [ 135.332735681235476, 34.231548772962633 ], [ 135.335164490321262, 34.230418958060483 ], [ 135.334520468482879, 34.229477288909919 ], [ 135.335650628308997, 34.228965585176688 ], [ 135.335791996871592, 34.228266238961581 ], [ 135.336020724683749, 34.228072658367893 ], [ 135.335431238343091, 34.227806044675049 ], [ 135.334697201533658, 34.226910519207095 ] ] ] } },
{ "type": "Feature", "properties": { "CITY_NAME": "紀の川市", "S_NAME": "大字調月", "JINKO": 468, "medical_area": "30_那賀医療圏", "町丁目名": "紀の川市大字調月" }, "geometry": { "type": "Polygon", "coordinates": [ [ [ 135.340700798593048, 34.228004079129754 ], [ 135.341971080120771, 34.227359666836861 ], [ 135.344081899432524, 34.227149242471974 ], [ 135.343940024179801, 34.226816739735561 ], [ 135.343382578944414, 34.226839536974865 ], [ 135.343223065470738, 34.225615385717767 ], [ 135.343330471865045, 34.224841468054329 ], [ 135.342905909420978, 34.223846780959043 ], [ 135.343317823149363, 34.223201132840039 ], [ 135.342795243786526, 34.223027886341782 ], [ 135.342572688638654, 34.22272467388072 ], [ 135.34211495044903, 34.223380075398666 ], [ 135.341573733749783, 34.223385204063042 ], [ 135.340873753855732, 34.223705443977622 ], [ 135.340429325029106, 34.223639525149771 ], [ 135.340220811022931, 34.224245967137207 ], [ 135.339967811663996, 34.224352229976056 ], [ 135.339866916270012, 34.22459088126125 ], [ 135.338762131261319, 34.224676075636005 ], [ 135.338698943462504, 34.224346950429911 ], [ 135.338352042222027, 34.224006999129749 ], [ 135.337202006019851, 34.223710045063669 ], [ 135.336754092038717, 34.223824405014469 ], [ 135.335714593557782, 34.223662140234886 ], [ 135.33557150171535, 34.223765748474172 ], [ 135.335597423716763, 34.223995925445053 ], [ 135.335181752043525, 34.224009874211085 ], [ 135.334072858187483, 34.224575502111136 ], [ 135.33412262127564, 34.225008375389571 ], [ 135.334307436760241, 34.22502304140999 ], [ 135.334350395005117, 34.225372484374802 ], [ 135.334614730648582, 34.225556621626161 ], [ 135.333890393096169, 34.226068547998018 ], [ 135.333997322952484, 34.226261975767784 ], [ 135.334510550454326, 34.226259828592546 ], [ 135.334785752229209, 34.227123286429276 ], [ 135.335468077201256, 34.227828360342706 ], [ 135.336020724683749, 34.228072658367893 ], [ 135.337177980558948, 34.227844371377003 ], [ 135.33899703310675, 34.228195225775259 ], [ 135.340700798593048, 34.228004079129754 ] ] ] } },
{ "type": "Feature", "properties": { "CITY_NAME": "紀の川市", "S_NAME": "大字調月", "JINKO": 304, "medical_area": "30_那賀医療圏", "町丁目名": "紀の川市大字調月" }, "geometry": { "type": "Polygon", "coordinates": [ [ [ 135.32936589679619, 34.224319980341114 ], [ 135.333996328839078, 34.223934283114325 ], [ 135.334092198975412, 34.223554884159782 ], [ 135.334803453005833, 34.223453794569707 ], [ 135.335488475183411, 34.222794724111765 ], [ 135.335880542008141, 34.222740921661945 ], [ 135.335984918666583, 34.222859954998093 ], [ 135.336571089008885, 34.222570964859635 ], [ 135.337888110891186, 34.221423101853873 ], [ 135.33810406012293, 34.221657542577681 ], [ 135.338461545671692, 34.221443659771843 ], [ 135.340245437636838, 34.221304781193936 ], [ 135.340927305078338, 34.220836112531344 ], [ 135.341436381750782, 34.220993375416882 ], [ 135.341498988312281, 34.220836221333016 ], [ 135.34132843915782, 34.220584983984132 ], [ 135.341598342147023, 34.220445422320992 ], [ 135.342945462289407, 34.220454749183361 ], [ 135.344412919495028, 34.220812225593825 ], [ 135.345119364680414, 34.220335774333279 ], [ 135.345420203229537, 34.219823633615924 ], [ 135.345835009463315, 34.219573130028898 ], [ 135.34587697891439, 34.219233021594029 ], [ 135.345572191166752, 34.218725971223179 ], [ 135.345465504543512, 34.217846681105357 ], [ 135.346106272939096, 34.217011942281886 ], [ 135.346126659364757, 34.216293634654193 ], [ 135.346336704810199, 34.215882720667679 ], [ 135.346952370620699, 34.215546086542275 ], [ 135.346514804505716, 34.215068336672836 ], [ 135.346975736911361, 34.214577758309296 ], [ 135.346888877468871, 34.214154698544235 ], [ 135.347101112987644, 34.213728017020991 ], [ 135.34684973400914, 34.213453681735224 ], [ 135.34677169015751, 34.212635398754472 ], [ 135.346150891900493, 34.211575317447299 ], [ 135.346231827614787, 34.211188792718623 ], [ 135.346051682597476, 34.210555490565596 ], [ 135.344689769295087, 34.209956734797387 ], [ 135.34428190441966, 34.208630425157494 ], [ 135.342765047784013, 34.208011660778809 ], [ 135.340808787206555, 34.208351782238061 ], [ 135.340674375419894, 34.210085251382928 ], [ 135.340091444990662, 34.21085842679566 ], [ 135.339379726271403, 34.212452157971768 ], [ 135.338830590909453, 34.21299717210821 ], [ 135.338387729899978, 34.213742082856278 ], [ 135.337196274862066, 34.215099666916601 ], [ 135.337046734524336, 34.215032511441954 ], [ 135.336532602355959, 34.215380351219011 ], [ 135.335810834592706, 34.215549433234649 ], [ 135.334721241614517, 34.216079250409123 ], [ 135.332994766351817, 34.21737106708683 ], [ 135.332864433233709, 34.21773435819216 ], [ 135.332376468481669, 34.218179097696364 ], [ 135.329896412638988, 34.2183782933256 ], [ 135.328668037724839, 34.218106189163265 ], [ 135.328443493470644, 34.21816398462348 ], [ 135.328634995711923, 34.219173073206171 ], [ 135.327451249015184, 34.219355354653302 ], [ 135.325941310779399, 34.21903857455127 ], [ 135.321052630195055, 34.220154343109868 ], [ 135.320818666080498, 34.219487172277923 ], [ 135.319861064121767, 34.219721484977192 ], [ 135.320084918042284, 34.220342820161456 ], [ 135.320435468062698, 34.220269538784173 ], [ 135.320913984824017, 34.221600561920134 ], [ 135.322094000376381, 34.22132985764668 ], [ 135.322308692443386, 34.221954379393964 ], [ 135.323436072524714, 34.221685485189361 ], [ 135.323647033552561, 34.222279416007829 ], [ 135.323905692922921, 34.222155891952717 ], [ 135.324121176603654, 34.222263152018009 ], [ 135.324037711808671, 34.222469202852707 ], [ 135.32419896285117, 34.222907341812927 ], [ 135.32532093134094, 34.222642768010203 ], [ 135.325525835794139, 34.223301742344034 ], [ 135.327027095103688, 34.222986270504386 ], [ 135.326840095678136, 34.225359980042143 ], [ 135.328926548022281, 34.225240962799816 ], [ 135.32923958041485, 34.224954459431487 ], [ 135.32936589679619, 34.224319980341114 ] ] ] } },
{ "type": "Feature", "properties": { "CITY_NAME": "紀の川市", "S_NAME": "大字調月", "JINKO": 35, "medical_area": "30_那賀医療圏", "町丁目名": "紀の川市大字調月" }, "geometry": { "type": "Polygon", "coordinates": [ [ [ 135.349994616541636, 34.20914976827671 ], [ 135.350545579396083, 34.209068309069806 ], [ 135.350477394999047, 34.208512516271419 ], [ 135.351392832258142, 34.20794671591289 ], [ 135.35213189712448, 34.207661283685475 ], [ 135.353771818334508, 34.207506249111233 ], [ 135.353934266213059, 34.207025907687566 ], [ 135.354047373630635, 34.207151873239866 ], [ 135.354581587249839, 34.20714693750768 ], [ 135.355317535159941, 34.206555790129833 ], [ 135.355821302022207, 34.206909052131138 ], [ 135.356413881111109, 34.206647474712852 ], [ 135.356810390459231, 34.206941992022692 ], [ 135.357146360438662, 34.206779785009793 ], [ 135.358090904557088, 34.206711198865328 ], [ 135.358911049446959, 34.207190347595677 ], [ 135.35935803630926, 34.206735712572822 ], [ 135.359886154551674, 34.206847639466552 ], [ 135.359618402471597, 34.204595340046353 ], [ 135.358972668165336, 34.203049345350649 ], [ 135.358837533029885, 34.199157261255586 ], [ 135.3571632145526, 34.197200627849014 ], [ 135.357230406255809, 34.196902065872813 ], [ 135.358067467541446, 34.196914194798708 ], [ 135.358252211266546, 34.196539052951195 ], [ 135.357168302601508, 34.19652887157924 ], [ 135.356531639780826, 34.195912210201087 ], [ 135.356976958627399, 34.195201065748833 ], [ 135.357928016858466, 34.194735981672487 ], [ 135.358447348734416, 34.193936617335055 ], [ 135.358153052765033, 34.193526993622768 ], [ 135.357596526273312, 34.190510565056812 ], [ 135.356780700203217, 34.188571507353508 ], [ 135.356182352886634, 34.18824183845711 ], [ 135.35319089731675, 34.187967582771712 ], [ 135.352609983685056, 34.188816186622191 ], [ 135.352043011507874, 34.188564278518676 ], [ 135.351732677563888, 34.188996220781981 ], [ 135.350954050115945, 34.189300594030001 ], [ 135.35065233437652, 34.189585516032402 ], [ 135.35050385266652, 34.190004228902858 ], [ 135.350395581534571, 34.190983097049504 ], [ 135.349886284858513, 34.191239449864341 ], [ 135.349524104236508, 34.191720418010064 ], [ 135.348913981331208, 34.191782962682908 ], [ 135.348290109581285, 34.19266978357907 ], [ 135.348249664612297, 34.193024552554711 ], [ 135.348414244891075, 34.19332068364443 ], [ 135.349142818076047, 34.194138901528476 ], [ 135.34942284142457, 34.194253925336504 ], [ 135.349775157791726, 34.195349475241734 ], [ 135.349691678157996, 34.195480459691581 ], [ 135.349005300064675, 34.195700935838687 ], [ 135.348481597014427, 34.196129202568052 ], [ 135.347383408677956, 34.196389601078501 ], [ 135.346456899712706, 34.196189850177184 ], [ 135.345707862118502, 34.196472655529035 ], [ 135.345066636551962, 34.196371329555532 ], [ 135.345560347818406, 34.198613860661858 ], [ 135.345653839902809, 34.199834813558219 ], [ 135.345393781044862, 34.201080925568995 ], [ 135.344744383219677, 34.20237947272112 ], [ 135.344545866928087, 34.203315727576751 ], [ 135.342566426246918, 34.204686601040343 ], [ 135.342321492254058, 34.205438776421673 ], [ 135.342342461997418, 34.206396631379604 ], [ 135.341434035910652, 34.206673067000409 ], [ 135.340935375467069, 34.207662362795709 ], [ 135.341125086078591, 34.207981033175251 ], [ 135.341011025733934, 34.208291309738549 ], [ 135.342765047784013, 34.208011660778809 ], [ 135.34428190441966, 34.208630425157494 ], [ 135.344689769295087, 34.209956734797387 ], [ 135.346051682597476, 34.210555490565596 ], [ 135.346231827614787, 34.211188792718623 ], [ 135.346150891900493, 34.211575317447299 ], [ 135.34655862076292, 34.212357603993688 ], [ 135.346670833892858, 34.211351152638279 ], [ 135.347306447051892, 34.210891230232441 ], [ 135.347928915021441, 34.210740999709913 ], [ 135.347959097080718, 34.210421256526367 ], [ 135.348327257250418, 34.210062317221571 ], [ 135.349994616541636, 34.20914976827671 ] ] ] } },
{ "type": "Feature", "properties": { "CITY_NAME": "紀の川市", "S_NAME": "大字大原", "JINKO": 58, "medical_area": "30_那賀医療圏", "町丁目名": "紀の川市大字大原" }, "geometry": { "type": "Polygon", "coordinates": [ [ [ 135.387712420567965, 34.220008458249595 ], [ 135.389858516812353, 34.219439805534584 ], [ 135.389751201833036, 34.21883340770124 ], [ 135.389110254513497, 34.218986989493992 ], [ 135.388785130902761, 34.218814353485008 ], [ 135.389307408701654, 34.217847526169948 ], [ 135.388203065340122, 34.217350240734291 ], [ 135.387720505380258, 34.217575885996041 ], [ 135.387071156459086, 34.217267374573922 ], [ 135.387642112272971, 34.215759590359788 ], [ 135.38460594557327, 34.212834174809657 ], [ 135.383299581304499, 34.211917871773586 ], [ 135.383414068125433, 34.212632080444095 ], [ 135.381760604640959, 34.212707119472576 ], [ 135.38132427486201, 34.213292608710972 ], [ 135.380269352593274, 34.213713810231667 ], [ 135.379965496919652, 34.214169947747735 ], [ 135.378936405477702, 34.214476744861386 ], [ 135.378944571841089, 34.215069698141939 ], [ 135.378653436014162, 34.215494765950751 ], [ 135.37683765743563, 34.215495950270174 ], [ 135.376442395059229, 34.215603108107693 ], [ 135.375837792846596, 34.216078552528188 ], [ 135.376795743712279, 34.216936533000087 ], [ 135.376679010841997, 34.217487295569939 ], [ 135.376841572477218, 34.217519254864413 ], [ 135.377347106804848, 34.216887360344508 ], [ 135.377350237980124, 34.216460828784697 ], [ 135.378777968029993, 34.216447239699079 ], [ 135.378543040138567, 34.217746394842926 ], [ 135.378057562069586, 34.219054700312746 ], [ 135.378843113123793, 34.22037453093013 ], [ 135.379011447259245, 34.221332576564627 ], [ 135.379369047350224, 34.222093662092227 ], [ 135.379140526294805, 34.223366928034579 ], [ 135.379285262823828, 34.224126934553496 ], [ 135.381111515633876, 34.224437903271578 ], [ 135.382201081122162, 34.22444339839015 ], [ 135.382748559658381, 34.224935102261206 ], [ 135.383287697105857, 34.224854563109439 ], [ 135.383686472525085, 34.22512703063687 ], [ 135.385430805886983, 34.225515561415264 ], [ 135.385779673971172, 34.225766924080624 ], [ 135.385973820839496, 34.226200635289239 ], [ 135.38645058448904, 34.226198233896874 ], [ 135.386551922572522, 34.225371157634427 ], [ 135.386690316160781, 34.225259440024146 ], [ 135.38709917804087, 34.225341215532637 ], [ 135.387242975612963, 34.22462789051356 ], [ 135.387560903741274, 34.224349158659741 ], [ 135.387712420567965, 34.220008458249595 ] ] ] } },
{ "type": "Feature", "properties": { "CITY_NAME": "紀の川市", "S_NAME": "大字善田", "JINKO": 118, "medical_area": "30_那賀医療圏", "町丁目名": "紀の川市大字善田" }, "geometry": { "type": "Polygon", "coordinates": [ [ [ 135.398494603068201, 34.237465649813757 ], [ 135.400850137337017, 34.237033119696598 ], [ 135.401607571669103, 34.237029476205869 ], [ 135.402161052409639, 34.236891437811018 ], [ 135.402336326909705, 34.2366740859391 ], [ 135.407114776926988, 34.236349391525295 ], [ 135.404945267943532, 34.235186843780347 ], [ 135.404695261446051, 34.234870251100716 ], [ 135.404270286028066, 34.232945603832796 ], [ 135.403720298679133, 34.231962412765974 ], [ 135.403810137710281, 34.228850552088801 ], [ 135.403533847575432, 34.22644161655672 ], [ 135.403143709252589, 34.225484677685273 ], [ 135.402506068348288, 34.225321549050314 ], [ 135.402302750084743, 34.225100531253076 ], [ 135.401806876217336, 34.223308324137669 ], [ 135.402368923868153, 34.221654823583904 ], [ 135.402048263689323, 34.220071523061527 ], [ 135.401981896191131, 34.218490152271485 ], [ 135.402169075043105, 34.217725055861813 ], [ 135.402011328787665, 34.216814588859272 ], [ 135.40129572955405, 34.215540916072484 ], [ 135.399895721293433, 34.214558556214207 ], [ 135.399664050428839, 34.214118765345852 ], [ 135.399710099310539, 34.213643435735911 ], [ 135.400347540057538, 34.213906184868208 ], [ 135.401261413422333, 34.213757135442386 ], [ 135.402156810183783, 34.211226828057725 ], [ 135.402096533367768, 34.210822386545487 ], [ 135.401069473633896, 34.210061448314391 ], [ 135.401168591306742, 34.208153473610025 ], [ 135.401371148735763, 34.207555645557413 ], [ 135.400716243670303, 34.206444787399434 ], [ 135.400637320053249, 34.205493969516041 ], [ 135.401267778979616, 34.203670876516092 ], [ 135.400012486819207, 34.202651851501287 ], [ 135.399148198377503, 34.202674491152294 ], [ 135.397686328541255, 34.202425109802697 ], [ 135.396173563457126, 34.202507354288514 ], [ 135.394415373809892, 34.202166890007831 ], [ 135.392416328113399, 34.202282456899731 ], [ 135.392176278323916, 34.201106571228927 ], [ 135.392245565262982, 34.199717265352547 ], [ 135.390614311519784, 34.199762797192911 ], [ 135.390632577894678, 34.201239593629268 ], [ 135.38953399788133, 34.201174230367499 ], [ 135.388220398391979, 34.202820289582938 ], [ 135.387332358453591, 34.202292371656469 ], [ 135.38673626225966, 34.202498842379164 ], [ 135.385447988210473, 34.202380085380653 ], [ 135.385243837444307, 34.203778285023596 ], [ 135.385587373561577, 34.204747362260413 ], [ 135.385243383173759, 34.205567597711195 ], [ 135.386615272327845, 34.206323503835208 ], [ 135.387101107978651, 34.207537838248776 ], [ 135.387098104195189, 34.207953947934456 ], [ 135.386449517874468, 34.209334156839077 ], [ 135.384949615087578, 34.211547680923182 ], [ 135.383299581304499, 34.211917871773586 ], [ 135.38460594557327, 34.212834174809629 ], [ 135.387642112272971, 34.215759590359788 ], [ 135.387071156459086, 34.217267374573886 ], [ 135.38772050538023, 34.217575885996077 ], [ 135.388203065340122, 34.21735024073427 ], [ 135.389307408701654, 34.217847526169948 ], [ 135.388785130902789, 34.218814353485008 ], [ 135.389110254513525, 34.218986989493992 ], [ 135.38982817137736, 34.218883657751334 ], [ 135.389858516812353, 34.219439805534584 ], [ 135.387712420567965, 34.220008458249595 ], [ 135.387560903741274, 34.224349158659741 ], [ 135.387242975612963, 34.22462789051356 ], [ 135.38709917804087, 34.225341215532659 ], [ 135.386690316160781, 34.225259440024139 ], [ 135.386551922572522, 34.225371157634427 ], [ 135.38645058448904, 34.226198233896881 ], [ 135.385973820839553, 34.226200635289239 ], [ 135.386412938752756, 34.227387651472391 ], [ 135.387205931953702, 34.228577558015921 ], [ 135.387302744282181, 34.229046132614741 ], [ 135.387432212235467, 34.230201442828388 ], [ 135.387317442087664, 34.230481611496444 ], [ 135.387336125005504, 34.232234617515793 ], [ 135.387845332383648, 34.232830054239557 ], [ 135.387754310520478, 34.233297691436555 ], [ 135.388205261162938, 34.234158222924336 ], [ 135.38798875808908, 34.234656365977408 ], [ 135.387951246766761, 34.237251609167245 ], [ 135.388024355907845, 34.237532861643757 ], [ 135.388361928626665, 34.237617795036407 ], [ 135.389628109447358, 34.237478433727929 ], [ 135.391216465613496, 34.237819179768096 ], [ 135.392152972346707, 34.237586737320633 ], [ 135.393473356396925, 34.237912745288781 ], [ 135.394281868607806, 34.237800236506992 ], [ 135.395296014858133, 34.23741306002092 ], [ 135.396027949510767, 34.237547946322557 ], [ 135.396831323546479, 34.237988434618998 ], [ 135.398494603068201, 34.237465649813757 ] ] ] } },
{ "type": "Feature", "properties": { "CITY_NAME": "紀の川市", "S_NAME": "大字黒川", "JINKO": 69, "medical_area": "30_那賀医療圏", "町丁目名": "紀の川市大字黒川" }, "geometry": { "type": "Polygon", "coordinates": [ [ [ 135.412641797631949, 34.228456684960534 ], [ 135.412191667790779, 34.225250120334245 ], [ 135.412385010465727, 34.224513791695834 ], [ 135.412054526979574, 34.223839741764905 ], [ 135.411889352918138, 34.222743062093016 ], [ 135.411490649210492, 34.222395334233184 ], [ 135.411532681276782, 34.221615879533957 ], [ 135.412666854090446, 34.221163400327534 ], [ 135.413112341256777, 34.220545336262226 ], [ 135.413136608781286, 34.218606230937525 ], [ 135.413757271675195, 34.217827152756676 ], [ 135.413760663698696, 34.217336551761655 ], [ 135.413650258600853, 34.216835403456948 ], [ 135.412876021931339, 34.216111464714665 ], [ 135.411894170231193, 34.214755181604183 ], [ 135.410715829998736, 34.21420831381289 ], [ 135.410039029653149, 34.214292802298758 ], [ 135.408550569731545, 34.213783563577984 ], [ 135.40686872240093, 34.213529165198807 ], [ 135.406587738339169, 34.213286360779946 ], [ 135.404721017853063, 34.21269479063811 ], [ 135.404222255945882, 34.213209460035735 ], [ 135.402739771535153, 34.213503087278788 ], [ 135.400494463765853, 34.213902118095376 ], [ 135.400052023377043, 34.213874727515567 ], [ 135.399710099310596, 34.213643435735911 ], [ 135.399664050428839, 34.214118765345852 ], [ 135.399895721293433, 34.214558556214207 ], [ 135.40129572955405, 34.215540916072477 ], [ 135.402011328787665, 34.216814588859272 ], [ 135.402169075043105, 34.217725055861813 ], [ 135.401981896191131, 34.218490152271499 ], [ 135.402048263689352, 34.220071523061527 ], [ 135.402368923868153, 34.221654823583904 ], [ 135.401806876217336, 34.223308324137669 ], [ 135.402302750084743, 34.225100531253076 ], [ 135.402506068348288, 34.225321549050314 ], [ 135.403143709252589, 34.225484677685273 ], [ 135.403533847575432, 34.22644161655672 ], [ 135.403788275228692, 34.228304050567502 ], [ 135.403759883717896, 34.230870941299962 ], [ 135.405770198605893, 34.228846406685996 ], [ 135.408207577366284, 34.227355089359655 ], [ 135.408507557483233, 34.227446688523855 ], [ 135.408795026938265, 34.228354930878794 ], [ 135.409207506684083, 34.228696527308429 ], [ 135.409670019495422, 34.228671570344019 ], [ 135.410594904998305, 34.228288385657258 ], [ 135.412369761030874, 34.228230006543015 ], [ 135.412641797631949, 34.228456684960534 ] ] ] } },
{ "type": "Feature", "properties": { "CITY_NAME": "紀の川市", "S_NAME": "大字黒川", "JINKO": 22, "medical_area": "30_那賀医療圏", "町丁目名": "紀の川市大字黒川" }, "geometry": { "type": "Polygon", "coordinates": [ [ [ 135.407977910092882, 34.213778248723592 ], [ 135.408801677657152, 34.211577764959728 ], [ 135.411951497690978, 34.20894248653277 ], [ 135.414512356026165, 34.203889532968553 ], [ 135.412786567110118, 34.203252227538243 ], [ 135.411297249450143, 34.203065674982405 ], [ 135.40789987478442, 34.203102969018424 ], [ 135.405737295604467, 34.203424165350661 ], [ 135.401201790204624, 34.202487402100168 ], [ 135.400012486819207, 34.202651851501287 ], [ 135.401267778979616, 34.203670876516092 ], [ 135.400637320053249, 34.205493969516041 ], [ 135.400716243670303, 34.206444787399413 ], [ 135.401371148735763, 34.207555645557413 ], [ 135.401168591306742, 34.208153473610025 ], [ 135.401069473633896, 34.210061448314391 ], [ 135.402158758446319, 34.210949893990573 ], [ 135.401261413422361, 34.213757135442386 ], [ 135.404222255945882, 34.213209460035735 ], [ 135.404721017853063, 34.21269479063811 ], [ 135.406587738339169, 34.213286360779946 ], [ 135.40686872240093, 34.213529165198807 ], [ 135.407977910092882, 34.213778248723592 ] ] ] } },
{ "type": "Feature", "properties": { "CITY_NAME": "紀の川市", "S_NAME": "大字黒川", "JINKO": 23, "medical_area": "30_那賀医療圏", "町丁目名": "紀の川市大字黒川" }, "geometry": { "type": "Polygon", "coordinates": [ [ [ 135.41253645368235, 34.215577942013596 ], [ 135.414865590248127, 34.215450797306161 ], [ 135.416846082245712, 34.213721772338715 ], [ 135.417624191330503, 34.213421649976063 ], [ 135.418197619965923, 34.213529042957163 ], [ 135.419307511585998, 34.214529362457249 ], [ 135.420440978299439, 34.214702793260408 ], [ 135.421217505952399, 34.212787118849498 ], [ 135.421361335129433, 34.211642187242241 ], [ 135.421760929750349, 34.21116417476712 ], [ 135.422484290285155, 34.209316139750754 ], [ 135.422965535918991, 34.20865029326616 ], [ 135.42277999458247, 34.208198679665763 ], [ 135.422168431231711, 34.207819307312924 ], [ 135.421322932234858, 34.206571362441039 ], [ 135.420159615587835, 34.20577432684366 ], [ 135.418493039351631, 34.205351242735865 ], [ 135.41795304031271, 34.205369220281028 ], [ 135.416733636096239, 34.205821732928399 ], [ 135.415106479539077, 34.205566693768873 ], [ 135.414431533549447, 34.20513338672022 ], [ 135.415149799933033, 34.20437548619055 ], [ 135.414512356026165, 34.203889532968553 ], [ 135.411951497690978, 34.20894248653277 ], [ 135.408801677657152, 34.211577764959728 ], [ 135.407977910092882, 34.213778248723592 ], [ 135.408550569731545, 34.213783563577984 ], [ 135.410039029653149, 34.214292802298758 ], [ 135.410777389922373, 34.214225795896375 ], [ 135.411848911778776, 34.21471594575614 ], [ 135.41253645368235, 34.215577942013596 ] ] ] } },
{ "type": "Feature", "properties": { "CITY_NAME": "紀の川市", "S_NAME": "大字黒川", "JINKO": 25, "medical_area": "30_那賀医療圏", "町丁目名": "紀の川市大字黒川" }, "geometry": { "type": "Polygon", "coordinates": [ [ [ 135.423541659150658, 34.230323055642707 ], [ 135.423855060426462, 34.227681848046608 ], [ 135.423557821797061, 34.225828306971266 ], [ 135.42326531846868, 34.225281106877226 ], [ 135.42320306142912, 34.222672124589131 ], [ 135.423757324211692, 34.221519406556169 ], [ 135.424291039242689, 34.220881423744636 ], [ 135.424645235027242, 34.219609151417487 ], [ 135.425099221902428, 34.219436042601487 ], [ 135.425418886082696, 34.218604063222678 ], [ 135.425325455538228, 34.217723953293635 ], [ 135.425441514360784, 34.216565633658831 ], [ 135.425174077907116, 34.21632619111196 ], [ 135.424776283174424, 34.215464381644153 ], [ 135.423986504939762, 34.215479991828055 ], [ 135.423585878341584, 34.215035959138987 ], [ 135.422640369521162, 34.214938004352838 ], [ 135.422068981734299, 34.214663180112325 ], [ 135.420713269308806, 34.215092858722052 ], [ 135.420440978299439, 34.214702793260408 ], [ 135.419307511585998, 34.214529362457249 ], [ 135.418197619965923, 34.213529042957163 ], [ 135.417624191330503, 34.213421649976063 ], [ 135.416846082245712, 34.213721772338715 ], [ 135.414865590248127, 34.215450797306161 ], [ 135.41253645368235, 34.215577942013596 ], [ 135.413015142546158, 34.216273136527192 ], [ 135.413650258600853, 34.216835403456948 ], [ 135.413772325538218, 34.217746793624357 ], [ 135.413136608781286, 34.218606230937525 ], [ 135.413112341256777, 34.220545336262226 ], [ 135.412666854090446, 34.221163400327534 ], [ 135.41155027913652, 34.221584693437748 ], [ 135.411490649210492, 34.222395334233184 ], [ 135.411889352918138, 34.222743062093016 ], [ 135.412054526979574, 34.223839741764905 ], [ 135.412353009914625, 34.224328830680655 ], [ 135.412385731317983, 34.224740438208819 ], [ 135.412191667790779, 34.225250120334245 ], [ 135.412641797631949, 34.228456684960534 ], [ 135.413432176785847, 34.229296607864249 ], [ 135.414194589650236, 34.230904637018384 ], [ 135.41533200205788, 34.231787769058776 ], [ 135.416196955327706, 34.23208643794446 ], [ 135.417454882612333, 34.231848188531409 ], [ 135.417903628891537, 34.231369289811113 ], [ 135.41967128087154, 34.230852423764752 ], [ 135.420512783333862, 34.230271701237996 ], [ 135.421028981883239, 34.230355562250274 ], [ 135.421471512158377, 34.230131996763674 ], [ 135.42215787634558, 34.23008340312515 ], [ 135.423541659150658, 34.230323055642707 ] ] ] } },
{ "type": "Feature", "properties": { "CITY_NAME": "紀の川市", "S_NAME": "大字野田原", "JINKO": 77, "medical_area": "30_那賀医療圏", "町丁目名": "紀の川市大字野田原" }, "geometry": { "type": "Polygon", "coordinates": [ [ [ 135.412786567110118, 34.203252227538243 ], [ 135.413200101087966, 34.201232021858033 ], [ 135.412336316326531, 34.200679431009178 ], [ 135.411795496414896, 34.199616054848647 ], [ 135.412290610517715, 34.199407566817449 ], [ 135.412576820316275, 34.198438630337023 ], [ 135.412305216875922, 34.197699294382168 ], [ 135.411290566680179, 34.197119492910431 ], [ 135.411251153642041, 34.196443264252174 ], [ 135.408962279722886, 34.195696973004218 ], [ 135.408377693232495, 34.193626848837312 ], [ 135.408222120422693, 34.190935012152302 ], [ 135.406032422292583, 34.189344342329655 ], [ 135.406069354075015, 34.189518499294479 ], [ 135.405555446236093, 34.189698565241599 ], [ 135.404662346426846, 34.189410209953365 ], [ 135.404091429538937, 34.189596753185704 ], [ 135.402945093699458, 34.189449146713315 ], [ 135.401991114798307, 34.189721566961083 ], [ 135.400846061926472, 34.189391518267058 ], [ 135.39971577022078, 34.189277910848091 ], [ 135.398945412467668, 34.188769654759938 ], [ 135.39842527280183, 34.188106824555824 ], [ 135.398156901900762, 34.1873332420002 ], [ 135.397391256382861, 34.18619362360181 ], [ 135.396797460850564, 34.18598207152187 ], [ 135.396410729937088, 34.186588577853549 ], [ 135.39580911729189, 34.186517995356752 ], [ 135.395433977164515, 34.186637854830359 ], [ 135.395274328361154, 34.186204459673533 ], [ 135.39455314099294, 34.185703914252251 ], [ 135.394049217652366, 34.185110199229108 ], [ 135.393465853570859, 34.1853642563295 ], [ 135.393125818882567, 34.185126054135921 ], [ 135.392363131888999, 34.185086352518148 ], [ 135.391694500586283, 34.18403159448205 ], [ 135.390300787116956, 34.185751710245576 ], [ 135.389521583948522, 34.186223259612923 ], [ 135.38852178517871, 34.186083040159261 ], [ 135.388017581632795, 34.186269426460782 ], [ 135.387170360543848, 34.18582751472421 ], [ 135.383584798366655, 34.185815026161556 ], [ 135.38230919247215, 34.186034981761559 ], [ 135.382197453799222, 34.186318971175183 ], [ 135.381799105672883, 34.186423036722914 ], [ 135.38171332251423, 34.18679139610866 ], [ 135.381453837264473, 34.186989837340057 ], [ 135.381544334391634, 34.187342604284119 ], [ 135.380480086480276, 34.188521787164476 ], [ 135.380081971822278, 34.188336364023627 ], [ 135.379609315398397, 34.188342283657285 ], [ 135.379158244709856, 34.187934161258099 ], [ 135.378864778637876, 34.188031562848558 ], [ 135.37887849505637, 34.188190108102958 ], [ 135.379548717941674, 34.188655125784443 ], [ 135.380400376981498, 34.18907330285613 ], [ 135.380688136302552, 34.189078984065667 ], [ 135.381028324241072, 34.188699655204303 ], [ 135.381643055498273, 34.188947868409613 ], [ 135.38162094422097, 34.189260905930823 ], [ 135.381313995006764, 34.189673366782174 ], [ 135.380797338763387, 34.189924036838313 ], [ 135.380624127391826, 34.190372247183099 ], [ 135.380552467522222, 34.191185677319694 ], [ 135.380787267287388, 34.191475220025374 ], [ 135.38076030486431, 34.192453549866542 ], [ 135.382501352528578, 34.193407847854793 ], [ 135.382831944771198, 34.193838035215684 ], [ 135.384005002774671, 34.194597870542673 ], [ 135.384643264933572, 34.195544606877689 ], [ 135.385633209554641, 34.196245749804405 ], [ 135.385555568762271, 34.197032235733246 ], [ 135.386315818132687, 34.197415130836902 ], [ 135.38646979392297, 34.197916401137135 ], [ 135.386330120509768, 34.198012614697539 ], [ 135.385874281421763, 34.19774042278727 ], [ 135.385610269935114, 34.1978750296309 ], [ 135.385461905362831, 34.198494374477107 ], [ 135.385686593793537, 34.198823018258246 ], [ 135.385525708022726, 34.199450469594858 ], [ 135.386413555647948, 34.200210965928925 ], [ 135.386618739982907, 34.200836174277192 ], [ 135.387675912849971, 34.201341984261433 ], [ 135.387936643203858, 34.202296815425228 ], [ 135.387745862091435, 34.202538147181372 ], [ 135.388220398391979, 34.202820289582938 ], [ 135.38953399788133, 34.201174230367499 ], [ 135.390632577894678, 34.201239593629268 ], [ 135.390614311519784, 34.199762797192896 ], [ 135.392245565262982, 34.199717265352533 ], [ 135.392176278323916, 34.201106571228927 ], [ 135.392416328113399, 34.202282456899752 ], [ 135.394415373809892, 34.202166890007831 ], [ 135.396173563457097, 34.202507354288535 ], [ 135.397686328541255, 34.202425109802697 ], [ 135.399612505655654, 34.2026946739986 ], [ 135.401201790204624, 34.202487402100168 ], [ 135.405737295604467, 34.203424165350661 ], [ 135.408737229943654, 34.203071121869506 ], [ 135.411297249450143, 34.203065674982405 ], [ 135.412786567110118, 34.203252227538243 ] ] ] } },
{ "type": "Feature", "properties": { "CITY_NAME": "紀の川市", "S_NAME": "大字野田原", "JINKO": 100, "medical_area": "30_那賀医療圏", "町丁目名": "紀の川市大字野田原" }, "geometry": { "type": "Polygon", "coordinates": [ [ [ 135.387745862091435, 34.202538147181372 ], [ 135.387936643203858, 34.202296815425228 ], [ 135.387734932158935, 34.201416516480307 ], [ 135.387179639492103, 34.200995496019445 ], [ 135.386618739982907, 34.200836174277192 ], [ 135.386413555647948, 34.200210965928925 ], [ 135.385525708022726, 34.199450469594858 ], [ 135.385686593793537, 34.198823018258246 ], [ 135.385461905362831, 34.198494374477107 ], [ 135.385610269935114, 34.1978750296309 ], [ 135.385874281421763, 34.19774042278727 ], [ 135.386330120509768, 34.198012614697539 ], [ 135.38646979392297, 34.197916401137135 ], [ 135.386315818132687, 34.197415130836902 ], [ 135.385555568762271, 34.197032235733246 ], [ 135.385633209554641, 34.196245749804405 ], [ 135.384643264933572, 34.195544606877689 ], [ 135.384005002774671, 34.194597870542673 ], [ 135.382831944771198, 34.193838035215684 ], [ 135.382501352528578, 34.193407847854793 ], [ 135.38076030486431, 34.192453549866542 ], [ 135.380787267287388, 34.191475220025374 ], [ 135.380552467522222, 34.191185677319694 ], [ 135.380624127391826, 34.190372247183099 ], [ 135.380797338763387, 34.189924036838313 ], [ 135.381313995006764, 34.189673366782174 ], [ 135.381689639278164, 34.189022340791276 ], [ 135.381105286889266, 34.18869370484223 ], [ 135.380688136302552, 34.189078984065667 ], [ 135.380400376981498, 34.18907330285613 ], [ 135.378858857941879, 34.188163243798257 ], [ 135.379088924563149, 34.187915215645745 ], [ 135.379609315398397, 34.188342283657285 ], [ 135.380081971822278, 34.188336364023627 ], [ 135.380480086480276, 34.188521787164476 ], [ 135.381544334391634, 34.187342604284119 ], [ 135.381453837264473, 34.186989837340057 ], [ 135.38171332251423, 34.18679139610866 ], [ 135.381799105672883, 34.186423036722914 ], [ 135.382197453799222, 34.186318971175183 ], [ 135.38230919247215, 34.186034981761559 ], [ 135.381342789925213, 34.185867971752906 ], [ 135.380376356728306, 34.186734920134185 ], [ 135.379751583299651, 34.186495245616605 ], [ 135.379128689544956, 34.185998635240395 ], [ 135.378431086424882, 34.186262044863113 ], [ 135.376958960017788, 34.186180336637612 ], [ 135.376200202573045, 34.186460326226687 ], [ 135.375624856617776, 34.186139743076666 ], [ 135.374785992826475, 34.186265066267048 ], [ 135.373794258606438, 34.185499890446145 ], [ 135.372251748951953, 34.185149981398936 ], [ 135.372404781672799, 34.186779601893662 ], [ 135.372734042805007, 34.187981467417586 ], [ 135.372429524093235, 34.188007940556957 ], [ 135.372702845529801, 34.191861326673752 ], [ 135.370918110733129, 34.191378888116255 ], [ 135.368558524997809, 34.191600910849907 ], [ 135.368094477793505, 34.192269891772156 ], [ 135.366564729082199, 34.192150875575287 ], [ 135.365570382643853, 34.191810771010758 ], [ 135.363856008640909, 34.192181683406851 ], [ 135.362997050108817, 34.191574335076673 ], [ 135.36259603824837, 34.190874977352756 ], [ 135.361741733579379, 34.19055374201627 ], [ 135.36139788782512, 34.190775368313481 ], [ 135.361272073767253, 34.191331410617771 ], [ 135.361897365264127, 34.192243936457075 ], [ 135.361986442562909, 34.192797573280281 ], [ 135.360345094436752, 34.192730302125135 ], [ 135.359732575725133, 34.192907700684984 ], [ 135.359940458010868, 34.193053591660686 ], [ 135.361879034717163, 34.193070011394759 ], [ 135.362573945915699, 34.192677365044787 ], [ 135.362420845903983, 34.193819826848937 ], [ 135.363149625910552, 34.195251971440612 ], [ 135.363765150766966, 34.194770869144648 ], [ 135.364853175443272, 34.195413486532502 ], [ 135.365833972984404, 34.195620974674796 ], [ 135.366708608315662, 34.194032307510476 ], [ 135.367094132032861, 34.19377411577355 ], [ 135.371216590381607, 34.194396353138366 ], [ 135.372100033709359, 34.194060116051766 ], [ 135.372845828485879, 34.194198464665405 ], [ 135.373902605257314, 34.19411583368553 ], [ 135.374988661074156, 34.194621460580983 ], [ 135.376619679807533, 34.194752756883382 ], [ 135.380425203883902, 34.201026059151417 ], [ 135.381528069407437, 34.200789642533181 ], [ 135.382099610226362, 34.201395859973054 ], [ 135.384054472346747, 34.201166404465141 ], [ 135.384642296667494, 34.20125261910291 ], [ 135.384984677854561, 34.202388173220037 ], [ 135.38673626225966, 34.202498842379164 ], [ 135.387332358453534, 34.202292371656497 ], [ 135.387745862091435, 34.202538147181372 ] ] ] } },
{ "type": "Feature", "properties": { "CITY_NAME": "紀の川市", "S_NAME": "大字脇谷", "JINKO": 29, "medical_area": "30_那賀医療圏", "町丁目名": "紀の川市大字脇谷" }, "geometry": { "type": "Polygon", "coordinates": [ [ [ 135.373489686703323, 34.206983170954288 ], [ 135.37426562036768, 34.206822613949853 ], [ 135.375099672788167, 34.205786564566367 ], [ 135.375772386683849, 34.205399796885608 ], [ 135.376612147425391, 34.205289701707017 ], [ 135.376948348565264, 34.205541038449574 ], [ 135.377623927902732, 34.205617313681749 ], [ 135.37792585825207, 34.205421213408648 ], [ 135.378294356991461, 34.204684512372005 ], [ 135.379572223357599, 34.204586911256818 ], [ 135.380011218607081, 34.201910560208646 ], [ 135.380425203883902, 34.201026059151417 ], [ 135.376619679807533, 34.194752756883382 ], [ 135.374988661074156, 34.194621460580983 ], [ 135.373902605257314, 34.19411583368553 ], [ 135.372845828485879, 34.194198464665405 ], [ 135.372100033709359, 34.194060116051766 ], [ 135.371216590381607, 34.194396353138366 ], [ 135.367127581230505, 34.193772879390195 ], [ 135.366708608315662, 34.194032307510476 ], [ 135.365833972984404, 34.195620974674796 ], [ 135.364853175443272, 34.195413486532502 ], [ 135.363919945760301, 34.194797308031362 ], [ 135.363594274449582, 34.194814920489989 ], [ 135.363149625910552, 34.195251971440612 ], [ 135.363499530744122, 34.196191375675916 ], [ 135.364451908676358, 34.196935277276914 ], [ 135.364515769685738, 34.197905314430123 ], [ 135.366004694216969, 34.199226557322994 ], [ 135.366238384241541, 34.199797273903975 ], [ 135.366217070452507, 34.200739400751516 ], [ 135.365231760868681, 34.204646002003898 ], [ 135.36529926264393, 34.205747373772724 ], [ 135.3656852594751, 34.206403416494396 ], [ 135.366580325505254, 34.206631732619428 ], [ 135.366902966858419, 34.20738957643205 ], [ 135.367199705843035, 34.207268268390791 ], [ 135.368023524111521, 34.206240788307952 ], [ 135.368405927163906, 34.20624430399117 ], [ 135.369320308291378, 34.205894151618317 ], [ 135.369940687526054, 34.206267256553474 ], [ 135.370872976712775, 34.20618215813542 ], [ 135.371888539458098, 34.206574322211175 ], [ 135.371994828019041, 34.206457239381699 ], [ 135.373045408796173, 34.206690276648501 ], [ 135.373489686703323, 34.206983170954288 ] ] ] } },
{ "type": "Feature", "properties": { "CITY_NAME": "紀の川市", "S_NAME": "大字垣内", "JINKO": 31, "medical_area": "30_那賀医療圏", "町丁目名": "紀の川市大字垣内" }, "geometry": { "type": "Polygon", "coordinates": [ [ [ 135.411778657430659, 34.197398524362235 ], [ 135.412352744807976, 34.197088001929934 ], [ 135.41249062546504, 34.196816786471977 ], [ 135.413602191983642, 34.195937756438589 ], [ 135.413572277930029, 34.194973909198289 ], [ 135.416027351396735, 34.193892239207877 ], [ 135.416315563348974, 34.193544532757265 ], [ 135.416933058592406, 34.193281939768639 ], [ 135.417236824920451, 34.192858937532229 ], [ 135.417918190130194, 34.192458726734948 ], [ 135.417846327139642, 34.191555234136338 ], [ 135.418607609246152, 34.190881536776985 ], [ 135.41809510966462, 34.190523525530388 ], [ 135.419961366678308, 34.190651589625581 ], [ 135.420743869426445, 34.190925083373727 ], [ 135.420983661098063, 34.190844654242873 ], [ 135.421551689440349, 34.19007168414366 ], [ 135.421701418026146, 34.188696455688216 ], [ 135.420949664480901, 34.189621408033972 ], [ 135.420019914448204, 34.189881701299505 ], [ 135.419254589105009, 34.189738736973524 ], [ 135.418744513537177, 34.189324390607915 ], [ 135.417883713838165, 34.187944365105409 ], [ 135.417668003792812, 34.186601784189413 ], [ 135.417455309896468, 34.186328175117019 ], [ 135.417510529850603, 34.185616729931802 ], [ 135.417209815371535, 34.185238031390625 ], [ 135.417158732547108, 34.184813749546805 ], [ 135.416683520672393, 34.184309543763092 ], [ 135.415006928998736, 34.184174615799975 ], [ 135.414614212234596, 34.184228948303677 ], [ 135.414376441444176, 34.184491389778493 ], [ 135.413652948641612, 34.184393258778528 ], [ 135.412964544587339, 34.185106449147185 ], [ 135.411953001831137, 34.185480122882829 ], [ 135.411408507920356, 34.185382837461781 ], [ 135.410434012736232, 34.185643976043721 ], [ 135.410031909336993, 34.18538212515336 ], [ 135.409004968458731, 34.185216847150699 ], [ 135.408286834572408, 34.185412844471323 ], [ 135.407399961819465, 34.185411077466107 ], [ 135.407036409192187, 34.185620338906247 ], [ 135.406328836860524, 34.186725141427075 ], [ 135.40620669185077, 34.187322689563537 ], [ 135.406297330031776, 34.188330085120597 ], [ 135.405958398038479, 34.189092243796992 ], [ 135.406032422292583, 34.189344342329655 ], [ 135.408222120422693, 34.190935012152302 ], [ 135.408377693232495, 34.193626848837312 ], [ 135.408962279722886, 34.195696973004218 ], [ 135.411251153642041, 34.196443264252174 ], [ 135.411290566680179, 34.197119492910431 ], [ 135.411778657430659, 34.197398524362235 ] ] ] } },
{ "type": "Feature", "properties": { "CITY_NAME": "紀の川市", "S_NAME": "大字中畑", "JINKO": 26, "medical_area": "30_那賀医療圏", "町丁目名": "紀の川市大字中畑" }, "geometry": { "type": "Polygon", "coordinates": [ [ [ 135.420159615587835, 34.20577432684366 ], [ 135.420137441990676, 34.205008225581537 ], [ 135.419716316737976, 34.204153446282248 ], [ 135.420150164198503, 34.202719536215469 ], [ 135.421090369308558, 34.202947456897959 ], [ 135.421695370581944, 34.202786366779172 ], [ 135.42211572143114, 34.202474924673822 ], [ 135.422765436486685, 34.200665323285648 ], [ 135.423444163667, 34.200622276288421 ], [ 135.425443928515335, 34.199384971075816 ], [ 135.425326180728916, 34.197973853070557 ], [ 135.424406473078591, 34.19711066794806 ], [ 135.424575529398055, 34.196104202528694 ], [ 135.42564712115518, 34.195203084365971 ], [ 135.424848345867673, 34.195026516138356 ], [ 135.423995813712537, 34.195734101890082 ], [ 135.423064116383017, 34.195993192816587 ], [ 135.422759793355794, 34.196812931666145 ], [ 135.422800923077716, 34.197407475544942 ], [ 135.421925646085612, 34.197880227121786 ], [ 135.42152991416873, 34.197826502897165 ], [ 135.421331375829737, 34.197037082537996 ], [ 135.421020437388563, 34.196773998135107 ], [ 135.421070703199206, 34.196360770676961 ], [ 135.421610567452603, 34.195311424237595 ], [ 135.422009547846102, 34.195057489565251 ], [ 135.422338667920087, 34.194516669434265 ], [ 135.42072712029676, 34.193230295868851 ], [ 135.420573891551328, 34.192939082332529 ], [ 135.421521694623266, 34.192364723164552 ], [ 135.422333791221178, 34.190616628528076 ], [ 135.422396251113724, 34.189603457161027 ], [ 135.422275285353692, 34.189179838467723 ], [ 135.422742044572857, 34.188961836738265 ], [ 135.424733099053725, 34.188869297596256 ], [ 135.426400513761934, 34.189688371503564 ], [ 135.426807769062066, 34.189658851747311 ], [ 135.427749546086034, 34.189340765738471 ], [ 135.427336067938171, 34.188927772223266 ], [ 135.427999636407975, 34.18839834896562 ], [ 135.429540955366178, 34.187848762714957 ], [ 135.430343200056967, 34.187276443868328 ], [ 135.431613530403496, 34.186960278225484 ], [ 135.430070556010747, 34.186481634986414 ], [ 135.429816645894732, 34.186276610572321 ], [ 135.429966710052668, 34.185411195218819 ], [ 135.430328289449392, 34.18508716303905 ], [ 135.430608022508068, 34.183507257843644 ], [ 135.430874756608887, 34.183113192203805 ], [ 135.43045532445413, 34.182447861064482 ], [ 135.430476319991186, 34.181952072027734 ], [ 135.430699449570398, 34.181658391617518 ], [ 135.429603246675526, 34.180834813244822 ], [ 135.429500613894191, 34.18058850633804 ], [ 135.428808569089654, 34.180325513248469 ], [ 135.428554067998334, 34.179902543835851 ], [ 135.42788087167969, 34.179333646645766 ], [ 135.427605615558122, 34.178747017877122 ], [ 135.426781207973448, 34.178559890859759 ], [ 135.425521245704999, 34.179430965797231 ], [ 135.424935198746283, 34.179468795856302 ], [ 135.424077849528544, 34.178721223981604 ], [ 135.423782531857682, 34.176678681911788 ], [ 135.423438582085907, 34.176316846663525 ], [ 135.422923069368721, 34.176210598175857 ], [ 135.422259176026586, 34.176713641402316 ], [ 135.42118257880972, 34.178943581469611 ], [ 135.421124397955651, 34.179684044286873 ], [ 135.417619801646396, 34.182779572689817 ], [ 135.417433410688773, 34.183171168814539 ], [ 135.415716578244826, 34.183659580731124 ], [ 135.415006928998736, 34.184174615799975 ], [ 135.416574691292055, 34.18427239741537 ], [ 135.417158732547108, 34.184813749546805 ], [ 135.417209815371535, 34.185238031390625 ], [ 135.417510529850603, 34.185616729931802 ], [ 135.417455309896468, 34.186328175117019 ], [ 135.417668003792812, 34.186601784189413 ], [ 135.417883713838165, 34.187944365105409 ], [ 135.418948657947226, 34.18954287355664 ], [ 135.41983649917097, 34.18989872051182 ], [ 135.420748958838942, 34.189694556787913 ], [ 135.421075081707897, 34.189526066730089 ], [ 135.421666049888529, 34.188687272172068 ], [ 135.421551689440349, 34.19007168414366 ], [ 135.420983661098063, 34.190844654242873 ], [ 135.420743869426445, 34.190925083373727 ], [ 135.419961366678308, 34.190651589625581 ], [ 135.41809510966462, 34.190523525530388 ], [ 135.418607609246152, 34.190881536776985 ], [ 135.417846327139642, 34.191555234136338 ], [ 135.417918190130194, 34.192458726734948 ], [ 135.417236824920451, 34.192858937532229 ], [ 135.416933058592406, 34.193281939768639 ], [ 135.416315563348974, 34.193544532757265 ], [ 135.416027351396735, 34.193892239207877 ], [ 135.413572277930029, 34.194973909198289 ], [ 135.413602191983642, 34.195937756438589 ], [ 135.41249062546504, 34.196816786471977 ], [ 135.412352744807976, 34.197088001929934 ], [ 135.411778657430659, 34.197398524362235 ], [ 135.412305216875922, 34.197699294382168 ], [ 135.412576820316275, 34.198438630337023 ], [ 135.412290610517715, 34.199407566817449 ], [ 135.411795496414896, 34.199616054848647 ], [ 135.412336316326531, 34.200679431009178 ], [ 135.413200101087966, 34.201232021858033 ], [ 135.412786567110118, 34.203252227538243 ], [ 135.414095714372877, 34.203680874768615 ], [ 135.415149799933033, 34.20437548619055 ], [ 135.414446904918435, 34.20515402632072 ], [ 135.415310796131394, 34.205634587935933 ], [ 135.416590913402445, 34.205821047472185 ], [ 135.418164220041518, 34.205339243098877 ], [ 135.420159615587835, 34.20577432684366 ] ] ] } },
{ "type": "Feature", "properties": { "CITY_NAME": "紀の川市", "S_NAME": "大字峯", "JINKO": 5, "medical_area": "30_那賀医療圏", "町丁目名": "紀の川市大字峯" }, "geometry": { "type": "Polygon", "coordinates": [ [ [ 135.46647123593857, 34.193740900171278 ], [ 135.466370809880686, 34.192955111819259 ], [ 135.466544955460847, 34.192364207533601 ], [ 135.466416918178112, 34.19193695770101 ], [ 135.465544541921332, 34.190732545509761 ], [ 135.464832768419797, 34.190341507070883 ], [ 135.464015482996587, 34.189288480426221 ], [ 135.463003860405024, 34.188696378582506 ], [ 135.462289147638472, 34.188037662126227 ], [ 135.461412352075797, 34.186805881931882 ], [ 135.461017883795705, 34.186802331981312 ], [ 135.460322354201224, 34.186149885165683 ], [ 135.459200514039821, 34.185996225121812 ], [ 135.458256377641078, 34.184775532553317 ], [ 135.457718414129602, 34.184463963848643 ], [ 135.45697167287895, 34.183715762016533 ], [ 135.456554443037703, 34.183622785214659 ], [ 135.455759695437479, 34.183080177226046 ], [ 135.455302395439247, 34.183050975720349 ], [ 135.454008142290377, 34.181429337553901 ], [ 135.454033822098438, 34.180705937663937 ], [ 135.452969934601271, 34.179554828163219 ], [ 135.452604365355256, 34.179601810307865 ], [ 135.452064967962883, 34.179977942207927 ], [ 135.450793881789167, 34.180269540355077 ], [ 135.450259291796584, 34.179902309341919 ], [ 135.449196787334444, 34.179786292157758 ], [ 135.447698321271332, 34.179073702936371 ], [ 135.446920926928641, 34.17910698753186 ], [ 135.446465675608067, 34.178767409128163 ], [ 135.445640238840127, 34.17865126980454 ], [ 135.445097796511504, 34.178803919886356 ], [ 135.442733451213257, 34.177455621651006 ], [ 135.441409237205022, 34.178244131983831 ], [ 135.440918918558566, 34.178272892410774 ], [ 135.440101549856678, 34.177995590270712 ], [ 135.439248000879445, 34.176743553389898 ], [ 135.438694535007755, 34.176781595952328 ], [ 135.437980332400201, 34.176521515831624 ], [ 135.435683158458772, 34.176993753094585 ], [ 135.43415778333889, 34.176496067932653 ], [ 135.433134855672989, 34.176596016166691 ], [ 135.431821577582923, 34.176487245219839 ], [ 135.430352440395666, 34.177347517483504 ], [ 135.429283054588041, 34.177416226695456 ], [ 135.426781207973448, 34.178559890859759 ], [ 135.427655855623698, 34.178780780888026 ], [ 135.42788087167969, 34.179333646645766 ], [ 135.428554067998334, 34.179902543835851 ], [ 135.428808569089654, 34.180325513248469 ], [ 135.429500613894191, 34.18058850633804 ], [ 135.429603246675526, 34.180834813244822 ], [ 135.430699449570398, 34.181658391617518 ], [ 135.430476319991186, 34.181952072027734 ], [ 135.43045532445413, 34.182447861064482 ], [ 135.430874756608887, 34.183113192203805 ], [ 135.430608022508068, 34.183507257843644 ], [ 135.430328289449392, 34.18508716303905 ], [ 135.429966710052668, 34.185411195218819 ], [ 135.429816645894732, 34.186276610572321 ], [ 135.430070556010747, 34.186481634986414 ], [ 135.431613530403496, 34.186960278225484 ], [ 135.430343200056967, 34.187276443868328 ], [ 135.429540955366178, 34.187848762714957 ], [ 135.427999636407975, 34.18839834896562 ], [ 135.427336067938171, 34.188927772223266 ], [ 135.427749546086034, 34.189340765738471 ], [ 135.426807769062066, 34.189658851747311 ], [ 135.426400513761934, 34.189688371503564 ], [ 135.424733099053725, 34.188869297596256 ], [ 135.422385819663191, 34.189078362271054 ], [ 135.422275285353692, 34.189179838467723 ], [ 135.422369310297086, 34.1905032486601 ], [ 135.421521694623266, 34.192364723164552 ], [ 135.420573891551328, 34.192939082332529 ], [ 135.421581433158565, 34.193974656569317 ], [ 135.422322930204842, 34.19444362195398 ], [ 135.422190486090528, 34.194850697204586 ], [ 135.421610567452603, 34.195311424237595 ], [ 135.421002240621817, 34.196556682809565 ], [ 135.421020437388563, 34.196773998135107 ], [ 135.421381661221801, 34.197141145928477 ], [ 135.42152991416873, 34.197826502897165 ], [ 135.421723809203741, 34.197923501979162 ], [ 135.422800923077716, 34.197407475544942 ], [ 135.422759793355794, 34.196812931666145 ], [ 135.423064116383017, 34.195993192816587 ], [ 135.423995813712537, 34.195734101890082 ], [ 135.424848345867673, 34.195026516138356 ], [ 135.42564712115518, 34.195203084365971 ], [ 135.427702657581818, 34.193693291772135 ], [ 135.428416116129085, 34.192642997170502 ], [ 135.430520209564065, 34.192705692370353 ], [ 135.433105634963482, 34.193245163326083 ], [ 135.436205082673183, 34.192288877677534 ], [ 135.437752370367974, 34.192166322921615 ], [ 135.440468558362426, 34.192811582411863 ], [ 135.444567410255075, 34.193078418026147 ], [ 135.445650970439459, 34.192892119160341 ], [ 135.446806205312214, 34.192970404931998 ], [ 135.449691090349404, 34.192493466759764 ], [ 135.451051896946353, 34.190739201593551 ], [ 135.451380089072813, 34.191078323470762 ], [ 135.451907682736419, 34.191108553944552 ], [ 135.452494946977538, 34.19186086472773 ], [ 135.453037110070085, 34.19212316735269 ], [ 135.453554418532065, 34.191705238652048 ], [ 135.454454976362257, 34.191653006183543 ], [ 135.454676366502042, 34.19265415779887 ], [ 135.455419676498963, 34.192599675239855 ], [ 135.456926810143869, 34.193157945530764 ], [ 135.457840189247463, 34.193229850296291 ], [ 135.45832441111358, 34.193417214605155 ], [ 135.459136178879106, 34.1942768299376 ], [ 135.460181216531282, 34.19390076901135 ], [ 135.460662765784008, 34.194507909913661 ], [ 135.461293737271546, 34.19420610472573 ], [ 135.461864378560819, 34.194826026708078 ], [ 135.462669945079142, 34.194712192778475 ], [ 135.463299388147476, 34.195439283075594 ], [ 135.464240987585583, 34.195750046669332 ], [ 135.464317041760836, 34.19625666092098 ], [ 135.464890313591695, 34.196460872032823 ], [ 135.465863770630989, 34.196359295214293 ], [ 135.46647123593857, 34.193740900171278 ] ] ] } },
{ "type": "Feature", "properties": { "CITY_NAME": "紀の川市", "S_NAME": "大字神田", "JINKO": 114, "medical_area": "30_那賀医療圏", "町丁目名": "紀の川市大字神田" }, "geometry": { "type": "Polygon", "coordinates": [ [ [ 135.353334115928419, 34.236270050629592 ], [ 135.352987743795438, 34.23609565770753 ], [ 135.352405190181742, 34.236076801441449 ], [ 135.352432141646233, 34.235307522428229 ], [ 135.352575856938159, 34.235255737860633 ], [ 135.352123303191519, 34.234356295846105 ], [ 135.352343658637011, 34.234201801967544 ], [ 135.352224956270817, 34.233716306261044 ], [ 135.351715219034702, 34.233880678218668 ], [ 135.351241347670339, 34.234355993928062 ], [ 135.351609624637746, 34.235268375545481 ], [ 135.352053720765781, 34.235732069820038 ], [ 135.3520718685524, 34.236492149144134 ], [ 135.353468629323743, 34.236618705197699 ], [ 135.353334115928419, 34.236270050629592 ] ] ] } },
{ "type": "Feature", "properties": { "CITY_NAME": "紀の川市", "S_NAME": "大字最上", "JINKO": 80, "medical_area": "30_那賀医療圏", "町丁目名": "紀の川市大字最上" }, "geometry": { "type": "Polygon", "coordinates": [ [ [ 135.341939309640679, 34.23654126672519 ], [ 135.340392011677409, 34.236252060815985 ], [ 135.340231788459221, 34.23657702564477 ], [ 135.340749500941826, 34.237086370983313 ], [ 135.340950136042949, 34.236842762678769 ], [ 135.341793666166524, 34.23715156891636 ], [ 135.341939309640679, 34.23654126672519 ] ] ] } },
{ "type": "Feature", "properties": { "CITY_NAME": "紀の川市", "S_NAME": "大字最上", "JINKO": 107, "medical_area": "30_那賀医療圏", "町丁目名": "紀の川市大字最上" }, "geometry": { "type": "Polygon", "coordinates": [ [ [ 135.341473381253337, 34.23648833406051 ], [ 135.341634094534385, 34.23594136289946 ], [ 135.341326497470021, 34.235877587406122 ], [ 135.341165570752395, 34.235344665037346 ], [ 135.340557607000335, 34.235285753736207 ], [ 135.340392011677409, 34.236252060815985 ], [ 135.341473381253337, 34.23648833406051 ] ] ] } },
{ "type": "Feature", "properties": { "CITY_NAME": "紀の川市", "S_NAME": "大字前田", "JINKO": 1121, "medical_area": "30_那賀医療圏", "町丁目名": "紀の川市大字前田" }, "geometry": { "type": "Polygon", "coordinates": [ [ [ 135.327670393810138, 34.228387535295312 ], [ 135.327355841131237, 34.227854180501346 ], [ 135.326860625784889, 34.2257962166914 ], [ 135.326824837232266, 34.22459653832103 ], [ 135.327027095103688, 34.222986270504386 ], [ 135.325525835794139, 34.223301742344034 ], [ 135.32532093134094, 34.222642768010203 ], [ 135.32419896285117, 34.222907341812927 ], [ 135.324037711808671, 34.222469202852707 ], [ 135.324121176603654, 34.222263152018009 ], [ 135.323905692922921, 34.222155891952717 ], [ 135.323647033552561, 34.222279416007829 ], [ 135.323436072524714, 34.221685485189361 ], [ 135.322308692443386, 34.221954379393964 ], [ 135.322094000376381, 34.22132985764668 ], [ 135.320913984824017, 34.221600561920134 ], [ 135.320435468062698, 34.220269538784173 ], [ 135.320084918042284, 34.220342820161456 ], [ 135.319861064121767, 34.219721484977192 ], [ 135.320815676737794, 34.219378688523399 ], [ 135.320415080546013, 34.218192206560083 ], [ 135.315439526378043, 34.219391227031551 ], [ 135.314906336918398, 34.218893811362079 ], [ 135.313454413697116, 34.218924719222152 ], [ 135.313394371363216, 34.219250912197865 ], [ 135.313166385818022, 34.219140183463168 ], [ 135.313130688083987, 34.21927127140318 ], [ 135.313657068367718, 34.220137446548001 ], [ 135.313696506162387, 34.220518290298713 ], [ 135.313261196246629, 34.220215808523548 ], [ 135.312424460376207, 34.220080822754213 ], [ 135.312628659725789, 34.220741083703466 ], [ 135.312113933574295, 34.221500994812679 ], [ 135.312116993201045, 34.221907554127448 ], [ 135.312977451311554, 34.221665152230109 ], [ 135.313787129225318, 34.222709419052997 ], [ 135.313999728694512, 34.223218855292593 ], [ 135.313851268003475, 34.225009149847963 ], [ 135.314139319543671, 34.225342923154379 ], [ 135.317817993152374, 34.226266658976456 ], [ 135.319497680108157, 34.22718922064437 ], [ 135.320303594178966, 34.226403703996375 ], [ 135.3207711454844, 34.227403347340143 ], [ 135.322105716962398, 34.228305650920227 ], [ 135.323824789429977, 34.228510657124886 ], [ 135.32515932641715, 34.228353046770657 ], [ 135.325943996786179, 34.228995910109141 ], [ 135.326194038920505, 34.2295317326099 ], [ 135.326837998562041, 34.229695291526482 ], [ 135.327951960451742, 34.230546740726489 ], [ 135.328441624648036, 34.230680287425358 ], [ 135.329737711778733, 34.23033773989961 ], [ 135.329466054455366, 34.230162003121627 ], [ 135.329314763262403, 34.229579817189666 ], [ 135.327670393810138, 34.228387535295312 ] ] ] } },
{ "type": "Feature", "properties": { "CITY_NAME": "紀の川市", "S_NAME": "大字尼寺", "JINKO": 826, "medical_area": "30_那賀医療圏", "町丁目名": "紀の川市大字尼寺" }, "geometry": { "type": "Polygon", "coordinates": [ [ [ 135.309670713629771, 34.23832030154486 ], [ 135.310245302381503, 34.236938921946482 ], [ 135.31080893477835, 34.23690419410444 ], [ 135.311117110861005, 34.236450781089466 ], [ 135.310985313881929, 34.235805014084868 ], [ 135.311553212916834, 34.234768188250086 ], [ 135.311163834820348, 34.233975744381603 ], [ 135.311353972075892, 34.23352477055041 ], [ 135.311309700641715, 34.232418159814593 ], [ 135.311726444218635, 34.231247645213834 ], [ 135.312228381934375, 34.230586557419208 ], [ 135.312614717157089, 34.230597455932632 ], [ 135.312772115087569, 34.230449158795551 ], [ 135.313062024610105, 34.229539799527906 ], [ 135.312601881218882, 34.228884870478502 ], [ 135.312102555353192, 34.228508919638635 ], [ 135.312189843151344, 34.227820147418321 ], [ 135.312081092793164, 34.227538228032337 ], [ 135.312677842730807, 34.227317873975515 ], [ 135.313243883334337, 34.227826048432377 ], [ 135.313861268148969, 34.227889933067125 ], [ 135.313568612370858, 34.227375117941968 ], [ 135.314004775162999, 34.227372484779238 ], [ 135.313515733070631, 34.226423689080519 ], [ 135.313746668642949, 34.226329473051827 ], [ 135.313440786108259, 34.225909530032673 ], [ 135.313851268003475, 34.225009149847963 ], [ 135.313999728694512, 34.223218855292593 ], [ 135.313419844375318, 34.222140797872612 ], [ 135.312977451311554, 34.221665152230109 ], [ 135.312116993201045, 34.221907554127448 ], [ 135.312113933574295, 34.221500994812679 ], [ 135.312395743359332, 34.22122746035906 ], [ 135.311853607970875, 34.221289643938675 ], [ 135.310406282902107, 34.220984856185481 ], [ 135.30963230054337, 34.220619181954198 ], [ 135.309274695394834, 34.220011160865504 ], [ 135.308557927978313, 34.219580862605476 ], [ 135.308435770793324, 34.219988687809511 ], [ 135.308959659294402, 34.220365499728857 ], [ 135.308813604774912, 34.22107873188763 ], [ 135.30759665884753, 34.22070576044328 ], [ 135.307104547667166, 34.221203202530951 ], [ 135.307482143889416, 34.221339861817249 ], [ 135.307191963515152, 34.222054392304166 ], [ 135.307330550462012, 34.222558209845765 ], [ 135.30705375050826, 34.223289578523435 ], [ 135.306681671008249, 34.223560900378693 ], [ 135.30668910771243, 34.224237948949153 ], [ 135.30450551167857, 34.224085293297613 ], [ 135.304427902963027, 34.225250949977458 ], [ 135.304009072733692, 34.225575528657984 ], [ 135.303747164021303, 34.225547278148035 ], [ 135.303740786850625, 34.226571626015335 ], [ 135.304027487712659, 34.22691147322228 ], [ 135.303699417699306, 34.226926516757239 ], [ 135.302434952540779, 34.228931342812373 ], [ 135.300506458956136, 34.230868289762682 ], [ 135.29916789497247, 34.231289882227266 ], [ 135.297975142624495, 34.232145185389761 ], [ 135.300399309646536, 34.233566563028283 ], [ 135.30097805723733, 34.235411137628773 ], [ 135.301900933312368, 34.236359065745219 ], [ 135.30260862765175, 34.236328568060301 ], [ 135.303180262341641, 34.236518740269268 ], [ 135.303749413602333, 34.236314607507978 ], [ 135.3043660450152, 34.23631809713337 ], [ 135.305380251775603, 34.236517099133572 ], [ 135.30580709015959, 34.237290910624147 ], [ 135.306292678351781, 34.237592152576227 ], [ 135.307505932484077, 34.237968069824106 ], [ 135.308396726013683, 34.237762623345937 ], [ 135.308883700715796, 34.237926516338007 ], [ 135.309138520482065, 34.23819419198017 ], [ 135.309027904538283, 34.23899639005645 ], [ 135.309611151741819, 34.238894717066103 ], [ 135.309670713629771, 34.23832030154486 ] ] ] } },
{ "type": "Feature", "properties": { "CITY_NAME": "紀の川市", "S_NAME": "大字上野山", "JINKO": 0, "medical_area": "30_那賀医療圏", "町丁目名": "紀の川市大字上野山" }, "geometry": { "type": "Polygon", "coordinates": [ [ [ 135.307663077496102, 34.213693788002395 ], [ 135.308222246740684, 34.213674261094027 ], [ 135.308148321227293, 34.213154187390771 ], [ 135.308655746734104, 34.21322071821178 ], [ 135.308235348937075, 34.212229323270279 ], [ 135.308287831244172, 34.211740529426443 ], [ 135.306841999142307, 34.211293714479361 ], [ 135.308070220699022, 34.212678321136451 ], [ 135.307607133716488, 34.212799532260718 ], [ 135.307682165922103, 34.213271717874811 ], [ 135.307415857627603, 34.21333515513826 ], [ 135.307663077496102, 34.213693788002395 ] ] ] } },
{ "type": "Feature", "properties": { "CITY_NAME": "紀の川市", "S_NAME": "大字上野山", "JINKO": 649, "medical_area": "30_那賀医療圏", "町丁目名": "紀の川市大字上野山" }, "geometry": { "type": "Polygon", "coordinates": [ [ [ 135.312629548290033, 34.220631493584065 ], [ 135.312424460376207, 34.220080822754213 ], [ 135.313261196246629, 34.220215808523548 ], [ 135.313696506162387, 34.220518290298713 ], [ 135.313166385818022, 34.219140183463168 ], [ 135.313394371363216, 34.219250912197865 ], [ 135.313454413697116, 34.218924719222152 ], [ 135.314906336918398, 34.218893811362079 ], [ 135.314479398467626, 34.21832725661649 ], [ 135.313678330587891, 34.218365181893617 ], [ 135.313487082368113, 34.217178719205187 ], [ 135.313692618810848, 34.215747113704843 ], [ 135.31297143387107, 34.214540923534287 ], [ 135.312982471752463, 34.214230232786264 ], [ 135.312241309229762, 34.214052253286297 ], [ 135.31110646895084, 34.214468630029437 ], [ 135.311200233591478, 34.214688344859482 ], [ 135.310820227601852, 34.214809611136936 ], [ 135.310075225364329, 34.214733583978195 ], [ 135.310010806771743, 34.214596158546073 ], [ 135.307299518053469, 34.214956439381687 ], [ 135.307212264995798, 34.215284729443269 ], [ 135.307416005341793, 34.215367018419073 ], [ 135.307742209989357, 34.216291253947567 ], [ 135.308110274717052, 34.216642678575006 ], [ 135.308138523251159, 34.21788246481195 ], [ 135.308536126176676, 34.217944996054086 ], [ 135.308678766722977, 34.218201332160859 ], [ 135.308721504990075, 34.218606141930373 ], [ 135.30849533218597, 34.21878841679063 ], [ 135.308682026293923, 34.219189671059404 ], [ 135.308557927978313, 34.219580862605476 ], [ 135.309274695394834, 34.220011160865504 ], [ 135.30963230054337, 34.220619181954198 ], [ 135.310677666303945, 34.221081747908364 ], [ 135.31222763819639, 34.221291740067358 ], [ 135.312470246004267, 34.221115747503468 ], [ 135.312629548290033, 34.220631493584065 ] ] ] } },
{ "type": "Feature", "properties": { "CITY_NAME": "紀の川市", "S_NAME": "大字神戸", "JINKO": 1909, "medical_area": "30_那賀医療圏", "町丁目名": "紀の川市大字神戸" }, "geometry": { "type": "Polygon", "coordinates": [ [ [ 135.315439526378043, 34.219391227031551 ], [ 135.320415080546013, 34.218192206560083 ], [ 135.319964294283864, 34.216906274880273 ], [ 135.320847742035255, 34.216701134324687 ], [ 135.320623293721042, 34.216075008160331 ], [ 135.321758117426697, 34.215790111824475 ], [ 135.321540137417713, 34.215160360483857 ], [ 135.324262246855398, 34.214548518467389 ], [ 135.322088030093937, 34.212370706632449 ], [ 135.316862820637397, 34.209583712807003 ], [ 135.313738951987546, 34.206662463656762 ], [ 135.3128336739384, 34.207145782942966 ], [ 135.312933589494378, 34.207385674067325 ], [ 135.312370131432516, 34.207521553608807 ], [ 135.312391815697282, 34.207884829623609 ], [ 135.311816694823705, 34.20791639953049 ], [ 135.311783558685732, 34.207732101667808 ], [ 135.310409211257934, 34.208098387313029 ], [ 135.310510104786772, 34.20846732030752 ], [ 135.310364215741799, 34.208518198662624 ], [ 135.310854812920837, 34.208664779177838 ], [ 135.310817818727969, 34.208835584013521 ], [ 135.310505755588565, 34.20881481373079 ], [ 135.31027311152954, 34.20936429485576 ], [ 135.309831926189531, 34.209135582994634 ], [ 135.309819379622866, 34.208984503455063 ], [ 135.309378774613407, 34.208929482492358 ], [ 135.309403648401542, 34.209503231178289 ], [ 135.309895088500497, 34.209531209792225 ], [ 135.309984922097328, 34.210963060531761 ], [ 135.308834488378068, 34.21100744014219 ], [ 135.308309406719616, 34.211615843050488 ], [ 135.30792551261888, 34.211606777200075 ], [ 135.308287831244172, 34.211740529426443 ], [ 135.308235348937075, 34.212229323270279 ], [ 135.308655746734104, 34.21322071821178 ], [ 135.308148321227293, 34.213154187390771 ], [ 135.308222246740684, 34.213674261094027 ], [ 135.307663077496102, 34.213693788002395 ], [ 135.307415857627603, 34.21333515513826 ], [ 135.307682165922103, 34.213271717874811 ], [ 135.307607133716488, 34.212799532260718 ], [ 135.308070220699022, 34.212678321136451 ], [ 135.307233780172311, 34.211624004422852 ], [ 135.306532787456888, 34.211036999526975 ], [ 135.306125340299246, 34.210446016279015 ], [ 135.306090851580649, 34.209620061153295 ], [ 135.305597712084705, 34.209426961659602 ], [ 135.30495018092077, 34.208506115230975 ], [ 135.302735673117866, 34.209121538210681 ], [ 135.300690877099242, 34.210320512755288 ], [ 135.300585070646719, 34.211585312664397 ], [ 135.300274616794951, 34.212102778508246 ], [ 135.30036361408898, 34.212259648099632 ], [ 135.301408128587951, 34.211850885235492 ], [ 135.303514226675162, 34.211779602288388 ], [ 135.305228326289836, 34.211415456112107 ], [ 135.305623063025138, 34.211881000355419 ], [ 135.305765359686518, 34.212730950616837 ], [ 135.306360174911617, 34.213281158412109 ], [ 135.306357832172722, 34.213438070805829 ], [ 135.306888630925897, 34.213793095359875 ], [ 135.30719212307946, 34.215233481127491 ], [ 135.307299518053469, 34.214956439381687 ], [ 135.310010806771743, 34.214596158546073 ], [ 135.310075225364329, 34.214733583978195 ], [ 135.310820227601852, 34.214809611136936 ], [ 135.311200233591478, 34.214688344859482 ], [ 135.31110646895084, 34.214468630029437 ], [ 135.312241309229762, 34.214052253286297 ], [ 135.312886304579479, 34.214165318411794 ], [ 135.313692618810848, 34.215747113704843 ], [ 135.313487082368113, 34.217178719205187 ], [ 135.313678330587891, 34.218365181893617 ], [ 135.314479398467626, 34.21832725661649 ], [ 135.315439526378043, 34.219391227031551 ] ] ] } },
{ "type": "Feature", "properties": { "CITY_NAME": "紀の川市", "S_NAME": "大字国主", "JINKO": 703, "medical_area": "30_那賀医療圏", "町丁目名": "紀の川市大字国主" }, "geometry": { "type": "Polygon", "coordinates": [ [ [ 135.308834488378068, 34.21100744014219 ], [ 135.309984922097328, 34.210963060531761 ], [ 135.309895088500497, 34.209531209792225 ], [ 135.309403648401542, 34.209503231178289 ], [ 135.309378774613407, 34.208929482492358 ], [ 135.309819379622866, 34.208984503455063 ], [ 135.309831926189531, 34.209135582994634 ], [ 135.31027311152954, 34.20936429485576 ], [ 135.310505755588565, 34.20881481373079 ], [ 135.310817818727969, 34.208835584013521 ], [ 135.310854812920837, 34.208664779177838 ], [ 135.310364215741799, 34.208518198662624 ], [ 135.310510104786772, 34.20846732030752 ], [ 135.310409211257934, 34.208098387313029 ], [ 135.311783558685732, 34.207732101667808 ], [ 135.311816694823705, 34.20791639953049 ], [ 135.312391815697282, 34.207884829623609 ], [ 135.312370131432516, 34.207521553608807 ], [ 135.312933589494378, 34.207385674067325 ], [ 135.3128336739384, 34.207145782942966 ], [ 135.313738951987546, 34.206662463656762 ], [ 135.31233950834374, 34.204798712610987 ], [ 135.311477532629283, 34.203023326461057 ], [ 135.310512436484743, 34.202833231361012 ], [ 135.309299590681547, 34.202795561550523 ], [ 135.309244993668614, 34.204139827246415 ], [ 135.308873645221496, 34.204332836909948 ], [ 135.308858996541886, 34.204793811098064 ], [ 135.308635995806583, 34.204929760040308 ], [ 135.308283581368642, 34.204931436694068 ], [ 135.307863428187829, 34.204704949564281 ], [ 135.307143232006382, 34.204986423450492 ], [ 135.306545177053721, 34.204169823196281 ], [ 135.305961769374903, 34.20421709778649 ], [ 135.305558800712589, 34.205082415942314 ], [ 135.305955470930996, 34.204987038749053 ], [ 135.306211140970987, 34.204583492400715 ], [ 135.30647506166676, 34.204762194001795 ], [ 135.306394539623767, 34.205564256327435 ], [ 135.306787139889337, 34.206236999216557 ], [ 135.306616585401343, 34.206344503783704 ], [ 135.306329058604717, 34.207745910661266 ], [ 135.307083344068559, 34.20790258798673 ], [ 135.305983047527604, 34.209367301108742 ], [ 135.306221631870301, 34.210619121513247 ], [ 135.306841999142307, 34.211293714479361 ], [ 135.308101952903002, 34.211646791404185 ], [ 135.308414939993895, 34.211545300668384 ], [ 135.308834488378068, 34.21100744014219 ] ] ] } },
{ "type": "Feature", "properties": { "CITY_NAME": "紀の川市", "S_NAME": "大字国主", "JINKO": 420, "medical_area": "30_那賀医療圏", "町丁目名": "紀の川市大字国主" }, "geometry": { "type": "Polygon", "coordinates": [ [ [ 135.307671002407574, 34.204761056316435 ], [ 135.308635995806583, 34.204929760040308 ], [ 135.308858996541886, 34.204793811098064 ], [ 135.308873645221496, 34.204332836909948 ], [ 135.309244993668614, 34.204139827246415 ], [ 135.309299590681547, 34.202795561550523 ], [ 135.309053469585052, 34.202752621352317 ], [ 135.308668208126846, 34.202307426077276 ], [ 135.306367498949868, 34.202753531617738 ], [ 135.306266006676054, 34.203461518276164 ], [ 135.305978384773567, 34.203517647294916 ], [ 135.305054586813526, 34.203186314561243 ], [ 135.30499758405935, 34.202683379098225 ], [ 135.304535435668129, 34.202691185773219 ], [ 135.304474711048442, 34.20225485886224 ], [ 135.304621046333381, 34.201915917130663 ], [ 135.30408646440867, 34.201851469532052 ], [ 135.304244649924868, 34.202192137122303 ], [ 135.304040440493281, 34.202951942759604 ], [ 135.303828688673804, 34.202780715196987 ], [ 135.303635238884596, 34.203029093695534 ], [ 135.303422168028504, 34.203013374961102 ], [ 135.302875082301171, 34.202261702540007 ], [ 135.302714549153393, 34.202285019835315 ], [ 135.302956492205368, 34.203032425074085 ], [ 135.303346913448536, 34.203434139647456 ], [ 135.303364820755945, 34.204169846875281 ], [ 135.303545807316937, 34.204118471449767 ], [ 135.303837454569617, 34.203567083313352 ], [ 135.304059630843284, 34.203532140362881 ], [ 135.305684341704051, 34.204601643895245 ], [ 135.305889573105787, 34.204534765941865 ], [ 135.305961769374903, 34.20421709778649 ], [ 135.306545177053721, 34.204169823196281 ], [ 135.307143232006382, 34.204986423450492 ], [ 135.307671002407574, 34.204761056316435 ] ] ] } },
{ "type": "Feature", "properties": { "CITY_NAME": "紀の川市", "S_NAME": "大字井ノ口", "JINKO": 1158, "medical_area": "30_那賀医療圏", "町丁目名": "紀の川市大字井ノ口" }, "geometry": { "type": "Polygon", "coordinates": [ [ [ 135.314640719132001, 34.204864693076345 ], [ 135.314922589928244, 34.205284500302795 ], [ 135.315578480241442, 34.205352676420155 ], [ 135.315637881364552, 34.204830111165798 ], [ 135.316415467559835, 34.204497211287404 ], [ 135.316433553144236, 34.204146272668382 ], [ 135.316837805313526, 34.204123026488801 ], [ 135.316771648928352, 34.204327337758016 ], [ 135.316893951923419, 34.204430287173238 ], [ 135.318399876340294, 34.204320755669478 ], [ 135.31883591611296, 34.204561946019389 ], [ 135.319420602542579, 34.204063423302863 ], [ 135.319829411331682, 34.204084988629468 ], [ 135.3199898392958, 34.203810202139181 ], [ 135.320319545573057, 34.203832877006526 ], [ 135.320605726338613, 34.20326705182709 ], [ 135.320500587091317, 34.20305826959779 ], [ 135.320632364846404, 34.202840796553133 ], [ 135.321145076610122, 34.202562606046961 ], [ 135.321422558205626, 34.202177180120877 ], [ 135.321445317467266, 34.201726533274758 ], [ 135.32085259397374, 34.201633099589912 ], [ 135.320905954370403, 34.201347154213245 ], [ 135.32061262469702, 34.201319047577591 ], [ 135.320841242524978, 34.199533703192223 ], [ 135.321266011259468, 34.198960895502601 ], [ 135.321522036930673, 34.198925264117968 ], [ 135.321675498729661, 34.198517880807373 ], [ 135.322236659777417, 34.198144868725045 ], [ 135.322136063695893, 34.197940478513821 ], [ 135.323290052387961, 34.197659483413752 ], [ 135.323213535200892, 34.196847810929597 ], [ 135.323884428105373, 34.195934188912439 ], [ 135.325970447398049, 34.194893822951009 ], [ 135.328474085702055, 34.19474753527571 ], [ 135.328807354082045, 34.194385078911417 ], [ 135.328743087426233, 34.193620384758326 ], [ 135.328946333209132, 34.193251722338012 ], [ 135.330483027728718, 34.192350828943638 ], [ 135.331529751676584, 34.192078610374011 ], [ 135.331369379308427, 34.19162203238993 ], [ 135.329451986223376, 34.190367567820452 ], [ 135.329104331688285, 34.189956870152024 ], [ 135.328383625977153, 34.189674571509897 ], [ 135.327719200275027, 34.189188884394824 ], [ 135.327748615152871, 34.188594024450616 ], [ 135.32746383731191, 34.188481177231921 ], [ 135.326832632550321, 34.18892313428541 ], [ 135.32610451094763, 34.188466387587447 ], [ 135.32591370029246, 34.188512247220643 ], [ 135.324975703965123, 34.189616271526006 ], [ 135.323384979305303, 34.190760638770207 ], [ 135.32299659771428, 34.190592976802222 ], [ 135.32319290834829, 34.189415990622635 ], [ 135.322484663560857, 34.188881292281962 ], [ 135.321864189563769, 34.189313141546968 ], [ 135.32205595868669, 34.190252234136921 ], [ 135.321959984281165, 34.190351296574413 ], [ 135.321136731201761, 34.190324768211305 ], [ 135.320642923094255, 34.1907763302614 ], [ 135.319676067259877, 34.190847181070126 ], [ 135.319490212624601, 34.19115662094012 ], [ 135.319373246164332, 34.192108514184724 ], [ 135.318442225370063, 34.1926972403447 ], [ 135.318116883161366, 34.193783348309601 ], [ 135.316937668491505, 34.194306729598651 ], [ 135.315664057592016, 34.194277797923796 ], [ 135.314941130318772, 34.194697209656155 ], [ 135.314638653386567, 34.19505994367475 ], [ 135.314767312210734, 34.19576499577429 ], [ 135.314279540998371, 34.19708247319334 ], [ 135.314361983152622, 34.19805787146467 ], [ 135.314145149815374, 34.199396301257778 ], [ 135.313601426965164, 34.2005583685551 ], [ 135.313540755138177, 34.201299973454795 ], [ 135.312672033094742, 34.201746306623924 ], [ 135.310996802057474, 34.202108939606163 ], [ 135.311602807800483, 34.20266467871533 ], [ 135.311477532629283, 34.203023326461057 ], [ 135.31233950834374, 34.204798712610987 ], [ 135.313738951987546, 34.206662463656762 ], [ 135.314656114787596, 34.206181036006114 ], [ 135.314137256797324, 34.20572989996473 ], [ 135.314352876846243, 34.205006064712272 ], [ 135.314640719132001, 34.204864693076345 ] ] ] } },
{ "type": "Feature", "properties": { "CITY_NAME": "紀の川市", "S_NAME": "大字井ノ口", "JINKO": 415, "medical_area": "30_那賀医療圏", "町丁目名": "紀の川市大字井ノ口" }, "geometry": { "type": "Polygon", "coordinates": [ [ [ 135.322969477448794, 34.213230490745012 ], [ 135.322635190385739, 34.205359853671574 ], [ 135.321058990613011, 34.2053511432389 ], [ 135.321113880890636, 34.204868838712486 ], [ 135.320842832910245, 34.204448543699741 ], [ 135.32079053007709, 34.20355811884226 ], [ 135.320605726338613, 34.20326705182709 ], [ 135.320319545573057, 34.203832877006526 ], [ 135.3199898392958, 34.203810202139181 ], [ 135.319829411331682, 34.204084988629468 ], [ 135.319420602542579, 34.204063423302863 ], [ 135.318905444380562, 34.204549512540467 ], [ 135.318399876340294, 34.204320755669478 ], [ 135.316893951923419, 34.204430287173238 ], [ 135.316771648928352, 34.204327337758016 ], [ 135.316837805313526, 34.204123026488801 ], [ 135.316433553144236, 34.204146272668382 ], [ 135.316415467559835, 34.204497211287404 ], [ 135.315637881364552, 34.204830111165798 ], [ 135.315578480241442, 34.205352676420155 ], [ 135.314922589928244, 34.205284500302795 ], [ 135.314735880568634, 34.204853673454295 ], [ 135.314503140640738, 34.204926751114527 ], [ 135.314352876846243, 34.205006064712272 ], [ 135.314137256797324, 34.20572989996473 ], [ 135.314656114787596, 34.206181036006114 ], [ 135.313738951987546, 34.206662463656762 ], [ 135.316862820637397, 34.209583712807003 ], [ 135.322088030093937, 34.212370706632449 ], [ 135.322969477448794, 34.213230490745012 ] ] ] } },
{ "type": "Feature", "properties": { "CITY_NAME": "紀の川市", "S_NAME": "大字高尾", "JINKO": 124, "medical_area": "30_那賀医療圏", "町丁目名": "紀の川市大字高尾" }, "geometry": { "type": "Polygon", "coordinates": [ [ [ 135.324962434298158, 34.205462974099149 ], [ 135.325550955241312, 34.203821315465952 ], [ 135.325166724651183, 34.203592831304036 ], [ 135.324432183012476, 34.203571743593315 ], [ 135.324062365116049, 34.203199791850381 ], [ 135.324783915066035, 34.202578178320636 ], [ 135.324991201961552, 34.201844700650319 ], [ 135.325914592356099, 34.201780612626891 ], [ 135.326837586012715, 34.200547748366283 ], [ 135.327201360201457, 34.200313229726511 ], [ 135.327975902863358, 34.200149985643115 ], [ 135.330027755429569, 34.200325600514347 ], [ 135.330615262319327, 34.200166530268135 ], [ 135.331347620099592, 34.199697355649526 ], [ 135.332316501759266, 34.199520212035814 ], [ 135.33272431853419, 34.199201679492589 ], [ 135.332759641710965, 34.199005363629986 ], [ 135.332759057637929, 34.198157488673566 ], [ 135.332593920098446, 34.197679476451519 ], [ 135.333128490310258, 34.197814658062768 ], [ 135.333476907114289, 34.19830169441952 ], [ 135.334382696277231, 34.198006709486734 ], [ 135.335373229454433, 34.198222959143905 ], [ 135.336130110402905, 34.198081544764548 ], [ 135.336219180258126, 34.196691118326811 ], [ 135.336742496885961, 34.196205569257486 ], [ 135.337356022631894, 34.194408056596494 ], [ 135.334922953422932, 34.194018905678732 ], [ 135.333781698611688, 34.193184696234837 ], [ 135.332655570135614, 34.191976276544942 ], [ 135.332324388188539, 34.191936438968561 ], [ 135.331832450752358, 34.192156469174101 ], [ 135.331529751676584, 34.192078610374011 ], [ 135.330483027728718, 34.192350828943638 ], [ 135.328946333209132, 34.193251722338012 ], [ 135.328743087426233, 34.193620384758326 ], [ 135.328807354082045, 34.194385078911417 ], [ 135.328474085702055, 34.19474753527571 ], [ 135.325970447398049, 34.194893822951009 ], [ 135.323884428105373, 34.195934188912439 ], [ 135.323213535200892, 34.196847810929597 ], [ 135.323290052387961, 34.197659483413752 ], [ 135.322136063695893, 34.197940478513821 ], [ 135.322236659777417, 34.198144868725045 ], [ 135.321675498729661, 34.198517880807373 ], [ 135.321522036930673, 34.198925264117968 ], [ 135.321266011259468, 34.198960895502601 ], [ 135.320841242524978, 34.199533703192223 ], [ 135.32061262469702, 34.201319047577591 ], [ 135.320905954370403, 34.201347154213245 ], [ 135.32085259397374, 34.201633099589912 ], [ 135.321445317467266, 34.201726533274758 ], [ 135.321422558205626, 34.202177180120877 ], [ 135.320500587091317, 34.20305826959779 ], [ 135.32079053007709, 34.20355811884226 ], [ 135.320842832910245, 34.204448543699741 ], [ 135.321113880890636, 34.204868838712486 ], [ 135.321975359670944, 34.204516082709667 ], [ 135.324661642279779, 34.205667828323612 ], [ 135.324962434298158, 34.205462974099149 ] ] ] } },
{ "type": "Feature", "properties": { "CITY_NAME": "紀の川市", "S_NAME": "大字岸小野", "JINKO": 279, "medical_area": "30_那賀医療圏", "町丁目名": "紀の川市大字岸小野" }, "geometry": { "type": "Polygon", "coordinates": [ [ [ 135.328086134803442, 34.209682008172045 ], [ 135.329964830638147, 34.208742138320183 ], [ 135.331556599990449, 34.207012534115705 ], [ 135.332632478283244, 34.206655519332429 ], [ 135.333653840106422, 34.205224520648805 ], [ 135.33694255842272, 34.203907354316186 ], [ 135.337759586720097, 34.203777381694138 ], [ 135.338655932121213, 34.204074935364723 ], [ 135.339811718758227, 34.203415289654231 ], [ 135.339122925899858, 34.203184505938978 ], [ 135.337786627576207, 34.203136730466952 ], [ 135.335334911087671, 34.203976694491374 ], [ 135.333846026825029, 34.204672948055467 ], [ 135.332878964240791, 34.20534483566523 ], [ 135.331850006236579, 34.205596599091741 ], [ 135.330186317475835, 34.205722901283821 ], [ 135.330554478497078, 34.206578134735238 ], [ 135.329425683378247, 34.207086695856574 ], [ 135.329210866056968, 34.207451209758752 ], [ 135.328801509887484, 34.207679146568807 ], [ 135.328551309092802, 34.208395630696941 ], [ 135.328078578971258, 34.208393043632782 ], [ 135.327700994300358, 34.208729617704307 ], [ 135.326853961194047, 34.208643695493961 ], [ 135.326851491107476, 34.208955136665026 ], [ 135.326597008183057, 34.208958671597578 ], [ 135.325900722613653, 34.208059222586805 ], [ 135.326863008991836, 34.207534847870441 ], [ 135.327498074746927, 34.207494942705026 ], [ 135.327888892712707, 34.207114069044088 ], [ 135.328285485200439, 34.207218790792233 ], [ 135.3285314646225, 34.207099978224335 ], [ 135.329093574812305, 34.206524375269716 ], [ 135.329189595125825, 34.205846912491396 ], [ 135.329981375049243, 34.205503299454385 ], [ 135.330069511104853, 34.205093438317043 ], [ 135.330687415143899, 34.204287395542842 ], [ 135.332249780142689, 34.204079538298892 ], [ 135.333321856416404, 34.203662207446627 ], [ 135.333618129690876, 34.203279112062972 ], [ 135.334504898691705, 34.202870343331583 ], [ 135.335606915893266, 34.202074790831183 ], [ 135.337587065757219, 34.201476539118573 ], [ 135.337466445604065, 34.200590546830092 ], [ 135.337100055405699, 34.199931006145881 ], [ 135.336723765361569, 34.199606248756005 ], [ 135.336321516609672, 34.198286977214991 ], [ 135.336130110402905, 34.198081544764548 ], [ 135.335373229454433, 34.198222959143905 ], [ 135.334382696277231, 34.198006709486734 ], [ 135.333476907114289, 34.19830169441952 ], [ 135.333128490310258, 34.197814658062768 ], [ 135.332593920098446, 34.197679476451519 ], [ 135.332778283487244, 34.198472287326325 ], [ 135.33272431853419, 34.199201679492589 ], [ 135.332554010943738, 34.199381202170684 ], [ 135.331929196167408, 34.199682493764136 ], [ 135.331347620099592, 34.199697355649526 ], [ 135.330336961247724, 34.200275168505641 ], [ 135.327975902863358, 34.200149985643115 ], [ 135.327044069473089, 34.200372516790999 ], [ 135.325914592356099, 34.201780612626891 ], [ 135.324991201961552, 34.201844700650319 ], [ 135.324783915066035, 34.202578178320636 ], [ 135.324069739849904, 34.203183773718294 ], [ 135.324432183012476, 34.203571743593315 ], [ 135.325421496717979, 34.203716362782643 ], [ 135.325545083892706, 34.204106959804349 ], [ 135.325264961929037, 34.204890326050801 ], [ 135.32477772363751, 34.205632405379262 ], [ 135.324162468827552, 34.205538723103615 ], [ 135.323214897753331, 34.20503131282527 ], [ 135.323491746945649, 34.205443042063699 ], [ 135.323530173690472, 34.206370857620563 ], [ 135.322629299991377, 34.206363916163234 ], [ 135.322843566581355, 34.210514313562477 ], [ 135.326947070167876, 34.21038291483427 ], [ 135.32690840629337, 34.20973697325396 ], [ 135.328086134803442, 34.209682008172045 ] ] ] } },
{ "type": "Feature", "properties": { "CITY_NAME": "紀の川市", "S_NAME": "大字北", "JINKO": 922, "medical_area": "30_那賀医療圏", "町丁目名": "紀の川市大字北" }, "geometry": { "type": "Polygon", "coordinates": [ [ [ 135.321052630195055, 34.220154343109868 ], [ 135.325941310779399, 34.21903857455127 ], [ 135.327451249015184, 34.219355354653302 ], [ 135.328634995711923, 34.219173073206171 ], [ 135.328443493470644, 34.21816398462348 ], [ 135.328668037724839, 34.218106189163265 ], [ 135.329896412638988, 34.2183782933256 ], [ 135.332321693373615, 34.218201197577613 ], [ 135.332864433233709, 34.21773435819216 ], [ 135.332994766351817, 34.21737106708683 ], [ 135.334721241614517, 34.216079250409123 ], [ 135.335810834592706, 34.215549433234649 ], [ 135.336532602355959, 34.215380351219011 ], [ 135.337046734524336, 34.215032511441954 ], [ 135.337196274862066, 34.215099666916601 ], [ 135.338387729899978, 34.213742082856278 ], [ 135.338830590909453, 34.21299717210821 ], [ 135.339379726271403, 34.212452157971768 ], [ 135.340091444990662, 34.21085842679566 ], [ 135.340674375419894, 34.210085251382928 ], [ 135.340614826406636, 34.209691917537107 ], [ 135.34084686662365, 34.209075188291081 ], [ 135.340782235052984, 34.20839770199273 ], [ 135.341125086078591, 34.207981033175251 ], [ 135.340935375467069, 34.207662362795709 ], [ 135.341434035910652, 34.206673067000409 ], [ 135.342342461997418, 34.206396631379604 ], [ 135.342321492254058, 34.205438776421673 ], [ 135.342566426246918, 34.204686601040343 ], [ 135.344545866928087, 34.203315727576751 ], [ 135.344744383219677, 34.20237947272112 ], [ 135.345393781044862, 34.201080925568995 ], [ 135.345653839902809, 34.199834813558219 ], [ 135.345560347818406, 34.198613860661858 ], [ 135.345066636551962, 34.196371329555532 ], [ 135.344193683323084, 34.195368351158876 ], [ 135.343486974820735, 34.194912671586437 ], [ 135.343031599860694, 34.193996570441534 ], [ 135.342529835700645, 34.194069665688161 ], [ 135.341633139612384, 34.194708472318005 ], [ 135.341079622332245, 34.194743391485616 ], [ 135.340871972399924, 34.195499428159792 ], [ 135.340408347966871, 34.195686257336092 ], [ 135.339830903926924, 34.195445226794604 ], [ 135.339210183722543, 34.19475882324506 ], [ 135.338238284795636, 34.194890361548055 ], [ 135.337356022631894, 34.194408056596494 ], [ 135.336742496885961, 34.196205569257486 ], [ 135.336219180258126, 34.196691118326811 ], [ 135.336130110402905, 34.198081544764548 ], [ 135.336321516609672, 34.198286977214991 ], [ 135.336723765361569, 34.199606248756005 ], [ 135.337100055405699, 34.199931006145881 ], [ 135.337466445604065, 34.200590546830092 ], [ 135.337587065757219, 34.201476539118573 ], [ 135.335606915893266, 34.202074790831183 ], [ 135.334504898691705, 34.202870343331583 ], [ 135.333618129690876, 34.203279112062972 ], [ 135.333321856416404, 34.203662207446627 ], [ 135.332249780142689, 34.204079538298892 ], [ 135.330687415143899, 34.204287395542842 ], [ 135.330069511104853, 34.205093438317043 ], [ 135.329981375049243, 34.205503299454385 ], [ 135.329189595125825, 34.205846912491396 ], [ 135.329093574812305, 34.206524375269716 ], [ 135.3285314646225, 34.207099978224335 ], [ 135.328285485200439, 34.207218790792233 ], [ 135.327888892712707, 34.207114069044088 ], [ 135.327498074746927, 34.207494942705026 ], [ 135.326863008991836, 34.207534847870441 ], [ 135.325900722613653, 34.208059222586805 ], [ 135.326597008183057, 34.208958671597578 ], [ 135.326851491107476, 34.208955136665026 ], [ 135.326853961194047, 34.208643695493961 ], [ 135.327700994300358, 34.208729617704307 ], [ 135.328078578971258, 34.208393043632782 ], [ 135.328551309092802, 34.208395630696941 ], [ 135.328801509887484, 34.207679146568807 ], [ 135.329210866056968, 34.207451209758752 ], [ 135.329425683378247, 34.207086695856574 ], [ 135.330554478497078, 34.206578134735238 ], [ 135.330186317475835, 34.205722901283821 ], [ 135.331850006236579, 34.205596599091741 ], [ 135.332878964240791, 34.20534483566523 ], [ 135.333846026825029, 34.204672948055467 ], [ 135.335334911087671, 34.203976694491374 ], [ 135.337786627576207, 34.203136730466952 ], [ 135.339122925899858, 34.203184505938978 ], [ 135.339811718758227, 34.203415289654231 ], [ 135.338655932121213, 34.204074935364723 ], [ 135.337759586720097, 34.203777381694138 ], [ 135.33694255842272, 34.203907354316186 ], [ 135.333653840106422, 34.205224520648805 ], [ 135.332632478283244, 34.206655519332429 ], [ 135.331556599990449, 34.207012534115705 ], [ 135.329964830638147, 34.208742138320183 ], [ 135.328086134803442, 34.209682008172045 ], [ 135.32690840629337, 34.20973697325396 ], [ 135.326947070167876, 34.21038291483427 ], [ 135.322843566581355, 34.210514313562477 ], [ 135.322969477448794, 34.213230490745012 ], [ 135.324262246855398, 34.214548518467389 ], [ 135.321540137417713, 34.215160360483857 ], [ 135.321758117426697, 34.215790111824475 ], [ 135.320623293721042, 34.216075008160331 ], [ 135.320847742035255, 34.216701134324687 ], [ 135.319964294283864, 34.216906274880273 ], [ 135.320815676737794, 34.219378688523399 ], [ 135.320667913888059, 34.219524090353907 ], [ 135.320818666080498, 34.219487172277923 ], [ 135.321052630195055, 34.220154343109868 ] ] ] } },
{ "type": "Feature", "properties": { "CITY_NAME": "紀の川市", "S_NAME": "大字北", "JINKO": 0, "medical_area": "30_那賀医療圏", "町丁目名": "紀の川市大字北" }, "geometry": { "type": "Polygon", "coordinates": [ [ [ 135.323491746945649, 34.205443042063699 ], [ 135.323214897753331, 34.20503131282527 ], [ 135.321975359670944, 34.204516082709667 ], [ 135.321663775267666, 34.204734112281059 ], [ 135.321121085509475, 34.204768159107743 ], [ 135.321058990613011, 34.2053511432389 ], [ 135.322635190385739, 34.205359853671574 ], [ 135.322629299991377, 34.206363916163234 ], [ 135.323530173690472, 34.206370857620563 ], [ 135.323491746945649, 34.205443042063699 ] ] ] } },
{ "type": "Feature", "properties": { "CITY_NAME": "紀の川市", "S_NAME": "大字長原", "JINKO": 986, "medical_area": "30_那賀医療圏", "町丁目名": "紀の川市大字長原" }, "geometry": { "type": "Polygon", "coordinates": [ [ [ 135.302997861495015, 34.219654928215519 ], [ 135.304113250147225, 34.218229205193182 ], [ 135.30487466694214, 34.218504265087653 ], [ 135.306448940413759, 34.218572475055097 ], [ 135.306596451316977, 34.2185693641147 ], [ 135.306538078778544, 34.218289272560071 ], [ 135.306772329171679, 34.218197623630985 ], [ 135.307421735923185, 34.218822229630526 ], [ 135.307652428375945, 34.218787609955527 ], [ 135.308138523251159, 34.21788246481195 ], [ 135.308110274717052, 34.216642678575006 ], [ 135.307742209989357, 34.216291253947567 ], [ 135.307416005341793, 34.215367018419073 ], [ 135.307212264995798, 34.215284729443269 ], [ 135.306888630925897, 34.213793095359875 ], [ 135.306357832172722, 34.213438070805829 ], [ 135.306360174911617, 34.213281158412109 ], [ 135.305765359686518, 34.212730950616837 ], [ 135.305623063025138, 34.211881000355419 ], [ 135.305147150196404, 34.211363580330357 ], [ 135.303514226675162, 34.211779602288388 ], [ 135.301408128587951, 34.211850885235492 ], [ 135.30036361408898, 34.212259648099632 ], [ 135.300380407216096, 34.211929974374634 ], [ 135.298683191518933, 34.212816906654581 ], [ 135.298476790867852, 34.212991247354665 ], [ 135.298505184634649, 34.213530084691321 ], [ 135.298312282756086, 34.213952991463273 ], [ 135.297498623923474, 34.214546881401844 ], [ 135.297521958261399, 34.214999901435078 ], [ 135.29715126131552, 34.2152483813149 ], [ 135.297323162840058, 34.215815650578719 ], [ 135.297030469001555, 34.215674797523441 ], [ 135.296034312933585, 34.214570463388291 ], [ 135.295923242863694, 34.214132011288562 ], [ 135.294613414581903, 34.214486373333571 ], [ 135.293482864463499, 34.213673964873976 ], [ 135.292581635482549, 34.214333944910805 ], [ 135.291644662218175, 34.214247538555774 ], [ 135.291816860911638, 34.215216149979589 ], [ 135.292776553827366, 34.214770630286949 ], [ 135.29357931265551, 34.215412962206344 ], [ 135.294131691490577, 34.215385995998659 ], [ 135.294441964086047, 34.216307079940272 ], [ 135.294318405209395, 34.216692344903571 ], [ 135.297197529387461, 34.216197244467722 ], [ 135.297616575875139, 34.215967071346334 ], [ 135.298350646774679, 34.216227083775223 ], [ 135.298803389667171, 34.217165730933999 ], [ 135.299785086510894, 34.217447011112711 ], [ 135.299905681821798, 34.217761550183702 ], [ 135.300526527609094, 34.218008225539776 ], [ 135.300572784275715, 34.218243878042585 ], [ 135.301052374609071, 34.218712314682627 ], [ 135.301510785257108, 34.218608147503616 ], [ 135.301701663201214, 34.218708403667236 ], [ 135.302672110885794, 34.219680124608196 ], [ 135.302997861495015, 34.219654928215519 ] ], [ [ 135.305086930736735, 34.216642504318095 ], [ 135.30473905158081, 34.215366394458613 ], [ 135.304980493655961, 34.215327755598729 ], [ 135.30516923620641, 34.216029495482928 ], [ 135.305698889896888, 34.216825854006174 ], [ 135.30559740062597, 34.216945157528272 ], [ 135.305086930736735, 34.216642504318095 ] ] ] } },
{ "type": "Feature", "properties": { "CITY_NAME": "紀の川市", "S_NAME": "大字長原", "JINKO": 804, "medical_area": "30_那賀医療圏", "町丁目名": "紀の川市大字長原" }, "geometry": { "type": "Polygon", "coordinates": [ [ [ 135.298437946848395, 34.213177392818899 ], [ 135.298683191518933, 34.212816906654581 ], [ 135.299406023753676, 34.212530848710735 ], [ 135.30014768910948, 34.211991192595342 ], [ 135.300274597281458, 34.212074323280198 ], [ 135.300585070646719, 34.211585312664397 ], [ 135.300623373566879, 34.210471981646705 ], [ 135.301037652990118, 34.210059489689257 ], [ 135.302735673117866, 34.209121538210681 ], [ 135.304767215647558, 34.208477186944243 ], [ 135.305007729405986, 34.208564759282858 ], [ 135.305597712084705, 34.209426961659602 ], [ 135.306033300932825, 34.209561417597527 ], [ 135.305983047527604, 34.209367301108742 ], [ 135.307083344068559, 34.20790258798673 ], [ 135.306329058604717, 34.207745910661266 ], [ 135.306616585401343, 34.206344503783704 ], [ 135.306787139889337, 34.206236999216557 ], [ 135.306394539623767, 34.205564256327435 ], [ 135.306542512326388, 34.20503008138099 ], [ 135.306388991144303, 34.204646056727391 ], [ 135.306211140970987, 34.204583492400715 ], [ 135.305955470930996, 34.204987038749053 ], [ 135.305558800712589, 34.205082415942314 ], [ 135.305643741871847, 34.204538729142428 ], [ 135.304500130143168, 34.203932303453087 ], [ 135.304059630843284, 34.203532140362881 ], [ 135.303837454569617, 34.203567083313352 ], [ 135.303545807316937, 34.204118471449767 ], [ 135.303364820755945, 34.204169846875281 ], [ 135.303346913448536, 34.203434139647456 ], [ 135.302956492205368, 34.203032425074085 ], [ 135.30270918577915, 34.202349647284237 ], [ 135.302875082301171, 34.202261702540007 ], [ 135.303422168028504, 34.203013374961102 ], [ 135.303635238884596, 34.203029093695534 ], [ 135.303828688673804, 34.202780715196987 ], [ 135.304040440493281, 34.202951942759604 ], [ 135.304244649924868, 34.202192137122303 ], [ 135.30408646440867, 34.201851469532052 ], [ 135.304621046333381, 34.201915917130663 ], [ 135.304474711048442, 34.20225485886224 ], [ 135.304535435668129, 34.202691185773219 ], [ 135.30499758405935, 34.202683379098225 ], [ 135.305054586813526, 34.203186314561243 ], [ 135.305978384773567, 34.203517647294916 ], [ 135.306266006676054, 34.203461518276164 ], [ 135.306367498949868, 34.202753531617738 ], [ 135.308668208126846, 34.202307426077276 ], [ 135.30832986986016, 34.199614825371214 ], [ 135.308518537394633, 34.198800834169056 ], [ 135.309058031192848, 34.19829618904572 ], [ 135.307493446403726, 34.196187468071749 ], [ 135.30671858492002, 34.195672309325822 ], [ 135.30607184421973, 34.194981645508413 ], [ 135.305128506055439, 34.195904901807658 ], [ 135.304499891242273, 34.195946981284898 ], [ 135.304424209218581, 34.196338725965717 ], [ 135.304128347904822, 34.196663578727993 ], [ 135.304442961810082, 34.196802002862555 ], [ 135.30442536714321, 34.19698390324757 ], [ 135.304060047682526, 34.19713171441439 ], [ 135.303271736361069, 34.197198238132039 ], [ 135.302763483128416, 34.19749258136649 ], [ 135.302579512835905, 34.196943985223974 ], [ 135.302234658622098, 34.196958083640489 ], [ 135.301399597222741, 34.197416503474827 ], [ 135.301329664835521, 34.196715995847619 ], [ 135.30069453567404, 34.196765907502993 ], [ 135.30044055156884, 34.197088454261078 ], [ 135.300534861996908, 34.197375374751132 ], [ 135.298780301051067, 34.197986444818866 ], [ 135.299043556158665, 34.198641854221187 ], [ 135.298240249939681, 34.199269335031602 ], [ 135.29814622825873, 34.19962490963821 ], [ 135.297735728764025, 34.200036428724644 ], [ 135.297950642016474, 34.200607325127834 ], [ 135.29726800114716, 34.200238573026851 ], [ 135.296402482440243, 34.200932311176452 ], [ 135.296534490076596, 34.20148723949567 ], [ 135.298190416952309, 34.201560254014353 ], [ 135.297320931449264, 34.202031833687521 ], [ 135.297127173304062, 34.202294708293131 ], [ 135.297597382143096, 34.203351509093473 ], [ 135.297890419055449, 34.203512364730415 ], [ 135.298018655618193, 34.203827512339039 ], [ 135.297994114675049, 34.204252507325457 ], [ 135.297580632150897, 34.204509196173262 ], [ 135.297767503704023, 34.204735510422708 ], [ 135.29768126123011, 34.205179169816866 ], [ 135.296508834858287, 34.205312894952847 ], [ 135.296260203485389, 34.205449517369274 ], [ 135.296099824983941, 34.205846263576611 ], [ 135.296256580485533, 34.205916891782714 ], [ 135.296222382000735, 34.206247872728028 ], [ 135.296863724492823, 34.205913191406289 ], [ 135.296745311653808, 34.206442733904098 ], [ 135.297139613523058, 34.206967891290468 ], [ 135.297517268916152, 34.206970053638962 ], [ 135.297986256042321, 34.207347581923344 ], [ 135.298559916264082, 34.207487783640964 ], [ 135.298930674852954, 34.207868128317607 ], [ 135.29873500810092, 34.208278763384875 ], [ 135.298028212576725, 34.209002580998963 ], [ 135.297854348658603, 34.209523073641734 ], [ 135.296971600332029, 34.209993443678059 ], [ 135.297268938117611, 34.210702015454146 ], [ 135.296850129321825, 34.21177541285531 ], [ 135.297558791182922, 34.212237852949414 ], [ 135.297271964853792, 34.212745726863233 ], [ 135.298505184634649, 34.213530084691321 ], [ 135.298437946848395, 34.213177392818899 ] ], [ [ 135.29990119273873, 34.20819132149893 ], [ 135.299474502414768, 34.208079856438417 ], [ 135.299788487839038, 34.207718353778645 ], [ 135.299563897975503, 34.207346029465853 ], [ 135.299925237640025, 34.20704494605453 ], [ 135.300336336614095, 34.207334798559629 ], [ 135.300061282798481, 34.20761214617761 ], [ 135.300476253229959, 34.208245171660906 ], [ 135.299832289548931, 34.208502102584966 ], [ 135.29990119273873, 34.20819132149893 ] ] ] } },
{ "type": "Feature", "properties": { "CITY_NAME": "紀の川市", "S_NAME": "大字長山", "JINKO": 643, "medical_area": "30_那賀医療圏", "町丁目名": "紀の川市大字長山" }, "geometry": { "type": "Polygon", "coordinates": [ [ [ 135.29804171647865, 34.214222331485686 ], [ 135.298505184634649, 34.213530084691321 ], [ 135.297271964853792, 34.212745726863233 ], [ 135.297558791182922, 34.212237852949414 ], [ 135.296850129321825, 34.21177541285531 ], [ 135.297268938117611, 34.210702015454146 ], [ 135.296971600332029, 34.209993443678059 ], [ 135.297854348658603, 34.209523073641734 ], [ 135.298028212576725, 34.209002580998963 ], [ 135.29873500810092, 34.208278763384875 ], [ 135.298930674852954, 34.207868128317607 ], [ 135.298559916264082, 34.207487783640964 ], [ 135.297986256042321, 34.207347581923344 ], [ 135.297517268916152, 34.206970053638962 ], [ 135.297139613523058, 34.206967891290468 ], [ 135.296745311653808, 34.206442733904098 ], [ 135.296863724492823, 34.205913191406289 ], [ 135.296222382000735, 34.206247872728028 ], [ 135.296256580485533, 34.205916891782714 ], [ 135.296099824983941, 34.205846263576611 ], [ 135.296260203485389, 34.205449517369274 ], [ 135.296508834858287, 34.205312894952847 ], [ 135.29768126123011, 34.205179169816866 ], [ 135.297767503704023, 34.204735510422708 ], [ 135.297580632150897, 34.204509196173262 ], [ 135.297994114675049, 34.204252507325457 ], [ 135.298018655618193, 34.203827512339039 ], [ 135.297890419055449, 34.203512364730415 ], [ 135.297597382143096, 34.203351509093473 ], [ 135.297127173304062, 34.202294708293131 ], [ 135.297320931449264, 34.202031833687521 ], [ 135.298192361255417, 34.201606892705414 ], [ 135.296534490076596, 34.20148723949567 ], [ 135.296402482440243, 34.200932311176452 ], [ 135.29726800114716, 34.200238573026851 ], [ 135.297950642016474, 34.200607325127834 ], [ 135.297735728764025, 34.200036428724644 ], [ 135.29814622825873, 34.19962490963821 ], [ 135.298240249939681, 34.199269335031602 ], [ 135.299043556158665, 34.198641854221187 ], [ 135.298780301051067, 34.197986444818866 ], [ 135.29862045606896, 34.198029763655683 ], [ 135.298756988846009, 34.198268891201003 ], [ 135.298597725166672, 34.198441952580168 ], [ 135.297347167458867, 34.198682442859337 ], [ 135.29656947237288, 34.200580114710789 ], [ 135.296475043420969, 34.200697337921035 ], [ 135.295874507249607, 34.20064965854278 ], [ 135.295787738040502, 34.201013302387942 ], [ 135.294182989429885, 34.200831512673417 ], [ 135.292987426567322, 34.201433733976828 ], [ 135.292565603042561, 34.201399042391031 ], [ 135.29199744387887, 34.202103901450108 ], [ 135.291869290424643, 34.202020191263664 ], [ 135.291596865263841, 34.202230058377353 ], [ 135.29094877541317, 34.202282658974788 ], [ 135.290632358427359, 34.202552561059044 ], [ 135.290201605458975, 34.202429486028677 ], [ 135.289716356405137, 34.202659670316649 ], [ 135.289239355052842, 34.202481526222584 ], [ 135.288410227327319, 34.20257025257682 ], [ 135.287359150808328, 34.202352706759278 ], [ 135.284654707639561, 34.202955222016087 ], [ 135.283658806583901, 34.203749248971064 ], [ 135.28497877472617, 34.204355920112832 ], [ 135.284903385446768, 34.204459721860395 ], [ 135.284032292101813, 34.204244323807437 ], [ 135.283938230881972, 34.204722299101348 ], [ 135.283402686871227, 34.205398852105716 ], [ 135.283254420406877, 34.20516766815291 ], [ 135.283514070706559, 34.204144379946293 ], [ 135.283198316040199, 34.203589349939236 ], [ 135.282795579606642, 34.203637283432045 ], [ 135.282558192335841, 34.204563221367835 ], [ 135.282596101032311, 34.205464427872059 ], [ 135.284606044518824, 34.205581117589432 ], [ 135.285509778849331, 34.206009269769304 ], [ 135.28642244318911, 34.205653683568052 ], [ 135.287665048940909, 34.206488641767933 ], [ 135.287962471113417, 34.207106379295546 ], [ 135.288266549572285, 34.207006720727314 ], [ 135.288712445018064, 34.208071442696117 ], [ 135.289693315064881, 34.209022766725724 ], [ 135.289594034612151, 34.209529733364555 ], [ 135.289888451447467, 34.210311698646109 ], [ 135.289728916794985, 34.210446147454057 ], [ 135.290426451345979, 34.210297204677161 ], [ 135.290597726004705, 34.211039857993981 ], [ 135.291095505863012, 34.211192337471537 ], [ 135.291502497898279, 34.211130594798277 ], [ 135.291932945730821, 34.211742188368468 ], [ 135.291846375301219, 34.212651972911971 ], [ 135.291531492949787, 34.213494794541319 ], [ 135.291644662218175, 34.214247538555774 ], [ 135.292581635482549, 34.214333944910805 ], [ 135.293482864463499, 34.213673964873976 ], [ 135.294613414581903, 34.214486373333571 ], [ 135.295923242863694, 34.214132011288562 ], [ 135.296034312933585, 34.214570463388291 ], [ 135.297030469001555, 34.215674797523441 ], [ 135.297323162840058, 34.215815650578719 ], [ 135.29715126131552, 34.2152483813149 ], [ 135.297521958261399, 34.214999901435078 ], [ 135.297498623923474, 34.214546881401844 ], [ 135.29804171647865, 34.214222331485686 ] ] ] } },
{ "type": "Feature", "properties": { "CITY_NAME": "紀の川市", "S_NAME": "大字長山", "JINKO": 0, "medical_area": "30_那賀医療圏", "町丁目名": "紀の川市大字長山" }, "geometry": { "type": "Polygon", "coordinates": [ [ [ 135.300476253229959, 34.208245171660906 ], [ 135.300061282798481, 34.20761214617761 ], [ 135.300336336614095, 34.207334798559629 ], [ 135.299925237640025, 34.20704494605453 ], [ 135.299563897975503, 34.207346029465853 ], [ 135.299788487839038, 34.207718353778645 ], [ 135.299544264877824, 34.20787036346173 ], [ 135.299474068422882, 34.208132397716746 ], [ 135.299916374220516, 34.208118720969701 ], [ 135.299832289548931, 34.208502102584966 ], [ 135.300476253229959, 34.208245171660906 ] ] ] } },
{ "type": "Feature", "properties": { "CITY_NAME": "紀の川市", "S_NAME": "大字長山", "JINKO": 1919, "medical_area": "30_那賀医療圏", "町丁目名": "紀の川市大字長山" }, "geometry": { "type": "Polygon", "coordinates": [ [ [ 135.291644662218175, 34.214247538555774 ], [ 135.291531492949787, 34.213494794541319 ], [ 135.291846375301219, 34.212651972911971 ], [ 135.291932945730821, 34.211742188368468 ], [ 135.291502497898279, 34.211130594798277 ], [ 135.291095505863012, 34.211192337471537 ], [ 135.290597726004705, 34.211039857993981 ], [ 135.290426451345979, 34.210297204677161 ], [ 135.289728916794985, 34.210446147454057 ], [ 135.289888451447467, 34.210311698646109 ], [ 135.289594034612151, 34.209529733364555 ], [ 135.289693315064881, 34.209022766725724 ], [ 135.288712445018064, 34.208071442696117 ], [ 135.288266549572285, 34.207006720727293 ], [ 135.287962471113417, 34.207106379295524 ], [ 135.287761940195992, 34.206580345375826 ], [ 135.28665221750569, 34.205775321337505 ], [ 135.286318249380599, 34.205664346471686 ], [ 135.285509778849331, 34.206009269769304 ], [ 135.284606044518824, 34.205581117589432 ], [ 135.282596101032311, 34.205464427872059 ], [ 135.282575020147675, 34.205812245727849 ], [ 135.281851080002752, 34.206630248406626 ], [ 135.281671636329236, 34.207218161300297 ], [ 135.280940797542883, 34.207236557457932 ], [ 135.280559615800229, 34.207490276901353 ], [ 135.280018982749255, 34.207582189058463 ], [ 135.28030319370464, 34.209117475898061 ], [ 135.280220254999705, 34.209900632421814 ], [ 135.281006829897279, 34.211672138747346 ], [ 135.281352014439705, 34.213348374910396 ], [ 135.282755851511808, 34.213525773504948 ], [ 135.283435958136124, 34.213838107980642 ], [ 135.287469371150877, 34.21362227212358 ], [ 135.288424838588242, 34.213903074367117 ], [ 135.291644662218175, 34.214247538555774 ] ] ] } },
{ "type": "Feature", "properties": { "CITY_NAME": "紀の川市", "S_NAME": "大字西山", "JINKO": 532, "medical_area": "30_那賀医療圏", "町丁目名": "紀の川市大字西山" }, "geometry": { "type": "Polygon", "coordinates": [ [ [ 135.289520233693821, 34.224040159829322 ], [ 135.29019536209546, 34.22410971222606 ], [ 135.290741298540894, 34.223886778219949 ], [ 135.29155920445757, 34.222623140495436 ], [ 135.292211222093329, 34.222306150127132 ], [ 135.292531697840985, 34.221761294622347 ], [ 135.292853851707292, 34.221533257173512 ], [ 135.292887981845666, 34.220475544301081 ], [ 135.293789501647041, 34.219289283653922 ], [ 135.293726593581766, 34.218505278337865 ], [ 135.294215450279012, 34.218467380842789 ], [ 135.294172990520593, 34.218017207371886 ], [ 135.2959443092779, 34.217940047411041 ], [ 135.296332065766933, 34.218105114059114 ], [ 135.295876839992815, 34.216794412182949 ], [ 135.295981868972547, 34.216449609258625 ], [ 135.294318405209395, 34.216692344903571 ], [ 135.294441964086047, 34.216307079940272 ], [ 135.294131691490577, 34.215385995998659 ], [ 135.29357931265551, 34.215412962206344 ], [ 135.292776553827366, 34.214770630286949 ], [ 135.291816860911638, 34.215216149979589 ], [ 135.291644662218175, 34.214247538555774 ], [ 135.288424838588242, 34.213903074367117 ], [ 135.287469371150877, 34.21362227212358 ], [ 135.283435958136124, 34.213838107980642 ], [ 135.282755851511808, 34.213525773504948 ], [ 135.281615397186499, 34.213312165243053 ], [ 135.278214555253982, 34.214589167788787 ], [ 135.277315478940295, 34.21610820268473 ], [ 135.275638552958469, 34.216424700245902 ], [ 135.27470208981876, 34.217043209387661 ], [ 135.275008121375663, 34.217911917548207 ], [ 135.274992166980667, 34.218300899345039 ], [ 135.274354072728471, 34.222108323248186 ], [ 135.275846540171159, 34.222514670572437 ], [ 135.276372761442218, 34.223128861657997 ], [ 135.277185734535948, 34.223168163261533 ], [ 135.278529685932227, 34.224151720188821 ], [ 135.279239908328805, 34.224250130720996 ], [ 135.279787258529694, 34.224606919966185 ], [ 135.280685667540183, 34.224832077614387 ], [ 135.28153686978473, 34.225495331118339 ], [ 135.281993867041166, 34.225579705224582 ], [ 135.282719323158346, 34.226124307268101 ], [ 135.282860691974548, 34.226623237277963 ], [ 135.282758322350247, 34.227097079500659 ], [ 135.28363851440551, 34.227465224407858 ], [ 135.283953520199674, 34.227796968502894 ], [ 135.284867070045124, 34.228022178934772 ], [ 135.285276806954499, 34.229449611186411 ], [ 135.286194941414493, 34.229355923998426 ], [ 135.287655255755851, 34.228668369511432 ], [ 135.287530652194675, 34.227921183570444 ], [ 135.287133926149124, 34.227095091849286 ], [ 135.287355575980627, 34.225784350035568 ], [ 135.287944285089111, 34.224650554282512 ], [ 135.2889544814918, 34.224532591422232 ], [ 135.289520233693821, 34.224040159829322 ] ] ] } },
{ "type": "Feature", "properties": { "CITY_NAME": "紀の川市", "S_NAME": "大字岸宮", "JINKO": 1824, "medical_area": "30_那賀医療圏", "町丁目名": "紀の川市大字岸宮" }, "geometry": { "type": "Polygon", "coordinates": [ [ [ 135.29916789497247, 34.231289882227266 ], [ 135.300733105056565, 34.230670392833581 ], [ 135.302434952540779, 34.228931342812373 ], [ 135.303699417699306, 34.22692651675726 ], [ 135.304027487712659, 34.226911473222302 ], [ 135.303740786850597, 34.226571626015357 ], [ 135.303747164021303, 34.225547278148035 ], [ 135.304009072733692, 34.225575528657984 ], [ 135.304427902963027, 34.225250949977458 ], [ 135.304493513029286, 34.223950979671862 ], [ 135.305132797716112, 34.223056854413215 ], [ 135.305140236400206, 34.222563016921626 ], [ 135.305538095537372, 34.222125623053323 ], [ 135.305484251689478, 34.221649751467076 ], [ 135.304817126604007, 34.221726973253489 ], [ 135.304512389252494, 34.221592832139741 ], [ 135.304091499728912, 34.220837794984476 ], [ 135.303724459946636, 34.220903329849719 ], [ 135.303535706831184, 34.220749981309503 ], [ 135.303633948529978, 34.220355970135799 ], [ 135.303301932130069, 34.220292104760446 ], [ 135.303345125538328, 34.219993570935479 ], [ 135.302701910379994, 34.21980946920953 ], [ 135.302798614328765, 34.219695775026132 ], [ 135.301615307889534, 34.218656918085145 ], [ 135.301052374609071, 34.218712314682627 ], [ 135.300572784275715, 34.218243878042585 ], [ 135.300526527609094, 34.218008225539776 ], [ 135.299905681821798, 34.217761550183702 ], [ 135.299785086510894, 34.217447011112711 ], [ 135.298989891731992, 34.21729709795602 ], [ 135.298653652456892, 34.216997384844156 ], [ 135.298350646774679, 34.216227083775223 ], [ 135.297616575875139, 34.215967071346334 ], [ 135.297197529387461, 34.216197244467722 ], [ 135.295981868972547, 34.216449609258625 ], [ 135.295876839992815, 34.216794412182949 ], [ 135.296332065766933, 34.218105114059114 ], [ 135.2959443092779, 34.217940047411041 ], [ 135.294172990520593, 34.218017207371886 ], [ 135.294215450279012, 34.218467380842789 ], [ 135.293726593581766, 34.218505278337865 ], [ 135.293789501647041, 34.219289283653922 ], [ 135.292887981845666, 34.220475544301081 ], [ 135.292853851707292, 34.221533257173512 ], [ 135.292531697840985, 34.221761294622347 ], [ 135.292211222093329, 34.222306150127146 ], [ 135.29155920445757, 34.222623140495436 ], [ 135.290741298540894, 34.22388677821997 ], [ 135.29019536209546, 34.22410971222606 ], [ 135.289687519770496, 34.223975485245454 ], [ 135.2889544814918, 34.224532591422232 ], [ 135.287944285089111, 34.224650554282512 ], [ 135.287355575980627, 34.225784350035568 ], [ 135.287133926149124, 34.227095091849314 ], [ 135.287530652194675, 34.227921183570459 ], [ 135.287655255755851, 34.228668369511432 ], [ 135.289260955780293, 34.229590523563296 ], [ 135.29045541712739, 34.229707456404384 ], [ 135.290793959935684, 34.23038812548252 ], [ 135.291523231756202, 34.23071760532472 ], [ 135.292787416100964, 34.231769724519964 ], [ 135.29348496791539, 34.231822341008126 ], [ 135.295346135099606, 34.231152780837498 ], [ 135.296040563198773, 34.231126900987029 ], [ 135.296712422942363, 34.231306697349154 ], [ 135.297975142624495, 34.232145185389761 ], [ 135.29916789497247, 34.231289882227266 ] ] ] } },
{ "type": "Feature", "properties": { "CITY_NAME": "紀の川市", "S_NAME": "大字鳥居", "JINKO": 0, "medical_area": "30_那賀医療圏", "町丁目名": "紀の川市大字鳥居" }, "geometry": { "type": "Polygon", "coordinates": [ [ [ 135.305698889896888, 34.216825854006174 ], [ 135.304980493655961, 34.215327755598729 ], [ 135.30473905158081, 34.215366394458613 ], [ 135.305049971186435, 34.216589892646077 ], [ 135.30559740062597, 34.216945157528272 ], [ 135.305698889896888, 34.216825854006174 ] ] ] } },
{ "type": "Feature", "properties": { "CITY_NAME": "紀の川市", "S_NAME": "大字鳥居", "JINKO": 260, "medical_area": "30_那賀医療圏", "町丁目名": "紀の川市大字鳥居" }, "geometry": { "type": "Polygon", "coordinates": [ [ [ 135.307191963515152, 34.222054392304166 ], [ 135.307482143889416, 34.221339861817249 ], [ 135.307104547667166, 34.221203202530951 ], [ 135.307457467683946, 34.220763998552179 ], [ 135.307967635782489, 34.220738983959158 ], [ 135.308813604774912, 34.22107873188763 ], [ 135.308946582784188, 34.220305416207367 ], [ 135.308395748806277, 34.219905773567682 ], [ 135.308682026293923, 34.219189671059404 ], [ 135.30849533218597, 34.21878841679063 ], [ 135.308731218949703, 34.218407856358922 ], [ 135.308536126176676, 34.217944996054086 ], [ 135.308138523251159, 34.21788246481195 ], [ 135.307755121400703, 34.218697330096717 ], [ 135.307440346505246, 34.218822334628243 ], [ 135.306772329171679, 34.218197623630985 ], [ 135.306538078778544, 34.218289272560071 ], [ 135.306596451316977, 34.2185693641147 ], [ 135.306448940413759, 34.218572475055097 ], [ 135.30487466694214, 34.218504265087653 ], [ 135.304113250147225, 34.218229205193182 ], [ 135.302997861495015, 34.219654928215519 ], [ 135.302701910379994, 34.21980946920953 ], [ 135.303345125538328, 34.219993570935479 ], [ 135.303301932130069, 34.220292104760446 ], [ 135.303633948529978, 34.220355970135799 ], [ 135.303535706831184, 34.220749981309503 ], [ 135.303724459946636, 34.220903329849719 ], [ 135.304091499728912, 34.220837794984476 ], [ 135.304512389252494, 34.221592832139741 ], [ 135.304817126604007, 34.221726973253489 ], [ 135.305484251689478, 34.221649751467076 ], [ 135.305538095537372, 34.222125623053323 ], [ 135.305140236400206, 34.222563016921626 ], [ 135.305132797716112, 34.223056854413215 ], [ 135.30450551167857, 34.224085293297613 ], [ 135.30668910771243, 34.224237948949153 ], [ 135.306681671008249, 34.223560900378693 ], [ 135.30705375050826, 34.223289578523435 ], [ 135.307330550462012, 34.222558209845765 ], [ 135.307191963515152, 34.222054392304166 ] ] ] } },
{ "type": "Feature", "properties": { "CITY_NAME": "紀の川市", "S_NAME": "大字北山", "JINKO": 762, "medical_area": "30_那賀医療圏", "町丁目名": "紀の川市大字北山" }, "geometry": { "type": "Polygon", "coordinates": [ [ [ 135.311063540675661, 34.237998917263027 ], [ 135.312555905188191, 34.237725688101605 ], [ 135.313009897839976, 34.237476073802121 ], [ 135.314065672183233, 34.237360270818229 ], [ 135.314869524678642, 34.236910740185699 ], [ 135.315471672061364, 34.236863529592902 ], [ 135.316555524188459, 34.237453616276866 ], [ 135.318417316277532, 34.236747936962466 ], [ 135.319242049239421, 34.235932670852911 ], [ 135.321312990913611, 34.236115298403057 ], [ 135.321404034725333, 34.235722642770845 ], [ 135.321081263877772, 34.235501950528302 ], [ 135.321365256888271, 34.235169807724276 ], [ 135.321762058612023, 34.234008019550046 ], [ 135.321331056900647, 34.23342610958769 ], [ 135.321160003335422, 34.23288226307762 ], [ 135.322459607316517, 34.232844649310323 ], [ 135.322686551508554, 34.231235088289921 ], [ 135.321606822741046, 34.229756642356314 ], [ 135.321815790852753, 34.229572979594835 ], [ 135.323184812777527, 34.229649702394489 ], [ 135.323361218566845, 34.228945353715957 ], [ 135.323457653185358, 34.229011670263318 ], [ 135.323367584574157, 34.228456017131734 ], [ 135.322105716962398, 34.228305650920227 ], [ 135.32091832605758, 34.227554325620254 ], [ 135.320303594178966, 34.226403703996375 ], [ 135.319497680108157, 34.22718922064437 ], [ 135.317817993152374, 34.226266658976456 ], [ 135.314139319543671, 34.225342923154379 ], [ 135.313851268003475, 34.225009149847963 ], [ 135.313440786108259, 34.225909530032702 ], [ 135.313746668642949, 34.226329473051834 ], [ 135.313515733070631, 34.226423689080526 ], [ 135.314004775162999, 34.227372484779238 ], [ 135.313568612370858, 34.227375117941968 ], [ 135.313861268148969, 34.227889933067146 ], [ 135.313243883334337, 34.227826048432377 ], [ 135.312677842730807, 34.227317873975515 ], [ 135.312081092793164, 34.227538228032358 ], [ 135.312189843151344, 34.227820147418321 ], [ 135.312102555353192, 34.228508919638635 ], [ 135.312601881218882, 34.228884870478502 ], [ 135.313062024610105, 34.229539799527906 ], [ 135.312772115087569, 34.230449158795551 ], [ 135.312614717157089, 34.230597455932632 ], [ 135.312228381934375, 34.230586557419208 ], [ 135.311528886669265, 34.231673362315476 ], [ 135.31126101889555, 34.232784562329755 ], [ 135.311353972075892, 34.23352477055041 ], [ 135.311163834820348, 34.233975744381603 ], [ 135.311509241755743, 34.234559318213712 ], [ 135.311528758395497, 34.234970474560029 ], [ 135.310985313881929, 34.235805014084868 ], [ 135.311117110861005, 34.236450781089466 ], [ 135.310939379154092, 34.236772088182981 ], [ 135.310245302381503, 34.236938921946482 ], [ 135.309670713629771, 34.23832030154486 ], [ 135.309611151741819, 34.238894717066103 ], [ 135.310805907589213, 34.238419797890671 ], [ 135.311063540675661, 34.237998917263027 ] ] ] } },
{ "type": "Feature", "properties": { "CITY_NAME": "紀の川市", "S_NAME": "大字丸栖", "JINKO": 645, "medical_area": "30_那賀医療圏", "町丁目名": "紀の川市大字丸栖" }, "geometry": { "type": "Polygon", "coordinates": [ [ [ 135.318861833027455, 34.239520450113282 ], [ 135.319128429227902, 34.239324572271606 ], [ 135.319413596275808, 34.239724248919138 ], [ 135.320030143377437, 34.239386200657478 ], [ 135.320160307397259, 34.238707230744808 ], [ 135.320529288803897, 34.238137911445953 ], [ 135.320086239755511, 34.237983319118435 ], [ 135.320525341673033, 34.23777937906582 ], [ 135.320532421107146, 34.237505147144041 ], [ 135.320903629422588, 34.237380984179666 ], [ 135.321848462649086, 34.237482705262849 ], [ 135.32284336743183, 34.237363390999882 ], [ 135.323006043811461, 34.236867728501615 ], [ 135.323776694800728, 34.236698428851909 ], [ 135.323959940418916, 34.236264722253367 ], [ 135.324358556580364, 34.236169297267807 ], [ 135.324772403405149, 34.235657692896694 ], [ 135.325861117439416, 34.235511684201931 ], [ 135.326343318959346, 34.234688570651436 ], [ 135.326999763824602, 34.234278304972065 ], [ 135.326953673835305, 34.234102250040834 ], [ 135.326424447535658, 34.234158651011292 ], [ 135.326605232293787, 34.233439953380795 ], [ 135.326260091886354, 34.233371146939852 ], [ 135.326239043169778, 34.232952092659829 ], [ 135.32651810337191, 34.23238353541857 ], [ 135.326417990466553, 34.231835153719494 ], [ 135.326714718122929, 34.231817060700202 ], [ 135.32652430625933, 34.230829805577322 ], [ 135.326609005336735, 34.230591499991817 ], [ 135.326904042028673, 34.230198550143669 ], [ 135.327190830235367, 34.230294222008986 ], [ 135.327357350738566, 34.230115246856705 ], [ 135.326837998562041, 34.229695291526482 ], [ 135.326194038920505, 34.2295317326099 ], [ 135.325943996786179, 34.228995910109141 ], [ 135.32515932641715, 34.228353046770657 ], [ 135.323367584574157, 34.228456017131734 ], [ 135.323457653185358, 34.229011670263318 ], [ 135.323361218566845, 34.228945353715957 ], [ 135.323184812777527, 34.229649702394489 ], [ 135.321815790852753, 34.229572979594835 ], [ 135.321606822741046, 34.229756642356314 ], [ 135.322686551508554, 34.231235088289921 ], [ 135.322459607316489, 34.232844649310344 ], [ 135.321160003335422, 34.23288226307762 ], [ 135.321331056900647, 34.23342610958769 ], [ 135.321762058612023, 34.234008019550046 ], [ 135.321365256888271, 34.235169807724276 ], [ 135.321081263877772, 34.235501950528302 ], [ 135.321404034725333, 34.235722642770845 ], [ 135.321312990913611, 34.236115298403057 ], [ 135.319242049239421, 34.235932670852911 ], [ 135.318417316277532, 34.236747936962487 ], [ 135.316555524188459, 34.237453616276909 ], [ 135.315471672061364, 34.236863529592902 ], [ 135.314706855222084, 34.236954628598497 ], [ 135.314065672183233, 34.237360270818229 ], [ 135.314839554541066, 34.239039531584524 ], [ 135.31528041944793, 34.23896592276499 ], [ 135.315616208069088, 34.239584099297105 ], [ 135.316603242100683, 34.239807804885835 ], [ 135.317967135661519, 34.240692159262501 ], [ 135.31826990640829, 34.240664821894505 ], [ 135.318892884499888, 34.240019156987231 ], [ 135.318861833027455, 34.239520450113282 ] ] ] } },
{ "type": "Feature", "properties": { "CITY_NAME": "紀の川市", "S_NAME": "大字丸栖", "JINKO": 605, "medical_area": "30_那賀医療圏", "町丁目名": "紀の川市大字丸栖" }, "geometry": { "type": "Polygon", "coordinates": [ [ [ 135.335970671467805, 34.237029024862501 ], [ 135.335915703416362, 34.235224354372576 ], [ 135.33526483170337, 34.234171647377984 ], [ 135.333123739154928, 34.231864171405434 ], [ 135.33247818622732, 34.231371711551439 ], [ 135.331448366362253, 34.231106627416423 ], [ 135.329737711778733, 34.23033773989961 ], [ 135.328441624648036, 34.230680287425358 ], [ 135.327951960451742, 34.230546740726489 ], [ 135.327357350738566, 34.230115246856705 ], [ 135.327190830235367, 34.230294222008986 ], [ 135.326904042028673, 34.230198550143669 ], [ 135.326609005336735, 34.230591499991817 ], [ 135.32652430625933, 34.230829805577322 ], [ 135.326714718122929, 34.231817060700202 ], [ 135.326417990466553, 34.231835153719494 ], [ 135.32651810337191, 34.23238353541857 ], [ 135.326255438930673, 34.23277778922531 ], [ 135.326260091886354, 34.233371146939852 ], [ 135.326605232293787, 34.233439953380795 ], [ 135.326424447535658, 34.234158651011292 ], [ 135.326953673835305, 34.234102250040834 ], [ 135.326999763824602, 34.234278304972065 ], [ 135.326343318959346, 34.234688570651436 ], [ 135.32602482983495, 34.235287618421154 ], [ 135.325964899174465, 34.235423085562239 ], [ 135.326294717867825, 34.235868064694678 ], [ 135.328047764522324, 34.236520032132091 ], [ 135.335970671467805, 34.237029024862501 ] ] ] } },
{ "type": "Feature", "properties": { "CITY_NAME": "紀の川市", "S_NAME": "大字丸栖", "JINKO": 581, "medical_area": "30_那賀医療圏", "町丁目名": "紀の川市大字丸栖" }, "geometry": { "type": "Polygon", "coordinates": [ [ [ 135.329595380183832, 34.241703417702816 ], [ 135.331944646920675, 34.240793262122899 ], [ 135.334887790171194, 34.239291684230345 ], [ 135.335702845826034, 34.238468506471847 ], [ 135.335970671467805, 34.237029024862501 ], [ 135.327688672199315, 34.236465662336798 ], [ 135.327446454438274, 34.236243596656479 ], [ 135.326294717867825, 34.235868064694678 ], [ 135.325964899174465, 34.235423085562239 ], [ 135.325261517178433, 34.235613193275967 ], [ 135.324588781341049, 34.238238365465122 ], [ 135.324243932508494, 34.238571309366314 ], [ 135.324384392277437, 34.238839451152224 ], [ 135.324076973914458, 34.239077938989951 ], [ 135.323558477211549, 34.23909283075271 ], [ 135.323219361431995, 34.239471587465736 ], [ 135.32333533641895, 34.239868911929491 ], [ 135.322010035959551, 34.240035850983801 ], [ 135.321813596966393, 34.240790243234621 ], [ 135.322217508831756, 34.241455118277145 ], [ 135.323209370149385, 34.24168527574718 ], [ 135.3242021917535, 34.241589039097775 ], [ 135.324935010200505, 34.241750280536635 ], [ 135.325731972831846, 34.242781167096673 ], [ 135.329595380183832, 34.241703417702816 ] ] ] } },
{ "type": "Feature", "properties": { "CITY_NAME": "紀の川市", "S_NAME": "大字丸栖", "JINKO": 434, "medical_area": "30_那賀医療圏", "町丁目名": "紀の川市大字丸栖" }, "geometry": { "type": "Polygon", "coordinates": [ [ [ 135.319818662029178, 34.240748778506799 ], [ 135.321813596966393, 34.240790243234621 ], [ 135.322010035959551, 34.240035850983801 ], [ 135.32333533641895, 34.239868911929491 ], [ 135.323219361431995, 34.239471587465736 ], [ 135.323558477211549, 34.23909283075271 ], [ 135.324076973914458, 34.239077938989929 ], [ 135.324384392277437, 34.238839451152224 ], [ 135.324243932508494, 34.238571309366314 ], [ 135.324588781341049, 34.238238365465122 ], [ 135.325261517178433, 34.235613193275967 ], [ 135.324772403405149, 34.235657692896673 ], [ 135.324358556580393, 34.236169297267779 ], [ 135.323959940418916, 34.236264722253367 ], [ 135.323776694800728, 34.236698428851909 ], [ 135.323006043811461, 34.236867728501586 ], [ 135.32284336743183, 34.237363390999882 ], [ 135.321848462649086, 34.237482705262849 ], [ 135.320903629422588, 34.237380984179666 ], [ 135.320532421107146, 34.237505147144041 ], [ 135.320525341673033, 34.23777937906582 ], [ 135.320086239755511, 34.237983319118435 ], [ 135.320529288803897, 34.238137911445953 ], [ 135.320160307397259, 34.238707230744808 ], [ 135.320089211712144, 34.239312149280742 ], [ 135.319413596275808, 34.239724248919138 ], [ 135.319128429227902, 34.239324572271606 ], [ 135.31888972267825, 34.239442986199656 ], [ 135.318892884499888, 34.240019156987231 ], [ 135.31826990640829, 34.240664821894505 ], [ 135.318729978388916, 34.240881638147151 ], [ 135.319818662029178, 34.240748778506799 ] ] ] } },
{ "type": "Feature", "properties": { "CITY_NAME": "岩出市", "S_NAME": "大字岡田", "JINKO": 2374, "medical_area": "30_那賀医療圏", "町丁目名": "岩出市大字岡田" }, "geometry": { "type": "Polygon", "coordinates": [ [ [ 135.333809709806872, 34.263572263497622 ], [ 135.333740826285492, 34.262779061903551 ], [ 135.333882353247475, 34.262521608280181 ], [ 135.334826640296342, 34.262499951255116 ], [ 135.334563172207936, 34.261892632341826 ], [ 135.336636402350535, 34.261916001218118 ], [ 135.336427761092466, 34.261509584780605 ], [ 135.336498494418549, 34.261003410594576 ], [ 135.336101140063079, 34.259999551354902 ], [ 135.335604752081878, 34.257538586312897 ], [ 135.334941978994806, 34.25691559586609 ], [ 135.334992288628371, 34.2560841906541 ], [ 135.334462351710243, 34.25554996692253 ], [ 135.334395806275325, 34.255232374223617 ], [ 135.334835596487125, 34.254636354057304 ], [ 135.334672444878635, 34.254306685101575 ], [ 135.334616757964369, 34.252905038342099 ], [ 135.334413722089096, 34.252562335370051 ], [ 135.334639748882722, 34.252435370313471 ], [ 135.334057483987777, 34.251263018193363 ], [ 135.334467621597611, 34.248163343778529 ], [ 135.334274297552582, 34.247902960124065 ], [ 135.333169136430712, 34.247469149937849 ], [ 135.332189558448107, 34.247389590645533 ], [ 135.328184467617177, 34.247385214324083 ], [ 135.324717560207517, 34.247950942865977 ], [ 135.324612379824146, 34.249375667209982 ], [ 135.324905344433461, 34.251171233037454 ], [ 135.32516654349439, 34.251612315869671 ], [ 135.32637111093706, 34.251132086669195 ], [ 135.326498460887194, 34.251760915755668 ], [ 135.326450008316783, 34.253095372422223 ], [ 135.326981029501553, 34.25349482623475 ], [ 135.326706509805433, 34.254789453448694 ], [ 135.326412450114191, 34.255149171024122 ], [ 135.326433038038743, 34.255823480778453 ], [ 135.325806080538314, 34.256189120826313 ], [ 135.326345887518016, 34.256674976452203 ], [ 135.32636400747495, 34.257962613589008 ], [ 135.32674187234997, 34.25800398421908 ], [ 135.326865123349535, 34.258558130619733 ], [ 135.326723050674673, 34.258588767010686 ], [ 135.326767965158012, 34.258887372079798 ], [ 135.326938243923877, 34.258872526244758 ], [ 135.327028011480024, 34.259477624208223 ], [ 135.326921892944654, 34.259861332862215 ], [ 135.327227089100944, 34.259996122422955 ], [ 135.327225254791557, 34.260663967915008 ], [ 135.327720227617675, 34.263222199627798 ], [ 135.327850814755607, 34.263437458734032 ], [ 135.329271976568776, 34.263357869469203 ], [ 135.333809709806872, 34.263572263497622 ] ] ] } },
{ "type": "Feature", "properties": { "CITY_NAME": "岩出市", "S_NAME": "大字溝川", "JINKO": 935, "medical_area": "30_那賀医療圏", "町丁目名": "岩出市大字溝川" }, "geometry": { "type": "Polygon", "coordinates": [ [ [ 135.326632232674768, 34.266913981074794 ], [ 135.326935613202721, 34.266090417489004 ], [ 135.327947434352239, 34.266212025844062 ], [ 135.328002816380859, 34.26591987932845 ], [ 135.327901651050468, 34.265390777422731 ], [ 135.327052192598842, 34.265378246531192 ], [ 135.3270342939974, 34.264929614530445 ], [ 135.327914150735666, 34.264916672592996 ], [ 135.327850814755607, 34.263437458734032 ], [ 135.327225254791557, 34.260663967915008 ], [ 135.327227089100944, 34.259996122422955 ], [ 135.326921892944654, 34.259861332862215 ], [ 135.327028011480024, 34.259477624208223 ], [ 135.326938243923877, 34.258872526244758 ], [ 135.326767965158012, 34.258887372079798 ], [ 135.326723050674673, 34.258588767010686 ], [ 135.326865123349535, 34.258558130619733 ], [ 135.32674187234997, 34.25800398421908 ], [ 135.32636400747495, 34.257962613589008 ], [ 135.326345887518016, 34.256674976452203 ], [ 135.325806080538314, 34.256189120826313 ], [ 135.326433038038743, 34.255823480778453 ], [ 135.326412450114191, 34.255149171024122 ], [ 135.326706509805433, 34.254789453448694 ], [ 135.326981029501553, 34.25349482623475 ], [ 135.326450008316783, 34.253095372422223 ], [ 135.324464427767879, 34.253107998558015 ], [ 135.324875962364473, 34.25366781809295 ], [ 135.325310863576931, 34.253670206409453 ], [ 135.325498777219536, 34.253820276511576 ], [ 135.325664957164548, 34.254323808108261 ], [ 135.325380806861972, 34.254977711401537 ], [ 135.325538221032247, 34.255394701387551 ], [ 135.325048180974136, 34.255923369484506 ], [ 135.324961353422225, 34.256333948144409 ], [ 135.325106857633415, 34.25676594668402 ], [ 135.325085886731188, 34.257262957039885 ], [ 135.324925749783802, 34.257420838022718 ], [ 135.325054207732393, 34.257990793118942 ], [ 135.32478187902862, 34.257979719756385 ], [ 135.324825321333719, 34.258206756971568 ], [ 135.324171557449006, 34.25821387372973 ], [ 135.32413045288132, 34.258527926573933 ], [ 135.324563141640027, 34.258502410969427 ], [ 135.32459840387952, 34.258824488757398 ], [ 135.324426869737749, 34.258996252970803 ], [ 135.324642745362041, 34.259193808471146 ], [ 135.324462417716717, 34.259871806675797 ], [ 135.324676476937896, 34.260296996936098 ], [ 135.324622364349409, 34.263985527185852 ], [ 135.324843689449608, 34.264485565539601 ], [ 135.325444554326481, 34.264479985171207 ], [ 135.325740536575609, 34.265715497994471 ], [ 135.326632232674768, 34.266913981074794 ] ] ] } },
{ "type": "Feature", "properties": { "CITY_NAME": "岩出市", "S_NAME": "大字大町", "JINKO": 224, "medical_area": "30_那賀医療圏", "町丁目名": "岩出市大字大町" }, "geometry": { "type": "Polygon", "coordinates": [ [ [ 135.321856176442594, 34.26245638054943 ], [ 135.321906139921822, 34.262202244046286 ], [ 135.321645840798197, 34.261493358392123 ], [ 135.321625345984444, 34.260192879834605 ], [ 135.321681998859134, 34.259982732931242 ], [ 135.322041942942377, 34.259922031397252 ], [ 135.322056597675214, 34.259199170879882 ], [ 135.321622082175935, 34.257420834417509 ], [ 135.320860729318042, 34.256946692716795 ], [ 135.320823462258829, 34.256786459836242 ], [ 135.320587587721064, 34.256931802210211 ], [ 135.320569807157199, 34.25754575377406 ], [ 135.320139130668565, 34.257532667998071 ], [ 135.319506935307146, 34.257790907493366 ], [ 135.319369232372424, 34.257399373734856 ], [ 135.318921997288726, 34.257520440638096 ], [ 135.318954763102312, 34.257796726219034 ], [ 135.318637732875288, 34.258049239858941 ], [ 135.318775156140788, 34.258369774696405 ], [ 135.318123822082129, 34.258838501128615 ], [ 135.318749045958896, 34.260527609500947 ], [ 135.319704915328913, 34.260354698866898 ], [ 135.319818511797962, 34.260622274463017 ], [ 135.319708744463071, 34.260680269164268 ], [ 135.319679505547299, 34.261584207579176 ], [ 135.31979742432938, 34.261593875241147 ], [ 135.319634938700119, 34.261788786058439 ], [ 135.319619410169196, 34.262385710573284 ], [ 135.320069789827784, 34.262414824582187 ], [ 135.320220826295838, 34.262615836446173 ], [ 135.321856176442594, 34.26245638054943 ] ] ] } },
{ "type": "Feature", "properties": { "CITY_NAME": "岩出市", "S_NAME": "大字高塚", "JINKO": 1175, "medical_area": "30_那賀医療圏", "町丁目名": "岩出市大字高塚" }, "geometry": { "type": "Polygon", "coordinates": [ [ [ 135.322540426989463, 34.264484461565765 ], [ 135.3239245150221, 34.264488127640078 ], [ 135.323862881525855, 34.264355651659315 ], [ 135.324534282334781, 34.264446114514634 ], [ 135.324690497952986, 34.264084651555542 ], [ 135.3245762417381, 34.263041015946534 ], [ 135.324676476937896, 34.260296996936098 ], [ 135.324462417716717, 34.259871806675797 ], [ 135.324642745362041, 34.259193808471139 ], [ 135.324426869737749, 34.258996252970761 ], [ 135.32459840387952, 34.258824488757362 ], [ 135.324563141640027, 34.258502410969427 ], [ 135.32413045288132, 34.258527926573933 ], [ 135.324171557449034, 34.258213873729709 ], [ 135.324825321333719, 34.258206756971568 ], [ 135.32478187902862, 34.257979719756385 ], [ 135.325054207732393, 34.257990793118942 ], [ 135.324925749783802, 34.257420838022711 ], [ 135.325085886731188, 34.257262957039842 ], [ 135.325106857633415, 34.25676594668402 ], [ 135.324961353422225, 34.256333948144366 ], [ 135.325048180974136, 34.255923369484506 ], [ 135.325538221032247, 34.255394701387551 ], [ 135.325380806861972, 34.254977711401537 ], [ 135.325664957164548, 34.254323808108261 ], [ 135.325498777219536, 34.253820276511576 ], [ 135.325310863576931, 34.253670206409453 ], [ 135.324875962364473, 34.25366781809295 ], [ 135.324464427767879, 34.253107998558015 ], [ 135.326450008316783, 34.253095372422223 ], [ 135.326498460887194, 34.251760915755668 ], [ 135.32637111093706, 34.251132086669195 ], [ 135.32516654349439, 34.251612315869671 ], [ 135.324905344433461, 34.251171233037454 ], [ 135.324612379824146, 34.249375667209982 ], [ 135.324717560207517, 34.247950942865977 ], [ 135.321905940714316, 34.248378623699217 ], [ 135.322095114591917, 34.247894075922126 ], [ 135.319228227210658, 34.248658440322288 ], [ 135.320584311980355, 34.251456203198714 ], [ 135.320081320103299, 34.251795873226698 ], [ 135.319244959454267, 34.251991278693168 ], [ 135.31929326476066, 34.252381330306214 ], [ 135.319958069009914, 34.253954991193162 ], [ 135.320379062336713, 34.254030993547616 ], [ 135.32042128961308, 34.254824744337014 ], [ 135.320708701066252, 34.255840170147266 ], [ 135.320631654772882, 34.256646503297546 ], [ 135.321622082175935, 34.257420834417509 ], [ 135.322056597675214, 34.259199170879882 ], [ 135.322041942942377, 34.259922031397252 ], [ 135.321681998859134, 34.259982732931242 ], [ 135.321625345984444, 34.260192879834605 ], [ 135.321645840798197, 34.261493358392123 ], [ 135.321906139921822, 34.262202244046286 ], [ 135.321809334173025, 34.263337268373512 ], [ 135.322077648014243, 34.263554984240763 ], [ 135.322023296631926, 34.264621779314631 ], [ 135.322540426989463, 34.264484461565765 ] ] ] } },
{ "type": "Feature", "properties": { "CITY_NAME": "岩出市", "S_NAME": "大字清水", "JINKO": 1403, "medical_area": "30_那賀医療圏", "町丁目名": "岩出市大字清水" }, "geometry": { "type": "Polygon", "coordinates": [ [ [ 135.319818511797962, 34.260622274463017 ], [ 135.319704915328913, 34.260354698866898 ], [ 135.318749045958896, 34.260527609500947 ], [ 135.318123822082129, 34.258838501128615 ], [ 135.318775156140788, 34.258369774696405 ], [ 135.318637732875288, 34.258049239858941 ], [ 135.318954763102312, 34.257796726219034 ], [ 135.318921997288726, 34.257520440638096 ], [ 135.319369232372424, 34.257399373734856 ], [ 135.319506935307146, 34.257790907493366 ], [ 135.320139130668565, 34.257532667998071 ], [ 135.320569807157199, 34.25754575377406 ], [ 135.320587587721064, 34.256931802210211 ], [ 135.320823462258829, 34.256786459836242 ], [ 135.320594820692719, 34.256432741784096 ], [ 135.320708701066252, 34.255840170147266 ], [ 135.32042128961308, 34.254824744337014 ], [ 135.320379062336713, 34.254030993547616 ], [ 135.319958069009914, 34.253954991193162 ], [ 135.319370512307557, 34.25265814128857 ], [ 135.319244959454267, 34.251991278693168 ], [ 135.320081320103299, 34.251795873226698 ], [ 135.320584311980355, 34.251456203198714 ], [ 135.319227691280076, 34.248657435866406 ], [ 135.313420296115794, 34.250419013060416 ], [ 135.31469785676174, 34.252980416648782 ], [ 135.314923854729784, 34.254002415383525 ], [ 135.315602439993853, 34.254015913751644 ], [ 135.316125155371878, 34.255369479780619 ], [ 135.316248822187845, 34.255978865531191 ], [ 135.316048437325691, 34.256906644962562 ], [ 135.31612135168541, 34.257430380911508 ], [ 135.316539489528793, 34.257803755492354 ], [ 135.316630217024141, 34.257718892642707 ], [ 135.316783813026859, 34.258220537672479 ], [ 135.3166312318763, 34.25838619731875 ], [ 135.31671118215499, 34.260812696678919 ], [ 135.317146882521399, 34.260804268436267 ], [ 135.317141640580616, 34.260318521408102 ], [ 135.318332477681224, 34.260325125917454 ], [ 135.318500887846113, 34.261390609696619 ], [ 135.319679505547299, 34.261584207579176 ], [ 135.319708744463071, 34.260680269164268 ], [ 135.319818511797962, 34.260622274463017 ] ] ] } },
{ "type": "Feature", "properties": { "CITY_NAME": "岩出市", "S_NAME": "大字宮", "JINKO": 357, "medical_area": "30_那賀医療圏", "町丁目名": "岩出市大字宮" }, "geometry": { "type": "Polygon", "coordinates": [ [ [ 135.316688828682913, 34.260592111226003 ], [ 135.316725064486064, 34.257916918668819 ], [ 135.31612135168541, 34.257430380911508 ], [ 135.316048437325691, 34.256906644962562 ], [ 135.316248822187845, 34.255978865531191 ], [ 135.316125155371878, 34.255369479780619 ], [ 135.315602439993853, 34.254015913751644 ], [ 135.314923854729784, 34.254002415383525 ], [ 135.31469785676174, 34.252980416648782 ], [ 135.313417455866869, 34.250413811454528 ], [ 135.311024242050763, 34.250864147908757 ], [ 135.30820025345156, 34.251912587188713 ], [ 135.308314454173029, 34.25232245399323 ], [ 135.307988354898043, 34.252422186319436 ], [ 135.309106686484625, 34.253468374673275 ], [ 135.310482706381293, 34.254315119586366 ], [ 135.311265288769789, 34.254359651770372 ], [ 135.311765955249513, 34.254968758388429 ], [ 135.312618621380835, 34.25527259368581 ], [ 135.312565182436089, 34.255517971851333 ], [ 135.313995238643798, 34.255189560100376 ], [ 135.31395713639597, 34.254940430774077 ], [ 135.314396740289851, 34.254833989993891 ], [ 135.314985508973251, 34.256366834226732 ], [ 135.31529075656843, 34.256779731860675 ], [ 135.315179306014954, 34.257046059303747 ], [ 135.315413296923339, 34.257527868145743 ], [ 135.315015334815428, 34.2578433140445 ], [ 135.315238722999936, 34.258047410111594 ], [ 135.315119960685394, 34.258420475386195 ], [ 135.315386707851161, 34.258785685594042 ], [ 135.31520578637469, 34.259020071573929 ], [ 135.315368670123149, 34.259337653046849 ], [ 135.31606010990663, 34.259329948690905 ], [ 135.316092167742966, 34.260081101836874 ], [ 135.315661750142084, 34.260239158532507 ], [ 135.3158196350374, 34.260614186206894 ], [ 135.316688828682913, 34.260592111226003 ] ] ] } },
{ "type": "Feature", "properties": { "CITY_NAME": "岩出市", "S_NAME": "大字西野", "JINKO": 656, "medical_area": "30_那賀医療圏", "町丁目名": "岩出市大字西野" }, "geometry": { "type": "Polygon", "coordinates": [ [ [ 135.309593724646845, 34.261569997493034 ], [ 135.310591142750724, 34.261491210258832 ], [ 135.310707342622408, 34.261326340061984 ], [ 135.31029893004191, 34.260520530078452 ], [ 135.309308978275538, 34.26051201562769 ], [ 135.309198182136697, 34.259146788266193 ], [ 135.309331789980433, 34.25905231092753 ], [ 135.30931237342952, 34.258089637991802 ], [ 135.309733377297221, 34.258014947110482 ], [ 135.309958706812836, 34.258499816911694 ], [ 135.310365569844635, 34.258369962922849 ], [ 135.310440887887154, 34.258594649865465 ], [ 135.310763268009936, 34.258526867083482 ], [ 135.310694541226241, 34.258294751745794 ], [ 135.310829917184861, 34.258196338024241 ], [ 135.310924272857903, 34.258453108201316 ], [ 135.312341491001519, 34.258124642711593 ], [ 135.312339598017445, 34.257564112093313 ], [ 135.311501426677921, 34.25508476287181 ], [ 135.311765955249513, 34.254968758388429 ], [ 135.311265288769789, 34.254359651770372 ], [ 135.310482706381293, 34.254315119586366 ], [ 135.309106686484625, 34.253468374673275 ], [ 135.307988354898043, 34.252422186319436 ], [ 135.301832560724762, 34.254333496855928 ], [ 135.30279566534611, 34.255338435296864 ], [ 135.304808901356211, 34.256432279773726 ], [ 135.30476162798729, 34.2565597799343 ], [ 135.303021053179208, 34.256867587120801 ], [ 135.304216461669398, 34.258252628540482 ], [ 135.304445073513534, 34.258933478022435 ], [ 135.305670962704767, 34.258584007367141 ], [ 135.305772240095422, 34.261279275919243 ], [ 135.306589520863724, 34.261232329251925 ], [ 135.306814992314685, 34.262336475231358 ], [ 135.309677095255012, 34.261982792556232 ], [ 135.309593724646845, 34.261569997493034 ] ] ] } },
{ "type": "Feature", "properties": { "CITY_NAME": "岩出市", "S_NAME": "大字高瀬", "JINKO": 282, "medical_area": "30_那賀医療圏", "町丁目名": "岩出市大字高瀬" }, "geometry": { "type": "Polygon", "coordinates": [ [ [ 135.314040492861977, 34.259072039600142 ], [ 135.314502376302784, 34.259003193585372 ], [ 135.314585505484985, 34.259333291683042 ], [ 135.315263028289365, 34.259132241225082 ], [ 135.315386707851161, 34.258785685594042 ], [ 135.315119960685394, 34.258420475386195 ], [ 135.315238722999936, 34.258047410111594 ], [ 135.315015334815428, 34.2578433140445 ], [ 135.315413296923339, 34.257527868145758 ], [ 135.315179306014954, 34.257046059303747 ], [ 135.31529075656843, 34.256779731860675 ], [ 135.314985508973251, 34.256366834226732 ], [ 135.314396740289851, 34.254833989993891 ], [ 135.31395713639597, 34.254940430774077 ], [ 135.313995238643798, 34.255189560100376 ], [ 135.312565182436089, 34.255517971851333 ], [ 135.312618621380835, 34.25527259368581 ], [ 135.311765955249513, 34.254968758388429 ], [ 135.311501426677921, 34.25508476287181 ], [ 135.312339598017445, 34.257564112093313 ], [ 135.312449993564854, 34.258619138427484 ], [ 135.312608214807511, 34.258929795716128 ], [ 135.312935531386074, 34.259006284807228 ], [ 135.313046993842931, 34.259868184934632 ], [ 135.314025503802924, 34.25959739967503 ], [ 135.314040492861977, 34.259072039600142 ] ] ] } },
{ "type": "Feature", "properties": { "CITY_NAME": "岩出市", "S_NAME": "大字備前", "JINKO": 115, "medical_area": "30_那賀医療圏", "町丁目名": "岩出市大字備前" }, "geometry": { "type": "Polygon", "coordinates": [ [ [ 135.31115320878601, 34.261216141789347 ], [ 135.31181207391549, 34.260667478904573 ], [ 135.31191154412366, 34.260311634525628 ], [ 135.312542759227, 34.260529004372586 ], [ 135.312554865516972, 34.26035974616331 ], [ 135.312941498788234, 34.260308518271202 ], [ 135.313065802402178, 34.259588944918733 ], [ 135.312935531386074, 34.259006284807228 ], [ 135.312608214807511, 34.258929795716128 ], [ 135.312341491001519, 34.258124642711593 ], [ 135.310924272857903, 34.258453108201316 ], [ 135.310829917184861, 34.258196338024241 ], [ 135.310694541226241, 34.258294751745794 ], [ 135.310763268009936, 34.258526867083482 ], [ 135.310440887887154, 34.258594649865465 ], [ 135.310365569844635, 34.258369962922849 ], [ 135.309958706812836, 34.258499816911694 ], [ 135.309733377297221, 34.258014947110482 ], [ 135.30931237342952, 34.258089637991802 ], [ 135.309331789980433, 34.25905231092753 ], [ 135.309198182136697, 34.259146788266193 ], [ 135.309308978275538, 34.26051201562769 ], [ 135.31029893004191, 34.260520530078452 ], [ 135.310552689717241, 34.261176715005504 ], [ 135.31115320878601, 34.261216141789347 ] ] ] } },
{ "type": "Feature", "properties": { "CITY_NAME": "岩出市", "S_NAME": "大字船戸", "JINKO": 292, "medical_area": "30_那賀医療圏", "町丁目名": "岩出市大字船戸" }, "geometry": { "type": "Polygon", "coordinates": [ [ [ 135.311024242050763, 34.250864147908757 ], [ 135.31354776300256, 34.250393841873645 ], [ 135.317797990933741, 34.249086259830314 ], [ 135.317332716650498, 34.247960143742986 ], [ 135.317478522732046, 34.247607231056563 ], [ 135.316326577932188, 34.248005120940192 ], [ 135.314855108479804, 34.247975374430744 ], [ 135.314593275862535, 34.247416212859115 ], [ 135.315509061070742, 34.247305804749715 ], [ 135.316718151887073, 34.246725955771055 ], [ 135.317831311095659, 34.246549434977659 ], [ 135.316883363869948, 34.244909102694606 ], [ 135.317426500994543, 34.245056371323777 ], [ 135.317948415800885, 34.244953479185376 ], [ 135.318103081084246, 34.244089403545928 ], [ 135.317870686668016, 34.24382313732125 ], [ 135.317979487939994, 34.243256321965752 ], [ 135.317877824655142, 34.242938239570414 ], [ 135.317183591712649, 34.241916604547129 ], [ 135.317966188032642, 34.24203477616178 ], [ 135.318561951694988, 34.2428266666358 ], [ 135.318747483277832, 34.242798817361809 ], [ 135.318715425102539, 34.242462105239667 ], [ 135.318372092077254, 34.241960115212045 ], [ 135.318399200269937, 34.241705857221568 ], [ 135.319124233784123, 34.240809728493247 ], [ 135.318548584957114, 34.240864712371881 ], [ 135.31826990640829, 34.240664821894505 ], [ 135.317967135661519, 34.240692159262501 ], [ 135.316603242100683, 34.239807804885835 ], [ 135.315654241896198, 34.239605441758613 ], [ 135.31528041944793, 34.23896592276499 ], [ 135.314839554541066, 34.239039531584524 ], [ 135.314889678032813, 34.239279994186155 ], [ 135.315280281931365, 34.239449245048291 ], [ 135.315253495599364, 34.239704209585113 ], [ 135.314893695220434, 34.239658250483266 ], [ 135.314700497096226, 34.239968070817788 ], [ 135.314097284588769, 34.240106979535291 ], [ 135.313879689673428, 34.240381444370804 ], [ 135.313311535752007, 34.240552664053446 ], [ 135.313954232347527, 34.241855496588933 ], [ 135.314029054585291, 34.24264196581241 ], [ 135.314482236755254, 34.24293482788071 ], [ 135.31404915830916, 34.243645067979209 ], [ 135.313365137656831, 34.243736473582146 ], [ 135.313289665185778, 34.243897346883088 ], [ 135.312647116543928, 34.243879102604311 ], [ 135.31250822146913, 34.244022011920336 ], [ 135.312716684563355, 34.244439588862228 ], [ 135.313319994434579, 34.244726110211438 ], [ 135.313466536799524, 34.244946826966384 ], [ 135.313282326698015, 34.245887225717155 ], [ 135.313161803803496, 34.24594515360716 ], [ 135.312426238774435, 34.245202039477178 ], [ 135.312227114602223, 34.245586484413643 ], [ 135.311328253055251, 34.246250155824235 ], [ 135.311619894027672, 34.247301689467648 ], [ 135.311512126164871, 34.247526898958448 ], [ 135.310360231314064, 34.247171506589147 ], [ 135.309687365775773, 34.247399458558924 ], [ 135.308849886300067, 34.248143333731889 ], [ 135.309185059115663, 34.248348351471854 ], [ 135.308785102350896, 34.248733072262517 ], [ 135.307383606934735, 34.248861264965683 ], [ 135.30820025345156, 34.251912587188713 ], [ 135.311024242050763, 34.250864147908757 ] ] ] } },
{ "type": "Feature", "properties": { "CITY_NAME": "岩出市", "S_NAME": "大字山崎", "JINKO": 435, "medical_area": "30_那賀医療圏", "町丁目名": "岩出市大字山崎" }, "geometry": { "type": "Polygon", "coordinates": [ [ [ 135.317797990933741, 34.249086259830314 ], [ 135.322095114591917, 34.247894075922126 ], [ 135.323166924260732, 34.244844432628035 ], [ 135.324584823892536, 34.243249726245239 ], [ 135.325731972831846, 34.242781167096673 ], [ 135.325093283645856, 34.241875538239157 ], [ 135.324440834881699, 34.241616695984909 ], [ 135.323209370149385, 34.24168527574718 ], [ 135.322217508831756, 34.241455118277145 ], [ 135.321813596966393, 34.240790243234621 ], [ 135.320513546378379, 34.240673316911973 ], [ 135.319124233784123, 34.240809728493247 ], [ 135.318619839096016, 34.241394070937716 ], [ 135.318372092077254, 34.241960115212045 ], [ 135.318715425102539, 34.242462105239667 ], [ 135.318747483277832, 34.242798817361809 ], [ 135.318561951694988, 34.2428266666358 ], [ 135.317966188032642, 34.24203477616178 ], [ 135.317183591712649, 34.241916604547129 ], [ 135.317877824655142, 34.242938239570414 ], [ 135.317979487939994, 34.243256321965752 ], [ 135.317870686668016, 34.24382313732125 ], [ 135.318103081084246, 34.244089403545928 ], [ 135.317948415800885, 34.244953479185376 ], [ 135.317426500994543, 34.245056371323777 ], [ 135.316883363869948, 34.244909102694585 ], [ 135.317831311095659, 34.246549434977659 ], [ 135.316718151887073, 34.246725955771019 ], [ 135.315509061070742, 34.247305804749715 ], [ 135.314593275862535, 34.2474162128591 ], [ 135.314855108479804, 34.24797537443073 ], [ 135.316326577932188, 34.248005120940192 ], [ 135.317478522732046, 34.247607231056563 ], [ 135.317332716650498, 34.247960143742986 ], [ 135.317797990933741, 34.249086259830314 ] ] ] } },
{ "type": "Feature", "properties": { "CITY_NAME": "岩出市", "S_NAME": "大字中黒", "JINKO": 1950, "medical_area": "30_那賀医療圏", "町丁目名": "岩出市大字中黒" }, "geometry": { "type": "Polygon", "coordinates": [ [ [ 135.286773144508317, 34.271442226022423 ], [ 135.286587445969332, 34.270578602020272 ], [ 135.288122462730229, 34.270861350436398 ], [ 135.289397993315191, 34.270776881561389 ], [ 135.290522141782418, 34.271212745506475 ], [ 135.291994405370787, 34.272109841165289 ], [ 135.29242456727215, 34.271781412873032 ], [ 135.294236392822313, 34.271582916334538 ], [ 135.294899355249697, 34.271762808381204 ], [ 135.295481543340514, 34.27172430554954 ], [ 135.295375574714882, 34.27122966786272 ], [ 135.29229448581998, 34.271443562933911 ], [ 135.292236849044912, 34.270289222449762 ], [ 135.291324720892788, 34.269294071526517 ], [ 135.291843996380607, 34.269046595174309 ], [ 135.29157660343509, 34.268329574990588 ], [ 135.292979883459793, 34.268069153393441 ], [ 135.293457059881376, 34.267838333931969 ], [ 135.294441053269509, 34.267839758096358 ], [ 135.294425017739087, 34.267478050743122 ], [ 135.295244096943321, 34.267452884170851 ], [ 135.294999951036061, 34.266615701700971 ], [ 135.295295228560065, 34.266487089005786 ], [ 135.29477455965673, 34.265610424640613 ], [ 135.295703443214649, 34.265201783601356 ], [ 135.295488486041307, 34.264881857950364 ], [ 135.294835900253474, 34.265145623012877 ], [ 135.294415515423964, 34.264737645400743 ], [ 135.294124326543084, 34.265201128394054 ], [ 135.293699211018946, 34.264500953531069 ], [ 135.292433105018461, 34.265164639513728 ], [ 135.29065674492557, 34.265428676436393 ], [ 135.288979831133759, 34.264965666167114 ], [ 135.287695668315934, 34.263926636236846 ], [ 135.28703495473323, 34.263916747603268 ], [ 135.284117041485899, 34.263267709598246 ], [ 135.283420043776715, 34.263299439243035 ], [ 135.282735652209141, 34.263545926287776 ], [ 135.282151882296915, 34.263459976230827 ], [ 135.283941060317488, 34.26579390907397 ], [ 135.284867901058902, 34.266716645545721 ], [ 135.284741586889623, 34.267571136809771 ], [ 135.285223728588477, 34.271895986556821 ], [ 135.285014770816616, 34.272227788140007 ], [ 135.284943342634676, 34.273032161605315 ], [ 135.284988427771907, 34.273209075266799 ], [ 135.285529799174441, 34.273339710480478 ], [ 135.285648190789402, 34.273767938180818 ], [ 135.285524416155681, 34.273993597988998 ], [ 135.285707403476948, 34.274151448452187 ], [ 135.287001894848288, 34.273401927463048 ], [ 135.286613785089514, 34.272570796647301 ], [ 135.287484229746354, 34.272420747510765 ], [ 135.286773144508317, 34.271442226022423 ] ] ] } },
{ "type": "Feature", "properties": { "CITY_NAME": "岩出市", "S_NAME": "大字中島", "JINKO": 2285, "medical_area": "30_那賀医療圏", "町丁目名": "岩出市大字中島" }, "geometry": { "type": "Polygon", "coordinates": [ [ [ 135.289951108951101, 34.264774625006638 ], [ 135.293011028432886, 34.264335984072474 ], [ 135.29418918167886, 34.263749829168511 ], [ 135.295244431341018, 34.263093372002523 ], [ 135.296703219316669, 34.261709222161095 ], [ 135.298440340261465, 34.260967749197121 ], [ 135.299095278748297, 34.260513939929794 ], [ 135.301276807981367, 34.258425425600123 ], [ 135.303199464925456, 34.257152592012673 ], [ 135.303021053179208, 34.256867587120801 ], [ 135.30476162798729, 34.2565597799343 ], [ 135.304808901356211, 34.256432279773726 ], [ 135.30279566534611, 34.255338435296864 ], [ 135.301832560724762, 34.254333496855928 ], [ 135.297125571813751, 34.255051596220632 ], [ 135.295104976179317, 34.255196957573332 ], [ 135.291025705074134, 34.25468440476866 ], [ 135.284696549326725, 34.255114730682259 ], [ 135.282842585719351, 34.254849679892672 ], [ 135.280087328914533, 34.254830788082387 ], [ 135.272304045101379, 34.253964756950083 ], [ 135.272258195655695, 34.257099274308963 ], [ 135.271460867988509, 34.257319953441659 ], [ 135.273027577530286, 34.258481668784661 ], [ 135.272691036983531, 34.258741842117928 ], [ 135.273544041888641, 34.259980756346131 ], [ 135.273175837673875, 34.260144389321759 ], [ 135.273164916879068, 34.260329428882045 ], [ 135.273848751403818, 34.262068555877477 ], [ 135.2753800387799, 34.263320604934904 ], [ 135.27544971640333, 34.263614869842492 ], [ 135.275924560405855, 34.263392127717118 ], [ 135.276719711261507, 34.263579365113699 ], [ 135.27978008266598, 34.263525728451427 ], [ 135.28082389681569, 34.263671850112942 ], [ 135.282156880330461, 34.263611159521972 ], [ 135.282151882296915, 34.263459976230827 ], [ 135.282735652209141, 34.263545926287776 ], [ 135.283801156553977, 34.263253899585038 ], [ 135.284766552416613, 34.263334028442088 ], [ 135.28703495473323, 34.263916747603268 ], [ 135.287831804881762, 34.263969122817244 ], [ 135.288979831133759, 34.264965666167114 ], [ 135.289518182077387, 34.265010619157998 ], [ 135.289850181039554, 34.265248073288042 ], [ 135.289951108951101, 34.264774625006638 ] ] ] } },
{ "type": "Feature", "properties": { "CITY_NAME": "岩出市", "S_NAME": "大字吉田", "JINKO": 2379, "medical_area": "30_那賀医療圏", "町丁目名": "岩出市大字吉田" }, "geometry": { "type": "Polygon", "coordinates": [ [ [ 135.280045039536191, 34.27037920723653 ], [ 135.280192916872551, 34.270218917051466 ], [ 135.281527640020698, 34.270054288502287 ], [ 135.281582903126662, 34.270310993872435 ], [ 135.282052357646279, 34.270015511525322 ], [ 135.282280004611692, 34.27027336206659 ], [ 135.282255666524406, 34.270542986363964 ], [ 135.283332521169541, 34.27068491624275 ], [ 135.283328484369775, 34.270309193637075 ], [ 135.284098497415641, 34.270146741628281 ], [ 135.283739714963104, 34.268931196388166 ], [ 135.284939937552338, 34.268747152929599 ], [ 135.284741586889623, 34.267571136809771 ], [ 135.284793877946555, 34.266591543690168 ], [ 135.283941060317488, 34.26579390907397 ], [ 135.282156880330461, 34.263611159521986 ], [ 135.276719711261507, 34.263579365113713 ], [ 135.275924560405855, 34.263392127717118 ], [ 135.27544971640333, 34.263614869842492 ], [ 135.275599277806776, 34.264419552386251 ], [ 135.27504056765261, 34.264816477385011 ], [ 135.275152840488516, 34.265387942600228 ], [ 135.276117724268545, 34.266285463611567 ], [ 135.276602613732393, 34.267144378960204 ], [ 135.27720418832908, 34.267592214781352 ], [ 135.275613324693836, 34.268179452252127 ], [ 135.276058556183358, 34.269103217868114 ], [ 135.276066192875334, 34.269739290660041 ], [ 135.27658713816075, 34.269864345888031 ], [ 135.278656184773808, 34.269834646271292 ], [ 135.279421441720046, 34.270232859324075 ], [ 135.279662104538545, 34.270645746485641 ], [ 135.279617169202822, 34.270872143217652 ], [ 135.279974863645549, 34.271041165065718 ], [ 135.280045039536191, 34.27037920723653 ] ] ] } },
{ "type": "Feature", "properties": { "CITY_NAME": "岩出市", "S_NAME": "大字山", "JINKO": 2997, "medical_area": "30_那賀医療圏", "町丁目名": "岩出市大字山" }, "geometry": { "type": "Polygon", "coordinates": [ [ [ 135.283293714273384, 34.284394336204215 ], [ 135.283506274116291, 34.284434032354824 ], [ 135.283514031182676, 34.284610584366547 ], [ 135.284009266122894, 34.284586704032314 ], [ 135.284028096568278, 34.28290921836382 ], [ 135.283978234177965, 34.282795106825915 ], [ 135.283759239683633, 34.283135999653886 ], [ 135.283164819999712, 34.281966010877632 ], [ 135.282941099208131, 34.281912161391517 ], [ 135.282360684534751, 34.281205143046542 ], [ 135.282590097765535, 34.281107310418371 ], [ 135.283271338660995, 34.281279336272057 ], [ 135.283098796305808, 34.280822906008169 ], [ 135.283480619167733, 34.28066214504144 ], [ 135.283568389266293, 34.280115244161905 ], [ 135.284060485149524, 34.27965564037477 ], [ 135.282896418572335, 34.279520246936897 ], [ 135.282401446999927, 34.279276194706348 ], [ 135.282471799306506, 34.278602834596484 ], [ 135.282220376345265, 34.278595450883408 ], [ 135.282391992976301, 34.277345110926987 ], [ 135.282798064102053, 34.276973610617887 ], [ 135.282728119219627, 34.276746684448938 ], [ 135.283016886959615, 34.276581296029953 ], [ 135.283257101546695, 34.27699065425093 ], [ 135.284006686464153, 34.276771880846638 ], [ 135.284035685410231, 34.275889501436033 ], [ 135.285320986192147, 34.275103737164152 ], [ 135.285496190150639, 34.274770893375511 ], [ 135.285485129416799, 34.274377099330081 ], [ 135.285143121144813, 34.274041248827025 ], [ 135.284943342634676, 34.273032161605315 ], [ 135.285014770816616, 34.272227788140007 ], [ 135.285223728588477, 34.271895986556821 ], [ 135.284939937552338, 34.268747152929599 ], [ 135.283739714963104, 34.268931196388166 ], [ 135.284098497415641, 34.270146741628281 ], [ 135.283328484369775, 34.270309193637075 ], [ 135.283332521169541, 34.27068491624275 ], [ 135.282255666524406, 34.270542986363964 ], [ 135.282280004611692, 34.27027336206659 ], [ 135.282052357646279, 34.270015511525322 ], [ 135.281582903126662, 34.270310993872435 ], [ 135.281527640020698, 34.270054288502287 ], [ 135.280192916872551, 34.270218917051466 ], [ 135.280045039536191, 34.27037920723653 ], [ 135.279974863645549, 34.271041165065718 ], [ 135.279617169202822, 34.270872143217652 ], [ 135.279662104538545, 34.270645746485641 ], [ 135.279421441720046, 34.270232859324075 ], [ 135.278656184773808, 34.269834646271292 ], [ 135.27658713816075, 34.269864345888031 ], [ 135.276066192875334, 34.269739290660041 ], [ 135.276195339938454, 34.270015168001606 ], [ 135.276514263838777, 34.270172703618229 ], [ 135.276793246194785, 34.271354827519815 ], [ 135.27428907278258, 34.271388831796138 ], [ 135.273694227004313, 34.271521543054739 ], [ 135.274051091951435, 34.272729910127552 ], [ 135.274245447009349, 34.272841216417618 ], [ 135.274875284166995, 34.275368878693165 ], [ 135.27551158427687, 34.276655240195595 ], [ 135.275886892321608, 34.278053743954267 ], [ 135.275876080417731, 34.278594472799981 ], [ 135.276125953599689, 34.278673984555041 ], [ 135.27632150167517, 34.279004341910245 ], [ 135.275798351427227, 34.280362042784041 ], [ 135.275241215502575, 34.280800662261989 ], [ 135.275261377621689, 34.281498497826732 ], [ 135.274832962056308, 34.281539359712575 ], [ 135.274831626700632, 34.281695291455691 ], [ 135.275276686347866, 34.282148690448999 ], [ 135.275559360741937, 34.28205498864876 ], [ 135.275407120877077, 34.281551476943584 ], [ 135.275710739510771, 34.281449164319525 ], [ 135.276682302088716, 34.282607600412518 ], [ 135.276908059876035, 34.283068296780414 ], [ 135.277314180834082, 34.285024938767627 ], [ 135.277186353962577, 34.285327615280572 ], [ 135.277633964380726, 34.285486186031271 ], [ 135.278573162584877, 34.287385382529287 ], [ 135.279071495739004, 34.287717653277824 ], [ 135.278964226131592, 34.288666048520192 ], [ 135.279266434573884, 34.289959152442904 ], [ 135.279583681512037, 34.29057265864131 ], [ 135.280618265412897, 34.288206930438591 ], [ 135.281142787652044, 34.28798446946962 ], [ 135.281107027943676, 34.287388531837308 ], [ 135.283293714273384, 34.284394336204215 ] ] ] } },
{ "type": "Feature", "properties": { "CITY_NAME": "岩出市", "S_NAME": "大字境谷", "JINKO": 32, "medical_area": "30_那賀医療圏", "町丁目名": "岩出市大字境谷" }, "geometry": { "type": "Polygon", "coordinates": [ [ [ 135.284472874271103, 34.316543378540459 ], [ 135.284930831048399, 34.315841430885605 ], [ 135.285555974656006, 34.314332724669981 ], [ 135.286136175814363, 34.313605565657525 ], [ 135.286734393249105, 34.312441958692879 ], [ 135.286663168585562, 34.311814403065704 ], [ 135.285976341811335, 34.310720797753362 ], [ 135.285955499278089, 34.310359350247793 ], [ 135.286129394344783, 34.309874227524006 ], [ 135.28652069704421, 34.309419948883367 ], [ 135.286447158018234, 34.30849852741769 ], [ 135.287076748964552, 34.306729923370497 ], [ 135.288124038508357, 34.305912197317028 ], [ 135.287961009189956, 34.305391167222567 ], [ 135.288029421303662, 34.304937121757945 ], [ 135.289565035765378, 34.302927501641726 ], [ 135.28986898122605, 34.3020440472865 ], [ 135.290384582303233, 34.301302681576928 ], [ 135.290887514729263, 34.300938342625841 ], [ 135.291538201217008, 34.299771207083012 ], [ 135.292046523466723, 34.299323502350433 ], [ 135.292617790137797, 34.299076753288382 ], [ 135.293767304616722, 34.298884882191871 ], [ 135.294162733901118, 34.298498220919228 ], [ 135.294596916913406, 34.297476472594468 ], [ 135.295274929624696, 34.296747998567326 ], [ 135.295642656047647, 34.295954211033134 ], [ 135.294981852590269, 34.29547020578056 ], [ 135.294599787417297, 34.29453716406563 ], [ 135.294688981809912, 34.293301145671457 ], [ 135.294343247367834, 34.293465805234483 ], [ 135.293416886236628, 34.293289747896665 ], [ 135.292654614469029, 34.292364511437256 ], [ 135.291835325957692, 34.292538409039771 ], [ 135.291336811574695, 34.292386637201474 ], [ 135.290604677188441, 34.292438051957845 ], [ 135.29043732355936, 34.292145208297114 ], [ 135.290050421664915, 34.292087470404844 ], [ 135.288820606992374, 34.292455484113326 ], [ 135.28873381805829, 34.291648375194171 ], [ 135.2882255287779, 34.29181841497909 ], [ 135.287788526428614, 34.291633880684032 ], [ 135.283116229357375, 34.291585011933918 ], [ 135.279583681512037, 34.29057265864131 ], [ 135.279266434573884, 34.289959152442904 ], [ 135.278964226131592, 34.288666048520192 ], [ 135.279071495739004, 34.287717653277824 ], [ 135.278573162584877, 34.287385382529287 ], [ 135.277633964380726, 34.285486186031271 ], [ 135.277186353962577, 34.285327615280572 ], [ 135.277314180834082, 34.285024938767627 ], [ 135.276908059876035, 34.283068296780414 ], [ 135.276145813108116, 34.281850380535523 ], [ 135.27553324250627, 34.281448118913673 ], [ 135.275405934938703, 34.28169008347178 ], [ 135.275559360741937, 34.282054988648731 ], [ 135.275276686347866, 34.282148690448999 ], [ 135.274951835709345, 34.282847449914009 ], [ 135.275168224728475, 34.283261608246249 ], [ 135.274721907542727, 34.283449569687235 ], [ 135.274703196053963, 34.284237330144592 ], [ 135.274114628644838, 34.284557429219802 ], [ 135.273307013696751, 34.286720041632208 ], [ 135.273298820689604, 34.287120902363398 ], [ 135.272967129640477, 34.287317424327036 ], [ 135.273153672895717, 34.287590542055369 ], [ 135.272936102120781, 34.287867046449783 ], [ 135.272820307658435, 34.28882102164323 ], [ 135.272185260172165, 34.289261841774582 ], [ 135.271044972511362, 34.290604731689442 ], [ 135.27037623554412, 34.291061257630702 ], [ 135.270608552466371, 34.292128441876599 ], [ 135.271004954423972, 34.293033895976286 ], [ 135.272785438744961, 34.295664297640798 ], [ 135.273068293856738, 34.296977868357445 ], [ 135.272979110815328, 34.297618569253373 ], [ 135.272122666867006, 34.29932039033929 ], [ 135.271971405879214, 34.300496440890193 ], [ 135.272083710255373, 34.301618409083055 ], [ 135.271458821780726, 34.302255795805678 ], [ 135.271261557788989, 34.303213369973648 ], [ 135.27082962727539, 34.303381400332761 ], [ 135.270267984104066, 34.303060555322055 ], [ 135.269942472319968, 34.303082429747228 ], [ 135.269371459954726, 34.304121031413153 ], [ 135.269395822645834, 34.305181057054966 ], [ 135.270365519060476, 34.306165276614969 ], [ 135.270425509780381, 34.308634745819084 ], [ 135.270135235279184, 34.310677419681625 ], [ 135.270903057971708, 34.311396597333939 ], [ 135.271070147637005, 34.311863715516147 ], [ 135.270833553795029, 34.31203402604261 ], [ 135.270046454498157, 34.311688595866897 ], [ 135.270077574834602, 34.312192657705729 ], [ 135.271634365564097, 34.312364882408708 ], [ 135.271960112136668, 34.312073531938097 ], [ 135.272256727456238, 34.312079234297805 ], [ 135.273467359857761, 34.313150218919453 ], [ 135.2741436140102, 34.313507509017043 ], [ 135.276226627152198, 34.31411721648746 ], [ 135.277097241632617, 34.314182635571946 ], [ 135.277536854610076, 34.314550629144499 ], [ 135.278412234567242, 34.314704813634179 ], [ 135.278736018268432, 34.315407243674159 ], [ 135.278695090392972, 34.315766634904797 ], [ 135.279389010325161, 34.315979192228163 ], [ 135.279899836269863, 34.316589605739495 ], [ 135.280421014339538, 34.316503634372481 ], [ 135.281796055715375, 34.317109243982244 ], [ 135.282592782158105, 34.317943466922323 ], [ 135.283425503468465, 34.317057208079298 ], [ 135.284472874271103, 34.316543378540459 ] ] ] } },
{ "type": "Feature", "properties": { "CITY_NAME": "岩出市", "S_NAME": "大字相谷", "JINKO": 1833, "medical_area": "30_那賀医療圏", "町丁目名": "岩出市大字相谷" }, "geometry": { "type": "Polygon", "coordinates": [ [ [ 135.288291981692026, 34.285644157151808 ], [ 135.290490262610376, 34.285684066411747 ], [ 135.290513548527116, 34.28420423656695 ], [ 135.289638563314412, 34.284199178890674 ], [ 135.289061129949346, 34.283923397704548 ], [ 135.288920769618045, 34.283753402238744 ], [ 135.288778155767659, 34.282450952632438 ], [ 135.286926928046626, 34.282554887787292 ], [ 135.286865400623583, 34.281920623807935 ], [ 135.288664703542992, 34.281784410854158 ], [ 135.288583333546654, 34.280848714381513 ], [ 135.28808209995924, 34.280676347277428 ], [ 135.287783201438685, 34.280360760563482 ], [ 135.287726077826619, 34.279999665130518 ], [ 135.287019926988961, 34.279834416965862 ], [ 135.286856185643558, 34.27947974729161 ], [ 135.286988961808049, 34.279298937937014 ], [ 135.288464156902478, 34.279256774678032 ], [ 135.289503514928271, 34.27961749451439 ], [ 135.289689130015745, 34.279468965025764 ], [ 135.289559182825116, 34.27930034812092 ], [ 135.289928500959093, 34.279240270198457 ], [ 135.28991109740565, 34.278970310519433 ], [ 135.289441056378166, 34.279058453155912 ], [ 135.289230862448221, 34.27845797808957 ], [ 135.289129615809713, 34.277924624605092 ], [ 135.289440249898888, 34.27751282643117 ], [ 135.289482966620568, 34.276925927283628 ], [ 135.288949584964854, 34.276977642132096 ], [ 135.288768313436094, 34.275627762884838 ], [ 135.288416618688757, 34.275589946649269 ], [ 135.288158491818621, 34.275361792985983 ], [ 135.287880097640937, 34.274465656257675 ], [ 135.287001894848288, 34.273401927463048 ], [ 135.285707403476948, 34.274151448452209 ], [ 135.285524416155681, 34.273993597988998 ], [ 135.285648190789402, 34.273767938180818 ], [ 135.285529799174441, 34.273339710480478 ], [ 135.284988427771907, 34.273209075266799 ], [ 135.285227506271127, 34.274256425233297 ], [ 135.285485129416799, 34.274377099330081 ], [ 135.285437206937274, 34.274949316107197 ], [ 135.284504019807173, 34.275719237316068 ], [ 135.284035685410231, 34.275889501436033 ], [ 135.284006686464153, 34.276771880846638 ], [ 135.283257101546695, 34.27699065425093 ], [ 135.283016886959615, 34.276581296029953 ], [ 135.282728119219627, 34.276746684448938 ], [ 135.282798064102053, 34.276973610617887 ], [ 135.282391992976301, 34.277345110926987 ], [ 135.282220376345265, 34.278595450883408 ], [ 135.282471799306506, 34.278602834596484 ], [ 135.282401446999927, 34.279276194706362 ], [ 135.282896418572335, 34.279520246936968 ], [ 135.284060485149553, 34.279655640374799 ], [ 135.283568389266293, 34.280115244161912 ], [ 135.283480619167733, 34.280662145041475 ], [ 135.283098796305808, 34.28082290600819 ], [ 135.283271338660995, 34.281279336272085 ], [ 135.282590097765535, 34.281107310418371 ], [ 135.282360684534751, 34.281205143046591 ], [ 135.282941099208131, 34.281912161391531 ], [ 135.283164819999712, 34.281966010877646 ], [ 135.283759239683633, 34.283135999653886 ], [ 135.283978234177965, 34.282795106825915 ], [ 135.284009266122894, 34.284586704032314 ], [ 135.283514031182676, 34.284610584366547 ], [ 135.283506274116291, 34.284434032354824 ], [ 135.283242328713385, 34.284450383818694 ], [ 135.281107027943676, 34.287388531837308 ], [ 135.281142787652044, 34.28798446946962 ], [ 135.280618265412897, 34.288206930438591 ], [ 135.279583681512037, 34.29057265864131 ], [ 135.283116229357375, 34.291585011933918 ], [ 135.287788526428614, 34.291633880684032 ], [ 135.287668542322848, 34.290946175056895 ], [ 135.287797332912646, 34.289180728005775 ], [ 135.287541212474395, 34.288724100371525 ], [ 135.288937326128007, 34.28652973168532 ], [ 135.288291981692026, 34.285644157151808 ] ] ] } },
{ "type": "Feature", "properties": { "CITY_NAME": "岩出市", "S_NAME": "大字原", "JINKO": 31, "medical_area": "30_那賀医療圏", "町丁目名": "岩出市大字原" }, "geometry": { "type": "Polygon", "coordinates": [ [ [ 135.291936456107862, 34.280821173204963 ], [ 135.292072317735659, 34.280030837397206 ], [ 135.291542898286252, 34.280073709167084 ], [ 135.2914344934957, 34.279780640614476 ], [ 135.290886114231512, 34.27937628358314 ], [ 135.290447453416419, 34.279407279146376 ], [ 135.290342989989171, 34.279754197303888 ], [ 135.289944447252424, 34.279487631300427 ], [ 135.289928500959093, 34.279240270198443 ], [ 135.289559182825116, 34.27930034812092 ], [ 135.289689130015745, 34.279468965025764 ], [ 135.289503514928271, 34.27961749451439 ], [ 135.289497449040567, 34.280174453659932 ], [ 135.291936456107862, 34.280821173204963 ] ] ] } },
{ "type": "Feature", "properties": { "CITY_NAME": "岩出市", "S_NAME": "大字西安上", "JINKO": 1029, "medical_area": "30_那賀医療圏", "町丁目名": "岩出市大字西安上" }, "geometry": { "type": "Polygon", "coordinates": [ [ [ 135.295421967789338, 34.280892061771823 ], [ 135.294971259650168, 34.280054685376911 ], [ 135.294712179051885, 34.278871307084245 ], [ 135.293544609605078, 34.278118558150297 ], [ 135.293404474980662, 34.277127577949777 ], [ 135.292753818553422, 34.275956586071075 ], [ 135.292214796205542, 34.276252974178504 ], [ 135.292394306522112, 34.276915673260312 ], [ 135.291193917320669, 34.276780707863715 ], [ 135.290791061845397, 34.276417614524924 ], [ 135.290667878690698, 34.276913189991738 ], [ 135.290426327167779, 34.276801917305853 ], [ 135.290100608943732, 34.27700965129511 ], [ 135.28949548419493, 34.27706222127474 ], [ 135.289440249898888, 34.27751282643117 ], [ 135.289129615809713, 34.277924624605092 ], [ 135.289441056378166, 34.279058453155912 ], [ 135.28991109740565, 34.278970310519433 ], [ 135.289944447252424, 34.279487631300427 ], [ 135.290342989989171, 34.279754197303895 ], [ 135.290447453416419, 34.279407279146376 ], [ 135.290886114231512, 34.279376283583169 ], [ 135.2914344934957, 34.279780640614476 ], [ 135.291542898286252, 34.280073709167084 ], [ 135.292072317735659, 34.280030837397206 ], [ 135.291936456107862, 34.280821173204963 ], [ 135.292352139318695, 34.280814410412518 ], [ 135.293351072637364, 34.280384452499952 ], [ 135.293569345002936, 34.280440083451708 ], [ 135.294025104648114, 34.280878550923383 ], [ 135.295418962295059, 34.281713171649692 ], [ 135.294978472734641, 34.282115924474809 ], [ 135.294977612897242, 34.282668408516152 ], [ 135.29443094774706, 34.282676117428622 ], [ 135.294320264652526, 34.282864246179912 ], [ 135.294698403632708, 34.28315421281615 ], [ 135.294376683412395, 34.284175074281968 ], [ 135.295018170238677, 34.284438943267979 ], [ 135.295191977057755, 34.28469547792195 ], [ 135.295250488832096, 34.285189841078441 ], [ 135.295092748518584, 34.285327550887573 ], [ 135.295257754764719, 34.285571215397958 ], [ 135.295110451462364, 34.285708985072944 ], [ 135.295420356423932, 34.286109423770746 ], [ 135.295438636230415, 34.28642155314585 ], [ 135.294993654134402, 34.28719912403556 ], [ 135.293908527038013, 34.288388850762637 ], [ 135.295126003975867, 34.288070583753303 ], [ 135.297435657542678, 34.287139167801762 ], [ 135.297916010772383, 34.286713117270395 ], [ 135.297243930094027, 34.286299341391079 ], [ 135.297239572324173, 34.286139148043631 ], [ 135.297665387586363, 34.285782368752791 ], [ 135.298133356116068, 34.284115743039905 ], [ 135.297409022207745, 34.283159745853318 ], [ 135.296740968102966, 34.282948562851118 ], [ 135.296534961461759, 34.282461948264832 ], [ 135.295995834455454, 34.282103163454657 ], [ 135.29588995284027, 34.28186702331179 ], [ 135.295566988225545, 34.281799105438772 ], [ 135.295421967789338, 34.280892061771823 ] ] ] } },
{ "type": "Feature", "properties": { "CITY_NAME": "岩出市", "S_NAME": "大字金池", "JINKO": 2190, "medical_area": "30_那賀医療圏", "町丁目名": "岩出市大字金池" }, "geometry": { "type": "Polygon", "coordinates": [ [ [ 135.288949584964854, 34.276977642132096 ], [ 135.290100608943732, 34.27700965129511 ], [ 135.290426327167779, 34.276801917305853 ], [ 135.290667878690698, 34.276913189991738 ], [ 135.290791061845397, 34.276417614524924 ], [ 135.291193917320669, 34.276780707863715 ], [ 135.292394306522112, 34.276915673260312 ], [ 135.292191004819273, 34.27652119359486 ], [ 135.292214796205542, 34.276252974178504 ], [ 135.292460998395399, 34.276025899620201 ], [ 135.293337787586552, 34.276018404874328 ], [ 135.293355761177679, 34.276386321172062 ], [ 135.294076957573878, 34.27628650199177 ], [ 135.295605995135958, 34.275706011674643 ], [ 135.296833784405123, 34.275570058858285 ], [ 135.296846791536751, 34.27513723734269 ], [ 135.297080038773061, 34.274741599342555 ], [ 135.296811608912094, 34.274183062714172 ], [ 135.296875185516399, 34.273765605641728 ], [ 135.296367149076474, 34.272770126599035 ], [ 135.296441504006168, 34.271979003543308 ], [ 135.295941074310832, 34.271744829403659 ], [ 135.294899355249697, 34.271762808381183 ], [ 135.294236392822313, 34.271582916334538 ], [ 135.29242456727215, 34.271781412873018 ], [ 135.291994405370787, 34.272109841165289 ], [ 135.290522141782418, 34.271212745506475 ], [ 135.289397993315163, 34.270776881561403 ], [ 135.288122462730229, 34.270861350436398 ], [ 135.286587445969332, 34.270578602020272 ], [ 135.286773144508317, 34.271442226022423 ], [ 135.287484229746354, 34.272420747510765 ], [ 135.286613785089514, 34.272570796647301 ], [ 135.286684859745918, 34.272876051701139 ], [ 135.287880097640937, 34.274465656257675 ], [ 135.288158491818621, 34.275361792985983 ], [ 135.288416618688757, 34.275589946649269 ], [ 135.288768313436094, 34.275627762884838 ], [ 135.288949584964854, 34.276977642132096 ] ] ] } },
{ "type": "Feature", "properties": { "CITY_NAME": "岩出市", "S_NAME": "大字湯窪", "JINKO": 203, "medical_area": "30_那賀医療圏", "町丁目名": "岩出市大字湯窪" }, "geometry": { "type": "Polygon", "coordinates": [ [ [ 135.296441504006168, 34.271979003543308 ], [ 135.296437291551342, 34.270059056059644 ], [ 135.296015972283868, 34.270102005436073 ], [ 135.296003041542349, 34.269473086527427 ], [ 135.295305838862362, 34.268663878133516 ], [ 135.294588653831653, 34.268192639501876 ], [ 135.294441053269509, 34.267839758096358 ], [ 135.293457059881376, 34.267838333931969 ], [ 135.292979883459793, 34.268069153393441 ], [ 135.29157660343509, 34.268329574990588 ], [ 135.291843996380607, 34.269046595174309 ], [ 135.291324720892788, 34.269294071526517 ], [ 135.292236849044912, 34.270289222449762 ], [ 135.29229448581998, 34.271443562933911 ], [ 135.295375574714882, 34.27122966786272 ], [ 135.295481543340514, 34.27172430554954 ], [ 135.296105990881358, 34.271781555245155 ], [ 135.296441504006168, 34.271979003543308 ] ] ] } },
{ "type": "Feature", "properties": { "CITY_NAME": "岩出市", "S_NAME": "大字赤垣内", "JINKO": 377, "medical_area": "30_那賀医療圏", "町丁目名": "岩出市大字赤垣内" }, "geometry": { "type": "Polygon", "coordinates": [ [ [ 135.297983976455441, 34.272269419937302 ], [ 135.298042785166331, 34.272108742645429 ], [ 135.298631149958567, 34.272189579690355 ], [ 135.299508786363674, 34.272033568731395 ], [ 135.299577274656201, 34.271568805363493 ], [ 135.299924571257151, 34.271500490133725 ], [ 135.299227624193577, 34.270854149327853 ], [ 135.298361295366107, 34.270947675079711 ], [ 135.298375077256651, 34.270317922655302 ], [ 135.298193710911505, 34.270055150608755 ], [ 135.298177531004313, 34.269524822641628 ], [ 135.297821020707858, 34.269005932224623 ], [ 135.297812287018104, 34.268411973470869 ], [ 135.296528405232976, 34.267898627760523 ], [ 135.296375776282588, 34.2671693157993 ], [ 135.295491916265178, 34.267420495617266 ], [ 135.294425017739087, 34.267478050743122 ], [ 135.294588653831653, 34.268192639501876 ], [ 135.295305838862362, 34.268663878133516 ], [ 135.296003041542349, 34.269473086527427 ], [ 135.296015972283868, 34.270102005436073 ], [ 135.296437291551342, 34.270059056059644 ], [ 135.296563742329084, 34.271158004714287 ], [ 135.296448228411492, 34.272093709901249 ], [ 135.296895454529306, 34.271869607275242 ], [ 135.296922144354681, 34.272114171007189 ], [ 135.297225101573872, 34.271960945679695 ], [ 135.29731386432357, 34.271651395909082 ], [ 135.29753660667285, 34.271646613355436 ], [ 135.297983976455441, 34.272269419937302 ] ] ] } },
{ "type": "Feature", "properties": { "CITY_NAME": "岩出市", "S_NAME": "大字波分", "JINKO": 677, "medical_area": "30_那賀医療圏", "町丁目名": "岩出市大字波分" }, "geometry": { "type": "Polygon", "coordinates": [ [ [ 135.296833784405123, 34.275570058858285 ], [ 135.300964954232228, 34.274666137037691 ], [ 135.300604323188622, 34.274092151140003 ], [ 135.300751385238073, 34.27398029161786 ], [ 135.301252686432832, 34.273957080195025 ], [ 135.301297507161792, 34.273810126463445 ], [ 135.302306362462275, 34.273797545299907 ], [ 135.302607333757095, 34.273622459904118 ], [ 135.30277961330458, 34.274100706845729 ], [ 135.302762381545307, 34.273890148196621 ], [ 135.302919081884056, 34.273797499053067 ], [ 135.305178928429001, 34.273203707233655 ], [ 135.30484002707891, 34.27251715930192 ], [ 135.3043721032181, 34.272432778820693 ], [ 135.304401654913249, 34.271919723374836 ], [ 135.303933167473502, 34.271718924483153 ], [ 135.303296724076858, 34.270406630845699 ], [ 135.300269967581187, 34.270758660667966 ], [ 135.300324584044859, 34.271104808110913 ], [ 135.299924571257151, 34.271500490133725 ], [ 135.299577274656201, 34.271568805363493 ], [ 135.299508786363674, 34.272033568731395 ], [ 135.299285544486025, 34.272103858396953 ], [ 135.298042785166331, 34.272108742645429 ], [ 135.297862143087968, 34.272238859476936 ], [ 135.29753660667285, 34.271646613355436 ], [ 135.29731386432357, 34.271651395909082 ], [ 135.297225101573872, 34.271960945679695 ], [ 135.296922144354681, 34.272114171007189 ], [ 135.296895454529306, 34.271869607275242 ], [ 135.296448228411492, 34.272093709901249 ], [ 135.296367149076474, 34.272770126599035 ], [ 135.296875185516399, 34.273765605641728 ], [ 135.296811608912094, 34.274183062714172 ], [ 135.297080038773061, 34.274741599342555 ], [ 135.296846791536751, 34.27513723734269 ], [ 135.296833784405123, 34.275570058858285 ] ] ] } },
{ "type": "Feature", "properties": { "CITY_NAME": "岩出市", "S_NAME": "大字曽屋", "JINKO": 1764, "medical_area": "30_那賀医療圏", "町丁目名": "岩出市大字曽屋" }, "geometry": { "type": "Polygon", "coordinates": [ [ [ 135.300324584044859, 34.271104808110898 ], [ 135.300269967581215, 34.270758660667966 ], [ 135.303139837491841, 34.270440395178575 ], [ 135.302978922290521, 34.269778096925535 ], [ 135.303997188117165, 34.269755692212094 ], [ 135.303998207014871, 34.269631732139239 ], [ 135.304801033958228, 34.269536257095112 ], [ 135.304927409789428, 34.269767294090641 ], [ 135.305277416527503, 34.26975560894347 ], [ 135.305290475141021, 34.269492677174789 ], [ 135.306608492194982, 34.269373476732895 ], [ 135.30663383859445, 34.269567597564794 ], [ 135.30713754589155, 34.26952197822159 ], [ 135.306886658981711, 34.267991416480911 ], [ 135.308042054441273, 34.26775957266981 ], [ 135.307615439454992, 34.265750050149393 ], [ 135.303539273240261, 34.265842257094121 ], [ 135.302785841894064, 34.266155084967231 ], [ 135.302640560608552, 34.265944506086463 ], [ 135.300160060239108, 34.266240464476965 ], [ 135.299974118385933, 34.266446419651132 ], [ 135.298060126960166, 34.266574763035123 ], [ 135.297970891473398, 34.266742864173104 ], [ 135.297176919771601, 34.267062483080174 ], [ 135.297198134955067, 34.267188246317147 ], [ 135.296375776282588, 34.2671693157993 ], [ 135.296528405232976, 34.267898627760523 ], [ 135.297812287018104, 34.268411973470869 ], [ 135.297821020707858, 34.269005932224587 ], [ 135.298177531004313, 34.269524822641607 ], [ 135.298193710911505, 34.270055150608755 ], [ 135.298375077256651, 34.270317922655302 ], [ 135.298361295366107, 34.270947675079682 ], [ 135.299227624193577, 34.270854149327853 ], [ 135.299924571257151, 34.271500490133725 ], [ 135.300324584044859, 34.271104808110898 ] ] ] } },
{ "type": "Feature", "properties": { "CITY_NAME": "岩出市", "S_NAME": "大字金屋", "JINKO": 1534, "medical_area": "30_那賀医療圏", "町丁目名": "岩出市大字金屋" }, "geometry": { "type": "Polygon", "coordinates": [ [ [ 135.296199384712708, 34.267171968233995 ], [ 135.297198134955067, 34.267188246317154 ], [ 135.297176919771601, 34.267062483080174 ], [ 135.297970891473398, 34.266742864173104 ], [ 135.298060126960166, 34.266574763035166 ], [ 135.298708333580834, 34.266454947444657 ], [ 135.299974118385933, 34.266446419651132 ], [ 135.300160060239108, 34.266240464476965 ], [ 135.302640560608552, 34.265944506086463 ], [ 135.302785841894064, 34.266155084967231 ], [ 135.303539273240261, 34.265842257094135 ], [ 135.304447957103832, 34.265832469971784 ], [ 135.304421837002565, 34.265516348843114 ], [ 135.305011093596363, 34.265483899847474 ], [ 135.304833944319796, 34.263770759970662 ], [ 135.303531748969135, 34.263698307044336 ], [ 135.303398297148874, 34.263736149984794 ], [ 135.303425836798993, 34.263915353408443 ], [ 135.29951718146566, 34.264072049220417 ], [ 135.299338524640149, 34.263092967113622 ], [ 135.297805695469805, 34.261280097863079 ], [ 135.296703219316669, 34.261709222161095 ], [ 135.295244431341018, 34.263093372002523 ], [ 135.293011028432886, 34.264335984072474 ], [ 135.289951108951101, 34.264774625006638 ], [ 135.289850181039554, 34.265248073288042 ], [ 135.29065674492557, 34.265428676436393 ], [ 135.292433105018461, 34.265164639513728 ], [ 135.293699211018946, 34.264500953531069 ], [ 135.294124326543084, 34.265201128394054 ], [ 135.294415515423964, 34.264737645400743 ], [ 135.294835900253474, 34.265145623012877 ], [ 135.295488486041307, 34.264881857950364 ], [ 135.295703443214649, 34.265201783601356 ], [ 135.29477455965673, 34.265610424640613 ], [ 135.295295228560065, 34.266487089005786 ], [ 135.294999951036061, 34.266615701700971 ], [ 135.295244096943321, 34.267452884170851 ], [ 135.296199384712708, 34.267171968233995 ] ] ] } },
{ "type": "Feature", "properties": { "CITY_NAME": "岩出市", "S_NAME": "大字畑毛", "JINKO": 660, "medical_area": "30_那賀医療圏", "町丁目名": "岩出市大字畑毛" }, "geometry": { "type": "Polygon", "coordinates": [ [ [ 135.303441842052166, 34.26370751938186 ], [ 135.304833944319796, 34.263770759970662 ], [ 135.304587187862012, 34.261614470503353 ], [ 135.304907338819703, 34.261629098468475 ], [ 135.304797652004197, 34.260720573925546 ], [ 135.30568063687727, 34.260673018743475 ], [ 135.305670962704767, 34.258584007367126 ], [ 135.304445073513534, 34.258933478022435 ], [ 135.304216461669398, 34.258252628540482 ], [ 135.303199464925456, 34.257152592012673 ], [ 135.301276807981367, 34.258425425600123 ], [ 135.299095278748297, 34.260513939929794 ], [ 135.297805695469805, 34.261280097863079 ], [ 135.299338524640149, 34.263092967113622 ], [ 135.29951718146566, 34.264072049220417 ], [ 135.303425836798993, 34.263915353408443 ], [ 135.303441842052166, 34.26370751938186 ] ] ] } },
{ "type": "Feature", "properties": { "CITY_NAME": "岩出市", "S_NAME": "大字根来", "JINKO": 2998, "medical_area": "30_那賀医療圏", "町丁目名": "岩出市大字根来" }, "geometry": { "type": "Polygon", "coordinates": [ [ [ 135.306946259536687, 34.287696017247264 ], [ 135.307132304725542, 34.287228254563296 ], [ 135.307934006079108, 34.287247852629989 ], [ 135.309793074993308, 34.287776442625407 ], [ 135.311672758448168, 34.28745409638659 ], [ 135.311576789994518, 34.28693177769695 ], [ 135.312265932836482, 34.287344013143759 ], [ 135.312580781293406, 34.287281535990992 ], [ 135.312777865872249, 34.287698624971547 ], [ 135.313249525771681, 34.287965952145832 ], [ 135.31331118842337, 34.288230990141919 ], [ 135.31419211899015, 34.288591456988179 ], [ 135.314525807775141, 34.289016769311274 ], [ 135.315892530939664, 34.289595456415114 ], [ 135.317415430043752, 34.29171412697621 ], [ 135.31838986114704, 34.290089673173988 ], [ 135.320382151303335, 34.290493852741839 ], [ 135.320114016666793, 34.289841980577144 ], [ 135.320047015960995, 34.289107966962106 ], [ 135.319439816775457, 34.288132617299638 ], [ 135.318205357017916, 34.287535968133042 ], [ 135.317772197401524, 34.287011646251415 ], [ 135.317756740209262, 34.286671221138818 ], [ 135.320418260388607, 34.286849782224344 ], [ 135.321414439532617, 34.287326766513438 ], [ 135.321793753526777, 34.287181369082511 ], [ 135.32237664680224, 34.287214867618516 ], [ 135.323302563947607, 34.287658631386037 ], [ 135.324769530302859, 34.287666697933304 ], [ 135.325417871263738, 34.287496287745022 ], [ 135.326870602654736, 34.287576093092497 ], [ 135.326911136051365, 34.287062008796859 ], [ 135.326605645879027, 34.286802266221869 ], [ 135.32502744943173, 34.286479752763803 ], [ 135.325392063934515, 34.286198466845732 ], [ 135.325280266062009, 34.28606050361293 ], [ 135.32479088988768, 34.286179951123664 ], [ 135.324324334760064, 34.286077087191472 ], [ 135.32352484738351, 34.285571330958028 ], [ 135.323435584199245, 34.285241767021944 ], [ 135.323260684920228, 34.285445628524165 ], [ 135.323167659273082, 34.285257619763492 ], [ 135.322234205976685, 34.285091319583721 ], [ 135.32155078392509, 34.28517897593494 ], [ 135.320767248503614, 34.284985040534814 ], [ 135.319694325610413, 34.28503447547368 ], [ 135.318697878213015, 34.284864845445114 ], [ 135.318160995817578, 34.284277823127375 ], [ 135.316205889120909, 34.284552515943844 ], [ 135.315898255548802, 34.284248497009365 ], [ 135.313965647027061, 34.284044741663543 ], [ 135.312723312168544, 34.280808627820186 ], [ 135.312956402408958, 34.280665396400259 ], [ 135.312780235862164, 34.280224192300359 ], [ 135.313771425443633, 34.280479631371271 ], [ 135.313953374222393, 34.280155658023808 ], [ 135.31245025089865, 34.279442064362009 ], [ 135.312215027991527, 34.278986018181691 ], [ 135.312328709821372, 34.278266663600228 ], [ 135.313037015596052, 34.277934786693258 ], [ 135.314856644731265, 34.277719123127774 ], [ 135.315473209772023, 34.278448324030649 ], [ 135.315662337714372, 34.279234731259514 ], [ 135.316379452867494, 34.278925281501941 ], [ 135.316814766867026, 34.279002362760671 ], [ 135.317224709070956, 34.278885322924616 ], [ 135.316987166932478, 34.278245860708587 ], [ 135.317201242752702, 34.278170697000952 ], [ 135.317440275622403, 34.277683765552297 ], [ 135.317840713178896, 34.277576676137535 ], [ 135.317816167244416, 34.277406363286438 ], [ 135.317614279883486, 34.277392619170591 ], [ 135.317501593315512, 34.276925317031001 ], [ 135.317894817953231, 34.27683956010722 ], [ 135.317229539325069, 34.27630374945965 ], [ 135.316180737902187, 34.27613225732096 ], [ 135.315499417438275, 34.275317612946274 ], [ 135.315405015488636, 34.274983644548612 ], [ 135.314600114415668, 34.274434553374697 ], [ 135.313439575644963, 34.274569796318453 ], [ 135.312736326862506, 34.274282294878951 ], [ 135.311260192193316, 34.274264739665661 ], [ 135.311291781205313, 34.274798394263414 ], [ 135.310820106873138, 34.274777156820626 ], [ 135.310560323689998, 34.275219725732633 ], [ 135.310536774409996, 34.275631922799043 ], [ 135.310114621799187, 34.276144438171379 ], [ 135.310010867689414, 34.275643764468896 ], [ 135.309561477586129, 34.27564124151499 ], [ 135.309634503789738, 34.275503598349147 ], [ 135.309369555142922, 34.275476048523593 ], [ 135.308695168477612, 34.275509587401451 ], [ 135.308599764994739, 34.274813290268675 ], [ 135.307582637667451, 34.274990272507814 ], [ 135.307490128701318, 34.274765908142804 ], [ 135.307310511318548, 34.274746159494804 ], [ 135.307206668318059, 34.274253231374146 ], [ 135.306308181029493, 34.274214494477711 ], [ 135.306332985791158, 34.273931062258256 ], [ 135.305720659884059, 34.274069460875296 ], [ 135.305178928429001, 34.273203707233655 ], [ 135.303226475396144, 34.27368710913413 ], [ 135.304241067985089, 34.274452995145367 ], [ 135.304943673869332, 34.274598405044649 ], [ 135.30385092329999, 34.274964400194911 ], [ 135.303887877029723, 34.27529917771848 ], [ 135.304177770625813, 34.275248979138603 ], [ 135.30423877872235, 34.275423722368132 ], [ 135.303371374870807, 34.275993700096919 ], [ 135.303232797367485, 34.276275642392228 ], [ 135.303372288584853, 34.276568457060264 ], [ 135.303178625296312, 34.276652163302124 ], [ 135.302916194235195, 34.276127763467628 ], [ 135.303076414983167, 34.275968503034086 ], [ 135.303167753390824, 34.275214940194886 ], [ 135.302607333757095, 34.273622459904118 ], [ 135.302306362462275, 34.273797545299907 ], [ 135.301297507161792, 34.273810126463445 ], [ 135.301252686432832, 34.273957080195025 ], [ 135.300751385238073, 34.27398029161786 ], [ 135.300604323188622, 34.274092151140003 ], [ 135.300964954232228, 34.274666137037691 ], [ 135.300818248216018, 34.274734750475666 ], [ 135.298821920168962, 34.275017937116822 ], [ 135.296736713326766, 34.275586547796493 ], [ 135.29763995896613, 34.276526527651058 ], [ 135.298093900603448, 34.276543208589693 ], [ 135.298130485282485, 34.276920386409351 ], [ 135.299024090624442, 34.277813111888491 ], [ 135.299137098417759, 34.278398649581071 ], [ 135.298866930648472, 34.278811686958704 ], [ 135.298831357144252, 34.279178871963381 ], [ 135.300240537399731, 34.279227055375443 ], [ 135.300238473075183, 34.280777456960003 ], [ 135.300063250704341, 34.281374873154789 ], [ 135.300409699570537, 34.282041188981758 ], [ 135.300375327489689, 34.282766754061662 ], [ 135.300917171318844, 34.283137368418146 ], [ 135.300947312498238, 34.283613398159858 ], [ 135.301825749341532, 34.284129613521941 ], [ 135.301979930923267, 34.284705380247068 ], [ 135.302341991716816, 34.285199778842262 ], [ 135.3022581859951, 34.285727141934863 ], [ 135.303127401233667, 34.286676895211663 ], [ 135.302835957837488, 34.287257166870205 ], [ 135.302736594960123, 34.28933229796629 ], [ 135.302541201508063, 34.289623206775488 ], [ 135.302960679104132, 34.292582137710099 ], [ 135.304301708139064, 34.293505125210316 ], [ 135.304835496772512, 34.292865231145207 ], [ 135.305007206354816, 34.291928300780995 ], [ 135.305400875991722, 34.291703593767629 ], [ 135.305163424068752, 34.291214418007051 ], [ 135.305288818536553, 34.290367943081144 ], [ 135.305755121348284, 34.290173931603576 ], [ 135.306034318320656, 34.288901210104619 ], [ 135.306757117279062, 34.288542136874092 ], [ 135.306946259536687, 34.287696017247264 ] ] ] } },
{ "type": "Feature", "properties": { "CITY_NAME": "岩出市", "S_NAME": "大字森", "JINKO": 964, "medical_area": "30_那賀医療圏", "町丁目名": "岩出市大字森" }, "geometry": { "type": "Polygon", "coordinates": [ [ [ 135.310536774409996, 34.275631922799043 ], [ 135.310560323689998, 34.275219725732633 ], [ 135.310949915486844, 34.274495578904848 ], [ 135.310684799083191, 34.274009638582605 ], [ 135.310063001154447, 34.273655523464463 ], [ 135.310177555199942, 34.273387525781636 ], [ 135.310544309935352, 34.273050082907218 ], [ 135.311655314700033, 34.273161677774155 ], [ 135.31174200375338, 34.272897607787201 ], [ 135.313369273337713, 34.272813868545882 ], [ 135.313395732645148, 34.272564111575029 ], [ 135.3138598033797, 34.272532892417338 ], [ 135.31391820430963, 34.27235079073008 ], [ 135.314244061232387, 34.272305275374492 ], [ 135.314384899731181, 34.271995299488545 ], [ 135.312970961447974, 34.272033754789717 ], [ 135.312384186070744, 34.271713515522215 ], [ 135.312813024275073, 34.27148079934549 ], [ 135.312756512008548, 34.27124170631847 ], [ 135.312369503094374, 34.271134595142122 ], [ 135.310990122806885, 34.271280283572985 ], [ 135.310621188253577, 34.270782068591565 ], [ 135.310771284604556, 34.270284789891186 ], [ 135.309621754165335, 34.270173957311862 ], [ 135.309530736287172, 34.269766752511863 ], [ 135.308379204003955, 34.269901994817673 ], [ 135.308042054441273, 34.267759572669796 ], [ 135.306886658981711, 34.267991416480911 ], [ 135.307301318266866, 34.270647753273117 ], [ 135.306935120567829, 34.270999838957508 ], [ 135.307059332539097, 34.272217099642965 ], [ 135.307445267145198, 34.272279004047832 ], [ 135.307602697387182, 34.273361919212221 ], [ 135.307559924986066, 34.273648914354936 ], [ 135.306332985791158, 34.273931062258256 ], [ 135.306308181029493, 34.274214494477711 ], [ 135.307206668318059, 34.274253231374146 ], [ 135.307310511318548, 34.274746159494804 ], [ 135.307490128701318, 34.274765908142804 ], [ 135.307582637667451, 34.274990272507814 ], [ 135.308599764994739, 34.274813290268696 ], [ 135.308695168477612, 34.275509587401487 ], [ 135.309369555142922, 34.275476048523593 ], [ 135.309634503789738, 34.275503598349147 ], [ 135.309561477586129, 34.27564124151499 ], [ 135.310010867689414, 34.275643764468896 ], [ 135.310114621799187, 34.276144438171379 ], [ 135.310536774409996, 34.275631922799043 ] ] ] } },
{ "type": "Feature", "properties": { "CITY_NAME": "岩出市", "S_NAME": "大字堀口", "JINKO": 469, "medical_area": "30_那賀医療圏", "町丁目名": "岩出市大字堀口" }, "geometry": { "type": "Polygon", "coordinates": [ [ [ 135.305720659884059, 34.274069460875296 ], [ 135.307559924986066, 34.273648914354936 ], [ 135.307445267145198, 34.272279004047832 ], [ 135.307059332539097, 34.272217099642965 ], [ 135.306935120567829, 34.270999838957508 ], [ 135.307301318266866, 34.270647753273117 ], [ 135.30713754589155, 34.26952197822159 ], [ 135.30663383859445, 34.269567597564794 ], [ 135.306608492194982, 34.269373476732895 ], [ 135.305290475141021, 34.269492677174789 ], [ 135.305277416527503, 34.26975560894347 ], [ 135.304927409789428, 34.269767294090641 ], [ 135.304801033958228, 34.269536257095112 ], [ 135.303998207014871, 34.269631732139239 ], [ 135.303997188117165, 34.269755692212094 ], [ 135.302978922290521, 34.269778096925535 ], [ 135.303026656768878, 34.270240423174442 ], [ 135.303139837491841, 34.270440395178575 ], [ 135.303296724076858, 34.270406630845699 ], [ 135.303933167473502, 34.271718924483153 ], [ 135.304401654913249, 34.271919723374836 ], [ 135.3043721032181, 34.272432778820693 ], [ 135.30484002707891, 34.27251715930192 ], [ 135.305720659884059, 34.274069460875296 ] ] ] } },
{ "type": "Feature", "properties": { "CITY_NAME": "岩出市", "S_NAME": "大字今中", "JINKO": 649, "medical_area": "30_那賀医療圏", "町丁目名": "岩出市大字今中" }, "geometry": { "type": "Polygon", "coordinates": [ [ [ 135.311291781205313, 34.274798394263414 ], [ 135.311260192193316, 34.274264739665661 ], [ 135.312736326862506, 34.274282294878951 ], [ 135.313439575644963, 34.274569796318453 ], [ 135.314600114415668, 34.274434553374697 ], [ 135.315002971354261, 34.274697973190186 ], [ 135.315467437863873, 34.274404166695867 ], [ 135.31526585235585, 34.273361161913883 ], [ 135.316364370636506, 34.273223444826456 ], [ 135.31622689556545, 34.272366184034318 ], [ 135.316385378732321, 34.272244928635843 ], [ 135.316269157379566, 34.271361583322552 ], [ 135.31644831239538, 34.270812900289279 ], [ 135.314755821226839, 34.271019721053726 ], [ 135.314477449136007, 34.269880212721745 ], [ 135.313396406232812, 34.27019508751048 ], [ 135.313430154890398, 34.270463915439173 ], [ 135.312361612038302, 34.270481754823749 ], [ 135.311322624535592, 34.270730072845687 ], [ 135.311417736037725, 34.271193225608236 ], [ 135.312069943890947, 34.271081924697341 ], [ 135.312756512008548, 34.27124170631847 ], [ 135.312813024275073, 34.27148079934549 ], [ 135.312384186070744, 34.271713515522215 ], [ 135.312970961447974, 34.272033754789717 ], [ 135.314384899731181, 34.271995299488545 ], [ 135.314244061232387, 34.272305275374492 ], [ 135.31391820430963, 34.27235079073008 ], [ 135.3138598033797, 34.272532892417338 ], [ 135.313395732645148, 34.272564111575029 ], [ 135.313369273337713, 34.272813868545882 ], [ 135.31174200375338, 34.272897607787201 ], [ 135.311655314700033, 34.273161677774155 ], [ 135.310544309935352, 34.273050082907218 ], [ 135.310063001154447, 34.273655523464463 ], [ 135.310898157426578, 34.274298211010816 ], [ 135.310820106873138, 34.274777156820626 ], [ 135.311291781205313, 34.274798394263414 ] ] ] } },
{ "type": "Feature", "properties": { "CITY_NAME": "岩出市", "S_NAME": "大字今中", "JINKO": 0, "medical_area": "30_那賀医療圏", "町丁目名": "岩出市大字今中" }, "geometry": { "type": "Polygon", "coordinates": [ [ [ 135.318005763467454, 34.27877386125671 ], [ 135.318861004196975, 34.27822568496601 ], [ 135.319703770767774, 34.278420948787236 ], [ 135.31963375760418, 34.277916384018901 ], [ 135.318467544187968, 34.27834042758596 ], [ 135.317957296296925, 34.278239130240379 ], [ 135.317754246501494, 34.278625398366067 ], [ 135.318005763467454, 34.27877386125671 ] ] ] } },
{ "type": "Feature", "properties": { "CITY_NAME": "岩出市", "S_NAME": "大字川尻", "JINKO": 1027, "medical_area": "30_那賀医療圏", "町丁目名": "岩出市大字川尻" }, "geometry": { "type": "Polygon", "coordinates": [ [ [ 135.31226504161009, 34.270495301723763 ], [ 135.313430154890398, 34.270463915439173 ], [ 135.313396406232812, 34.27019508751048 ], [ 135.314477449136007, 34.269880212721745 ], [ 135.314755821226839, 34.271019721053726 ], [ 135.31644831239538, 34.270812900289279 ], [ 135.316510841268979, 34.270691535056741 ], [ 135.316933158541616, 34.27106000645653 ], [ 135.318352397847292, 34.271014348905169 ], [ 135.317911881242082, 34.27061943898039 ], [ 135.317324932560467, 34.270497990644671 ], [ 135.317336210873293, 34.270288436846279 ], [ 135.317571466746728, 34.270177469015408 ], [ 135.317647755377635, 34.269690761569564 ], [ 135.317444991501816, 34.268791727715119 ], [ 135.317649910663903, 34.26877102859747 ], [ 135.317667303915016, 34.268570668038961 ], [ 135.316412432157279, 34.267922879322917 ], [ 135.316037277859635, 34.267888111972994 ], [ 135.315681673573351, 34.267066550297031 ], [ 135.31482567035448, 34.267374095640001 ], [ 135.313449942008219, 34.266868589282069 ], [ 135.313472934385061, 34.266533303382857 ], [ 135.313099106746876, 34.266016900017505 ], [ 135.313188328876635, 34.265491809344738 ], [ 135.3118178163339, 34.265596282573682 ], [ 135.31132194635623, 34.266376325056399 ], [ 135.310591587240168, 34.266437174034976 ], [ 135.310381351557538, 34.266678998146624 ], [ 135.307861469467355, 34.266708085504618 ], [ 135.308379204003955, 34.269901994817673 ], [ 135.309530736287172, 34.269766752511863 ], [ 135.309621754165335, 34.270173957311862 ], [ 135.310771284604556, 34.270284789891186 ], [ 135.310621188253577, 34.270782068591565 ], [ 135.310990122806885, 34.271280283572985 ], [ 135.311417736037725, 34.271193225608236 ], [ 135.311322624535592, 34.270730072845687 ], [ 135.31226504161009, 34.270495301723763 ] ], [ [ 135.315317214226241, 34.267611296116975 ], [ 135.315164865111967, 34.267383253119746 ], [ 135.315674097495986, 34.267254458541856 ], [ 135.315697941821298, 34.267663001121377 ], [ 135.315317214226241, 34.267611296116975 ] ] ] } },
{ "type": "Feature", "properties": { "CITY_NAME": "岩出市", "S_NAME": "大字安上", "JINKO": 1203, "medical_area": "30_那賀医療圏", "町丁目名": "岩出市大字安上" }, "geometry": { "type": "Polygon", "coordinates": [ [ [ 135.302960679104132, 34.292582137710099 ], [ 135.302541201508063, 34.289623206775488 ], [ 135.302736594960123, 34.28933229796629 ], [ 135.302835957837488, 34.287257166870205 ], [ 135.303127401233667, 34.286676895211663 ], [ 135.3022581859951, 34.285727141934863 ], [ 135.302341991716816, 34.285199778842262 ], [ 135.301979930923267, 34.284705380247068 ], [ 135.301825749341532, 34.284129613521941 ], [ 135.300947312498295, 34.283613398159844 ], [ 135.300917171318844, 34.283137368418146 ], [ 135.300375327489689, 34.282766754061662 ], [ 135.300409699570537, 34.282041188981758 ], [ 135.300063250704341, 34.281374873154789 ], [ 135.300238473075183, 34.280777456960003 ], [ 135.300240537399731, 34.279227055375443 ], [ 135.298831357144252, 34.279178871963381 ], [ 135.298866930648472, 34.278811686958704 ], [ 135.299137098417759, 34.278398649581071 ], [ 135.299024090624442, 34.277813111888491 ], [ 135.298130485282485, 34.276920386409351 ], [ 135.298093900603448, 34.276543208589693 ], [ 135.29763995896613, 34.276526527651058 ], [ 135.296736713326766, 34.275586547796472 ], [ 135.295605995135958, 34.275706011674643 ], [ 135.294076957573878, 34.27628650199177 ], [ 135.293355761177679, 34.276386321172062 ], [ 135.293337787586552, 34.276018404874328 ], [ 135.292753818553422, 34.275956586071054 ], [ 135.293404474980719, 34.277127577949763 ], [ 135.293544609605078, 34.278118558150297 ], [ 135.294712179051885, 34.278871307084245 ], [ 135.294971259650168, 34.280054685376911 ], [ 135.295544215143991, 34.281256768733037 ], [ 135.295566988225545, 34.281799105438772 ], [ 135.29588995284027, 34.281867023311818 ], [ 135.295995834455454, 34.282103163454657 ], [ 135.296534961461759, 34.282461948264846 ], [ 135.296740968102966, 34.282948562851118 ], [ 135.297409022207745, 34.283159745853318 ], [ 135.298133356116068, 34.284115743039905 ], [ 135.297665387586363, 34.285782368752791 ], [ 135.297239572324173, 34.286139148043631 ], [ 135.297243930094027, 34.286299341391079 ], [ 135.297916010772383, 34.286713117270395 ], [ 135.297435657542678, 34.287139167801762 ], [ 135.293143034060733, 34.28875718086541 ], [ 135.291978010919763, 34.289478470201978 ], [ 135.291206989782353, 34.290531371139188 ], [ 135.300401780905332, 34.289614117517075 ], [ 135.302960679104132, 34.292582137710099 ] ] ] } },
{ "type": "Feature", "properties": { "CITY_NAME": "岩出市", "S_NAME": "大字押川", "JINKO": 15, "medical_area": "30_那賀医療圏", "町丁目名": "岩出市大字押川" }, "geometry": { "type": "Polygon", "coordinates": [ [ [ 135.324472349987417, 34.319236416005118 ], [ 135.326537841069864, 34.319050726165621 ], [ 135.328846154812226, 34.318217882808966 ], [ 135.330378971164947, 34.316670305738953 ], [ 135.329801102572617, 34.316260154631962 ], [ 135.328046098752367, 34.315843413526373 ], [ 135.327899133501433, 34.315341656824287 ], [ 135.328062301025739, 34.314747636572172 ], [ 135.327463421686815, 34.314616017111369 ], [ 135.327088213366267, 34.314344748664354 ], [ 135.327009155843342, 34.313849564114911 ], [ 135.327139735037235, 34.31355599287906 ], [ 135.32773218527123, 34.31307082711438 ], [ 135.327833524432947, 34.312658054662215 ], [ 135.328084589549206, 34.312396415013737 ], [ 135.328899042851958, 34.31198458147977 ], [ 135.328602104124343, 34.311362968638278 ], [ 135.328664907666422, 34.311056487585709 ], [ 135.330355649698703, 34.310511505331206 ], [ 135.330580004009732, 34.309805110327389 ], [ 135.33152124585223, 34.309090209763013 ], [ 135.331758534589426, 34.30865929016182 ], [ 135.333086591090591, 34.308654091511762 ], [ 135.33315259888866, 34.307927947558838 ], [ 135.333679774534374, 34.3075770561044 ], [ 135.334154702467231, 34.306659129298396 ], [ 135.334127844810268, 34.306233112350242 ], [ 135.333867623591118, 34.305737086973025 ], [ 135.333880002258809, 34.305117153212819 ], [ 135.33479995572668, 34.305184667178288 ], [ 135.335578795292378, 34.304976039901298 ], [ 135.336011338126184, 34.305144345580615 ], [ 135.336314962216363, 34.303943751156922 ], [ 135.336609726341408, 34.303720795892147 ], [ 135.335791284678294, 34.30304888990959 ], [ 135.335497254993555, 34.302452419415978 ], [ 135.33556972746436, 34.302097554718699 ], [ 135.334088048599568, 34.301234337620706 ], [ 135.333963579855492, 34.30060569431798 ], [ 135.333270959771482, 34.300064842142547 ], [ 135.332523250974589, 34.300193075332317 ], [ 135.332305981745122, 34.299968771295418 ], [ 135.332322213560076, 34.299175649916371 ], [ 135.332085958981963, 34.298835592196291 ], [ 135.332555800231063, 34.298590352559579 ], [ 135.332995300539864, 34.298086742966625 ], [ 135.332230387738292, 34.298057673209186 ], [ 135.331889329865987, 34.29729825587502 ], [ 135.331399013067823, 34.297289260561527 ], [ 135.330946128721109, 34.296839136224307 ], [ 135.330203473549147, 34.293028489910405 ], [ 135.331010280811029, 34.290684499762001 ], [ 135.330009570103982, 34.288746653802448 ], [ 135.329274693536263, 34.288341741667125 ], [ 135.328363380932075, 34.288351980937563 ], [ 135.328070817854126, 34.287900313312058 ], [ 135.327947967651227, 34.287309691701694 ], [ 135.327748466712137, 34.287187596692476 ], [ 135.326911136051365, 34.287062008796852 ], [ 135.326870602654736, 34.287576093092497 ], [ 135.325417871263738, 34.287496287745022 ], [ 135.324769530302859, 34.287666697933304 ], [ 135.323302563947607, 34.287658631386037 ], [ 135.32237664680224, 34.287214867618516 ], [ 135.321793753526777, 34.287181369082482 ], [ 135.321578211075661, 34.287357814846828 ], [ 135.320418260388607, 34.286849782224344 ], [ 135.317902875435152, 34.286626532347015 ], [ 135.317701565349807, 34.2867313496074 ], [ 135.317772197401524, 34.287011646251415 ], [ 135.318205357017916, 34.287535968133042 ], [ 135.318803633395419, 34.287924979754557 ], [ 135.319340235653812, 34.288048954582948 ], [ 135.31965141747915, 34.288447785174974 ], [ 135.320047015960995, 34.289107966962092 ], [ 135.320114016666793, 34.289841980577144 ], [ 135.320382151303335, 34.290493852741839 ], [ 135.31838986114704, 34.290089673173988 ], [ 135.317415430043752, 34.29171412697621 ], [ 135.315892530939664, 34.289595456415114 ], [ 135.314525807775141, 34.289016769311274 ], [ 135.31419211899015, 34.288591456988179 ], [ 135.31331118842337, 34.288230990141919 ], [ 135.313249525771681, 34.287965952145832 ], [ 135.312777865872249, 34.287698624971547 ], [ 135.312580781293406, 34.287281535990992 ], [ 135.312265932836482, 34.287344013143759 ], [ 135.311576789994518, 34.28693177769695 ], [ 135.311672758448168, 34.28745409638659 ], [ 135.309793074993308, 34.287776442625407 ], [ 135.308270679585348, 34.287302718138669 ], [ 135.307132304725542, 34.287228254563296 ], [ 135.306757117279062, 34.288542136874092 ], [ 135.306034318320656, 34.288901210104619 ], [ 135.305755121348284, 34.290173931603576 ], [ 135.305288818536553, 34.290367943081144 ], [ 135.305163424068752, 34.291214418007051 ], [ 135.305400875991722, 34.291703593767629 ], [ 135.305007206354816, 34.291928300780995 ], [ 135.304835496772512, 34.292865231145207 ], [ 135.304301708139064, 34.293505125210316 ], [ 135.302960679104132, 34.292582137710099 ], [ 135.300401780905332, 34.289614117517075 ], [ 135.291039841035797, 34.290538999647154 ], [ 135.28873381805829, 34.291648375194171 ], [ 135.288820606992374, 34.292455484113326 ], [ 135.290050421664915, 34.292087470404844 ], [ 135.29043732355936, 34.292145208297114 ], [ 135.290604677188441, 34.292438051957845 ], [ 135.291336811574695, 34.292386637201474 ], [ 135.291835325957692, 34.292538409039771 ], [ 135.292482739889579, 34.292327741057001 ], [ 135.293264296077297, 34.292949521064564 ], [ 135.293416886236628, 34.293289747896665 ], [ 135.294343247367834, 34.293465805234483 ], [ 135.294688981809912, 34.293301145671457 ], [ 135.294599787417297, 34.29453716406563 ], [ 135.294981852590269, 34.29547020578056 ], [ 135.295642656047647, 34.295954211033134 ], [ 135.295274929624696, 34.296747998567326 ], [ 135.294596916913406, 34.297476472594468 ], [ 135.294162733901118, 34.298498220919228 ], [ 135.293767304616722, 34.298884882191871 ], [ 135.292929106889687, 34.29902304259835 ], [ 135.29342568636639, 34.299316224878737 ], [ 135.293516482702444, 34.299847674169236 ], [ 135.294616501909928, 34.300113608033335 ], [ 135.29481750521748, 34.300487494140114 ], [ 135.295882243104273, 34.300087056529698 ], [ 135.29603100924129, 34.300200883374735 ], [ 135.296117095592365, 34.301308022333288 ], [ 135.298066599071092, 34.300867433004669 ], [ 135.298407300941676, 34.301631755243051 ], [ 135.298506903537771, 34.302750381729922 ], [ 135.299393586078764, 34.302484295255532 ], [ 135.300727827488629, 34.302401633511806 ], [ 135.300985619044297, 34.302493402103373 ], [ 135.301067958466319, 34.303233702928551 ], [ 135.301501158585893, 34.303507208982417 ], [ 135.30181046150355, 34.30394933329417 ], [ 135.302842484280916, 34.304214981315056 ], [ 135.30285958858579, 34.306264866982687 ], [ 135.303149381672057, 34.307429814622878 ], [ 135.304318522875491, 34.3100621184226 ], [ 135.304526894824647, 34.311203915565194 ], [ 135.304522626580564, 34.311723415494093 ], [ 135.304023860062017, 34.312793441358849 ], [ 135.303968670620606, 34.313713564533025 ], [ 135.307778947301131, 34.314599090120204 ], [ 135.307894642249039, 34.31436012508604 ], [ 135.308568640524499, 34.314069653941971 ], [ 135.308806610109968, 34.31357006659249 ], [ 135.309788910458991, 34.313406417559555 ], [ 135.310043300395506, 34.313677188772822 ], [ 135.310481542480971, 34.313604426974088 ], [ 135.310955116943632, 34.313826278278675 ], [ 135.311393144180613, 34.313784926401702 ], [ 135.311903585308926, 34.314113478597406 ], [ 135.312937207782085, 34.314138003710895 ], [ 135.313241873457827, 34.3142555035854 ], [ 135.313186956648593, 34.314511860856108 ], [ 135.313930973327359, 34.314891862996738 ], [ 135.313996343278745, 34.315205241294322 ], [ 135.314789005391304, 34.315165860286108 ], [ 135.315848220433736, 34.315760326307213 ], [ 135.316377994344066, 34.315569160593007 ], [ 135.317195316079903, 34.315745996264226 ], [ 135.317939879357198, 34.316056954698574 ], [ 135.318088582672857, 34.316333324863983 ], [ 135.319669659377126, 34.316786553978453 ], [ 135.320799693341513, 34.317497315525564 ], [ 135.321860590913332, 34.317891430377756 ], [ 135.322787064940172, 34.318582182360764 ], [ 135.323809337040785, 34.319094978658462 ], [ 135.324472349987417, 34.319236416005118 ] ] ] } },
{ "type": "Feature", "properties": { "CITY_NAME": "岩出市", "S_NAME": "大字荊本", "JINKO": 1375, "medical_area": "30_那賀医療圏", "町丁目名": "岩出市大字荊本" }, "geometry": { "type": "Polygon", "coordinates": [ [ [ 135.310381351557538, 34.266678998146624 ], [ 135.310591587240168, 34.266437174034976 ], [ 135.31132194635623, 34.266376325056399 ], [ 135.311802508148304, 34.265700301303902 ], [ 135.311786561842638, 34.265287742812703 ], [ 135.310923478509039, 34.265266991868323 ], [ 135.312004941830168, 34.26304067103532 ], [ 135.31092431846875, 34.262969680426743 ], [ 135.310591142750724, 34.261491210258832 ], [ 135.309593724646845, 34.261569997493034 ], [ 135.309677095255012, 34.261982792556232 ], [ 135.306814992314685, 34.262336475231329 ], [ 135.306589520863724, 34.261232329251925 ], [ 135.305772240095422, 34.261279275919243 ], [ 135.30568063687727, 34.260673018743475 ], [ 135.304797652004197, 34.260720573925546 ], [ 135.304907338819703, 34.261629098468475 ], [ 135.304587187862012, 34.261614470503353 ], [ 135.305011093596363, 34.265483899847474 ], [ 135.304421837002565, 34.265516348843114 ], [ 135.304447957103832, 34.265832469971784 ], [ 135.307615439454992, 34.265750050149393 ], [ 135.307861469467355, 34.266708085504618 ], [ 135.310381351557538, 34.266678998146624 ] ] ] } },
{ "type": "Feature", "properties": { "CITY_NAME": "岩出市", "S_NAME": "大字中迫", "JINKO": 0, "medical_area": "30_那賀医療圏", "町丁目名": "岩出市大字中迫" }, "geometry": { "type": "Polygon", "coordinates": [ [ [ 135.315697941821298, 34.26766300112137 ], [ 135.315674097495986, 34.267254458541856 ], [ 135.315164865111967, 34.267383253119746 ], [ 135.315407916075515, 34.267674910914629 ], [ 135.315697941821298, 34.26766300112137 ] ] ] } },
{ "type": "Feature", "properties": { "CITY_NAME": "岩出市", "S_NAME": "大字中迫", "JINKO": 1725, "medical_area": "30_那賀医療圏", "町丁目名": "岩出市大字中迫" }, "geometry": { "type": "Polygon", "coordinates": [ [ [ 135.317206777859724, 34.267523838304378 ], [ 135.317347429971647, 34.267214140353069 ], [ 135.317663377739137, 34.267342536727654 ], [ 135.318801776938756, 34.267014559802391 ], [ 135.318789182232933, 34.266782335413318 ], [ 135.318196558113272, 34.266710870846545 ], [ 135.31796364109627, 34.266285136750795 ], [ 135.318399002882586, 34.266127379997101 ], [ 135.318337121469938, 34.265426346965853 ], [ 135.318135936673912, 34.265253088150978 ], [ 135.318313999610609, 34.265147717730606 ], [ 135.318371496132357, 34.264749795218307 ], [ 135.319021913664841, 34.265127831428352 ], [ 135.319292710701603, 34.265637872957157 ], [ 135.319886359394729, 34.265581005294273 ], [ 135.319812650254363, 34.265152209758796 ], [ 135.319997014918158, 34.265017148018963 ], [ 135.319705224129677, 34.264416834695147 ], [ 135.321327190377531, 34.264523839429508 ], [ 135.321980038729208, 34.264303173267685 ], [ 135.322077648014243, 34.263554984240763 ], [ 135.321809334173025, 34.263337268373512 ], [ 135.321856176442594, 34.26245638054943 ], [ 135.320220826295838, 34.262615836446173 ], [ 135.320069789827784, 34.262414824582187 ], [ 135.319619410169196, 34.262385710573284 ], [ 135.319634938700119, 34.261788786058439 ], [ 135.31979742432938, 34.261593875241147 ], [ 135.318500887846113, 34.261390609696619 ], [ 135.318332477681224, 34.260325125917454 ], [ 135.317141640580616, 34.260318521408102 ], [ 135.317146882521399, 34.260804268436267 ], [ 135.31671118215499, 34.260812696678919 ], [ 135.316688828682913, 34.260592111226003 ], [ 135.3158196350374, 34.260614186206894 ], [ 135.315661750142084, 34.260239158532507 ], [ 135.316092167742966, 34.260081101836874 ], [ 135.31606010990663, 34.259329948690905 ], [ 135.315368670123149, 34.259337653046849 ], [ 135.315263028289365, 34.259132241225082 ], [ 135.314585505484985, 34.259333291683042 ], [ 135.314502376302784, 34.259003193585372 ], [ 135.314040492861977, 34.259072039600142 ], [ 135.314025503802924, 34.25959739967503 ], [ 135.313046993842931, 34.259868184934632 ], [ 135.312941498788234, 34.260308518271202 ], [ 135.312554865516972, 34.26035974616331 ], [ 135.312542759227, 34.260529004372586 ], [ 135.31191154412366, 34.260311634525628 ], [ 135.31181207391549, 34.260667478904573 ], [ 135.31115320878601, 34.261216141789347 ], [ 135.310691183650107, 34.261170024474019 ], [ 135.310599756775275, 34.261573949043168 ], [ 135.31092431846875, 34.262969680426743 ], [ 135.312004941830168, 34.26304067103532 ], [ 135.310923478509039, 34.265266991868323 ], [ 135.311786561842638, 34.265287742812703 ], [ 135.3118178163339, 34.265596282573682 ], [ 135.313188328876635, 34.265491809344738 ], [ 135.313099106746876, 34.266016900017505 ], [ 135.313472934385061, 34.266533303382857 ], [ 135.313449942008219, 34.266868589282069 ], [ 135.31482567035448, 34.267374095640001 ], [ 135.315681673573351, 34.267066550297031 ], [ 135.316037277859635, 34.267888111972994 ], [ 135.316412432157279, 34.267922879322917 ], [ 135.317371119921944, 34.268400261341633 ], [ 135.317206777859724, 34.267523838304378 ] ] ] } },
{ "type": "Feature", "properties": { "CITY_NAME": "岩出市", "S_NAME": "大字水栖", "JINKO": 2373, "medical_area": "30_那賀医療圏", "町丁目名": "岩出市大字水栖" }, "geometry": { "type": "Polygon", "coordinates": [ [ [ 135.321868012181795, 34.272219776535479 ], [ 135.323526038959074, 34.271508211495423 ], [ 135.323690308258563, 34.27198892329119 ], [ 135.324884479959053, 34.271812212478274 ], [ 135.324870788387045, 34.271550398611566 ], [ 135.325409204908681, 34.271243717678693 ], [ 135.325803056985308, 34.271271939131481 ], [ 135.3256339964706, 34.270725839129277 ], [ 135.326793393667742, 34.270625270736538 ], [ 135.327511856630082, 34.270795008099348 ], [ 135.328302050235664, 34.270537587645471 ], [ 135.328403976759176, 34.269457940913789 ], [ 135.327826195985381, 34.269334622143433 ], [ 135.327993068836491, 34.268971241449378 ], [ 135.328432083181923, 34.26895757953875 ], [ 135.328587978613882, 34.26875825188511 ], [ 135.328014828443571, 34.267143413881762 ], [ 135.32663204981921, 34.266963566728109 ], [ 135.325740536575609, 34.265715497994471 ], [ 135.325444554326481, 34.264479985171207 ], [ 135.324843689449608, 34.264485565539601 ], [ 135.324690497952986, 34.264084651555542 ], [ 135.324534282334781, 34.264446114514634 ], [ 135.323862881525855, 34.264355651659315 ], [ 135.3239245150221, 34.264488127640078 ], [ 135.322810733103836, 34.264453970876886 ], [ 135.322023296631926, 34.264621779314631 ], [ 135.321980038729208, 34.264303173267685 ], [ 135.321327190377531, 34.264523839429508 ], [ 135.319705224129677, 34.264416834695147 ], [ 135.319997014918158, 34.265017148018963 ], [ 135.319812650254363, 34.265152209758796 ], [ 135.319886359394729, 34.265581005294273 ], [ 135.319292710701603, 34.265637872957157 ], [ 135.319021913664841, 34.265127831428352 ], [ 135.318371496132357, 34.264749795218307 ], [ 135.318313999610609, 34.265147717730606 ], [ 135.318135936673912, 34.265253088150978 ], [ 135.318337121469938, 34.265426346965853 ], [ 135.318399002882586, 34.266127379997101 ], [ 135.31796364109627, 34.266285136750795 ], [ 135.318196558113272, 34.266710870846545 ], [ 135.318789182232933, 34.266782335413318 ], [ 135.318801776938756, 34.267014559802391 ], [ 135.317663377739137, 34.267342536727654 ], [ 135.317347429971647, 34.267214140353069 ], [ 135.317206777859724, 34.267523838304378 ], [ 135.317371119921944, 34.268400261341633 ], [ 135.317667303915016, 34.268570668038961 ], [ 135.317649910663903, 34.26877102859747 ], [ 135.317444991501816, 34.268791727715147 ], [ 135.317647755377635, 34.269690761569564 ], [ 135.317571466746728, 34.270177469015408 ], [ 135.317310010946244, 34.270365349098455 ], [ 135.317359645561311, 34.270559321967049 ], [ 135.319668563522498, 34.270477167034208 ], [ 135.319888120320172, 34.27106891392777 ], [ 135.321868012181795, 34.272219776535479 ] ] ] } },
{ "type": "Feature", "properties": { "CITY_NAME": "岩出市", "S_NAME": "大字野上野", "JINKO": 1920, "medical_area": "30_那賀医療圏", "町丁目名": "岩出市大字野上野" }, "geometry": { "type": "Polygon", "coordinates": [ [ [ 135.317754246501494, 34.278625398366067 ], [ 135.317957296296925, 34.278239130240379 ], [ 135.318467544187968, 34.278340427585952 ], [ 135.31963375760418, 34.277916384018901 ], [ 135.319583698222999, 34.277694799014938 ], [ 135.319897088230505, 34.277407465125286 ], [ 135.319380846405096, 34.276669964649166 ], [ 135.321338337927159, 34.27639171568071 ], [ 135.321581628818706, 34.276534492837854 ], [ 135.323132965362106, 34.276570796500813 ], [ 135.324053311030383, 34.275859530041956 ], [ 135.324282232030043, 34.275018377824146 ], [ 135.324061707483992, 34.274808112286635 ], [ 135.324155239463153, 34.274224573743439 ], [ 135.32380905681481, 34.273988964964921 ], [ 135.323459883919838, 34.27412242070271 ], [ 135.323446112763321, 34.273993166416574 ], [ 135.324292587490191, 34.273721150520373 ], [ 135.32425718849359, 34.27338356834052 ], [ 135.324919079640722, 34.27340467274928 ], [ 135.324910646371393, 34.273142887266957 ], [ 135.324791465276149, 34.272932897776712 ], [ 135.324318513689434, 34.272939033413643 ], [ 135.324316779067431, 34.272502745017036 ], [ 135.324064070935037, 34.27256249467942 ], [ 135.323937510262397, 34.271959713729487 ], [ 135.323690308258563, 34.27198892329119 ], [ 135.323526038959074, 34.271508211495423 ], [ 135.321868012181795, 34.272219776535479 ], [ 135.319888120320172, 34.27106891392777 ], [ 135.319668563522498, 34.270477167034208 ], [ 135.317911881242082, 34.27061943898039 ], [ 135.318327747134703, 34.271078307059256 ], [ 135.317663256781827, 34.270946430303049 ], [ 135.316933158541616, 34.27106000645653 ], [ 135.316463448495796, 34.270708739721179 ], [ 135.316269157379566, 34.271361583322552 ], [ 135.316385378732321, 34.272244928635843 ], [ 135.31622689556545, 34.272366184034318 ], [ 135.316364370636506, 34.273223444826456 ], [ 135.31526585235585, 34.273361161913883 ], [ 135.315467437863873, 34.274404166695867 ], [ 135.315002971354261, 34.274697973190186 ], [ 135.315405015488636, 34.274983644548612 ], [ 135.315499417438275, 34.275317612946274 ], [ 135.316180737902187, 34.27613225732096 ], [ 135.317229539325069, 34.27630374945965 ], [ 135.317884358843287, 34.276819590839565 ], [ 135.317501593315512, 34.276925317031001 ], [ 135.317614279883486, 34.277392619170591 ], [ 135.317816167244416, 34.277406363286438 ], [ 135.317907647651595, 34.278100010433853 ], [ 135.317585279717264, 34.278419916839802 ], [ 135.317754246501494, 34.278625398366067 ] ] ] } },
{ "type": "Feature", "properties": { "CITY_NAME": "岩出市", "S_NAME": "大字山田", "JINKO": 719, "medical_area": "30_那賀医療圏", "町丁目名": "岩出市大字山田" }, "geometry": { "type": "Polygon", "coordinates": [ [ [ 135.322715612189626, 34.282446460344445 ], [ 135.323100869749283, 34.282436326165843 ], [ 135.324080838628163, 34.283081130695891 ], [ 135.324273594838189, 34.283057537349244 ], [ 135.323731318378577, 34.282329073694122 ], [ 135.323711790342401, 34.281990738072416 ], [ 135.32344486500358, 34.282026176317885 ], [ 135.323410336213044, 34.281712409788469 ], [ 135.322803350335676, 34.281666099501948 ], [ 135.322325331739421, 34.281239163574725 ], [ 135.322317472729139, 34.280366007451967 ], [ 135.322480096195079, 34.279945701669185 ], [ 135.32200263249257, 34.279451293050073 ], [ 135.322144156793286, 34.278889437063775 ], [ 135.320856633462824, 34.278258840569805 ], [ 135.321875895890457, 34.27722934419252 ], [ 135.322178462163009, 34.277498104956408 ], [ 135.323130310591068, 34.277300495173648 ], [ 135.323132965362106, 34.276570796500813 ], [ 135.321581628818706, 34.276534492837854 ], [ 135.321338337927159, 34.27639171568071 ], [ 135.319380846405096, 34.276669964649166 ], [ 135.319897088230505, 34.277407465125286 ], [ 135.319583698222999, 34.277694799014967 ], [ 135.319703770767774, 34.278420948787236 ], [ 135.318861004196975, 34.27822568496601 ], [ 135.318226358614396, 34.27848968158942 ], [ 135.318005763467454, 34.27877386125671 ], [ 135.317926363934305, 34.279751343962914 ], [ 135.318271446152721, 34.280261094174165 ], [ 135.318115334539101, 34.280739751493272 ], [ 135.319426004349111, 34.280725178396089 ], [ 135.319401190985843, 34.280128595553066 ], [ 135.319616314006851, 34.280086819931057 ], [ 135.319701285610734, 34.280572871095458 ], [ 135.320576056680551, 34.280473320454689 ], [ 135.320643842770238, 34.2807964297929 ], [ 135.320470656049821, 34.281152156494421 ], [ 135.32061643507285, 34.281441886194074 ], [ 135.321060996347796, 34.281425887666373 ], [ 135.321559524437305, 34.281139712809647 ], [ 135.321853198231423, 34.281460968553652 ], [ 135.321998922616871, 34.281763091598847 ], [ 135.321895363954098, 34.282208233878293 ], [ 135.321292662101115, 34.282549338830151 ], [ 135.321350350937621, 34.282746311909101 ], [ 135.322213080695008, 34.283199035931915 ], [ 135.322954546105848, 34.283136350155559 ], [ 135.323059508180506, 34.282977182199261 ], [ 135.322715612189626, 34.282446460344445 ] ] ] } },
{ "type": "Feature", "properties": { "CITY_NAME": "岩出市", "S_NAME": "大字北大池", "JINKO": 1269, "medical_area": "30_那賀医療圏", "町丁目名": "岩出市大字北大池" }, "geometry": { "type": "Polygon", "coordinates": [ [ [ 135.325720286432698, 34.281371660897818 ], [ 135.327157833883518, 34.281293467956452 ], [ 135.327125152053014, 34.280275642401826 ], [ 135.327574239932574, 34.280202593872986 ], [ 135.327529950254473, 34.279743114477085 ], [ 135.327893790287277, 34.279554366932118 ], [ 135.328218446796569, 34.278775297349512 ], [ 135.328529621836822, 34.278764601226449 ], [ 135.328835369785082, 34.278501998554447 ], [ 135.329136312495649, 34.277443021972999 ], [ 135.328836223166547, 34.276992425464606 ], [ 135.328499443025123, 34.275793037435506 ], [ 135.328292255499747, 34.273761240938633 ], [ 135.327977586135006, 34.273685281918972 ], [ 135.327694052698831, 34.273657670463002 ], [ 135.327598399220363, 34.274121741788768 ], [ 135.32714731308161, 34.274023199317597 ], [ 135.326220936220324, 34.274218867454884 ], [ 135.326258052773397, 34.275167840384206 ], [ 135.325852523435231, 34.275287753172769 ], [ 135.325550379540687, 34.274954483839032 ], [ 135.325558696046556, 34.27469335433782 ], [ 135.324282232030043, 34.275018377824146 ], [ 135.324150634825145, 34.275731027022857 ], [ 135.323132965362106, 34.276570796500813 ], [ 135.323130310591068, 34.277300495173648 ], [ 135.322178462163009, 34.277498104956408 ], [ 135.321875895890457, 34.27722934419252 ], [ 135.320863700258968, 34.278192247168882 ], [ 135.321125657711065, 34.278441062045054 ], [ 135.321576848802152, 34.27851751073468 ], [ 135.321782180318451, 34.27877065918225 ], [ 135.322543177701959, 34.279002360447819 ], [ 135.323268964301576, 34.279012416446321 ], [ 135.323984084671309, 34.279428397488097 ], [ 135.324381094275708, 34.279799519745772 ], [ 135.324559125813721, 34.280227757702853 ], [ 135.325553736848946, 34.280891084479201 ], [ 135.325720286432698, 34.281371660897818 ] ] ] } },
{ "type": "Feature", "properties": { "CITY_NAME": "岩出市", "S_NAME": "大字南大池", "JINKO": 678, "medical_area": "30_那賀医療圏", "町丁目名": "岩出市大字南大池" }, "geometry": { "type": "Polygon", "coordinates": [ [ [ 135.326258052773397, 34.275167840384206 ], [ 135.326220936220324, 34.274218867454884 ], [ 135.32714731308161, 34.274023199317597 ], [ 135.327598399220363, 34.274121741788768 ], [ 135.327694052698831, 34.273657670463002 ], [ 135.328292255499747, 34.273761240938633 ], [ 135.328207369286304, 34.272868637704612 ], [ 135.328463984578462, 34.272979214595111 ], [ 135.328976202935905, 34.27265913346092 ], [ 135.328268369904265, 34.272467627167721 ], [ 135.328302050235664, 34.270537587645471 ], [ 135.327511856630082, 34.270795008099327 ], [ 135.326793393667742, 34.270625270736517 ], [ 135.3256339964706, 34.270725839129277 ], [ 135.325803056985308, 34.271271939131481 ], [ 135.325409204908681, 34.271243717678693 ], [ 135.324870788387045, 34.271550398611566 ], [ 135.324884479959053, 34.271812212478274 ], [ 135.323937510262397, 34.271959713729487 ], [ 135.324064070935037, 34.27256249467942 ], [ 135.324316779067431, 34.272502745017036 ], [ 135.324318513689434, 34.272939033413643 ], [ 135.324791465276149, 34.272932897776712 ], [ 135.324919079640722, 34.27340467274928 ], [ 135.32425718849359, 34.27338356834052 ], [ 135.324292587490191, 34.273721150520373 ], [ 135.323446112763321, 34.273993166416574 ], [ 135.323459883919838, 34.27412242070271 ], [ 135.32380905681481, 34.273988964964886 ], [ 135.324155239463153, 34.274224573743417 ], [ 135.324061707483992, 34.274808112286635 ], [ 135.324282232030043, 34.275018377824146 ], [ 135.325558696046556, 34.27469335433782 ], [ 135.325550379540687, 34.274954483839032 ], [ 135.325852523435231, 34.275287753172769 ], [ 135.326258052773397, 34.275167840384206 ] ] ] } },
{ "type": "Feature", "properties": { "CITY_NAME": "岩出市", "S_NAME": "大字東坂本", "JINKO": 646, "medical_area": "30_那賀医療圏", "町丁目名": "岩出市大字東坂本" }, "geometry": { "type": "Polygon", "coordinates": [ [ [ 135.333555282453318, 34.284030500280146 ], [ 135.333102448295108, 34.281538584206672 ], [ 135.334080488580867, 34.28132018540137 ], [ 135.333587059367261, 34.280881798384222 ], [ 135.333521542276088, 34.280312045220832 ], [ 135.333114936357276, 34.279952592426312 ], [ 135.333194311446789, 34.279650856749903 ], [ 135.333687400672432, 34.279246837675863 ], [ 135.333907290412242, 34.278425910038948 ], [ 135.333547808184477, 34.276527124573796 ], [ 135.33328434151872, 34.276217749530666 ], [ 135.333498853179236, 34.275637957474075 ], [ 135.333808564537662, 34.275407338658354 ], [ 135.334139006897686, 34.273878133481823 ], [ 135.334779318035658, 34.273434332130726 ], [ 135.334728158679837, 34.272823938457286 ], [ 135.335069453231199, 34.272578840057498 ], [ 135.335262490078577, 34.272062886869811 ], [ 135.335865792373426, 34.271874427323787 ], [ 135.336044234894018, 34.271487714168678 ], [ 135.334998984000293, 34.271240174930149 ], [ 135.334971993527546, 34.270814736209466 ], [ 135.33401789650685, 34.270420480489271 ], [ 135.333364264812985, 34.27119046699945 ], [ 135.331807625104801, 34.273745602405178 ], [ 135.331057174823513, 34.274291061996038 ], [ 135.330801233778942, 34.27476511108901 ], [ 135.330823009691613, 34.275332379658025 ], [ 135.331250184096518, 34.27659057499578 ], [ 135.330354974671621, 34.276468918650863 ], [ 135.330289390495636, 34.277267867559132 ], [ 135.329819616305713, 34.277201773367821 ], [ 135.329812198277608, 34.276986762845297 ], [ 135.32950967405435, 34.277057661839116 ], [ 135.329192585237962, 34.276883787197292 ], [ 135.329048906543903, 34.2763102185774 ], [ 135.328701316537064, 34.276260001824646 ], [ 135.328836223166547, 34.276992425464606 ], [ 135.329136312495649, 34.277443021972999 ], [ 135.328948226230494, 34.278281166502325 ], [ 135.328663543571423, 34.278685459353596 ], [ 135.328218446796569, 34.278775297349512 ], [ 135.327893790287277, 34.279554366932118 ], [ 135.327529950254473, 34.279743114477085 ], [ 135.327574239932574, 34.280202593872986 ], [ 135.327125152053014, 34.280275642401826 ], [ 135.327171857498882, 34.281391872702791 ], [ 135.326943634420246, 34.282146954674062 ], [ 135.32657737891202, 34.282562910698054 ], [ 135.326604928638659, 34.283755950344975 ], [ 135.328182293720232, 34.282866958586375 ], [ 135.328654198943354, 34.283133809922447 ], [ 135.328873112404466, 34.284017275133372 ], [ 135.329445538384959, 34.284690660245161 ], [ 135.33227908797943, 34.286529090011776 ], [ 135.332475256767424, 34.287009806408115 ], [ 135.333284090766028, 34.287381996061512 ], [ 135.334364525031134, 34.286588299439124 ], [ 135.334033122632235, 34.286011330865371 ], [ 135.334083045364054, 34.284556271537141 ], [ 135.333555282453318, 34.284030500280146 ] ] ] } },
{ "type": "Feature", "properties": { "CITY_NAME": "岩出市", "S_NAME": "大字新田広芝", "JINKO": 1773, "medical_area": "30_那賀医療圏", "町丁目名": "岩出市大字新田広芝" }, "geometry": { "type": "Polygon", "coordinates": [ [ [ 135.330289390495636, 34.277267867559132 ], [ 135.330354974671621, 34.276468918650863 ], [ 135.331250184096518, 34.27659057499578 ], [ 135.330805865554481, 34.27517746778301 ], [ 135.330801233778942, 34.27476511108901 ], [ 135.331057174823513, 34.274291061996038 ], [ 135.331807625104801, 34.273745602405178 ], [ 135.333364264812985, 34.27119046699945 ], [ 135.33401789650685, 34.270420480489271 ], [ 135.333187368294006, 34.27021087007423 ], [ 135.333099624580541, 34.269809472685331 ], [ 135.333342598298117, 34.269254205333546 ], [ 135.33288510505983, 34.269282434125934 ], [ 135.332262717356002, 34.268967870502841 ], [ 135.329497341764238, 34.269031432018387 ], [ 135.328587978613882, 34.26875825188511 ], [ 135.328432083181923, 34.26895757953875 ], [ 135.327993068836491, 34.268971241449378 ], [ 135.327826195985381, 34.269334622143433 ], [ 135.328403976759176, 34.269457940913789 ], [ 135.328194661441586, 34.271492392636851 ], [ 135.328268369904265, 34.272467627167721 ], [ 135.328976202935905, 34.27265913346092 ], [ 135.328463984578462, 34.272979214595111 ], [ 135.328207369286304, 34.272868637704612 ], [ 135.328499443025123, 34.275793037435506 ], [ 135.328701316537064, 34.276260001824646 ], [ 135.329048906543903, 34.2763102185774 ], [ 135.329192585237962, 34.276883787197292 ], [ 135.32950967405435, 34.277057661839116 ], [ 135.329812198277608, 34.276986762845297 ], [ 135.329819616305713, 34.277201773367821 ], [ 135.330289390495636, 34.277267867559132 ] ] ] } },
{ "type": "Feature", "properties": { "CITY_NAME": "岩出市", "S_NAME": "大字西国分", "JINKO": 2570, "medical_area": "30_那賀医療圏", "町丁目名": "岩出市大字西国分" }, "geometry": { "type": "Polygon", "coordinates": [ [ [ 135.336170128630897, 34.271440358270759 ], [ 135.336559860736259, 34.271265250764976 ], [ 135.336857465743634, 34.270796207380577 ], [ 135.338082384611539, 34.270808037031252 ], [ 135.338184165896109, 34.270594320280985 ], [ 135.338660406081317, 34.270574068114392 ], [ 135.338555295077697, 34.270241890026121 ], [ 135.338165979248544, 34.269914376534452 ], [ 135.33828253364976, 34.269889085212505 ], [ 135.338230489175089, 34.264169000378899 ], [ 135.337840844543592, 34.263056261469721 ], [ 135.337449731774939, 34.262430928030071 ], [ 135.336636402350535, 34.261916001218118 ], [ 135.334563172207936, 34.261892632341826 ], [ 135.334826640296342, 34.262499951255116 ], [ 135.333882353247475, 34.262521608280153 ], [ 135.333740826285492, 34.262779061903551 ], [ 135.333809709806872, 34.263572263497622 ], [ 135.329271976568776, 34.263357869469189 ], [ 135.327850814755607, 34.263437458734032 ], [ 135.327914150735666, 34.264916672592996 ], [ 135.3270342939974, 34.264929614530445 ], [ 135.327052192598842, 34.265378246531192 ], [ 135.327901651050468, 34.265390777422731 ], [ 135.327947434352239, 34.266212025844062 ], [ 135.326935613202721, 34.266090417489004 ], [ 135.32663204981921, 34.266963566728109 ], [ 135.328014828443571, 34.267143413881762 ], [ 135.328587978613882, 34.26875825188511 ], [ 135.329497341764238, 34.269031432018387 ], [ 135.332262717356002, 34.268967870502841 ], [ 135.33288510505983, 34.269282434125934 ], [ 135.333342598298117, 34.269254205333546 ], [ 135.333099624580541, 34.269809472685331 ], [ 135.333187368294006, 34.27021087007423 ], [ 135.334853454117962, 34.270719709184476 ], [ 135.335033291308235, 34.270965942407209 ], [ 135.334998984000293, 34.271240174930149 ], [ 135.336170128630897, 34.271440358270759 ] ] ] } },
{ "type": "Feature", "properties": { "CITY_NAME": "岩出市", "S_NAME": "大字紀泉台", "JINKO": 1836, "medical_area": "30_那賀医療圏", "町丁目名": "岩出市大字紀泉台" }, "geometry": { "type": "Polygon", "coordinates": [ [ [ 135.295150898710062, 34.285865300178045 ], [ 135.295191977057755, 34.28469547792195 ], [ 135.295018170238677, 34.284438943267979 ], [ 135.294376683412395, 34.284175074281968 ], [ 135.294698403632708, 34.283154212816129 ], [ 135.294320264652526, 34.282864246179912 ], [ 135.29443094774706, 34.282676117428622 ], [ 135.294977612897242, 34.282668408516152 ], [ 135.294978472734641, 34.282115924474809 ], [ 135.295418962295059, 34.281713171649692 ], [ 135.294025104648114, 34.280878550923383 ], [ 135.293569345002936, 34.280440083451708 ], [ 135.293087886491151, 34.280464501354189 ], [ 135.292352139318695, 34.280814410412518 ], [ 135.291627457721063, 34.280834183118408 ], [ 135.289497449040567, 34.280174453659946 ], [ 135.289503514928299, 34.27961749451439 ], [ 135.288464156902478, 34.279256774678032 ], [ 135.286988961808049, 34.279298937937014 ], [ 135.286856185643558, 34.27947974729161 ], [ 135.287019926988961, 34.279834416965862 ], [ 135.287661757982704, 34.279944635405201 ], [ 135.287843237056563, 34.280466054866253 ], [ 135.288583333546654, 34.280848714381513 ], [ 135.288664703542992, 34.281784410854158 ], [ 135.286865400623583, 34.281920623807935 ], [ 135.286926928046626, 34.282554887787292 ], [ 135.288778155767659, 34.282450952632438 ], [ 135.288920769618045, 34.283753402238744 ], [ 135.289061129949346, 34.283923397704548 ], [ 135.289638563314412, 34.284199178890674 ], [ 135.290513548527116, 34.28420423656695 ], [ 135.290490262610376, 34.285684066411747 ], [ 135.288291981692026, 34.285644157151808 ], [ 135.288937326128007, 34.28652973168532 ], [ 135.287541212474395, 34.288724100371525 ], [ 135.287797332912646, 34.289180728005775 ], [ 135.287668542322848, 34.290946175056895 ], [ 135.287788526428614, 34.291633880684032 ], [ 135.2882255287779, 34.29181841497909 ], [ 135.288633765480995, 34.291699493899081 ], [ 135.290516401470256, 34.290700649595642 ], [ 135.291206989782353, 34.290531371139188 ], [ 135.291978010919763, 34.289478470201978 ], [ 135.293908527038013, 34.288388850762637 ], [ 135.294993654134402, 34.28719912403556 ], [ 135.295438636230415, 34.28642155314585 ], [ 135.295420356423932, 34.286109423770746 ], [ 135.295150898710062, 34.285865300178045 ] ] ] } },
{ "type": "Feature", "properties": { "CITY_NAME": "岩出市", "S_NAME": "大字桜台", "JINKO": 1441, "medical_area": "30_那賀医療圏", "町丁目名": "岩出市大字桜台" }, "geometry": { "type": "Polygon", "coordinates": [ [ [ 135.318527496093708, 34.284811640475844 ], [ 135.320373074157771, 34.285026533822474 ], [ 135.320495070233619, 34.284220727077603 ], [ 135.320896701866047, 34.283904718173673 ], [ 135.320621949936964, 34.283133767482482 ], [ 135.320666971838222, 34.282434455233414 ], [ 135.319828596392881, 34.280895323043659 ], [ 135.319426004349111, 34.280725178396089 ], [ 135.318115334539101, 34.280739751493272 ], [ 135.318271446152721, 34.280261094174165 ], [ 135.317926363934305, 34.279751343962914 ], [ 135.318007955799828, 34.278749221088788 ], [ 135.317585279717264, 34.278419916839802 ], [ 135.317907647651595, 34.278100010433867 ], [ 135.317840713178896, 34.277576676137549 ], [ 135.317440275622403, 34.277683765552297 ], [ 135.317201242752702, 34.278170697000988 ], [ 135.316987166932478, 34.278245860708587 ], [ 135.317224709070956, 34.278885322924616 ], [ 135.316230876701326, 34.278958124563616 ], [ 135.315662337714372, 34.27923473125955 ], [ 135.315473209772023, 34.278448324030649 ], [ 135.314856644731265, 34.277719123127774 ], [ 135.313037015596052, 34.277934786693258 ], [ 135.312328709821372, 34.278266663600228 ], [ 135.312215027991527, 34.278986018181691 ], [ 135.31245025089865, 34.279442064362009 ], [ 135.313953374222393, 34.280155658023808 ], [ 135.313771425443633, 34.280479631371271 ], [ 135.312780235862164, 34.280224192300359 ], [ 135.312956402408958, 34.280665396400259 ], [ 135.312723312168544, 34.280808627820186 ], [ 135.313965647027061, 34.284044741663543 ], [ 135.315898255548802, 34.284248497009365 ], [ 135.316205889120909, 34.284552515943844 ], [ 135.318160995817578, 34.284277823127375 ], [ 135.318527496093708, 34.284811640475844 ] ] ] } },
{ "type": "Feature", "properties": { "CITY_NAME": "岩出市", "S_NAME": "大字北大池", "JINKO": 0, "medical_area": "30_那賀医療圏", "町丁目名": "岩出市大字北大池" }, "geometry": { "type": "Polygon", "coordinates": [ [ [ 135.332995300539864, 34.298086742966625 ], [ 135.334352355585253, 34.296117183492179 ], [ 135.334837014975619, 34.294148968423961 ], [ 135.33419144104252, 34.293904458545626 ], [ 135.333984525727146, 34.293513989215931 ], [ 135.33378962162783, 34.292934965785676 ], [ 135.333771116513589, 34.291282095008185 ], [ 135.333186263031251, 34.290889717284436 ], [ 135.333347605598249, 34.289955245788121 ], [ 135.332909241119495, 34.287855524228718 ], [ 135.333284090766028, 34.287381996061541 ], [ 135.332475256767424, 34.287009806408122 ], [ 135.33227908797943, 34.286529090011769 ], [ 135.329445538384931, 34.284690660245175 ], [ 135.328873112404466, 34.284017275133351 ], [ 135.328654198943354, 34.283133809922433 ], [ 135.328182293720232, 34.282866958586368 ], [ 135.326604928638659, 34.283755950344975 ], [ 135.326577378911992, 34.282562910698054 ], [ 135.326943634420246, 34.282146954674083 ], [ 135.327157833883518, 34.281293467956445 ], [ 135.325720286432698, 34.281371660897783 ], [ 135.325553736848946, 34.280891084479201 ], [ 135.324559125813721, 34.280227757702839 ], [ 135.324381094275708, 34.279799519745744 ], [ 135.323984084671309, 34.279428397488083 ], [ 135.323268964301576, 34.279012416446321 ], [ 135.322144156793286, 34.278889437063768 ], [ 135.322002632492598, 34.279451293050059 ], [ 135.322480096195079, 34.279945701669185 ], [ 135.322317472729083, 34.28036600745196 ], [ 135.322325331739421, 34.281239163574725 ], [ 135.322803350335676, 34.281666099501948 ], [ 135.323410336213044, 34.281712409788469 ], [ 135.32344486500358, 34.282026176317885 ], [ 135.323711790342401, 34.281990738072416 ], [ 135.323731318378577, 34.282329073694122 ], [ 135.324281902922735, 34.282947001063036 ], [ 135.32419913184728, 34.283106293221373 ], [ 135.32286424582631, 34.282385718600054 ], [ 135.322721952386956, 34.282581730621253 ], [ 135.323059508180506, 34.282977182199232 ], [ 135.322954546105848, 34.283136350155559 ], [ 135.322213080695008, 34.283199035931915 ], [ 135.321350350937621, 34.282746311909101 ], [ 135.321292662101115, 34.282549338830151 ], [ 135.321827586371001, 34.282349293827615 ], [ 135.321994028157093, 34.281913656470046 ], [ 135.321677519879898, 34.281201783060617 ], [ 135.32061643507285, 34.281441886194074 ], [ 135.320470656049821, 34.281152156494421 ], [ 135.320643842770238, 34.2807964297929 ], [ 135.320576056680551, 34.280473320454675 ], [ 135.319701285610734, 34.280572871095458 ], [ 135.319616314006851, 34.280086819931043 ], [ 135.319401190985843, 34.28012859555303 ], [ 135.319426004349111, 34.280725178396082 ], [ 135.319828596392881, 34.280895323043644 ], [ 135.320666971838222, 34.282434455233393 ], [ 135.320621949936964, 34.283133767482461 ], [ 135.320896701866047, 34.283904718173673 ], [ 135.320495070233676, 34.284220727077603 ], [ 135.320373074157771, 34.285026533822474 ], [ 135.32155078392509, 34.285178975934933 ], [ 135.322234205976685, 34.285091319583699 ], [ 135.323167659273082, 34.285257619763492 ], [ 135.323260684920228, 34.285445628524165 ], [ 135.32346965018229, 34.285252802117888 ], [ 135.32352484738351, 34.285571330958028 ], [ 135.324324334760064, 34.286077087191465 ], [ 135.32479088988768, 34.286179951123664 ], [ 135.325280266062009, 34.28606050361293 ], [ 135.325392063934515, 34.286198466845732 ], [ 135.32502744943173, 34.286479752763803 ], [ 135.326605645879027, 34.286802266221869 ], [ 135.326983361126821, 34.287145657294367 ], [ 135.327947967651227, 34.287309691701708 ], [ 135.328070817854126, 34.287900313312058 ], [ 135.328454033404086, 34.288412907847444 ], [ 135.329274693536263, 34.288341741667118 ], [ 135.330009570103982, 34.288746653802448 ], [ 135.331010280811029, 34.290684499762001 ], [ 135.330203473549147, 34.293028489910419 ], [ 135.330946128721081, 34.296839136224293 ], [ 135.331399013067823, 34.297289260561527 ], [ 135.331889329865959, 34.297298255875006 ], [ 135.332230387738292, 34.298057673209165 ], [ 135.332995300539864, 34.298086742966625 ] ] ] } },
{ "type": "Feature", "properties": { "CITY_NAME": "岩出市", "S_NAME": "大字尼ケ辻", "JINKO": 128, "medical_area": "30_那賀医療圏", "町丁目名": "岩出市大字尼ケ辻" }, "geometry": { "type": "Polygon", "coordinates": [ [ [ 135.30425099380804, 34.275315461486549 ], [ 135.303887877029723, 34.27529917771848 ], [ 135.30385092329999, 34.274964400194911 ], [ 135.304567256604997, 34.274817724161359 ], [ 135.30456316316733, 34.274629216371132 ], [ 135.304881852151482, 34.274522690407842 ], [ 135.304241067985089, 34.274452995145367 ], [ 135.303226475396144, 34.27368710913413 ], [ 135.302762381545307, 34.273890148196621 ], [ 135.303167753390824, 34.275214940194886 ], [ 135.303076414983167, 34.275968503034086 ], [ 135.302916194235195, 34.276127763467628 ], [ 135.303178625296312, 34.276652163302124 ], [ 135.303372288584853, 34.276568457060264 ], [ 135.303232797367485, 34.276275642392228 ], [ 135.303371374870807, 34.275993700096919 ], [ 135.304061005699083, 34.27564416428114 ], [ 135.30425099380804, 34.275315461486549 ] ] ] } }
]
}
